LocationID,ACCESS2,ARTHRITIS,BPHIGH,BPMED,CANCER,CASTHMA,CHD,CHECKUP,CHOLSCREEN,COLON_SCREEN,COPD,DENTAL,DEPRESSION,DIABETES,HIGHCHOL,LACKTRPT,MAMMOUSE,OBESITY,STROKE,TEETHLOST
11001000101,3.1,15.6,21.3,70.1,7.8,8.7,3.0,74.9,91.9,74.4,2.4,80.9,22.0,4.6,33.2,3.2,79.0,17.7,1.7,4.3
11001000102,3.3,20.0,26.1,75.4,10.2,8.7,4.1,77.8,93.0,76.2,3.2,81.3,21.3,5.9,38.0,3.2,75.3,18.2,2.2,2.5
11001000201,12.1,6.0,15.6,22.3,0.9,13.6,1.7,66.0,58.9,63.9,5.3,48.1,37.1,2.7,17.0,32.1,63.2,24.3,1.2,29.0
11001000202,4.1,14.7,20.3,68.5,6.5,9.5,3.2,73.1,87.1,74.4,3.2,77.1,24.4,4.8,30.2,5.2,74.5,17.3,1.8,5.5
11001000300,4.0,13.4,18.7,65.3,6.0,9.2,2.5,72.7,89.3,69.9,2.5,77.1,23.8,4.1,29.7,4.3,76.0,17.8,1.5,7.8
11001000400,4.8,21.3,28.7,76.1,9.7,9.0,4.9,77.6,91.7,75.8,4.3,80.0,21.3,7.5,39.2,4.6,76.9,20.0,2.7,3.1
11001000501,3.8,13.5,19.4,66.0,6.1,9.1,2.6,73.1,90.2,74.2,2.4,79.2,23.7,4.3,30.0,4.2,78.0,18.5,1.5,4.0
11001000502,3.7,17.7,23.8,72.5,8.5,9.0,3.5,76.1,92.1,76.1,3.0,77.5,22.4,5.5,35.4,3.7,78.8,18.6,2.0,2.6
11001000600,3.6,19.6,25.6,74.7,9.6,9.1,3.9,77.7,92.8,74.3,3.3,78.7,21.6,5.9,37.4,3.6,78.6,18.4,2.2,3.8
11001000702,4.7,13.0,19.3,63.0,5.2,9.3,2.5,72.1,88.8,72.3,2.6,78.1,23.8,4.5,29.1,5.3,77.3,19.7,1.5,3.4
11001000703,3.7,26.0,32.5,81.8,14.1,8.5,5.7,82.5,94.9,79.4,3.9,83.6,18.3,7.4,42.9,3.0,80.1,17.3,3.0,4.9
11001000704,3.9,16.4,22.5,71.4,7.3,9.2,3.1,75.8,91.4,73.0,2.7,77.9,22.2,5.5,33.5,4.2,77.1,18.8,1.9,4.3
11001000802,4.3,17.2,23.9,71.4,7.6,9.1,3.5,75.5,91.1,70.5,3.3,77.7,21.8,5.8,34.9,4.5,77.5,19.1,2.0,4.0
11001000803,3.7,19.2,25.0,76.0,8.9,9.5,4.2,77.1,89.6,73.9,3.6,77.5,22.9,6.3,34.7,4.8,77.7,17.6,2.4,5.5
11001000804,3.2,18.1,24.0,74.3,8.8,9.1,3.7,77.1,91.2,74.1,3.1,78.8,21.6,5.6,35.4,3.8,76.7,17.2,2.1,4.1
11001000902,3.2,20.9,26.9,75.5,10.3,9.0,4.1,78.7,93.6,74.4,3.5,82.1,21.0,6.2,39.1,3.3,77.5,18.7,2.3,4.6
11001000903,5.0,7.6,12.0,51.7,2.9,10.2,1.6,69.2,80.9,71.1,2.0,72.2,26.5,2.5,20.2,7.6,74.0,14.4,1.0,8.3
11001000904,2.6,24.1,31.0,79.7,12.8,8.6,5.2,81.6,94.8,75.8,3.6,82.3,19.3,7.0,42.3,2.8,77.0,18.1,2.7,3.2
11001001002,3.6,14.6,20.5,67.3,6.2,9.4,2.7,74.2,89.7,70.1,2.7,76.2,23.5,4.7,30.6,4.7,76.7,18.8,1.7,3.6
11001001003,3.1,21.7,28.1,76.1,10.6,9.0,4.4,79.1,93.7,73.9,3.7,82.6,21.2,6.6,40.0,3.4,78.1,19.4,2.4,5.0
11001001004,3.7,20.1,26.6,75.0,9.1,9.3,4.3,77.5,91.6,72.8,3.8,78.2,22.2,6.6,36.9,4.3,77.1,19.2,2.4,5.8
11001001100,3.3,22.0,28.8,77.7,10.4,9.1,4.6,79.5,93.3,73.0,3.7,79.8,20.8,7.0,39.4,3.7,77.9,18.8,2.6,3.9
11001001200,3.5,17.7,24.0,72.4,8.2,9.1,3.5,76.5,91.8,74.0,3.0,80.6,22.0,5.6,35.0,4.0,77.6,19.0,2.0,3.0
11001001301,3.8,18.8,26.2,74.3,8.6,9.2,4.0,77.4,92.0,73.3,3.3,78.5,21.1,6.4,35.9,4.4,78.3,19.5,2.3,3.2
11001001303,4.4,18.1,24.9,72.7,8.1,9.3,3.8,75.8,90.8,74.5,3.4,75.4,22.4,6.0,34.4,4.8,77.3,19.6,2.2,5.0
11001001304,3.5,14.6,19.7,67.8,7.0,9.0,2.6,74.1,91.5,76.1,2.3,81.1,23.1,4.2,31.3,3.6,78.3,18.0,1.5,2.9
11001001401,3.0,19.4,25.9,74.6,9.5,8.9,3.8,78.3,93.5,74.7,3.0,82.2,20.7,6.0,37.7,3.4,78.7,18.6,2.1,2.4
11001001402,3.3,22.2,30.0,78.9,11.0,8.6,4.7,80.2,94.1,74.9,3.4,80.9,19.0,7.0,39.7,3.3,79.8,18.4,2.7,3.4
11001001500,3.8,23.6,30.7,78.7,11.7,9.0,4.9,80.6,94.3,69.7,4.1,82.7,19.7,7.2,41.4,3.4,75.2,18.8,2.9,2.8
11001001600,4.0,23.7,37.3,81.3,8.7,9.9,5.0,82.9,94.7,76.5,3.8,78.7,16.9,9.9,39.8,5.1,80.3,23.3,3.6,4.2
11001001702,5.1,17.7,28.1,74.0,6.3,9.9,3.4,77.6,92.3,73.7,3.1,73.5,20.0,7.1,33.8,5.6,80.3,22.6,2.5,10.9
11001001803,14.6,21.5,37.4,74.5,4.7,11.2,5.4,76.5,88.0,64.8,6.5,61.1,20.3,13.2,36.1,14.9,76.5,33.3,4.5,18.4
11001001804,12.3,21.8,37.0,75.9,5.2,11.0,5.4,77.8,89.2,62.7,6.0,57.9,19.8,12.7,36.3,13.0,76.1,31.5,4.4,16.3
11001001901,7.4,20.8,34.1,76.6,5.9,10.6,4.5,78.5,91.4,69.3,4.4,65.1,19.5,10.2,35.7,8.5,78.0,27.1,3.6,12.9
11001001902,5.7,21.8,36.3,78.6,6.5,10.4,4.6,80.6,92.8,72.9,4.2,69.6,18.2,10.5,37.1,7.2,79.5,26.5,3.7,10.5
11001002001,17.6,23.6,37.5,75.6,6.0,11.1,6.9,75.5,87.0,61.1,8.4,54.7,21.5,14.0,39.4,15.0,70.6,30.7,5.1,25.2
11001002002,6.5,18.7,30.9,75.3,6.0,9.7,3.9,77.8,91.9,72.9,3.5,73.7,18.9,8.6,34.9,6.6,80.2,24.8,2.9,6.2
11001002101,9.0,16.9,29.3,71.8,4.8,10.0,3.6,76.0,90.3,69.6,3.6,67.1,19.4,8.6,33.2,8.5,74.6,26.4,2.8,10.6
11001002102,7.0,18.5,31.4,74.5,5.4,10.4,3.8,77.8,91.4,70.4,3.6,64.0,19.1,8.8,33.7,7.8,75.4,26.1,3.1,14.1
11001002201,7.5,17.7,30.0,73.9,5.4,10.0,3.7,76.6,90.8,70.5,3.6,66.8,19.1,8.3,33.8,7.3,81.7,24.5,2.9,13.8
11001002202,9.8,17.0,29.8,71.5,4.6,10.2,3.6,75.4,89.3,68.8,3.9,65.2,19.7,8.8,32.8,9.4,76.1,27.1,3.0,10.6
11001002301,6.4,17.3,29.2,72.8,5.2,10.0,3.5,76.2,90.5,71.9,3.5,70.2,20.3,8.1,32.9,7.3,78.0,25.0,2.8,16.3
11001002302,6.7,26.4,41.2,82.4,12.2,9.1,9.4,82.5,93.0,74.3,5.6,70.9,16.1,10.7,41.1,6.7,79.6,21.7,5.1,6.4
11001002400,7.8,15.1,25.8,69.2,4.5,10.1,3.1,73.5,88.7,69.8,3.4,69.3,21.7,7.0,31.0,7.7,79.6,24.2,2.4,9.5
11001002501,6.1,17.8,29.3,74.6,6.0,9.5,3.6,77.3,92.0,73.1,3.1,74.4,19.0,8.0,34.6,5.9,79.9,23.7,2.7,5.2
11001002503,6.4,12.1,21.3,64.6,4.0,9.4,2.3,72.4,89.2,71.1,2.3,73.7,21.2,5.2,28.2,6.2,80.3,21.9,1.7,5.4
11001002504,9.6,14.0,23.9,66.8,4.4,9.3,3.0,72.6,88.4,66.8,3.2,69.0,21.1,6.9,31.2,7.8,77.3,23.8,2.2,8.8
11001002600,4.8,20.2,31.3,77.2,7.8,9.3,4.2,79.2,93.3,73.6,3.5,76.2,18.4,8.3,37.9,4.9,79.2,22.0,2.9,4.6
11001002702,6.8,13.7,21.1,66.4,5.3,9.0,2.8,72.4,89.7,69.4,2.8,74.9,22.1,5.4,31.2,5.4,77.8,20.5,1.8,7.7
11001002703,5.5,13.0,20.3,66.3,5.4,8.7,2.6,72.7,90.4,65.9,2.2,74.4,21.3,5.0,30.4,4.6,78.8,19.2,1.6,6.2
11001002704,7.5,13.1,21.3,65.3,4.7,9.0,2.7,72.0,89.0,66.0,2.7,70.5,21.2,5.7,30.5,6.2,77.4,21.5,1.8,7.0
11001002801,9.7,13.4,23.9,66.0,3.8,9.8,3.0,71.9,87.1,67.8,3.3,67.3,21.9,6.9,29.9,8.8,76.9,24.3,2.2,15.9
11001002802,12.7,15.3,26.5,66.8,4.1,10.0,4.0,71.6,85.1,61.8,4.6,61.5,23.1,8.7,32.1,11.7,72.2,26.6,2.8,13.9
11001002900,8.6,12.6,21.9,63.2,3.8,9.5,2.7,70.8,86.7,65.5,3.1,70.3,23.2,6.1,29.0,8.0,78.2,23.6,1.9,8.6
11001003000,8.8,14.1,24.3,64.5,3.9,10.5,3.1,71.4,85.1,66.3,4.0,65.3,24.2,6.7,28.9,10.1,74.2,25.1,2.4,12.1
11001003100,5.9,10.2,17.8,60.4,3.6,9.0,1.8,70.9,89.0,70.5,1.8,73.2,21.6,4.1,26.3,5.3,79.6,19.9,1.3,6.8
11001003200,10.7,15.2,25.9,67.3,4.2,10.4,3.4,72.1,86.0,66.5,4.2,66.6,22.7,7.6,30.7,10.2,76.0,25.1,2.7,14.3
11001003301,3.9,12.0,20.8,64.9,4.3,9.3,2.1,73.0,90.3,69.3,2.0,74.8,21.6,4.7,28.1,4.8,82.5,20.8,1.6,3.3
11001003302,4.5,11.4,19.8,62.3,3.9,9.5,2.0,71.8,89.2,70.0,2.1,74.5,22.6,4.4,27.1,5.3,81.0,21.0,1.5,4.4
11001003400,6.5,8.9,16.8,54.4,2.3,11.5,1.8,70.7,81.4,68.4,2.6,69.2,26.6,4.0,21.5,11.0,78.9,20.3,1.5,11.1
11001003500,5.5,8.5,16.0,55.8,2.6,10.3,1.6,70.4,84.9,67.6,2.0,74.3,24.3,3.6,22.3,7.5,79.4,19.0,1.3,10.9
11001003600,5.7,12.5,21.6,66.4,4.2,9.5,2.5,72.2,88.6,71.9,2.5,71.4,22.5,5.4,28.4,6.0,79.4,21.4,1.8,6.8
11001003701,6.2,10.6,17.9,59.7,3.7,9.2,1.9,70.3,88.4,67.0,2.1,71.7,23.0,4.3,26.9,5.7,78.8,20.5,1.4,5.9
11001003702,8.7,14.1,25.3,64.2,3.7,10.4,3.1,72.4,85.7,59.5,3.9,60.7,23.9,7.2,29.1,10.8,72.6,27.2,2.4,18.4
11001003801,3.2,10.6,16.8,61.6,4.8,8.7,1.8,71.9,91.0,72.6,1.6,80.4,22.5,3.5,27.6,3.4,80.9,18.0,1.1,2.7
11001003802,5.3,12.3,20.4,64.9,4.5,9.0,2.4,72.0,89.3,70.9,2.4,74.9,22.5,5.1,29.3,5.3,79.5,20.7,1.6,4.6
11001003901,3.8,10.1,16.4,60.7,4.2,8.9,1.8,71.1,90.0,74.7,1.6,80.0,23.4,3.6,26.5,4.0,81.2,18.2,1.2,2.5
11001003902,4.5,14.1,20.4,66.1,6.1,9.1,2.6,72.9,90.5,71.5,2.6,78.9,23.3,4.6,31.0,4.3,79.7,19.6,1.6,3.9
11001004001,3.4,13.8,19.4,66.5,6.6,8.9,2.6,73.2,91.0,74.9,2.2,81.0,23.5,4.1,30.6,3.6,79.2,18.3,1.5,2.7
11001004002,3.4,11.5,17.4,62.3,5.3,8.8,2.1,71.6,90.2,71.9,1.9,75.9,23.3,3.6,28.4,3.6,79.5,17.9,1.3,2.8
11001004100,3.6,18.8,25.9,74.4,9.0,8.7,4.1,76.7,91.8,75.6,3.3,78.0,21.6,6.3,36.9,3.8,77.8,18.8,2.2,3.2
11001004201,4.2,10.0,15.9,57.6,4.2,9.0,1.9,69.7,88.4,71.2,2.0,78.4,24.6,3.3,26.2,4.4,77.1,18.1,1.1,3.2
11001004202,3.9,11.4,17.5,61.0,5.0,9.0,2.3,71.0,88.7,74.0,2.2,76.4,24.6,3.8,27.6,4.5,77.0,18.6,1.3,5.1
11001004300,4.0,11.8,19.0,64.8,4.7,9.0,2.2,71.9,89.9,73.5,2.0,76.7,22.7,4.2,27.9,4.3,79.7,19.0,1.5,4.4
11001004401,3.4,9.4,15.8,57.0,3.9,8.5,1.6,70.4,90.0,69.1,1.5,80.4,22.4,3.2,26.4,3.7,80.3,17.9,1.0,2.7
11001004402,4.6,10.6,18.2,59.6,4.0,9.1,2.0,70.4,88.5,69.2,2.1,74.1,23.3,4.0,26.8,5.1,79.1,20.0,1.3,7.2
11001004600,5.6,13.4,23.6,67.4,4.2,9.7,2.6,73.1,88.8,73.4,2.7,70.4,21.5,5.8,29.0,6.4,81.3,22.3,2.0,7.7
11001004702,4.5,8.6,15.2,54.3,3.1,9.2,1.5,69.3,87.8,70.7,1.7,74.8,23.8,3.1,24.1,5.0,79.2,18.8,1.1,5.9
11001004703,8.9,13.8,23.9,62.8,3.6,10.6,3.3,70.5,83.3,67.3,4.5,62.9,26.3,7.0,29.0,11.4,77.4,25.1,2.4,14.4
11001004704,19.5,28.1,49.2,73.9,4.1,15.3,9.5,77.3,78.5,59.0,17.0,41.4,26.6,21.6,37.7,37.7,68.2,45.1,8.9,28.1
11001004801,5.5,13.3,23.3,67.1,4.5,9.3,2.9,71.9,88.1,73.4,2.9,71.4,22.4,5.9,29.5,6.1,76.9,21.7,2.1,7.6
11001004802,5.4,14.5,24.6,70.2,4.6,9.7,2.7,74.4,89.9,69.2,2.8,66.9,20.7,6.4,30.7,6.1,78.3,21.9,2.2,6.8
11001004901,6.5,13.6,23.1,64.6,4.2,10.0,2.8,71.5,86.9,71.1,3.3,71.5,24.0,5.9,28.9,7.7,75.4,23.8,2.1,6.7
11001004902,4.5,10.5,18.1,59.4,3.7,9.2,1.8,71.4,89.3,66.6,1.9,75.8,22.9,4.1,26.8,5.2,79.8,20.8,1.3,3.4
11001005001,3.3,10.6,17.1,61.2,4.7,8.6,1.9,71.0,90.3,70.5,1.7,79.9,22.4,3.5,27.7,3.5,79.8,17.9,1.2,4.3
11001005003,4.9,12.0,19.2,62.2,4.1,9.8,2.1,71.5,88.3,70.7,2.5,76.4,24.2,4.5,27.8,5.8,78.2,20.9,1.5,6.4
11001005004,10.2,14.9,25.3,67.8,4.4,9.7,3.7,71.3,86.0,66.6,4.2,63.3,23.1,7.7,31.7,9.2,75.0,24.3,2.6,14.4
11001005202,3.7,12.6,20.0,64.6,5.5,8.5,2.4,72.4,90.7,71.3,2.2,78.2,22.0,4.4,30.4,3.9,78.9,19.2,1.5,5.4
11001005203,4.6,10.0,17.0,59.5,3.9,8.8,2.0,70.1,88.3,69.6,2.0,76.2,23.4,3.8,26.5,4.8,76.8,18.7,1.3,5.0
11001005302,3.4,11.2,17.3,61.6,5.2,8.6,2.2,71.3,90.1,73.0,1.9,79.8,23.1,3.6,28.4,3.6,78.2,17.9,1.2,4.8
11001005303,3.6,11.8,19.0,63.9,5.1,8.7,2.3,72.3,89.9,72.4,2.1,75.6,22.5,4.2,29.0,4.2,77.1,18.8,1.4,3.2
11001005501,3.7,12.2,17.9,64.6,5.5,8.8,2.4,72.3,89.3,73.8,2.2,80.5,22.9,4.0,29.0,4.1,78.5,17.0,1.4,4.3
11001005502,4.1,13.7,20.9,68.1,5.9,8.9,3.0,72.8,89.5,76.3,2.5,77.1,22.9,4.8,30.2,4.4,78.3,18.7,1.8,4.3
11001005503,4.6,15.6,22.5,67.8,6.2,9.5,3.5,73.1,87.3,67.8,3.7,68.8,25.0,5.8,32.0,6.1,71.6,20.1,2.0,8.8
11001005601,4.8,9.6,15.8,57.1,3.7,9.1,2.1,69.8,84.3,70.9,2.3,70.5,24.5,3.6,24.9,6.3,74.7,17.0,1.3,6.6
11001005602,4.3,16.6,23.4,73.9,7.6,8.9,4.1,74.9,87.8,77.3,3.3,76.7,21.7,5.9,32.4,5.2,74.6,16.4,2.3,7.5
11001005801,5.2,15.7,24.2,70.2,5.8,8.7,3.5,74.1,89.4,68.1,3.5,69.3,21.7,6.9,34.8,5.6,71.9,19.1,2.2,9.3
11001005802,3.6,14.7,22.5,67.5,6.0,9.0,2.8,74.3,91.2,69.1,2.6,77.6,22.0,5.3,32.1,4.5,77.4,20.6,1.8,3.4
11001005900,4.7,9.8,17.0,60.9,3.5,9.5,2.0,70.4,86.2,74.4,2.1,75.8,24.5,3.9,24.9,5.8,78.2,18.2,1.3,11.4
11001006400,9.4,21.0,35.7,72.9,4.6,12.4,4.9,76.5,86.2,65.5,6.9,50.6,23.8,11.7,33.8,15.2,76.2,32.3,4.3,18.8
11001006500,3.8,16.4,23.1,69.3,7.2,9.3,3.4,74.1,90.1,71.3,3.2,74.7,24.2,5.4,33.0,4.6,74.2,20.2,1.9,7.3
11001006600,3.2,16.4,22.1,70.6,8.1,9.1,3.2,75.2,91.8,73.0,2.7,81.3,23.2,4.8,33.2,3.5,78.0,18.4,1.8,4.1
11001006700,2.9,16.0,22.0,70.4,7.8,9.0,2.9,75.5,92.5,74.4,2.4,81.9,22.3,4.7,33.4,3.2,78.7,18.3,1.7,2.8
11001006801,4.8,15.5,25.5,68.9,5.0,10.1,2.9,74.5,90.0,70.5,3.2,66.9,22.9,6.4,31.0,6.5,78.3,24.0,2.2,11.3
11001006802,4.0,15.4,24.2,69.2,5.6,9.8,2.8,75.0,91.3,70.9,2.8,76.5,22.6,5.8,31.3,5.2,79.3,22.2,2.0,8.5
11001006804,23.3,16.3,41.9,59.2,2.2,11.2,5.8,68.9,71.3,40.1,10.5,26.3,21.7,13.9,30.6,34.2,58.7,42.8,5.0,51.3
11001006900,2.9,14.8,22.4,69.1,6.1,9.2,2.5,75.2,92.4,71.0,2.2,78.9,21.9,5.0,31.7,3.7,79.7,20.1,1.7,4.4
11001007000,4.5,14.4,20.7,66.8,6.3,9.2,2.8,72.7,89.4,71.7,2.8,79.7,22.9,4.6,30.7,4.6,77.4,19.0,1.7,3.7
11001007100,7.7,17.9,29.4,68.7,4.7,11.3,3.9,74.3,87.1,65.1,5.3,64.0,24.7,8.6,32.3,11.0,75.7,28.2,3.1,12.4
11001007201,3.6,8.0,14.0,50.1,3.2,9.0,1.2,69.2,88.9,66.1,1.4,79.4,23.8,2.5,23.4,4.3,78.7,18.7,0.9,3.0
11001007202,3.5,7.2,12.5,47.1,2.9,9.1,1.1,68.1,88.2,68.9,1.3,79.7,25.2,2.1,22.0,4.1,80.2,17.8,0.8,3.1
11001007203,4.5,10.4,17.6,57.8,3.7,9.4,1.8,70.4,88.0,70.3,2.1,77.5,23.6,3.7,25.7,5.4,79.2,20.3,1.3,5.5
11001007301,5.6,9.4,16.0,51.3,3.1,9.6,1.7,68.5,85.5,60.7,2.2,71.9,24.6,3.4,24.4,6.7,75.6,20.7,1.1,7.3
11001007304,10.0,23.1,41.1,75.5,4.8,12.9,5.8,79.5,87.9,62.2,7.3,47.7,20.9,13.7,34.8,17.1,71.0,34.6,5.3,30.8
11001007401,14.4,26.1,46.4,75.2,4.3,14.5,7.6,78.8,84.6,60.3,11.8,43.3,23.9,18.3,36.8,26.8,66.8,41.4,7.0,24.8
11001007403,15.8,24.4,44.5,71.6,3.7,15.4,6.7,77.6,82.0,53.9,11.9,39.0,25.7,16.8,34.2,31.0,67.2,42.7,6.6,35.8
11001007404,9.2,19.5,35.3,71.2,3.8,13.3,3.9,78.2,87.6,66.6,5.7,56.5,21.8,10.7,31.6,15.9,77.9,33.2,3.9,17.9
11001007406,9.9,19.4,36.7,69.0,3.2,14.2,4.1,78.1,85.6,59.1,6.7,44.4,24.3,11.6,30.2,21.5,67.6,37.8,4.1,20.6
11001007407,9.9,21.1,39.3,72.6,4.0,13.0,5.0,78.6,87.0,63.5,7.0,53.2,22.0,12.9,33.1,18.5,76.8,36.2,4.6,27.1
11001007408,13.8,23.9,44.4,71.7,3.6,14.9,6.5,78.3,82.3,57.4,11.3,37.8,25.3,16.7,33.7,30.5,71.3,43.0,6.3,30.2
11001007409,13.1,23.1,41.5,72.4,3.8,14.6,5.6,78.1,84.7,56.7,9.4,41.8,24.1,14.7,33.8,24.1,71.8,38.8,5.6,44.7
11001007502,9.7,25.6,44.3,78.1,5.2,13.0,6.5,80.8,88.9,67.6,8.1,55.4,20.4,15.5,37.3,16.7,76.5,35.4,5.8,23.5
11001007503,8.9,20.7,37.3,72.8,4.4,12.7,4.7,78.5,88.2,59.7,6.2,47.9,21.5,11.6,33.0,15.4,73.0,33.7,4.3,22.7
11001007504,10.1,22.9,41.5,74.4,4.4,13.2,5.7,79.0,87.4,63.9,7.8,53.7,21.8,14.2,35.0,18.7,74.2,36.6,5.2,26.4
11001007601,9.5,24.2,41.9,76.9,5.3,12.7,6.0,79.9,89.1,67.1,7.5,53.1,20.6,14.1,36.6,15.4,71.0,33.8,5.3,25.0
11001007603,5.1,23.1,39.1,79.2,6.4,11.4,4.7,82.5,93.2,77.1,4.5,71.5,17.8,11.2,36.7,8.4,76.4,28.8,4.0,12.7
11001007604,6.8,25.3,42.8,79.7,6.1,12.0,5.9,82.0,91.8,69.5,6.3,60.6,18.9,13.8,38.0,11.6,76.3,31.9,5.1,22.1
11001007605,8.1,24.5,42.9,77.9,5.3,12.4,5.7,81.0,90.0,67.4,6.8,53.4,19.5,14.2,36.7,14.2,77.5,34.1,5.2,18.4
11001007703,9.9,24.7,42.7,77.4,5.0,13.1,5.9,80.3,88.8,65.6,7.7,48.3,20.8,14.6,36.5,16.5,75.0,35.1,5.5,20.9
11001007707,10.2,24.6,42.6,77.6,5.4,12.7,6.2,80.3,89.2,67.8,7.5,54.6,19.7,14.2,36.7,15.5,72.9,33.4,5.6,27.1
11001007708,8.1,23.2,40.2,76.1,4.9,13.2,5.1,80.6,89.8,68.6,6.4,53.3,20.7,13.0,35.2,14.6,79.0,33.8,4.7,15.1
11001007709,9.2,25.9,44.2,78.6,5.5,12.8,6.3,80.8,90.1,67.8,7.6,51.2,20.0,15.1,38.1,14.8,75.9,34.6,5.7,25.3
11001007803,10.3,23.2,40.9,75.5,4.8,12.8,5.7,79.0,88.3,67.3,7.3,54.3,20.8,13.8,35.7,16.2,73.9,34.3,5.1,20.5
11001007804,10.9,26.3,45.2,77.7,5.3,13.3,7.2,80.5,87.6,59.8,9.3,46.9,21.2,16.5,37.4,19.6,68.3,36.6,6.4,35.1
11001007806,8.1,21.3,37.9,74.9,4.6,12.7,4.5,80.0,90.4,64.8,5.6,59.1,20.5,11.7,34.1,13.6,76.3,33.2,4.1,16.6
11001007807,10.1,23.2,41.4,75.9,4.8,12.5,5.6,79.5,88.4,69.4,7.1,53.2,20.2,13.9,35.5,16.1,78.1,34.7,5.1,19.1
11001007808,10.5,24.2,42.5,76.5,5.0,13.0,6.3,80.1,87.8,66.3,8.0,52.4,20.8,14.8,35.9,17.9,73.3,35.0,5.7,33.8
11001007809,10.2,22.3,39.8,74.9,4.6,12.6,5.2,78.9,88.5,62.8,6.7,49.8,20.4,12.9,34.9,15.5,71.8,33.8,4.8,23.2
11001007901,8.1,18.6,32.5,70.5,4.3,11.9,4.1,76.0,87.1,67.0,5.5,60.0,23.7,9.8,32.0,13.1,75.3,30.7,3.5,9.9
11001007903,7.0,19.8,33.5,74.4,5.3,11.0,4.3,77.2,89.8,72.8,4.8,69.7,21.1,9.8,34.0,9.6,81.2,27.9,3.6,9.0
11001008001,3.3,13.6,21.7,68.0,5.3,9.3,2.3,74.5,91.8,71.5,2.1,78.5,21.9,4.8,30.0,4.1,80.5,20.3,1.7,5.4
11001008002,3.7,15.2,23.3,68.6,5.8,9.6,2.7,74.7,91.5,71.2,2.7,76.8,22.8,5.5,31.6,4.6,79.5,21.5,1.9,5.1
11001008100,3.0,13.2,19.0,65.3,6.2,8.9,2.3,73.4,91.7,71.4,2.0,82.2,22.9,3.9,30.3,3.3,76.6,18.2,1.4,3.9
11001008200,3.3,13.7,19.2,66.6,6.5,9.3,2.6,73.3,90.4,75.6,2.3,80.0,24.1,4.1,30.0,3.8,77.7,18.1,1.5,4.4
11001008301,3.4,11.6,17.7,61.7,4.9,9.2,2.0,71.8,90.0,73.2,2.0,79.7,23.7,3.7,27.8,4.1,79.4,18.7,1.3,3.8
11001008302,3.3,12.8,19.6,66.0,5.4,9.1,2.2,73.0,90.9,72.4,2.1,80.6,23.0,4.2,29.3,3.8,79.2,18.9,1.5,3.9
11001008402,3.6,15.2,23.8,70.9,5.7,9.5,2.7,75.2,91.4,71.6,2.4,75.9,21.8,5.5,31.0,4.5,79.7,21.0,2.0,8.0
11001008410,4.5,12.5,21.3,65.3,4.2,9.7,2.2,73.1,89.7,70.0,2.3,74.3,22.3,4.9,28.2,5.6,81.1,21.2,1.7,3.2
11001008701,4.8,14.1,24.6,68.1,4.2,10.1,2.6,74.4,89.6,73.4,2.7,74.0,21.7,6.2,29.3,6.6,81.5,23.5,2.1,7.8
11001008702,5.0,11.6,21.1,62.8,3.5,9.9,2.0,72.8,89.0,67.8,2.3,74.1,22.0,4.9,26.6,6.5,81.3,22.5,1.6,5.9
11001008802,8.2,17.8,31.0,71.3,4.5,11.1,3.9,75.0,87.5,67.8,4.8,63.3,22.4,9.0,31.8,10.7,77.9,28.0,3.3,16.0
11001008803,7.6,10.9,22.5,60.0,2.6,10.6,2.4,71.1,83.7,64.9,3.1,59.8,23.7,5.8,25.3,10.8,72.6,25.1,1.9,17.5
11001008804,7.9,18.7,33.3,72.8,4.6,11.4,4.2,76.9,88.9,65.5,4.9,60.5,21.4,10.0,32.9,11.4,73.4,29.8,3.5,20.6
11001008903,10.9,20.9,37.3,72.0,4.2,12.7,5.1,76.7,86.0,65.7,7.2,53.0,23.6,12.5,33.4,17.6,76.3,34.7,4.6,16.8
11001008904,7.8,21.4,38.3,75.6,4.8,12.0,4.8,79.4,90.0,71.7,5.6,58.6,20.3,12.1,34.8,12.7,77.4,32.8,4.2,14.5
11001009000,7.2,25.2,41.6,80.7,6.7,11.4,5.6,82.2,92.6,75.8,5.6,67.7,17.7,12.8,38.6,9.5,83.3,29.1,4.8,13.7
11001009102,8.2,20.0,34.8,73.9,4.6,12.1,4.4,78.0,88.6,66.7,5.3,62.9,21.4,10.7,33.1,12.5,76.5,30.2,3.9,19.8
11001009201,6.2,12.1,20.8,62.4,3.6,10.3,2.3,72.1,86.7,67.2,2.8,71.7,24.0,5.2,26.9,7.9,75.9,22.6,1.8,6.5
11001009203,6.9,16.5,28.3,70.5,4.7,10.8,3.3,75.3,89.1,67.9,3.8,66.9,21.5,7.6,31.1,8.5,80.7,25.6,2.8,11.5
11001009204,13.9,22.8,38.6,75.8,5.1,11.7,6.3,77.0,87.0,66.6,7.5,52.4,21.8,13.9,36.2,16.0,73.6,33.1,5.2,22.5
11001009301,5.0,19.1,30.9,74.9,6.3,10.1,3.9,77.8,91.7,72.8,3.7,71.4,20.1,8.3,34.7,6.4,78.1,24.3,3.0,6.9
11001009302,6.6,14.7,25.5,68.5,4.5,10.0,3.0,74.2,88.9,69.9,3.2,66.6,21.3,6.6,30.0,7.5,79.0,24.0,2.3,10.6
11001009400,5.9,21.7,36.0,78.2,6.4,10.7,4.6,80.2,92.4,73.8,4.3,73.4,18.4,10.3,36.8,7.5,78.6,26.3,3.7,7.3
11001009503,5.7,24.4,39.1,80.2,7.4,10.7,5.6,81.1,92.4,73.7,5.2,68.5,18.7,11.6,38.6,7.9,79.6,26.9,4.4,10.9
11001009504,6.5,22.8,36.3,78.7,6.8,10.7,5.2,79.2,90.9,73.8,5.1,69.9,20.3,11.0,36.7,8.5,80.0,26.6,4.2,8.8
11001009505,6.6,21.0,35.4,77.6,6.0,10.7,4.5,79.9,92.1,74.0,4.1,69.2,18.1,10.1,35.5,8.0,80.4,26.7,3.7,9.2
11001009507,7.5,22.8,38.2,78.8,6.2,10.8,5.0,80.6,91.9,68.8,4.8,64.2,17.8,11.5,36.7,9.2,78.7,28.3,4.3,12.8
11001009508,7.4,19.6,33.4,75.9,5.5,10.6,4.4,78.2,90.3,76.2,4.2,68.9,19.2,9.7,33.6,9.0,81.8,26.6,3.6,10.1
11001009509,5.5,20.3,34.0,77.8,6.1,10.4,4.0,80.2,92.6,75.9,3.6,70.0,17.8,9.2,34.9,6.8,82.6,25.4,3.4,6.2
11001009510,15.5,20.7,36.4,73.0,4.3,11.5,5.3,75.6,86.2,62.9,6.8,49.7,21.1,13.0,35.0,16.6,75.9,33.6,4.5,25.2
11001009511,20.3,11.8,26.9,48.2,2.0,12.9,4.2,68.4,66.9,42.0,8.2,35.1,31.7,8.0,24.7,35.3,62.8,34.8,3.0,43.1
11001009601,8.7,22.8,39.8,75.9,4.9,12.8,5.1,79.8,88.9,65.7,6.6,49.8,20.6,12.8,35.1,14.8,72.5,33.2,4.7,27.3
11001009602,14.4,24.7,44.0,73.3,4.0,14.8,6.5,78.5,83.6,61.1,11.2,40.5,24.7,16.6,34.8,27.6,70.7,41.0,6.4,23.0
11001009603,10.8,25.5,43.8,77.6,5.2,12.9,6.5,80.1,88.6,67.2,8.3,52.8,20.8,15.6,37.3,17.3,77.7,35.8,5.9,14.5
11001009604,8.1,24.9,41.4,79.0,6.1,12.0,5.6,81.0,91.4,73.6,6.2,61.5,19.1,13.1,37.7,11.3,79.2,31.4,4.9,15.2
11001009700,9.3,24.4,42.6,77.2,5.1,12.9,6.1,80.7,88.9,64.3,7.5,54.1,20.4,14.5,36.2,16.4,76.6,34.6,5.5,17.9
11001009801,12.7,26.5,45.1,76.4,4.9,14.1,7.0,79.5,86.1,60.4,10.3,44.6,22.1,16.7,37.3,21.8,72.9,37.6,6.6,26.8
11001009802,11.1,21.1,39.7,70.9,3.6,14.1,5.1,78.2,85.1,61.0,8.0,53.6,23.7,13.3,31.9,22.9,75.5,38.7,4.9,26.5
11001009803,11.1,24.9,43.9,76.2,4.8,13.4,6.6,79.4,87.2,67.0,8.9,52.6,21.6,15.8,36.6,19.5,72.3,37.0,5.9,32.6
11001009804,9.9,23.8,42.0,76.3,4.8,12.8,5.8,79.9,88.5,61.7,7.4,50.8,20.6,14.2,35.6,16.7,73.6,35.2,5.3,26.6
11001009807,8.8,23.3,41.3,76.7,5.1,12.3,5.6,80.1,89.6,71.7,6.5,58.8,19.6,13.3,35.8,14.1,76.0,33.2,5.0,13.9
11001009810,10.1,22.6,41.3,73.8,4.0,13.5,5.3,78.9,86.9,61.8,7.7,48.0,22.2,14.1,34.0,19.5,73.0,37.6,5.1,23.4
11001009811,11.8,22.6,40.7,72.5,4.0,14.2,5.5,78.3,85.6,62.9,8.5,48.6,23.4,13.9,33.4,22.0,70.8,37.7,5.3,26.0
11001009901,4.5,24.5,41.2,81.7,7.4,10.6,5.3,83.7,94.2,75.3,4.2,73.9,16.1,11.6,38.7,6.9,82.1,26.7,4.3,9.1
11001009902,6.3,25.1,42.5,79.8,6.3,11.9,5.7,82.5,92.4,73.4,5.6,63.3,18.1,13.1,37.5,10.6,80.2,31.1,4.9,14.0
11001009903,6.7,20.2,35.9,75.0,4.9,11.9,4.1,80.1,90.9,70.6,4.5,65.6,18.8,10.1,33.2,10.6,78.7,29.6,3.8,12.2
11001009904,9.9,21.0,38.9,73.2,4.0,13.0,4.9,78.7,87.4,61.8,6.7,54.2,21.8,12.9,33.2,17.8,72.5,35.9,4.5,29.9
11001009905,8.2,23.0,40.5,75.8,4.9,12.7,5.2,80.2,89.4,72.0,6.5,57.9,20.6,13.2,35.1,15.0,77.5,34.5,4.8,16.3
11001009906,8.0,23.0,39.4,77.1,5.5,12.1,5.1,80.5,90.4,69.0,5.8,58.1,19.5,12.3,35.3,12.4,78.5,31.5,4.6,13.4
11001009907,11.3,24.7,43.1,76.3,4.7,13.7,6.0,79.6,87.9,66.0,8.5,54.3,21.4,14.9,36.2,18.7,70.7,36.2,5.7,17.0
11001010100,4.2,12.4,20.0,66.0,5.1,8.7,2.5,72.6,89.4,71.7,2.2,77.9,21.3,4.6,29.0,4.6,79.4,18.4,1.6,3.4
11001010201,4.4,10.7,17.9,59.9,3.9,9.5,1.8,71.2,88.9,71.7,2.0,76.7,23.2,3.8,25.9,5.3,81.1,20.0,1.3,5.7
11001010202,5.2,16.1,25.1,69.5,5.8,9.9,3.4,74.2,89.4,69.4,3.5,72.1,23.1,6.5,32.1,6.4,76.7,22.6,2.3,7.0
11001010300,9.2,20.6,34.4,75.7,5.7,10.6,4.7,77.7,90.5,70.2,4.9,63.4,19.5,10.5,35.9,9.5,74.7,27.9,3.7,15.8
11001010400,8.3,23.1,42.9,76.5,5.0,12.0,5.9,80.2,89.7,69.2,6.7,51.8,19.2,14.2,36.3,14.7,76.1,35.0,5.0,21.9
11001010500,6.2,16.7,27.9,70.0,4.9,10.5,3.5,75.0,88.9,68.6,4.0,66.6,22.7,7.8,32.2,8.5,79.5,25.6,2.7,11.0
11001010601,5.0,7.5,14.4,48.1,2.4,9.5,1.3,68.2,85.9,68.5,1.7,73.2,24.6,2.8,22.0,6.3,79.8,19.6,1.0,6.7
11001010602,4.7,9.8,17.3,57.8,3.3,9.6,1.7,70.3,87.5,66.3,2.0,70.9,24.2,3.7,24.9,5.7,78.0,20.2,1.3,8.2
11001010603,3.9,7.2,13.8,52.4,2.7,8.9,1.2,68.8,87.8,74.9,1.3,78.9,23.4,2.7,22.4,4.4,78.8,17.6,0.9,3.3
11001010700,4.0,8.6,14.1,55.6,3.6,8.9,1.8,69.8,86.2,76.3,1.7,78.0,24.0,2.9,23.8,5.0,76.1,15.9,1.0,6.2
11001010800,7.8,5.0,11.0,27.4,1.1,11.9,1.0,66.4,71.4,56.2,2.5,60.5,32.3,1.9,16.5,15.3,65.3,17.9,0.8,14.8
11001010900,12.8,21.2,40.1,70.3,3.4,14.0,5.6,76.9,81.9,61.5,9.0,44.1,23.8,14.2,32.5,25.4,73.7,38.4,5.3,33.6
11001011001,5.5,19.6,30.3,74.7,6.6,10.2,4.2,77.1,90.6,74.8,4.2,73.9,21.5,8.4,35.0,7.0,79.0,24.2,3.0,7.0
11001011002,3.8,23.5,31.9,78.9,10.4,9.4,4.8,80.1,93.9,76.4,4.1,77.3,20.5,8.0,40.3,4.1,79.4,21.1,3.0,5.7
11001011100,9.0,23.9,40.4,77.9,5.9,11.7,5.9,79.8,90.0,67.8,6.6,59.5,19.7,13.2,37.1,12.4,77.6,31.0,5.0,18.8
11001980000,2.9,20.4,33.6,77.7,6.8,10.6,3.2,82.5,95.3,77.3,3.0,79.2,18.0,8.4,37.4,5.0,83.7,25.6,2.7,4.9
24009860103,5.4,28.6,36.6,78.6,10.1,10.1,5.6,80.5,91.5,71.4,5.4,71.3,18.9,10.3,39.1,4.6,81.1,33.8,2.9,6.0
24009860200,4.9,27.9,36.1,78.2,9.5,10.3,5.1,80.5,91.7,72.4,5.1,75.0,19.0,10.1,38.3,4.6,82.6,34.2,2.8,5.6
24009860300,6.1,28.8,38.0,78.2,9.0,10.7,5.6,79.8,90.6,71.3,6.0,70.3,19.5,11.3,38.5,5.7,80.4,36.6,3.1,7.6
24009860402,6.6,26.4,35.2,75.1,7.8,11.0,4.8,78.3,89.7,69.6,5.7,73.0,20.6,10.3,35.9,6.3,79.4,37.5,2.8,8.3
24009860403,5.9,24.6,33.3,73.4,7.1,11.0,4.3,78.3,89.3,63.3,5.1,69.4,21.1,9.5,34.3,6.4,80.2,37.3,2.5,8.0
24009860404,6.4,27.4,35.0,76.0,8.7,10.8,5.1,78.6,89.8,69.3,5.8,68.2,21.0,10.1,36.8,5.8,79.4,36.2,2.8,8.0
24009860501,5.6,25.9,34.4,75.5,8.1,10.5,4.6,78.7,90.2,67.4,5.1,69.8,19.9,9.8,36.4,5.4,81.8,35.6,2.6,8.4
24009860502,5.5,29.4,36.9,78.3,9.8,10.7,5.6,79.8,90.9,71.1,6.0,70.8,20.5,10.7,38.9,5.1,80.6,35.3,3.0,7.2
24009860600,6.0,29.5,38.0,78.3,9.5,10.6,5.9,79.8,90.4,68.4,6.3,70.4,20.0,11.4,39.1,5.6,80.8,36.2,3.2,8.3
24009860701,7.0,29.4,38.5,77.7,9.4,10.6,6.2,79.2,89.4,69.1,6.6,65.5,19.8,11.6,38.2,6.3,78.6,36.6,3.4,12.0
24009860702,8.0,28.7,39.3,77.0,7.8,11.6,5.9,79.1,88.3,65.3,7.1,59.2,20.6,12.6,36.8,8.4,78.8,40.0,3.6,13.1
24009860703,7.6,28.7,39.0,77.2,8.0,11.3,5.8,79.3,89.0,69.1,6.8,63.3,20.3,12.4,37.3,7.7,81.1,39.5,3.5,12.1
24009860801,6.4,28.4,37.2,77.5,8.8,10.9,5.6,79.3,90.0,68.0,6.1,67.8,20.2,11.1,38.0,5.9,79.4,36.6,3.1,7.7
24009860901,5.1,35.0,43.2,83.3,13.5,9.9,7.6,83.8,93.3,73.3,6.4,75.5,17.2,12.3,42.8,4.4,81.8,33.0,3.9,4.8
24009860902,7.2,27.0,37.6,75.8,7.4,11.4,5.3,78.8,88.7,69.6,6.2,65.2,20.5,11.6,35.8,7.8,79.9,39.7,3.2,11.1
24009861003,6.8,27.8,36.5,76.1,8.4,11.1,5.5,78.5,89.0,68.3,6.3,66.7,21.0,11.0,36.8,6.7,80.0,37.6,3.1,9.1
24009861004,7.5,24.3,33.5,72.2,6.6,11.2,4.5,76.7,87.4,63.2,5.7,62.5,21.7,9.9,34.0,7.5,79.7,38.4,2.7,9.4
24009861100,6.2,28.7,36.8,77.3,9.2,10.8,5.7,79.1,89.9,69.3,6.2,68.7,20.7,10.8,38.0,5.7,79.7,36.3,3.1,7.7
24017850101,7.0,23.0,39.3,75.3,5.5,11.0,4.1,81.0,90.5,70.0,4.5,65.8,17.0,12.0,33.9,8.4,84.3,42.2,3.0,7.1
24017850102,8.2,27.6,42.3,79.1,7.6,10.4,5.9,80.9,90.4,70.0,6.1,63.3,17.6,14.1,38.6,7.8,80.5,40.3,3.7,10.5
24017850201,10.6,14.2,26.8,62.0,3.1,10.4,2.6,72.8,81.8,62.6,3.5,61.3,19.9,7.5,26.1,9.9,79.6,36.9,1.8,7.3
24017850202,8.5,26.5,41.4,75.8,6.7,11.2,5.6,79.6,88.6,65.5,6.7,56.0,19.5,13.5,36.5,9.9,78.0,43.2,3.6,12.3
24017850300,7.7,29.9,44.0,79.6,8.5,10.6,6.9,80.8,90.2,70.4,7.3,61.9,18.9,14.8,40.3,7.8,79.3,40.6,4.1,11.6
24017850400,7.5,31.1,44.9,79.9,8.7,10.7,7.2,80.7,89.9,68.5,8.1,58.1,19.7,15.4,41.1,8.1,78.1,41.8,4.3,12.8
24017850500,6.6,29.6,40.9,79.0,9.5,10.3,6.4,80.2,90.4,70.1,7.0,67.7,20.1,12.7,40.5,6.3,78.4,38.3,3.5,10.3
24017850600,5.9,27.1,40.7,78.7,8.3,10.2,5.5,81.4,91.3,71.6,5.5,68.5,18.0,12.6,38.7,6.5,81.8,38.7,3.3,7.2
24017850706,6.9,23.2,39.7,76.2,5.4,10.8,4.2,81.1,90.4,67.2,4.6,64.5,16.6,12.8,35.1,8.5,81.0,41.3,3.0,7.6
24017850708,6.7,23.8,40.3,76.8,5.7,10.8,4.4,81.3,90.5,67.3,4.8,63.2,16.9,13.1,35.6,8.4,82.9,41.5,3.1,11.5
24017850709,7.7,20.6,37.3,72.9,4.3,11.1,3.5,80.1,89.5,66.6,4.1,61.8,17.1,11.5,31.9,9.4,83.5,43.0,2.7,11.4
24017850710,6.5,23.1,39.4,75.7,5.3,11.0,4.1,81.1,90.6,69.5,4.5,64.5,17.3,12.5,34.5,8.5,82.5,42.2,2.9,6.0
24017850711,8.2,27.4,45.6,78.2,6.0,11.6,5.7,82.3,89.8,64.4,6.5,58.1,17.6,16.3,36.5,11.6,82.4,46.4,4.1,12.1
24017850712,7.5,27.0,43.3,77.7,6.5,11.3,5.5,81.3,89.9,68.2,6.4,63.6,18.4,14.7,37.2,9.7,80.6,43.9,3.7,9.7
24017850713,6.7,23.0,38.7,75.5,5.9,10.6,4.3,80.9,90.6,64.2,4.6,61.8,17.0,11.9,34.9,7.9,80.2,40.6,2.9,10.1
24017850801,8.9,30.0,44.9,79.7,8.3,11.0,6.9,81.5,90.1,68.4,7.5,62.3,18.5,15.4,40.0,9.2,77.9,42.2,4.2,12.9
24017850802,8.4,23.5,39.0,74.6,5.8,11.1,4.5,80.2,89.5,68.1,5.2,60.6,18.1,12.3,34.3,9.4,82.4,42.9,3.1,11.1
24017850901,10.4,27.1,44.0,76.2,5.9,12.0,5.9,80.6,87.8,65.4,7.5,54.8,19.3,15.7,36.0,13.1,81.2,46.9,4.2,13.1
24017850902,8.9,26.2,41.1,77.1,7.0,10.7,5.5,80.3,89.4,70.3,6.0,63.4,18.0,13.4,36.8,8.8,81.3,41.4,3.6,9.2
24017850904,6.2,21.7,38.1,74.4,5.0,11.2,3.7,81.3,90.8,68.5,4.0,66.0,17.0,11.4,32.7,8.4,84.6,42.1,2.7,7.8
24017850905,6.8,22.2,37.7,74.3,5.4,10.9,3.8,80.4,90.4,66.5,4.3,62.9,17.5,11.3,33.6,8.1,82.0,41.8,2.7,8.8
24017850906,8.9,24.5,41.2,75.6,5.5,11.5,4.7,80.6,89.0,67.5,5.6,56.2,17.9,13.6,34.6,10.5,83.2,44.2,3.4,10.5
24017851001,6.3,28.8,40.8,79.4,9.6,9.8,6.2,81.1,91.1,72.7,6.0,68.8,18.2,12.4,39.9,5.9,80.1,36.7,3.5,7.8
24017851003,5.2,26.0,36.4,76.9,8.8,9.9,5.1,79.8,91.0,71.4,5.1,70.6,19.6,10.5,38.1,5.3,81.1,35.8,2.8,5.9
24017851004,8.1,27.2,40.1,77.0,7.8,10.9,5.7,80.0,89.2,67.9,6.5,62.1,19.5,12.8,37.2,8.4,79.7,39.9,3.6,9.9
24017851100,6.0,28.6,40.0,78.4,9.3,10.0,6.2,79.9,90.6,73.0,6.4,68.7,20.0,12.4,40.0,5.9,80.9,38.3,3.3,7.8
24017851200,7.4,30.1,41.7,78.6,9.4,10.3,6.9,79.5,89.5,68.8,7.7,64.1,20.6,13.4,40.6,7.0,78.4,39.3,3.8,11.7
24017851301,7.4,29.5,40.1,77.2,8.8,10.8,6.6,78.7,88.4,67.4,8.1,62.4,22.1,12.9,40.0,7.6,76.4,39.7,3.6,11.4
24017851302,6.0,27.0,38.7,77.3,8.7,10.1,5.5,79.8,90.5,70.8,5.8,68.3,19.2,11.6,38.7,6.1,78.9,37.4,3.1,8.3
24017851401,6.9,29.4,44.2,79.3,7.9,11.0,6.4,81.3,90.4,68.6,7.1,63.2,19.3,15.1,39.7,8.5,79.9,43.0,3.9,9.0
24017851402,5.9,27.3,38.7,77.7,8.7,10.2,5.4,80.1,90.8,71.5,5.8,68.2,19.6,11.6,38.9,6.0,78.5,37.6,3.1,7.7
24017851403,6.0,28.7,42.1,79.9,8.7,10.3,6.0,81.7,91.7,72.1,5.9,68.3,18.2,13.3,39.9,6.3,82.1,38.9,3.5,6.8
24017851501,7.0,21.7,37.7,73.7,4.9,11.2,3.8,80.3,89.9,67.5,4.4,66.0,17.7,11.6,33.1,8.9,82.4,42.2,2.7,7.4
24017851502,7.6,24.3,41.2,76.0,5.5,11.5,4.6,81.4,89.7,66.1,5.2,63.5,17.5,13.3,34.1,10.0,81.3,43.7,3.4,7.7
24021740200,6.3,27.2,34.1,76.8,9.6,9.8,5.4,79.4,90.9,70.0,5.2,72.5,21.4,10.1,39.9,5.1,76.7,34.0,2.8,4.4
24021750100,7.8,24.6,33.0,72.8,7.3,10.4,5.0,77.0,87.8,65.3,5.7,59.5,23.6,10.3,37.0,7.3,73.8,38.0,2.7,9.3
24021750200,5.5,25.3,32.5,75.2,8.9,9.7,5.3,78.3,89.5,72.5,5.0,68.7,22.8,9.5,38.4,5.2,76.0,34.4,2.6,5.6
24021750300,8.1,23.1,33.7,73.2,6.3,10.5,5.0,77.0,87.0,68.0,5.3,59.8,22.3,10.9,35.1,8.1,75.2,38.1,3.0,11.6
24021750504,10.1,23.8,34.2,74.2,6.9,10.1,5.2,78.3,88.0,64.0,5.3,58.0,20.4,11.4,36.4,8.5,70.7,37.6,3.0,11.5
24021750505,16.0,18.1,28.7,66.1,4.1,10.0,3.7,73.6,84.5,56.7,4.4,55.7,20.9,10.0,32.6,10.7,71.8,38.8,2.3,12.1
24021750506,12.2,23.5,33.4,74.6,6.9,9.4,5.1,77.2,88.5,67.3,5.1,62.8,18.9,11.4,38.4,7.3,75.7,35.3,2.8,10.0
24021750507,22.0,19.8,31.6,67.8,4.2,10.2,4.7,72.9,82.2,56.1,5.7,50.6,21.1,12.2,34.3,13.6,69.1,41.5,2.9,15.2
24021750508,15.1,18.9,30.4,67.6,4.1,10.4,3.9,74.6,84.4,63.7,4.6,59.2,21.2,10.5,32.1,11.5,76.8,40.3,2.5,10.7
24021750600,4.9,25.0,30.9,77.1,9.7,9.7,5.1,79.7,89.4,74.2,4.5,75.1,21.6,8.7,37.6,4.8,78.0,29.9,2.5,5.7
24021750701,11.2,23.5,33.5,72.8,6.2,10.4,4.9,76.8,87.3,64.8,5.6,61.5,21.6,11.4,36.9,8.7,73.8,38.2,2.9,7.9
24021750702,12.4,27.6,37.4,75.7,7.7,10.8,6.4,78.0,86.9,66.1,7.5,58.0,22.0,13.2,39.3,9.9,75.6,39.3,3.7,12.0
24021750801,8.0,25.8,34.0,75.1,8.3,10.1,5.6,77.7,88.3,67.8,5.8,63.0,22.4,10.5,37.9,6.7,74.5,36.1,3.0,8.4
24021750802,5.4,29.3,36.8,80.3,11.3,9.4,6.0,82.1,92.6,74.1,4.9,73.1,19.5,10.8,41.8,4.4,78.6,32.7,3.0,4.5
24021750804,6.1,23.6,30.9,74.8,8.3,9.5,4.3,78.8,91.1,72.8,4.0,73.6,20.4,8.9,37.8,4.7,75.1,32.9,2.3,3.6
24021750805,6.0,21.3,29.5,72.8,6.9,9.5,3.8,77.9,90.4,67.3,3.5,71.9,20.3,8.5,35.5,5.0,75.9,33.5,2.1,7.8
24021751001,8.5,21.1,31.3,70.9,5.4,10.2,4.1,77.0,87.4,64.8,4.6,66.2,21.8,10.3,34.7,8.4,77.2,37.4,2.5,5.1
24021751002,8.9,27.5,37.1,76.6,8.3,10.0,6.3,78.9,88.4,67.3,6.5,62.7,21.6,12.7,39.4,8.1,74.6,38.3,3.4,7.9
24021751003,10.9,24.4,35.0,73.9,7.0,10.0,5.6,77.6,87.1,60.8,5.8,58.9,20.6,11.8,36.9,9.0,74.1,37.8,3.2,9.7
24021751004,7.0,21.1,29.5,71.7,6.6,9.7,3.9,77.2,89.3,69.5,3.9,69.2,21.0,8.7,35.1,5.9,76.7,34.4,2.2,7.1
24021751201,6.1,24.5,33.1,76.2,8.6,9.3,5.0,79.7,90.9,70.6,4.3,71.4,19.4,9.8,38.6,5.1,78.2,33.1,2.5,5.1
24021751202,6.4,25.6,34.1,76.6,8.5,9.8,5.1,79.9,90.6,69.7,4.8,69.8,20.2,10.5,38.7,5.8,78.4,34.2,2.8,6.3
24021751203,6.5,32.5,39.7,81.7,12.9,9.2,7.6,82.2,92.4,73.1,6.2,72.3,19.2,11.8,44.2,4.5,76.5,32.1,3.7,7.8
24021751301,6.6,33.1,41.1,82.1,12.9,9.2,8.0,82.6,92.3,72.3,6.5,66.9,19.0,12.6,44.4,5.0,75.6,33.1,3.9,8.8
24021751302,7.3,30.8,38.0,79.1,10.8,9.9,7.1,79.5,90.2,71.1,7.0,65.1,21.8,11.8,43.1,5.4,73.8,34.8,3.5,7.8
24021751600,6.9,29.9,37.3,77.9,10.0,9.9,6.8,78.6,89.2,70.3,7.0,66.8,22.7,11.6,41.8,5.8,71.8,35.8,3.4,8.8
24021751701,7.2,29.7,36.8,77.9,10.1,10.1,6.6,78.9,89.7,70.4,6.8,64.9,22.6,11.4,41.7,5.8,73.1,35.5,3.3,9.6
24021751702,6.5,28.6,35.5,77.6,10.1,9.8,6.2,78.9,90.0,70.5,6.1,65.7,21.9,10.6,41.3,5.2,74.9,34.2,3.0,9.0
24021751801,5.4,23.6,30.3,73.4,8.1,9.6,4.4,77.9,90.4,67.1,4.3,70.9,21.9,8.6,37.5,4.7,77.6,33.3,2.3,5.9
24021751802,5.1,28.4,34.9,77.8,10.5,9.6,5.8,79.8,91.5,72.9,5.4,69.0,21.5,10.1,41.6,4.3,77.9,33.5,2.8,8.3
24021751902,5.2,24.0,30.6,74.8,8.5,9.6,4.4,78.7,90.7,69.1,4.1,73.5,21.3,8.7,37.7,4.5,78.8,32.4,2.3,5.2
24021751903,5.5,27.3,34.0,77.4,9.8,9.6,5.5,79.4,90.9,72.3,5.2,73.4,21.5,10.0,40.7,4.6,77.7,33.2,2.7,6.8
24021751904,5.5,23.0,30.8,74.3,7.9,9.3,4.4,78.5,90.5,69.3,4.1,71.9,20.4,9.0,37.5,4.8,78.5,32.6,2.3,5.5
24021751905,4.9,18.7,25.5,68.1,6.2,9.3,3.0,76.5,90.2,66.1,3.0,72.0,21.4,6.8,33.6,4.4,77.2,31.8,1.6,3.2
24021751906,6.1,27.9,34.7,77.8,10.2,9.5,5.8,79.9,91.1,71.6,5.4,71.5,20.9,10.2,40.8,4.7,75.7,33.2,2.9,7.1
24021752001,5.8,24.9,31.7,74.6,8.4,9.8,4.8,77.9,89.8,70.7,4.8,69.6,22.2,9.3,38.5,5.0,73.2,34.0,2.5,4.0
24021752101,5.1,26.3,33.3,76.9,9.5,9.3,5.1,79.6,91.4,71.7,4.7,75.0,20.6,9.8,40.7,4.3,76.5,32.7,2.5,6.3
24021752102,6.1,24.2,31.7,75.0,8.5,9.3,4.8,78.5,90.6,69.3,4.4,71.3,20.5,9.3,38.6,4.8,77.4,32.7,2.4,6.3
24021752201,6.3,29.2,36.9,79.1,10.3,9.5,6.3,80.3,91.1,71.7,5.9,69.2,20.4,11.4,42.6,4.9,75.1,33.5,3.2,6.6
24021752202,5.9,19.5,29.0,72.1,5.7,8.9,3.4,78.5,91.0,58.4,3.1,72.7,18.4,9.1,36.3,5.1,78.6,32.1,2.0,5.8
24021752205,5.1,19.8,29.1,73.8,6.1,8.5,3.5,79.3,91.9,60.8,3.0,73.8,17.3,9.4,37.7,4.4,77.8,29.8,1.9,4.0
24021752206,5.3,20.7,28.8,72.6,6.8,9.0,3.6,78.3,91.0,65.6,3.4,70.5,19.4,8.5,36.6,4.6,76.6,31.4,2.0,4.6
24021752301,7.4,19.6,28.5,70.2,5.7,9.7,3.4,76.9,89.1,64.3,3.6,67.7,20.6,8.5,33.8,6.2,77.5,34.8,2.0,5.2
24021752302,6.2,28.6,35.9,78.7,10.6,9.4,6.2,80.4,91.4,68.6,5.4,71.4,20.1,10.6,41.4,4.8,76.6,32.9,3.1,6.3
24021752303,6.1,24.7,32.3,74.8,8.2,9.6,4.7,78.6,90.7,67.5,4.6,70.9,21.1,9.6,38.6,5.1,74.4,34.3,2.5,5.8
24021752501,7.0,29.4,36.9,78.0,10.0,9.8,6.5,79.3,90.1,70.8,6.6,69.0,22.1,11.6,41.9,5.7,71.7,35.7,3.2,8.7
24021752502,5.0,29.7,36.7,79.3,10.9,9.6,6.2,80.7,91.8,72.3,5.7,69.7,21.0,11.0,43.0,4.4,76.8,33.8,3.0,6.6
24021752601,5.1,26.7,33.2,77.2,10.1,9.4,5.3,79.7,91.4,71.7,4.8,73.7,20.9,9.4,40.3,4.2,76.2,32.0,2.6,7.7
24021752602,6.1,29.8,36.8,79.6,11.2,9.3,6.5,80.6,91.6,73.4,5.8,73.1,20.4,11.0,42.9,4.5,76.7,33.1,3.1,6.2
24021752603,5.2,26.4,33.1,76.6,9.5,9.5,5.1,79.5,91.4,70.2,4.7,70.6,21.2,9.5,39.9,4.4,75.5,33.2,2.6,4.7
24021752801,6.0,30.7,37.3,78.9,10.8,9.9,6.5,80.0,90.8,71.9,6.5,66.3,22.0,11.3,42.9,5.0,73.5,34.6,3.2,9.3
24021752802,5.3,27.5,34.0,76.9,9.9,9.7,5.5,79.4,91.0,69.7,5.2,73.5,21.7,9.8,40.6,4.6,76.2,33.5,2.7,6.3
24021752900,6.9,29.1,36.3,77.3,9.9,9.9,6.6,78.4,89.1,69.1,6.7,64.3,22.6,11.1,41.3,5.8,72.7,35.3,3.3,10.1
24021753001,7.1,29.4,36.3,77.4,10.0,10.1,6.6,78.6,89.1,70.3,6.8,65.9,23.1,11.2,41.1,6.0,74.1,35.5,3.3,8.7
24021753002,9.2,30.9,38.3,77.3,9.6,10.7,7.5,77.8,87.3,66.4,8.6,59.6,24.4,12.7,41.6,7.6,70.9,38.0,3.9,10.2
24021765100,11.8,27.0,36.9,76.1,7.9,10.0,6.3,77.8,87.9,69.6,6.6,63.9,21.0,12.8,39.5,8.3,77.8,38.4,3.5,10.8
24021766800,8.5,21.4,28.5,69.4,6.6,10.9,5.1,74.6,81.2,64.4,5.9,60.2,25.3,8.6,32.9,9.1,69.1,33.1,2.7,15.6
24021767500,7.5,31.9,38.8,79.6,11.3,10.0,7.4,79.7,90.2,69.3,7.5,64.4,22.0,12.1,43.9,5.4,72.0,34.7,3.6,9.8
24021767600,6.6,29.4,36.4,77.8,10.3,9.9,6.5,79.2,90.3,71.2,6.4,66.3,22.3,11.1,41.8,5.4,75.1,34.9,3.2,7.7
24021770700,5.6,30.0,36.7,79.0,11.1,9.7,6.3,80.4,91.6,70.7,5.9,71.9,21.3,10.9,42.8,4.5,73.2,33.7,3.1,7.5
24021772200,11.7,29.2,40.1,75.4,7.8,11.0,7.7,77.7,85.3,62.5,9.3,53.5,24.3,14.7,39.6,11.9,65.9,43.3,4.2,21.4
24021773500,8.7,27.4,35.6,76.0,8.6,10.3,6.0,78.4,88.7,69.1,6.3,63.6,22.4,11.5,39.5,7.2,72.7,37.1,3.2,9.1
24021775302,6.8,24.7,32.4,74.6,8.2,9.8,4.9,78.1,90.1,69.0,4.9,70.3,21.4,9.6,38.2,5.4,76.2,34.3,2.6,7.1
24021775400,8.4,27.1,34.9,74.8,8.4,10.4,5.9,77.2,87.9,67.9,6.7,59.8,23.4,11.0,39.1,7.1,74.0,37.3,3.1,11.1
24021775600,5.1,21.7,28.0,71.2,7.5,9.6,3.7,77.4,90.7,66.1,3.7,74.4,21.9,7.6,36.0,4.4,76.2,32.7,2.0,3.6
24031700101,6.3,23.5,32.9,77.6,9.1,9.3,5.5,78.3,92.1,71.9,4.6,72.5,18.1,10.0,43.3,4.6,81.0,25.0,2.8,6.3
24031700103,6.2,23.0,32.6,77.7,8.7,9.1,5.4,78.3,92.0,73.1,4.6,73.9,17.7,10.2,43.8,4.5,81.5,24.1,2.8,5.5
24031700104,10.0,20.8,32.2,74.4,6.5,9.8,4.9,76.6,90.3,68.5,4.6,67.6,18.0,10.8,40.1,7.1,79.6,28.7,2.8,6.3
24031700105,9.6,18.7,29.6,72.7,5.6,9.6,4.1,75.5,90.0,68.4,4.0,68.6,17.7,9.9,38.9,6.6,78.8,27.0,2.5,5.7
24031700204,8.4,24.0,32.4,75.6,9.1,9.7,6.0,75.9,90.3,71.0,5.6,68.9,20.5,9.8,42.1,5.4,77.6,27.0,3.0,6.9
24031700206,6.9,22.0,30.4,74.8,8.3,9.6,5.0,76.5,91.1,72.3,4.6,77.5,19.7,9.1,41.5,4.9,81.1,25.7,2.6,4.0
24031700207,10.5,19.9,29.7,71.6,6.2,10.0,4.7,74.4,88.8,66.7,4.9,62.7,20.1,9.7,38.5,7.4,79.8,28.5,2.6,9.4
24031700208,8.1,22.2,31.0,74.4,8.0,9.8,5.2,75.9,90.6,69.0,5.0,66.0,20.1,9.5,41.0,5.6,77.4,26.8,2.7,5.1
24031700209,6.7,22.8,31.0,75.3,8.6,9.7,5.2,76.6,91.3,71.9,4.9,73.0,20.0,9.3,42.2,4.8,79.3,25.7,2.6,6.1
24031700210,6.2,15.2,26.3,70.8,4.8,8.3,3.2,76.1,91.4,63.8,2.7,70.6,15.3,8.5,38.1,5.0,81.1,22.3,1.9,3.1
24031700306,7.4,17.7,28.9,72.3,5.3,9.2,3.7,76.2,90.9,66.2,3.5,71.3,16.9,9.5,38.8,5.9,81.4,25.6,2.2,5.3
24031700308,8.6,20.2,30.5,73.6,6.5,9.9,4.4,76.2,90.5,69.4,4.3,68.5,18.9,9.8,39.1,6.4,79.5,27.9,2.6,5.3
24031700309,9.4,16.8,28.0,69.9,4.7,9.9,3.5,74.7,89.2,64.4,3.6,63.6,18.2,9.0,35.8,7.3,79.9,28.2,2.2,7.6
24031700310,10.5,17.6,28.7,69.6,5.0,10.1,3.9,74.2,88.4,65.6,4.2,63.7,18.8,9.3,36.4,8.1,80.6,28.4,2.4,5.7
24031700313,7.8,17.0,28.1,71.7,5.0,9.4,3.7,75.6,89.9,66.9,3.5,70.8,16.9,9.3,37.5,6.4,79.8,24.9,2.3,6.1
24031700314,5.9,17.8,29.4,75.9,5.7,8.4,4.1,77.9,91.7,67.3,3.3,73.9,15.0,10.4,42.2,4.8,80.7,21.0,2.3,2.7
24031700315,6.0,15.8,27.2,72.2,4.9,8.4,3.4,76.6,91.6,64.0,2.9,75.4,15.3,9.1,39.4,4.9,81.5,22.3,2.0,4.2
24031700316,8.1,16.8,29.2,71.4,4.6,9.0,3.9,75.6,89.7,58.8,3.7,65.0,16.7,10.3,38.6,7.0,76.8,25.7,2.4,7.5
24031700317,7.2,16.5,26.7,70.2,5.3,9.1,3.5,75.2,90.4,65.1,3.3,69.6,17.4,8.3,37.3,5.7,78.7,24.4,2.0,6.0
24031700318,6.7,16.8,27.8,71.8,5.3,8.9,3.5,76.2,91.2,62.3,3.2,71.4,16.3,8.9,38.4,5.4,81.1,24.2,2.1,4.3
24031700400,6.8,25.2,33.8,77.9,10.2,9.5,6.2,78.2,91.9,73.1,5.4,73.9,19.2,9.9,43.9,4.5,79.5,25.5,3.0,5.2
24031700500,6.1,22.8,31.0,75.2,8.6,9.8,5.1,76.9,91.4,71.0,4.8,74.6,20.3,9.2,41.9,4.8,79.8,25.8,2.6,7.4
24031700604,4.5,22.7,31.3,77.7,9.4,8.9,5.1,79.0,93.1,74.8,4.0,77.8,17.6,9.3,44.1,3.5,80.4,22.6,2.5,3.3
24031700606,5.6,22.5,33.1,78.4,8.2,8.5,5.5,79.1,92.5,67.6,4.5,71.1,16.3,11.3,45.6,4.4,79.2,22.2,2.8,6.0
24031700608,4.3,20.8,31.4,79.0,8.1,8.1,5.0,79.6,93.0,70.8,3.6,75.4,15.2,10.4,44.9,3.6,81.6,19.8,2.5,6.0
24031700610,5.3,22.1,31.2,77.6,9.2,8.7,5.1,78.7,92.9,73.5,3.8,72.5,17.1,9.3,43.6,3.7,81.9,22.6,2.5,4.9
24031700611,5.5,17.2,28.9,75.7,5.5,8.1,4.0,78.0,92.0,61.9,3.1,73.2,14.4,10.3,42.3,4.6,79.0,20.2,2.2,6.3
24031700613,6.7,18.2,29.2,74.5,5.9,8.9,4.2,76.9,91.1,66.6,3.6,72.2,16.2,9.9,40.8,5.3,81.4,22.9,2.3,6.8
24031700614,10.8,19.2,31.0,72.7,5.5,9.9,4.4,75.6,89.3,66.6,4.4,64.5,18.1,10.7,38.4,8.0,77.7,29.0,2.7,7.4
24031700615,4.8,22.5,31.6,77.0,8.9,9.1,5.1,78.6,92.9,70.9,4.1,76.7,18.2,9.5,43.6,3.9,82.4,23.9,2.5,3.3
24031700616,4.4,20.4,30.2,77.4,8.0,8.4,4.6,79.0,93.1,71.5,3.3,76.6,16.2,9.4,43.2,3.5,81.6,21.4,2.3,2.6
24031700617,4.6,19.3,30.2,77.6,7.0,7.8,4.4,79.1,93.1,68.4,3.3,75.5,14.2,10.3,44.5,3.7,81.5,19.5,2.3,5.5
24031700618,4.1,18.3,29.8,78.0,6.5,7.4,4.2,79.4,93.2,68.9,3.0,74.5,13.4,10.5,45.0,3.4,81.0,18.2,2.2,3.1
24031700706,10.9,16.5,28.7,69.8,4.4,9.3,3.8,74.1,88.5,62.7,3.8,64.0,17.5,10.0,37.0,8.0,79.7,28.0,2.3,7.4
24031700710,15.1,22.0,34.2,75.0,6.3,9.6,6.2,75.2,88.0,63.3,6.3,62.1,18.1,13.3,42.2,9.4,77.7,29.3,3.5,13.4
24031700711,8.0,18.4,28.6,73.4,6.4,8.9,4.3,75.9,90.7,68.8,3.6,70.6,17.1,9.2,39.2,5.3,80.4,24.5,2.3,4.4
24031700713,21.7,17.2,31.1,67.4,3.6,10.1,4.9,71.4,83.4,54.3,5.6,49.7,19.2,12.8,36.6,14.7,70.4,34.3,3.1,11.4
24031700715,15.5,19.8,31.6,73.0,5.4,9.7,5.0,74.2,88.1,65.0,5.0,61.9,17.7,12.0,40.0,8.9,77.8,29.3,3.0,10.4
24031700718,5.8,22.5,32.5,77.9,9.1,9.0,5.6,79.0,92.1,73.5,4.1,74.0,17.1,9.9,41.7,4.8,81.3,23.6,2.8,4.4
24031700720,12.3,19.1,31.0,74.3,5.6,9.2,4.9,75.6,89.6,67.1,4.3,67.3,16.7,11.3,40.6,7.1,78.6,26.4,2.8,6.3
24031700721,14.2,18.7,31.1,71.1,5.0,9.8,4.6,74.2,88.0,60.9,4.7,58.3,18.3,11.2,37.9,9.5,77.2,31.0,2.8,13.8
24031700723,10.9,32.5,44.0,84.9,14.0,8.7,10.1,83.6,93.3,74.7,6.7,64.1,14.5,14.1,47.6,5.7,80.8,24.2,5.1,8.0
24031700724,22.2,18.3,32.4,69.5,4.0,10.1,5.1,72.3,84.9,54.4,5.5,46.5,18.4,12.9,37.3,13.6,76.1,34.1,3.2,16.3
24031700725,24.3,16.2,29.0,65.4,3.5,10.2,4.5,69.8,82.6,55.4,5.2,56.1,19.6,11.6,35.4,14.5,72.6,33.7,2.8,13.3
24031700726,13.3,16.5,28.4,69.5,4.3,9.7,4.0,73.4,87.9,58.6,4.0,58.0,17.5,10.1,36.8,8.6,75.9,28.0,2.4,10.8
24031700727,20.8,22.0,33.8,73.3,6.1,9.8,6.7,73.0,85.9,58.7,7.0,55.4,19.2,13.6,41.6,11.3,70.9,31.4,3.7,16.9
24031700728,9.8,19.8,32.1,74.0,5.7,9.5,5.3,75.2,88.0,71.7,5.1,69.0,18.4,11.8,40.1,8.1,80.8,27.0,3.0,6.5
24031700729,13.3,18.8,31.7,72.4,4.8,9.5,4.7,74.4,87.9,62.3,4.8,60.8,17.5,12.0,39.4,9.1,78.2,29.0,2.9,7.5
24031700730,11.4,20.6,32.5,74.5,5.9,9.5,5.1,76.0,89.4,66.5,4.9,64.7,17.8,12.0,40.8,7.9,77.8,28.7,2.9,6.7
24031700731,19.4,18.0,30.6,68.2,4.4,10.4,4.9,71.6,84.2,56.1,5.7,47.6,19.6,11.5,36.8,12.7,73.1,32.1,3.0,20.4
24031700732,22.0,20.6,34.3,73.0,4.8,10.0,6.1,73.1,85.6,63.4,6.4,53.6,18.0,14.5,40.9,12.6,74.4,32.2,3.7,14.0
24031700733,13.0,17.9,30.0,70.4,4.6,9.9,4.4,73.9,87.1,63.6,4.6,59.0,18.6,10.9,37.2,9.5,78.4,29.6,2.7,10.0
24031700810,10.6,20.3,31.5,74.4,6.5,9.5,4.8,76.3,90.2,69.9,4.4,68.6,17.4,10.6,39.9,6.9,80.3,27.8,2.7,6.1
24031700811,14.2,19.4,31.4,72.6,5.3,10.1,4.7,74.8,88.3,66.0,4.7,60.9,18.0,11.4,38.4,9.2,77.9,30.2,2.9,8.5
24031700812,12.8,22.7,33.9,76.1,7.4,9.5,6.0,76.5,89.8,66.5,5.5,64.6,17.6,12.1,41.9,7.7,78.5,28.3,3.3,10.9
24031700813,12.7,20.5,32.4,74.5,6.2,9.4,5.2,75.9,89.5,65.3,4.7,61.9,17.2,11.6,40.0,7.9,79.1,29.2,3.0,9.8
24031700815,13.1,19.0,31.7,72.1,4.8,9.9,4.6,74.7,88.2,60.4,4.8,59.6,17.8,11.7,39.0,9.2,76.3,29.5,2.9,10.0
24031700818,15.7,17.3,31.2,68.1,3.7,10.6,4.3,72.9,85.3,60.9,5.0,55.4,19.4,11.5,35.4,12.6,75.8,33.9,2.8,17.2
24031700819,10.0,18.3,29.2,71.9,5.5,9.7,4.0,75.4,90.1,67.7,3.8,67.1,17.8,9.6,38.1,6.8,80.8,27.7,2.4,5.8
24031700820,17.3,18.4,31.3,69.9,4.4,9.9,4.9,72.8,85.4,59.4,5.5,56.7,18.7,12.3,38.1,11.7,75.2,31.4,3.0,14.0
24031700822,15.3,20.7,33.2,73.2,5.3,10.0,5.4,74.6,87.4,61.5,5.8,57.2,18.5,13.0,40.3,10.4,76.0,30.4,3.3,10.4
24031700823,6.9,21.4,31.2,75.2,7.6,9.2,5.0,77.1,91.4,67.7,4.4,70.7,18.1,10.0,41.8,5.2,78.2,25.2,2.6,4.6
24031700824,4.2,20.4,28.5,74.7,8.2,9.0,4.2,77.7,92.7,72.3,3.3,77.0,18.5,8.0,40.9,3.5,83.0,23.6,2.1,4.2
24031700826,3.9,20.3,27.9,75.3,8.8,8.8,4.1,78.2,93.3,68.1,3.1,77.8,17.9,7.6,40.8,3.1,81.9,21.9,2.1,2.3
24031700828,4.0,20.5,29.9,77.5,8.0,8.5,4.6,79.0,92.9,70.8,3.4,78.9,16.5,9.5,43.7,3.5,82.0,20.6,2.3,2.8
24031700829,5.2,18.3,27.9,74.4,6.9,8.3,4.0,77.1,92.2,67.4,3.2,74.0,16.1,8.8,40.8,4.0,80.1,21.3,2.1,5.4
24031700830,9.0,15.0,27.4,68.4,3.9,9.6,3.3,74.3,88.6,65.5,3.2,65.5,17.1,8.9,34.5,7.6,80.8,27.6,2.1,6.3
24031700832,17.0,19.6,32.5,72.5,5.1,9.6,5.3,74.0,87.2,63.5,5.2,59.1,17.7,12.6,39.3,10.2,79.3,31.2,3.1,10.3
24031700833,15.5,18.8,31.5,72.5,4.9,9.5,5.1,74.1,87.3,62.2,5.1,60.7,17.4,12.4,40.0,9.7,77.3,28.8,3.0,9.2
24031700834,13.9,19.6,33.1,71.8,4.6,10.5,4.9,74.9,87.2,59.3,5.4,58.3,18.9,12.7,38.4,11.1,75.9,32.5,3.1,14.7
24031700835,7.7,19.4,31.1,76.0,6.1,8.9,4.7,77.3,91.0,69.7,4.0,70.9,16.0,11.1,42.2,5.7,81.2,23.8,2.6,5.1
24031700836,5.8,16.7,26.4,72.5,5.7,8.6,3.5,76.2,91.6,69.9,2.8,75.0,16.7,8.4,38.4,4.5,81.7,22.8,1.9,3.1
24031700837,9.8,14.0,24.6,67.4,4.2,8.3,3.1,73.0,88.8,66.3,2.8,68.8,16.1,8.1,35.2,6.3,79.0,24.4,1.8,4.8
24031700838,7.0,14.5,23.3,65.7,4.7,9.7,2.9,72.9,88.7,67.5,2.9,70.6,19.7,6.5,32.8,5.9,80.0,24.9,1.7,4.2
24031700839,5.7,14.4,23.4,68.0,5.0,8.7,3.0,73.9,90.0,68.1,2.6,73.5,17.8,6.9,35.0,4.7,82.8,22.4,1.7,2.6
24031700901,7.8,20.9,31.6,76.0,7.4,8.9,5.5,76.8,90.0,68.8,4.4,66.8,17.6,10.5,40.4,6.0,78.2,24.1,2.9,8.4
24031700902,12.7,19.6,31.3,73.1,5.8,9.3,5.1,74.3,88.3,65.2,4.9,62.7,17.9,11.4,39.9,8.0,78.6,28.1,2.9,6.7
24031700903,14.6,17.4,28.8,68.5,4.7,9.9,4.4,72.5,86.4,65.1,4.7,60.4,19.7,10.2,36.3,9.8,78.0,30.5,2.6,9.9
24031700904,11.4,16.4,27.6,68.4,4.7,9.2,4.3,72.8,86.1,60.7,4.4,59.6,18.7,9.6,36.0,8.8,76.8,26.4,2.5,12.3
24031700905,6.9,17.0,26.0,72.0,6.9,7.9,4.3,74.9,89.8,67.4,3.3,73.3,15.7,7.5,37.5,4.8,78.9,19.6,2.2,3.2
24031701001,7.9,23.3,33.3,77.1,8.4,9.3,5.9,77.8,91.1,70.3,5.2,71.5,18.2,11.1,43.1,5.7,79.7,25.5,3.1,5.8
24031701002,5.2,24.9,33.8,79.6,10.7,8.9,5.9,80.2,93.4,75.2,4.4,77.0,17.3,10.0,45.3,3.7,80.9,22.8,2.9,2.4
24031701004,6.7,22.2,31.3,75.7,8.5,9.5,5.3,77.5,91.3,70.1,4.6,73.0,18.7,9.4,41.4,5.2,79.4,24.9,2.7,3.9
24031701005,5.5,22.2,31.4,77.1,8.7,8.8,5.2,78.3,92.4,68.9,4.2,76.8,17.5,9.7,43.2,4.2,80.6,22.9,2.6,4.8
24031701006,4.4,23.9,33.3,80.6,10.6,8.1,5.7,81.0,94.0,71.7,3.9,78.7,15.2,9.9,45.8,3.2,82.0,20.1,2.8,4.4
24031701007,6.1,18.9,28.0,74.3,7.1,9.0,4.2,76.9,91.6,70.0,3.4,73.4,17.5,8.5,39.5,4.6,80.7,22.8,2.2,4.0
24031701101,11.8,19.9,30.1,73.0,6.5,9.1,5.1,74.3,89.1,65.0,4.7,67.5,18.2,10.4,40.5,6.8,77.3,26.6,2.7,8.4
24031701102,11.7,18.4,28.7,71.8,5.9,8.9,4.6,73.9,88.9,64.7,4.2,61.0,17.8,10.0,39.3,6.7,78.5,26.2,2.5,13.4
24031701201,12.2,19.5,29.9,71.9,6.1,9.3,5.0,73.9,88.1,64.1,4.9,63.3,18.9,10.5,39.4,7.7,76.1,27.3,2.8,7.8
24031701202,4.0,23.1,30.6,77.7,10.5,8.8,5.0,79.4,93.8,75.4,3.6,79.1,18.0,8.3,43.4,3.0,82.5,22.4,2.4,2.4
24031701205,4.3,21.8,30.1,77.0,9.6,8.8,4.8,78.9,93.3,73.7,3.5,79.4,17.6,8.3,42.5,3.3,82.3,22.3,2.3,3.7
24031701206,4.6,21.6,30.6,78.0,9.3,8.3,5.0,79.2,93.3,72.2,3.5,78.2,16.1,9.1,43.6,3.4,82.3,20.8,2.4,2.1
24031701210,3.8,23.2,32.2,79.6,10.5,8.3,5.3,80.8,94.3,73.1,3.5,79.5,16.1,9.2,45.3,2.8,81.6,21.0,2.5,3.0
24031701211,6.5,18.3,28.2,73.8,6.4,8.9,4.1,76.6,91.1,70.0,3.5,71.3,17.0,9.0,39.8,5.0,80.4,22.9,2.2,3.8
24031701212,6.2,23.4,32.7,77.9,9.4,9.0,5.6,78.5,92.5,74.0,4.5,72.6,17.7,9.9,43.9,4.2,80.4,23.7,2.8,4.9
24031701214,5.5,15.8,23.9,69.1,6.1,8.9,3.3,74.2,90.4,71.4,2.7,73.2,18.8,6.5,35.3,4.3,82.4,22.9,1.7,3.6
24031701215,6.0,20.9,29.5,74.9,8.3,9.2,4.9,77.0,91.3,70.3,4.0,70.6,18.8,8.7,40.0,4.7,80.9,23.9,2.5,8.6
24031701216,5.5,18.3,27.0,73.1,7.4,8.8,4.1,76.3,91.4,72.2,3.1,71.3,17.5,7.6,37.9,4.3,81.8,22.4,2.1,3.4
24031701218,7.1,23.4,33.2,78.6,9.6,8.9,6.1,78.6,91.7,72.1,4.4,69.8,16.8,9.9,41.6,4.9,80.7,23.2,3.2,6.5
24031701219,13.6,13.5,24.8,62.6,3.3,9.6,3.2,70.4,84.6,58.1,3.7,57.3,19.4,8.4,32.8,10.0,75.9,28.4,2.0,11.5
24031701220,4.0,19.5,30.1,78.4,7.6,7.7,4.6,79.4,93.1,70.0,3.2,75.9,14.2,9.9,44.7,3.3,79.5,18.6,2.3,3.5
24031701221,5.5,20.8,32.3,77.8,7.0,8.6,5.1,78.6,91.6,63.8,4.1,72.7,16.0,11.4,43.4,5.1,78.8,22.2,2.8,5.0
24031701222,4.7,23.6,32.1,78.8,10.3,8.9,5.4,79.8,93.3,74.3,3.9,77.0,17.6,9.2,43.5,3.6,82.6,22.5,2.6,4.4
24031701223,5.5,15.8,23.1,68.5,6.1,9.2,3.0,74.4,90.9,70.3,2.7,75.2,19.5,6.2,35.1,4.2,81.2,23.2,1.6,3.2
24031701303,4.6,24.4,33.0,79.4,10.6,8.8,5.7,80.1,93.7,74.7,4.1,77.2,17.5,9.5,44.6,3.4,82.1,22.5,2.8,3.5
24031701304,5.6,24.4,33.1,77.9,10.0,9.3,5.7,78.7,92.5,74.2,4.7,76.4,18.9,9.7,43.4,4.2,82.0,25.1,2.8,3.8
24031701306,4.8,22.9,31.3,77.4,9.7,8.9,5.1,78.6,93.0,73.8,4.0,77.3,18.2,8.9,43.1,3.6,82.4,23.6,2.5,4.3
24031701307,4.9,19.6,29.9,75.7,7.2,8.8,4.3,78.1,92.3,69.3,3.4,72.3,16.8,9.3,41.4,4.2,80.6,23.1,2.3,6.4
24031701308,6.2,22.4,33.1,78.3,8.3,8.9,5.4,78.8,92.3,71.8,4.3,73.0,16.6,10.6,43.6,4.5,80.7,23.5,2.8,5.7
24031701312,6.1,22.6,32.0,76.3,8.3,9.6,5.2,77.7,91.6,71.0,4.7,75.4,19.1,9.9,42.2,5.0,80.6,25.8,2.7,2.9
24031701313,7.4,23.0,32.8,76.8,8.5,9.5,5.4,78.1,91.7,72.0,4.8,73.0,18.2,10.5,42.9,5.3,82.4,25.8,2.9,6.2
24031701314,6.0,20.7,30.4,76.0,7.7,9.1,4.5,77.9,92.2,72.8,3.7,75.8,17.6,9.3,41.1,4.5,83.3,24.7,2.4,2.2
24031701315,6.1,22.2,32.2,76.2,7.5,9.8,4.9,77.8,91.5,70.2,4.5,71.0,18.9,10.3,41.4,5.5,81.2,26.2,2.8,5.8
24031701316,6.3,25.1,34.8,79.3,10.0,9.4,6.2,79.5,92.5,73.3,5.0,74.0,17.6,10.5,44.2,4.7,80.7,24.3,3.2,6.0
24031701317,5.4,23.2,32.5,77.2,8.9,9.4,5.3,78.3,92.1,72.0,4.6,72.0,18.6,9.9,43.2,4.5,79.6,24.7,2.7,6.4
24031701407,6.5,23.2,35.0,79.0,8.3,9.2,5.5,79.7,92.7,74.9,4.3,73.2,16.3,11.4,43.6,5.0,82.1,25.6,3.0,5.0
24031701408,8.2,23.2,34.7,78.2,8.1,9.3,6.0,78.4,91.3,70.7,5.0,66.0,17.0,11.8,43.5,5.9,78.5,25.7,3.2,7.9
24031701409,6.6,22.9,34.8,79.0,7.9,9.1,5.5,79.4,92.2,74.0,4.4,71.7,16.0,11.6,43.6,5.2,81.1,25.1,3.0,4.9
24031701414,8.0,22.6,36.6,78.3,6.8,9.9,5.5,79.9,91.7,69.8,4.6,62.8,15.8,12.6,41.7,7.0,80.9,28.3,3.4,9.1
24031701415,8.7,22.3,35.5,78.2,6.9,9.6,5.5,79.0,91.5,72.9,4.5,70.1,16.1,12.3,41.9,6.6,81.2,27.7,3.2,5.4
24031701417,10.4,17.9,32.9,70.5,3.9,11.3,4.0,76.4,88.2,64.3,4.4,61.2,18.4,11.0,34.7,11.0,80.5,33.5,2.9,8.7
24031701418,7.6,20.5,34.8,76.4,5.5,10.3,4.4,79.2,91.4,70.0,4.1,64.0,16.1,11.8,39.6,7.3,80.7,29.3,3.0,5.3
24031701422,11.5,16.2,32.4,67.9,3.1,11.7,3.3,75.9,87.7,58.3,3.9,56.1,18.1,10.3,32.1,12.1,79.8,36.0,2.6,11.9
24031701423,10.1,20.1,35.9,73.5,4.4,11.5,4.5,78.0,89.1,63.6,4.9,62.4,17.8,12.6,36.8,11.1,82.2,34.7,3.3,9.8
24031701424,11.7,23.4,37.5,78.6,6.9,9.6,6.5,78.5,90.4,69.3,5.5,63.4,15.9,13.8,42.9,8.1,81.0,28.4,3.8,9.1
24031701425,7.6,30.8,44.0,84.3,12.7,9.4,8.6,84.8,94.3,73.7,5.6,72.4,13.6,13.3,45.9,5.6,81.0,25.4,4.7,8.2
24031701426,9.0,19.4,33.9,74.2,4.7,10.8,4.3,77.8,89.9,67.4,4.3,67.8,16.9,11.5,37.8,8.8,80.5,30.5,3.0,9.3
24031701427,7.7,18.6,32.3,74.3,4.9,9.9,4.1,77.7,90.7,68.0,3.8,67.7,16.0,10.9,38.6,7.1,81.5,27.9,2.7,6.1
24031701503,11.0,23.6,36.7,78.7,7.4,9.6,6.2,78.6,90.8,71.2,5.3,68.7,15.9,13.0,43.1,7.1,82.3,27.5,3.6,6.7
24031701505,11.6,21.3,35.8,74.3,5.6,10.7,5.3,77.1,88.9,66.4,5.4,61.1,17.8,12.5,38.8,10.0,80.1,32.5,3.4,8.8
24031701506,7.4,24.1,36.2,79.2,8.5,9.6,5.9,80.0,92.4,72.9,4.8,70.7,16.5,11.7,43.4,5.7,81.1,26.7,3.3,5.4
24031701507,5.6,24.0,36.7,81.2,8.9,8.8,5.8,81.5,93.7,75.9,4.0,75.0,14.7,11.8,45.0,4.3,82.5,23.9,3.2,4.8
24031701508,11.1,20.3,37.6,71.9,3.9,12.2,4.6,77.6,87.8,62.6,5.5,53.0,19.0,13.3,35.5,14.1,79.5,38.5,3.6,11.1
24031701509,15.7,20.4,35.6,73.0,4.6,10.9,5.3,75.8,87.3,62.1,5.7,56.2,18.2,13.5,37.7,12.7,78.3,35.2,3.6,16.6
24031701601,15.2,18.3,33.5,71.3,3.7,10.8,4.5,74.7,86.5,61.0,4.9,54.6,17.8,12.4,35.9,12.4,79.8,33.8,3.2,13.5
24031701602,26.0,17.9,32.1,69.7,3.7,9.7,5.4,71.2,83.6,51.8,5.7,46.2,17.7,14.1,38.6,14.5,71.7,33.1,3.4,15.9
24031701701,7.1,24.7,35.2,77.4,8.4,10.3,5.7,78.5,91.6,70.3,5.4,69.3,19.8,11.1,42.1,6.1,77.5,29.1,3.3,5.7
24031701702,11.2,18.8,31.7,70.8,5.0,10.5,4.3,75.5,89.0,66.3,4.4,62.5,18.7,10.6,36.7,9.1,79.5,32.4,2.7,6.7
24031701703,10.3,20.4,33.0,73.9,5.8,10.2,4.8,76.4,90.1,67.5,4.7,66.8,18.0,11.0,39.2,7.8,81.9,30.0,3.0,7.7
24031701704,6.9,21.5,32.1,75.2,7.3,9.9,4.7,77.6,91.9,67.5,4.2,68.2,18.8,9.8,39.9,5.5,81.0,28.2,2.7,7.3
24031701800,6.9,25.1,38.4,78.4,7.9,10.5,5.9,80.3,92.5,68.5,5.3,66.9,17.8,12.4,42.3,6.8,79.0,30.9,3.5,7.9
24031701900,23.3,18.6,31.3,66.1,4.1,11.0,5.4,69.9,81.5,53.9,7.0,51.1,22.3,12.2,36.1,16.0,73.0,36.1,3.4,18.3
24031702000,31.0,19.2,33.7,69.5,3.9,10.1,6.1,70.2,82.1,52.8,6.7,46.3,18.4,15.3,39.4,16.7,72.8,35.5,3.8,21.4
24031702101,19.7,21.8,37.3,75.0,4.9,10.2,6.5,75.3,86.6,64.2,6.5,56.4,17.3,15.5,40.6,13.1,80.0,33.8,4.1,11.9
24031702102,4.6,19.9,27.5,73.4,8.4,9.2,4.1,76.9,92.6,72.5,3.3,75.6,18.9,7.2,39.7,3.5,82.2,23.6,2.1,2.4
24031702200,7.3,21.1,30.5,74.7,7.6,9.5,4.6,77.0,91.7,71.2,4.2,73.2,18.7,9.3,40.7,5.0,79.0,26.4,2.5,7.1
24031702301,16.5,18.2,31.2,70.0,4.6,10.3,4.5,73.5,86.8,64.0,4.9,57.1,18.5,10.9,36.1,10.7,76.7,32.4,2.9,11.2
24031702302,9.2,22.0,34.1,74.4,6.9,10.3,5.1,77.5,90.8,67.3,5.0,67.1,18.8,10.9,39.7,7.5,78.6,31.2,3.0,8.9
24031702401,5.9,22.3,32.0,76.2,8.4,9.6,4.8,78.3,92.7,73.6,4.1,78.2,18.8,9.5,41.5,4.6,82.9,26.9,2.6,4.8
24031702402,6.9,18.2,30.3,71.9,5.7,10.1,3.8,77.0,91.0,66.8,3.5,67.2,18.1,9.0,36.5,6.4,81.5,29.2,2.3,8.0
24031702501,5.1,11.8,21.5,61.5,3.7,9.7,2.0,73.4,89.9,69.4,1.9,74.5,18.9,5.1,28.9,5.2,84.7,26.0,1.3,3.8
24031702502,9.0,16.5,28.2,68.9,4.7,10.6,3.6,74.8,88.4,71.6,3.6,60.6,19.2,8.4,32.8,8.1,83.8,29.0,2.4,6.3
24031702503,7.1,15.5,26.4,67.9,4.6,10.2,3.2,74.5,88.8,73.3,3.1,70.6,19.5,7.4,32.1,6.8,82.9,27.8,2.1,4.5
24031702602,7.8,13.6,23.7,64.4,3.9,10.2,2.7,73.0,87.9,66.5,2.9,68.6,20.1,6.6,30.7,7.0,81.6,27.1,1.7,6.8
24031702603,6.8,14.0,24.1,65.3,4.2,10.2,2.8,73.7,88.9,72.0,2.7,73.3,20.1,6.6,30.8,6.5,84.5,27.3,1.8,4.5
24031702604,7.9,12.9,22.6,63.0,3.6,10.1,2.5,72.0,87.4,67.7,2.7,67.3,20.5,6.2,29.7,6.9,82.2,26.9,1.7,4.6
24031702700,9.4,21.3,33.2,74.2,6.5,10.1,5.2,76.8,89.8,66.9,5.0,65.1,18.8,11.1,39.6,7.7,80.0,30.0,3.0,6.8
24031702800,5.0,16.9,26.0,71.1,6.4,9.4,3.3,76.0,91.7,74.0,2.7,73.4,18.5,6.9,35.6,4.2,83.5,24.7,1.9,4.6
24031702900,4.2,22.6,31.5,77.5,9.5,9.2,4.8,79.6,93.8,75.8,3.5,79.1,17.7,8.6,42.0,3.5,82.9,24.3,2.4,2.3
24031703000,6.1,20.9,30.1,74.1,7.7,9.4,4.6,76.7,91.8,69.8,4.0,74.9,19.2,9.0,40.5,4.8,81.5,26.2,2.4,5.4
24031703100,11.4,22.2,32.8,75.1,7.0,9.7,5.5,76.3,90.1,69.2,5.2,68.6,18.8,11.5,41.4,7.2,80.2,28.8,3.1,6.3
24031703201,10.9,21.1,31.6,75.5,7.3,8.9,5.4,76.1,90.4,68.4,4.7,69.4,17.1,10.8,41.9,6.1,77.4,25.5,2.9,7.2
24031703202,6.8,24.2,33.4,78.0,9.4,9.2,5.8,78.7,92.4,71.0,4.7,69.8,18.0,10.3,43.5,4.7,77.8,25.1,3.0,4.8
24031703206,8.6,21.0,33.0,77.0,7.2,9.0,5.1,78.0,91.6,72.6,4.1,70.6,15.9,11.0,41.7,5.6,79.7,25.9,2.8,6.5
24031703207,17.9,19.2,30.8,72.2,5.5,9.6,5.2,73.5,87.4,65.1,4.9,59.5,18.0,11.3,38.1,9.6,78.2,30.3,3.0,12.6
24031703208,6.5,23.4,32.7,77.8,9.2,9.5,5.5,78.2,92.0,75.4,4.4,73.8,18.6,9.7,41.9,4.6,80.9,25.1,2.9,5.5
24031703209,10.2,19.5,31.8,73.8,5.9,9.6,4.9,76.3,89.5,67.4,4.2,64.6,17.4,10.8,38.4,7.7,80.0,28.5,2.8,8.0
24031703210,8.7,19.6,29.9,74.7,6.9,9.1,4.5,76.7,91.5,70.5,3.6,73.8,17.0,9.5,39.6,5.3,81.9,25.7,2.5,5.2
24031703213,21.6,17.7,31.0,66.9,3.6,11.0,4.6,71.2,83.4,55.6,5.7,52.1,20.1,12.1,35.4,15.0,75.3,35.1,3.1,14.4
24031703214,19.7,19.6,33.3,70.5,4.4,10.9,5.2,73.3,85.3,57.2,6.0,53.1,19.3,13.0,37.3,13.8,74.9,34.8,3.4,15.1
24031703215,14.8,22.4,35.4,75.6,6.2,10.2,6.1,76.3,88.6,65.2,5.9,61.6,17.9,13.3,40.7,9.9,78.8,31.1,3.7,10.8
24031703216,10.1,40.6,54.0,87.8,14.6,10.0,13.0,86.8,94.6,77.2,10.8,63.1,15.9,20.6,53.6,7.4,80.1,30.0,7.0,12.5
24031703218,5.3,46.4,56.6,91.3,21.7,8.5,13.7,92.0,98.2,82.9,9.0,73.4,12.6,17.4,58.5,3.0,82.9,20.7,6.8,9.0
24031703219,5.8,47.4,58.3,91.4,21.1,8.8,14.8,91.7,97.9,81.7,10.3,69.7,13.1,19.0,58.9,3.7,79.7,22.1,7.5,10.9
24031703220,11.2,25.1,38.5,79.4,7.6,10.1,6.4,79.5,91.2,71.9,5.6,66.0,16.4,13.7,42.9,7.8,79.9,29.4,4.0,9.8
24031703221,7.8,21.1,33.1,76.4,6.7,9.7,4.8,78.4,91.5,71.3,4.2,70.1,16.9,11.0,40.8,6.2,82.5,27.3,2.8,5.2
24031703222,13.3,21.7,35.7,75.2,5.6,10.2,5.7,76.5,88.8,67.4,5.6,60.7,17.6,13.6,40.5,10.0,77.2,31.8,3.5,10.9
24031703223,7.1,20.0,32.6,76.3,6.3,9.2,4.5,78.4,91.9,67.6,3.7,69.8,15.7,10.8,40.8,5.7,80.4,25.9,2.7,6.8
24031703301,17.6,18.4,29.3,71.9,5.4,8.8,5.0,72.9,88.0,63.9,4.5,65.5,16.9,11.2,39.9,8.2,78.8,27.3,2.7,8.4
24031703302,21.1,19.8,32.3,72.5,5.2,9.2,5.8,72.7,86.3,58.9,5.6,52.8,17.5,13.4,40.7,10.8,75.5,30.3,3.3,12.2
24031703401,19.3,19.1,31.4,72.9,5.0,8.9,5.4,73.3,87.6,61.9,4.8,59.8,16.7,12.9,40.6,9.6,78.6,29.1,3.1,12.3
24031703402,15.5,18.3,30.1,73.1,5.2,8.6,4.9,73.8,88.5,65.4,4.2,61.1,16.3,11.7,40.1,7.9,79.4,27.5,2.8,9.3
24031703403,19.7,17.6,29.1,70.7,4.8,8.8,4.8,71.9,87.1,61.6,4.3,59.3,16.8,11.4,38.8,9.0,77.6,29.1,2.7,8.5
24031703404,27.8,19.8,33.0,71.7,4.4,9.7,6.0,71.2,84.5,57.3,6.1,53.5,18.1,15.0,40.8,13.6,76.2,33.3,3.6,11.2
24031703501,16.8,19.5,32.4,73.1,5.1,9.6,5.1,74.4,88.1,62.2,4.9,59.8,17.0,12.4,39.7,9.5,76.9,30.3,3.1,10.1
24031703502,8.6,22.4,31.9,76.0,8.2,9.4,5.4,77.0,91.1,70.4,4.7,72.8,18.4,10.2,41.6,5.6,79.5,26.0,2.9,4.9
24031703601,9.2,19.8,29.6,73.9,6.9,8.9,4.5,75.9,91.0,69.9,3.9,71.1,17.6,9.6,40.0,5.5,80.4,26.1,2.5,5.8
24031703602,5.6,20.9,30.0,75.1,8.1,9.2,4.5,77.4,92.6,71.9,3.7,76.4,18.4,8.8,41.2,4.1,81.0,24.9,2.4,4.4
24031703701,25.6,20.0,32.7,71.4,4.7,9.9,6.0,71.4,84.6,56.6,6.3,53.1,18.7,14.2,40.4,13.0,73.5,32.7,3.5,15.4
24031703702,15.9,19.2,31.2,72.5,5.4,9.1,5.2,73.8,88.1,60.8,4.9,61.6,17.6,11.9,39.9,8.8,78.5,29.2,2.9,9.8
24031703800,11.1,15.9,28.1,66.6,4.1,10.5,3.6,73.8,87.5,64.6,3.9,60.4,19.5,8.9,33.7,9.5,79.7,31.0,2.3,6.6
24031703901,6.6,21.2,30.7,74.8,7.7,9.4,4.7,77.4,91.9,68.0,4.1,73.6,18.5,9.3,40.7,5.0,79.2,26.0,2.5,7.5
24031703902,13.0,19.4,31.0,72.3,5.6,9.8,4.8,74.8,88.7,65.8,4.7,64.0,18.4,10.9,38.7,8.3,77.3,29.4,2.8,5.5
24031704000,9.9,20.4,31.1,75.0,6.8,9.4,4.9,76.5,90.8,69.0,4.2,67.8,17.7,10.3,40.0,6.2,79.4,27.0,2.8,5.8
24031704100,4.2,24.3,32.1,78.7,11.1,9.0,5.4,79.8,93.6,75.0,3.9,79.6,18.1,8.5,43.5,3.2,81.6,22.9,2.6,2.7
24031704200,5.6,21.1,29.4,74.7,8.3,9.2,4.4,77.5,92.3,70.3,3.8,77.1,18.8,8.5,40.9,4.2,80.0,25.1,2.3,4.0
24031704300,4.2,21.6,29.0,75.1,9.2,9.2,4.5,77.9,93.0,70.8,3.6,79.3,19.2,7.8,41.3,3.4,81.6,23.6,2.2,4.2
24031704401,4.3,22.2,31.7,78.0,9.2,8.7,5.0,79.7,93.8,73.0,3.5,77.2,16.6,9.3,43.7,3.4,81.6,22.5,2.5,3.5
24031704403,4.9,26.8,34.8,81.1,12.0,8.9,6.0,81.5,94.4,76.1,4.4,75.5,16.9,10.0,46.1,3.4,81.3,22.4,3.0,2.9
24031704404,4.8,22.8,31.3,78.0,10.1,8.7,5.3,79.3,93.2,71.6,3.7,76.9,17.1,8.7,42.4,3.5,83.1,22.3,2.6,4.6
24031704501,4.5,20.9,29.7,76.8,8.9,8.5,4.6,78.7,93.5,72.9,3.2,76.3,16.7,8.5,42.0,3.3,81.1,22.0,2.3,4.8
24031704502,3.5,22.6,31.1,78.1,9.9,8.7,5.0,79.9,93.9,72.1,3.4,79.3,17.2,8.7,43.7,3.0,82.7,22.1,2.4,2.4
24031704503,4.5,20.6,28.6,74.6,8.6,8.9,4.3,77.7,93.0,67.7,3.5,78.5,18.2,7.9,41.4,3.4,79.6,23.1,2.2,2.2
24031704600,4.5,20.8,28.7,76.0,9.1,8.7,4.5,78.1,93.0,71.7,3.4,78.8,17.6,8.0,41.8,3.3,82.2,21.8,2.2,2.8
24031704700,3.8,23.4,30.9,78.5,10.8,8.8,5.1,79.6,93.6,77.3,3.7,79.5,17.9,8.3,44.1,2.9,83.3,21.8,2.4,3.1
24031704803,5.5,17.2,25.0,70.6,6.6,9.3,3.5,75.2,90.7,70.2,3.0,76.1,19.8,7.0,36.1,4.5,82.3,23.9,1.9,2.7
24031704804,4.6,19.1,26.9,73.8,8.1,9.0,4.1,76.3,91.5,74.9,3.1,77.0,19.2,7.3,38.2,3.7,81.7,23.0,2.1,3.1
24031704805,5.3,20.6,29.3,75.7,8.4,8.9,4.8,77.1,91.5,73.1,3.7,71.9,18.6,8.5,39.7,4.2,80.5,23.1,2.4,3.9
24031704806,5.0,12.8,20.0,63.4,4.9,8.9,2.5,72.1,89.4,71.1,2.2,75.1,20.0,5.0,31.4,4.2,83.0,22.1,1.3,3.8
24031705000,5.2,18.3,25.4,73.0,8.0,8.8,4.1,75.3,89.9,71.6,3.1,75.2,18.5,6.6,36.7,3.9,81.0,21.1,2.0,3.4
24031705100,4.2,24.5,32.7,79.3,11.0,9.2,5.5,80.3,93.7,76.0,4.0,78.7,18.0,8.9,43.7,3.3,82.3,22.9,2.7,2.9
24031705200,3.8,24.0,31.8,78.6,10.9,9.1,5.3,79.9,93.6,75.8,3.8,80.8,18.4,8.5,43.7,3.1,82.2,22.9,2.5,2.7
24031705300,3.1,25.5,32.6,79.8,12.6,8.8,5.5,81.3,94.8,77.3,3.7,81.3,17.8,8.2,45.8,2.4,83.8,21.8,2.5,1.8
24031705400,3.5,24.1,31.5,78.5,11.1,9.0,5.2,80.1,94.1,75.0,3.8,77.7,18.2,8.4,44.7,2.8,83.0,22.4,2.4,2.0
24031705501,5.8,18.3,26.0,72.5,7.6,8.9,4.2,75.4,90.5,71.1,3.4,75.8,18.8,7.2,37.7,4.3,79.5,21.9,2.1,3.5
24031705502,4.3,26.0,33.9,79.7,11.4,9.2,6.0,80.5,93.7,73.8,4.5,77.5,18.4,9.6,45.3,3.4,82.4,23.7,2.8,4.0
24031705601,3.9,21.6,29.1,76.0,9.6,9.0,4.5,78.7,93.6,71.0,3.3,79.0,18.5,7.8,42.0,3.0,82.2,23.0,2.2,3.3
24031705602,5.5,28.8,36.9,82.6,13.2,8.9,7.3,82.0,93.7,77.2,5.0,75.7,17.0,10.6,46.1,3.8,81.5,22.2,3.5,3.2
24031705701,4.8,21.8,29.8,76.3,9.3,9.0,4.8,78.2,92.5,73.6,3.8,79.0,18.3,8.3,41.8,3.6,82.2,23.0,2.4,2.8
24031705702,3.9,25.5,33.0,80.0,12.3,8.7,5.8,81.0,94.4,75.2,3.9,80.1,17.4,8.6,45.1,2.8,81.3,22.0,2.7,2.7
24031705800,3.9,23.1,31.0,77.8,10.3,9.0,5.0,79.6,93.8,74.5,3.7,78.6,18.0,8.5,43.7,3.1,81.9,22.8,2.4,2.7
24031705901,4.0,25.3,33.7,80.7,11.9,8.5,6.1,81.4,94.2,72.9,3.9,78.4,16.3,9.3,45.6,3.0,81.5,20.9,2.8,2.4
24031705902,3.6,22.9,31.1,78.7,10.5,8.6,5.1,80.3,94.2,73.5,3.4,78.9,16.8,8.6,44.2,2.8,83.0,21.4,2.4,3.8
24031705903,3.6,22.3,31.1,78.8,9.9,8.4,5.0,80.3,94.0,73.2,3.3,81.1,16.5,8.9,44.4,2.9,81.6,21.0,2.4,2.5
24031706005,4.2,24.2,33.7,80.9,10.9,8.3,5.8,81.4,94.1,74.5,3.9,79.8,15.5,9.9,46.1,3.1,83.3,20.3,2.8,2.1
24031706007,4.1,23.5,33.3,80.7,10.2,8.1,5.7,81.1,94.0,73.0,3.8,79.4,15.3,10.2,46.3,3.1,82.0,20.0,2.7,2.2
24031706008,3.4,22.9,31.9,79.8,10.3,8.3,5.2,80.8,94.2,73.8,3.4,79.7,16.3,9.2,45.5,2.7,80.7,20.5,2.4,2.4
24031706009,3.9,23.6,32.8,79.5,10.2,8.6,5.5,80.5,93.9,73.4,3.8,77.5,16.8,9.7,45.3,3.2,81.1,21.9,2.6,4.1
24031706010,4.6,22.5,32.0,78.5,9.4,8.7,5.1,80.0,93.6,71.0,3.6,75.8,16.2,9.5,43.5,3.7,83.2,22.3,2.6,4.0
24031706011,4.1,23.3,32.9,80.3,10.4,8.1,5.6,81.0,94.0,71.5,3.6,79.5,15.2,9.8,45.8,3.0,81.0,20.0,2.7,3.6
24031706012,7.7,25.4,36.5,79.8,9.1,9.3,6.8,79.9,92.0,71.8,5.4,70.7,17.4,12.6,44.6,5.8,80.1,25.7,3.6,3.9
24031706013,4.0,23.7,32.5,79.2,10.4,8.6,5.4,80.4,93.9,72.2,3.8,78.5,16.9,9.4,44.7,3.2,82.4,21.9,2.6,4.8
24033800102,12.5,23.2,33.6,72.5,6.4,11.1,4.8,75.0,88.6,67.1,5.3,57.9,17.0,11.5,35.4,8.5,79.4,38.4,3.0,12.8
24033800103,15.8,20.3,33.5,68.1,4.4,11.3,4.6,73.1,85.4,61.0,5.5,51.9,17.0,12.3,32.9,12.2,74.9,41.8,3.0,12.7
24033800105,10.2,22.1,34.5,73.2,5.5,11.1,4.1,77.2,90.5,67.6,4.3,62.7,15.4,11.9,34.7,8.2,81.9,39.6,2.8,10.1
24033800106,8.9,22.9,36.5,74.4,5.4,11.4,4.3,78.2,90.8,66.9,4.5,60.0,15.1,12.7,35.2,8.5,80.5,40.2,3.0,10.2
24033800108,11.1,19.6,33.8,68.7,4.0,11.9,3.8,75.8,87.7,67.9,4.4,62.7,16.5,11.5,31.0,11.3,82.1,42.9,2.7,10.8
24033800109,20.3,23.0,35.3,71.2,5.2,11.6,5.4,73.5,85.5,62.9,6.5,56.4,16.9,13.9,35.0,13.2,80.3,42.2,3.6,11.5
24033800203,8.4,26.6,35.9,77.0,8.9,10.3,5.7,78.1,91.4,71.3,5.4,65.2,16.1,12.0,39.4,6.0,80.1,34.8,3.1,6.8
24033800206,8.9,22.0,35.9,73.5,5.1,11.7,4.2,78.2,90.0,69.2,4.4,63.4,15.4,12.4,33.8,9.2,83.5,40.8,2.9,8.2
24033800209,17.3,20.5,33.8,69.5,4.3,11.5,4.4,74.2,86.3,63.7,5.0,50.1,16.2,12.5,32.1,12.5,79.5,42.8,3.1,16.2
24033800210,13.4,19.7,33.7,69.2,3.9,12.1,3.7,75.5,87.3,63.5,4.6,54.0,16.1,11.7,31.1,11.8,78.2,42.3,2.8,13.9
24033800211,10.8,22.4,35.4,72.8,5.7,11.6,4.6,77.2,88.9,66.2,4.9,59.4,15.9,12.0,33.5,9.8,81.3,39.9,3.1,11.5
24033800212,8.5,23.2,36.1,76.7,6.1,10.9,4.7,78.9,90.8,71.5,4.3,65.5,14.1,12.6,36.1,7.3,83.0,35.3,3.2,8.8
24033800213,10.2,20.6,33.7,71.6,4.7,11.1,4.0,76.3,89.1,67.3,4.3,64.9,15.6,11.9,33.5,9.2,81.8,39.5,2.7,7.0
24033800216,8.2,20.7,32.9,72.8,5.6,10.7,3.9,77.5,90.8,70.3,3.7,67.7,14.5,10.7,33.9,7.1,83.0,36.3,2.6,5.0
24033800217,9.7,22.4,35.8,73.3,5.5,11.3,4.5,77.8,90.1,69.1,4.5,64.7,15.2,12.3,34.3,8.9,82.0,40.2,3.0,7.3
24033800218,15.3,22.8,37.5,70.8,4.5,12.3,5.0,75.3,86.5,60.6,6.2,54.8,17.3,14.2,33.4,14.0,78.4,45.9,3.5,12.5
24033800401,7.4,26.3,35.9,77.1,8.6,10.5,5.4,78.4,91.5,72.8,5.0,67.0,16.0,11.7,38.6,5.9,80.5,34.7,3.1,7.8
24033800402,8.6,26.9,36.5,76.4,8.5,10.8,5.7,77.9,91.0,69.9,5.6,67.0,16.7,12.0,38.3,6.7,79.1,36.7,3.3,7.3
24033800403,6.7,25.3,36.0,77.0,8.1,10.7,5.0,79.1,92.1,72.7,4.4,69.5,15.4,11.5,37.6,5.9,82.0,35.6,3.0,7.2
24033800408,8.8,24.2,38.5,77.3,6.1,11.2,4.7,79.7,91.6,69.6,4.4,64.0,13.8,13.3,36.5,7.6,83.5,38.9,3.3,9.5
24033800409,6.8,24.8,37.2,77.3,7.1,11.0,4.6,80.0,92.3,73.7,4.2,67.1,14.5,12.2,37.2,6.4,82.3,37.4,3.0,6.0
24033800410,6.5,18.9,30.2,71.4,5.0,11.6,3.4,78.0,89.6,72.7,3.3,68.6,15.4,9.5,30.9,7.5,82.7,34.9,2.3,6.2
24033800411,7.7,23.4,37.5,76.0,5.9,11.1,4.5,79.6,91.5,72.8,4.3,65.4,14.0,12.8,36.1,7.5,83.0,38.5,3.0,9.1
24033800412,13.4,23.8,38.4,75.0,5.3,11.5,5.3,77.3,88.7,65.7,5.6,58.3,14.7,14.4,35.9,10.7,80.7,40.1,3.7,12.3
24033800413,8.8,21.5,37.0,72.6,4.3,12.3,3.8,78.9,90.2,70.9,4.2,65.5,14.9,12.4,32.2,10.1,82.0,43.2,3.0,6.3
24033800504,8.1,27.3,36.1,76.9,8.9,10.8,5.6,78.1,91.3,71.9,5.5,66.2,16.8,11.7,39.0,6.1,80.4,35.5,3.2,7.4
24033800505,7.4,25.1,34.1,75.6,8.3,10.5,4.9,77.5,91.5,71.9,4.6,69.7,16.4,10.6,37.3,5.6,79.5,34.9,2.8,6.8
24033800507,8.2,23.7,37.0,75.5,5.8,11.8,4.6,78.4,90.3,71.0,4.8,65.9,15.9,12.6,35.0,8.4,82.8,39.9,3.2,6.2
24033800511,8.3,25.8,38.4,76.7,6.9,11.6,5.0,79.5,91.4,72.6,5.0,65.3,15.3,12.9,36.7,7.8,79.7,39.5,3.3,9.1
24033800513,7.3,24.1,35.8,75.5,7.0,11.1,4.6,78.9,91.8,70.6,4.4,65.8,15.3,11.5,36.1,6.8,82.8,37.3,2.9,6.1
24033800514,5.7,22.5,37.7,76.7,5.2,11.4,3.8,81.0,92.9,71.8,3.5,70.0,13.3,12.4,35.0,6.8,85.8,39.2,2.8,6.3
24033800515,8.8,25.4,38.6,76.2,6.3,11.9,4.9,79.1,90.8,72.3,5.2,64.9,15.6,13.3,35.9,8.8,83.5,40.7,3.5,10.2
24033800516,7.0,23.8,36.3,76.2,6.3,11.5,4.3,79.6,91.8,71.3,4.1,68.1,14.7,11.7,34.9,7.0,84.9,37.6,3.0,8.3
24033800517,6.0,26.3,42.1,79.9,6.3,11.8,4.9,82.5,93.1,77.0,4.3,72.1,13.4,14.6,37.5,7.2,85.4,40.5,3.6,6.7
24033800518,5.5,25.8,41.7,79.7,6.4,11.5,4.7,82.7,93.4,73.4,4.0,70.7,13.1,14.1,37.2,6.7,86.0,40.2,3.4,5.6
24033800519,6.6,24.3,37.6,76.8,6.3,11.5,4.4,80.0,92.1,68.7,4.3,67.3,14.6,12.5,36.3,7.1,83.2,38.6,3.1,8.2
24033800520,7.7,24.6,39.5,76.6,5.3,12.5,4.3,80.9,91.9,67.3,4.4,64.4,14.7,13.4,34.4,8.9,84.4,42.7,3.4,10.5
24033800521,6.6,29.8,46.5,82.2,7.3,11.9,5.9,84.2,93.9,75.0,4.9,68.7,12.7,16.3,39.0,7.4,83.9,41.4,4.4,14.0
24033800522,5.3,23.9,40.2,78.2,5.4,11.9,4.0,82.3,93.4,75.7,3.5,70.9,13.1,13.1,35.3,6.9,86.2,41.1,3.1,7.2
24033800605,9.2,20.8,35.7,72.0,4.5,11.8,3.7,77.4,89.4,70.1,4.0,64.1,14.3,11.5,32.2,9.1,83.2,40.8,2.9,7.5
24033800606,6.7,21.2,36.0,73.0,4.3,12.7,3.3,79.9,91.8,66.3,3.6,68.7,15.1,11.4,31.5,8.7,84.7,43.0,2.7,8.7
24033800607,7.5,27.1,43.4,79.4,6.1,12.2,5.2,82.1,92.4,74.3,5.0,66.6,13.7,15.5,37.3,8.6,82.6,42.6,3.9,7.0
24033800608,6.1,21.5,37.3,74.4,4.5,12.0,3.4,80.7,92.5,70.4,3.4,67.7,13.8,11.9,32.8,7.8,84.9,42.1,2.7,5.9
24033800609,10.0,26.7,42.4,78.2,5.9,12.4,5.5,80.4,90.8,69.7,5.6,63.2,14.5,15.4,36.5,10.0,84.4,42.9,4.1,10.2
24033800701,6.6,21.8,36.9,75.0,5.0,11.8,3.6,80.4,92.5,71.6,3.4,67.0,13.7,11.7,33.3,7.4,85.3,40.7,2.8,5.8
24033800704,7.9,24.3,39.3,75.0,5.2,12.8,4.4,80.1,91.0,72.1,4.8,61.5,15.6,13.4,33.9,10.0,83.8,44.1,3.4,6.2
24033800705,6.9,26.2,42.0,78.6,6.1,12.0,4.8,81.7,92.5,73.3,4.6,64.3,13.9,14.4,36.6,8.0,84.7,42.1,3.6,12.6
24033800706,8.9,26.5,43.1,78.3,5.7,12.4,5.3,81.0,91.6,69.3,5.4,57.9,14.2,15.7,36.9,9.8,81.9,43.6,4.0,16.5
24033800707,9.1,30.0,45.8,80.8,6.9,12.1,6.4,81.8,92.1,70.5,6.2,61.8,14.3,17.2,39.3,9.2,81.7,43.2,4.6,12.6
24033800800,7.8,30.1,40.8,79.6,9.4,11.1,6.6,79.8,92.1,72.5,6.2,65.2,16.1,13.9,41.0,6.5,79.0,37.6,3.8,8.8
24033800900,8.6,29.7,41.4,78.8,8.5,11.5,6.6,79.1,90.9,72.3,6.7,63.6,16.6,14.5,39.9,7.8,77.7,39.7,4.0,10.6
24033801003,8.6,23.9,39.0,74.6,5.4,12.2,4.6,79.2,90.7,66.5,4.9,63.4,15.4,13.3,34.3,9.7,81.8,43.4,3.3,7.8
24033801004,8.5,26.4,42.1,77.6,5.9,12.2,5.3,80.3,91.2,69.2,5.4,60.7,14.9,15.2,36.6,9.6,81.9,43.5,3.8,9.9
24033801005,8.0,25.5,41.5,77.6,5.6,12.2,4.8,80.7,91.6,72.5,4.8,63.2,14.2,14.5,36.0,8.9,82.8,42.6,3.6,11.2
24033801006,7.1,24.4,39.9,77.3,5.5,12.1,4.4,81.0,92.2,72.6,4.2,65.4,14.0,13.5,35.5,8.1,85.4,41.6,3.3,5.2
24033801105,11.1,9.2,17.2,44.5,2.0,10.7,1.6,65.4,78.8,56.7,2.5,59.9,20.0,4.1,20.8,9.4,77.8,31.8,1.1,18.1
24033801106,8.3,14.1,23.5,58.4,3.4,10.9,2.3,70.4,86.4,63.4,2.9,66.4,19.0,6.6,26.6,7.7,80.5,36.6,1.5,4.5
24033801207,10.3,28.2,44.6,79.3,6.2,11.9,6.1,80.8,91.3,71.3,6.0,63.9,14.2,17.2,38.6,10.1,82.8,44.1,4.4,12.1
24033801208,8.3,25.9,42.4,77.7,5.5,12.2,4.9,81.0,91.8,71.3,4.9,63.2,13.9,15.0,36.1,9.2,83.3,43.7,3.7,10.1
24033801209,9.3,26.6,43.1,77.8,5.4,12.7,5.3,80.7,90.9,70.9,5.6,63.5,14.7,16.0,36.3,10.5,84.8,44.6,4.1,9.9
24033801210,10.3,28.5,45.4,80.0,6.2,11.9,6.2,81.3,91.3,68.6,6.0,57.3,13.7,17.4,38.6,9.8,82.7,43.7,4.5,11.3
24033801211,10.9,26.4,41.8,78.1,5.9,11.9,5.5,79.7,91.0,71.1,5.5,61.9,14.2,15.4,37.3,9.4,81.5,41.7,4.0,9.1
24033801212,11.7,27.7,43.6,79.2,6.2,11.9,5.9,80.2,91.0,72.2,5.8,59.4,13.9,16.2,38.0,9.5,82.1,42.4,4.3,11.4
24033801213,12.8,28.0,44.3,79.3,6.0,11.9,6.2,80.0,90.6,70.5,6.2,57.5,14.1,17.4,38.4,10.4,83.2,43.9,4.5,9.9
24033801214,12.9,30.1,45.7,79.9,6.8,12.2,7.0,80.3,90.4,69.7,7.2,53.9,14.9,18.2,39.3,11.1,79.1,44.5,5.0,12.3
24033801215,8.7,24.2,39.7,76.6,5.3,12.0,4.5,80.0,91.4,70.7,4.5,64.0,14.0,13.8,35.3,8.8,83.9,41.7,3.4,9.1
24033801216,12.2,29.0,45.8,79.3,6.2,12.3,6.7,80.5,90.2,71.2,7.0,56.8,14.5,18.0,38.6,11.6,83.4,44.7,4.8,15.9
24033801217,11.0,28.9,45.7,79.8,6.3,12.2,6.5,80.8,90.8,72.6,6.6,56.3,14.2,17.6,38.7,10.7,82.4,43.9,4.7,17.2
24033801302,8.2,27.2,39.0,78.4,8.3,11.0,5.7,79.7,92.2,71.1,5.3,68.3,15.0,13.2,39.3,6.6,80.5,37.0,3.5,7.9
24033801305,10.6,26.8,42.6,78.8,6.0,11.6,5.7,80.1,91.1,69.1,5.5,58.1,13.9,16.3,37.9,9.4,82.2,42.1,4.1,8.2
24033801307,7.7,29.5,45.3,82.7,7.8,10.8,6.4,83.1,93.5,77.8,5.0,66.1,12.3,16.6,41.0,6.7,85.0,38.4,4.3,5.0
24033801308,8.1,25.9,41.3,79.5,6.2,11.2,5.2,81.2,92.5,74.7,4.5,64.7,13.1,14.8,37.8,7.5,82.8,39.2,3.7,10.3
24033801309,6.6,28.0,42.3,80.7,7.9,10.9,5.8,82.1,93.4,73.8,4.6,71.0,13.4,14.6,39.5,6.4,84.5,38.5,3.7,6.8
24033801310,7.4,25.0,40.3,77.7,5.8,11.7,4.7,80.6,92.1,72.8,4.5,66.2,14.0,14.0,36.5,7.9,84.9,41.0,3.4,8.6
24033801311,7.5,24.2,39.6,76.9,5.6,11.7,4.5,80.5,92.1,72.6,4.2,66.7,13.8,13.5,35.5,7.9,85.0,41.0,3.3,7.9
24033801312,10.2,26.5,41.4,79.2,6.4,11.3,5.6,80.4,91.8,72.1,5.1,66.0,13.5,15.2,38.1,8.2,83.3,39.6,3.9,9.9
24033801313,10.3,26.5,41.5,79.5,6.2,11.2,5.2,80.3,91.9,72.2,4.9,64.2,13.3,15.3,38.3,7.9,84.3,40.1,3.8,10.8
24033801404,10.0,23.9,37.8,76.0,5.8,11.1,4.8,78.4,91.0,68.8,4.7,61.8,14.4,13.5,36.4,8.2,81.5,39.4,3.3,7.0
24033801405,20.3,23.1,36.9,73.9,4.7,11.2,5.5,74.5,86.5,63.5,6.1,49.5,15.1,15.5,36.6,12.3,78.5,40.5,3.8,21.5
24033801406,11.4,25.9,41.5,76.9,5.4,12.6,5.2,79.6,90.2,68.4,5.7,58.2,14.9,15.2,35.7,10.7,83.7,43.6,4.0,11.9
24033801407,10.8,25.4,40.4,77.9,5.8,11.8,5.1,79.8,91.2,72.9,4.9,60.7,13.9,14.7,36.4,8.9,85.2,41.3,3.7,9.5
24033801408,11.0,24.5,40.3,75.5,4.9,12.5,4.7,79.1,90.1,72.4,5.2,60.2,14.7,14.3,34.5,10.6,83.8,43.8,3.7,12.5
24033801409,13.3,26.3,41.3,79.0,6.0,11.1,5.7,79.1,90.7,70.0,5.3,59.6,13.3,15.7,38.0,9.0,82.4,40.1,4.1,13.6
24033801410,10.7,27.6,43.3,80.3,6.5,10.9,6.3,80.5,91.5,70.4,5.6,60.4,13.3,17.0,39.7,8.6,82.1,39.6,4.3,7.9
24033801411,11.6,25.6,40.8,78.6,5.8,10.8,5.6,79.2,90.8,70.6,5.2,65.6,13.2,15.9,38.5,8.8,83.7,39.1,3.9,8.9
24033801500,16.8,26.0,41.0,77.0,5.5,11.8,5.9,77.5,89.3,68.5,6.0,56.1,14.5,16.2,37.3,11.0,82.8,42.9,4.2,10.4
24033801600,16.6,25.0,42.2,72.6,4.2,13.4,5.9,76.9,85.7,65.6,7.3,49.6,17.1,16.7,33.2,17.6,81.1,49.8,4.6,18.0
24033801701,11.1,24.2,40.3,74.9,4.7,12.7,4.8,78.7,89.4,70.8,5.3,57.0,15.4,14.6,33.8,11.5,82.8,45.2,3.7,10.6
24033801702,13.4,25.4,42.5,73.6,4.3,13.8,5.3,78.3,87.1,64.3,7.0,48.5,17.2,16.4,33.5,16.4,80.4,49.5,4.3,18.0
24033801704,12.2,24.5,42.0,74.2,4.3,13.2,5.1,78.7,88.3,67.0,6.1,52.3,16.0,15.9,33.6,14.2,80.7,48.1,4.1,9.9
24033801707,21.7,23.2,39.1,71.8,4.0,12.6,5.6,74.6,84.6,63.5,6.9,51.7,16.5,16.0,33.8,16.4,79.3,46.8,4.2,25.4
24033801709,16.1,26.4,43.7,75.4,4.6,12.9,6.1,77.8,87.1,64.7,7.5,49.2,16.2,18.0,35.7,15.9,81.3,48.6,4.7,17.3
24033801801,13.1,25.1,41.9,73.6,4.4,13.5,5.3,78.2,87.5,65.8,6.6,47.2,16.8,16.0,33.4,15.3,80.4,48.6,4.3,21.2
24033801802,10.2,24.9,41.4,75.9,5.0,12.6,4.8,79.7,90.3,69.1,5.2,57.1,14.8,14.8,34.4,10.8,84.0,44.8,3.8,10.5
24033801807,9.9,26.0,43.5,77.2,5.2,12.5,5.4,80.5,90.2,71.5,5.6,54.8,14.4,15.9,35.1,11.4,82.1,45.3,4.2,14.9
24033801808,11.5,25.7,42.9,75.6,4.8,13.1,5.5,79.4,89.0,64.8,6.1,49.8,15.6,16.2,34.3,13.2,79.2,47.1,4.3,15.6
24033801809,11.8,28.6,46.6,78.7,5.7,12.5,6.7,80.5,89.7,70.1,6.9,51.7,14.5,18.5,37.4,12.6,80.7,46.7,5.0,20.7
24033801901,10.2,27.9,43.7,79.5,6.5,11.8,6.0,80.7,91.4,74.1,5.7,58.5,13.9,16.3,38.2,9.3,84.5,42.3,4.3,8.9
24033801904,12.5,24.3,39.4,75.4,5.1,12.3,5.0,78.2,89.5,68.7,5.3,58.2,15.1,14.3,34.7,10.8,82.4,43.3,3.7,10.9
24033801905,9.3,22.2,37.4,73.3,4.6,12.2,4.1,78.4,89.9,69.8,4.4,62.8,15.2,12.7,32.6,9.9,85.4,43.0,3.2,10.4
24033801906,12.9,23.8,38.6,73.8,5.0,12.1,5.0,77.2,88.5,65.0,5.6,56.7,15.9,14.2,34.4,11.5,80.4,44.0,3.6,13.7
24033801907,12.3,32.8,50.3,81.5,6.6,13.0,7.7,82.3,90.6,71.7,8.3,52.8,14.7,20.8,39.8,13.1,80.7,47.4,6.0,14.4
24033801908,12.4,22.6,39.0,71.9,3.9,13.5,4.3,77.6,87.8,63.1,5.5,54.8,16.1,13.7,31.9,13.5,81.4,46.0,3.6,15.6
24033802001,12.2,23.6,40.3,73.2,4.2,13.2,4.8,78.1,87.9,68.2,5.7,51.8,16.0,14.7,32.8,13.6,82.0,46.7,3.8,14.4
24033802002,9.5,25.3,41.5,77.2,5.2,12.3,4.7,80.5,91.1,72.1,4.9,59.2,14.0,14.5,34.9,9.7,84.1,43.6,3.8,9.9
24033802103,12.8,29.7,47.4,78.7,5.4,13.1,6.8,80.3,89.3,69.4,7.8,52.5,15.5,19.7,38.1,14.3,80.6,48.9,5.2,17.0
24033802104,12.2,28.0,45.0,78.0,5.4,12.8,6.3,79.8,89.3,66.9,7.0,52.6,15.4,18.0,37.3,13.0,79.4,46.3,4.7,9.6
24033802106,12.1,22.9,39.7,72.0,3.9,13.6,4.5,77.8,87.6,69.1,5.7,51.4,16.5,14.3,31.9,14.3,80.3,47.5,3.7,13.8
24033802107,11.9,22.3,39.6,70.7,3.6,13.7,4.2,78.0,87.2,65.1,5.8,52.3,16.9,14.2,31.1,15.6,83.0,48.8,3.6,16.8
24033802201,11.1,20.7,34.9,71.4,4.3,12.0,3.8,77.0,89.6,67.7,4.2,64.2,15.4,11.7,31.8,9.9,84.0,42.4,2.9,8.9
24033802203,12.7,28.1,45.3,78.4,5.7,12.5,6.4,79.9,89.9,69.3,6.7,54.5,14.6,17.7,37.3,12.0,81.8,46.0,4.8,19.9
24033802204,10.7,27.2,44.0,78.4,5.6,12.6,5.6,80.7,90.8,70.7,5.8,58.5,14.1,16.2,36.4,10.7,84.3,44.3,4.4,15.3
24033802301,12.0,29.0,46.3,79.2,5.9,12.5,6.7,80.7,89.9,69.0,7.0,54.6,14.6,18.5,38.0,12.4,81.5,46.1,5.0,14.8
24033802404,13.0,26.4,44.4,74.0,4.2,14.3,5.6,79.0,86.6,62.6,7.7,45.3,17.5,17.5,33.4,18.2,78.8,51.5,4.7,25.5
24033802405,10.5,25.7,42.5,76.9,5.1,12.6,5.1,79.9,90.3,67.6,5.4,54.6,14.6,15.3,34.9,10.9,82.6,45.0,4.1,12.6
24033802406,13.4,24.4,41.1,74.5,4.7,12.4,5.3,78.0,88.4,68.4,5.8,54.2,15.2,15.5,34.3,12.7,82.1,45.8,4.0,11.7
24033802407,11.1,26.8,44.4,76.2,4.8,13.4,5.5,79.9,89.3,66.9,6.6,54.2,15.8,16.9,35.2,13.6,80.7,48.3,4.4,15.4
24033802408,11.1,27.0,44.0,77.2,5.1,12.9,5.6,80.1,89.9,71.2,6.2,57.3,15.2,16.9,36.1,12.3,82.9,46.5,4.4,11.2
24033802501,11.6,26.6,44.5,76.3,4.7,13.3,5.7,79.7,88.8,68.1,6.6,53.7,15.6,17.2,35.1,14.0,81.7,48.4,4.5,16.0
24033802502,12.0,26.2,42.8,77.0,5.3,12.6,5.5,79.4,90.1,69.9,5.8,57.5,14.5,15.8,35.7,11.2,81.2,44.6,4.3,9.1
24033802600,13.9,25.0,42.1,75.4,4.6,12.3,5.3,77.9,88.6,66.3,5.8,51.5,14.9,15.9,34.6,12.6,81.2,46.5,4.2,18.4
24033802700,15.8,26.3,43.3,76.5,5.0,12.4,6.1,78.0,88.1,69.3,6.8,54.4,15.0,17.3,36.3,13.3,81.6,46.0,4.7,14.2
24033802803,12.5,25.5,42.4,75.4,4.7,13.1,5.3,78.8,88.8,67.3,6.2,52.1,15.5,15.9,34.5,13.1,82.1,46.3,4.3,13.6
24033802804,11.0,27.5,44.3,77.8,5.4,13.1,5.8,80.6,90.2,67.2,6.2,54.4,14.9,16.6,35.8,12.1,81.1,45.8,4.6,18.1
24033802805,12.8,26.2,42.7,76.9,5.2,12.5,5.7,79.3,89.5,66.0,6.0,51.1,14.7,16.1,35.4,12.0,81.9,44.8,4.4,15.1
24033802901,15.0,27.1,44.1,77.1,5.2,12.4,6.4,78.6,88.4,69.9,7.0,52.8,15.2,17.9,36.4,13.8,79.9,46.7,4.9,12.1
24033803001,16.4,28.6,47.5,77.4,4.9,12.9,7.1,78.9,87.5,61.5,8.4,45.7,15.5,20.4,37.3,16.6,80.1,50.4,5.5,23.1
24033803002,12.4,26.9,44.1,77.0,5.1,13.1,5.7,79.7,89.5,67.3,6.4,56.8,15.1,16.8,35.6,12.9,80.3,46.4,4.6,14.8
24033803100,15.8,26.9,44.6,76.2,4.8,12.6,6.5,78.1,87.4,67.4,7.6,55.0,15.8,18.7,36.3,15.6,81.0,48.8,4.9,8.7
24033803200,14.5,22.8,39.7,71.7,4.0,12.8,4.8,76.8,86.7,65.4,5.9,52.7,16.2,14.9,32.4,14.9,81.6,47.6,3.9,13.6
24033803300,17.6,23.0,37.8,74.5,4.6,11.5,5.0,75.8,87.9,66.3,5.3,54.0,14.7,14.6,34.6,11.5,81.5,42.9,3.7,10.6
24033803403,17.8,27.5,44.5,76.3,4.8,13.2,6.4,77.8,87.2,67.7,7.8,48.3,16.0,18.4,36.2,15.9,79.1,48.3,5.1,17.1
24033803508,16.5,26.5,43.8,75.3,4.6,13.0,6.4,77.6,86.8,64.6,7.7,47.6,16.3,18.2,35.8,16.3,78.9,48.3,4.9,23.1
24033803509,16.4,19.1,35.2,66.2,3.1,12.7,3.8,74.4,85.0,58.6,5.2,49.0,16.7,12.4,29.7,15.6,80.2,46.2,3.1,27.3
24033803512,7.7,24.9,41.3,77.5,5.4,12.1,4.7,80.9,91.6,73.9,4.6,63.6,13.9,14.4,35.1,9.0,83.6,42.9,3.6,9.0
24033803513,7.7,24.9,41.0,76.7,5.1,12.8,4.5,81.1,91.4,71.6,4.7,60.6,14.7,14.3,34.3,9.8,81.9,44.0,3.6,13.0
24033803514,6.4,21.1,35.8,73.4,4.4,12.4,3.3,79.9,91.6,72.1,3.4,68.9,14.9,11.3,31.3,8.3,86.2,42.1,2.7,7.6
24033803516,7.1,24.0,39.3,77.3,5.4,11.9,4.2,80.9,92.2,73.4,4.1,65.2,13.9,13.4,35.1,7.8,85.4,40.9,3.2,11.4
24033803519,8.9,22.1,37.4,73.3,4.5,12.4,3.9,78.9,90.4,68.3,4.1,62.6,14.8,12.3,32.0,9.6,84.7,42.9,3.1,9.2
24033803520,7.1,28.5,44.9,81.6,7.1,11.4,5.9,83.1,93.1,77.8,4.8,67.9,12.7,15.9,38.9,7.3,84.4,40.3,4.2,11.7
24033803521,6.2,25.6,40.3,78.9,7.1,11.4,4.8,82.5,93.3,74.2,4.0,69.0,12.9,12.9,36.2,6.7,85.2,38.6,3.3,7.5
24033803524,10.1,22.6,38.4,73.0,4.2,13.1,4.1,78.6,89.4,68.3,4.8,54.1,15.6,13.3,32.1,11.6,84.3,45.0,3.4,9.7
24033803525,11.1,25.3,43.2,73.9,4.2,13.8,5.2,79.4,87.8,65.4,6.7,49.9,16.8,16.5,33.2,16.2,79.1,50.0,4.3,15.3
24033803526,7.4,26.9,43.1,78.9,5.7,12.7,4.9,82.1,92.5,73.9,4.9,63.2,14.2,15.2,36.2,9.0,85.3,43.8,3.9,11.2
24033803527,8.0,27.1,43.5,78.8,5.7,12.7,5.1,81.9,91.9,71.8,5.2,61.7,14.2,15.6,36.4,9.5,84.5,44.1,4.0,9.0
24033803528,7.0,27.2,43.7,80.0,6.1,12.1,5.2,82.7,92.8,74.7,4.7,67.1,13.3,15.4,37.3,8.2,85.9,42.1,3.9,10.4
24033803601,11.8,26.5,42.9,78.6,5.7,11.9,5.6,80.0,91.0,73.2,5.4,60.9,13.5,15.9,37.0,9.6,84.0,42.2,4.2,9.4
24033803602,14.9,27.5,44.2,77.2,5.2,12.8,6.3,79.2,88.6,61.5,6.9,45.7,15.3,17.6,35.9,14.0,79.1,47.0,4.9,24.6
24033803605,20.8,22.6,36.0,73.0,4.8,10.9,5.3,74.0,86.4,62.5,5.7,55.4,15.3,14.8,35.5,12.3,81.4,42.2,3.6,13.7
24033803606,20.3,24.7,38.9,74.9,5.4,11.2,6.2,75.0,86.7,65.2,6.6,50.0,15.2,16.1,37.0,12.6,78.4,42.4,4.1,19.4
24033803607,13.6,24.7,38.8,77.1,5.6,11.2,5.2,77.8,89.8,71.1,5.1,60.0,14.3,14.7,36.4,9.4,81.9,40.9,3.7,9.1
24033803608,18.8,24.5,39.1,75.6,5.1,11.4,5.7,76.1,88.1,64.9,5.9,56.3,14.8,15.8,36.3,11.9,79.9,43.1,4.0,13.7
24033803610,19.0,23.9,38.0,74.9,5.1,11.3,5.6,75.5,87.4,67.4,6.0,55.3,15.2,15.4,36.1,11.9,80.4,42.4,3.9,13.4
24033803612,14.0,21.0,36.1,70.4,3.9,12.1,4.2,75.6,87.0,63.5,5.1,54.6,16.3,13.3,32.1,13.0,77.9,44.7,3.2,14.9
24033803613,14.5,21.3,36.2,71.6,4.2,11.9,4.2,76.2,88.1,64.3,4.8,55.9,15.2,13.1,32.5,11.7,80.7,43.8,3.2,13.7
24033803700,23.4,21.0,33.2,70.5,4.5,10.8,4.8,72.2,86.1,61.1,5.3,54.2,15.8,13.5,34.7,11.9,77.8,41.7,3.2,14.8
24033803801,24.2,21.4,34.9,71.9,4.4,10.5,5.1,72.6,86.0,59.0,5.4,44.9,14.9,14.6,35.2,12.3,75.1,42.4,3.4,13.7
24033803803,23.2,21.3,34.6,71.5,4.3,10.8,4.9,72.7,86.1,63.6,5.3,52.7,15.3,14.3,34.7,12.4,77.8,42.5,3.4,16.2
24033803900,37.1,20.4,33.9,66.3,3.5,11.0,5.8,68.1,79.4,51.5,7.1,43.8,17.4,16.2,34.6,19.9,71.8,46.5,3.7,22.2
24033804001,16.5,23.7,40.1,73.3,4.2,12.4,5.1,76.6,87.0,65.1,6.1,55.3,15.9,15.7,33.8,14.5,79.3,47.1,4.0,19.6
24033804002,27.6,22.2,36.3,70.6,4.0,11.1,5.7,71.8,83.8,61.2,6.5,50.2,16.7,16.5,35.3,16.2,77.0,46.6,3.8,16.6
24033804101,12.6,25.3,40.7,75.0,5.2,12.0,5.6,77.6,88.8,68.6,6.3,59.4,16.3,15.7,35.9,12.0,83.4,45.3,4.0,9.3
24033804102,18.9,21.5,36.0,71.6,4.1,11.6,4.7,74.4,86.6,62.2,5.4,53.1,15.5,14.0,33.5,12.8,78.8,43.6,3.5,19.1
24033804200,7.8,25.4,35.4,76.0,8.0,10.7,5.1,78.0,91.6,74.5,4.8,71.4,16.3,11.5,37.7,6.0,81.7,36.4,3.0,4.8
24033804300,16.9,22.7,38.0,73.2,4.4,11.7,5.0,75.7,87.6,63.9,5.5,49.4,15.3,14.8,34.1,12.5,78.4,44.5,3.7,16.0
24033804400,21.6,22.4,35.1,72.7,4.8,10.6,5.3,73.4,86.7,62.6,5.5,52.6,15.2,14.7,36.4,11.4,76.6,40.7,3.5,13.5
24033804600,22.4,23.3,36.3,71.6,4.9,11.5,5.9,72.9,84.9,60.7,6.9,50.4,17.1,15.1,35.7,13.9,77.9,43.2,3.9,19.9
24033804700,11.7,21.6,32.5,72.4,5.8,10.5,4.3,75.0,89.7,67.8,4.3,64.8,16.2,11.3,34.9,7.5,80.6,37.9,2.7,7.4
24033804801,17.3,19.4,34.1,68.0,3.4,12.1,3.9,73.6,85.7,66.2,4.9,51.3,16.6,12.5,30.9,13.7,80.3,44.9,3.0,15.8
24033804802,23.6,19.3,32.3,68.9,3.8,10.8,4.6,71.8,84.3,59.8,4.9,51.3,16.0,13.0,32.0,13.6,78.8,42.7,3.2,16.1
24033804900,17.1,27.2,42.8,77.8,5.8,11.8,6.8,77.8,88.2,67.8,6.9,49.9,14.9,17.4,37.3,12.5,77.3,44.1,4.8,16.3
24033805000,16.8,22.0,35.3,74.1,4.9,10.9,4.8,75.6,88.4,70.0,4.6,54.9,14.4,13.3,33.9,10.1,84.3,40.4,3.4,15.4
24033805101,35.0,18.3,31.4,64.2,3.1,10.9,4.8,67.6,79.8,52.7,5.9,48.4,17.1,14.1,33.0,18.1,74.3,44.6,3.2,17.7
24033805201,23.3,21.3,34.7,72.5,4.4,10.7,5.0,73.1,86.5,63.2,5.0,54.6,14.5,14.0,34.6,11.7,78.8,41.2,3.5,19.1
24033805202,18.7,23.0,39.5,72.6,4.2,11.8,5.4,75.4,86.1,61.2,6.2,47.5,15.5,16.0,34.0,14.9,77.2,46.6,4.1,21.0
24033805500,32.7,21.1,34.0,68.9,4.0,10.9,5.7,69.5,81.9,54.9,6.7,43.2,16.6,15.6,35.5,16.4,71.5,43.7,3.7,24.4
24033805601,52.1,16.2,30.4,56.7,2.1,10.5,5.1,61.9,71.6,36.7,6.7,28.4,18.4,15.5,32.4,26.8,64.5,48.6,3.1,30.9
24033805602,48.5,15.1,28.1,55.9,2.2,10.2,4.5,61.9,73.1,40.8,5.7,32.9,17.6,13.5,31.4,22.9,70.1,45.6,2.8,25.3
24033805700,34.3,19.9,33.2,67.1,3.5,10.7,5.5,68.5,80.8,54.9,6.4,44.3,16.6,15.5,34.6,17.4,73.3,44.4,3.5,18.3
24033805801,29.9,21.8,35.1,71.3,4.2,10.5,5.8,71.1,84.2,58.0,6.1,51.6,15.4,16.2,36.4,14.4,76.4,43.1,3.8,15.7
24033805802,30.5,20.4,33.2,70.0,4.0,10.2,5.3,70.3,83.9,58.2,5.5,45.3,15.2,15.0,35.4,13.9,75.0,42.2,3.4,18.4
24033805904,23.5,22.2,34.8,73.2,5.2,10.0,5.9,72.8,86.0,64.2,5.7,51.4,14.9,14.8,36.9,11.3,76.9,39.5,3.6,15.9
24033805906,26.5,18.0,31.6,64.6,3.2,11.2,4.3,69.8,81.7,55.0,5.4,41.5,17.0,12.7,31.0,16.4,74.9,44.4,3.0,20.6
24033805907,22.2,21.7,37.1,70.7,3.8,11.4,5.2,73.5,84.9,58.7,6.1,49.3,16.0,15.7,34.2,15.5,77.9,46.1,3.7,15.8
24033805908,11.8,15.1,27.5,62.1,2.9,12.0,2.7,73.8,85.5,62.4,3.5,60.7,17.1,8.8,26.8,11.8,79.8,39.4,2.1,12.0
24033805909,12.3,13.2,23.8,61.3,3.1,10.2,2.5,71.0,85.3,66.5,2.7,59.2,15.5,7.4,26.7,8.7,79.4,33.8,1.7,8.8
24033806000,23.5,18.2,30.2,65.8,3.7,10.8,4.3,70.3,83.7,60.2,5.0,52.1,16.8,12.1,32.2,13.3,77.9,41.1,2.8,10.4
24033806100,12.4,22.2,32.7,74.1,6.6,10.0,4.7,76.0,90.3,69.8,4.3,64.9,15.0,11.2,35.8,6.9,81.7,35.9,2.8,10.4
24033806400,6.7,21.3,29.0,72.8,7.5,9.5,4.4,75.0,89.1,72.3,4.0,68.4,16.6,9.0,35.3,5.1,78.2,30.3,2.3,3.5
24033806501,28.6,21.0,33.6,68.2,4.1,10.8,5.5,70.0,82.2,55.1,6.6,44.7,17.2,14.8,34.6,15.9,74.1,44.0,3.6,19.1
24033806601,32.5,18.3,30.7,65.4,3.4,10.6,4.6,68.2,81.6,55.1,5.4,45.0,16.3,13.4,32.9,15.6,74.8,43.2,3.1,17.8
24033806602,22.4,20.2,33.4,68.9,3.9,10.9,4.9,71.6,83.4,58.4,5.9,47.8,16.4,14.0,33.9,14.3,77.3,41.4,3.3,16.6
24033806706,12.6,24.5,37.5,76.2,6.1,11.0,5.6,77.1,88.8,67.9,5.6,59.9,15.0,14.2,36.9,9.5,79.2,38.3,3.6,9.6
24033806708,8.2,27.0,36.8,76.2,8.1,11.3,5.6,78.4,90.6,74.7,5.8,65.8,17.2,12.5,38.0,7.6,77.0,37.9,3.3,6.2
24033806710,7.6,22.5,35.9,75.5,5.4,11.3,4.1,79.2,91.3,70.6,4.0,63.6,14.2,12.3,35.2,7.6,82.8,37.7,2.9,9.1
24033806711,11.5,23.8,38.4,74.5,5.2,12.0,5.1,78.0,89.1,68.3,5.3,55.4,15.4,14.1,34.6,10.9,81.0,42.3,3.6,13.1
24033806712,10.3,24.7,39.6,74.6,4.9,12.7,4.8,78.6,89.0,65.9,5.8,53.4,16.4,14.8,34.6,12.0,82.1,44.5,3.7,13.1
24033806713,19.5,17.7,32.2,63.9,2.8,12.4,3.5,71.9,83.2,60.2,5.0,52.1,17.4,11.6,29.1,16.0,76.6,45.2,2.8,15.1
24033806714,17.4,16.6,30.7,62.7,2.6,11.6,3.4,71.5,81.6,53.6,5.0,52.4,17.4,11.3,28.9,16.0,78.3,42.4,2.6,18.0
24033806800,13.6,21.7,30.9,71.6,6.5,10.0,4.9,73.3,87.8,65.6,5.0,62.1,16.5,10.9,35.9,7.5,77.6,34.7,2.7,8.7
24033806900,16.1,19.7,29.1,68.9,5.5,9.9,4.5,71.4,86.2,62.2,4.7,58.6,16.4,10.6,34.4,8.5,77.1,35.1,2.5,12.2
24033807000,13.0,13.2,22.9,56.4,3.0,10.8,3.3,68.1,75.5,64.1,4.4,54.9,19.9,7.6,25.8,13.1,74.8,32.4,2.0,18.9
24033807102,10.0,19.6,28.5,69.6,6.0,9.9,4.1,73.4,87.8,66.9,4.0,67.3,16.9,9.4,33.4,6.7,78.6,34.1,2.3,7.3
24033807301,11.8,17.1,28.1,67.9,4.5,9.8,3.9,72.5,85.6,67.5,3.9,57.3,15.4,9.7,31.4,8.7,79.5,33.0,2.3,8.1
24033807304,18.5,22.1,33.6,74.2,5.8,9.8,5.3,74.2,88.1,69.6,4.9,57.7,14.6,13.3,36.9,8.9,79.0,36.7,3.2,12.1
24033807305,25.7,22.7,36.0,72.0,4.6,11.1,6.1,72.4,84.1,61.3,6.8,50.9,16.1,15.9,36.5,14.6,77.7,41.9,3.9,12.6
24033807404,17.8,20.9,32.1,71.0,5.2,10.2,4.9,72.8,86.8,62.4,5.1,56.0,15.7,12.6,35.5,9.8,79.1,37.7,2.9,12.1
24033807405,15.3,21.4,31.7,71.9,6.0,10.2,4.8,73.8,87.8,68.2,4.9,60.7,15.9,11.6,35.6,8.5,78.4,36.3,2.8,9.7
24033807407,14.3,23.5,37.0,74.8,5.5,10.6,5.5,76.2,88.4,65.5,5.7,57.8,14.8,14.7,37.4,10.1,79.4,38.3,3.5,12.6
24033807408,9.9,25.7,36.0,75.8,7.6,10.8,5.5,77.3,90.2,70.4,5.7,65.8,16.4,12.6,38.1,7.5,79.0,36.9,3.2,5.5
24033807409,19.1,21.7,34.8,71.9,4.7,11.0,5.1,74.1,86.2,59.6,5.6,54.9,15.5,13.9,34.6,12.3,78.1,40.5,3.4,16.4
24033807410,14.4,33.6,44.6,82.8,12.4,10.0,9.4,82.1,92.1,69.5,7.3,61.9,13.1,15.6,42.2,7.6,80.5,34.4,5.2,24.6
24033807500,12.9,21.7,33.0,71.0,5.6,11.0,4.6,74.8,88.3,64.9,5.0,59.8,17.2,11.8,34.2,9.4,79.4,40.1,2.9,14.6
24033980000,12.4,7.2,16.5,27.0,1.1,13.1,1.7,65.3,62.5,57.2,4.1,42.9,27.6,3.5,17.2,22.3,68.6,32.5,1.0,25.4
51013100100,5.0,24.0,28.8,75.5,8.7,9.2,4.5,79.2,91.0,69.6,3.9,79.1,21.3,8.6,38.7,3.7,79.6,24.3,2.2,5.8
51013100200,4.7,25.1,29.8,76.2,9.3,9.4,4.8,79.7,91.5,69.2,4.1,79.9,21.5,8.8,39.4,3.7,77.2,24.7,2.3,4.4
51013100300,4.2,26.5,31.5,78.2,9.9,9.3,5.3,80.8,91.3,71.2,4.2,79.6,21.3,9.4,40.0,3.7,77.3,24.7,2.5,6.0
51013100400,3.9,26.6,31.5,78.8,10.6,8.9,5.2,81.4,92.7,74.7,3.8,81.8,20.1,9.1,41.2,3.0,81.3,23.7,2.4,5.0
51013100500,4.6,22.0,27.0,73.7,8.0,9.3,4.2,78.1,89.5,71.0,3.6,80.6,22.1,7.8,36.2,4.0,76.7,24.2,2.0,7.1
51013100600,5.3,21.9,27.4,74.8,7.8,9.1,4.3,78.0,89.6,71.0,3.4,77.3,21.5,8.2,36.1,4.0,79.1,23.9,2.1,4.8
51013100700,6.5,21.1,26.7,72.3,7.0,9.3,4.0,76.9,88.7,70.1,3.7,76.5,22.0,8.2,35.4,4.7,79.3,25.2,2.1,3.3
51013100800,7.8,21.0,30.2,74.8,5.7,9.5,4.3,77.9,88.4,68.8,3.6,73.3,19.8,10.4,35.2,6.0,80.8,27.8,2.5,8.2
51013100900,6.0,23.5,29.3,74.7,8.0,9.3,4.6,78.5,90.2,70.1,4.1,76.0,21.5,9.0,37.9,4.5,80.5,25.8,2.3,4.5
51013101000,5.2,23.7,28.7,74.4,8.2,9.5,4.4,78.8,90.7,69.7,3.9,79.7,22.1,8.7,37.7,4.2,80.7,26.1,2.2,3.2
51013101100,4.3,21.0,26.0,73.0,7.6,8.9,3.7,78.0,90.5,72.4,3.1,79.9,21.2,7.4,36.1,3.5,81.0,23.6,1.8,3.3
51013101200,6.7,23.9,29.6,75.8,8.6,8.9,4.9,78.9,90.7,69.6,3.9,77.6,20.1,9.1,38.2,4.3,79.0,24.9,2.4,4.7
51013101300,4.6,19.1,24.4,70.9,6.8,8.8,3.5,76.7,89.2,69.4,2.8,79.2,21.6,7.0,34.0,3.7,78.9,23.6,1.7,4.3
51013101401,5.5,9.4,14.5,50.4,2.6,9.4,1.5,71.0,82.6,65.1,1.7,74.6,24.4,3.6,22.7,5.2,79.7,21.2,0.8,3.8
51013101402,4.5,14.2,19.3,63.3,5.0,8.8,2.5,73.3,86.3,71.4,2.2,75.5,22.9,5.0,28.5,3.9,78.4,22.1,1.2,5.7
51013101405,4.5,14.6,19.6,65.6,5.4,8.7,2.7,74.2,87.1,70.0,2.1,77.9,22.2,5.1,28.8,3.7,80.7,20.7,1.3,3.3
51013101406,4.7,13.0,18.2,61.5,4.6,8.8,2.4,72.9,85.6,71.6,2.0,77.8,23.2,4.6,26.9,4.0,80.0,21.4,1.2,3.2
51013101407,4.9,10.6,16.2,53.5,3.2,8.8,1.8,71.2,83.8,69.8,1.8,77.8,23.6,3.9,24.7,4.7,80.1,22.1,0.9,2.8
51013101408,5.0,8.8,13.6,47.2,2.8,8.7,1.4,69.4,84.4,69.0,1.5,76.7,23.7,2.9,22.6,4.0,77.2,21.2,0.7,2.7
51013101409,5.1,20.0,24.9,73.7,8.1,8.8,4.4,76.7,87.7,73.5,3.2,75.4,21.7,6.7,32.8,4.0,80.6,20.6,2.1,6.3
51013101501,6.0,12.8,18.6,60.3,4.0,9.0,2.3,72.6,85.3,70.6,2.2,76.9,23.3,5.0,27.0,4.8,77.9,23.3,1.2,3.6
51013101502,4.6,14.8,19.8,64.6,5.1,9.0,2.5,74.1,87.3,71.7,2.2,79.1,23.1,5.3,29.4,3.9,80.2,22.5,1.3,3.0
51013101503,4.4,20.7,25.5,73.7,8.0,8.9,3.9,77.7,90.0,74.4,3.0,79.6,21.2,7.0,35.5,3.3,78.8,22.4,1.8,2.4
51013101601,4.3,15.0,20.1,65.6,5.3,8.8,2.7,74.7,87.3,73.8,2.2,79.5,22.4,5.3,29.5,3.7,80.6,21.9,1.3,2.9
51013101602,8.1,17.4,24.6,67.0,4.7,9.9,3.4,74.4,84.8,66.8,3.7,68.8,23.9,7.9,31.4,6.8,76.3,27.0,1.9,5.2
51013101603,6.2,15.2,20.9,64.4,4.9,9.2,3.0,73.6,84.8,70.9,2.9,75.6,23.4,5.9,29.5,5.3,80.4,23.3,1.5,3.2
51013101701,6.0,9.9,15.8,51.9,2.8,9.0,1.6,70.9,83.9,65.2,1.8,75.1,23.6,3.9,23.9,5.0,79.8,22.8,0.9,4.9
51013101703,6.1,16.9,23.2,68.5,5.7,8.9,3.4,74.9,86.9,72.6,2.8,74.2,22.0,6.8,31.5,4.7,79.8,24.1,1.7,5.6
51013101704,5.8,12.7,19.6,60.9,3.7,8.6,2.4,73.3,84.5,68.6,2.3,75.2,21.2,5.7,28.1,5.4,79.7,22.3,1.3,4.4
51013101705,5.3,15.5,21.6,66.1,5.0,8.9,2.9,74.7,87.0,69.9,2.5,74.0,21.9,6.2,30.3,4.5,80.4,23.3,1.5,8.7
51013101801,3.9,11.5,16.1,57.2,3.9,8.6,1.7,72.5,87.3,67.4,1.6,80.0,23.0,3.8,26.2,3.3,81.3,21.3,0.9,2.7
51013101803,6.4,14.4,20.3,62.4,4.4,9.2,2.6,72.9,85.1,68.8,2.6,73.2,23.5,5.7,28.7,5.2,78.9,24.3,1.4,5.6
51013101804,10.2,15.5,22.7,63.0,4.0,9.6,3.1,72.8,82.9,64.4,3.5,68.4,23.7,7.4,29.7,7.7,78.4,27.3,1.7,12.2
51013101805,4.3,11.9,16.7,57.5,4.0,8.8,1.9,72.2,86.0,69.5,1.8,79.6,23.5,4.0,26.1,3.8,80.6,21.8,1.0,2.7
51013101900,4.0,19.2,24.0,71.6,7.2,9.0,3.5,76.8,89.0,72.9,2.8,81.4,22.2,6.5,33.6,3.5,81.2,22.8,1.7,4.6
51013102001,9.9,17.7,25.0,69.2,5.3,9.1,4.0,74.5,84.4,66.8,3.6,58.6,21.8,8.4,32.0,6.9,76.3,25.8,2.1,11.0
51013102002,7.4,14.0,20.2,62.6,4.2,9.1,2.6,72.7,84.3,66.2,2.6,74.4,22.5,5.8,28.5,5.5,79.8,23.7,1.4,4.4
51013102003,12.3,20.8,29.0,72.2,5.9,9.3,4.8,75.8,85.5,66.6,4.4,62.1,21.2,10.6,34.6,7.9,75.2,28.9,2.6,12.0
51013102100,7.6,29.2,37.3,81.5,9.5,8.7,7.1,81.6,91.0,69.5,5.6,72.6,18.6,13.8,44.0,5.0,80.0,24.9,3.6,6.2
51013102200,18.1,20.7,31.2,71.9,4.3,9.7,4.8,75.3,84.3,59.9,5.0,62.3,20.2,13.4,35.8,11.2,74.6,32.8,2.9,12.9
51013102301,7.8,23.1,30.4,73.5,6.9,9.8,4.6,77.7,88.8,65.8,4.6,70.8,21.9,10.0,36.9,6.1,76.2,28.6,2.5,6.5
51013102302,10.0,18.4,25.2,68.7,5.3,9.5,3.5,75.4,87.1,65.5,3.5,71.6,21.4,8.3,33.2,6.4,76.8,27.1,1.9,5.7
51013102400,8.0,18.0,24.8,68.7,5.4,9.3,3.5,74.9,86.9,69.7,3.4,73.7,22.0,7.9,32.9,5.6,79.1,26.0,1.9,5.1
51013102500,6.9,16.3,23.3,67.1,4.9,9.0,3.0,75.2,87.7,69.6,2.6,75.2,21.2,7.1,31.2,5.1,80.0,25.8,1.6,3.8
51013102600,9.2,18.4,26.4,69.9,5.1,8.9,3.7,75.8,87.2,67.0,3.4,70.5,20.2,9.1,33.8,6.3,77.9,27.3,2.0,9.7
51013102701,17.4,20.6,32.8,70.4,3.9,10.1,4.9,74.9,83.5,59.4,5.4,60.9,20.3,13.6,35.3,12.4,76.1,34.4,3.1,12.2
51013102702,8.6,15.6,22.5,64.8,4.3,9.1,2.7,74.4,87.7,64.3,2.6,73.3,21.1,7.1,31.0,5.6,78.3,26.8,1.5,7.1
51013102802,5.8,22.3,27.7,73.9,8.0,9.0,4.2,78.4,91.1,70.4,3.5,75.7,20.8,8.2,37.3,3.8,81.0,24.9,2.1,4.1
51013102803,9.4,19.5,27.3,71.2,5.2,9.4,3.8,76.5,88.4,68.2,3.5,72.4,20.4,9.7,34.8,6.3,79.5,27.8,2.1,5.2
51013102804,10.9,17.9,26.5,69.0,4.5,9.3,3.6,75.6,86.6,65.3,3.5,69.2,20.0,9.4,33.1,7.4,76.1,28.3,2.1,6.8
51013102901,4.4,18.9,22.9,68.7,6.4,9.6,2.8,76.8,90.4,70.6,2.7,79.2,23.6,6.2,32.7,3.7,80.0,25.3,1.5,2.8
51013102903,4.9,19.7,23.2,68.9,6.6,10.0,3.0,76.5,89.8,73.2,3.1,79.5,24.5,6.3,32.8,4.1,81.8,25.5,1.6,2.8
51013102904,7.6,16.6,23.1,66.0,4.7,9.9,2.9,74.9,86.9,66.9,3.0,72.9,23.2,7.0,30.2,6.0,77.2,27.2,1.7,10.1
51013103000,4.3,21.0,24.7,71.7,7.9,9.3,3.4,77.8,91.2,75.3,2.9,79.6,22.7,6.6,35.0,3.3,82.2,24.4,1.7,2.2
51013103100,8.2,17.4,26.5,70.1,4.3,9.6,3.1,76.4,87.8,68.3,2.9,73.3,20.2,8.7,31.4,6.4,80.8,28.4,2.0,6.0
51013103200,6.4,16.8,23.4,68.0,5.2,8.9,3.0,75.6,88.0,69.1,2.7,74.8,21.0,7.1,31.7,4.9,81.1,25.0,1.6,5.1
51013103300,7.0,15.3,23.5,66.4,3.9,9.4,2.8,74.9,86.4,67.6,2.7,73.6,20.8,7.3,29.7,6.1,80.6,25.8,1.7,5.8
51013103401,10.5,7.8,15.4,37.2,1.9,8.3,1.5,62.9,73.5,62.7,2.2,66.0,22.6,2.9,20.5,7.3,73.8,25.1,0.8,
51013103403,5.4,15.0,21.7,64.5,4.6,9.2,2.4,75.2,88.7,69.1,2.2,74.6,21.3,5.9,29.6,4.5,80.5,25.5,1.4,3.3
51013103404,4.8,18.6,24.6,70.9,6.5,9.0,3.5,76.6,88.8,74.7,2.8,78.9,21.2,7.0,33.3,4.1,80.4,23.8,1.8,5.8
51013103405,4.7,15.6,21.4,67.1,5.3,8.7,2.7,75.6,88.1,72.5,2.3,76.3,20.4,5.9,30.4,4.0,80.7,22.3,1.4,2.8
51013103501,5.5,14.7,20.7,65.4,5.0,8.6,2.9,74.5,86.4,72.8,2.3,75.4,20.8,5.8,29.4,4.6,80.4,22.0,1.4,3.4
51013103503,5.3,13.0,19.3,60.5,3.8,8.9,2.2,73.5,85.8,69.3,2.2,76.4,22.0,5.3,27.5,5.0,79.1,23.4,1.2,3.2
51013103504,4.8,11.6,17.5,57.1,3.4,8.7,1.7,73.1,87.5,65.5,1.7,76.3,21.5,4.4,26.5,4.2,80.2,23.1,1.0,3.3
51013103505,8.2,19.9,27.8,71.5,5.7,9.6,4.4,75.8,85.4,70.7,4.2,69.1,22.0,9.1,33.1,6.9,79.9,26.5,2.5,10.5
51013103601,4.5,19.2,24.5,71.2,7.0,8.9,3.5,77.0,90.0,70.7,2.8,79.0,21.5,6.9,34.4,3.5,80.9,23.6,1.7,2.6
51013103602,6.1,10.5,17.3,54.6,2.8,8.6,1.9,71.6,82.5,62.8,2.0,71.3,21.9,4.6,25.1,5.7,77.7,22.3,1.1,4.6
51013103700,4.3,25.4,30.9,77.5,9.8,8.8,5.0,80.4,92.1,74.2,3.7,80.7,20.2,9.0,40.0,3.3,79.9,24.5,2.3,4.3
51013103800,6.8,14.2,21.2,61.7,3.7,9.9,2.4,73.8,84.9,67.1,2.6,71.7,23.9,6.1,27.5,6.5,78.9,26.8,1.4,5.7
51043010101,8.0,31.2,38.2,80.0,10.0,10.5,7.4,80.4,88.6,67.9,7.6,66.0,23.8,13.1,41.2,6.5,74.8,33.9,3.9,17.0
51043010102,6.3,30.2,36.1,79.6,10.6,10.2,6.8,80.6,89.9,76.0,6.6,74.2,23.6,11.6,41.5,5.1,82.5,31.7,3.3,10.2
51043010200,6.9,30.5,37.0,80.0,10.4,10.3,6.9,81.0,90.1,73.1,6.7,72.5,23.2,12.2,41.6,5.3,79.2,32.5,3.5,9.0
51043010300,6.2,29.1,35.1,78.6,10.0,10.1,6.3,80.1,90.0,72.1,6.3,73.1,23.6,11.2,41.2,4.9,77.5,32.1,3.1,7.5
51047930101,9.4,28.7,36.7,77.1,8.5,10.9,6.5,78.3,87.4,68.2,7.1,66.8,23.4,12.3,39.9,6.9,72.8,37.5,3.4,10.9
51047930103,6.9,30.1,37.2,78.5,9.8,10.6,6.7,79.7,89.1,69.4,6.8,68.6,23.4,11.9,41.2,5.6,73.3,36.3,3.3,12.6
51047930104,7.3,28.0,35.7,77.9,9.1,10.4,5.9,79.4,89.5,71.8,5.8,73.5,22.1,11.2,39.8,5.3,76.5,35.7,3.1,7.0
51047930202,9.6,32.5,41.1,79.1,9.4,11.3,8.0,79.4,87.4,69.0,9.1,66.9,24.1,14.5,42.2,8.0,75.2,39.9,4.2,12.1
51047930203,9.3,24.2,33.1,74.4,7.0,10.6,4.9,77.8,87.6,66.1,5.1,68.5,22.1,10.7,36.0,6.9,76.3,37.4,2.8,6.8
51047930204,7.9,32.6,40.0,81.6,11.4,10.3,7.6,81.7,90.3,72.5,7.0,67.3,21.1,12.7,42.7,5.4,70.5,34.3,3.9,8.2
51047930300,15.1,25.9,36.4,74.6,6.3,11.3,6.0,76.9,84.5,64.6,7.2,60.9,23.0,13.6,37.1,10.7,73.8,41.4,3.6,16.0
51047930400,11.0,30.8,39.9,77.7,8.4,11.4,7.6,78.4,86.0,65.2,9.0,62.8,24.4,14.5,40.7,9.1,73.2,40.9,4.1,12.7
51047930501,10.3,27.7,38.1,76.2,8.2,10.2,6.6,77.8,87.1,67.9,6.8,66.0,21.4,12.6,39.4,7.2,76.2,38.7,3.5,10.6
51047930502,11.5,26.1,35.2,75.8,7.6,10.8,5.9,78.1,86.5,68.1,6.3,65.8,22.4,12.0,37.0,8.2,73.7,38.1,3.3,11.5
51059415100,7.6,22.9,29.9,76.5,8.2,9.4,5.0,78.1,90.5,70.5,4.2,77.5,19.5,10.0,38.0,4.9,82.7,25.7,2.5,6.7
51059415200,4.8,24.7,29.6,76.8,9.2,10.2,4.9,79.1,91.5,72.0,4.3,78.5,21.8,9.2,38.2,4.2,83.1,25.5,2.4,4.5
51059415300,9.0,24.2,31.5,77.2,8.4,9.6,5.8,78.0,89.9,68.5,4.8,74.0,19.5,11.0,38.3,5.7,81.3,26.3,2.9,6.7
51059415401,17.3,22.1,34.0,71.9,4.7,11.5,5.9,74.9,82.3,59.5,7.0,56.2,21.9,14.3,34.8,14.7,77.0,35.1,3.6,13.7
51059415402,5.7,27.3,34.8,80.8,10.1,9.6,6.2,81.2,92.4,72.2,4.8,77.0,18.7,11.8,41.5,4.4,82.8,25.3,3.1,5.4
51059415500,6.2,27.4,35.1,80.1,9.5,10.1,6.3,80.8,91.5,68.6,5.3,74.0,19.6,12.0,40.4,5.3,81.9,26.7,3.3,6.4
51059415600,3.3,27.0,31.9,80.3,11.7,9.2,5.6,81.6,93.7,75.5,3.9,81.8,19.2,9.4,42.1,2.8,83.3,22.8,2.5,2.3
51059415700,4.3,23.9,28.6,76.3,9.6,9.7,4.9,78.9,91.9,69.1,3.9,82.8,20.8,8.4,38.4,3.5,82.9,23.7,2.3,11.2
51059415800,4.4,25.2,30.2,77.6,9.9,9.8,5.2,79.5,91.9,69.3,4.3,80.3,20.7,9.2,39.4,3.7,82.8,24.1,2.5,4.4
51059415900,5.3,26.2,32.2,79.5,10.2,9.5,5.8,80.2,92.0,70.5,4.5,78.1,19.6,10.3,40.5,3.9,82.8,24.2,2.8,5.4
51059416000,9.9,24.1,33.5,76.8,7.0,10.3,5.6,78.3,89.1,65.2,5.3,68.2,19.6,12.6,37.9,7.5,79.8,29.7,3.1,10.6
51059416100,4.6,27.5,34.1,80.5,10.8,9.4,6.3,81.2,92.5,73.8,4.7,79.5,19.3,11.0,41.8,3.9,83.1,24.8,2.9,5.9
51059416200,7.3,12.3,19.1,56.1,3.2,10.4,1.9,71.3,85.9,54.2,2.4,73.3,23.5,5.2,25.6,6.4,81.2,27.2,1.2,4.7
51059416300,5.9,27.6,33.6,79.3,10.4,9.9,6.3,79.7,91.2,71.3,5.4,76.1,20.4,10.9,41.3,4.5,80.6,25.3,3.0,7.0
51059420100,10.2,21.0,30.2,76.7,6.1,8.8,5.0,77.3,88.7,64.2,4.2,69.7,16.8,12.3,38.7,6.3,78.4,24.1,2.7,8.7
51059420201,6.7,20.2,28.7,74.9,6.4,9.5,4.2,77.9,90.1,69.0,3.6,75.8,18.3,9.9,36.2,5.3,83.9,24.9,2.3,5.3
51059420202,5.6,15.4,23.4,67.6,4.4,10.1,2.6,75.4,88.8,65.0,2.5,74.8,20.4,7.0,29.5,5.3,84.1,26.1,1.6,3.3
51059420203,5.2,22.3,29.5,76.5,7.9,9.5,4.5,78.9,91.3,71.1,3.7,79.4,19.1,9.6,37.6,4.3,82.0,24.6,2.3,4.3
51059420300,7.1,21.2,28.3,74.7,7.2,9.4,4.5,77.2,90.1,67.5,3.8,76.7,19.5,9.6,36.7,4.9,81.5,25.2,2.3,6.2
51059420400,6.7,13.0,20.4,62.0,3.8,9.6,2.4,72.7,86.5,66.5,2.3,77.8,20.9,6.0,27.6,5.7,83.7,25.0,1.4,2.8
51059420501,5.7,33.3,39.5,84.6,14.1,9.4,8.2,84.1,93.5,79.3,5.8,77.9,17.7,12.9,45.2,3.9,82.5,23.7,3.8,4.7
51059420502,8.1,24.2,31.8,76.4,8.4,10.0,5.9,77.7,88.6,71.6,5.1,71.4,20.8,10.9,37.3,6.3,81.4,27.3,3.0,11.3
51059420503,7.7,15.7,24.1,67.8,4.5,9.5,3.1,74.7,87.9,67.2,2.8,75.2,19.5,8.0,31.0,6.1,83.6,26.3,1.8,4.3
51059420600,11.6,18.2,26.8,69.8,5.0,10.0,4.1,74.2,86.3,63.4,4.1,68.1,20.7,9.7,33.1,7.7,79.8,28.3,2.3,6.8
51059420700,7.9,23.2,30.4,76.6,7.9,9.6,5.2,77.9,90.0,70.3,4.5,76.4,19.4,10.7,38.4,5.3,79.7,25.4,2.7,7.4
51059420800,9.5,20.9,28.0,74.1,6.9,9.5,4.6,76.4,89.4,68.6,4.0,71.4,19.5,9.9,36.4,5.6,81.6,25.8,2.4,6.0
51059421001,7.4,20.4,28.6,75.0,6.3,9.5,4.3,77.7,90.1,68.4,3.7,74.0,18.4,10.2,36.5,5.5,82.0,24.9,2.4,5.1
51059421002,12.1,21.2,31.3,73.6,5.4,10.2,5.3,75.8,85.4,61.9,5.6,67.3,20.1,12.6,36.2,9.5,80.4,28.6,3.0,10.7
51059421101,6.1,18.8,26.7,73.0,5.8,9.7,3.5,77.3,90.4,65.8,3.2,76.3,19.0,9.0,34.8,4.9,82.4,25.0,2.0,4.3
51059421102,6.4,23.4,31.5,77.5,7.6,9.9,4.9,79.4,90.8,69.4,4.2,72.9,18.8,10.9,38.1,5.3,80.6,25.6,2.7,6.2
51059421103,6.3,22.9,30.4,76.6,7.4,10.0,4.7,78.8,90.7,69.7,4.3,76.1,19.5,10.5,38.2,5.2,82.5,25.4,2.5,6.6
51059421200,4.8,24.6,30.4,77.9,9.6,9.5,5.3,79.5,91.7,71.5,4.1,79.3,19.8,9.3,38.7,3.8,82.8,23.8,2.6,4.0
51059421300,6.8,22.5,29.9,76.1,7.6,9.8,4.9,78.0,90.3,69.8,4.1,74.6,20.0,10.1,37.2,5.1,82.2,25.8,2.5,7.4
51059421400,18.4,19.3,30.9,70.4,4.0,10.6,4.8,73.6,83.1,59.5,5.4,65.7,20.3,12.9,33.6,12.7,79.8,33.4,3.0,11.0
51059421500,21.5,21.5,33.5,73.0,4.3,10.7,5.7,74.5,83.4,50.6,6.3,52.4,20.0,15.4,35.9,14.2,74.6,35.0,3.5,16.2
51059421600,17.9,20.2,32.2,72.7,4.1,10.9,4.8,75.4,85.3,60.8,5.1,59.4,19.2,13.9,34.6,12.2,78.7,33.9,3.1,14.7
51059421701,19.5,19.6,30.8,72.0,4.1,10.4,4.9,74.2,84.4,62.9,5.1,63.6,19.0,13.4,34.8,11.8,78.4,32.1,3.0,16.4
51059421702,10.9,21.9,31.5,76.1,6.3,9.6,5.0,77.3,88.9,68.1,4.3,70.9,18.0,12.0,37.0,6.9,82.1,28.2,2.8,6.1
51059421800,14.4,21.3,32.9,73.2,4.6,10.9,5.1,75.7,85.0,63.3,5.6,60.4,20.2,13.6,35.1,11.5,77.8,32.8,3.2,11.5
51059421900,8.9,12.2,20.0,54.7,2.9,10.5,2.2,70.2,83.2,55.0,2.9,68.1,23.9,5.7,25.2,8.2,78.9,28.7,1.4,8.5
51059422000,8.9,29.1,38.1,82.0,10.7,9.6,8.0,81.5,91.0,66.8,5.9,69.9,17.0,13.4,41.1,6.2,81.4,25.4,4.1,6.9
51059422101,10.0,20.9,32.5,74.1,4.8,10.6,4.9,77.2,86.5,60.9,5.0,66.3,19.7,13.1,35.3,9.8,79.6,31.0,3.0,10.2
51059422102,8.8,18.4,29.1,73.2,4.5,10.2,3.8,77.2,88.3,62.0,3.6,68.4,18.0,10.8,33.9,7.5,81.2,27.8,2.4,7.4
51059422201,5.4,22.6,31.4,79.0,7.4,9.2,5.1,80.0,90.8,70.0,4.0,76.8,17.0,11.7,39.7,4.9,83.3,22.5,2.7,4.1
51059422202,5.8,17.3,26.9,72.9,4.6,9.8,3.3,78.0,89.9,62.3,2.9,71.5,17.7,9.6,33.8,5.7,82.4,24.9,2.0,5.0
51059422301,6.1,19.0,27.0,73.0,5.9,9.6,3.7,77.0,89.9,67.0,3.3,76.0,19.5,9.1,34.6,5.1,82.2,25.6,2.1,6.3
51059422302,6.3,21.7,29.9,75.3,6.7,9.9,4.5,78.1,90.0,68.0,4.1,72.7,19.6,10.5,36.8,5.6,80.5,26.4,2.5,7.2
51059422401,7.0,18.1,26.3,69.5,4.9,10.5,3.5,75.5,87.2,66.8,3.7,72.8,21.7,8.8,31.7,7.0,81.4,28.2,2.1,6.0
51059422402,5.8,18.4,26.0,71.5,5.7,10.0,3.4,77.1,90.1,67.4,3.1,76.8,20.0,8.4,33.4,5.1,83.0,26.1,1.9,6.8
51059422403,6.7,23.4,30.8,76.7,7.9,9.7,5.2,78.5,90.6,69.1,4.5,76.2,19.5,10.6,38.6,5.1,81.9,25.4,2.7,5.7
51059430101,4.5,24.0,30.0,78.5,9.4,9.1,5.1,79.7,91.7,71.4,3.9,80.1,18.7,9.7,39.9,3.6,83.2,22.4,2.4,2.8
51059430102,6.0,20.3,28.0,75.5,6.4,9.3,4.3,77.5,89.2,66.8,3.7,71.1,19.0,10.4,37.0,5.1,79.9,23.4,2.3,5.2
51059430201,6.2,21.7,28.5,76.1,7.5,9.3,4.7,77.9,89.9,67.6,4.0,77.1,19.2,9.9,37.8,4.7,81.9,23.2,2.4,3.7
51059430202,6.9,23.1,30.7,77.1,7.5,9.4,5.5,77.8,88.6,68.9,4.8,74.2,19.6,11.4,38.8,5.6,78.3,24.4,2.7,7.1
51059430203,5.6,21.6,28.4,76.0,7.6,9.3,4.9,77.7,88.9,67.4,4.1,75.1,19.5,9.8,37.1,4.8,81.4,23.0,2.4,3.7
51059430400,6.8,21.8,28.9,76.6,7.8,8.8,4.9,78.0,90.5,67.9,3.9,72.4,18.1,10.1,38.6,4.5,80.7,22.7,2.4,8.3
51059430500,8.4,23.1,31.1,77.6,7.5,9.0,5.5,78.0,89.7,68.8,4.7,73.7,18.1,11.9,40.2,5.5,80.4,23.7,2.8,7.1
51059430600,15.6,18.0,27.6,72.9,4.7,8.5,4.6,74.5,86.4,60.7,4.0,66.6,16.8,12.1,36.6,7.9,76.5,25.5,2.5,9.5
51059430700,10.0,20.4,28.8,75.2,6.4,8.6,4.9,76.5,88.5,62.5,4.2,70.8,17.6,11.2,38.0,5.9,80.7,24.0,2.5,9.0
51059430801,6.6,22.9,29.8,76.8,8.2,9.3,5.1,78.5,90.6,69.4,4.2,78.1,18.8,10.3,38.7,4.7,82.7,23.9,2.5,4.6
51059430802,7.3,22.1,29.1,75.8,7.3,9.6,4.8,77.6,89.6,67.9,4.2,75.7,19.9,10.2,37.2,5.4,81.8,25.2,2.5,6.0
51059430901,8.2,20.5,29.1,75.0,6.0,9.4,4.5,77.1,88.9,65.8,4.1,74.0,18.4,11.1,37.4,6.1,80.2,24.6,2.5,8.3
51059430902,7.8,22.4,31.1,77.2,6.8,9.1,5.3,78.2,89.4,67.4,4.5,71.8,18.4,12.3,39.3,5.8,80.0,25.2,2.7,4.8
51059431001,8.1,21.9,30.2,76.5,6.9,9.2,5.1,77.9,89.4,65.8,4.4,71.5,18.2,11.6,38.8,5.7,79.7,24.4,2.6,7.3
51059431002,7.8,20.1,30.0,75.0,5.3,9.5,4.5,77.6,88.9,65.5,4.0,72.6,18.5,11.8,36.7,6.7,81.4,26.3,2.5,7.1
51059431300,6.1,23.5,30.5,76.8,8.2,9.6,5.2,78.6,90.5,67.9,4.6,74.1,19.7,10.5,38.9,4.9,80.2,24.5,2.6,7.9
51059431400,6.1,21.6,29.2,76.0,7.3,9.2,4.7,78.3,90.5,65.8,3.8,74.5,18.6,10.1,37.8,4.8,81.1,24.0,2.4,6.2
51059431500,5.4,23.7,30.5,77.7,8.8,9.3,5.0,79.6,91.8,70.3,4.0,77.2,18.7,9.9,39.0,4.1,81.5,23.9,2.5,4.3
51059431601,7.4,51.3,56.5,92.8,25.6,7.6,16.3,93.5,98.0,85.0,8.9,83.7,11.3,17.4,54.7,2.5,85.1,16.1,7.3,5.6
51059431602,8.8,21.0,30.9,76.5,5.8,8.9,5.1,77.6,88.6,64.6,4.4,67.9,17.2,12.8,39.0,6.6,80.3,24.3,2.7,7.8
51059431801,7.7,20.0,27.4,74.1,6.2,9.4,4.2,76.9,89.2,65.7,3.8,73.2,19.3,10.3,36.5,5.6,82.0,24.7,2.2,5.9
51059431802,6.3,22.6,30.0,77.9,8.1,8.8,5.1,79.1,91.0,67.9,3.9,77.9,17.8,10.7,39.5,4.4,83.3,23.1,2.5,4.3
51059431900,5.4,24.2,31.1,78.9,9.1,9.0,5.4,79.9,91.7,70.9,4.2,78.0,18.5,10.6,40.8,3.9,81.0,22.8,2.5,3.6
51059432000,7.3,22.2,29.5,75.9,7.1,9.7,4.9,77.6,89.5,66.1,4.5,72.2,19.6,10.8,38.3,5.5,81.4,24.5,2.5,6.9
51059432100,6.2,23.6,29.9,77.1,8.4,9.6,5.0,78.7,90.7,71.2,4.3,75.7,19.8,10.2,38.8,4.6,80.6,24.3,2.5,6.4
51059432201,6.8,17.5,25.0,71.8,5.4,9.1,3.6,75.8,88.4,64.4,3.1,74.1,19.2,8.8,33.9,5.2,80.4,23.7,1.9,7.3
51059432202,6.2,23.3,29.7,77.4,8.6,9.2,5.2,78.8,90.9,66.6,4.2,75.5,18.9,10.0,38.8,4.4,80.4,23.1,2.5,6.0
51059432300,5.6,24.2,31.3,78.9,8.7,9.1,5.4,79.8,91.6,71.7,4.2,77.8,18.3,10.9,40.5,4.1,81.8,23.0,2.6,3.6
51059432401,4.7,24.0,30.6,78.4,9.1,9.2,5.1,79.8,91.9,70.4,4.1,79.4,18.8,10.2,40.6,3.7,83.0,22.7,2.4,2.6
51059432402,4.8,23.1,29.6,77.4,8.7,9.2,4.8,79.3,91.6,71.1,3.8,77.4,18.9,9.6,38.9,3.9,80.8,23.2,2.4,6.5
51059432500,4.5,23.1,29.7,77.6,8.7,9.3,4.7,79.6,92.0,70.8,3.7,80.5,19.0,9.6,39.1,3.7,80.7,23.3,2.3,4.8
51059432600,4.4,21.4,28.6,76.8,7.6,9.1,4.3,79.3,91.9,71.0,3.3,80.3,18.2,9.5,38.3,3.7,82.7,22.9,2.2,3.7
51059432701,5.7,23.1,30.5,78.0,8.3,9.3,5.0,79.4,91.4,73.4,3.9,78.9,18.6,10.4,39.1,4.3,82.2,23.7,2.5,4.4
51059432702,8.3,20.2,29.1,74.6,5.8,9.6,4.5,77.1,88.8,67.6,3.9,70.8,18.9,11.0,36.2,6.4,81.6,26.2,2.5,7.5
51059432800,6.8,20.0,28.4,75.0,6.2,9.6,4.1,77.9,89.9,69.2,3.6,74.1,18.6,10.0,36.0,5.4,81.7,24.8,2.3,4.8
51059440100,5.5,24.2,31.0,78.8,9.1,9.1,5.6,79.6,91.0,70.2,4.3,77.0,18.4,10.5,39.9,4.3,83.3,22.3,2.7,4.2
51059440201,7.4,13.5,20.5,63.9,4.0,9.2,2.7,72.7,85.9,65.2,2.6,75.4,20.6,6.7,29.4,5.8,82.2,23.0,1.5,4.4
51059440202,8.2,18.8,27.1,72.7,5.6,9.1,4.3,75.8,87.8,63.7,3.7,67.8,19.0,10.1,35.2,6.2,79.4,24.8,2.2,7.9
51059440300,4.5,25.2,31.5,79.6,10.0,9.0,5.6,80.5,92.2,73.4,4.1,80.1,18.6,10.2,40.9,3.6,81.2,22.3,2.6,3.3
51059440501,5.5,23.7,30.7,79.1,8.8,8.8,5.4,79.6,91.1,71.0,4.2,78.1,17.8,10.7,40.6,4.0,80.9,21.5,2.6,4.7
51059440503,9.4,6.9,13.8,37.9,1.5,11.2,1.3,68.6,77.7,59.2,1.9,63.5,24.9,3.1,18.4,10.2,76.5,23.9,0.8,9.1
51059440504,18.4,11.0,25.5,52.3,2.1,9.0,3.0,65.0,73.2,53.2,3.9,47.4,18.3,7.5,25.8,13.0,74.7,31.5,1.9,14.7
51059440505,4.3,23.9,31.1,79.3,8.8,8.9,5.2,80.3,91.9,69.9,4.0,76.1,18.0,10.8,40.9,3.8,81.6,22.1,2.5,3.5
51059440600,7.6,20.7,28.2,75.4,6.9,9.0,4.7,77.2,89.2,64.7,3.9,73.1,18.5,10.3,37.5,5.2,81.8,23.5,2.3,7.0
51059440701,4.7,24.7,31.0,79.2,9.7,9.0,5.5,80.1,91.8,72.2,4.2,78.4,18.4,10.2,40.9,3.7,82.3,21.7,2.6,3.2
51059440702,4.6,24.3,30.7,79.2,9.5,8.9,5.3,80.2,92.1,69.4,3.9,77.9,18.0,10.1,40.4,3.6,80.3,21.8,2.5,4.2
51059440800,5.2,25.1,31.7,80.1,9.7,8.8,5.7,80.5,91.8,70.4,4.2,76.2,17.6,10.8,41.3,3.8,81.0,21.4,2.7,5.7
51059450100,13.1,20.1,29.0,71.5,5.3,9.6,5.1,74.1,84.8,60.9,5.4,58.8,20.6,11.9,36.1,9.1,75.5,27.9,2.7,9.4
51059450200,19.7,20.5,30.0,71.6,5.0,9.8,5.7,73.0,82.8,57.8,6.0,61.9,20.5,13.3,36.5,11.3,78.2,29.8,3.1,14.9
51059450300,10.8,18.6,26.8,71.2,5.4,9.5,4.4,74.4,86.5,66.5,4.1,65.4,20.5,10.1,34.6,7.0,80.6,26.3,2.3,8.0
51059450400,7.2,23.2,30.1,77.4,8.3,9.3,5.2,78.4,90.7,68.9,4.3,77.4,18.8,10.6,39.5,4.6,81.6,23.7,2.6,6.0
51059450500,13.2,19.5,27.8,74.7,5.9,8.4,4.8,75.5,87.9,61.9,4.0,71.8,17.0,11.5,37.9,6.3,80.1,23.8,2.5,10.7
51059450601,6.7,21.9,29.4,77.5,7.9,8.5,5.0,78.4,90.9,69.2,3.8,74.0,17.4,10.4,39.4,4.2,79.9,22.1,2.4,7.5
51059450602,15.1,18.3,27.1,70.9,4.8,9.1,4.5,73.6,84.8,58.5,4.4,66.1,19.4,11.3,34.9,8.7,78.9,27.2,2.5,12.5
51059450701,6.7,21.4,29.5,77.5,7.5,8.4,5.0,78.3,90.2,69.0,3.8,76.5,16.9,10.8,39.1,4.6,82.6,21.6,2.5,4.5
51059450702,22.1,18.5,28.7,70.4,4.3,9.6,4.9,72.1,82.7,57.8,5.1,59.8,18.9,12.6,35.4,11.2,77.3,29.1,2.8,12.2
51059450800,10.1,23.1,31.9,78.4,7.3,8.7,5.9,78.2,89.4,62.3,4.9,68.3,17.0,12.9,41.1,5.9,79.5,23.1,3.0,10.3
51059450900,6.3,23.1,29.9,77.8,8.6,8.9,5.2,78.7,91.1,71.5,4.0,77.8,18.5,10.3,39.6,4.1,82.7,22.9,2.5,3.8
51059451000,7.7,24.9,32.4,79.4,8.9,9.0,6.0,79.3,91.0,68.8,4.7,71.5,18.0,11.6,40.6,4.7,80.6,23.5,3.0,7.3
51059451100,8.7,24.6,30.9,77.8,9.0,9.4,5.7,78.3,90.5,69.1,4.9,76.5,19.2,10.7,40.1,4.9,83.3,24.4,2.8,6.6
51059451200,4.8,27.1,32.5,80.6,11.3,9.1,5.9,81.2,93.0,75.8,4.4,80.9,18.7,10.1,42.1,3.3,83.3,22.7,2.7,3.6
51059451300,6.3,23.5,30.3,77.1,8.3,9.4,5.3,78.4,90.2,71.7,4.4,75.6,19.8,10.5,38.7,4.8,81.7,24.7,2.6,5.0
51059451400,24.0,21.4,32.7,74.1,4.6,9.3,6.6,73.6,82.5,56.6,6.5,53.9,18.7,16.2,38.8,12.7,77.1,29.7,3.7,17.7
51059451501,16.4,21.2,31.3,73.5,5.3,9.7,5.8,74.6,84.9,57.5,5.7,58.0,19.5,13.7,37.4,10.2,75.8,29.3,3.2,13.5
51059451502,12.1,23.7,32.7,77.4,7.8,9.5,6.4,77.9,88.0,64.8,5.2,69.1,18.5,12.5,37.8,7.6,80.8,27.0,3.3,6.5
51059451601,37.7,16.6,27.8,63.9,2.9,9.8,5.4,67.3,74.3,43.6,6.0,46.4,20.9,14.1,33.6,19.6,67.2,34.5,3.0,24.3
51059451602,9.1,21.4,30.3,75.0,6.4,9.6,5.1,77.1,88.2,64.7,4.5,68.5,19.3,11.7,37.1,6.9,80.8,26.7,2.7,7.6
51059451800,10.1,22.8,31.4,77.3,7.3,8.9,5.7,77.8,89.2,66.5,4.7,69.3,17.8,12.3,39.5,6.1,79.3,25.2,2.8,7.9
51059451900,7.0,18.4,26.3,73.2,6.1,9.1,3.8,77.0,89.6,67.8,3.1,70.6,18.2,8.9,34.5,5.1,82.4,24.0,2.0,5.1
51059452000,9.8,27.8,38.2,82.0,8.2,9.1,7.8,80.7,89.9,69.2,6.4,73.3,17.1,16.2,43.8,6.8,80.8,24.7,4.1,6.3
51059452101,8.4,22.1,30.6,77.1,6.9,9.2,5.1,78.2,89.8,66.8,4.3,67.7,17.7,11.7,39.0,5.7,79.4,24.4,2.7,8.6
51059452102,11.0,24.5,33.8,78.9,7.7,9.1,6.7,78.1,88.3,65.6,5.7,67.8,17.6,13.8,40.8,7.0,78.6,24.7,3.4,8.0
51059452200,14.8,21.4,32.5,75.5,5.1,9.4,5.8,76.1,85.8,57.6,5.5,58.1,17.9,14.8,38.6,9.8,74.7,27.8,3.2,10.3
51059452301,14.2,22.8,34.3,77.1,5.3,9.3,6.3,77.0,86.1,57.3,6.2,58.9,17.6,16.6,40.7,10.2,73.9,27.4,3.5,9.5
51059452302,26.8,17.8,29.1,67.5,3.4,9.7,5.3,70.8,79.0,51.2,5.9,49.4,20.4,14.3,34.5,16.2,72.0,33.2,3.0,19.6
51059452400,11.4,20.4,28.9,74.9,6.1,9.0,4.9,76.0,87.7,66.3,4.5,67.7,17.9,11.5,37.9,6.7,80.0,24.3,2.6,7.8
51059452501,10.0,22.9,31.7,77.0,7.1,9.2,5.8,77.3,88.5,65.5,5.1,68.0,18.1,12.5,39.5,6.5,79.0,24.7,3.0,7.8
51059452502,15.1,18.4,30.3,70.4,3.9,10.2,4.5,74.4,83.9,58.7,4.8,59.3,19.1,12.3,33.4,11.5,77.7,31.6,2.8,10.6
51059452600,8.0,19.4,28.9,73.6,5.5,9.8,4.1,77.4,89.1,66.3,3.7,70.9,18.5,10.3,34.7,6.5,81.5,27.0,2.4,6.5
51059452700,13.3,21.5,32.1,74.3,5.3,10.2,5.2,76.3,86.7,60.2,5.2,61.6,19.2,13.1,36.3,9.5,79.1,30.3,3.1,9.8
51059452801,9.5,23.1,33.5,75.5,6.4,10.2,5.9,77.3,86.9,63.9,5.7,61.9,20.1,13.0,37.1,8.7,78.4,29.6,3.2,14.4
51059452802,6.5,27.5,36.1,80.6,9.2,10.3,6.5,81.1,91.3,70.7,5.4,72.4,19.0,12.9,40.7,5.8,81.6,26.7,3.5,5.5
51059460100,4.2,24.4,31.6,80.0,9.2,8.8,5.6,80.8,92.2,68.0,4.1,79.0,17.5,11.0,41.8,3.7,82.4,21.0,2.6,3.7
51059460200,3.7,25.2,30.9,79.5,10.4,9.2,5.4,80.9,92.7,72.0,3.8,82.5,19.0,9.5,40.8,3.2,83.2,22.2,2.4,3.3
51059460300,3.4,23.8,29.4,78.6,10.0,8.9,4.9,80.4,92.8,72.7,3.4,81.7,18.4,9.0,40.2,2.9,82.7,21.3,2.3,3.3
51059460400,4.5,22.4,29.4,78.2,8.3,8.6,4.9,79.5,91.4,68.8,3.6,78.8,17.7,10.0,39.3,3.7,83.0,21.0,2.4,4.5
51059460501,4.3,22.7,29.7,79.2,8.7,8.5,4.9,80.1,91.9,70.9,3.5,78.8,17.1,10.1,40.7,3.4,81.6,20.2,2.3,5.7
51059460503,5.4,18.2,25.8,72.9,5.9,8.9,3.9,76.6,89.2,64.7,3.3,75.9,18.8,9.0,35.7,4.7,81.5,22.0,2.0,4.5
51059460504,5.1,20.7,28.0,76.3,7.3,8.8,4.5,78.3,90.5,68.1,3.6,76.7,17.9,9.6,38.1,4.2,80.3,21.4,2.2,5.7
51059460600,4.7,22.7,29.2,77.5,8.7,8.9,4.9,79.1,91.5,67.3,3.7,79.3,18.5,9.5,39.0,3.7,82.0,22.0,2.4,3.2
51059460701,9.3,20.7,27.8,74.0,6.9,9.1,4.8,75.9,88.6,65.8,4.3,74.7,19.1,10.0,37.1,5.6,80.2,24.1,2.4,4.5
51059460702,4.8,23.4,30.0,77.2,8.5,9.2,5.0,79.1,91.4,68.4,4.0,80.0,19.2,10.0,39.2,4.1,82.1,23.6,2.4,4.9
51059460800,4.9,24.3,30.6,78.3,9.2,9.2,5.3,79.5,91.4,68.8,4.2,77.0,19.2,10.2,40.2,3.9,81.6,22.9,2.5,3.7
51059460900,4.6,24.2,30.3,78.5,9.5,9.0,5.2,79.9,91.9,69.4,4.0,81.1,18.7,9.8,40.1,3.6,83.4,22.2,2.5,4.9
51059461000,4.2,23.0,29.2,77.8,8.8,9.2,4.7,79.8,92.0,69.8,3.5,79.7,18.9,9.3,38.9,3.5,82.4,22.5,2.3,6.8
51059461100,5.1,23.2,29.3,78.0,9.1,9.0,5.0,79.4,91.5,71.5,3.8,77.9,18.5,9.5,39.3,3.7,81.5,22.0,2.4,3.0
51059461201,3.5,24.8,30.6,79.6,10.3,9.0,5.2,81.1,93.0,73.0,3.6,80.8,18.4,9.6,41.3,3.0,83.7,21.6,2.4,3.4
51059461202,5.5,17.0,25.1,71.7,5.1,8.9,3.5,76.4,88.6,62.5,3.1,74.2,18.3,9.1,34.5,5.2,80.3,21.9,1.9,3.4
51059461500,4.6,19.8,26.8,75.1,7.1,8.7,4.1,78.1,90.8,67.4,3.2,79.4,18.1,9.0,37.2,3.9,80.8,21.6,2.0,3.4
51059461603,5.3,16.0,23.4,70.9,5.3,8.5,3.3,75.5,88.6,65.7,2.7,74.9,18.1,8.0,33.4,4.4,82.5,20.6,1.7,4.7
51059461604,5.7,18.7,26.2,74.3,6.3,8.6,4.1,76.8,89.4,63.4,3.3,72.4,18.0,9.3,36.4,4.4,79.0,21.1,2.1,8.1
51059461605,5.3,10.0,15.9,55.5,3.1,8.8,1.7,70.9,86.2,65.2,1.7,75.2,20.5,4.3,25.5,4.4,81.5,20.3,1.0,3.9
51059461606,8.3,13.1,21.0,65.1,3.7,8.3,2.8,72.7,85.7,62.8,2.7,75.6,18.0,7.5,31.2,5.9,78.0,21.0,1.5,4.2
51059461700,6.8,17.4,26.0,72.2,5.2,8.6,4.0,75.8,87.6,66.9,3.3,73.8,17.9,9.7,35.0,5.6,81.6,22.6,2.1,4.1
51059461801,5.8,18.0,24.7,71.9,5.8,9.1,3.4,76.4,89.6,67.5,3.0,74.9,19.4,8.5,34.4,4.7,80.5,23.3,1.9,3.9
51059461802,5.5,18.3,25.0,72.4,6.2,9.1,3.6,76.5,89.4,67.5,3.1,75.7,19.2,8.3,34.5,4.6,82.5,22.4,1.9,4.4
51059461901,9.0,19.3,28.4,74.0,5.4,9.1,4.7,76.2,87.2,63.3,4.2,69.7,18.3,11.3,36.5,6.8,81.1,23.8,2.5,8.5
51059461902,17.2,14.3,23.9,63.7,3.1,9.3,3.3,71.0,82.5,49.8,3.5,53.7,19.2,9.7,30.9,10.2,74.5,28.1,2.0,16.1
51059470100,3.5,24.7,30.9,80.6,10.4,8.7,5.3,81.6,93.2,71.8,3.5,82.8,17.5,9.8,42.0,2.8,83.3,20.4,2.4,2.4
51059470300,3.9,25.8,31.6,80.1,10.8,9.1,5.6,81.2,92.9,71.6,3.9,82.2,18.8,9.7,41.2,3.1,82.2,22.4,2.5,2.3
51059470400,3.7,24.9,30.7,79.9,10.2,9.0,5.2,81.1,92.9,71.8,3.7,82.9,18.4,9.7,41.0,3.1,82.5,21.6,2.4,3.1
51059470500,4.0,25.1,31.6,80.4,10.0,8.8,5.5,81.3,92.6,70.1,3.9,80.0,17.7,10.5,41.7,3.3,83.5,21.1,2.6,2.9
51059470600,5.5,28.2,35.3,82.4,10.9,9.0,7.0,82.0,92.4,70.8,5.2,79.3,17.6,12.6,44.2,4.0,83.3,21.8,3.3,4.1
51059470700,3.8,22.7,29.3,78.5,8.9,8.7,4.8,80.2,92.3,68.9,3.4,81.4,17.6,9.6,39.9,3.3,83.4,20.8,2.3,3.1
51059470800,3.9,23.5,30.0,79.3,9.3,8.6,5.0,80.9,93.0,68.3,3.5,81.5,17.2,10.0,41.0,3.2,81.0,20.6,2.4,4.0
51059470900,4.4,25.6,31.7,79.9,10.5,8.9,5.8,80.9,92.4,68.1,4.2,80.2,18.2,10.1,41.0,3.5,82.4,21.5,2.7,4.5
51059471000,3.9,20.2,26.2,75.6,7.8,8.7,3.9,78.6,91.9,69.3,2.9,80.8,18.2,8.3,37.3,3.2,82.9,20.9,1.9,3.1
51059471100,6.1,19.1,26.1,74.1,6.8,8.6,4.0,77.0,90.2,66.8,3.2,74.4,18.0,8.8,36.3,4.1,79.9,22.1,2.0,6.1
51059471201,4.7,17.9,24.5,73.5,6.7,8.2,3.7,76.9,89.8,70.8,2.7,77.4,17.1,7.9,34.6,3.9,82.7,19.9,1.9,3.2
51059471203,5.0,16.8,23.4,71.2,5.8,8.9,3.2,76.4,89.4,65.8,2.6,77.1,18.6,7.6,33.4,4.2,82.6,21.4,1.7,3.5
51059471204,7.0,14.7,21.9,67.3,4.6,8.7,3.0,73.7,86.3,64.7,2.8,72.4,18.9,7.3,31.2,5.5,81.4,21.5,1.6,5.5
51059471301,9.2,12.9,20.1,64.2,3.7,8.5,2.6,72.3,86.0,61.3,2.5,71.9,18.2,7.0,30.4,5.7,79.9,21.3,1.5,4.8
51059471303,6.9,18.7,25.7,72.2,6.1,9.1,4.0,75.6,87.9,67.4,3.7,75.4,19.5,9.0,34.8,5.4,81.0,23.0,2.1,4.7
51059471304,4.6,23.0,28.9,76.5,8.7,9.4,4.8,78.9,91.5,71.2,3.8,76.5,19.9,9.2,38.4,3.8,80.8,23.4,2.3,4.3
51059471401,9.0,20.5,27.9,74.2,6.5,9.2,4.6,76.2,88.6,65.3,4.2,71.8,19.2,10.3,37.0,5.7,80.6,24.5,2.4,6.0
51059471402,12.5,21.1,30.1,74.2,5.6,9.6,5.3,75.6,86.5,58.7,5.2,59.6,19.4,12.5,37.6,8.1,77.6,26.5,2.9,13.2
51059480100,3.6,25.5,31.4,80.2,10.6,9.1,5.5,81.1,92.6,73.2,3.9,81.4,18.8,9.8,41.4,3.1,81.4,21.8,2.5,3.2
51059480201,3.5,24.2,30.8,80.4,10.0,8.5,5.2,81.4,92.9,72.4,3.5,83.0,17.1,10.0,41.8,2.9,84.1,20.1,2.4,2.2
51059480203,5.5,23.8,30.6,78.3,8.9,9.0,5.5,79.1,90.5,69.5,4.3,74.6,18.5,10.4,38.8,4.5,81.3,22.3,2.7,4.6
51059480204,5.0,12.3,19.0,63.3,4.1,8.3,2.4,72.9,87.2,65.9,2.0,75.2,18.7,5.7,29.0,4.2,81.6,19.9,1.2,4.1
51059480205,4.9,11.2,17.6,59.8,3.5,8.7,2.0,72.1,86.4,64.5,1.9,77.6,19.7,5.1,27.2,4.5,82.5,20.4,1.1,3.0
51059480301,3.5,23.7,30.4,80.1,9.6,8.6,5.2,81.2,92.8,71.4,3.4,82.4,17.3,10.0,41.5,3.0,81.3,20.0,2.4,3.6
51059480302,4.8,22.5,29.4,78.6,8.7,8.8,5.1,79.4,91.0,71.0,3.8,79.3,17.7,9.9,40.0,3.7,77.9,20.4,2.4,7.2
51059480401,3.3,22.5,28.7,78.6,9.1,8.6,4.7,80.3,92.6,70.0,3.2,80.7,17.6,9.2,39.9,2.9,79.7,20.2,2.2,2.5
51059480402,3.7,23.6,30.3,79.6,9.4,8.7,5.1,80.7,92.4,71.7,3.6,79.9,17.7,10.0,41.0,3.2,83.6,20.9,2.3,3.1
51059480501,4.3,21.8,28.4,77.3,8.1,9.0,4.5,79.1,91.4,70.8,3.5,79.7,18.5,9.4,39.0,3.6,83.3,21.9,2.2,3.6
51059480502,4.6,22.8,28.9,76.7,8.3,9.4,4.6,78.7,91.3,72.5,3.8,77.4,19.7,9.5,38.7,3.9,80.6,23.6,2.3,2.3
51059480503,4.5,21.3,27.5,75.7,7.8,9.2,4.2,78.1,91.1,72.7,3.4,81.1,19.4,8.9,37.6,3.7,82.0,23.0,2.1,3.6
51059480504,4.6,22.5,27.8,75.8,8.4,9.7,4.4,78.4,91.4,71.3,3.7,77.2,20.6,8.6,37.6,3.8,81.7,23.8,2.1,3.3
51059480505,4.7,16.3,21.5,68.0,5.9,9.4,3.0,74.3,88.5,71.0,2.6,77.4,21.5,6.2,31.2,4.0,82.4,22.5,1.5,2.8
51059480801,13.2,20.1,28.2,72.1,5.6,9.7,4.7,74.5,86.3,61.1,4.8,71.6,20.0,10.9,35.8,7.8,79.1,27.7,2.5,4.3
51059480802,6.1,18.9,26.6,73.5,6.3,8.7,4.0,76.8,89.3,68.6,3.3,74.0,18.1,9.2,35.7,4.8,81.6,23.3,2.0,4.4
51059480901,15.7,19.2,27.8,72.7,5.5,9.0,4.7,74.1,86.5,62.0,4.4,71.2,18.0,11.2,36.3,7.6,79.2,26.1,2.5,11.1
51059480902,11.5,19.5,28.2,72.2,5.4,9.6,4.5,75.1,86.8,64.7,4.4,70.0,19.6,10.8,35.3,7.6,79.7,27.7,2.4,8.0
51059480903,13.2,15.5,24.4,68.1,4.1,8.7,3.6,72.8,85.2,61.8,3.4,65.3,18.0,9.6,33.0,7.6,80.0,25.4,2.0,7.8
51059481000,17.6,16.5,26.7,67.7,3.6,9.6,4.2,72.0,81.7,57.2,4.7,58.9,19.6,11.4,33.2,11.4,76.9,28.3,2.5,11.3
51059481101,6.0,10.7,17.9,60.4,3.1,8.0,2.0,72.1,86.0,63.7,1.9,74.7,17.3,5.5,27.8,4.9,82.6,19.0,1.1,3.2
51059481102,6.1,12.3,21.0,64.2,3.3,8.0,2.5,73.6,86.6,58.7,2.3,69.7,17.1,7.2,30.6,5.5,81.7,20.5,1.4,5.3
51059481103,9.4,16.9,27.6,71.9,4.2,8.8,3.9,75.7,87.0,59.3,3.6,64.6,16.2,10.9,34.8,7.4,80.9,23.4,2.3,9.3
51059481104,6.7,12.9,22.0,66.1,3.5,8.1,2.7,73.8,86.9,60.8,2.4,75.6,16.3,7.6,31.2,5.6,83.1,20.3,1.6,5.8
51059481105,3.9,19.5,27.1,76.5,6.9,8.3,3.9,79.1,91.6,68.8,3.0,79.3,16.7,9.5,38.9,3.5,82.5,19.9,1.9,2.5
51059481106,4.3,22.5,28.8,77.4,8.4,9.0,4.6,79.2,91.6,72.0,3.6,80.9,18.6,9.5,39.5,3.6,81.4,21.9,2.2,4.3
51059481201,4.6,22.7,30.2,78.5,8.1,9.0,4.8,79.7,91.4,73.8,3.8,77.9,18.0,10.4,40.1,3.8,82.9,22.2,2.4,3.2
51059481202,12.8,20.2,29.6,73.0,5.4,9.9,4.9,75.4,86.1,60.2,4.8,64.3,19.6,11.8,35.6,8.7,77.2,28.4,2.7,12.7
51059481400,5.4,24.9,31.3,78.6,9.6,9.3,5.6,79.5,91.3,70.2,4.3,76.6,19.3,10.1,39.5,4.1,81.7,23.4,2.7,3.6
51059481500,4.0,27.0,32.9,80.6,11.3,9.2,6.0,81.4,93.1,73.1,4.3,79.9,18.8,10.2,41.8,3.2,83.3,22.9,2.7,3.9
51059481600,3.7,25.4,30.8,79.6,10.5,9.1,5.3,81.1,93.0,73.9,3.8,82.4,18.7,9.6,41.4,3.1,83.6,22.1,2.4,2.6
51059481701,3.6,23.7,29.6,78.9,9.6,8.9,4.9,80.4,92.6,72.2,3.5,81.0,18.3,9.3,40.6,3.0,83.0,21.3,2.3,2.6
51059481702,5.6,18.4,25.3,72.7,6.0,9.0,3.7,76.8,89.8,63.7,3.2,77.4,19.0,8.7,35.3,4.6,82.3,22.4,1.9,4.2
51059481900,5.8,22.8,29.8,77.0,8.2,9.5,5.1,78.4,90.0,69.8,4.2,75.2,19.4,9.9,37.8,4.7,80.8,23.6,2.6,4.2
51059482001,3.9,22.8,28.7,77.4,8.9,9.2,4.6,79.4,91.9,72.7,3.5,81.1,19.2,9.0,39.0,3.4,82.3,22.5,2.2,2.9
51059482002,4.1,24.0,29.5,77.7,9.4,9.6,4.9,79.4,91.7,73.6,3.8,80.9,20.5,9.1,38.7,3.6,83.1,23.8,2.3,2.3
51059482100,6.6,24.2,30.7,77.2,8.7,9.9,5.2,78.8,90.6,68.9,4.5,76.2,20.2,10.2,38.2,5.0,80.3,25.7,2.7,4.7
51059482201,11.5,20.0,28.4,71.7,5.7,10.0,4.8,74.6,85.5,62.4,4.8,67.5,21.1,10.6,34.4,8.3,78.3,28.2,2.6,13.2
51059482203,4.6,22.1,28.0,76.1,8.6,9.3,4.6,78.1,90.8,72.5,3.6,78.6,19.9,8.6,37.2,3.8,81.1,23.1,2.2,4.6
51059482204,5.1,22.6,28.7,76.6,9.0,9.1,5.0,78.0,90.2,74.2,3.8,76.6,19.5,8.9,37.4,4.0,80.8,22.7,2.4,3.3
51059482205,5.6,12.3,18.5,61.5,4.1,9.0,2.3,72.1,86.6,66.5,2.1,79.3,20.5,5.1,27.2,4.5,83.3,21.9,1.2,2.7
51059482206,6.0,31.3,40.0,84.4,11.2,9.2,8.3,83.2,92.5,71.5,6.0,73.3,17.9,15.4,45.8,4.6,82.2,23.8,4.0,7.6
51059482301,4.9,21.7,27.6,75.4,8.4,9.3,4.5,77.9,90.7,72.6,3.5,80.1,19.9,8.4,36.6,3.9,83.2,23.4,2.2,2.4
51059482302,14.1,18.4,28.1,68.3,4.3,10.5,4.4,73.4,83.3,58.0,5.1,60.5,21.6,10.9,32.7,10.8,77.5,30.7,2.6,7.3
51059482303,4.4,23.7,29.0,77.1,9.4,9.5,4.8,78.9,91.7,72.1,3.8,78.1,20.2,8.9,38.4,3.6,81.4,23.6,2.3,4.8
51059482400,3.7,23.9,29.6,78.6,9.6,9.1,5.0,80.1,92.3,72.2,3.6,81.2,19.0,9.3,40.0,3.2,81.7,22.0,2.3,3.0
51059482502,4.2,20.8,27.2,75.6,7.5,8.9,4.0,78.7,91.7,68.7,3.3,78.7,18.4,9.0,38.4,3.6,83.2,21.9,2.0,2.5
51059482503,4.0,19.6,26.9,75.8,6.8,8.5,3.9,78.6,91.4,67.2,3.1,78.8,17.3,9.4,38.5,3.6,81.9,20.6,2.0,3.0
51059482504,3.7,21.5,28.0,77.8,8.2,8.6,4.3,79.8,92.1,69.3,3.2,79.1,17.6,9.3,39.8,3.2,82.1,20.5,2.1,2.3
51059482505,4.5,17.7,25.8,74.6,6.3,7.9,3.9,77.6,90.3,66.6,2.8,74.5,15.6,8.7,35.7,4.0,82.3,18.8,2.0,4.1
51059482506,7.4,13.0,22.2,62.3,3.1,9.5,2.5,73.1,85.2,58.0,2.7,66.6,19.5,7.1,28.1,7.2,79.5,25.6,1.5,8.7
51059482507,6.4,11.6,19.6,62.8,3.0,8.5,2.2,72.9,86.4,60.1,2.1,71.4,17.5,6.5,28.7,5.4,79.9,20.8,1.3,5.7
51059482601,5.2,19.7,27.2,75.6,6.6,8.6,4.1,78.1,90.7,66.1,3.4,76.5,17.2,9.7,38.1,4.1,82.6,21.1,2.1,4.4
51059482603,4.6,21.8,29.1,78.1,8.1,8.5,4.7,79.8,91.6,65.2,3.4,76.9,16.6,10.1,39.3,3.8,81.5,20.4,2.3,3.6
51059482604,4.2,19.6,28.5,77.6,6.4,8.1,4.3,79.4,91.1,64.9,3.3,80.1,15.6,10.9,39.9,4.0,81.4,19.5,2.2,3.0
51059490101,7.3,22.4,30.3,76.1,6.9,9.7,5.0,77.3,88.7,68.1,4.9,71.9,19.9,11.2,38.5,5.9,79.5,24.7,2.7,6.7
51059490104,13.2,19.8,27.6,71.8,5.7,9.3,4.5,74.3,86.7,62.7,4.4,71.5,19.7,10.7,35.8,7.3,80.4,27.8,2.4,5.2
51059490105,6.3,20.8,27.7,75.0,7.0,9.2,4.3,77.3,89.8,68.7,3.8,72.9,19.2,9.6,37.2,4.6,81.1,23.7,2.2,5.3
51059490501,7.6,16.1,24.2,70.2,4.6,9.0,3.6,74.6,86.7,60.9,3.2,69.3,19.2,9.0,33.5,5.9,78.7,22.6,1.9,7.5
51059490502,4.6,23.4,30.7,79.2,8.6,8.7,5.2,80.0,91.6,70.4,3.9,78.0,17.5,10.8,40.8,3.8,81.5,21.2,2.5,4.5
51059491000,4.5,23.4,30.3,78.5,8.4,9.2,5.0,79.5,91.2,70.8,4.1,79.4,18.8,10.4,40.2,4.0,80.3,22.6,2.4,3.1
51059491101,4.6,22.4,29.0,77.4,8.0,9.1,4.6,78.8,91.1,71.4,3.8,79.3,19.1,9.8,39.3,3.8,82.7,22.4,2.3,2.8
51059491102,6.6,22.4,28.7,76.0,7.9,9.4,4.9,77.4,89.7,68.1,4.4,75.3,19.8,9.8,38.4,4.7,80.1,23.4,2.4,5.4
51059491103,10.6,18.6,27.5,71.7,4.8,9.5,4.2,75.0,86.4,61.4,4.2,67.0,19.6,11.0,35.2,7.7,74.9,26.5,2.3,8.0
51059491201,9.5,18.3,27.2,71.2,4.7,9.5,4.0,74.9,86.3,58.8,4.1,66.0,19.6,10.7,34.9,7.5,76.4,26.0,2.3,10.6
51059491202,10.6,13.6,21.5,63.0,3.4,9.6,3.0,71.3,82.6,61.7,3.2,68.1,21.1,7.7,29.2,8.0,79.1,24.8,1.7,7.8
51059491301,7.5,18.4,26.6,73.4,5.3,9.2,3.9,76.4,88.5,63.1,3.6,70.3,18.3,10.1,36.1,5.7,78.8,23.2,2.1,6.6
51059491302,7.5,16.9,25.0,70.1,4.7,9.3,3.6,74.4,86.4,63.0,3.5,71.0,19.9,9.3,33.6,6.3,81.8,23.8,2.0,9.7
51059491303,12.8,16.8,25.8,70.3,4.2,9.1,3.9,73.7,85.3,60.3,3.9,67.1,18.2,10.5,34.4,8.0,80.0,24.7,2.2,9.6
51059491401,8.2,18.1,26.8,72.3,4.9,9.0,3.9,75.5,87.3,62.2,3.8,74.1,18.7,10.5,35.7,6.3,80.6,23.8,2.2,7.3
51059491402,7.2,17.4,26.1,72.2,4.7,8.9,3.7,76.1,88.2,61.4,3.4,70.7,18.3,10.3,35.6,5.9,79.7,23.2,2.0,4.8
51059491403,4.5,22.1,28.2,76.6,8.2,9.2,4.4,78.8,91.3,71.5,3.7,80.8,19.4,9.3,38.8,3.7,82.7,22.6,2.1,3.0
51059491404,6.0,18.1,26.0,73.6,5.5,8.9,3.6,76.8,89.6,65.5,3.1,75.5,18.1,9.5,35.9,4.8,82.4,22.5,2.0,4.8
51059491405,4.2,22.6,28.7,77.1,8.5,9.1,4.6,79.2,91.7,70.0,3.7,79.6,19.0,9.3,39.4,3.5,82.2,22.4,2.2,3.4
51059491501,5.6,15.9,25.5,73.5,4.3,7.9,3.4,76.9,89.0,59.1,2.8,71.5,15.3,10.4,36.8,4.9,81.6,19.0,1.9,6.2
51059491502,3.8,21.1,28.8,78.2,7.5,8.5,4.4,79.8,91.7,67.2,3.3,77.4,16.8,10.3,40.2,3.5,82.4,20.3,2.2,3.1
51059491601,10.9,18.4,27.7,72.7,4.7,9.2,4.3,75.3,86.2,63.5,4.3,71.1,18.2,11.6,36.4,7.7,80.1,24.3,2.4,6.1
51059491602,9.8,21.0,30.0,76.0,6.2,8.8,5.2,76.8,88.0,62.3,4.6,68.6,17.5,12.3,39.0,6.4,79.4,23.8,2.7,11.7
51059491701,5.3,17.8,24.5,72.1,6.0,9.1,3.5,76.5,89.4,67.2,3.0,75.4,19.0,8.2,34.3,4.5,81.0,21.9,1.8,4.7
51059491703,5.8,13.9,20.6,64.7,4.1,9.6,2.5,73.7,86.8,64.0,2.4,74.7,21.1,6.4,28.9,5.3,81.7,23.3,1.4,6.6
51059491704,6.1,14.6,22.1,68.0,4.3,8.9,2.8,74.6,88.1,63.9,2.6,73.8,18.7,7.5,31.9,5.0,81.6,21.5,1.6,5.5
51059491705,5.0,17.7,26.8,75.9,5.3,8.1,3.8,78.2,90.2,62.7,3.0,74.9,15.5,10.6,38.4,4.3,80.9,18.9,2.0,3.1
51059491706,9.5,13.6,20.9,61.7,3.5,10.4,2.7,71.5,83.0,64.8,3.3,69.2,22.8,6.8,28.2,7.9,79.8,24.8,1.6,5.8
51059491707,6.6,17.5,25.1,71.6,5.6,9.3,3.7,75.6,87.7,66.3,3.2,74.7,19.2,8.6,33.4,5.5,80.5,22.8,2.0,6.4
51059491801,6.9,16.9,24.8,69.6,4.8,9.5,3.5,74.9,87.0,62.1,3.5,70.2,20.1,8.7,33.1,6.2,80.7,23.8,1.9,7.5
51059491802,6.3,19.9,26.8,73.7,6.7,9.2,4.2,76.7,89.4,67.1,3.7,75.4,19.1,9.1,36.1,4.9,80.2,22.8,2.2,5.7
51059491803,6.9,21.3,28.6,75.5,7.1,9.2,4.8,77.3,89.3,64.7,4.2,74.7,19.0,10.2,37.6,5.2,80.2,23.2,2.4,5.8
51059492000,3.8,25.1,31.1,79.9,10.4,9.0,5.4,80.9,92.7,74.9,3.8,81.8,18.5,9.7,41.2,3.1,82.4,21.8,2.5,4.5
51059492100,4.4,27.0,33.3,80.5,10.6,9.3,6.1,80.9,92.1,74.2,4.8,80.8,19.1,10.9,42.4,3.7,82.4,23.1,2.8,3.8
51059492201,4.5,25.6,32.4,80.3,10.0,9.1,5.7,80.9,92.3,72.5,4.3,78.6,18.2,10.7,41.9,3.6,83.6,22.5,2.7,3.3
51059492202,3.8,23.5,30.1,78.5,8.9,9.2,4.8,80.3,92.3,72.9,3.6,81.3,18.6,9.8,40.1,3.5,82.4,22.7,2.3,3.6
51059492203,4.2,23.7,30.1,78.3,8.8,9.4,4.8,80.0,92.0,73.6,3.8,79.9,19.0,9.9,40.1,3.7,81.6,22.9,2.4,3.3
51059492300,6.5,19.9,27.0,74.3,6.7,9.2,4.2,77.2,90.0,68.9,3.5,75.4,18.9,9.3,36.2,4.7,80.9,23.8,2.1,5.4
51059492400,9.6,19.6,27.6,72.2,5.5,10.0,4.2,75.4,87.5,64.9,4.3,71.9,20.1,10.2,35.5,6.9,79.2,26.0,2.4,10.4
51059492500,4.3,25.5,31.3,79.5,10.1,9.3,5.5,80.2,91.9,74.2,4.3,80.5,19.4,10.0,41.2,3.5,82.5,22.6,2.6,3.8
51061930101,11.7,29.6,36.5,77.8,8.4,10.9,7.2,78.6,86.4,68.7,8.0,64.9,23.8,13.8,40.0,8.6,77.4,36.3,3.8,13.6
51061930102,7.3,30.2,35.4,79.9,10.3,10.0,6.7,80.8,90.3,72.2,6.2,75.6,21.8,11.8,41.6,5.0,80.6,31.6,3.2,4.9
51061930203,6.9,31.7,37.6,81.2,10.9,10.0,7.2,81.7,90.9,75.0,6.6,75.2,21.2,12.6,42.9,5.0,79.1,31.8,3.5,6.5
51061930204,6.0,31.9,37.2,80.4,10.6,10.4,7.1,81.2,90.3,72.4,6.9,74.1,22.6,12.6,42.6,5.2,79.9,32.7,3.5,9.1
51061930205,6.3,32.0,38.1,80.8,10.5,10.3,7.3,81.3,90.1,73.4,7.0,69.4,22.3,13.0,42.4,5.5,78.0,33.4,3.6,9.1
51061930206,6.8,30.3,35.3,79.1,10.1,10.4,6.6,80.4,89.9,72.0,6.5,72.7,22.7,11.7,41.3,5.3,80.4,32.2,3.2,7.6
51061930207,7.3,28.7,34.7,77.3,8.7,10.7,6.2,79.2,88.8,66.4,6.5,70.7,23.6,11.9,39.5,6.2,78.3,34.4,3.2,11.2
51061930303,7.0,30.6,36.2,79.9,10.1,10.3,6.8,80.5,89.6,72.7,6.5,69.7,22.2,12.1,41.0,5.5,78.0,32.4,3.5,8.2
51061930304,4.7,31.1,35.6,81.6,12.1,9.6,6.7,82.6,92.1,77.3,5.3,79.2,20.6,10.9,42.6,3.7,80.7,28.7,3.1,5.0
51061930305,8.1,30.1,36.6,79.4,9.4,10.5,6.9,80.2,88.3,72.8,6.9,71.6,22.7,12.7,40.0,6.7,80.5,33.9,3.6,8.4
51061930306,5.9,26.3,31.3,77.7,9.1,9.9,5.3,79.9,90.0,71.8,4.7,76.1,21.5,9.9,38.5,4.5,82.1,29.6,2.6,6.5
51061930401,5.6,24.5,29.6,75.1,8.1,9.9,4.6,79.0,89.9,70.0,4.4,76.0,22.3,9.1,37.0,4.6,81.5,30.7,2.4,5.6
51061930402,5.3,25.6,30.7,76.9,8.9,9.8,5.0,79.5,90.1,73.6,4.6,78.2,21.8,9.5,38.4,4.2,81.4,29.9,2.5,6.0
51061930404,7.6,29.5,35.6,78.7,9.4,10.3,6.7,79.9,88.9,71.9,6.5,72.8,22.6,12.2,40.3,6.0,78.1,33.4,3.4,6.7
51061930405,6.9,25.3,31.4,75.4,7.6,10.5,5.0,78.7,88.3,66.1,5.2,70.9,22.8,10.4,36.9,6.0,77.0,32.8,2.7,7.2
51061930703,7.8,29.4,34.8,77.6,9.1,10.6,6.3,78.7,88.3,70.6,6.9,70.8,23.5,11.6,40.2,5.9,76.3,33.5,3.3,8.2
51061930704,7.7,29.9,36.2,78.8,9.3,10.4,6.8,79.6,88.6,70.5,6.9,70.4,22.8,12.6,40.7,6.1,77.7,34.0,3.5,10.3
51061930705,10.8,25.6,32.7,74.4,6.8,11.0,5.6,76.7,85.3,66.5,6.6,69.3,24.1,11.6,36.9,8.1,78.6,35.3,3.1,11.4
51061930706,14.6,25.0,32.7,72.3,6.0,11.2,5.7,75.4,83.1,63.2,7.3,61.7,24.8,12.4,36.1,10.6,75.4,38.2,3.2,13.0
51061930707,10.5,26.2,32.8,75.4,7.4,10.6,5.7,77.3,86.6,67.4,6.2,66.5,23.0,11.4,37.5,7.2,77.3,34.5,3.1,9.5
51107610101,6.2,25.8,32.6,76.4,8.6,10.1,5.2,79.4,90.0,66.7,5.1,74.6,22.0,9.6,38.2,4.8,78.0,31.3,2.6,5.0
51107610102,5.5,27.0,33.7,78.0,9.3,10.1,5.5,80.4,90.4,70.7,5.2,75.5,21.6,9.9,39.3,4.6,77.0,30.8,2.7,4.5
51107610201,5.1,24.6,31.1,76.4,8.6,9.8,4.7,79.8,90.4,70.6,4.3,77.6,21.5,8.8,37.5,4.2,77.7,29.7,2.3,7.5
51107610202,5.1,22.5,28.8,74.0,7.7,9.8,4.1,78.9,90.2,66.8,3.8,76.1,21.6,7.9,35.5,4.2,78.2,29.6,2.1,5.1
51107610300,5.6,24.6,31.4,76.8,8.6,9.8,4.8,80.1,90.8,69.4,4.3,79.6,20.6,9.1,38.0,4.3,76.4,29.5,2.4,3.9
51107610400,6.0,28.4,35.2,79.8,10.5,9.7,6.2,81.3,90.9,71.9,5.3,75.1,20.5,10.3,39.9,4.5,77.9,29.7,3.0,10.7
51107610503,5.6,19.0,27.0,71.9,5.7,9.4,3.3,78.3,89.6,62.3,3.2,75.8,19.9,8.0,34.0,4.7,77.6,28.7,1.8,4.6
51107610504,7.7,20.4,28.0,72.2,6.2,9.7,3.8,77.4,88.4,66.6,3.8,73.0,20.9,8.4,34.0,5.4,76.9,30.7,2.0,8.9
51107610505,19.7,17.9,28.9,67.5,3.8,9.7,4.1,74.2,82.7,55.4,4.6,57.5,20.5,11.0,32.1,11.7,71.1,37.4,2.4,12.9
51107610506,9.2,19.5,29.3,71.6,4.9,9.7,3.9,77.4,87.0,57.9,4.1,68.7,20.3,10.1,34.1,7.3,75.2,32.1,2.2,8.2
51107610507,5.3,25.2,33.0,78.2,8.6,9.6,5.1,80.9,90.9,68.2,4.5,77.4,19.7,10.0,39.1,4.4,76.7,29.0,2.6,3.8
51107610601,7.2,24.3,31.8,75.8,7.9,9.9,5.0,79.0,89.0,64.2,4.9,76.5,21.4,9.6,36.9,5.4,77.4,31.3,2.6,8.5
51107610602,4.6,19.5,27.1,73.4,6.4,9.2,3.4,78.9,90.4,63.7,3.0,78.1,19.7,7.8,34.7,3.9,77.3,27.5,1.8,4.3
51107610603,10.8,22.1,31.0,72.9,6.1,10.2,4.8,77.1,86.1,65.5,5.2,68.3,21.9,10.3,34.6,7.9,75.0,33.7,2.6,11.2
51107610604,6.0,20.3,27.6,72.3,6.3,9.8,3.6,78.0,89.2,63.1,3.6,75.7,21.0,8.0,34.1,4.8,76.8,29.7,2.0,6.5
51107610701,4.4,21.9,28.2,74.1,7.8,9.5,3.9,79.2,90.6,67.1,3.4,78.3,21.0,7.6,35.5,3.7,78.3,28.5,2.0,4.7
51107610702,7.1,23.2,30.0,74.0,7.2,10.4,4.6,77.9,87.5,64.6,4.9,74.9,22.9,9.0,35.4,5.7,77.6,31.3,2.4,9.9
51107610703,5.5,26.4,33.4,78.1,9.1,9.8,5.4,80.6,90.7,68.9,4.9,77.2,20.8,10.0,39.5,4.5,78.2,29.8,2.7,5.1
51107610800,5.3,28.7,35.6,79.7,10.2,10.0,6.0,81.6,91.3,71.5,5.5,76.8,21.3,10.6,40.7,4.4,78.2,31.0,2.9,8.4
51107610900,6.3,31.1,38.6,81.4,10.8,10.1,6.9,82.5,91.5,72.6,6.1,75.3,20.6,12.0,41.9,5.0,78.8,31.9,3.4,8.2
51107611002,9.1,18.0,27.2,69.1,4.8,9.7,3.6,76.0,85.7,62.6,3.9,67.4,21.0,8.6,32.0,7.1,75.0,31.2,2.0,7.1
51107611004,5.5,19.1,26.6,71.8,5.9,9.5,3.2,78.4,89.8,63.9,3.2,77.4,20.1,7.8,34.0,4.6,78.0,28.4,1.8,5.2
51107611005,5.1,19.4,26.8,72.4,6.1,9.3,3.3,78.6,90.1,66.0,3.1,78.2,19.9,7.8,34.4,4.2,73.6,28.4,1.8,5.4
51107611006,7.0,19.4,28.0,72.6,5.6,9.4,3.7,78.1,88.9,62.5,3.7,75.8,19.5,9.0,35.1,5.4,77.5,28.5,2.0,5.0
51107611009,5.0,20.9,29.2,74.8,6.5,9.4,3.7,79.8,90.8,63.3,3.4,76.0,19.2,9.0,36.6,4.3,79.1,28.1,2.0,3.5
51107611010,4.9,48.4,55.5,91.4,21.2,8.7,13.0,91.9,97.0,80.2,8.8,80.5,14.7,17.3,53.9,3.0,79.9,25.4,6.0,5.7
51107611011,6.3,17.9,26.5,70.1,5.0,9.7,3.2,77.3,87.8,62.0,3.3,71.2,20.8,8.1,32.4,5.6,77.6,29.6,1.8,5.6
51107611012,4.4,20.2,28.8,75.6,6.5,8.8,3.7,80.3,91.0,61.9,3.1,77.5,18.0,9.0,36.9,3.9,79.1,26.1,1.9,4.3
51107611013,5.3,20.4,29.0,74.2,6.2,9.2,3.8,79.3,89.9,60.2,3.5,71.0,19.1,9.2,36.0,4.8,76.5,28.0,2.0,6.9
51107611014,6.3,20.1,27.8,72.6,6.2,9.5,3.7,78.1,89.1,62.3,3.6,76.2,20.3,8.3,34.6,4.9,77.8,29.3,2.0,3.4
51107611015,6.0,22.8,30.9,77.5,8.3,8.8,4.9,80.2,90.4,67.4,3.8,76.5,17.7,9.3,37.2,4.4,78.1,25.6,2.5,5.0
51107611016,5.0,32.4,39.8,84.5,13.1,9.0,7.1,85.3,93.9,76.2,5.1,79.8,17.2,12.0,44.9,3.4,80.0,26.6,3.3,7.1
51107611017,5.9,29.2,37.5,82.6,10.5,9.2,6.4,83.5,92.3,71.6,5.1,77.6,17.7,12.1,42.8,4.2,78.9,27.3,3.2,6.6
51107611018,8.0,37.0,45.3,86.6,15.8,8.7,10.4,86.4,93.0,71.0,6.9,77.1,15.4,13.6,44.7,4.7,79.1,25.7,4.9,11.0
51107611019,5.1,20.6,28.4,74.4,6.5,9.2,3.8,79.2,90.1,64.8,3.5,76.2,19.3,8.7,36.2,4.3,79.8,27.5,2.0,4.9
51107611020,6.4,15.8,24.3,68.0,4.4,9.1,2.7,76.6,88.1,59.8,2.7,72.7,19.3,7.3,31.3,5.2,78.7,27.7,1.6,5.9
51107611022,5.1,18.5,27.4,72.7,5.4,8.9,3.3,78.9,90.0,59.3,3.1,77.4,18.4,8.6,35.0,4.6,77.7,27.1,1.8,6.5
51107611023,4.4,18.4,25.7,71.4,5.9,9.2,3.1,78.4,90.0,64.9,2.9,80.2,19.8,7.2,33.8,3.9,79.4,27.3,1.6,5.3
51107611026,4.6,15.5,24.6,69.9,4.6,8.2,2.6,78.5,90.6,59.5,2.3,74.5,16.7,7.4,33.1,4.0,77.3,24.9,1.5,5.0
51107611027,6.7,16.3,24.5,67.5,4.4,9.4,2.7,76.4,88.0,59.1,2.9,73.7,20.3,7.3,31.2,5.4,75.0,28.4,1.6,5.8
51107611028,4.3,16.6,25.5,71.4,5.0,8.3,2.8,79.1,91.0,58.1,2.4,78.0,16.9,7.7,34.3,3.8,78.8,25.0,1.5,3.8
51107611029,4.6,19.9,27.4,72.5,6.5,9.2,3.5,79.2,90.9,62.2,3.1,79.0,19.7,7.8,35.0,4.0,78.4,28.1,1.8,3.6
51107611030,6.4,15.2,24.7,69.2,4.0,8.4,2.8,77.1,88.3,54.7,2.7,73.7,17.2,8.0,32.9,5.1,78.7,24.8,1.6,5.5
51107611031,5.1,13.8,22.2,65.3,3.9,8.8,2.1,76.6,88.9,59.8,2.1,77.3,18.5,6.0,29.4,4.4,80.0,26.4,1.3,4.9
51107611032,6.8,15.4,25.4,68.4,3.8,9.1,2.8,77.1,87.6,57.0,2.8,72.2,18.5,8.2,31.6,6.0,77.0,28.2,1.7,6.4
51107611101,9.1,21.2,30.0,72.9,6.2,9.7,4.4,77.6,87.6,64.1,4.3,73.2,20.6,9.6,34.4,6.6,77.6,31.9,2.4,7.9
51107611102,6.3,21.7,29.1,74.9,7.2,9.3,4.0,79.1,90.3,69.6,3.7,78.4,19.8,8.7,36.3,4.4,74.7,28.9,2.1,2.8
51107611202,5.2,25.1,32.4,79.0,9.5,9.1,5.3,81.4,91.5,67.5,4.0,79.6,18.6,9.3,38.4,3.9,79.6,26.9,2.6,4.5
51107611204,13.5,21.4,30.5,73.6,5.9,9.5,4.7,76.9,87.0,64.3,4.7,69.0,19.5,10.9,36.2,7.4,75.1,32.2,2.6,11.3
51107611205,11.3,20.0,29.7,73.2,5.4,9.1,4.3,77.2,87.2,63.1,4.2,69.8,18.5,10.6,35.7,7.1,75.6,30.5,2.4,6.7
51107611206,6.0,20.1,27.8,73.1,6.2,9.5,3.7,78.4,89.3,67.3,3.5,75.8,20.2,8.4,34.6,4.8,79.1,29.0,2.0,4.5
51107611207,5.9,19.7,27.9,73.0,6.1,9.3,3.7,78.3,89.1,66.6,3.5,76.4,19.6,8.5,34.8,4.9,77.3,28.2,2.0,4.5
51107611208,4.6,20.7,28.4,74.7,6.7,9.3,3.7,79.6,90.7,63.6,3.3,76.6,19.5,8.6,36.6,4.0,78.5,27.3,1.9,5.2
51107611209,5.0,23.1,30.5,76.7,8.0,9.3,4.4,80.3,91.0,68.0,3.8,77.7,19.4,9.1,37.7,4.0,76.1,27.6,2.2,5.9
51107611300,13.2,19.3,29.4,71.5,4.9,9.2,4.3,76.2,86.0,65.0,4.3,69.2,18.9,10.7,34.9,8.0,75.0,31.7,2.4,9.1
51107611400,17.6,21.5,32.0,73.7,5.4,9.3,5.2,76.2,85.3,62.7,5.3,66.2,19.0,12.5,36.8,9.2,72.2,33.9,2.8,11.3
51107611501,10.3,16.3,26.0,67.3,4.0,9.4,3.2,75.6,85.5,54.8,3.3,62.5,19.9,8.5,30.7,7.5,72.4,31.8,1.9,14.8
51107611502,14.0,21.6,31.4,74.9,6.0,9.2,5.0,77.3,87.2,60.6,4.7,66.9,18.2,11.5,37.0,7.4,77.0,30.8,2.7,11.7
51107611601,10.0,17.6,26.7,70.4,4.9,9.2,3.4,76.5,87.5,60.5,3.4,71.8,19.0,8.7,33.1,6.2,76.7,29.7,1.9,7.6
51107611602,23.1,19.3,29.8,69.4,4.3,9.7,4.7,73.8,82.3,53.8,5.2,55.2,19.9,12.0,34.4,11.8,71.2,35.9,2.7,18.2
51107611701,15.2,22.6,32.2,75.1,6.4,9.1,5.3,77.2,87.2,65.2,5.0,66.0,18.6,11.8,37.5,7.5,77.2,32.4,2.8,10.1
51107611702,7.4,14.3,24.3,69.8,3.8,7.9,2.7,76.7,88.2,62.2,2.3,74.2,15.7,8.1,32.5,4.9,79.3,24.8,1.6,6.1
51107611803,5.8,18.3,28.2,73.5,5.0,8.6,3.5,78.8,89.4,59.6,3.2,74.8,17.5,9.5,35.7,5.0,78.3,26.5,1.9,4.4
51107611804,6.8,18.1,28.1,72.6,4.9,8.7,3.6,78.2,88.5,57.9,3.5,71.6,17.5,9.7,35.6,5.6,75.8,26.2,2.0,8.0
51107611805,5.1,18.7,26.7,71.9,5.6,9.3,3.2,78.6,89.9,60.7,3.1,77.0,19.6,8.1,34.5,4.4,76.8,27.8,1.8,6.3
51107611807,5.4,15.6,25.3,70.4,4.2,8.2,2.8,78.1,89.6,57.3,2.5,73.9,16.5,8.2,33.7,4.6,78.6,24.7,1.6,5.3
51107611808,6.0,17.8,27.8,73.5,4.8,8.6,3.4,78.9,89.5,56.7,3.1,76.0,17.0,9.6,35.8,5.0,77.6,25.6,1.9,5.8
51107611809,5.3,15.7,25.1,70.2,4.4,8.4,2.8,78.1,89.9,61.0,2.4,76.5,17.1,7.9,33.1,4.5,79.5,25.3,1.6,5.0
51107611810,5.0,17.2,26.0,71.1,5.2,8.5,3.1,78.4,90.2,62.2,2.8,75.7,17.8,8.0,34.3,4.2,78.9,25.7,1.7,2.9
51107611811,5.4,17.2,26.5,71.3,4.8,8.8,3.0,78.4,89.7,60.5,2.8,74.1,18.0,8.3,33.7,4.8,79.5,27.2,1.7,4.9
51107611812,6.2,14.0,23.5,67.2,3.6,8.5,2.4,76.7,88.3,57.8,2.4,72.5,17.1,7.3,31.1,5.2,77.3,25.2,1.5,5.2
51107611813,5.2,16.3,25.6,70.7,4.6,8.4,2.9,78.4,90.1,59.4,2.5,75.4,17.1,8.0,33.7,4.4,77.6,25.5,1.6,5.1
51107611901,4.6,14.8,25.1,72.0,4.0,7.5,2.7,78.9,90.3,57.7,2.2,75.5,14.6,8.6,34.9,4.1,78.7,21.9,1.5,4.3
51107611902,4.4,14.8,24.2,70.3,4.1,7.9,2.5,78.6,90.5,55.8,2.1,76.1,15.9,7.7,33.6,3.9,78.6,23.4,1.4,4.6
51153900100,6.1,26.2,35.6,80.1,9.0,9.6,5.4,82.7,92.1,73.4,4.6,75.5,19.1,11.3,40.9,4.6,80.0,31.5,2.8,4.6
51153900201,15.3,19.6,31.8,70.8,4.3,10.4,4.5,76.6,83.5,59.7,5.3,59.1,21.7,12.0,33.8,11.1,72.9,38.3,2.8,15.0
51153900202,17.8,18.7,29.4,71.5,4.7,9.2,4.3,75.8,85.4,61.0,4.2,62.8,19.4,11.1,34.6,8.6,72.4,35.1,2.5,9.1
51153900203,21.9,18.5,32.5,68.1,3.2,11.0,4.5,75.4,80.1,55.8,5.7,55.8,22.1,13.0,32.1,16.1,74.9,42.2,3.0,16.9
51153900301,10.8,23.7,34.2,74.6,6.3,10.8,5.4,78.8,86.5,61.9,6.2,64.0,22.8,12.1,36.8,9.0,75.1,36.9,3.1,12.0
51153900302,13.1,20.1,32.6,72.2,4.3,10.8,4.4,77.9,84.8,59.7,5.2,61.4,21.6,12.2,34.0,10.8,75.4,37.8,2.9,10.4
51153900403,13.7,23.1,34.9,76.9,6.0,9.9,5.3,79.6,87.6,64.3,5.2,64.1,19.0,13.2,37.3,8.6,75.9,35.6,3.2,11.9
51153900404,20.3,21.7,34.0,73.3,4.9,10.2,5.5,76.9,83.7,58.9,6.1,55.8,20.8,14.0,36.2,12.2,72.7,39.3,3.3,15.8
51153900407,14.0,19.8,32.9,72.6,4.3,10.5,4.3,78.1,85.9,61.3,4.7,61.2,20.1,12.1,33.9,10.2,77.8,38.0,2.8,11.1
51153900408,11.4,20.5,32.4,73.7,4.9,10.4,4.2,78.8,87.0,65.9,4.6,70.4,20.2,11.5,34.8,8.7,80.1,35.9,2.7,5.7
51153900409,15.8,19.5,30.7,72.6,4.8,9.9,4.4,77.2,85.7,61.5,4.4,62.0,19.5,11.4,34.6,9.1,78.6,35.2,2.7,9.7
51153900410,9.7,18.5,32.0,72.1,3.8,10.9,3.5,79.6,87.3,60.5,3.9,65.8,19.9,11.0,32.1,9.4,79.3,37.8,2.5,9.7
51153900502,6.5,17.6,28.9,71.0,4.4,10.6,2.9,79.6,89.3,64.6,3.0,71.9,20.3,8.6,31.1,6.5,81.5,34.6,2.0,6.3
51153900503,21.1,21.5,34.4,72.4,4.7,10.7,5.6,76.6,82.4,58.3,6.5,60.9,21.3,13.9,35.4,13.7,76.3,39.3,3.5,16.3
51153900504,25.6,22.4,35.7,73.0,4.7,10.3,6.4,76.0,81.1,54.8,7.2,49.9,21.2,15.8,36.7,15.4,71.7,41.5,3.8,19.8
51153900601,19.2,19.6,31.5,71.8,4.6,9.5,4.8,76.3,84.1,54.3,5.1,54.8,19.9,12.7,35.2,10.9,70.6,37.5,2.8,26.8
51153900602,18.9,16.9,29.5,67.3,3.5,10.0,3.9,75.3,82.2,54.6,4.3,56.1,20.6,11.0,31.2,12.2,73.3,39.3,2.5,20.3
51153900701,10.2,17.2,30.0,69.6,3.5,10.9,3.2,78.2,86.1,61.6,3.7,64.6,20.8,9.8,30.4,9.5,78.3,37.3,2.3,9.3
51153900702,11.9,19.1,30.2,73.4,5.1,9.5,4.0,78.4,87.6,61.2,3.9,65.9,19.0,10.6,34.3,7.5,77.3,34.3,2.4,12.2
51153900801,7.1,20.2,31.9,75.6,5.4,9.9,3.8,80.7,89.9,66.4,3.6,73.8,18.6,10.4,35.6,6.1,78.6,32.6,2.4,7.1
51153900803,12.5,19.5,33.5,71.2,3.7,11.5,3.9,78.7,85.0,60.9,4.8,62.1,21.3,12.0,31.9,12.2,77.4,40.7,2.8,12.6
51153900804,7.4,19.7,32.0,73.9,4.9,10.7,3.6,80.6,89.6,64.7,3.6,70.4,19.4,10.0,33.0,7.1,80.2,35.4,2.4,9.3
51153900901,18.3,21.1,35.3,71.9,4.0,11.2,5.1,77.3,82.9,58.8,6.2,57.5,21.9,14.1,34.0,14.5,74.2,42.6,3.4,17.9
51153900904,7.7,19.2,31.8,73.9,4.6,10.4,3.6,80.2,88.8,63.2,3.6,71.0,19.1,10.5,33.5,7.3,78.2,35.0,2.4,7.9
51153900905,8.5,22.0,34.6,75.6,5.5,10.7,4.6,80.6,88.6,64.0,4.6,71.3,20.0,11.8,35.3,8.0,79.8,36.6,2.9,6.3
51153901005,6.0,19.9,29.7,73.5,5.7,10.1,3.5,79.9,90.0,63.6,3.5,76.0,20.8,9.1,34.5,5.4,78.5,33.0,2.1,5.1
51153901009,6.3,22.7,31.7,76.3,7.4,10.1,4.4,80.7,90.4,69.8,4.2,73.2,20.9,9.7,36.9,5.2,79.0,32.1,2.4,4.1
51153901010,6.4,22.0,31.1,75.3,6.9,10.1,4.2,80.2,89.8,69.6,4.1,76.8,21.1,9.5,36.0,5.4,80.3,32.5,2.4,3.7
51153901011,8.6,21.5,32.5,75.1,5.8,10.3,4.3,79.6,88.4,66.1,4.5,70.0,20.5,10.9,35.7,7.1,79.1,34.3,2.6,8.0
51153901012,7.1,32.4,43.0,84.2,11.6,10.0,8.1,85.1,92.0,75.3,6.6,71.1,19.2,14.4,43.9,5.6,79.2,32.8,4.2,5.9
51153901013,11.0,19.0,31.5,72.5,4.3,10.6,3.7,78.9,87.2,59.3,4.0,60.8,19.9,10.8,32.8,8.8,74.3,36.9,2.5,9.5
51153901014,9.6,22.9,34.7,76.2,6.2,10.3,5.1,79.9,88.0,64.6,5.0,69.7,20.2,11.9,36.5,7.7,77.4,35.6,3.0,9.1
51153901015,9.3,18.6,32.2,71.9,3.8,11.0,3.4,79.8,87.7,59.9,3.7,64.1,19.7,10.8,31.6,9.3,77.1,38.4,2.5,12.9
51153901016,10.1,17.5,30.5,72.0,3.8,10.2,3.4,78.9,87.3,61.9,3.6,65.9,18.6,10.4,32.6,8.2,77.1,34.5,2.3,9.8
51153901101,10.7,13.1,22.4,58.7,3.0,10.2,2.7,72.4,77.9,57.9,3.6,63.7,24.3,6.4,25.8,9.5,74.1,32.4,1.6,12.2
51153901102,11.2,7.9,15.6,38.3,1.7,10.2,1.3,68.8,74.9,52.8,2.4,62.0,26.8,3.1,19.4,9.5,73.7,31.3,0.8,12.2
51153901203,13.6,21.4,32.7,75.6,5.7,9.5,4.9,78.7,87.4,64.3,4.7,67.0,19.3,12.3,36.8,8.1,79.3,34.8,2.8,9.5
51153901208,9.7,30.8,40.5,82.4,11.1,9.6,8.0,83.2,90.7,69.3,6.7,67.2,19.2,13.6,42.2,6.2,77.9,32.6,4.1,9.8
51153901209,12.8,24.0,35.8,76.6,6.2,10.1,5.8,79.3,86.9,63.8,6.0,65.8,20.6,13.7,38.2,9.0,77.0,36.4,3.3,9.1
51153901211,18.7,21.7,33.3,74.3,5.2,9.8,5.4,77.2,85.3,58.1,5.6,58.4,20.0,13.3,36.9,10.1,71.6,36.9,3.2,17.5
51153901212,12.6,21.0,33.4,74.7,5.0,10.4,4.6,78.9,86.7,61.2,4.9,61.4,19.7,12.4,35.6,9.1,76.9,35.7,2.9,12.5
51153901219,5.1,25.8,34.1,79.2,9.2,9.7,5.3,82.0,91.5,72.1,4.6,78.4,20.7,10.4,40.2,4.3,79.6,31.0,2.7,4.7
51153901221,9.0,21.9,32.2,73.8,5.9,10.6,4.4,78.9,87.4,65.4,4.9,69.6,22.2,10.6,34.9,7.7,78.4,35.9,2.7,8.9
51153901222,7.6,21.4,30.1,73.5,6.5,10.2,4.2,79.0,88.7,64.2,4.3,70.4,21.9,9.2,35.2,6.0,74.5,32.9,2.3,7.7
51153901223,9.1,21.8,31.4,74.9,6.6,10.0,4.5,79.5,88.8,67.3,4.5,74.6,20.7,10.3,36.1,6.5,77.6,33.3,2.5,8.3
51153901224,7.9,22.8,31.9,77.3,7.7,9.3,4.8,80.6,90.3,71.2,4.2,72.0,19.6,10.2,38.0,5.1,81.0,31.3,2.5,5.5
51153901225,8.9,21.4,31.8,75.8,6.4,9.7,4.4,80.1,89.1,66.8,4.2,72.7,19.2,10.4,36.1,6.3,77.0,32.3,2.5,7.4
51153901226,9.9,20.0,31.5,74.5,5.0,10.0,4.1,79.2,88.0,64.6,4.1,70.0,19.5,11.2,35.2,7.5,78.0,33.6,2.5,9.6
51153901227,15.7,20.8,32.4,74.1,5.1,9.9,4.7,77.5,86.0,62.8,4.9,65.1,19.7,12.2,35.9,8.9,75.5,35.7,2.9,10.8
51153901228,12.4,21.8,33.2,75.1,5.6,10.0,4.7,78.8,87.4,65.9,5.0,65.5,20.0,12.1,36.7,8.2,76.2,35.5,2.8,11.0
51153901229,10.4,20.6,32.3,74.6,5.0,10.1,4.3,78.9,87.6,62.9,4.4,65.6,20.0,11.7,35.7,7.9,79.4,35.0,2.7,8.1
51153901230,10.8,22.1,33.9,75.5,5.4,10.4,4.7,79.3,87.5,65.4,5.1,68.5,20.5,12.3,36.5,8.3,76.6,35.9,2.9,9.0
51153901231,6.9,23.0,31.9,77.0,7.6,9.5,4.8,80.2,89.6,68.3,4.4,74.4,20.4,10.2,37.8,5.1,78.5,30.7,2.6,7.1
51153901232,8.4,21.1,30.9,73.1,6.3,9.8,4.4,78.4,87.6,66.7,4.6,69.4,20.8,9.7,35.6,6.4,76.7,32.7,2.5,9.7
51153901233,7.7,25.2,34.3,77.5,7.8,10.1,5.4,80.2,89.1,68.6,5.5,73.7,21.8,11.3,39.0,5.9,77.7,33.9,2.9,7.3
51153901234,7.4,25.5,34.3,78.1,8.5,10.0,5.4,81.0,90.3,70.0,5.2,76.0,20.9,10.9,39.4,5.4,77.2,32.7,2.9,9.2
51153901235,5.2,21.1,30.4,75.9,6.6,9.9,3.8,81.0,90.8,68.4,3.5,77.5,20.2,9.3,36.0,4.7,79.5,31.3,2.2,3.3
51153901236,6.1,20.7,30.8,74.9,6.2,10.0,3.8,80.6,90.3,67.5,3.7,73.7,20.0,9.5,35.4,5.5,80.0,32.3,2.3,4.4
51153901237,7.5,18.8,28.9,71.6,4.9,10.2,3.4,78.8,88.3,66.3,3.6,71.8,21.3,9.2,32.9,6.6,78.1,34.2,2.1,6.6
51153901303,7.4,20.7,29.7,74.0,6.1,9.9,4.0,79.1,88.7,67.3,4.2,74.0,21.4,9.6,35.8,5.9,76.1,31.9,2.3,6.4
51153901304,8.2,24.8,32.5,76.3,8.2,10.1,5.3,79.1,88.7,66.0,5.5,69.6,22.9,10.2,38.3,5.6,77.4,32.7,2.8,11.7
51153901305,7.1,25.8,33.5,76.9,8.5,10.2,5.4,79.7,89.2,68.0,5.6,73.2,23.1,10.4,39.0,5.4,76.6,33.2,2.8,8.3
51153901306,6.8,26.5,34.7,78.2,8.9,10.0,5.7,80.7,89.9,69.9,5.6,74.2,22.2,10.9,39.8,5.3,78.5,32.9,2.9,6.9
51153901403,12.9,18.9,29.9,70.6,4.7,9.9,4.2,76.7,84.4,61.5,4.6,62.2,21.5,10.7,33.2,9.3,76.4,35.4,2.5,10.2
51153901407,14.8,17.1,28.2,68.4,4.0,9.7,3.7,75.7,84.4,56.5,4.1,61.0,20.7,10.1,32.2,9.4,74.9,35.7,2.2,13.1
51153901409,8.2,16.5,25.6,67.7,4.3,10.0,3.0,76.6,86.4,60.7,3.4,69.5,22.2,7.9,31.1,6.7,75.7,32.1,1.8,6.8
51153901411,5.3,22.8,32.0,77.7,7.6,9.3,4.6,81.3,90.8,67.4,4.0,74.5,19.7,10.2,38.5,4.5,80.2,29.5,2.4,4.8
51153901412,5.9,18.2,27.3,71.6,5.3,9.5,3.2,78.8,89.4,60.1,3.2,75.7,20.6,8.5,34.2,5.1,79.0,30.4,1.9,5.8
51153901413,6.4,17.9,26.0,70.1,5.2,9.8,3.1,77.8,88.4,61.4,3.3,73.6,21.9,7.8,33.1,5.2,78.0,30.8,1.8,7.3
51153901414,6.4,24.6,33.2,78.4,8.6,9.5,5.1,81.5,90.8,67.0,4.5,76.7,20.1,10.4,38.8,4.7,80.3,30.6,2.7,5.6
51153901415,5.9,17.8,25.8,70.2,5.3,9.7,3.0,78.2,89.1,60.4,3.1,75.5,21.7,7.6,32.9,4.9,74.9,30.6,1.8,5.7
51153901416,6.8,20.1,30.1,72.3,5.3,10.2,3.9,78.8,87.8,58.8,4.2,68.9,22.5,9.9,34.4,6.7,77.0,34.2,2.3,8.8
51153901417,7.0,24.1,32.1,76.3,8.1,9.9,5.1,79.7,89.1,66.8,5.0,73.6,22.0,9.8,37.8,5.3,78.0,31.7,2.6,9.0
51153901418,14.5,17.2,28.0,67.6,4.0,10.4,3.7,75.7,83.4,59.0,4.5,63.3,21.8,9.7,31.4,10.1,75.3,35.4,2.3,12.5
51153901419,20.3,18.9,32.0,69.3,3.6,10.5,4.6,75.5,80.8,54.3,5.9,53.6,21.8,13.0,33.4,14.4,70.1,39.8,3.0,18.8
51153901420,6.3,17.8,27.0,71.4,5.1,9.5,3.2,78.5,89.0,60.2,3.1,71.9,20.6,8.4,33.5,5.2,76.2,30.9,1.9,6.1
51153901421,6.5,18.6,28.2,72.6,5.3,9.6,3.5,78.6,88.6,62.6,3.5,72.8,20.3,8.9,34.4,5.5,77.4,30.4,2.0,7.9
51153901503,5.5,25.4,32.9,78.2,9.2,9.6,5.3,80.9,90.7,70.4,4.8,74.7,21.5,9.8,39.5,4.3,76.1,30.3,2.6,6.1
51153901504,5.2,41.0,49.0,89.0,18.4,8.7,10.6,89.5,95.7,81.3,7.3,76.0,16.6,14.9,51.0,3.0,80.6,26.6,4.8,5.9
51153901505,5.3,21.9,30.8,76.3,7.0,9.6,4.2,80.7,90.4,64.5,3.9,72.9,20.4,9.6,37.5,4.7,76.7,30.1,2.3,5.7
51153901506,8.4,17.4,27.2,69.6,4.4,9.8,3.3,77.0,86.6,57.9,3.7,70.0,21.4,8.9,33.0,6.7,75.6,31.4,2.0,9.4
51153901507,8.4,18.7,27.7,70.3,5.2,9.8,3.6,77.2,86.9,60.0,4.0,70.1,22.2,8.8,33.5,6.4,75.5,32.3,2.1,6.2
51153901508,8.5,19.8,30.5,72.6,5.1,9.8,4.1,78.2,87.0,60.9,4.4,69.7,21.1,10.5,35.0,7.3,75.5,32.9,2.4,12.0
51153901509,5.7,22.9,30.7,75.5,7.9,9.8,4.5,79.9,90.0,69.3,4.4,73.6,21.9,9.1,37.2,4.7,78.2,31.1,2.3,5.0
51153901510,5.2,20.3,28.8,74.1,6.4,9.6,3.8,79.8,90.1,63.5,3.5,76.0,20.9,8.8,35.8,4.6,76.9,30.0,2.1,5.7
51153901511,4.6,32.1,40.3,84.5,13.5,9.0,7.2,85.9,94.1,77.1,5.3,81.0,18.3,11.9,45.4,3.2,81.1,28.5,3.4,5.9
51153901601,21.5,24.1,35.5,75.0,6.2,9.8,6.7,76.8,83.7,55.4,7.1,57.0,20.9,14.6,38.2,11.5,69.3,38.4,3.7,13.8
51153901602,14.7,19.1,29.7,71.2,4.9,9.7,4.3,76.5,85.3,60.7,4.5,67.6,20.6,10.7,34.2,8.8,77.7,35.0,2.5,11.6
51153901702,24.7,19.9,30.6,70.3,4.7,9.7,5.1,74.0,82.2,55.8,5.7,56.4,21.1,12.5,35.8,11.6,70.1,37.8,2.9,16.1
51153901703,16.5,20.5,30.4,73.1,5.6,9.3,4.9,76.4,85.8,62.6,4.8,64.7,20.0,11.2,36.2,8.1,76.1,34.0,2.7,11.5
51153901704,21.0,18.2,29.5,69.7,4.3,9.5,4.5,74.7,82.5,54.2,4.8,58.1,20.1,11.4,33.6,11.0,76.2,36.2,2.6,16.7
51153901900,15.9,18.5,29.4,70.7,4.5,9.6,4.4,75.8,84.0,56.5,4.7,61.6,20.5,11.2,34.3,9.6,71.5,34.5,2.5,16.0
51157950100,7.9,33.6,40.0,80.7,11.0,10.7,8.1,80.7,89.1,72.4,8.5,67.5,23.7,13.6,42.8,6.1,73.7,35.2,4.0,11.7
51157950200,7.4,35.6,42.7,82.3,11.6,10.6,9.1,81.9,89.8,71.7,9.1,70.5,23.3,15.2,44.4,6.3,74.7,36.0,4.4,10.8
51177020104,7.0,25.8,34.6,76.2,8.0,10.6,5.3,78.5,88.8,68.7,5.3,71.1,22.8,11.2,37.4,5.7,79.8,37.7,2.8,9.9
51177020105,6.0,27.1,34.7,76.9,9.0,10.5,5.5,78.8,89.5,72.1,5.5,74.9,23.5,11.0,38.9,4.9,78.6,37.1,2.8,8.7
51177020106,8.5,30.4,39.6,79.9,10.0,10.5,7.2,80.3,89.3,71.3,7.0,69.6,22.2,13.6,41.1,6.2,81.8,38.3,3.7,6.5
51177020107,7.0,23.6,33.9,74.6,6.9,10.6,4.7,78.3,88.6,66.8,4.8,70.9,22.4,11.0,35.8,6.3,78.7,39.3,2.6,9.2
51177020108,12.8,29.2,40.3,77.8,7.9,11.3,7.5,78.7,85.5,67.1,8.3,63.4,23.4,15.5,38.8,10.1,75.7,42.8,4.3,12.6
51177020109,10.3,30.5,39.6,80.0,10.3,10.4,7.3,80.2,89.1,72.6,6.9,69.0,21.3,13.4,40.2,6.5,80.0,37.8,3.9,11.7
51177020110,12.2,24.6,34.7,74.1,6.6,10.8,5.5,76.4,85.4,62.5,6.2,57.7,23.3,12.3,36.0,8.4,74.3,41.1,3.1,14.3
51177020111,10.2,23.2,33.5,72.3,5.9,11.4,4.8,76.2,85.4,63.3,5.7,67.3,24.3,11.6,34.5,8.6,77.6,41.5,2.9,10.9
51177020112,9.8,24.6,34.9,74.1,6.8,11.0,5.3,77.0,86.4,66.9,5.9,70.0,23.5,11.9,35.9,7.8,77.8,41.0,3.0,11.8
51177020113,8.0,26.9,36.3,76.3,7.9,11.1,5.7,78.6,87.9,69.6,6.2,67.4,23.9,12.3,37.7,7.0,78.5,40.6,3.1,10.1
51177020114,9.4,23.5,33.7,73.7,6.4,11.1,4.7,77.4,86.8,68.3,5.3,70.8,23.1,11.4,34.7,7.7,81.1,40.4,2.8,8.9
51177020201,9.7,22.8,33.1,72.2,6.0,11.2,4.7,76.5,86.0,63.7,5.3,66.4,23.8,11.1,34.0,8.1,79.2,41.2,2.7,12.4
51177020202,10.3,26.3,36.6,75.6,7.5,11.0,6.0,77.9,86.7,68.1,6.5,64.8,23.2,12.7,37.0,8.1,78.8,41.0,3.3,11.1
51177020203,8.0,22.4,32.8,73.5,6.2,10.8,4.3,77.9,87.9,67.3,4.5,68.9,22.2,10.7,34.3,6.9,79.3,39.5,2.5,9.7
51177020204,9.0,26.5,36.2,76.7,8.1,10.7,5.8,78.7,87.9,69.2,6.0,66.2,22.5,12.2,37.6,6.9,79.4,39.2,3.2,10.8
51177020206,7.6,22.9,32.5,73.4,6.7,10.9,4.6,77.2,87.1,67.9,4.9,70.8,23.5,10.4,34.3,6.7,79.1,38.8,2.6,9.5
51177020207,10.2,21.4,32.5,69.8,5.0,11.4,4.2,75.3,84.6,59.5,5.3,61.0,24.6,11.0,32.6,9.1,77.6,42.6,2.6,13.9
51177020304,9.0,27.7,36.6,77.5,8.7,10.7,5.9,78.9,88.5,72.5,6.1,70.7,22.5,12.2,38.5,6.3,80.1,38.6,3.2,11.3
51177020305,9.6,21.3,31.5,71.1,5.8,11.0,4.4,76.0,85.0,68.4,5.1,63.5,23.8,10.5,33.1,8.1,81.0,39.7,2.6,12.7
51177020307,13.0,24.1,34.9,73.7,6.2,11.1,5.3,76.3,85.5,65.5,6.1,64.6,23.0,12.6,35.9,8.9,80.0,41.5,3.1,6.7
51177020308,8.5,24.6,34.1,73.8,6.9,11.0,4.9,77.4,87.4,64.9,5.5,62.8,23.8,11.4,35.7,7.2,78.4,40.8,2.8,18.4
51177020309,8.4,24.0,33.5,74.0,6.8,11.1,4.9,77.3,86.8,69.7,5.4,68.2,23.8,11.1,35.3,7.1,78.4,39.7,2.8,9.8
51177020311,11.4,30.9,41.9,77.5,7.8,11.9,7.9,77.8,84.6,61.6,9.8,58.4,25.7,16.3,39.9,10.5,74.3,45.2,4.5,17.3
51177020312,8.0,27.5,38.9,79.3,8.5,10.4,6.0,81.0,90.1,71.9,5.5,69.2,20.0,13.3,39.1,6.3,81.6,38.7,3.3,9.4
51177020313,12.1,18.6,31.8,65.1,3.4,13.0,3.6,75.3,79.1,59.3,5.4,52.6,26.3,10.7,27.7,14.8,78.3,46.0,2.7,18.6
51177020314,10.0,21.9,32.9,72.0,5.4,11.4,4.4,76.6,86.2,63.8,5.0,65.3,23.1,11.3,33.5,8.4,79.0,40.7,2.8,8.8
51177020315,8.4,26.7,36.4,77.5,8.6,10.4,6.1,78.8,89.0,74.0,5.7,74.0,22.6,12.1,38.3,6.0,83.4,38.6,3.1,5.0
51177020316,7.2,23.9,33.2,74.3,7.1,10.8,4.7,77.8,88.3,70.4,4.9,71.1,23.1,10.5,35.4,6.1,79.6,38.9,2.6,7.9
51177020403,8.7,27.9,37.0,75.9,7.9,11.2,6.3,77.2,86.3,66.4,7.3,65.3,25.3,12.7,38.3,7.3,78.5,41.2,3.4,13.7
51177020404,7.8,29.5,38.6,78.0,9.2,10.8,6.9,78.8,87.9,68.4,7.3,63.5,23.9,13.0,40.0,6.5,77.7,39.6,3.6,17.1
51177020405,7.8,32.1,41.5,79.8,10.0,11.0,7.9,79.8,88.4,67.6,8.3,65.2,24.0,14.5,41.8,6.7,78.0,40.6,4.0,10.8
51177020406,9.8,29.6,39.0,76.4,8.2,11.6,7.1,77.3,85.8,65.2,8.6,62.9,25.8,13.9,39.5,8.3,76.5,42.4,3.8,15.4
51177020407,6.8,29.3,38.4,79.4,9.8,10.5,6.6,80.2,89.7,73.2,6.4,72.2,22.3,12.7,40.6,5.5,78.2,37.6,3.4,7.2
51177020408,8.4,23.5,32.0,72.1,6.7,10.9,4.8,75.9,86.1,67.4,5.4,74.7,24.9,10.3,34.8,6.8,78.3,39.5,2.6,7.3
51179010103,7.6,21.9,29.4,73.8,6.1,10.6,4.2,77.3,87.5,67.5,4.2,72.1,22.9,9.7,34.0,6.8,77.8,35.3,2.4,5.9
51179010105,7.8,22.4,30.4,74.9,6.2,10.4,4.2,77.8,88.5,70.4,4.2,73.1,21.6,10.0,35.1,6.3,81.7,34.9,2.4,7.2
51179010106,6.9,24.5,31.1,76.1,7.5,10.2,4.8,77.8,89.0,69.8,4.6,70.9,22.5,10.1,37.0,5.4,79.3,34.1,2.5,5.3
51179010107,8.7,26.1,33.0,76.3,7.4,10.6,5.4,77.4,87.9,67.9,5.8,68.4,23.9,11.4,37.7,6.9,77.0,36.8,2.9,7.3
51179010108,9.4,22.6,30.9,74.4,6.0,10.5,4.4,77.0,87.6,67.4,4.6,68.9,22.1,10.7,35.3,7.1,79.9,36.2,2.6,6.7
51179010201,17.8,7.8,21.0,32.0,1.0,10.1,2.5,65.5,54.7,48.5,5.0,39.6,28.5,4.8,19.1,24.0,64.4,38.1,1.3,33.5
51179010202,8.6,25.6,31.8,75.3,7.4,10.6,5.3,76.5,86.9,69.6,5.9,69.2,24.5,10.8,37.6,6.6,77.2,35.7,2.8,11.3
51179010205,8.8,23.6,30.8,74.6,6.3,10.7,4.6,76.7,87.4,66.7,5.0,69.8,23.3,10.7,36.0,6.9,78.7,36.1,2.6,9.4
51179010206,10.6,22.6,31.2,74.0,5.6,10.6,4.6,76.4,86.3,66.5,5.0,68.3,22.6,11.2,34.9,8.2,75.6,37.5,2.7,8.0
51179010210,7.2,18.8,27.2,70.9,4.6,10.5,3.1,76.8,88.0,63.2,3.3,70.0,22.0,8.7,31.6,6.5,80.5,35.3,2.0,7.6
51179010211,9.8,20.9,29.3,71.7,5.0,10.9,3.9,75.7,85.7,65.9,4.5,64.6,23.5,10.1,33.0,8.3,75.1,37.5,2.4,11.5
51179010212,8.8,22.1,30.1,74.1,5.7,10.6,4.2,77.1,87.4,66.1,4.5,69.7,22.6,10.4,34.6,7.1,79.3,36.3,2.5,11.2
51179010213,5.8,21.5,28.6,74.6,6.1,10.3,3.7,78.2,89.6,69.6,3.6,74.7,22.1,9.2,34.7,5.2,81.5,33.8,2.1,5.5
51179010214,9.7,22.1,30.7,73.4,5.4,10.7,4.4,76.6,86.0,64.5,4.9,65.2,23.1,10.9,34.3,8.3,76.9,37.4,2.6,9.1
51179010215,10.5,22.1,31.6,72.8,4.8,11.6,4.4,76.9,85.4,63.1,5.2,58.2,23.7,11.7,33.5,10.3,74.9,39.5,2.8,15.9
51179010216,17.3,20.3,30.1,69.8,4.1,11.2,4.3,73.9,82.0,57.3,5.5,53.7,23.5,11.6,32.6,12.3,73.5,40.3,2.8,20.0
51179010217,5.5,26.3,32.8,78.9,8.3,10.1,5.1,79.9,90.3,71.7,4.7,77.4,21.9,10.8,38.8,4.9,79.4,33.4,2.7,7.6
51179010218,10.0,19.0,28.4,68.3,4.8,10.3,3.8,74.1,84.3,64.4,4.2,68.8,22.5,8.9,31.4,8.0,79.0,36.9,2.2,8.6
51179010219,5.8,22.0,29.8,75.3,6.2,10.2,3.9,78.6,89.7,69.4,3.7,75.7,21.4,9.7,35.0,5.5,81.3,34.0,2.3,5.4
51179010301,6.9,26.5,32.8,77.3,8.0,10.4,5.4,78.1,88.4,68.9,5.5,70.3,23.6,10.9,38.3,5.7,78.2,34.9,2.8,10.0
51179010304,10.1,28.7,36.8,78.7,8.5,11.0,7.0,79.0,86.8,70.6,7.0,67.8,23.2,13.2,38.4,8.5,77.6,37.1,3.8,8.6
51179010305,8.1,25.7,33.5,77.0,7.4,10.8,5.5,78.5,87.6,66.9,5.6,68.5,22.7,11.6,37.0,7.3,78.1,35.7,3.1,9.3
51179010306,11.1,21.0,30.4,71.3,5.2,10.9,4.4,75.7,84.5,63.2,4.9,65.0,23.1,10.4,32.2,9.5,79.3,38.3,2.7,7.8
51179010307,6.3,27.2,34.3,79.4,8.8,10.4,5.5,80.4,90.2,73.8,5.0,75.1,21.7,11.4,38.9,5.5,81.4,34.1,2.9,5.3
51179010308,6.9,25.2,31.0,75.4,7.5,10.4,5.0,77.1,88.2,69.2,5.2,73.5,24.0,10.1,37.2,5.8,77.6,34.8,2.6,7.6
51179010403,7.5,24.0,30.7,74.9,7.0,10.4,4.7,77.1,88.0,68.0,4.8,70.9,23.5,10.1,36.0,6.1,76.9,35.2,2.5,8.0
51179010404,6.5,24.0,30.6,75.8,7.5,10.3,4.7,78.1,88.6,70.8,4.5,73.8,22.9,9.7,35.9,5.6,79.5,33.9,2.5,5.1
51179010405,6.3,25.3,31.0,76.8,8.2,10.3,4.9,78.4,89.3,70.6,4.8,75.3,23.0,9.8,37.4,5.1,81.2,33.2,2.6,6.5
51179010406,7.2,24.8,31.8,75.9,7.3,10.5,5.0,77.8,87.8,65.6,5.1,70.3,23.6,10.5,36.3,6.4,78.3,35.6,2.7,9.5
51179010502,6.6,28.2,33.8,78.8,9.4,10.2,6.0,78.9,89.2,72.1,5.8,72.4,23.3,11.0,39.6,5.2,75.2,33.7,3.0,11.6
51179010503,7.1,28.2,33.6,78.2,9.1,10.4,6.1,78.2,88.4,70.4,6.2,67.9,24.0,11.0,39.5,5.6,78.3,33.9,3.1,12.2
51179010504,8.4,31.1,37.3,79.2,9.4,11.2,7.4,78.6,87.8,69.9,8.1,65.8,24.9,13.3,41.2,7.3,77.0,36.8,3.8,12.7
51187020101,6.9,26.4,32.7,75.7,8.4,10.3,5.5,77.8,88.6,69.8,5.7,71.8,23.3,10.6,37.4,5.4,74.5,35.5,2.7,9.6
51187020102,9.4,27.8,35.5,74.0,7.3,11.3,6.6,76.1,84.6,62.0,8.2,61.5,26.7,12.8,36.8,8.8,69.4,41.5,3.4,14.2
51187020200,7.4,28.1,34.8,77.0,9.2,10.3,6.3,78.3,88.2,69.3,6.4,69.8,22.9,11.3,38.2,5.6,74.4,35.6,3.1,9.0
51187020300,8.4,31.7,38.6,78.8,9.5,11.0,7.8,78.7,87.1,67.6,8.6,68.3,24.7,13.7,40.1,7.2,71.5,38.5,3.9,13.9
51187020400,10.7,30.6,37.7,77.5,9.0,11.5,7.7,77.8,85.3,67.2,8.9,59.6,25.3,13.6,38.3,8.7,70.4,38.7,4.1,13.3
51187020500,11.4,29.6,37.7,76.7,7.8,11.7,7.3,77.0,84.7,65.9,8.7,64.4,25.3,14.0,37.9,9.3,70.3,40.3,4.0,15.0
51187020601,8.9,27.9,34.4,76.5,8.3,11.1,6.7,77.3,85.1,69.8,7.4,64.4,25.4,12.0,37.0,7.5,72.5,36.7,3.4,10.9
51187020602,10.2,29.9,36.8,76.7,8.3,11.4,7.3,77.0,85.2,67.5,8.9,62.2,25.8,13.3,38.8,8.3,72.7,39.1,3.8,17.5
51187020700,7.9,32.0,38.2,79.1,10.2,10.9,7.8,79.1,88.0,71.5,8.2,67.9,24.2,13.1,40.6,6.3,75.0,36.8,3.8,8.2
51510200102,15.8,18.8,28.6,68.7,4.5,9.7,4.2,74.6,83.9,63.4,4.5,64.2,20.2,10.8,33.7,9.9,77.7,34.1,2.5,6.4
51510200104,17.1,15.7,26.1,61.6,2.9,10.9,3.2,72.6,80.3,58.0,4.3,58.6,23.1,9.5,29.4,13.1,78.8,36.9,2.1,8.8
51510200105,10.4,19.5,32.9,69.7,4.0,11.3,4.1,76.8,84.6,64.1,4.8,64.3,20.8,11.4,32.3,11.0,82.3,37.2,2.8,8.0
51510200106,11.3,28.2,36.2,79.3,10.2,9.7,7.4,80.3,88.8,68.1,6.0,65.0,19.0,12.0,39.6,6.8,76.0,29.5,3.8,11.1
51510200108,8.4,21.3,32.8,73.0,5.0,10.5,4.2,78.7,87.4,67.3,4.3,67.8,20.1,11.6,34.5,8.5,81.9,35.2,2.7,10.5
51510200109,13.5,20.2,32.1,70.8,4.3,10.3,4.3,76.5,85.1,61.8,4.7,63.2,20.2,12.2,34.1,10.6,79.1,37.1,2.7,6.9
51510200110,5.1,14.4,20.9,63.2,4.3,9.8,2.1,76.0,89.2,67.4,2.0,77.2,21.5,5.5,28.6,4.6,82.8,28.6,1.2,2.9
51510200111,8.6,15.3,23.7,62.9,3.8,10.4,2.7,74.3,84.8,67.5,3.1,68.2,22.9,7.1,28.7,7.7,80.7,32.0,1.7,5.7
51510200201,6.7,20.3,27.6,70.8,6.1,10.2,3.9,77.2,87.6,68.4,3.8,73.2,22.4,8.6,33.5,6.0,81.3,31.1,2.1,6.6
51510200202,3.6,26.9,32.6,79.3,10.7,9.1,5.2,82.3,93.1,75.2,3.7,82.1,19.6,9.5,41.4,3.0,80.9,27.3,2.4,3.2
51510200301,9.6,17.7,27.3,66.1,4.2,10.5,3.4,75.1,84.8,63.1,3.9,67.9,22.1,8.9,30.9,8.7,80.4,34.1,2.1,6.1
51510200302,11.7,21.7,30.4,72.8,6.1,10.1,4.6,76.9,86.8,66.8,4.7,67.4,20.4,10.5,35.6,7.6,79.2,32.2,2.6,13.2
51510200304,10.2,25.8,37.2,76.5,6.2,11.0,6.1,79.2,86.2,68.5,6.1,64.4,21.4,14.4,37.2,10.2,80.0,36.3,3.8,12.9
51510200305,8.1,24.0,34.1,76.1,7.0,10.3,5.0,80.2,89.9,73.5,4.5,71.4,19.1,11.5,37.2,6.8,82.6,33.1,2.9,8.2
51510200403,5.2,14.8,22.8,64.4,4.0,9.6,2.3,75.7,88.4,65.5,2.3,75.0,21.0,6.5,29.6,5.0,82.7,29.3,1.4,3.9
51510200404,3.8,22.3,28.2,74.8,8.0,9.4,3.7,80.1,92.4,71.0,3.0,81.7,20.3,8.2,37.5,3.4,82.7,27.8,1.9,3.2
51510200406,8.0,17.8,28.3,69.6,4.4,10.1,3.2,77.5,88.1,66.5,3.1,66.1,19.4,9.2,31.8,7.1,78.5,33.3,2.0,8.2
51510200407,7.3,27.0,35.6,78.8,8.6,9.9,5.8,81.2,90.8,72.9,4.9,71.9,19.2,12.2,40.1,5.9,83.1,31.3,3.1,5.1
51510200408,10.6,15.9,26.8,65.0,3.2,10.5,3.0,75.1,84.1,62.3,3.5,59.8,21.0,9.0,29.7,9.6,77.2,34.3,2.0,12.2
51510200409,10.8,19.5,30.5,68.7,4.3,10.8,4.1,76.0,84.3,61.4,4.7,63.9,22.0,10.7,32.4,10.4,75.7,36.0,2.6,16.6
51510200500,9.7,18.4,28.5,68.2,4.2,11.0,3.7,75.9,84.2,64.2,4.1,63.2,22.7,9.6,30.7,9.5,79.0,35.0,2.4,13.0
51510200600,8.9,22.1,31.7,73.8,6.0,9.9,4.6,78.2,88.4,67.4,4.3,68.9,20.1,11.2,36.3,7.0,80.1,32.8,2.6,9.6
51510200701,5.8,11.4,17.5,54.7,3.1,9.8,1.7,72.2,85.7,63.4,2.0,77.9,24.0,4.3,25.3,5.0,81.2,27.9,1.0,3.7
51510200703,5.0,20.6,27.5,72.4,6.7,10.0,3.6,78.2,89.8,68.3,3.2,75.5,21.8,7.9,34.0,4.6,80.2,29.9,2.0,5.5
51510200704,5.9,13.8,20.7,60.9,4.0,9.6,2.2,73.7,86.5,66.4,2.3,76.2,22.4,5.5,28.0,5.1,80.5,28.6,1.3,2.8
51510200705,4.3,22.2,27.7,74.6,8.4,9.2,4.2,78.8,90.7,75.0,3.3,78.1,21.1,7.9,36.6,3.6,83.2,26.8,2.0,2.6
51510200801,5.9,26.2,32.1,77.5,9.5,9.6,5.2,80.4,91.5,71.5,4.4,78.5,20.5,9.8,40.3,4.1,82.6,29.1,2.5,6.4
51510200802,9.2,21.2,29.0,70.7,5.8,10.5,4.2,76.5,86.3,67.2,4.7,68.1,22.9,9.6,34.3,7.6,78.5,33.1,2.4,8.1
51510200900,3.8,24.5,29.9,76.7,9.4,9.3,4.4,80.5,92.3,72.0,3.5,80.8,20.7,8.5,39.1,3.1,83.2,27.4,2.1,3.6
51510201000,4.4,21.9,26.1,72.7,7.8,10.0,3.5,78.6,91.0,73.8,3.3,80.3,23.0,7.3,35.5,3.8,83.0,28.4,1.8,3.1
51510201100,8.2,24.4,31.4,74.6,7.8,9.7,5.2,78.3,89.0,65.1,4.9,72.6,21.8,10.4,38.3,5.7,76.5,32.0,2.6,6.7
51510201202,5.2,17.3,23.6,67.9,5.7,9.3,2.9,76.3,89.6,69.9,2.5,79.2,21.5,6.7,32.1,4.0,81.8,28.4,1.6,3.3
51510201204,7.8,18.4,26.0,69.2,5.2,9.9,3.3,75.7,88.0,67.6,3.3,74.6,21.7,8.2,32.6,5.6,82.8,31.0,2.0,5.6
51510201205,15.4,15.0,24.1,62.8,3.2,10.0,3.1,72.6,82.8,60.9,3.4,64.5,22.1,8.7,29.7,9.7,81.9,34.0,1.9,11.1
51510201206,28.1,16.6,27.3,62.3,2.9,10.2,4.0,70.2,78.4,48.8,5.0,54.0,22.0,11.7,32.1,15.3,72.7,38.7,2.4,15.1
51510201300,4.2,19.0,24.4,69.3,6.4,9.7,3.0,77.1,90.3,70.5,2.8,77.5,22.5,6.6,33.2,3.7,80.9,28.5,1.6,4.0
51510201400,5.5,20.7,26.0,70.9,6.9,9.8,3.5,77.3,90.0,71.0,3.4,79.0,22.7,7.5,34.9,4.2,81.4,29.5,1.8,3.6
51510201500,4.8,24.9,30.3,76.4,9.2,9.4,4.9,79.9,91.5,72.4,3.9,76.4,21.2,9.2,39.2,3.7,77.7,28.1,2.3,4.1
51510201601,5.1,19.1,25.9,69.5,5.9,10.0,3.4,76.7,88.6,69.6,3.3,73.9,23.0,7.5,32.8,4.9,81.3,30.0,1.9,4.3
51510201602,7.4,15.7,23.6,62.6,4.1,10.5,2.8,74.1,84.8,65.6,3.3,71.8,24.3,6.7,28.8,7.1,80.9,32.2,1.6,4.1
51510201802,5.4,30.9,38.5,80.6,10.3,10.3,6.9,82.4,91.5,74.0,6.1,73.5,21.7,13.1,43.0,5.4,78.4,33.2,3.4,8.1
51510201803,4.2,18.7,23.8,69.4,6.5,9.6,3.0,77.0,90.3,73.2,2.7,80.8,22.6,6.4,33.0,3.6,81.7,27.8,1.6,2.9
51510201804,4.9,15.6,22.4,65.2,4.8,9.5,2.5,75.8,88.7,67.7,2.4,75.6,21.6,6.2,30.4,4.5,79.2,28.6,1.4,7.0
51510201805,4.8,27.9,34.3,79.9,10.2,9.8,5.7,81.6,91.9,77.2,4.5,76.9,20.8,10.7,41.0,4.0,83.2,28.9,2.8,4.8
51510201900,4.5,21.6,26.9,72.6,7.8,9.8,4.0,77.9,90.0,73.1,3.5,79.5,22.9,7.6,35.4,4.0,81.9,28.3,2.0,3.8
51510202001,3.5,27.5,32.4,79.4,11.4,9.2,5.3,82.0,93.2,76.0,3.9,83.8,20.3,9.0,41.8,2.8,82.5,26.8,2.4,2.8
51510202002,4.5,23.9,29.1,76.2,9.3,9.5,4.6,79.4,90.7,76.7,3.6,81.5,21.6,8.2,37.5,3.7,83.4,27.2,2.2,5.0
51600300100,10.7,23.4,32.6,75.3,6.8,9.7,5.7,77.8,85.9,66.6,5.7,65.0,20.5,12.1,37.1,7.7,73.6,33.6,3.0,9.6
51600300200,7.5,22.9,31.0,76.0,7.6,9.1,5.0,79.1,89.2,66.9,4.3,72.2,19.5,10.4,37.3,5.1,79.4,31.1,2.5,6.3
51600300300,7.7,22.5,31.1,76.2,7.1,9.2,5.1,78.8,87.7,68.9,4.6,71.3,19.6,11.1,37.0,5.8,76.9,30.6,2.6,7.0
51600300400,8.6,21.5,29.9,75.1,6.8,9.1,4.8,78.0,87.1,69.3,4.3,68.6,19.3,10.6,36.0,5.9,78.2,30.6,2.5,7.4
51600300500,6.3,24.2,31.9,77.9,8.5,9.1,5.4,79.8,89.1,72.7,4.5,74.5,19.4,10.6,38.2,4.7,80.0,29.7,2.6,6.1
51610500100,4.2,26.4,32.1,79.0,10.0,9.2,5.2,81.7,92.0,73.7,4.0,80.5,20.1,9.7,39.4,3.5,80.2,28.5,2.5,3.5
51610500200,5.5,22.1,28.2,74.4,7.5,9.4,4.0,79.0,90.3,71.0,3.5,77.7,21.1,8.7,35.6,4.2,79.7,30.0,2.1,4.0
51610500300,5.0,20.8,27.2,73.7,7.5,9.1,4.1,78.3,89.4,71.0,3.3,79.0,20.6,8.0,34.7,4.0,78.6,28.0,2.0,5.9
51630000100,5.4,25.6,31.7,76.9,9.1,10.0,5.4,79.0,88.9,74.5,4.9,77.0,23.0,9.6,37.5,4.7,82.0,35.6,2.6,5.5
51630000201,9.6,23.2,31.0,74.2,6.4,11.8,5.5,77.3,82.6,68.3,6.1,62.3,25.9,11.0,33.0,9.9,80.0,38.9,3.1,14.9
51630000202,9.3,30.3,37.6,78.7,8.9,11.3,7.2,78.9,86.3,71.0,8.1,62.3,24.8,13.5,39.6,8.2,77.2,41.1,3.9,17.6
51630000301,7.6,5.7,10.2,27.7,1.2,12.9,1.0,69.4,68.7,74.0,2.0,71.4,33.6,1.7,14.5,11.2,74.9,27.8,0.6,12.8
51630000302,8.7,25.0,33.2,75.1,7.1,11.1,5.7,77.9,85.8,67.5,6.0,65.6,24.5,11.5,35.6,8.2,76.2,40.8,3.1,14.7
51630000400,9.6,24.8,34.9,76.5,6.4,11.2,5.6,78.0,85.7,69.0,6.0,65.6,22.6,12.5,35.7,8.7,79.2,40.6,3.4,11.7
51630000500,9.7,20.7,30.3,70.6,4.8,11.4,4.2,76.7,84.7,63.9,4.8,63.9,23.9,10.4,32.0,9.6,78.3,42.1,2.5,13.9
51683910100,12.8,23.4,32.2,76.0,6.9,9.6,5.5,77.3,87.2,67.6,5.2,65.9,20.1,12.0,37.5,7.3,79.6,35.0,2.9,8.6
51683910201,13.8,23.4,31.4,75.3,7.1,9.8,5.4,76.8,87.0,65.9,5.4,67.3,20.5,11.5,37.4,7.3,77.5,34.5,2.8,13.8
51683910202,17.8,19.4,28.3,71.3,4.9,9.8,4.3,74.4,84.8,64.0,4.5,67.6,20.0,11.2,34.6,9.0,79.2,35.3,2.5,9.8
51683910301,14.7,21.6,30.8,73.5,5.6,10.0,4.9,75.6,85.3,64.3,5.3,63.3,20.8,11.8,35.9,8.8,77.3,35.7,2.8,11.8
51683910302,14.1,20.2,29.4,71.7,5.2,10.2,4.5,75.0,84.4,65.0,4.9,67.2,21.4,11.0,34.2,9.0,78.3,35.9,2.6,8.0
51683910401,22.4,17.7,28.0,67.6,3.6,10.2,4.1,72.1,81.0,58.8,4.8,56.9,21.0,11.6,32.7,12.1,78.0,38.5,2.5,11.2
51683910402,9.6,23.4,31.4,76.0,7.3,10.0,5.0,77.9,88.3,71.0,4.9,70.8,20.5,10.8,37.3,6.2,81.1,33.0,2.7,5.5
51685920100,26.8,21.5,32.4,70.2,4.5,10.0,5.7,73.1,80.5,53.9,6.4,51.8,21.9,14.3,35.5,13.9,73.8,41.9,3.2,20.4
51685920201,16.0,17.2,27.3,66.9,3.5,10.0,3.5,73.7,82.9,57.6,3.9,60.5,21.7,10.3,31.1,9.9,75.7,37.8,2.2,15.9
51685920202,10.8,20.3,30.4,72.3,4.9,10.0,4.2,76.8,85.8,63.4,4.5,69.1,20.8,11.2,34.5,8.1,78.3,34.7,2.5,10.8
54037972201,5.4,29.8,35.8,75.9,8.6,11.9,5.8,81.0,87.6,73.3,5.9,68.7,27.9,11.0,37.4,6.2,79.3,33.7,2.7,9.3
54037972203,6.2,36.5,43.4,79.4,10.4,11.7,7.8,82.5,89.6,73.2,8.1,62.5,26.9,14.4,42.9,6.4,77.6,37.3,3.6,13.4
54037972204,6.3,35.9,41.9,78.4,9.9,12.2,7.4,81.6,89.0,72.0,8.1,63.2,28.7,13.7,41.7,6.7,78.7,37.9,3.5,12.5
54037972300,8.5,36.0,42.9,77.3,9.0,12.6,7.7,80.5,87.6,66.8,9.4,53.7,29.2,14.8,41.9,8.2,73.8,40.1,3.8,17.6
54037972401,12.5,34.4,43.6,75.9,7.5,12.9,7.9,79.4,85.0,65.8,10.1,50.9,28.9,16.3,40.4,11.4,74.2,42.9,4.2,17.6
54037972402,9.3,33.3,41.2,75.0,7.7,12.9,6.9,79.6,86.3,64.4,8.8,52.7,29.9,14.4,39.4,9.5,74.9,41.4,3.6,17.4
54037972501,6.2,31.9,38.6,76.0,8.6,11.6,5.9,81.1,89.7,70.3,6.2,66.2,27.2,12.0,39.2,6.1,78.1,37.4,2.9,14.1
54037972503,9.1,30.7,38.2,74.1,7.3,12.3,5.9,79.3,87.2,67.3,7.1,60.2,28.4,12.7,38.3,8.1,78.8,39.0,3.0,14.9
54037972505,8.1,36.0,44.5,78.8,9.2,12.2,7.8,82.0,88.8,67.1,8.5,53.5,27.1,15.6,41.7,8.2,75.4,40.4,3.9,16.6
54037972506,8.0,34.0,41.3,77.7,9.0,11.9,7.0,81.4,89.1,69.1,7.6,58.6,26.9,13.8,40.8,7.2,76.1,38.1,3.5,14.4
54037972601,6.4,35.4,41.7,78.3,9.9,12.0,7.3,81.7,89.6,72.6,7.8,64.1,27.9,13.5,41.9,6.4,76.2,37.4,3.4,13.8
54037972602,5.4,32.5,38.6,76.9,9.2,11.5,6.0,81.7,90.5,71.7,6.1,66.6,27.1,11.9,40.3,5.4,79.1,36.2,2.8,9.6
54037972701,8.7,34.7,41.6,75.7,8.4,12.5,7.2,79.5,86.9,68.1,9.2,54.3,29.7,14.1,41.2,8.3,74.9,40.5,3.5,21.9
54037972702,7.3,34.2,40.9,75.7,8.5,12.3,6.9,80.0,87.5,67.5,8.5,59.0,29.8,13.7,40.7,7.7,76.4,40.1,3.3,15.2
54037972800,6.6,34.7,41.4,77.7,9.2,12.0,7.0,81.4,89.2,68.8,7.8,62.3,28.0,13.6,41.6,6.6,78.2,38.1,3.3,14.9
