LocationID,ACCESS2,ARTHRITIS,BPHIGH,BPMED,CANCER,CASTHMA,CHD,CHECKUP,CHOLSCREEN,COLON_SCREEN,COPD,DENTAL,DEPRESSION,DIABETES,HIGHCHOL,LACKTRPT,MAMMOUSE,OBESITY,STROKE,TEETHLOST
11001000101,0.3316387443851009,1.1224695963803413,1.530640358700466,1.6071723766354884,0.3826600896751165,0.5102134529001551,0.17857470851505428,2.142896502180654,0.6887881614152067,1.9898324663106048,0.20408538116006208,1.5816617039904821,1.9133004483755824,0.3571494170301088,2.0918751568906364,0.25510672645007765,2.8571953362408666,2.244939192760683,0.0765320179350233,0.45919210761013973
11001000102,0.4847027802551475,1.3520656501854118,1.7347257398605282,1.5816617039904821,0.4591921076101395,0.5102134529001555,0.3061280717400931,1.964321793665595,0.6377668161251941,1.9643217936655986,0.3316387443851009,1.6326830492804947,1.8877897757305742,0.45919210761013995,2.193917847470668,0.3061280717400931,3.3163874438510095,2.3214712106957065,0.1530640358700466,0.28061739909508543
11001000201,1.1734909416703572,0.5867454708351786,1.4541083407654425,1.9388111210205896,0.05102134529001552,0.9438948878652871,0.12755336322503882,2.8827060088858767,2.5765779371457844,2.5765779371457844,0.45919210761013973,2.755152645660838,2.7296419730158306,0.2040853811600622,1.5306403587004664,2.193917847470668,4.413346367586344,2.908216681530885,0.0765320179350233,2.270449865405691
11001000202,0.6122561434801862,1.0459375784453178,1.3775763228304199,1.5051296860554595,0.306128071740093,0.6122561434801864,0.2040853811600622,2.321471210695705,1.3775763228304208,2.040853811600621,0.3061280717400931,1.862279103085566,2.1173858295356447,0.3826600896751165,1.836768430440559,0.6122561434801862,3.2653660985609934,2.1939178474706678,0.12755336322503882,0.5612347981901709
11001000300,0.6377668161251941,1.0204269058003106,1.428597668120435,1.6581937219255047,0.2806173990950853,0.5867454708351788,0.17857470851505428,2.3469818833407152,0.9949162331553006,2.117385829535644,0.28061739909508543,1.8112577577955498,2.0663644842456295,0.3316387443851009,1.9643217936655968,0.4847027802551476,3.1633234079809607,2.3214712106957065,0.10204269058003104,0.7398095067052253
11001000400,0.6887881614152096,1.4541083407654425,1.836768430440559,1.5561510313454723,0.40817076232012417,0.535724125545163,0.3061280717400932,2.0153431389556147,0.739809506705223,2.0153431389556147,0.45919210761013973,1.6581937219255047,1.8877897757305742,0.5612347981901706,2.2194285201156765,0.4081707623201244,3.0102593721109154,2.4490245739207457,0.1785747085150544,0.3316387443851009
11001000501,0.5612347981901709,0.994916233155303,1.4285976681204342,1.6326830492804947,0.3061280717400932,0.5612347981901711,0.1785747085150544,2.3214712106957087,0.8673628699302655,2.0153431389556147,0.22959605380506987,1.7602364125055372,2.0663644842456295,0.3316387443851009,1.9388111210205905,0.40817076232012417,2.9847486994659094,2.372492555985722,0.0765320179350233,0.40817076232012417
11001000502,0.5357241255451631,1.2755336322503883,1.6581937219255047,1.6326830492804947,0.3826600896751167,0.535724125545163,0.22959605380506987,2.16840717482566,0.765320179350233,1.9388111210205923,0.3061280717400932,1.7602364125055336,1.9643217936655977,0.40817076232012417,2.1173858295356456,0.35714941703010866,2.9082166815308867,2.3724925559857217,0.12755336322503888,0.28061739909508543
11001000600,0.4847027802551474,1.3265549775404035,1.709215067215521,1.6071723766354884,0.45919210761013995,0.535724125545163,0.25510672645007765,2.015343138955611,0.6377668161251941,2.040853811600621,0.3316387443851009,1.683704394570511,1.8877897757305742,0.45919210761013995,2.1939178474706664,0.3061280717400932,2.8827060088858767,2.321471210695706,0.1530640358700466,0.40817076232012417
11001000702,0.5612347981901709,0.9694055605102952,1.4285976681204342,1.683704394570511,0.22959605380506998,0.5612347981901711,0.1530640358700465,2.3980032286307313,0.9694055605102944,2.0918751568906373,0.22959605380506987,1.862279103085566,2.0663644842456295,0.331638744385101,1.9643217936655986,0.45919210761013973,3.0357700447559255,2.449024573920745,0.0765320179350233,0.35714941703010855
11001000703,0.4081707623201243,1.6581937219255047,2.040853811600621,1.3775763228304208,0.6632774887702018,0.5102134529001553,0.43368143496513184,1.6071723766354884,0.43368143496513273,1.7857470851505435,0.45919210761013973,1.428597668120437,1.6837043945705128,0.5612347981901706,2.3469818833407152,0.22959605380506987,2.831684663595864,2.219428520115675,0.25510672645007765,0.4847027802551476
11001000704,0.43368143496513206,1.1479802690253493,1.5561510313454732,1.6071723766354884,0.3316387443851009,0.5357241255451635,0.1785747085150544,2.0918751568906373,0.7142988340602167,2.0663644842456277,0.22959605380506998,1.7857470851505435,1.9388111210205896,0.40817076232012417,2.040853811600621,0.331638744385101,3.0867913900459416,2.3469818833407143,0.1020426905800311,0.45919210761013984
11001000802,0.5867454708351786,1.25002295960538,1.70921506721552,1.7347257398605274,0.3826600896751165,0.5612347981901711,0.25510672645007754,2.1939178474706664,0.8418521972852555,2.117385829535644,0.3826600896751164,1.683704394570511,1.9133004483755824,0.45919210761013973,2.142896502180652,0.43368143496513206,2.9847486994659094,2.423513901275738,0.12755336322503877,0.43368143496513206
11001000803,0.45919210761013973,1.3010443048953964,1.683704394570512,1.3010443048953981,0.43368143496513184,0.6122561434801864,0.2806173990950853,2.0153431389556147,0.9438948878652881,2.015343138955611,0.3571494170301088,1.8367684304405598,2.0918751568906364,0.4847027802551474,2.040853811600621,0.45919210761013973,3.061280717400932,2.270449865405691,0.1530640358700466,0.5867454708351786
11001000804,0.35714941703010866,1.1990016143153652,1.5816617039904812,1.6071723766354884,0.40817076232012417,0.535724125545163,0.20408538116006208,2.0918751568906373,0.8163415246402456,2.015343138955611,0.25510672645007765,1.7602364125055372,1.862279103085567,0.40817076232012417,2.040853811600621,0.3316387443851009,3.112302062690948,2.1428965021806525,0.10204269058003104,0.43368143496513206
11001000902,0.5102134529001554,1.4796190134104497,1.862279103085567,1.7602364125055336,0.4847027802551476,0.5612347981901706,0.28061739909508543,1.9133004483755824,0.6122561434801878,2.0663644842456277,0.4081707623201244,1.530640358700466,1.8877897757305742,0.4847027802551476,2.321471210695705,0.35714941703010855,3.086791390045938,2.423513901275738,0.1530640358700466,0.4847027802551474
11001000903,0.6887881614152097,0.5612347981901706,0.9694055605102952,1.1990016143153657,0.12755336322503882,0.6887881614152095,0.1020426905800311,2.5765779371457826,1.683704394570511,2.14289650218065,0.15306403587004655,2.142896502180654,2.372492555985722,0.17857470851505428,1.4796190134104505,0.841852197285256,3.3163874438510095,2.040853811600621,0.05102134529001555,0.8418521972852562
11001000904,0.28061739909508543,1.6326830492804967,2.015343138955614,1.5816617039904821,0.5612347981901706,0.5102134529001551,0.3316387443851011,1.7602364125055372,0.4336814349651291,1.9388111210205923,0.3571494170301088,1.5561510313454723,1.7602364125055354,0.535724125545163,2.372492555985723,0.22959605380506987,3.137812735335954,2.2959605380506987,0.1785747085150544,0.35714941703010866
11001001002,0.3826600896751166,1.0459375784453186,1.4541083407654425,1.6581937219255047,0.2806173990950853,0.5612347981901706,0.1530640358700466,2.2194285201156765,0.8673628699302618,2.16840717482566,0.22959605380506998,1.9388111210205887,2.015343138955613,0.3316387443851011,1.9898324663106068,0.3826600896751165,3.112302062690948,2.3724925559857217,0.10204269058003104,0.4081707623201243
11001001003,0.43368143496513195,1.5561510313454732,1.9643217936655986,1.7602364125055372,0.4847027802551476,0.5612347981901706,0.3061280717400932,1.9133004483755824,0.5867454708351779,2.040853811600621,0.43368143496513206,1.5051296860554595,1.9133004483755824,0.5612347981901709,2.321471210695707,0.3061280717400931,3.0102593721109154,2.4745352465657535,0.17857470851505428,0.535724125545163
11001001004,0.43368143496513206,1.403086995475427,1.7857470851505435,1.530640358700466,0.43368143496513184,0.5612347981901711,0.2806173990950853,2.040853811600621,0.7142988340602203,2.0663644842456277,0.35714941703010866,1.8112577577955498,1.9388111210205905,0.5102134529001553,2.1939178474706664,0.35714941703010855,3.061280717400932,2.372492555985722,0.12755336322503882,0.5612347981901709
11001001100,0.3826600896751165,1.4796190134104497,1.8877897757305742,1.4796190134104497,0.45919210761013995,0.535724125545163,0.25510672645007765,1.862279103085566,0.5612347981901715,2.0663644842456312,0.331638744385101,1.6581937219255047,1.862279103085567,0.535724125545163,2.2449391927606825,0.3061280717400932,2.9847486994659094,2.39800322863073,0.1530640358700466,0.4081707623201243
11001001200,0.3826600896751166,1.2245122869603724,1.6326830492804976,1.6071723766354922,0.3826600896751165,0.535724125545163,0.20408538116006208,2.040853811600621,0.6632774887702004,2.015343138955611,0.25510672645007765,1.6581937219255047,1.9388111210205905,0.43368143496513206,2.117385829535644,0.3061280717400931,3.0102593721109154,2.372492555985722,0.1020426905800311,0.3061280717400932
11001001301,0.45919210761013973,1.25002295960538,1.683704394570512,1.505129686055456,0.4081707623201244,0.5357241255451635,0.25510672645007765,2.040853811600621,0.6887881614152104,1.9643217936655986,0.3061280717400932,1.7602364125055336,1.8367684304405598,0.45919210761013973,2.142896502180652,0.3826600896751165,2.959238026820903,2.423513901275738,0.12755336322503882,0.3316387443851009
11001001303,0.5612347981901707,1.2245122869603728,1.6581937219255047,1.4541083407654434,0.4081707623201244,0.5612347981901711,0.25510672645007765,2.0918751568906373,0.8163415246402492,2.0153431389556147,0.3061280717400931,1.8877897757305724,1.9388111210205896,0.43368143496513206,2.0663644842456295,0.4081707623201244,2.9847486994659094,2.449024573920745,0.12755336322503882,0.5102134529001553
11001001304,0.45919210761013973,1.096958923735334,1.4541083407654425,1.6581937219255047,0.3316387443851009,0.535724125545163,0.1785747085150544,2.19391784747067,0.7142988340602167,1.9388111210205923,0.22959605380506987,1.6326830492804947,1.989832466310606,0.331638744385101,2.040853811600621,0.331638744385101,2.9592380268208993,2.321471210695706,0.0765320179350233,0.331638744385101
11001001401,0.35714941703010866,1.403086995475427,1.7602364125055354,1.709215067215521,0.45919210761013995,0.5612347981901709,0.22959605380506987,1.964321793665595,0.5867454708351779,1.9898324663106086,0.28061739909508543,1.530640358700466,1.887789775730575,0.4847027802551476,2.270449865405691,0.28061739909508543,2.933727354175893,2.3980032286307296,0.12755336322503882,0.25510672645007765
11001001402,0.45919210761013984,1.5051296860554577,1.9133004483755816,1.4285976681204333,0.4847027802551476,0.5102134529001551,0.3061280717400932,1.7857470851505435,0.5357241255451616,1.9133004483755824,0.3571494170301088,1.6326830492804985,1.7347257398605282,0.535724125545163,2.321471210695707,0.28061739909508543,2.8316846635958606,2.3724925559857217,0.1785747085150544,0.3826600896751165
11001001500,0.6632774887702018,1.6326830492804976,2.015343138955614,1.6071723766354884,0.5612347981901711,0.5612347981901706,0.3826600896751165,1.862279103085566,0.6122561434801878,2.142896502180654,0.5612347981901707,1.4796190134104532,1.8112577577955509,0.5867454708351788,2.3469818833407152,0.3826600896751165,3.112302062690948,2.3469818833407143,0.22959605380506987,0.3061280717400931
11001001600,0.6122561434801864,1.6581937219255047,2.142896502180652,1.2755336322503883,0.43368143496513184,0.5867454708351784,0.3826600896751165,1.6071723766354884,0.5357241255451616,1.8622791030855697,0.43368143496513206,1.7347257398605274,1.556151031345474,0.7908308519952406,2.321471210695707,0.535724125545163,2.806173990950854,2.780663318305847,0.3061280717400931,0.45919210761013973
11001001702,0.765320179350233,1.2500229596053807,1.7857470851505435,1.4541083407654434,0.3061280717400932,0.6122561434801864,0.22959605380506987,2.0153431389556147,0.7142988340602167,1.9643217936655986,0.3316387443851009,1.8877897757305762,1.8112577577955518,0.5357241255451632,2.142896502180652,0.5357241255451632,2.704131300370822,2.755152645660839,0.20408538116006208,0.9694055605102952
11001001803,1.5561510313454732,1.403086995475427,2.015343138955613,1.4796190134104497,0.22959605380506998,0.6377668161251941,0.3061280717400932,2.0663644842456312,0.9438948878652881,2.270449865405689,0.5102134529001553,2.321471210695707,1.8367684304405598,0.8673628699302641,2.2194285201156765,1.1479802690253493,3.0867913900459416,3.392919461786032,0.22959605380506998,1.5561510313454732
11001001804,1.2500229596053807,1.428597668120435,1.9388111210205905,1.3265549775404044,0.25510672645007765,0.6632774887702018,0.3061280717400932,1.9643217936655986,0.8163415246402492,2.3469818833407152,0.45919210761013995,2.52555659185577,1.7857470851505435,0.8163415246402488,2.1939178474706664,0.9183842152202795,3.061280717400932,3.2653660985609934,0.22959605380506998,1.3775763228304199
11001001901,0.8163415246402483,1.4541083407654425,1.9643217936655986,1.3265549775404009,0.3061280717400932,0.6377668161251941,0.3061280717400931,1.9388111210205923,0.7398095067052266,2.16840717482566,0.43368143496513206,2.2704498654056926,1.7857470851505435,0.7908308519952406,2.193917847470668,0.663277488770202,2.9592380268208993,3.08679139004594,0.25510672645007765,1.0969589237353337
11001001902,0.739809506705225,1.530640358700466,2.0663644842456295,1.3265549775404009,0.3316387443851009,0.6377668161251941,0.3061280717400932,1.7602364125055372,0.6377668161251941,1.964321793665595,0.45919210761013984,2.0918751568906373,1.6581937219255047,0.8163415246402483,2.2704498654056926,0.6632774887702018,2.8827060088858767,3.061280717400931,0.25510672645007765,0.8673628699302641
11001002001,2.0663644842456295,1.5561510313454732,2.0663644842456295,1.403086995475427,0.2806173990950853,0.7142988340602171,0.43368143496513206,2.117385829535644,1.0969589237353332,2.3469818833407134,0.7142988340602175,2.372492555985723,1.989832466310606,0.9694055605102952,2.321471210695707,1.2245122869603728,3.571494170301087,3.3163874438510095,0.3061280717400932,1.8112577577955518
11001002002,0.8418521972852564,1.3010443048953964,1.8367684304405598,1.403086995475427,0.2806173990950853,0.5867454708351788,0.25510672645007776,2.0153431389556147,0.7142988340602167,2.0663644842456312,0.3571494170301088,1.9898324663106048,1.7347257398605278,0.6887881614152095,2.142896502180652,0.5867454708351788,2.7296419730158314,2.908216681530885,0.20408538116006208,0.6632774887702018
11001002101,1.2245122869603726,1.2245122869603728,1.8367684304405598,1.5561510313454723,0.20408538116006208,0.6122561434801864,0.25510672645007754,2.16840717482566,0.8928735425752717,2.2194285201156765,0.3571494170301088,2.168407174825658,1.7857470851505435,0.6632774887702018,2.1173858295356447,0.765320179350233,3.3163874438510095,3.0102593721109154,0.20408538116006208,0.9438948878652871
11001002102,0.8418521972852564,1.2755336322503883,1.8367684304405598,1.3775763228304208,0.25510672645007765,0.6377668161251941,0.28061739909508554,1.9898324663106048,0.765320179350233,2.1173858295356474,0.3571494170301088,2.3469818833407152,1.7347257398605282,0.6632774887702018,2.0918751568906364,0.6632774887702018,3.1888340806259707,2.9592380268209,0.22959605380506987,1.3010443048953964
11001002201,0.9949162331553026,1.2755336322503883,1.836768430440558,1.403086995475427,0.25510672645007765,0.6377668161251941,0.25510672645007765,2.0918751568906373,0.8673628699302655,2.14289650218065,0.4081707623201244,2.2194285201156765,1.7602364125055354,0.6887881614152095,2.1939178474706673,0.7142988340602171,2.5765779371457826,2.8827060088858776,0.22959605380506987,1.2755336322503883
11001002202,1.2245122869603728,1.1990016143153648,1.8112577577955509,1.4796190134104497,0.22959605380506998,0.6122561434801864,0.25510672645007765,2.16840717482566,0.9949162331553006,2.2194285201156765,0.3826600896751165,2.2449391927606825,1.7602364125055354,0.6632774887702018,2.0918751568906364,0.8418521972852562,3.1633234079809607,3.010259372110917,0.20408538116006208,1.0204269058003106
11001002301,0.7908308519952406,1.1990016143153652,1.7602364125055354,1.4285976681204333,0.25510672645007765,0.6122561434801864,0.22959605380506987,2.142896502180654,0.8673628699302618,2.0663644842456312,0.35714941703010866,2.0918751568906337,1.8112577577955518,0.6122561434801864,2.0918751568906355,0.6632774887702018,2.908216681530883,2.8316846635958624,0.2040853811600622,1.2755336322503883
11001002302,0.9694055605102952,1.862279103085567,2.2194285201156765,1.1734909416703558,0.7398095067052248,0.5612347981901706,1.1479802690253493,1.6581937219255047,0.6632774887702041,1.9388111210205923,1.0459375784453182,2.040853811600621,1.530640358700466,1.0204269058003106,2.2959605380506987,0.6887881614152095,2.8827060088858767,2.6275992824358,0.6377668161251941,0.6377668161251941
11001002400,1.071448251090326,1.1479802690253493,1.683704394570512,1.4796190134104497,0.22959605380506998,0.6377668161251941,0.20408538116006208,2.2704498654056926,1.0459375784453169,1.9898324663106048,0.3316387443851009,2.117385829535644,1.9898324663106048,0.5102134529001553,2.0663644842456295,0.6887881614152095,2.806173990950854,2.8316846635958624,0.17857470851505428,0.8928735425752715
11001002501,0.765320179350233,1.25002295960538,1.7857470851505435,1.403086995475427,0.306128071740093,0.5612347981901706,0.22959605380506976,2.0153431389556147,0.7142988340602167,2.0918751568906337,0.3061280717400931,1.964321793665595,1.70921506721552,0.5867454708351784,2.142896502180652,0.5102134529001553,2.780663318305848,2.755152645660839,0.1785747085150544,0.535724125545163
11001002503,0.8673628699302641,0.9183842152202795,1.4796190134104505,1.556151031345474,0.2040853811600622,0.5867454708351784,0.1530640358700466,2.3469818833407152,1.0204269058003106,2.0918751568906373,0.22959605380506987,1.9388111210205887,1.9133004483755824,0.3826600896751165,1.9643217936655968,0.5102134529001553,2.704131300370822,2.7041313003708236,0.10204269058003104,0.535724125545163
11001002504,1.3010443048953961,1.0459375784453182,1.5816617039904821,1.5816617039904821,0.20408538116006208,0.5867454708351788,0.17857470851505428,2.321471210695705,1.0969589237353368,2.142896502180654,0.3061280717400931,2.16840717482566,1.8877897757305742,0.4847027802551476,2.040853811600621,0.7142988340602175,3.035770044755922,2.8316846635958615,0.12755336322503882,0.8418521972852562
11001002600,0.637766816125194,1.4796190134104505,1.9898324663106068,1.4796190134104497,0.3571494170301088,0.5867454708351788,0.3061280717400931,1.9133004483755824,0.6122561434801878,1.9388111210205923,0.3826600896751165,1.8367684304405563,1.7602364125055359,0.6632774887702018,2.321471210695707,0.45919210761013995,2.780663318305848,2.7296419730158306,0.20408538116006208,0.45919210761013973
11001002702,1.0204269058003106,1.0204269058003106,1.530640358700466,1.683704394570511,0.22959605380506976,0.5612347981901706,0.1530640358700466,2.2959605380506987,0.9949162331553043,2.142896502180654,0.25510672645007765,1.8367684304405598,1.9388111210205905,0.3826600896751165,2.0663644842456286,0.535724125545163,2.9592380268208993,2.576577937145784,0.10204269058003104,0.7142988340602171
11001002703,0.9438948878652873,1.0204269058003106,1.4796190134104505,1.6071723766354902,0.25510672645007765,0.5357241255451632,0.1785747085150544,2.2959605380506987,0.9694055605102944,2.193917847470668,0.2551067264500776,1.8877897757305724,1.9133004483755824,0.3826600896751165,2.015343138955614,0.5102134529001553,2.8827060088858802,2.449024573920745,0.10204269058003104,0.5867454708351788
11001002704,1.0714482510903265,0.9949162331553024,1.556151031345474,1.6326830492804967,0.22959605380506976,0.535724125545163,0.1785747085150544,2.3724925559857213,1.071448251090327,2.1939178474706664,0.25510672645007765,1.9898324663106048,1.9388111210205896,0.43368143496513184,1.989832466310606,0.5867454708351786,2.9847486994659094,2.602088609790792,0.10204269058003104,0.6887881614152097
11001002801,1.3265549775404037,0.9694055605102952,1.556151031345474,1.556151031345474,0.2040853811600622,0.6122561434801864,0.17857470851505428,2.3980032286307313,1.250022959605382,2.270449865405691,0.3316387443851009,2.142896502180652,1.9133004483755824,0.4847027802551476,1.9898324663106048,0.8673628699302639,3.010259372110919,2.8827060088858767,0.12755336322503882,1.2245122869603728
11001002802,1.5051296860554582,1.0969589237353337,1.70921506721552,1.5051296860554595,0.20408538116006208,0.612256143480186,0.22959605380506998,2.3724925559857213,1.1990016143153657,2.3724925559857213,0.3826600896751166,2.321471210695705,2.015343138955614,0.5867454708351786,2.117385829535644,0.8928735425752717,3.3929194617860357,3.0357700447559237,0.1530640358700466,1.1479802690253493
11001002900,1.3265549775404035,0.994916233155303,1.556151031345474,1.6837043945705128,0.1785747085150544,0.5867454708351784,0.1785747085150544,2.50004591921076,1.3265549775404009,2.270449865405691,0.3316387443851009,2.0663644842456277,2.0663644842456286,0.45919210761013973,1.989832466310606,0.8418521972852564,2.9082166815308867,2.8316846635958624,0.12755336322503888,0.8163415246402488
11001003000,1.0969589237353337,0.9949162331553034,1.5816617039904812,1.4030869954754288,0.17857470851505428,0.6377668161251941,0.1785747085150544,2.423513901275738,1.2755336322503883,2.3469818833407152,0.3061280717400931,2.295960538050697,2.040853811600621,0.45919210761013973,1.9643217936655977,0.8418521972852564,3.214344753270977,2.8316846635958624,0.12755336322503882,1.0714482510903265
11001003100,0.765320179350233,0.7908308519952411,1.3010443048953955,1.5816617039904821,0.1785747085150544,0.535724125545163,0.10204269058003104,2.398003228630728,0.9694055605102944,2.142896502180654,0.1785747085150544,1.9643217936655986,1.9133004483755824,0.28061739909508543,1.862279103085567,0.5102134529001553,2.806173990950854,2.5000459192107614,0.0765320179350233,0.6377668161251941
11001003200,1.4541083407654425,1.0714482510903265,1.6581937219255047,1.505129686055456,0.20408538116006208,0.6377668161251941,0.22959605380506987,2.3980032286307313,1.352065650185411,2.193917847470668,0.40817076232012417,2.193917847470668,2.015343138955614,0.5867454708351788,2.040853811600621,0.8673628699302641,3.137812735335954,2.908216681530885,0.1785747085150544,1.2500229596053807
11001003301,0.5612347981901709,0.9183842152202795,1.4796190134104497,1.6071723766354884,0.2040853811600622,0.5612347981901706,0.12755336322503882,2.2959605380506987,0.8928735425752717,2.16840717482566,0.20408538116006214,1.9133004483755824,1.9388111210205896,0.3571494170301088,1.9388111210205905,0.43368143496513206,2.474535246565754,2.5765779371457844,0.0765320179350233,0.35714941703010866
11001003302,0.7908308519952408,0.8928735425752717,1.4541083407654425,1.6581937219255047,0.20408538116006208,0.5612347981901706,0.15306403587004655,2.3724925559857213,1.0969589237353332,2.16840717482566,0.2551067264500777,1.9898324663106048,1.989832466310606,0.3571494170301088,1.9388111210205896,0.535724125545163,2.704131300370822,2.6020886097907927,0.10204269058003104,0.43368143496513206
11001003400,0.9183842152202795,0.6887881614152097,1.2245122869603724,1.2755336322503883,0.10204269058003104,0.7142988340602175,0.10204269058003104,2.423513901275738,1.683704394570511,2.2704498654056926,0.25510672645007765,2.117385829535644,2.219428520115675,0.2806173990950853,1.5816617039904812,1.071448251090326,2.85719533624087,2.4745352465657535,0.10204269058003104,1.0714482510903265
11001003500,0.8163415246402486,0.6887881614152097,1.1734909416703567,1.403086995475427,0.12755336322503882,0.6632774887702018,0.1020426905800311,2.5255565918557665,1.4796190134104497,2.142896502180654,0.17857470851505428,1.9388111210205923,2.142896502180652,0.28061739909508543,1.6581937219255047,0.8673628699302641,2.8316846635958606,2.423513901275738,0.07653201793502325,1.071448251090326
11001003600,0.8163415246402486,0.9438948878652871,1.4796190134104505,1.4285976681204333,0.20408538116006208,0.5867454708351784,0.1530640358700465,2.3469818833407117,1.1734909416703558,2.117385829535644,0.25510672645007765,2.040853811600621,1.9388111210205905,0.40817076232012417,1.9643217936655977,0.6377668161251941,2.7296419730158314,2.602088609790792,0.12755336322503882,0.6887881614152099
11001003701,0.9183842152202797,0.8418521972852564,1.403086995475427,1.709215067215521,0.17857470851505428,0.5612347981901711,0.12755336322503888,2.50004591921076,1.1734909416703558,2.117385829535644,0.20408538116006214,2.0153431389556147,2.0663644842456295,0.3061280717400932,1.9388111210205896,0.5612347981901709,2.755152645660838,2.653109955080807,0.0765320179350233,0.6122561434801862
11001003702,1.0969589237353339,1.0459375784453182,1.6581937219255047,1.5816617039904803,0.17857470851505428,0.6122561434801864,0.1785747085150544,2.3724925559857213,1.3010443048953981,2.423513901275738,0.35714941703010855,2.423513901275738,2.040853811600621,0.5102134529001551,2.015343138955614,0.994916233155303,3.443940807076048,3.0357700447559237,0.12755336322503882,1.5051296860554582
11001003801,0.2806173990950853,0.8163415246402488,1.2755336322503878,1.6837043945705146,0.22959605380506998,0.5357241255451632,0.10204269058003104,2.3724925559857213,0.7142988340602167,2.040853811600621,0.1020426905800311,1.6581937219255047,1.9388111210205905,0.25510672645007765,1.9388111210205905,0.22959605380506987,2.7296419730158314,2.2704498654056913,0.05102134529001552,0.2806173990950853
11001003802,0.7908308519952406,0.9438948878652875,1.428597668120435,1.6071723766354884,0.2040853811600623,0.5612347981901706,0.12755336322503882,2.423513901275738,1.0459375784453206,2.1173858295356474,0.22959605380506987,1.9133004483755824,2.040853811600621,0.3826600896751165,1.9643217936655968,0.5102134529001553,2.806173990950854,2.5510672645007766,0.0765320179350233,0.4847027802551474
11001003901,0.5867454708351786,0.8163415246402488,1.2500229596053807,1.6071723766354884,0.20408538116006208,0.535724125545163,0.10204269058003104,2.423513901275738,0.9438948878652881,1.9898324663106086,0.1530640358700466,1.709215067215521,2.0663644842456295,0.25510672645007754,1.9133004483755824,0.3826600896751166,2.6786206277258153,2.372492555985722,0.05102134529001552,0.28061739909508543
11001003902,0.765320179350233,1.0969589237353337,1.5051296860554577,1.7347257398605274,0.28061739909508554,0.5612347981901711,0.1785747085150544,2.3469818833407152,0.9438948878652881,2.0663644842456312,0.28061739909508543,1.7347257398605274,2.040853811600621,0.3826600896751166,2.0663644842456295,0.5102134529001553,2.780663318305848,2.5000459192107605,0.1020426905800311,0.3826600896751165
11001004001,0.43368143496513206,1.0204269058003106,1.403086995475427,1.6326830492804947,0.3061280717400932,0.5612347981901706,0.1530640358700466,2.270449865405689,0.7908308519952428,2.0153431389556147,0.2040853811600622,1.6581937219255047,1.989832466310606,0.3061280717400931,2.015343138955613,0.3061280717400931,2.8316846635958606,2.3469818833407143,0.0765320179350233,0.3061280717400931
11001004002,0.5612347981901709,0.8673628699302641,1.3010443048953964,1.683704394570511,0.25510672645007765,0.5102134529001555,0.12755336322503882,2.423513901275738,0.8673628699302655,2.1173858295356474,0.17857470851505428,1.8112577577955535,1.9898324663106048,0.28061739909508543,1.9643217936655977,0.35714941703010866,2.780663318305848,2.270449865405691,0.07653201793502325,0.3061280717400932
11001004100,0.5357241255451632,1.3265549775404035,1.7347257398605274,1.530640358700466,0.4336814349651323,0.5357241255451632,0.28061739909508543,2.0663644842456277,0.739809506705223,2.015343138955611,0.3316387443851009,1.8112577577955498,1.8877897757305742,0.4847027802551474,2.16840717482566,0.3571494170301088,3.035770044755922,2.3724925559857217,0.12755336322503882,0.3316387443851009
11001004201,0.8928735425752716,0.841852197285256,1.3010443048953964,1.7347257398605274,0.20408538116006208,0.5612347981901706,0.12755336322503888,2.5510672645007766,1.2755336322503883,1.9898324663106086,0.22959605380506987,1.7602364125055336,2.142896502180652,0.28061739909508543,1.887789775730575,0.6122561434801863,3.061280717400932,2.372492555985722,0.0765320179350233,0.35714941703010866
11001004202,0.5102134529001552,0.8928735425752717,1.326554977540404,1.658193721925503,0.22959605380506998,0.5612347981901706,0.1530640358700466,2.474535246565754,0.9694055605102979,1.9898324663106048,0.1785747085150544,1.8877897757305724,2.0663644842456286,0.28061739909508554,1.9133004483755824,0.43368143496513206,3.086791390045938,2.423513901275738,0.0765320179350233,0.5357241255451632
11001004300,0.637766816125194,0.8673628699302641,1.3265549775404035,1.4030869954754288,0.22959605380506998,0.5612347981901706,0.12755336322503882,2.3724925559857213,0.9438948878652881,2.040853811600621,0.17857470851505433,1.862279103085566,1.989832466310606,0.3061280717400932,1.9388111210205905,0.4081707623201243,2.755152645660838,2.4490245739207457,0.10204269058003104,0.45919210761013984
11001004401,0.3826600896751165,0.765320179350233,1.25002295960538,1.8877897757305742,0.17857470851505428,0.5102134529001553,0.1020426905800311,2.449024573920744,0.8163415246402492,2.19391784747067,0.12755336322503882,1.709215067215521,1.9388111210205896,0.22959605380506998,1.887789775730575,0.2806173990950853,2.704131300370822,2.2704498654056913,0.02551067264500779,0.3061280717400931
11001004402,0.5357241255451631,0.8418521972852564,1.3265549775404035,1.6837043945705128,0.17857470851505428,0.535724125545163,0.1020426905800311,2.4490245739207475,0.9949162331553006,2.16840717482566,0.17857470851505433,1.9898324663106048,2.015343138955613,0.3061280717400931,1.8877897757305742,0.40817076232012417,2.806173990950854,2.5000459192107614,0.0765320179350233,0.7142988340602171
11001004600,0.969405560510295,1.0459375784453182,1.6071723766354884,1.3775763228304172,0.22959605380506998,0.6122561434801864,0.20408538116006208,2.2704498654056926,1.0459375784453206,1.9898324663106048,0.3061280717400931,2.117385829535644,1.9388111210205905,0.45919210761013973,1.9643217936655977,0.6887881614152097,2.6531099550808053,2.6786206277258153,0.12755336322503877,0.7653201793502328
11001004702,0.8163415246402485,0.6887881614152097,1.1990016143153652,1.709215067215521,0.1530640358700466,0.5612347981901711,0.10204269058003104,2.5765779371457826,1.3775763228304172,2.117385829535644,0.2040853811600622,1.9643217936655986,2.0663644842456295,0.22959605380506987,1.8112577577955518,0.6122561434801864,2.85719533624087,2.346981883340715,0.07653201793502327,0.5867454708351786
11001004703,1.3265549775404037,1.0204269058003106,1.5816617039904821,1.4541083407654416,0.1530640358700466,0.6377668161251941,0.2040853811600622,2.5255565918557665,1.6071723766354884,2.2449391927606825,0.45919210761013973,2.321471210695707,2.2449391927606825,0.4847027802551476,1.989832466310606,1.1224695963803417,3.0357700447559255,2.933727354175893,0.12755336322503882,1.2245122869603724
11001004704,1.836768430440559,1.5816617039904812,2.142896502180652,1.2755336322503883,0.20408538116006208,0.9183842152202795,0.5102134529001553,2.0918751568906373,1.5561510313454758,2.653109955080807,1.0714482510903265,2.4490245739207457,2.2449391927606834,1.1734909416703567,2.142896502180652,1.862279103085566,3.9031329146861875,3.7500688788161423,0.4336814349651323,2.117385829535644
11001004801,1.0204269058003106,0.9694055605102952,1.4541083407654425,1.428597668120437,0.22959605380506998,0.5612347981901711,0.20408538116006208,2.423513901275738,1.1990016143153657,1.9643217936655986,0.331638744385101,2.0918751568906373,1.9388111210205905,0.45919210761013973,1.989832466310606,0.6632774887702018,3.0357700447559255,2.5510672645007766,0.15306403587004655,0.739809506705225
11001004802,0.765320179350233,1.071448251090326,1.5816617039904812,1.4541083407654434,0.22959605380506976,0.5867454708351788,0.1785747085150544,2.2449391927606825,0.9949162331553043,2.0663644842456277,0.28061739909508543,2.142896502180654,1.836768430440559,0.4847027802551476,2.015343138955613,0.5867454708351788,2.8827060088858767,2.602088609790792,0.1530640358700466,0.6377668161251941
11001004901,1.1224695963803415,0.9949162331553024,1.556151031345474,1.4796190134104514,0.20408538116006208,0.6377668161251941,0.1785747085150544,2.398003228630728,1.352065650185411,2.040853811600621,0.35714941703010855,2.0918751568906373,2.142896502180652,0.43368143496513206,1.989832466310606,0.8673628699302639,3.137812735335954,2.8571953362408693,0.15306403587004655,0.6887881614152095
11001004902,0.5357241255451631,0.8163415246402483,1.3520656501854118,1.7602364125055354,0.17857470851505428,0.5612347981901711,0.10204269058003104,2.3980032286307313,0.9183842152202781,2.193917847470668,0.17857470851505428,1.9388111210205923,1.9388111210205896,0.3061280717400932,1.9133004483755824,0.4847027802551474,2.755152645660838,2.5255565918557683,0.05102134529001552,0.35714941703010855
11001005001,0.35714941703010855,0.8418521972852564,1.3010443048953964,1.7602364125055336,0.20408538116006208,0.5102134529001553,0.1020426905800311,2.423513901275738,0.8163415246402492,2.1173858295356474,0.12755336322503882,1.6581937219255047,1.9388111210205905,0.22959605380506987,1.9388111210205896,0.2806173990950853,2.780663318305844,2.295960538050698,0.05102134529001552,0.40817076232012417
11001005003,0.8928735425752716,0.9438948878652871,1.403086995475427,1.7857470851505417,0.20408538116006208,0.6122561434801864,0.15306403587004655,2.5510672645007766,1.3520656501854145,2.2194285201156765,0.3061280717400932,1.8877897757305762,2.1173858295356447,0.331638744385101,1.9388111210205896,0.663277488770202,2.8827060088858767,2.525556591855769,0.10204269058003104,0.6377668161251941
11001005004,1.4541083407654427,1.0714482510903265,1.6071723766354893,1.4541083407654434,0.20408538116006208,0.5867454708351788,0.25510672645007765,2.4490245739207475,1.3775763228304172,2.321471210695707,0.43368143496513195,2.295960538050697,2.040853811600621,0.5612347981901711,2.040853811600621,0.9694055605102952,3.214344753270977,2.8316846635958624,0.1530640358700466,1.25002295960538
11001005202,0.40817076232012417,0.9438948878652871,1.4285976681204342,1.7602364125055354,0.25510672645007765,0.5102134529001553,0.12755336322503882,2.3214712106957087,0.7908308519952428,2.117385829535644,0.1530640358700466,1.8112577577955498,1.9133004483755824,0.3316387443851009,2.040853811600621,0.28061739909508543,2.8827060088858767,2.4235139012757374,0.0765320179350233,0.535724125545163
11001005203,0.6632774887702018,0.7908308519952406,1.301044304895396,1.5816617039904821,0.17857470851505428,0.5357241255451632,0.1020426905800311,2.4490245739207475,1.0459375784453169,2.19391784747067,0.17857470851505433,1.8877897757305762,2.015343138955614,0.28061739909508554,1.9133004483755824,0.5102134529001553,2.984748699465906,2.372492555985722,0.05102134529001552,0.5102134529001553
11001005302,0.4847027802551474,0.8928735425752717,1.326554977540404,1.7857470851505417,0.25510672645007765,0.5102134529001553,0.12755336322503882,2.3980032286307313,0.8418521972852555,2.0663644842456277,0.17857470851505428,1.709215067215521,1.989832466310606,0.28061739909508543,1.9388111210205896,0.331638744385101,3.0102593721109154,2.2704498654056917,0.07653201793502325,0.5102134529001553
11001005303,0.3571494170301088,0.8673628699302641,1.3520656501854118,1.658193721925503,0.25510672645007765,0.5357241255451632,0.12755336322503882,2.3469818833407152,0.8163415246402492,2.0918751568906373,0.15306403587004655,1.9133004483755824,1.9388111210205905,0.3061280717400932,1.9643217936655977,0.3061280717400932,3.035770044755922,2.346981883340715,0.05102134529001552,0.3316387443851009
11001005501,0.5357241255451631,0.9183842152202795,1.3265549775404035,1.530640358700464,0.25510672645007765,0.5612347981901709,0.1530640358700466,2.3469818833407152,0.9183842152202817,1.9388111210205923,0.22959605380506992,1.6326830492804985,2.040853811600621,0.3061280717400931,1.9133004483755824,0.3826600896751165,2.9592380268208993,2.219428520115675,0.0765320179350233,0.43368143496513206
11001005502,0.43368143496513195,0.9694055605102948,1.403086995475427,1.3010443048953981,0.2806173990950853,0.535724125545163,0.1530640358700465,2.2449391927606825,0.8418521972852555,1.9133004483755824,0.17857470851505428,1.8367684304405598,1.989832466310606,0.3316387443851009,1.9643217936655986,0.3061280717400931,2.8827060088858767,2.346981883340715,0.07653201793502325,0.43368143496513206
11001005503,0.5612347981901709,1.0714482510903265,1.530640358700466,1.4796190134104497,0.3061280717400932,0.5867454708351784,0.22959605380506987,2.2959605380506987,1.1224695963803395,2.270449865405691,0.331638744385101,2.19391784747067,2.117385829535644,0.43368143496513206,1.989832466310606,0.5867454708351788,3.4949621523660643,2.5000459192107614,0.12755336322503877,0.8928735425752715
11001005601,0.5867454708351786,0.7142988340602171,1.1734909416703572,1.3775763228304208,0.17857470851505428,0.5612347981901706,0.12755336322503882,2.5255565918557665,1.352065650185411,2.16840717482566,0.2040853811600622,2.1939178474706664,2.117385829535644,0.28061739909508543,1.7602364125055354,0.6377668161251941,3.3163874438510095,2.1684071748256604,0.07653201793502325,0.663277488770202
11001005602,0.5867454708351786,1.1224695963803413,1.4796190134104497,1.1734909416703558,0.3571494170301088,0.535724125545163,0.28061739909508543,2.1939178474706664,1.1479802690253493,1.8877897757305724,0.3316387443851009,1.8112577577955498,1.9643217936655977,0.4847027802551476,1.9133004483755816,0.535724125545163,3.3163874438510095,2.1173858295356447,0.1530640358700466,0.7398095067052253
11001005801,0.7398095067052253,1.1734909416703576,1.683704394570512,1.5561510313454758,0.2806173990950853,0.5357241255451632,0.22959605380506987,2.2194285201156765,0.8928735425752717,2.3214712106957087,0.3061280717400931,2.142896502180654,1.887789775730575,0.535724125545163,2.1173858295356447,0.4847027802551474,3.418430134431042,2.423513901275738,0.12755336322503882,0.8673628699302641
11001005802,0.331638744385101,1.071448251090326,1.5561510313454732,1.709215067215521,0.2806173990950853,0.535724125545163,0.1530640358700466,2.2194285201156725,0.6887881614152104,2.2449391927606825,0.1785747085150544,1.8112577577955535,1.9133004483755824,0.3826600896751165,2.0918751568906364,0.331638744385101,3.0357700447559255,2.50004591921076,0.07653201793502325,0.35714941703010855
11001005900,0.9438948878652873,0.7398095067052253,1.1990016143153648,1.3265549775404044,0.17857470851505428,0.5867454708351784,0.12755336322503888,2.6020886097907927,1.4285976681204333,1.9898324663106048,0.22959605380506992,1.9133004483755824,2.0663644842456295,0.28061739909508543,1.7602364125055354,0.765320179350233,2.933727354175893,2.3214712106957065,0.0765320179350233,1.0459375784453182
11001006400,1.199001614315365,1.403086995475427,1.9898324663106068,1.3265549775404044,0.22959605380506976,0.7908308519952406,0.3316387443851009,2.0918751568906373,1.1734909416703558,2.3469818833407152,0.7142988340602175,2.449024573920744,2.015343138955613,0.8673628699302641,2.0918751568906364,1.3775763228304199,3.137812735335954,3.3674087891410256,0.3061280717400932,1.6071723766354893
11001006500,0.4847027802551476,1.1990016143153648,1.6071723766354884,1.6071723766354922,0.3571494170301088,0.5867454708351788,0.22959605380506987,2.244939192760686,0.8673628699302655,2.040853811600621,0.3061280717400931,2.0153431389556147,2.16840717482566,0.40817076232012417,2.0663644842456295,0.43368143496513206,3.3163874438510095,2.576577937145784,0.12755336322503888,0.7398095067052253
11001006600,0.5102134529001553,1.1734909416703576,1.556151031345474,1.5561510313454723,0.3571494170301088,0.5612347981901711,0.22959605380506998,2.117385829535644,0.739809506705223,1.8877897757305762,0.25510672645007765,1.6071723766354884,2.015343138955613,0.3826600896751165,2.0918751568906364,0.3571494170301088,2.9847486994659094,2.321471210695707,0.10204269058003104,0.4081707623201243
11001006700,0.45919210761013973,1.1734909416703567,1.5561510313454732,1.683704394570511,0.3571494170301088,0.535724125545163,0.17857470851505428,2.16840717482566,0.7142988340602167,1.964321793665595,0.20408538116006208,1.5816617039904821,1.9643217936655977,0.3571494170301088,2.142896502180653,0.2806173990950853,2.908216681530883,2.346981883340715,0.10204269058003104,0.3061280717400931
11001006801,0.6887881614152096,1.1734909416703567,1.683704394570512,1.5561510313454758,0.25510672645007765,0.5867454708351788,0.17857470851505428,2.2194285201156765,0.9183842152202817,2.040853811600621,0.3316387443851009,2.295960538050697,2.015343138955614,0.5102134529001553,2.0663644842456286,0.6122561434801862,2.933727354175893,2.85719533624087,0.12755336322503882,1.0969589237353337
11001006802,0.5867454708351786,1.1224695963803413,1.6071723766354884,1.6326830492804985,0.28061739909508554,0.5867454708351788,0.1785747085150544,2.2704498654056926,0.8418521972852555,2.1173858295356474,0.28061739909508543,1.8877897757305762,1.9643217936655977,0.45919210761013973,2.0663644842456295,0.4847027802551476,2.8827060088858802,2.6275992824358,0.12755336322503877,0.8163415246402483
11001006804,3.2653660985609942,1.25002295960538,2.50004591921076,2.193917847470668,0.10204269058003104,0.765320179350233,0.43368143496513184,2.755152645660838,2.627599282435799,2.50004591921076,1.0459375784453182,2.142896502180652,2.0918751568906364,1.0204269058003106,2.16840717482566,3.3163874438510095,4.285793004361304,4.00517560526622,0.3571494170301088,2.8316846635958606
11001006900,0.3826600896751165,1.096958923735334,1.556151031345474,1.6581937219255047,0.28061739909508554,0.5357241255451635,0.1530640358700465,2.16840717482566,0.6887881614152067,2.1173858295356474,0.1785747085150544,1.7347257398605274,1.9388111210205896,0.3826600896751165,2.1173858295356447,0.3061280717400931,2.8316846635958606,2.5255565918557683,0.10204269058003104,0.45919210761013973
11001007000,0.7398095067052253,1.0714482510903265,1.5051296860554586,1.6326830492804985,0.3061280717400932,0.5612347981901711,0.2040853811600622,2.3469818833407152,1.071448251090327,2.040853811600621,0.3316387443851009,1.683704394570511,2.0663644842456286,0.3826600896751166,1.9898324663106048,0.4847027802551474,2.9847486994659094,2.4235139012757383,0.10204269058003104,0.40817076232012417
11001007100,1.1734909416703574,1.25002295960538,1.862279103085567,1.5561510313454723,0.22959605380506998,0.6887881614152095,0.25510672645007776,2.2449391927606825,1.250022959605382,2.321471210695707,0.5357241255451632,2.372492555985723,2.0663644842456286,0.6122561434801864,2.0663644842456286,1.0459375784453182,3.137812735335958,3.08679139004594,0.20408538116006208,1.0459375784453182
11001007201,0.43368143496513206,0.6887881614152097,1.1990016143153648,2.142896502180652,0.1530640358700466,0.5612347981901706,0.07653201793502325,2.6020886097907927,1.0204269058003106,2.2959605380506987,0.12755336322503882,1.7602364125055336,2.0918751568906364,0.17857470851505428,1.836768430440559,0.4081707623201243,2.9082166815308867,2.4235139012757374,0.02551067264500776,0.3061280717400932
11001007202,0.45919210761013973,0.6122561434801864,1.071448251090326,1.9388111210205905,0.1530640358700466,0.5612347981901706,0.05102134529001552,2.5765779371457826,1.0459375784453169,2.142896502180654,0.15306403587004655,1.709215067215521,2.193917847470668,0.17857470851505433,1.7347257398605282,0.4081707623201243,2.704131300370822,2.3214712106957065,0.02551067264500779,0.3316387443851009
11001007203,0.765320179350233,0.7908308519952406,1.3265549775404035,1.7602364125055372,0.1785747085150544,0.5612347981901706,0.10204269058003104,2.4745352465657504,1.1990016143153657,2.16840717482566,0.20408538116006214,1.8112577577955498,1.989832466310606,0.2806173990950853,1.836768430440559,0.5612347981901706,2.8827060088858802,2.474535246565753,0.05102134529001552,0.5612347981901706
11001007301,0.5867454708351786,0.7908308519952406,1.3265549775404035,2.015343138955613,0.1530640358700466,0.5612347981901706,0.12755336322503882,2.5510672645007766,1.122469596380343,2.474535246565754,0.1785747085150544,2.0663644842456312,2.0918751568906364,0.25510672645007765,1.8112577577955518,0.5102134529001553,3.239855425915987,2.5510672645007766,0.0765320179350233,0.7398095067052253
11001007304,1.5051296860554582,1.530640358700466,2.117385829535644,1.3265549775404044,0.25510672645007765,0.765320179350233,0.40817076232012417,1.9643217936655986,1.1479802690253493,2.52555659185577,0.6887881614152099,2.5255565918557683,1.8877897757305742,0.9694055605102948,2.0663644842456295,1.4796190134104505,3.6225155155911035,3.5204728250110717,0.3316387443851011,2.423513901275738
11001007401,1.9643217936655981,1.5816617039904812,2.193917847470668,1.3775763228304172,0.22959605380506987,0.9183842152202799,0.5102134529001553,2.0663644842456277,1.4285976681204333,2.50004591921076,1.0459375784453182,2.602088609790791,2.142896502180652,1.1479802690253493,2.2194285201156765,2.1173858295356447,4.005175605266218,3.877622242041181,0.45919210761013995,2.0918751568906364
11001007403,2.142896502180652,1.5051296860554577,2.142896502180652,1.530640358700466,0.1785747085150544,0.8928735425752717,0.40817076232012417,2.2194285201156765,1.6581937219255047,2.7296419730158314,0.9438948878652875,2.423513901275738,2.142896502180652,1.0459375784453178,2.040853811600621,2.1173858295356447,3.928643587331197,3.6990475335261257,0.3826600896751165,2.5765779371457835
11001007404,1.4285976681204346,1.3520656501854118,2.015343138955613,1.6326830492804985,0.2040853811600622,0.8163415246402483,0.28061739909508543,2.16840717482566,1.352065650185411,2.321471210695707,0.535724125545163,2.474535246565754,1.9133004483755824,0.7908308519952411,2.040853811600622,1.47961901341045,3.035770044755922,3.3674087891410256,0.25510672645007776,1.6326830492804967
11001007406,1.3775763228304194,1.3265549775404044,2.16840717482566,1.6071723766354884,0.1785747085150544,0.8673628699302641,0.25510672645007754,2.0663644842456277,1.3775763228304208,2.5255565918557683,0.5867454708351786,2.52555659185577,2.219428520115675,0.8163415246402488,1.9898324663106068,1.7857470851505435,3.9031329146861875,3.6480261882361096,0.28061739909508543,1.7602364125055363
11001007407,1.4796190134104503,1.4541083407654425,2.193917847470668,1.5051296860554595,0.2040853811600622,0.8163415246402483,0.3571494170301088,2.0153431389556147,1.3010443048953946,2.474535246565754,0.7142988340602173,2.5510672645007766,2.040853811600621,0.9183842152202799,2.117385829535644,1.785747085150544,3.112302062690948,3.6480261882361105,0.3316387443851009,2.270449865405691
11001007408,2.015343138955613,1.4796190134104497,2.2449391927606825,1.530640358700466,0.17857470851505428,0.9183842152202799,0.43368143496513206,2.142896502180654,1.6326830492804985,2.627599282435799,0.9694055605102952,2.474535246565754,2.2449391927606834,1.0459375784453182,2.0663644842456295,2.3469818833407152,3.7755795514611483,3.8010902241061584,0.4081707623201244,2.16840717482566
11001007409,1.8877897757305746,1.5051296860554577,2.1939178474706664,1.5561510313454758,0.22959605380506987,0.8673628699302637,0.4081707623201244,2.16840717482566,1.6326830492804985,2.653109955080807,0.9438948878652873,2.3469818833407134,2.142896502180652,1.0204269058003106,2.1173858295356456,2.1939178474706673,3.520472825011071,3.6735368608811187,0.43368143496513206,2.7041313003708236
11001007502,1.301044304895396,1.5561510313454732,2.0918751568906373,1.250022959605382,0.2806173990950853,0.7908308519952406,0.43368143496513206,1.9133004483755824,1.0459375784453169,2.474535246565752,0.739809506705225,2.5765779371457826,1.9133004483755824,1.0204269058003106,2.16840717482566,1.3265549775404035,3.112302062690948,3.520472825011071,0.3571494170301088,1.862279103085567
11001007503,1.199001614315365,1.403086995475427,2.0918751568906373,1.4796190134104497,0.22959605380506998,0.7908308519952411,0.3061280717400932,2.040853811600621,1.1224695963803395,2.449024573920744,0.5612347981901709,2.627599282435799,1.9388111210205905,0.7908308519952406,2.117385829535644,1.326554977540404,3.545983497656081,3.4949621523660643,0.2806173990950853,1.7857470851505435
11001007504,1.607172376635489,1.556151031345474,2.2449391927606825,1.4796190134104497,0.22959605380506998,0.7908308519952411,0.40817076232012417,1.9643217936655986,1.3520656501854145,2.602088609790791,0.7908308519952408,2.5255565918557683,1.9898324663106048,1.0459375784453186,2.1939178474706673,1.6837043945705128,3.3418981164960195,3.724558206171133,0.3826600896751165,2.1173858295356447
11001007601,1.4285976681204349,1.6071723766354884,2.1939178474706664,1.352065650185411,0.3061280717400932,0.7908308519952411,0.4847027802551476,1.8877897757305762,1.0714482510903232,2.4490245739207457,0.8163415246402483,2.50004591921076,1.9133004483755824,1.020426905800311,2.270449865405691,1.4541083407654425,3.6480261882361096,3.5204728250110726,0.43368143496513206,2.015343138955613
11001007603,0.7142988340602174,1.6071723766354893,2.0918751568906373,1.3010443048953981,0.3316387443851009,0.6887881614152099,0.3316387443851011,1.6326830492804947,0.6377668161251941,1.9133004483755824,0.4847027802551476,2.0663644842456277,1.6837043945705128,0.9183842152202795,2.2194285201156743,0.841852197285256,3.061280717400932,3.239855425915986,0.3061280717400932,1.1479802690253493
11001007604,0.994916233155303,1.6581937219255047,2.193917847470668,1.3265549775404044,0.3316387443851009,0.765320179350233,0.43368143496513206,1.7602364125055336,0.8163415246402492,2.398003228630728,0.6887881614152097,2.423513901275738,1.7602364125055363,1.0459375784453182,2.2449391927606843,1.096958923735334,3.1888340806259707,3.367408789141024,0.3826600896751165,1.9133004483755824
11001007605,1.0714482510903263,1.6071723766354893,2.142896502180652,1.3265549775404044,0.28061739909508554,0.765320179350233,0.3826600896751165,1.8622791030855697,0.9183842152202817,2.2959605380506987,0.6377668161251941,2.602088609790791,1.7857470851505435,1.0204269058003106,2.2194285201156765,1.2245122869603728,3.137812735335954,3.520472825011071,0.3571494170301088,1.6581937219255047
11001007703,1.3520656501854114,1.556151031345474,2.142896502180652,1.352065650185411,0.25510672645007765,0.765320179350233,0.4081707623201244,1.862279103085566,0.9949162331553043,2.5000459192107622,0.739809506705225,2.602088609790791,1.887789775730575,0.9694055605102952,2.2449391927606843,1.4796190134104505,3.290876771206003,3.4949621523660643,0.3571494170301088,1.862279103085567
11001007707,1.4285976681204346,1.5816617039904812,2.142896502180652,1.3010443048953946,0.28061739909508554,0.765320179350233,0.45919210761013973,1.8367684304405598,1.071448251090327,2.321471210695705,0.765320179350233,2.50004591921076,1.7857470851505435,1.0204269058003106,2.193917847470668,1.377576322830419,3.443940807076048,3.5204728250110717,0.4081707623201244,2.1173858295356447
11001007708,1.4541083407654427,1.5561510313454732,2.117385829535644,1.3775763228304172,0.25510672645007765,0.7908308519952411,0.35714941703010855,1.9133004483755824,1.0459375784453206,2.3724925559857213,0.6632774887702018,2.5510672645007766,1.9388111210205905,0.9694055605102952,2.117385829535644,1.4030869954754266,2.8827060088858767,3.5204728250110717,0.3316387443851011,1.4285976681204346
11001007709,1.1224695963803417,1.5816617039904812,2.142896502180652,1.2755336322503883,0.2806173990950853,0.7142988340602171,0.4081707623201244,1.8367684304405598,0.8673628699302655,2.3980032286307313,0.6122561434801864,2.5255565918557683,1.8112577577955509,0.9949162331553034,2.2704498654056926,1.096958923735334,3.2653660985609934,3.4949621523660626,0.3061280717400932,2.040853811600621
11001007803,1.3265549775404037,1.5816617039904812,2.16840717482566,1.3775763228304172,0.25510672645007765,0.7908308519952406,0.40817076232012417,1.9388111210205887,1.122469596380343,2.321471210695707,0.7142988340602171,2.474535246565754,1.9898324663106048,0.9694055605102948,2.193917847470668,1.326554977540404,3.3418981164960195,3.5204728250110726,0.3316387443851009,1.7602364125055354
11001007804,1.6837043945705124,1.6326830492804967,2.193917847470668,1.224512286960372,0.3061280717400932,0.8418521972852564,0.4847027802551474,1.8112577577955535,1.3265549775404044,2.6786206277258153,0.9183842152202795,2.423513901275738,1.9643217936655977,1.0969589237353337,2.2194285201156743,1.8112577577955509,3.8521115693961745,3.673536860881118,0.43368143496513206,2.1939178474706673
11001007806,1.2245122869603724,1.5051296860554577,2.142896502180652,1.5561510313454723,0.22959605380506998,0.765320179350233,0.3061280717400931,1.9643217936655986,0.9694055605102944,2.3724925559857213,0.5867454708351786,2.423513901275738,1.8877897757305742,0.8418521972852564,2.16840717482566,1.2755336322503883,3.086791390045938,3.4949621523660634,0.28061739909508543,1.4541083407654425
11001007807,1.275533632250388,1.4796190134104505,2.117385829535644,1.3265549775404044,0.25510672645007765,0.7398095067052253,0.3826600896751165,1.9388111210205923,1.1479802690253493,2.2449391927606825,0.6377668161251941,2.5255565918557683,1.836768430440559,0.9438948878652875,2.16840717482566,1.4030869954754266,2.9592380268208993,3.571494170301087,0.3316387443851009,1.70921506721552
11001007808,1.6071723766354893,1.530640358700466,2.0918751568906373,1.3265549775404044,0.2806173990950853,0.8163415246402483,0.45919210761013973,1.9133004483755824,1.3010443048953946,2.3980032286307313,0.841852197285256,2.423513901275738,1.887789775730575,1.071448251090326,2.142896502180653,1.7347257398605278,3.5459834976560773,3.4694514797210565,0.43368143496513206,2.2194285201156765
11001007809,1.3265549775404037,1.530640358700466,2.16840717482566,1.4541083407654434,0.25510672645007765,0.7908308519952406,0.3571494170301088,2.0153431389556147,1.071448251090327,2.602088609790791,0.6377668161251941,2.4490245739207457,1.862279103085567,0.9694055605102952,2.168407174825661,1.377576322830419,3.571494170301087,3.4949621523660626,0.3316387443851011,1.7857470851505435
11001007901,1.1734909416703572,1.3010443048953955,1.9388111210205896,1.4541083407654434,0.2040853811600622,0.7142988340602175,0.3061280717400932,2.16840717482566,1.2245122869603755,2.270449865405691,0.5612347981901709,2.3980032286307296,2.040853811600621,0.7142988340602175,2.0663644842456295,1.2755336322503883,3.239855425915987,3.3163874438510095,0.2806173990950853,0.9438948878652875
11001007903,0.9183842152202797,1.403086995475427,1.9643217936655977,1.4285976681204333,0.25510672645007765,0.6632774887702018,0.3316387443851009,2.015343138955611,0.9949162331553043,2.0918751568906373,0.4847027802551475,2.117385829535644,1.836768430440559,0.765320179350233,2.16840717482566,0.9183842152202795,2.6786206277258153,3.1123020626909472,0.28061739909508543,0.892873542575272
11001008001,0.45919210761013984,1.0459375784453182,1.530640358700466,1.6071723766354884,0.25510672645007765,0.5612347981901706,0.12755336322503882,2.2449391927606825,0.739809506705223,2.040853811600621,0.17857470851505433,1.7857470851505435,1.9388111210205896,0.35714941703010855,2.040853811600622,0.3826600896751166,2.627599282435799,2.5765779371457844,0.10204269058003104,0.5612347981901706
11001008002,0.5357241255451632,1.1734909416703572,1.6326830492804967,1.6326830492804985,0.25510672645007765,0.5867454708351788,0.1530640358700466,2.19391784747067,0.765320179350233,2.040853811600621,0.22959605380506998,1.8367684304405598,2.040853811600621,0.40817076232012417,2.117385829535644,0.45919210761013973,2.806173990950854,2.653109955080807,0.1020426905800311,0.5357241255451632
11001008100,0.4081707623201243,0.9949162331553024,1.3775763228304199,1.7857470851505435,0.3061280717400932,0.5102134529001553,0.1530640358700466,2.2449391927606825,0.765320179350233,2.1173858295356474,0.17857470851505433,1.5561510313454723,1.9388111210205896,0.28061739909508543,2.040853811600621,0.3316387443851009,3.0867913900459416,2.321471210695707,0.05102134529001552,0.43368143496513195
11001008200,0.40817076232012417,1.0204269058003106,1.403086995475427,1.5816617039904803,0.306128071740093,0.5612347981901711,0.1530640358700466,2.3214712106957087,0.8418521972852592,1.9643217936655986,0.20408538116006208,1.683704394570511,2.0663644842456286,0.3061280717400932,1.9643217936655986,0.3061280717400932,3.0102593721109154,2.3469818833407143,0.0765320179350233,0.45919210761013973
11001008301,0.45919210761013973,0.9438948878652871,1.3520656501854118,1.6837043945705128,0.22959605380506998,0.5612347981901711,0.12755336322503877,2.321471210695705,0.8673628699302618,2.040853811600621,0.17857470851505433,1.709215067215521,2.0918751568906364,0.2806173990950853,1.9133004483755824,0.3826600896751166,2.806173990950854,2.4235139012757374,0.07653201793502325,0.4081707623201243
11001008302,0.5612347981901707,0.9438948878652871,1.377576322830419,1.6326830492804947,0.2806173990950853,0.5612347981901711,0.12755336322503882,2.3469818833407152,1.0204269058003106,2.0153431389556147,0.20408538116006214,1.6581937219255047,1.9388111210205905,0.3061280717400931,1.9898324663106048,0.40817076232012417,2.806173990950854,2.3469818833407143,0.0765320179350233,0.40817076232012417
11001008402,0.5102134529001553,1.096958923735334,1.530640358700466,1.403086995475427,0.2806173990950853,0.5612347981901706,0.1530640358700466,2.16840717482566,0.765320179350233,2.0663644842456312,0.20408538116006208,1.9133004483755824,1.8877897757305742,0.4081707623201244,2.0663644842456286,0.4081707623201244,2.780663318305844,2.5510672645007766,0.1020426905800311,0.8163415246402483
11001008410,0.765320179350233,0.9694055605102952,1.4796190134104497,1.5816617039904821,0.20408538116006208,0.6122561434801864,0.1530640358700466,2.3469818833407152,1.071448251090327,2.1939178474706664,0.25510672645007765,1.9133004483755824,1.9643217936655977,0.40817076232012417,1.9643217936655986,0.5612347981901709,2.6786206277258153,2.602088609790792,0.12755336322503882,0.35714941703010866
11001008701,0.663277488770202,1.0459375784453182,1.6326830492804967,1.428597668120437,0.2040853811600622,0.6377668161251941,0.1785747085150544,2.2449391927606825,0.9694055605102944,2.040853811600621,0.3061280717400931,1.9898324663106048,1.9133004483755824,0.4847027802551476,1.9898324663106048,0.6377668161251941,2.5765779371457866,2.780663318305847,0.15306403587004655,0.8163415246402486
11001008702,0.7142988340602173,0.8928735425752717,1.4541083407654434,1.5816617039904821,0.17857470851505428,0.5612347981901706,0.12755336322503877,2.3469818833407152,0.9694055605102944,2.1173858295356456,0.2040853811600622,2.040853811600621,1.9133004483755824,0.35714941703010855,1.9133004483755824,0.663277488770202,2.6020886097907927,2.6786206277258153,0.10204269058003104,0.6122561434801864
11001008802,1.0714482510903263,1.2500229596053807,1.8367684304405598,1.3520656501854145,0.22959605380506998,0.6887881614152095,0.3061280717400932,2.142896502180654,1.1224695963803395,2.295960538050697,0.4847027802551475,2.3469818833407152,1.9643217936655977,0.6887881614152097,2.0918751568906373,0.9438948878652871,2.9847486994659094,3.1633234079809633,0.22959605380506987,1.326554977540404
11001008803,1.0204269058003108,0.8673628699302637,1.5816617039904812,1.6326830492804967,0.12755336322503882,0.6377668161251941,0.1530640358700466,2.500045919210764,1.5051296860554595,2.2959605380506987,0.28061739909508543,2.3469818833407152,2.0663644842456295,0.45919210761013973,1.7857470851505435,0.9694055605102952,3.418430134431042,2.908216681530886,0.12755336322503888,1.5816617039904817
11001008804,1.1224695963803417,1.3265549775404035,1.9388111210205896,1.4541083407654434,0.22959605380506998,0.7142988340602175,0.3061280717400931,2.0663644842456277,1.071448251090327,2.2959605380507004,0.5357241255451631,2.3724925559857213,1.9133004483755824,0.765320179350233,2.0663644842456295,1.0969589237353337,3.418430134431038,3.2653660985609934,0.25510672645007765,1.7347257398605282
11001008903,1.5051296860554577,1.4796190134104497,2.040853811600621,1.4541083407654434,0.22959605380506998,0.7908308519952411,0.3826600896751165,2.0918751568906337,1.2755336322503883,2.3469818833407134,0.739809506705225,2.3980032286307296,2.0663644842456295,0.9438948878652875,2.142896502180653,1.5306403587004656,3.1633234079809642,3.520472825011071,0.331638744385101,1.4285976681204346
11001008904,1.071448251090326,1.4796190134104497,2.0918751568906355,1.428597668120437,0.22959605380506976,0.7142988340602175,0.3571494170301088,1.9388111210205887,0.9438948878652881,2.2704498654056926,0.5867454708351786,2.474535246565754,1.8112577577955518,0.9183842152202795,2.142896502180653,1.2245122869603724,3.061280717400932,3.3674087891410256,0.331638744385101,1.3520656501854118
11001009000,0.9694055605102952,1.70921506721552,2.193917847470668,1.3010443048953981,0.3571494170301088,0.7142988340602175,0.45919210761013973,1.7347257398605274,0.7142988340602203,1.8877897757305762,0.6632774887702018,2.142896502180654,1.7092150672155204,1.0459375784453182,2.2959605380506987,0.8673628699302641,2.3724925559857213,3.290876771206001,0.3826600896751165,1.2500229596053807
11001009102,1.1224695963803415,1.3775763228304199,1.9643217936655986,1.3265549775404044,0.25510672645007765,0.765320179350233,0.3316387443851009,2.0153431389556147,1.0969589237353332,2.2959605380506987,0.5867454708351786,2.3214712106957087,1.9388111210205896,0.8418521972852564,2.117385829535644,1.1990016143153648,3.214344753270977,3.239855425915986,0.3061280717400932,1.6581937219255047
11001009201,0.8673628699302639,0.9183842152202795,1.4796190134104497,1.658193721925503,0.1785747085150544,0.6377668161251941,0.1530640358700466,2.3980032286307313,1.2245122869603755,2.270449865405691,0.25510672645007765,2.117385829535644,2.0663644842456295,0.3826600896751165,1.887789775730575,0.8163415246402483,3.1123020626909446,2.6786206277258153,0.10204269058003104,0.6887881614152097
11001009203,0.994916233155303,1.1734909416703567,1.7857470851505435,1.403086995475427,0.25510672645007765,0.6632774887702018,0.22959605380506987,2.16840717482566,1.0459375784453169,2.2959605380506987,0.35714941703010866,2.270449865405689,1.9133004483755824,0.5867454708351788,2.015343138955614,0.8673628699302641,2.704131300370822,2.933727354175893,0.2040853811600622,1.0969589237353337
11001009204,1.530640358700466,1.4285976681204342,1.9388111210205905,1.1734909416703558,0.25510672645007765,0.7142988340602171,0.4081707623201244,2.0663644842456312,1.1479802690253493,2.3724925559857213,0.6887881614152097,2.4490245739207457,1.9133004483755824,0.9438948878652875,2.117385829535644,1.2755336322503887,3.3418981164960155,3.418430134431041,0.3316387443851011,1.556151031345474
11001009301,0.5102134529001553,1.3010443048953955,1.8112577577955518,1.3775763228304172,0.3061280717400932,0.5867454708351788,0.25510672645007776,1.964321793665595,0.7142988340602167,2.015343138955611,0.3061280717400931,2.0918751568906373,1.7602364125055354,0.6122561434801864,2.1173858295356447,0.4847027802551474,3.0102593721109154,2.8316846635958615,0.17857470851505428,0.7142988340602175
11001009302,0.8163415246402488,1.0459375784453178,1.6581937219255047,1.403086995475427,0.2040853811600623,0.6122561434801864,0.17857470851505428,2.2194285201156765,0.9694055605102944,2.16840717482566,0.2806173990950853,2.2449391927606843,1.9133004483755824,0.4847027802551474,2.015343138955614,0.6122561434801864,2.8571953362408666,2.8316846635958624,0.12755336322503882,0.9694055605102948
11001009400,0.8418521972852562,1.5051296860554586,2.015343138955613,1.3265549775404044,0.3316387443851009,0.6377668161251941,0.3571494170301088,1.862279103085566,0.765320179350233,2.0153431389556147,0.5357241255451631,2.0153431389556147,1.683704394570512,0.841852197285256,2.2194285201156743,0.739809506705225,3.035770044755922,3.061280717400933,0.3061280717400932,0.765320179350233
11001009503,0.6887881614152097,1.6581937219255047,2.117385829535644,1.1990016143153657,0.35714941703010855,0.6377668161251941,0.4081707623201244,1.7347257398605274,0.6632774887702041,1.9898324663106086,0.5612347981901709,2.16840717482566,1.7347257398605278,0.8928735425752717,2.2704498654056926,0.6887881614152097,2.780663318305844,3.137812735335955,0.3316387443851009,0.994916233155303
11001009504,0.8163415246402488,1.4541083407654425,1.9133004483755824,1.1224695963803395,0.3571494170301088,0.6632774887702018,0.3826600896751165,1.8112577577955498,0.7908308519952428,2.0663644842456312,0.5357241255451632,2.142896502180654,1.8112577577955518,0.8163415246402483,2.2449391927606825,0.7398095067052253,2.806173990950854,3.0357700447559237,0.331638744385101,0.8673628699302639
11001009505,0.8163415246402488,1.4285976681204342,1.9898324663106048,1.2755336322503883,0.3316387443851009,0.6377668161251941,0.3061280717400931,1.8367684304405598,0.7398095067052266,1.9643217936655986,0.4081707623201243,2.14289650218065,1.6837043945705128,0.765320179350233,2.16840717482566,0.7142988340602173,2.755152645660838,3.08679139004594,0.2806173990950853,0.9183842152202795
11001009507,0.969405560510295,1.556151031345474,2.040853811600621,1.224512286960372,0.3316387443851011,0.6632774887702018,0.4081707623201244,1.8367684304405598,0.7398095067052266,2.3214712106957087,0.5612347981901709,2.372492555985723,1.6837043945705128,0.9183842152202795,2.193917847470668,0.8928735425752717,2.8827060088858802,3.1633234079809625,0.3826600896751164,1.2755336322503883
11001009508,0.8673628699302641,1.3265549775404035,1.836768430440559,1.1734909416703594,0.306128071740093,0.6632774887702018,0.3061280717400932,1.9643217936655986,0.8418521972852555,1.9643217936655986,0.4081707623201243,2.2194285201156725,1.785747085150543,0.7142988340602171,2.117385829535644,0.7398095067052253,2.6275992824358028,3.0102593721109154,0.25510672645007765,0.994916233155303
11001009509,0.663277488770202,1.403086995475427,1.9643217936655968,1.2500229596053782,0.3061280717400932,0.6632774887702022,0.3061280717400931,1.7857470851505435,0.6632774887702041,1.8622791030855697,0.3826600896751166,2.142896502180654,1.70921506721552,0.6887881614152095,2.168407174825659,0.6122561434801862,2.474535246565754,2.9592380268209,0.28061739909508543,0.6377668161251941
11001009510,1.6837043945705124,1.403086995475427,1.9898324663106048,1.403086995475427,0.2040853811600622,0.6632774887702022,0.3571494170301088,2.14289650218065,1.071448251090327,2.321471210695705,0.5867454708351786,2.5255565918557683,1.9133004483755824,0.8928735425752717,2.142896502180652,1.2500229596053811,3.214344753270977,3.341898116496017,0.2806173990950853,2.040853811600621
11001009511,1.989832466310606,0.8673628699302641,1.8367684304405598,1.7347257398605291,0.1020426905800311,0.8163415246402483,0.22959605380506998,2.627599282435799,2.270449865405691,2.4490245739207457,0.5357241255451632,2.3469818833407152,2.5510672645007775,0.5102134529001553,1.7857470851505435,2.2959605380506987,4.234771659071288,3.54598349765608,0.1530640358700465,2.653109955080807
11001009601,1.1990016143153652,1.5816617039904812,2.2194285201156765,1.4541083407654434,0.25510672645007765,0.7908308519952406,0.3826600896751165,1.9388111210205887,1.1479802690253493,2.449024573920744,0.6632774887702018,2.5510672645007766,1.8877897757305742,0.9694055605102952,2.193917847470668,1.3265549775404035,3.571494170301087,3.571494170301087,0.3571494170301088,2.1173858295356447
11001009602,2.219428520115676,1.6071723766354884,2.2449391927606825,1.4541083407654396,0.2040853811600622,0.9438948878652871,0.43368143496513206,2.015343138955611,1.6326830492804947,2.474535246565752,1.096958923735334,2.3724925559857213,2.219428520115675,1.1224695963803417,2.1173858295356447,2.3469818833407134,3.6480261882361114,3.826600896751165,0.43368143496513206,1.989832466310606
11001009603,1.454108340765443,1.6581937219255047,2.193917847470668,1.3265549775404044,0.28061739909508554,0.7908308519952406,0.4847027802551476,1.8877897757305762,1.0714482510903232,2.4490245739207475,0.7908308519952408,2.602088609790791,1.9133004483755824,1.1224695963803413,2.2194285201156743,1.4541083407654425,3.0357700447559255,3.6225155155911035,0.4081707623201244,1.3520656501854118
11001009604,1.0204269058003108,1.556151031345474,2.0918751568906373,1.3010443048953981,0.3316387443851009,0.7142988340602175,0.3826600896751165,1.7857470851505435,0.7908308519952393,1.9388111210205923,0.6377668161251941,2.423513901275738,1.7347257398605278,0.9438948878652871,2.2194285201156765,1.0459375784453182,2.8316846635958606,3.3163874438510104,0.35714941703010855,1.3775763228304199
11001009700,1.4541083407654427,1.556151031345474,2.16840717482566,1.352065650185411,0.28061739909508554,0.765320179350233,0.45919210761013973,1.9133004483755824,1.1990016143153657,2.50004591921076,0.8163415246402483,2.50004591921076,1.887789775730575,1.0459375784453182,2.142896502180654,1.6071723766354888,3.061280717400932,3.4949621523660626,0.40817076232012417,1.6071723766354888
11001009801,1.70921506721552,1.6071723766354893,2.16840717482566,1.3010443048953981,0.25510672645007765,0.8673628699302641,0.4847027802551476,1.9133004483755824,1.3265549775404044,2.52555659185577,0.9183842152202795,2.50004591921076,1.9898324663106048,1.096958923735334,2.1939178474706664,1.862279103085567,3.4694514797210583,3.5970048429460952,0.43368143496513206,1.887789775730575
11001009802,1.6326830492804971,1.4541083407654434,2.193917847470668,1.6581937219255047,0.17857470851505428,0.8673628699302641,0.35714941703010855,2.14289650218065,1.4541083407654434,2.5765779371457866,0.7398095067052253,2.423513901275738,2.16840717482566,0.9183842152202795,2.0918751568906373,1.9643217936655977,3.2143447532709803,3.7755795514611483,0.3316387443851009,1.8367684304405598
11001009803,1.530640358700466,1.6326830492804976,2.16840717482566,1.352065650185411,0.25510672645007765,0.7908308519952406,0.45919210761013973,1.9898324663106048,1.1734909416703594,2.3980032286307296,0.841852197285256,2.6020886097907927,1.9388111210205905,1.071448251090326,2.16840717482566,1.6581937219255047,3.4949621523660643,3.6480261882361096,0.3826600896751165,2.3469818833407152
11001009804,1.3265549775404035,1.6326830492804967,2.270449865405691,1.3265549775404044,0.25510672645007765,0.8163415246402488,0.43368143496513206,1.9133004483755824,1.0969589237353332,2.3980032286307296,0.7908308519952406,2.5765779371457826,1.9133004483755824,1.0459375784453178,2.193917847470668,1.454108340765443,3.443940807076048,3.6225155155911026,0.3826600896751165,2.193917847470668
11001009807,1.1990016143153652,1.5561510313454732,2.193917847470668,1.3775763228304172,0.28061739909508554,0.7398095067052253,0.3826600896751165,1.9133004483755824,1.0459375784453206,2.2704498654056926,0.5612347981901706,2.4490245739207457,1.7857470851505435,0.9694055605102948,2.1939178474706673,1.1990016143153648,3.137812735335954,3.5204728250110717,0.3316387443851009,1.326554977540404
11001009810,1.275533632250388,1.556151031345474,2.16840717482566,1.4285976681204333,0.22959605380506987,0.8163415246402483,0.3316387443851009,1.9898324663106048,1.1479802690253493,2.5510672645007766,0.6377668161251941,2.5765779371457844,2.015343138955613,0.994916233155303,2.0918751568906355,1.4541083407654425,3.545983497656081,3.6735368608811187,0.2806173990950853,2.015343138955614
11001009811,1.7602364125055359,1.4541083407654425,2.117385829535644,1.4541083407654434,0.2040853811600622,0.8928735425752717,0.35714941703010855,2.040853811600621,1.403086995475427,2.474535246565754,0.7398095067052253,2.5255565918557683,2.0663644842456295,0.9438948878652875,2.040853811600621,1.7857470851505435,3.5970048429460935,3.6480261882361105,0.35714941703010855,2.142896502180653
11001009901,0.535724125545163,1.6326830492804976,2.142896502180652,1.224512286960372,0.35714941703010855,0.6377668161251941,0.3571494170301088,1.5816617039904786,0.5102134529001553,1.9388111210205923,0.40817076232012417,1.9898324663106048,1.530640358700466,0.8673628699302641,2.2959605380506987,0.5867454708351786,2.5765779371457866,3.061280717400932,0.28061739909508554,0.8928735425752717
11001009902,0.8163415246402486,1.6581937219255047,2.193917847470668,1.2755336322503883,0.3316387443851011,0.7142988340602175,0.3571494170301088,1.7347257398605274,0.7398095067052266,2.040853811600621,0.5357241255451632,2.3980032286307313,1.7092150672155204,0.9438948878652871,2.2449391927606825,0.8673628699302641,2.755152645660838,3.3418981164960178,0.306128071740093,1.3265549775404035
11001009903,1.0459375784453184,1.428597668120435,2.1173858295356447,1.4796190134104497,0.25510672645007765,0.7398095067052253,0.3061280717400932,1.9388111210205887,1.0204269058003106,2.2704498654056926,0.4847027802551475,2.3469818833407152,1.7602364125055354,0.8418521972852564,2.0663644842456286,1.0714482510903265,2.9082166815308867,3.239855425915987,0.3061280717400932,1.1734909416703572
11001009904,1.2755336322503883,1.4285976681204342,2.117385829535644,1.530640358700466,0.2040853811600622,0.765320179350233,0.35714941703010855,2.0663644842456312,1.224512286960372,2.474535246565754,0.6632774887702018,2.50004591921076,1.9643217936655977,0.9183842152202799,2.0918751568906364,1.6071723766354893,3.443940807076048,3.5970048429460943,0.331638744385101,2.2959605380506987
11001009905,1.1990016143153652,1.6071723766354893,2.2194285201156765,1.4285976681204333,0.25510672645007765,0.7908308519952406,0.3826600896751165,1.9133004483755824,1.0459375784453169,2.2449391927606825,0.6377668161251941,2.3724925559857213,1.9388111210205905,1.0204269058003106,2.193917847470668,1.3775763228304194,3.061280717400932,3.6480261882361096,0.3316387443851011,1.5561510313454736
11001009906,1.0714482510903265,1.5051296860554577,2.0918751568906373,1.352065650185411,0.2806173990950853,0.7398095067052248,0.3826600896751165,1.9133004483755824,0.9183842152202781,2.2959605380506987,0.5867454708351786,2.50004591921076,1.8112577577955518,0.8928735425752717,2.142896502180653,1.1224695963803417,2.959238026820903,3.3163874438510095,0.3316387443851009,1.2755336322503883
11001009907,1.5561510313454736,1.5816617039904812,2.16840717482566,1.4796190134104497,0.28061739909508554,0.8163415246402488,0.43368143496513206,1.9898324663106048,1.224512286960372,2.423513901275738,0.8163415246402483,2.52555659185577,1.9133004483755824,1.0459375784453182,2.16840717482566,1.6071723766354888,3.6990475335261257,3.571494170301087,0.3826600896751165,1.5051296860554586
11001010100,0.5357241255451632,0.8928735425752717,1.4285976681204342,1.5051296860554577,0.22959605380506976,0.5102134529001551,0.12755336322503882,2.321471210695705,0.8673628699302655,2.117385829535644,0.1530640358700466,1.8112577577955498,1.8877897757305742,0.3316387443851009,1.9643217936655986,0.3826600896751165,2.8316846635958606,2.321471210695707,0.0765320179350233,0.35714941703010855
11001010201,0.6377668161251941,0.8418521972852564,1.3520656501854118,1.5816617039904821,0.20408538116006208,0.5867454708351784,0.12755336322503882,2.423513901275738,1.0204269058003106,2.117385829535644,0.17857470851505433,1.8877897757305724,2.1173858295356447,0.28061739909508554,1.9133004483755824,0.5102134529001553,2.627599282435799,2.551067264500776,0.0765320179350233,0.6122561434801864
11001010202,0.7142988340602173,1.096958923735334,1.6071723766354884,1.505129686055456,0.25510672645007765,0.5612347981901706,0.22959605380506987,2.2194285201156765,0.9694055605102944,2.1939178474706664,0.3061280717400931,2.040853811600621,1.989832466310606,0.45919210761013995,2.0663644842456286,0.5867454708351786,3.061280717400932,2.653109955080807,0.1530640358700466,0.663277488770202
11001010300,1.0969589237353339,1.377576322830419,1.9898324663106048,1.4285976681204333,0.2806173990950853,0.6377668161251941,0.3061280717400932,2.015343138955611,0.8163415246402492,2.0918751568906337,0.45919210761013995,2.321471210695705,1.8112577577955509,0.7908308519952406,2.219428520115675,0.8163415246402483,3.2908767712059994,3.1633234079809625,0.25510672645007765,1.3775763228304199
11001010400,1.1734909416703574,1.6326830492804967,2.270449865405691,1.4796190134104497,0.25510672645007765,0.765320179350233,0.43368143496513206,1.8367684304405598,0.9694055605102944,2.2704498654056926,0.6632774887702018,2.5255565918557683,1.8112577577955509,1.0969589237353337,2.2194285201156743,1.2755336322503883,3.1888340806259707,3.6225155155911026,0.35714941703010855,1.8877897757305742
11001010500,0.9183842152202797,1.1990016143153652,1.8112577577955518,1.530640358700466,0.22959605380506998,0.6632774887702018,0.22959605380506987,2.19391784747067,1.0459375784453206,2.270449865405691,0.4081707623201244,2.270449865405691,1.9898324663106048,0.5867454708351786,2.1173858295356447,0.8418521972852564,2.8316846635958606,2.959238026820901,0.1785747085150544,1.0204269058003106
11001010601,0.9438948878652873,0.663277488770202,1.2245122869603728,1.8112577577955518,0.12755336322503882,0.6122561434801864,0.10204269058003104,2.627599282435799,1.352065650185411,2.3214712106957087,0.2040853811600622,2.0153431389556147,2.1939178474706673,0.22959605380506987,1.7347257398605282,0.6632774887702018,2.780663318305848,2.525556591855769,0.05102134529001555,0.6887881614152095
11001010602,0.7908308519952406,0.7908308519952406,1.326554977540404,1.6581937219255047,0.1785747085150544,0.5867454708351788,0.10204269058003104,2.6020886097907927,1.224512286960372,2.2449391927606825,0.20408538116006214,2.0918751568906373,2.1173858295356447,0.2806173990950853,1.862279103085567,0.5867454708351786,2.9082166815308867,2.5255565918557688,0.0765320179350233,0.8163415246402488
11001010603,0.5102134529001552,0.6122561434801864,1.096958923735334,1.6326830492804985,0.1530640358700466,0.5102134529001553,0.07653201793502325,2.5765779371457826,1.071448251090327,2.0153431389556147,0.12755336322503882,1.8112577577955535,1.9898324663106048,0.2040853811600622,1.70921506721552,0.45919210761013973,2.9082166815308867,2.244939192760683,0.05102134529001552,0.35714941703010855
11001010700,0.4081707623201244,0.6632774887702018,1.0714482510903265,1.403086995475427,0.1785747085150544,0.535724125545163,0.10204269058003104,2.50004591921076,1.0969589237353332,1.9388111210205923,0.12755336322503882,1.7857470851505435,2.040853811600621,0.22959605380506987,1.70921506721552,0.3826600896751165,3.112302062690948,2.0663644842456286,0.05102134529001555,0.5867454708351788
11001010800,0.8928735425752715,0.43368143496513206,0.9694055605102952,1.5816617039904812,0.05102134529001552,0.7398095067052253,0.07653201793502327,2.85719533624087,2.2449391927606825,2.4490245739207457,0.22959605380506987,2.449024573920744,2.5000459192107622,0.1530640358700466,1.4285976681204346,1.3520656501854118,3.9031329146861875,2.270449865405691,0.02551067264500779,1.3775763228304199
11001010900,1.6071723766354893,1.377576322830419,2.117385829535644,1.3520656501854145,0.1785747085150544,0.8163415246402483,0.3316387443851009,2.1939178474706664,1.5816617039904821,2.5510672645007766,0.6887881614152097,2.5510672645007766,2.0918751568906364,0.9183842152202799,1.989832466310606,1.862279103085567,3.4949621523660643,3.6990475335261257,0.3061280717400932,2.423513901275737
11001011001,0.765320179350233,1.3265549775404035,1.8367684304405598,1.403086995475427,0.3061280717400932,0.6122561434801864,0.2806173990950853,2.040853811600621,0.8928735425752717,1.9643217936655986,0.43368143496513195,1.9898324663106048,1.9133004483755824,0.6377668161251939,2.16840717482566,0.663277488770202,2.8316846635958606,2.806173990950854,0.20408538116006208,0.7398095067052253
11001011002,0.45919210761013973,1.556151031345474,1.9643217936655977,1.403086995475427,0.4847027802551476,0.5867454708351784,0.3061280717400932,1.8112577577955498,0.5612347981901715,1.9133004483755824,0.4081707623201243,1.8367684304405563,1.836768430440559,0.5612347981901706,2.321471210695707,0.35714941703010866,2.8316846635958606,2.602088609790792,0.17857470851505428,0.6122561434801864
11001011100,0.969405560510295,1.5816617039904821,2.0918751568906373,1.3010443048953981,0.3061280717400932,0.6887881614152095,0.3826600896751165,1.8877897757305724,0.8418521972852555,2.19391784747067,0.5867454708351786,2.3980032286307296,1.7857470851505435,0.9438948878652871,2.16840717482566,0.994916233155303,3.086791390045938,3.3163874438510095,0.3316387443851009,1.6326830492804976
11001980000,0.4847027802551474,1.4796190134104497,2.142896502180652,1.734725739860531,0.3316387443851009,0.6377668161251941,0.22959605380506998,1.6837043945705146,0.4336814349651291,1.9388111210205887,0.3316387443851009,1.683704394570511,1.70921506721552,0.663277488770202,2.3469818833407152,0.5867454708351788,2.372492555985725,3.0102593721109163,0.1785747085150544,0.5102134529001553
24009860103,0.5612347981901706,1.403086995475427,1.6581937219255047,1.3265549775404044,0.45919210761013995,0.5867454708351788,0.3316387443851009,1.3265549775404044,0.6122561434801878,2.0918751568906373,0.45919210761013995,1.5051296860554595,1.3010443048953955,0.6887881614152095,1.6581937219255047,0.3826600896751166,2.806173990950854,2.3980032286307296,0.1530640358700466,0.7142988340602173
24009860200,0.5357241255451631,1.3520656501854118,1.6071723766354902,1.352065650185411,0.4336814349651323,0.6122561434801864,0.3316387443851009,1.3265549775404044,0.6122561434801878,1.9898324663106048,0.45919210761013973,1.3775763228304172,1.3010443048953964,0.6887881614152095,1.6581937219255047,0.3826600896751166,2.627599282435799,2.3724925559857213,0.1530640358700466,0.6377668161251941
24009860300,0.5102134529001553,1.3265549775404035,1.6326830492804985,1.3010443048953946,0.4081707623201246,0.6122561434801864,0.3061280717400932,1.3775763228304172,0.6122561434801878,2.040853811600621,0.3826600896751165,1.5816617039904821,1.3010443048953964,0.7142988340602171,1.6326830492804967,0.3826600896751165,2.8571953362408666,2.449024573920745,0.12755336322503882,0.8928735425752717
24009860402,0.6632774887702018,1.3010443048953955,1.556151031345474,1.403086995475427,0.3826600896751165,0.612256143480186,0.25510672645007765,1.5051296860554595,0.765320179350233,2.1939178474706664,0.40817076232012417,1.4541083407654434,1.3520656501854118,0.6377668161251941,1.5816617039904821,0.4847027802551474,2.933727354175893,2.423513901275738,0.12755336322503882,0.9438948878652875
24009860403,0.7908308519952408,1.3010443048953955,1.6071723766354893,1.5051296860554595,0.3316387443851009,0.6632774887702018,0.28061739909508554,1.530640358700466,0.8418521972852555,2.321471210695707,0.5102134529001553,1.5561510313454758,1.4541083407654434,0.6887881614152099,1.6071723766354884,0.5612347981901706,2.8827060088858767,2.5000459192107622,0.17857470851505428,0.892873542575272
24009860404,0.535724125545163,1.3010443048953955,1.5816617039904812,1.3775763228304208,0.40817076232012417,0.6122561434801864,0.2806173990950853,1.4796190134104497,0.6632774887702004,2.14289650218065,0.3571494170301088,1.5816617039904821,1.3775763228304199,0.6632774887702018,1.6071723766354884,0.40817076232012417,2.9847486994659094,2.3980032286307296,0.12755336322503882,0.9183842152202797
24009860501,0.5612347981901709,1.2755336322503883,1.5561510313454732,1.428597668120437,0.3826600896751167,0.5867454708351784,0.25510672645007765,1.5051296860554595,0.765320179350233,2.2449391927606843,0.3826600896751165,1.530640358700466,1.2755336322503883,0.6122561434801864,1.6071723766354884,0.4081707623201244,2.6786206277258153,2.3469818833407152,0.12755336322503882,0.994916233155303
24009860502,0.5612347981901709,1.4541083407654434,1.6326830492804967,1.352065650185411,0.4591921076101395,0.6122561434801864,0.3316387443851009,1.428597668120437,0.6632774887702041,2.0663644842456277,0.43368143496513206,1.5561510313454723,1.403086995475427,0.7398095067052253,1.6837043945705128,0.4081707623201244,2.8827060088858767,2.474535246565754,0.1530640358700465,0.8163415246402486
24009860600,0.5867454708351786,1.4541083407654416,1.6837043945705128,1.3010443048953981,0.4336814349651323,0.6122561434801864,0.35714941703010855,1.4285976681204333,0.7142988340602167,2.1939178474706664,0.4847027802551474,1.530640358700466,1.403086995475427,0.765320179350233,1.6837043945705128,0.45919210761013973,2.8827060088858802,2.5000459192107614,0.1530640358700466,0.9438948878652875
24009860701,0.6377668161251944,1.3010443048953955,1.556151031345474,1.2755336322503883,0.43368143496513184,0.6122561434801864,0.3316387443851009,1.428597668120437,0.739809506705223,2.2194285201156765,0.43368143496513206,1.6581937219255047,1.3265549775404035,0.7398095067052253,1.6071723766354884,0.45919210761013973,3.061280717400932,2.3469818833407152,0.1530640358700466,1.301044304895396
24009860702,0.7908308519952406,1.3010443048953955,1.5816617039904803,1.1990016143153657,0.3826600896751165,0.6377668161251941,0.3316387443851009,1.403086995475427,0.765320179350233,2.2449391927606825,0.4847027802551476,1.7347257398605274,1.3520656501854118,0.7908308519952406,1.6071723766354884,0.5867454708351786,3.035770044755922,2.474535246565754,0.17857470851505428,1.428597668120435
24009860703,0.739809506705225,1.3265549775404035,1.6326830492804985,1.250022959605382,0.3826600896751167,0.6377668161251941,0.3316387443851009,1.428597668120437,0.7908308519952393,2.16840717482566,0.5102134529001553,1.709215067215519,1.3520656501854118,0.765320179350233,1.6326830492804967,0.5867454708351788,2.806173990950854,2.50004591921076,0.17857470851505428,1.25002295960538
24009860801,0.5867454708351786,1.3010443048953964,1.530640358700466,1.3265549775404044,0.40817076232012417,0.6122561434801864,0.3061280717400932,1.4541083407654434,0.6887881614152104,2.2194285201156765,0.3826600896751165,1.6071723766354922,1.352065650185411,0.6887881614152095,1.6326830492804967,0.43368143496513206,2.933727354175893,2.372492555985723,0.1530640358700466,0.9183842152202795
24009860901,0.43368143496513206,1.530640358700466,1.7602364125055354,1.1224695963803395,0.612256143480186,0.5867454708351784,0.4847027802551474,1.1734909416703594,0.45919210761013907,2.015343138955611,0.5102134529001553,1.352065650185411,1.1990016143153652,0.8418521972852564,1.7347257398605291,0.3061280717400932,2.7296419730158314,2.2959605380506987,0.22959605380506998,0.5867454708351786
24009860902,0.7908308519952408,1.377576322830419,1.6581937219255047,1.3265549775404044,0.35714941703010855,0.6632774887702018,0.3316387443851009,1.4285976681204333,0.8418521972852555,2.14289650218065,0.5102134529001553,1.6837043945705146,1.403086995475427,0.7908308519952406,1.6071723766354884,0.6122561434801864,2.9592380268208993,2.5510672645007766,0.1785747085150544,1.1479802690253493
24009861003,0.6377668161251941,1.3010443048953955,1.530640358700466,1.3265549775404009,0.40817076232012417,0.5867454708351784,0.306128071740093,1.4796190134104497,0.765320179350233,2.1684071748256617,0.4081707623201244,1.6581937219255047,1.377576322830419,0.6887881614152099,1.6071723766354884,0.4847027802551476,2.8827060088858767,2.3980032286307313,0.1530640358700466,0.969405560510295
24009861004,0.8163415246402483,1.1990016143153657,1.556151031345474,1.4796190134104497,0.3316387443851009,0.6377668161251941,0.28061739909508543,1.6071723766354884,0.9694055605102944,2.3469818833407152,0.4847027802551476,1.7347257398605291,1.428597668120435,0.6632774887702018,1.530640358700466,0.5867454708351784,2.933727354175893,2.4490245739207457,0.1530640358700466,1.071448251090326
24009861100,0.4847027802551476,1.3265549775404035,1.5816617039904803,1.3010443048953946,0.40817076232012417,0.5867454708351788,0.3061280717400932,1.428597668120437,0.6377668161251941,2.16840717482566,0.3826600896751165,1.5816617039904821,1.377576322830419,0.7142988340602171,1.6326830492804967,0.3826600896751165,2.933727354175893,2.3980032286307296,0.12755336322503882,0.8928735425752717
24017850101,0.7398095067052253,1.1224695963803413,1.5051296860554577,1.403086995475427,0.2806173990950853,0.6377668161251941,0.22959605380506976,1.352065650185411,0.7908308519952428,1.7857470851505435,0.331638744385101,1.4285976681204333,1.1224695963803413,0.765320179350233,1.4541083407654416,0.6887881614152099,1.9643217936655986,2.2194285201156765,0.17857470851505428,0.7142988340602173
24017850102,0.6122561434801864,1.1990016143153648,1.4796190134104497,1.1734909416703558,0.3571494170301088,0.5612347981901706,0.3061280717400932,1.2755336322503883,0.6377668161251941,1.7602364125055336,0.3826600896751165,1.428597668120435,1.1479802690253489,0.7908308519952406,1.530640358700466,0.5102134529001553,2.321471210695705,2.2194285201156765,0.17857470851505428,0.994916233155303
24017850201,1.3265549775404035,0.765320179350233,1.2245122869603728,1.403086995475427,0.1530640358700466,0.612256143480186,0.1530640358700466,1.7602364125055336,1.5816617039904821,1.8877897757305724,0.25510672645007765,1.403086995475427,1.3520656501854118,0.4847027802551476,1.2245122869603728,0.8928735425752717,2.423513901275738,2.16840717482566,0.10204269058003104,0.7142988340602175
24017850202,0.765320179350233,1.1734909416703576,1.530640358700466,1.3010443048953946,0.3316387443851011,0.6377668161251941,0.3061280717400932,1.3265549775404044,0.765320179350233,1.862279103085566,0.40817076232012417,1.530640358700466,1.3010443048953964,0.7908308519952406,1.4796190134104497,0.6887881614152095,2.5510672645007766,2.2959605380506987,0.1530640358700466,1.1734909416703572
24017850300,0.7142988340602171,1.3010443048953964,1.4796190134104497,1.1990016143153657,0.3826600896751167,0.5867454708351788,0.3826600896751165,1.2755336322503883,0.6632774887702041,1.7857470851505435,0.4591921076101395,1.4541083407654434,1.1734909416703576,0.841852197285256,1.556151031345474,0.5102134529001553,2.398003228630728,2.2449391927606825,0.20408538116006208,1.0459375784453182
24017850400,0.6887881614152097,1.3265549775404044,1.530640358700466,1.1734909416703594,0.43368143496513184,0.6122561434801864,0.3826600896751165,1.3010443048953946,0.6887881614152104,1.8367684304405598,0.5102134529001553,1.530640358700466,1.25002295960538,0.8673628699302646,1.5816617039904821,0.5102134529001553,2.5255565918557665,2.2959605380506987,0.17857470851505428,1.1990016143153648
24017850500,0.6377668161251941,1.2755336322503883,1.4796190134104497,1.224512286960372,0.45919210761013995,0.5867454708351788,0.3826600896751165,1.3265549775404044,0.6632774887702004,1.7857470851505435,0.5102134529001553,1.3265549775404044,1.3010443048953964,0.7908308519952411,1.556151031345474,0.43368143496513206,2.474535246565754,2.16840717482566,0.17857470851505428,0.994916233155303
24017850600,0.4847027802551476,1.2245122869603728,1.530640358700466,1.224512286960372,0.3826600896751165,0.5867454708351788,0.306128071740093,1.2755336322503883,0.5612347981901715,1.7347257398605274,0.3316387443851009,1.3265549775404009,1.1479802690253493,0.7398095067052253,1.530640358700466,0.40817076232012417,2.19391784747067,2.2194285201156765,0.12755336322503882,0.7142988340602173
24017850706,0.7142988340602175,1.1479802690253493,1.5816617039904803,1.3010443048953981,0.25510672645007765,0.6122561434801864,0.25510672645007765,1.3265549775404009,0.6887881614152104,1.8112577577955498,0.3826600896751165,1.428597668120435,1.1224695963803417,0.8163415246402483,1.4796190134104514,0.7398095067052253,2.2704498654056926,2.2449391927606825,0.17857470851505428,0.7653201793502328
24017850708,0.765320179350233,1.1734909416703567,1.556151031345474,1.3010443048953946,0.28061739909508554,0.6122561434801864,0.28061739909508543,1.2755336322503883,0.765320179350233,1.8367684304405598,0.3571494170301088,1.428597668120435,1.1224695963803422,0.8163415246402488,1.5051296860554577,0.663277488770202,2.117385829535644,2.2959605380506987,0.1785747085150544,1.071448251090326
24017850709,0.8418521972852562,1.071448251090326,1.5051296860554577,1.4541083407654434,0.2040853811600622,0.6632774887702018,0.22959605380506987,1.3775763228304208,0.8418521972852555,1.8367684304405598,0.3826600896751166,1.4796190134104497,1.1734909416703572,0.765320179350233,1.428597668120435,0.8673628699302639,2.0663644842456277,2.2959605380506987,0.1785747085150544,1.0969589237353337
24017850710,0.6632774887702018,1.2500229596053811,1.6326830492804967,1.403086995475427,0.28061739909508554,0.6377668161251941,0.25510672645007754,1.2755336322503883,0.6887881614152104,1.7347257398605274,0.3826600896751165,1.4030869954754253,1.1734909416703572,0.841852197285256,1.530640358700466,0.7142988340602173,2.16840717482566,2.3980032286307296,0.17857470851505428,0.6122561434801864
24017850711,0.8163415246402486,1.224512286960372,1.5816617039904821,1.1734909416703558,0.306128071740093,0.6632774887702018,0.3061280717400932,1.224512286960372,0.739809506705223,1.862279103085566,0.45919210761013995,1.556151031345474,1.1990016143153648,0.9183842152202795,1.530640358700466,0.8418521972852564,2.16840717482566,2.321471210695707,0.22959605380506976,1.1224695963803417
24017850712,0.6377668161251944,1.25002295960538,1.5561510313454723,1.3010443048953981,0.306128071740093,0.6377668161251941,0.306128071740093,1.2755336322503883,0.7142988340602167,1.7857470851505435,0.4081707623201244,1.403086995475427,1.1990016143153648,0.8673628699302641,1.530640358700466,0.6632774887702018,2.321471210695705,2.270449865405691,0.17857470851505428,0.9438948878652871
24017850713,0.7653201793502332,1.1224695963803413,1.5561510313454723,1.403086995475427,0.3061280717400932,0.6122561434801864,0.25510672645007765,1.3265549775404044,0.6887881614152104,1.836768430440558,0.35714941703010866,1.4541083407654416,1.1224695963803417,0.765320179350233,1.4796190134104497,0.7142988340602175,2.3469818833407152,2.193917847470668,0.1530640358700466,0.9694055605102948
24017850801,0.9183842152202797,1.377576322830419,1.6326830492804985,1.1479802690253493,0.40817076232012417,0.6377668161251941,0.43368143496513206,1.250022959605382,0.7142988340602203,1.8112577577955498,0.6122561434801864,1.428597668120435,1.2500229596053811,0.9694055605102948,1.556151031345474,0.7142988340602173,2.5765779371457826,2.3469818833407152,0.25510672645007765,1.071448251090326
24017850802,0.7908308519952406,1.1224695963803422,1.5051296860554577,1.352065650185411,0.25510672645007765,0.6122561434801864,0.25510672645007765,1.3775763228304172,0.7398095067052266,1.8367684304405563,0.3316387443851009,1.5051296860554577,1.1734909416703572,0.7398095067052253,1.428597668120435,0.7398095067052253,2.16840717482566,2.270449865405691,0.1530640358700466,1.071448251090326
24017850901,1.071448251090326,1.2245122869603728,1.556151031345474,1.224512286960372,0.28061739909508554,0.6632774887702018,0.35714941703010855,1.3265549775404009,0.8673628699302655,1.8367684304405598,0.5102134529001553,1.4796190134104514,1.2755336322503883,0.9183842152202795,1.4796190134104497,0.994916233155303,2.2959605380506987,2.372492555985723,0.22959605380506976,1.2500229596053807
24017850902,0.7908308519952406,1.1734909416703576,1.5051296860554577,1.1990016143153657,0.3316387443851009,0.6122561434801864,0.3316387443851009,1.2755336322503883,0.6887881614152104,1.7857470851505435,0.40817076232012417,1.4285976681204333,1.1990016143153648,0.7908308519952406,1.5051296860554577,0.6122561434801864,2.244939192760686,2.2959605380506987,0.17857470851505428,0.8928735425752717
24017850904,0.6377668161251941,1.0969589237353332,1.556151031345474,1.403086995475427,0.22959605380506998,0.6377668161251941,0.20408538116006208,1.2755336322503883,0.6632774887702004,1.7857470851505435,0.2806173990950853,1.403086995475427,1.1479802690253489,0.7142988340602175,1.428597668120435,0.6632774887702018,1.9133004483755824,2.2959605380506987,0.12755336322503882,0.7653201793502332
24017850905,0.7398095067052253,1.1224695963803413,1.530640358700466,1.4285976681204333,0.2806173990950853,0.6377668161251941,0.22959605380506987,1.3775763228304172,0.765320179350233,1.862279103085566,0.3316387443851009,1.4796190134104514,1.1990016143153648,0.7398095067052253,1.4541083407654425,0.6887881614152097,2.19391784747067,2.3469818833407152,0.1530640358700466,0.8673628699302641
24017850906,0.9183842152202797,1.1734909416703567,1.5561510313454723,1.250022959605382,0.2806173990950853,0.6632774887702018,0.2806173990950853,1.3010443048953946,0.8418521972852555,1.8112577577955535,0.43368143496513206,1.530640358700466,1.1990016143153648,0.8418521972852564,1.4796190134104505,0.8673628699302641,2.040853811600621,2.321471210695707,0.20408538116006208,0.994916233155303
24017851001,0.6122561434801862,1.2245122869603728,1.530640358700466,1.1479802690253493,0.4591921076101395,0.535724125545163,0.3316387443851009,1.2755336322503883,0.6632774887702041,1.683704394570511,0.43368143496513206,1.3010443048953946,1.1734909416703576,0.7398095067052253,1.556151031345474,0.45919210761013973,2.3724925559857213,2.142896502180652,0.1530640358700465,0.7653201793502332
24017851003,0.45919210761013973,1.2755336322503883,1.530640358700466,1.3010443048953981,0.40817076232012417,0.5867454708351784,0.28061739909508554,1.3265549775404044,0.6122561434801842,1.709215067215521,0.3826600896751165,1.3010443048953946,1.3265549775404035,0.7142988340602175,1.530640358700466,0.3571494170301088,2.2449391927606825,2.270449865405691,0.1530640358700466,0.5867454708351786
24017851004,0.7908308519952408,1.1990016143153657,1.530640358700466,1.1990016143153657,0.3826600896751165,0.6377668161251941,0.3316387443851011,1.3010443048953981,0.739809506705223,1.8112577577955498,0.45919210761013995,1.4285976681204333,1.25002295960538,0.7908308519952406,1.5051296860554595,0.6122561434801862,2.372492555985725,2.2959605380506987,0.20408538116006208,0.9694055605102952
24017851100,0.5102134529001553,1.2755336322503883,1.530640358700466,1.250022959605382,0.43368143496513184,0.5867454708351784,0.3571494170301088,1.352065650185411,0.6377668161251941,1.6581937219255047,0.3826600896751165,1.3265549775404044,1.2755336322503883,0.7398095067052253,1.556151031345474,0.3826600896751165,2.2959605380506987,2.2194285201156765,0.1530640358700466,0.7908308519952408
24017851200,0.663277488770202,1.3010443048953964,1.5561510313454723,1.2245122869603755,0.43368143496513184,0.5867454708351788,0.35714941703010855,1.352065650185411,0.6632774887702004,1.709215067215521,0.45919210761013973,1.428597668120437,1.3010443048953955,0.7908308519952406,1.556151031345474,0.43368143496513206,2.52555659185577,2.270449865405691,0.17857470851505428,1.096958923735334
24017851301,0.765320179350233,1.3010443048953964,1.530640358700466,1.2755336322503883,0.43368143496513184,0.6122561434801864,0.3826600896751165,1.403086995475427,0.8418521972852555,1.8622791030855679,0.5867454708351788,1.4541083407654434,1.428597668120435,0.765320179350233,1.530640358700466,0.5612347981901706,2.6786206277258153,2.270449865405691,0.1785747085150544,1.0459375784453182
24017851302,0.5357241255451632,1.2755336322503883,1.5561510313454723,1.3265549775404044,0.40817076232012417,0.5612347981901706,0.3316387443851009,1.3265549775404044,0.6377668161251941,1.7347257398605274,0.3826600896751165,1.3265549775404044,1.25002295960538,0.7142988340602175,1.5561510313454723,0.4081707623201244,2.474535246565754,2.2449391927606825,0.1530640358700466,0.8163415246402486
24017851401,0.6122561434801862,1.3010443048953964,1.530640358700466,1.224512286960372,0.35714941703010855,0.6377668161251941,0.35714941703010855,1.2755336322503883,0.6377668161251941,1.7857470851505435,0.45919210761013973,1.428597668120437,1.2500229596053811,0.8673628699302637,1.5561510313454723,0.5612347981901706,2.3724925559857213,2.2449391927606825,0.17857470851505428,0.8673628699302641
24017851402,0.5612347981901706,1.2245122869603728,1.5051296860554595,1.2755336322503883,0.40817076232012417,0.5612347981901711,0.306128071740093,1.3265549775404009,0.6122561434801878,1.709215067215521,0.40817076232012417,1.352065650185411,1.2500229596053811,0.7142988340602171,1.530640358700466,0.40817076232012417,2.500045919210764,2.2194285201156765,0.1530640358700466,0.7653201793502332
24017851403,0.6377668161251941,1.3010443048953964,1.5051296860554577,1.224512286960372,0.40817076232012417,0.5867454708351788,0.3571494170301088,1.2755336322503883,0.5867454708351779,1.7347257398605274,0.43368143496513206,1.3265549775404044,1.2245122869603728,0.7908308519952406,1.5816617039904821,0.4847027802551474,2.1939178474706664,2.270449865405691,0.17857470851505428,0.6887881614152095
24017851501,0.9183842152202795,1.1479802690253493,1.5816617039904803,1.403086995475427,0.25510672645007765,0.6632774887702018,0.22959605380506987,1.3265549775404044,0.7908308519952393,1.8112577577955535,0.3826600896751165,1.428597668120435,1.2245122869603724,0.765320179350233,1.4541083407654425,0.8163415246402483,2.16840717482566,2.2959605380506987,0.1785747085150544,0.7142988340602175
24017851502,0.739809506705225,1.1479802690253493,1.530640358700466,1.2755336322503883,0.25510672645007765,0.612256143480186,0.25510672645007765,1.2755336322503883,0.765320179350233,1.8112577577955535,0.3826600896751165,1.4541083407654416,1.1479802690253493,0.8163415246402483,1.4541083407654425,0.7142988340602175,2.2959605380506987,2.321471210695705,0.20408538116006208,0.7653201793502332
24021740200,0.663277488770202,1.1224695963803413,1.3520656501854127,1.2755336322503883,0.4336814349651323,0.5357241255451635,0.3316387443851009,1.1990016143153621,0.6632774887702004,1.6071723766354884,0.45919210761013973,1.1990016143153657,1.1734909416703576,0.6377668161251941,1.3265549775404044,0.4081707623201244,2.321471210695705,1.9133004483755833,0.1530640358700466,0.45919210761013984
24021750100,0.9694055605102952,1.0459375784453178,1.3265549775404044,1.3775763228304208,0.3571494170301088,0.5867454708351784,0.3316387443851009,1.403086995475427,1.0204269058003106,1.7602364125055354,0.5612347981901709,1.403086995475427,1.3010443048953964,0.6377668161251941,1.3010443048953964,0.6632774887702018,2.5510672645007766,2.0153431389556147,0.1785747085150544,0.9438948878652875
24021750200,0.8673628699302641,1.1224695963803413,1.3265549775404044,1.2245122869603755,0.4336814349651323,0.5612347981901711,0.3826600896751165,1.2500229596053782,0.8928735425752717,1.530640358700466,0.5867454708351786,1.2755336322503883,1.3265549775404035,0.6887881614152099,1.377576322830419,0.6122561434801862,2.4745352465657504,2.040853811600621,0.20408538116006208,0.5867454708351788
24021750300,1.1734909416703572,0.9949162331553024,1.2245122869603728,1.1990016143153657,0.3061280717400932,0.5867454708351784,0.306128071740093,1.403086995475427,1.1990016143153621,1.6581937219255047,0.45919210761013973,1.403086995475427,1.2245122869603728,0.6632774887702018,1.25002295960538,0.7908308519952408,2.449024573920744,1.9898324663106048,0.17857470851505428,1.0459375784453186
24021750504,1.0714482510903265,0.9694055605102952,1.2500229596053811,1.2245122869603755,0.3061280717400932,0.535724125545163,0.3061280717400932,1.2755336322503883,0.8418521972852555,1.683704394570511,0.45919210761013973,1.403086995475427,1.1734909416703567,0.6632774887702018,1.2755336322503883,0.6887881614152097,2.7296419730158314,1.9643217936655968,0.17857470851505428,1.0204269058003106
24021750505,1.70921506721552,0.8163415246402492,1.1224695963803413,1.4541083407654416,0.20408538116006208,0.535724125545163,0.20408538116006208,1.530640358700466,1.1990016143153657,1.8877897757305742,0.3061280717400932,1.428597668120435,1.1224695963803413,0.5612347981901706,1.1990016143153648,0.8418521972852564,2.6531099550808053,1.9133004483755824,0.10204269058003104,1.0714482510903265
24021750506,1.1990016143153648,0.9694055605102944,1.2500229596053811,1.3010443048953946,0.3316387443851009,0.4847027802551476,0.3316387443851009,1.3010443048953946,0.765320179350233,1.6326830492804985,0.4081707623201244,1.352065650185411,1.0459375784453178,0.6632774887702018,1.3010443048953946,0.5612347981901709,2.3724925559857213,1.8622791030855679,0.1785747085150544,0.9183842152202795
24021750507,2.219428520115675,0.8418521972852564,1.2245122869603728,1.3775763228304208,0.1785747085150544,0.5612347981901706,0.25510672645007765,1.530640358700466,1.250022959605382,1.7602364125055354,0.3826600896751165,1.428597668120435,1.1734909416703576,0.6632774887702018,1.2245122869603728,1.0459375784453182,2.8571953362408684,2.015343138955613,0.1530640358700466,1.3265549775404035
24021750508,1.6581937219255047,0.8418521972852564,1.1990016143153657,1.352065650185411,0.20408538116006208,0.5867454708351784,0.22959605380506998,1.428597668120437,1.0459375784453206,1.7857470851505435,0.3316387443851009,1.428597668120435,1.2245122869603728,0.6122561434801864,1.2755336322503883,0.8673628699302637,2.3469818833407152,2.117385829535644,0.12755336322503882,0.994916233155303
24021750600,0.6887881614152097,1.096958923735334,1.25002295960538,1.1479802690253493,0.4591921076101395,0.5357241255451635,0.3826600896751165,1.250022959605382,0.9949162331553043,1.4541083407654434,0.45919210761013984,1.1224695963803395,1.2755336322503883,0.6377668161251941,1.25002295960538,0.5357241255451632,2.2449391927606825,1.836768430440559,0.17857470851505428,0.5867454708351788
24021750701,1.1224695963803417,0.9949162331553024,1.2755336322503874,1.3265549775404044,0.3061280717400932,0.5867454708351784,0.3061280717400932,1.3265549775404044,0.9183842152202781,1.709215067215521,0.45919210761013973,1.3775763228304208,1.1990016143153648,0.6377668161251941,1.2755336322503883,0.6887881614152095,2.50004591921076,1.9388111210205905,0.1530640358700466,0.765320179350233
24021750702,1.1990016143153652,1.1224695963803413,1.352065650185411,1.1734909416703558,0.3826600896751165,0.5867454708351788,0.4081707623201244,1.2500229596053782,0.9183842152202817,1.6837043945705146,0.6887881614152097,1.403086995475427,1.2245122869603728,0.8418521972852564,1.3010443048953964,0.765320179350233,2.449024573920744,2.0918751568906373,0.22959605380506998,1.096958923735334
24021750801,0.9438948878652873,1.071448251090326,1.3265549775404044,1.1990016143153657,0.3826600896751165,0.5612347981901706,0.3826600896751165,1.3265549775404009,0.9438948878652844,1.6326830492804985,0.5102134529001553,1.377576322830419,1.2755336322503883,0.6887881614152099,1.3265549775404044,0.5867454708351788,2.449024573920744,1.9898324663106068,0.17857470851505428,0.8163415246402483
24021750802,0.5102134529001553,1.1990016143153657,1.352065650185411,1.071448251090327,0.4847027802551472,0.5102134529001553,0.3826600896751165,1.071448251090327,0.5102134529001553,1.4796190134104532,0.4847027802551476,1.1479802690253493,1.1224695963803413,0.7142988340602175,1.352065650185411,0.3316387443851009,2.2194285201156765,1.8877897757305742,0.20408538116006208,0.4847027802551475
24021750804,0.8418521972852562,1.071448251090326,1.2755336322503874,1.3010443048953981,0.3826600896751165,0.535724125545163,0.3061280717400932,1.224512286960372,0.7398095067052266,1.4796190134104497,0.4847027802551474,1.1734909416703594,1.1734909416703567,0.6122561434801862,1.352065650185411,0.43368143496513195,2.50004591921076,1.8877897757305742,0.1785747085150544,0.3826600896751166
24021750805,0.6377668161251941,0.9949162331553024,1.1990016143153648,1.3775763228304172,0.3061280717400932,0.5102134529001553,0.25510672645007765,1.2755336322503883,0.7398095067052266,1.6581937219255047,0.3061280717400932,1.1990016143153657,1.1734909416703576,0.535724125545163,1.2755336322503883,0.43368143496513206,2.423513901275738,1.887789775730575,0.12755336322503882,0.765320179350233
24021751001,0.7908308519952406,0.918384215220279,1.1990016143153657,1.3520656501854145,0.25510672645007765,0.5357241255451635,0.22959605380506987,1.352065650185411,0.8928735425752717,1.709215067215519,0.3826600896751166,1.3010443048953946,1.1734909416703576,0.5867454708351788,1.25002295960538,0.6632774887702018,2.321471210695705,1.9133004483755824,0.12755336322503882,0.5102134529001553
24021751002,0.8418521972852562,1.071448251090326,1.2755336322503883,1.224512286960372,0.40817076232012417,0.535724125545163,0.3571494170301088,1.250022959605382,0.8163415246402492,1.683704394570511,0.5102134529001553,1.3775763228304208,1.1990016143153648,0.7398095067052253,1.3265549775404044,0.6377668161251941,2.5765779371457866,1.9643217936655986,0.20408538116006208,0.7398095067052253
24021751003,0.8928735425752717,0.9694055605102952,1.25002295960538,1.1990016143153621,0.306128071740093,0.535724125545163,0.3061280717400932,1.2245122869603755,0.7908308519952393,1.7857470851505435,0.43368143496513206,1.403086995475427,1.1479802690253493,0.6377668161251941,1.3265549775404026,0.6122561434801864,2.500045919210764,1.9643217936655986,0.1785747085150544,0.8928735425752717
24021751004,0.7142988340602173,0.9438948878652871,1.1990016143153648,1.3775763228304172,0.3061280717400932,0.5357241255451635,0.22959605380506998,1.3010443048953946,0.7398095067052266,1.6326830492804985,0.3061280717400931,1.224512286960372,1.1734909416703576,0.5357241255451632,1.2755336322503883,0.4847027802551476,2.3724925559857213,1.9133004483755824,0.10204269058003104,0.6632774887702018
24021751201,0.5612347981901709,1.0459375784453186,1.2755336322503883,1.224512286960372,0.3826600896751165,0.5102134529001553,0.306128071740093,1.1990016143153657,0.6377668161251941,1.6581937219255047,0.3826600896751164,1.224512286960372,1.096958923735334,0.6122561434801864,1.3265549775404044,0.3826600896751165,2.2959605380506987,1.8622791030855679,0.1530640358700465,0.5357241255451632
24021751202,0.7142988340602175,1.071448251090327,1.3010443048953964,1.1990016143153657,0.3826600896751167,0.5357241255451635,0.3316387443851009,1.1990016143153621,0.7142988340602203,1.6071723766354884,0.43368143496513206,1.250022959605382,1.1479802690253493,0.6632774887702022,1.3265549775404044,0.4847027802551474,2.270449865405689,1.9133004483755824,0.1785747085150544,0.5867454708351786
24021751203,0.765320179350233,1.3010443048953964,1.4541083407654416,1.071448251090327,0.6122561434801864,0.5102134529001553,0.535724125545163,1.0459375784453206,0.5867454708351779,1.505129686055456,0.6377668161251941,1.1479802690253493,1.0969589237353332,0.765320179350233,1.428597668120435,0.3826600896751165,2.3724925559857213,1.8622791030855679,0.2806173990950853,0.7398095067052253
24021751301,0.6632774887702018,1.2755336322503883,1.4796190134104497,1.0969589237353332,0.5867454708351788,0.5102134529001553,0.535724125545163,1.0459375784453169,0.5357241255451616,1.505129686055456,0.6377668161251941,1.3010443048953946,1.096958923735334,0.8418521972852564,1.428597668120435,0.40817076232012417,2.423513901275738,1.8622791030855679,0.3061280717400932,0.765320179350233
24021751302,0.6887881614152095,1.1734909416703576,1.3265549775404044,1.1734909416703594,0.4847027802551476,0.5102134529001553,0.4081707623201244,1.1990016143153657,0.6887881614152104,1.6071723766354884,0.5102134529001553,1.3520656501854127,1.1990016143153648,0.6887881614152095,1.403086995475427,0.4081707623201244,2.5510672645007766,1.8877897757305742,0.20408538116006208,0.7398095067052253
24021751600,0.6122561434801862,1.1734909416703576,1.3265549775404026,1.224512286960372,0.4336814349651323,0.535724125545163,0.3571494170301088,1.2245122869603755,0.6887881614152104,1.6581937219255047,0.43368143496513206,1.3010443048953981,1.2245122869603728,0.6887881614152099,1.377576322830419,0.43368143496513184,2.729641973015828,1.9643217936655977,0.1530640358700466,0.8673628699302639
24021751701,0.7398095067052253,1.1479802690253493,1.3010443048953964,1.1734909416703558,0.45919210761013995,0.5612347981901706,0.3826600896751165,1.224512286960372,0.765320179350233,1.6326830492804947,0.5102134529001553,1.3265549775404044,1.2755336322503883,0.6632774887702018,1.377576322830419,0.45919210761013973,2.627599282435799,1.9133004483755824,0.1785747085150544,0.8928735425752717
24021751702,0.535724125545163,1.1224695963803413,1.3010443048953964,1.1990016143153657,0.4336814349651323,0.5357241255451635,0.3316387443851009,1.1990016143153621,0.6377668161251941,1.5816617039904786,0.35714941703010855,1.3010443048953946,1.2245122869603728,0.6122561434801864,1.352065650185411,0.3316387443851011,2.50004591921076,1.8877897757305742,0.12755336322503882,0.8673628699302641
24021751801,0.5612347981901706,1.0459375784453178,1.2755336322503874,1.428597668120437,0.3571494170301088,0.535724125545163,0.25510672645007776,1.2755336322503883,0.6632774887702004,1.6326830492804967,0.35714941703010855,1.1990016143153657,1.224512286960372,0.535724125545163,1.3775763228304208,0.4081707623201243,2.2959605380506987,1.9133004483755824,0.12755336322503882,0.5867454708351786
24021751802,0.6887881614152097,1.2755336322503883,1.403086995475427,1.3010443048953946,0.5102134529001553,0.535724125545163,0.40817076232012417,1.224512286960372,0.7142988340602167,1.505129686055456,0.5867454708351786,1.2755336322503883,1.224512286960372,0.6887881614152099,1.3775763228304208,0.4081707623201243,2.3214712106957087,1.9388111210205896,0.2040853811600622,0.7908308519952406
24021751902,0.6377668161251941,1.1224695963803413,1.3010443048953964,1.352065650185411,0.35714941703010855,0.535724125545163,0.3061280717400932,1.2755336322503883,0.7908308519952428,1.6071723766354884,0.43368143496513206,1.1479802690253493,1.25002295960538,0.6122561434801864,1.403086995475427,0.43368143496513206,2.2449391927606825,1.9388111210205896,0.1530640358700466,0.535724125545163
24021751903,0.5867454708351786,1.1224695963803413,1.2755336322503883,1.2755336322503883,0.40817076232012417,0.5102134529001553,0.3316387443851009,1.1990016143153621,0.6887881614152104,1.530640358700466,0.43368143496513184,1.1479802690253493,1.1990016143153648,0.6377668161251941,1.352065650185411,0.3826600896751166,2.244939192760686,1.8112577577955509,0.1785747085150544,0.6887881614152099
24021751904,0.535724125545163,1.0204269058003106,1.2245122869603737,1.3775763228304172,0.35714941703010855,0.5102134529001553,0.25510672645007776,1.2500229596053782,0.6377668161251941,1.6071723766354884,0.3061280717400932,1.1734909416703594,1.1734909416703567,0.535724125545163,1.377576322830419,0.3826600896751165,2.16840717482566,1.8367684304405598,0.10204269058003104,0.5612347981901709
24021751905,0.45919210761013995,0.8928735425752717,1.1224695963803422,1.5561510313454758,0.2806173990950853,0.4847027802551472,0.17857470851505428,1.3265549775404044,0.6887881614152104,1.6837043945705146,0.25510672645007765,1.1734909416703558,1.1990016143153648,0.45919210761013973,1.3010443048953964,0.3826600896751165,2.2449391927606825,1.836768430440559,0.0765320179350233,0.3316387443851009
24021751906,0.7908308519952406,1.1479802690253493,1.3520656501854127,1.224512286960372,0.4591921076101395,0.5102134529001553,0.40817076232012417,1.1990016143153621,0.7142988340602167,1.6071723766354884,0.5612347981901709,1.1990016143153657,1.1479802690253493,0.6887881614152095,1.352065650185411,0.45919210761013984,2.398003228630728,1.9388111210205896,0.20408538116006208,0.6887881614152097
24021752001,0.6887881614152097,1.0969589237353332,1.2755336322503883,1.3265549775404044,0.3826600896751162,0.5357241255451635,0.3061280717400932,1.3010443048953946,0.7908308519952428,1.6326830492804985,0.4081707623201244,1.2755336322503883,1.2500229596053811,0.5867454708351788,1.3265549775404044,0.43368143496513206,2.5765779371457826,1.9643217936655986,0.1530640358700465,0.4081707623201244
24021752101,0.5867454708351788,1.096958923735334,1.2755336322503874,1.3265549775404044,0.4336814349651323,0.4847027802551476,0.3061280717400932,1.1990016143153657,0.6122561434801878,1.5816617039904821,0.3826600896751165,1.122469596380343,1.1224695963803422,0.6122561434801864,1.377576322830419,0.35714941703010855,2.3724925559857213,1.862279103085566,0.1530640358700465,0.6122561434801862
24021752102,0.5357241255451632,0.9949162331553034,1.2500229596053811,1.3010443048953981,0.35714941703010855,0.5102134529001553,0.25510672645007765,1.2500229596053782,0.6122561434801878,1.5561510313454758,0.3316387443851009,1.224512286960372,1.1224695963803413,0.535724125545163,1.3520656501854127,0.35714941703010855,2.2449391927606825,1.836768430440558,0.12755336322503882,0.6122561434801862
24021752201,0.6887881614152097,1.2245122869603728,1.377576322830419,1.224512286960372,0.4591921076101395,0.535724125545163,0.3826600896751165,1.1990016143153657,0.6632774887702041,1.5816617039904821,0.5102134529001553,1.224512286960372,1.1734909416703567,0.7142988340602175,1.403086995475427,0.3826600896751165,2.4490245739207475,1.9133004483755824,0.2040853811600622,0.6632774887702018
24021752202,0.6632774887702018,0.9438948878652871,1.2755336322503883,1.530640358700466,0.28061739909508554,0.5102134529001553,0.20408538116006208,1.2500229596053782,0.6632774887702041,1.709215067215519,0.28061739909508543,1.1479802690253493,1.071448251090326,0.5612347981901711,1.352065650185411,0.4081707623201244,2.2704498654056926,1.8367684304405598,0.12755336322503888,0.5867454708351786
24021752205,0.535724125545163,0.9183842152202799,1.2755336322503883,1.4796190134104497,0.25510672645007765,0.45919210761013995,0.20408538116006208,1.224512286960372,0.5867454708351815,1.7347257398605291,0.25510672645007765,1.1479802690253493,0.994916233155303,0.5867454708351788,1.377576322830419,0.35714941703010855,2.270449865405689,1.7602364125055354,0.12755336322503888,0.4081707623201244
24021752206,0.6122561434801862,0.9694055605102952,1.2245122869603728,1.5051296860554595,0.3061280717400932,0.5102134529001553,0.22959605380506976,1.3010443048953981,0.6632774887702004,1.6326830492804985,0.3061280717400931,1.1990016143153657,1.1479802690253493,0.535724125545163,1.3520656501854127,0.4081707623201243,2.3724925559857213,1.8112577577955509,0.1020426905800311,0.45919210761013973
24021752301,0.7908308519952406,0.8928735425752717,1.1990016143153648,1.4796190134104497,0.25510672645007765,0.5102134529001553,0.22959605380506987,1.3265549775404044,0.8163415246402456,1.709215067215519,0.3061280717400932,1.2755336322503883,1.1479802690253493,0.5102134529001553,1.2755336322503874,0.5102134529001553,2.2959605380506987,1.8877897757305742,0.12755336322503877,0.5357241255451632
24021752302,0.6122561434801864,1.1479802690253493,1.3265549775404044,1.1990016143153657,0.4847027802551476,0.5102134529001553,0.3826600896751165,1.1479802690253493,0.5867454708351779,1.6071723766354884,0.45919210761013973,1.1734909416703594,1.1224695963803422,0.6632774887702018,1.403086995475427,0.3826600896751165,2.3469818833407117,1.836768430440559,0.1785747085150544,0.6122561434801862
24021752303,0.5612347981901709,1.096958923735334,1.3265549775404026,1.403086995475427,0.3571494170301088,0.535724125545163,0.25510672645007765,1.250022959605382,0.6122561434801878,1.6581937219255047,0.3316387443851009,1.1990016143153657,1.1734909416703576,0.5867454708351784,1.3775763228304208,0.3826600896751165,2.5510672645007766,1.9133004483755824,0.12755336322503882,0.5612347981901709
24021752501,0.6122561434801864,1.1734909416703567,1.352065650185411,1.1990016143153657,0.4336814349651323,0.535724125545163,0.35714941703010855,1.1990016143153657,0.6887881614152104,1.6581937219255047,0.45919210761013973,1.250022959605382,1.1990016143153648,0.7142988340602175,1.377576322830419,0.43368143496513184,2.704131300370822,1.9643217936655977,0.1785747085150544,0.8418521972852562
24021752502,0.5102134529001553,1.2245122869603728,1.352065650185411,1.2500229596053782,0.45919210761013995,0.535724125545163,0.3571494170301088,1.1734909416703594,0.5867454708351815,1.6071723766354922,0.45919210761013973,1.250022959605382,1.1734909416703576,0.7142988340602175,1.4285976681204333,0.35714941703010855,2.3469818833407152,1.9388111210205905,0.17857470851505428,0.6377668161251941
24021752601,0.6377668161251943,1.1224695963803413,1.3010443048953964,1.2755336322503883,0.45919210761013995,0.5102134529001553,0.3316387443851009,1.250022959605382,0.7142988340602167,1.5816617039904821,0.4847027802551475,1.1734909416703558,1.1479802690253493,0.6122561434801864,1.377576322830419,0.4081707623201243,2.398003228630728,1.8112577577955518,0.1785747085150544,0.7398095067052253
24021752602,0.6377668161251941,1.1734909416703576,1.3010443048953946,1.1734909416703558,0.4847027802551476,0.5102134529001553,0.3826600896751165,1.1990016143153657,0.6122561434801842,1.505129686055456,0.4847027802551474,1.1479802690253493,1.1479802690253493,0.6632774887702022,1.377576322830419,0.3571494170301088,2.3469818833407117,1.836768430440559,0.1785747085150544,0.6122561434801864
24021752603,0.43368143496513184,1.1224695963803422,1.3265549775404044,1.3265549775404009,0.4081707623201246,0.5102134529001553,0.28061739909508554,1.1990016143153657,0.5612347981901715,1.6071723766354884,0.3571494170301088,1.224512286960372,1.1990016143153648,0.5867454708351784,1.377576322830419,0.3316387443851009,2.474535246565754,1.9133004483755816,0.1530640358700466,0.4847027802551475
24021752801,0.6122561434801862,1.1990016143153648,1.377576322830419,1.224512286960372,0.4847027802551476,0.535724125545163,0.4081707623201244,1.1479802690253493,0.6377668161251941,1.5561510313454758,0.4847027802551476,1.3265549775404044,1.1990016143153648,0.7398095067052248,1.377576322830419,0.40817076232012417,2.5510672645007766,1.9898324663106048,0.1785747085150544,0.8673628699302639
24021752802,0.5612347981901709,1.1990016143153648,1.3775763228304199,1.3265549775404044,0.43368143496513184,0.5357241255451635,0.3316387443851009,1.224512286960372,0.6122561434801842,1.6071723766354884,0.40817076232012417,1.1479802690253493,1.2245122869603728,0.6377668161251941,1.403086995475427,0.3826600896751166,2.398003228630728,1.9643217936655977,0.1785747085150544,0.6377668161251941
24021752900,0.6122561434801862,1.1224695963803422,1.3010443048953946,1.224512286960372,0.40817076232012417,0.535724125545163,0.35714941703010855,1.250022959605382,0.6632774887702004,1.6837043945705146,0.40817076232012417,1.3520656501854127,1.2245122869603728,0.6377668161251941,1.352065650185411,0.40817076232012417,2.5765779371457866,1.9388111210205905,0.1530640358700466,0.9438948878652871
24021753001,0.8928735425752717,1.1734909416703576,1.3265549775404026,1.1990016143153621,0.45919210761013995,0.5612347981901706,0.3826600896751165,1.2755336322503883,0.8418521972852555,1.5816617039904821,0.5612347981901709,1.3010443048953964,1.25002295960538,0.7142988340602171,1.3520656501854127,0.535724125545163,2.5765779371457866,1.9133004483755833,0.2040853811600622,0.8673628699302639
24021753002,1.0204269058003108,1.1734909416703576,1.352065650185411,1.1990016143153657,0.43368143496513184,0.5867454708351788,0.45919210761013995,1.2755336322503883,0.9694055605102944,1.7347257398605274,0.6377668161251941,1.4796190134104497,1.3265549775404035,0.765320179350233,1.3520656501854127,0.6122561434801864,2.6786206277258153,2.015343138955613,0.22959605380506987,0.9694055605102948
24021765100,1.1734909416703572,1.1224695963803413,1.377576322830419,1.1479802690253493,0.35714941703010855,0.5612347981901706,0.40817076232012417,1.2500229596053782,0.8673628699302655,1.6326830492804947,0.5867454708351786,1.3265549775404044,1.1990016143153648,0.7908308519952406,1.377576322830419,0.6377668161251941,2.2449391927606825,2.040853811600621,0.20408538116006208,0.994916233155303
24021766800,1.0714482510903263,0.8163415246402483,1.071448251090326,1.0459375784453169,0.3061280717400932,0.5612347981901706,0.3061280717400932,1.530640358700466,1.5816617039904821,1.8367684304405598,0.43368143496513206,1.428597668120435,1.3010443048953964,0.5102134529001553,1.1479802690253493,0.7653201793502328,2.8827060088858767,1.8622791030855679,0.1530640358700466,1.326554977540404
24021767500,0.663277488770202,1.1990016143153657,1.352065650185411,1.1990016143153657,0.4591921076101395,0.535724125545163,0.4081707623201244,1.1734909416703558,0.6887881614152104,1.683704394570511,0.535724125545163,1.3265549775404044,1.1990016143153648,0.7142988340602175,1.403086995475427,0.40817076232012417,2.6531099550808053,1.887789775730575,0.1785747085150544,0.9438948878652875
24021767600,0.6122561434801864,1.1479802690253493,1.3010443048953946,1.250022959605382,0.43368143496513184,0.535724125545163,0.3571494170301088,1.224512286960372,0.6887881614152067,1.5561510313454723,0.43368143496513206,1.3010443048953981,1.2245122869603728,0.6632774887702018,1.377576322830419,0.4081707623201244,2.4490245739207475,1.9133004483755824,0.1530640358700466,0.7398095067052253
24021770700,0.5867454708351786,1.25002295960538,1.352065650185411,1.2500229596053782,0.4847027802551476,0.5612347981901711,0.4081707623201244,1.1479802690253493,0.6122561434801878,1.6071723766354922,0.535724125545163,1.1990016143153657,1.2245122869603728,0.7398095067052253,1.428597668120435,0.3826600896751165,2.5510672645007766,1.9388111210205905,0.20408538116006208,0.7398095067052253
24021772200,1.2755336322503883,1.1479802690253493,1.3775763228304208,1.1479802690253493,0.3826600896751165,0.612256143480186,0.4847027802551474,1.3265549775404044,1.071448251090327,1.836768430440558,0.7653201793502332,1.4541083407654416,1.3265549775404035,0.8673628699302637,1.3265549775404044,0.994916233155303,3.0102593721109154,2.0918751568906373,0.2806173990950853,1.7602364125055354
24021773500,0.8163415246402486,1.096958923735334,1.3010443048953964,1.224512286960372,0.3826600896751165,0.5612347981901711,0.3571494170301088,1.2755336322503883,0.765320179350233,1.6071723766354884,0.4847027802551474,1.3265549775404044,1.2245122869603728,0.6887881614152099,1.3520656501854127,0.5102134529001551,2.602088609790789,2.015343138955613,0.1530640358700466,0.8673628699302641
24021775302,0.6377668161251939,1.071448251090326,1.2755336322503883,1.3010443048953946,0.3316387443851011,0.5357241255451635,0.3061280717400932,1.2500229596053782,0.6632774887702004,1.6326830492804985,0.35714941703010855,1.1990016143153657,1.2245122869603728,0.6122561434801864,1.377576322830419,0.3826600896751165,2.3469818833407117,1.9643217936655986,0.1530640358700466,0.6632774887702018
24021775400,0.9183842152202797,1.1224695963803422,1.352065650185411,1.3265549775404044,0.40817076232012417,0.5612347981901706,0.4081707623201244,1.352065650185411,1.0204269058003106,1.6837043945705146,0.6122561434801864,1.4541083407654434,1.2755336322503883,0.7142988340602175,1.3010443048953964,0.5867454708351784,2.627599282435799,2.040853811600621,0.20408538116006208,1.0714482510903265
24021775600,0.7142988340602174,1.071448251090326,1.3010443048953964,1.4541083407654434,0.3316387443851009,0.5867454708351788,0.2806173990950853,1.3265549775404044,0.765320179350233,1.7347257398605274,0.3826600896751165,1.1479802690253493,1.3010443048953964,0.535724125545163,1.352065650185411,0.45919210761013984,2.423513901275738,1.989832466310606,0.12755336322503888,0.3826600896751166
24031700101,0.7398095067052253,1.0204269058003106,1.25002295960538,1.250022959605382,0.43368143496513184,0.5102134529001553,0.35714941703010855,1.1479802690253493,0.5867454708351779,1.4541083407654434,0.5102134529001553,1.0969589237353332,0.9949162331553034,0.6122561434801864,1.3010443048953946,0.35714941703010866,1.9898324663106048,1.530640358700466,0.1785747085150544,0.6377668161251941
24031700103,0.535724125545163,1.0204269058003106,1.1990016143153648,1.250022959605382,0.3571494170301088,0.4847027802551476,0.3316387443851009,1.1224695963803395,0.5102134529001553,1.403086995475427,0.3826600896751166,1.0204269058003106,0.9694055605102952,0.6122561434801864,1.3010443048953946,0.3061280717400931,1.964321793665595,1.4796190134104505,0.1530640358700466,0.5612347981901709
24031700104,0.9694055605102952,0.8928735425752717,1.1990016143153657,1.3265549775404044,0.306128071740093,0.5102134529001553,0.28061739909508554,1.1990016143153657,0.7142988340602167,1.4541083407654434,0.3826600896751166,1.1734909416703594,0.9694055605102944,0.6122561434801864,1.2755336322503883,0.5612347981901706,2.040853811600621,1.6837043945705128,0.1530640358700466,0.5867454708351786
24031700105,0.765320179350233,0.8418521972852564,1.096958923735334,1.352065650185411,0.25510672645007765,0.5102134529001553,0.22959605380506976,1.2755336322503883,0.6632774887702041,1.505129686055456,0.25510672645007765,1.1479802690253493,0.9694055605102952,0.5612347981901706,1.224512286960372,0.43368143496513206,2.142896502180654,1.556151031345474,0.12755336322503882,0.5867454708351788
24031700204,0.8163415246402483,0.9949162331553024,1.199001614315364,1.1990016143153657,0.40817076232012417,0.5102134529001553,0.3571494170301088,1.224512286960372,0.6632774887702004,1.530640358700466,0.45919210761013973,1.1734909416703558,1.1224695963803413,0.5867454708351788,1.2755336322503883,0.43368143496513206,2.270449865405689,1.6581937219255047,0.20408538116006208,0.663277488770202
24031700206,0.765320179350233,1.0204269058003106,1.224512286960372,1.3775763228304172,0.3826600896751165,0.535724125545163,0.306128071740093,1.224512286960372,0.6632774887702041,1.4285976681204333,0.4847027802551476,0.9438948878652881,1.096958923735334,0.5867454708351788,1.3010443048953964,0.4081707623201244,1.9388111210205887,1.5816617039904812,0.1530640358700466,0.4081707623201244
24031700207,1.1224695963803417,0.8418521972852564,1.1479802690253493,1.352065650185411,0.3061280717400932,0.535724125545163,0.3061280717400932,1.3010443048953981,0.8418521972852592,1.5816617039904821,0.45919210761013973,1.2500229596053782,1.071448251090326,0.5612347981901711,1.224512286960372,0.5867454708351786,2.117385829535644,1.6326830492804967,0.1530640358700466,0.9183842152202797
24031700208,0.7908308519952408,0.9438948878652881,1.1734909416703567,1.3010443048953981,0.3826600896751167,0.5102134529001553,0.3061280717400932,1.224512286960372,0.6887881614152104,1.4541083407654434,0.40817076232012417,1.224512286960372,1.0459375784453178,0.5612347981901706,1.25002295960538,0.43368143496513206,2.2704498654056926,1.5561510313454732,0.1530640358700466,0.5102134529001553
24031700209,0.7398095067052253,1.0459375784453178,1.2245122869603728,1.3520656501854145,0.3826600896751165,0.5357241255451635,0.3316387443851011,1.2245122869603755,0.6122561434801878,1.403086995475427,0.5102134529001553,1.0714482510903232,1.1224695963803413,0.6122561434801864,1.2755336322503883,0.4081707623201244,2.0918751568906373,1.6326830492804976,0.1530640358700466,0.6122561434801864
24031700210,0.7142988340602173,0.7398095067052248,1.071448251090326,1.5051296860554595,0.22959605380506998,0.43368143496513184,0.2040853811600622,1.250022959605382,0.6377668161251941,1.5816617039904803,0.22959605380506998,1.0969589237353332,0.8673628699302641,0.5102134529001553,1.3010443048953964,0.45919210761013973,1.9643217936655986,1.403086995475427,0.1020426905800311,0.3061280717400931
24031700306,0.7142988340602175,0.8163415246402483,1.1479802690253493,1.4541083407654434,0.22959605380506976,0.4847027802551472,0.22959605380506998,1.2755336322503883,0.6632774887702004,1.5816617039904803,0.2806173990950853,1.122469596380343,0.9694055605102948,0.5612347981901706,1.2755336322503883,0.43368143496513206,1.964321793665595,1.530640358700466,0.12755336322503882,0.535724125545163
24031700308,0.8673628699302641,0.9183842152202799,1.1990016143153648,1.3010443048953946,0.306128071740093,0.535724125545163,0.28061739909508543,1.250022959605382,0.7142988340602167,1.4796190134104497,0.3826600896751164,1.1479802690253493,1.0459375784453186,0.5867454708351788,1.25002295960538,0.5102134529001553,2.040853811600621,1.6581937219255047,0.1530640358700466,0.5357241255451632
24031700309,0.994916233155303,0.7908308519952411,1.1224695963803413,1.3265549775404044,0.20408538116006208,0.535724125545163,0.20408538116006208,1.2755336322503883,0.765320179350233,1.6071723766354884,0.3061280717400932,1.25002295960538,1.0204269058003106,0.535724125545163,1.2245122869603737,0.6377668161251941,2.040853811600621,1.6326830492804967,0.12755336322503882,0.739809506705225
24031700310,1.1224695963803417,0.7908308519952411,1.1224695963803413,1.352065650185411,0.22959605380506998,0.5612347981901706,0.22959605380506998,1.3010443048953981,0.8673628699302655,1.530640358700464,0.35714941703010866,1.224512286960372,1.0459375784453178,0.535724125545163,1.25002295960538,0.6377668161251941,2.0663644842456312,1.6326830492804976,0.12755336322503882,0.5612347981901709
24031700313,0.8163415246402486,0.7908308519952411,1.071448251090326,1.3775763228304208,0.25510672645007765,0.5102134529001553,0.20408538116006208,1.3010443048953946,0.765320179350233,1.5051296860554577,0.2806173990950853,1.122469596380343,0.9183842152202795,0.535724125545163,1.224512286960372,0.5102134529001553,1.9898324663106048,1.4541083407654425,0.12755336322503882,0.5867454708351786
24031700314,0.6122561434801864,0.8163415246402483,1.1479802690253493,1.3265549775404044,0.25510672645007765,0.45919210761013995,0.22959605380506976,1.1479802690253493,0.5612347981901715,1.5051296860554595,0.28061739909508543,1.071448251090327,0.8418521972852564,0.6122561434801864,1.2755336322503883,0.3571494170301088,2.0153431389556147,1.3265549775404035,0.10204269058003104,0.2806173990950853
24031700315,0.6887881614152097,0.765320179350233,1.1224695963803413,1.5051296860554595,0.22959605380506976,0.45919210761013995,0.20408538116006208,1.250022959605382,0.6377668161251941,1.5816617039904803,0.25510672645007765,1.0204269058003106,0.8673628699302641,0.5612347981901706,1.3010443048953964,0.4081707623201244,1.9643217936655986,1.403086995475427,0.12755336322503888,0.43368143496513195
24031700316,0.8418521972852564,0.7908308519952402,1.1479802690253493,1.403086995475427,0.20408538116006208,0.4847027802551476,0.22959605380506998,1.250022959605382,0.739809506705223,1.6326830492804967,0.3061280717400932,1.25002295960538,0.9438948878652871,0.6122561434801864,1.2755336322503883,0.5867454708351784,2.321471210695705,1.530640358700466,0.12755336322503882,0.765320179350233
24031700317,0.6377668161251941,0.7398095067052248,1.0459375784453178,1.4541083407654434,0.22959605380506976,0.4847027802551476,0.17857470851505428,1.3265549775404044,0.6632774887702041,1.530640358700464,0.22959605380506987,1.122469596380343,0.9438948878652871,0.4847027802551476,1.2755336322503883,0.43368143496513184,2.0918751568906373,1.4541083407654425,0.07653201793502336,0.5867454708351786
24031700318,0.6632774887702018,0.765320179350233,1.0969589237353332,1.4541083407654434,0.22959605380506998,0.45919210761013995,0.20408538116006208,1.2755336322503883,0.6632774887702041,1.5816617039904821,0.25510672645007765,1.1224695963803395,0.8928735425752717,0.535724125545163,1.25002295960538,0.43368143496513206,2.015343138955611,1.4796190134104505,0.10204269058003104,0.40817076232012417
24031700400,0.6632774887702018,1.0204269058003106,1.1734909416703576,1.1990016143153621,0.43368143496513184,0.5102134529001553,0.3826600896751165,1.1224695963803395,0.5357241255451652,1.3775763228304172,0.45919210761013973,1.0459375784453206,1.0204269058003106,0.5867454708351784,1.3010443048953964,0.35714941703010866,2.117385829535644,1.5051296860554577,0.17857470851505428,0.5102134529001553
24031700500,0.6632774887702018,0.9694055605102952,1.1734909416703567,1.352065650185411,0.3826600896751165,0.5102134529001553,0.3061280717400932,1.2755336322503883,0.6632774887702041,1.403086995475427,0.45919210761013973,1.0459375784453169,1.0969589237353332,0.5612347981901711,1.2755336322503883,0.40817076232012417,2.0918751568906373,1.530640358700466,0.1785747085150544,0.7398095067052253
24031700604,0.43368143496513206,1.0204269058003106,1.25002295960538,1.2755336322503883,0.40817076232012417,0.5102134529001553,0.3061280717400932,1.0969589237353332,0.48470278025514896,1.3265549775404044,0.331638744385101,0.9694055605102944,1.0204269058003106,0.5612347981901711,1.3520656501854127,0.2806173990950853,1.964321793665595,1.4796190134104505,0.12755336322503882,0.35714941703010855
24031700606,0.7142988340602173,1.0459375784453186,1.2755336322503883,1.3265549775404044,0.3826600896751165,0.45919210761013995,0.3571494170301088,1.1479802690253493,0.5612347981901715,1.428597668120437,0.4847027802551475,1.122469596380343,0.9438948878652871,0.7398095067052253,1.377576322830419,0.40817076232012417,2.117385829535644,1.4541083407654425,0.2040853811600622,0.5867454708351786
24031700608,0.43368143496513206,0.8928735425752717,1.1479802690253493,1.1990016143153657,0.3571494170301088,0.45919210761013973,0.2806173990950853,1.0969589237353332,0.45919210761013907,1.4285976681204333,0.3061280717400932,0.9949162331553006,0.8928735425752717,0.6122561434801864,1.3265549775404044,0.28061739909508543,1.9133004483755824,1.3010443048953955,0.1530640358700465,0.5867454708351786
24031700610,0.663277488770202,1.0459375784453178,1.2245122869603728,1.2755336322503883,0.40817076232012417,0.4847027802551474,0.35714941703010855,1.1479802690253493,0.5612347981901715,1.352065650185411,0.45919210761013973,1.0459375784453169,0.9438948878652875,0.6122561434801864,1.2755336322503883,0.3316387443851009,1.8877897757305762,1.428597668120435,0.17857470851505428,0.4847027802551476
24031700611,0.7142988340602173,0.8673628699302637,1.2245122869603728,1.3265549775404009,0.25510672645007765,0.43368143496513206,0.25510672645007765,1.1734909416703558,0.6122561434801842,1.5816617039904821,0.3061280717400931,1.0459375784453206,0.8418521972852564,0.6887881614152095,1.3265549775404026,0.43368143496513206,2.142896502180654,1.3265549775404035,0.12755336322503882,0.6122561434801862
24031700613,0.739809506705225,0.8418521972852564,1.1479802690253493,1.352065650185411,0.25510672645007765,0.5102134529001553,0.25510672645007765,1.1990016143153657,0.6632774887702004,1.5816617039904821,0.3571494170301088,1.071448251090327,0.9438948878652875,0.6122561434801864,1.3010443048953946,0.43368143496513206,1.9898324663106048,1.428597668120435,0.12755336322503882,0.6632774887702018
24031700614,1.096958923735334,0.8673628699302637,1.1990016143153648,1.3265549775404044,0.25510672645007765,0.5102134529001553,0.25510672645007765,1.250022959605382,0.765320179350233,1.5051296860554577,0.3571494170301088,1.1990016143153657,1.0204269058003106,0.6122561434801864,1.2755336322503883,0.6377668161251944,2.2194285201156765,1.70921506721552,0.1530640358700466,0.6887881614152099
24031700615,0.6632774887702018,1.0204269058003106,1.25002295960538,1.3010443048953981,0.40817076232012417,0.4847027802551476,0.35714941703010855,1.1479802690253493,0.5867454708351779,1.428597668120437,0.4847027802551476,0.9694055605102944,1.0459375784453186,0.6122561434801864,1.3265549775404044,0.3826600896751165,1.9133004483755824,1.5051296860554577,0.17857470851505428,0.35714941703010855
24031700616,0.4847027802551476,0.9438948878652871,1.1990016143153657,1.2755336322503883,0.33163874438510066,0.45919210761013995,0.2806173990950853,1.0969589237353332,0.48470278025514535,1.352065650185411,0.3061280717400932,0.9694055605102979,0.9438948878652875,0.535724125545163,1.3265549775404044,0.2806173990950853,1.9388111210205923,1.428597668120435,0.1530640358700466,0.28061739909508543
24031700617,0.5612347981901709,0.8928735425752717,1.1990016143153657,1.3010443048953946,0.3316387443851009,0.43368143496513184,0.28061739909508543,1.1479802690253493,0.5357241255451616,1.3775763228304208,0.3316387443851009,0.9949162331553043,0.8418521972852564,0.6377668161251941,1.3520656501854127,0.35714941703010866,1.964321793665595,1.3010443048953964,0.1530640358700466,0.5612347981901709
24031700618,0.45919210761013973,0.8673628699302637,1.1734909416703576,1.3265549775404044,0.2806173990950853,0.40817076232012417,0.22959605380506998,1.1479802690253493,0.5102134529001553,1.4796190134104497,0.25510672645007765,0.9949162331553043,0.7908308519952406,0.6122561434801864,1.3520656501854127,0.3061280717400931,1.9898324663106048,1.1990016143153652,0.12755336322503882,0.3316387443851009
24031700706,1.0969589237353337,0.7398095067052253,1.096958923735334,1.3775763228304172,0.20408538116006208,0.4847027802551476,0.22959605380506987,1.2755336322503883,0.765320179350233,1.530640358700466,0.28061739909508554,1.2245122869603737,0.9694055605102948,0.5612347981901706,1.224512286960372,0.6122561434801864,2.0918751568906337,1.6581937219255047,0.12755336322503882,0.7142988340602175
24031700710,1.403086995475427,0.918384215220279,1.1734909416703576,1.1990016143153657,0.28061739909508554,0.535724125545163,0.3316387443851011,1.2755336322503883,0.8928735425752717,1.5816617039904821,0.5102134529001553,1.224512286960372,1.0204269058003106,0.7398095067052253,1.2245122869603737,0.7142988340602175,2.1939178474706664,1.6581937219255047,0.17857470851505428,1.1479802690253493
24031700711,0.6887881614152097,0.7908308519952402,1.071448251090326,1.2755336322503883,0.28061739909508554,0.45919210761013995,0.22959605380506998,1.1990016143153621,0.6632774887702004,1.4796190134104497,0.25510672645007754,1.1224695963803395,0.918384215220279,0.5102134529001553,1.224512286960372,0.35714941703010855,1.9898324663106048,1.4541083407654425,0.10204269058003104,0.45919210761013984
24031700713,2.3980032286307296,0.765320179350233,1.1224695963803413,1.3775763228304208,0.1530640358700466,0.535724125545163,0.3061280717400932,1.4541083407654396,1.3265549775404044,1.6837043945705128,0.4081707623201244,1.3265549775404026,1.0204269058003106,0.6887881614152095,1.199001614315364,1.3010443048953955,2.627599282435799,1.7857470851505435,0.1530640358700466,1.0204269058003106
24031700715,1.6326830492804967,0.8673628699302637,1.1479802690253484,1.224512286960372,0.25510672645007765,0.5102134529001553,0.2806173990950853,1.2755336322503883,0.8418521972852555,1.5561510313454758,0.3826600896751165,1.27553363225039,0.9949162331553024,0.6377668161251941,1.2755336322503883,0.6887881614152099,2.2449391927606825,1.709215067215521,0.1530640358700465,0.9694055605102952
24031700718,0.5867454708351786,0.8928735425752717,1.1224695963803413,1.0969589237353368,0.4336814349651323,0.4847027802551476,0.3826600896751165,1.122469596380343,0.5867454708351779,1.3775763228304208,0.43368143496513195,1.0459375784453169,0.9438948878652871,0.5867454708351784,1.25002295960538,0.3826600896751165,1.9388111210205923,1.4541083407654425,0.20408538116006208,0.43368143496513195
24031700720,1.0459375784453182,0.8418521972852564,1.1479802690253502,1.224512286960372,0.22959605380506976,0.5102134529001553,0.28061739909508554,1.2245122869603755,0.6887881614152104,1.530640358700466,0.3061280717400932,1.1734909416703558,0.9183842152202795,0.6377668161251941,1.199001614315364,0.535724125545163,2.14289650218065,1.5561510313454732,0.12755336322503882,0.6122561434801862
24031700721,1.3265549775404035,0.7908308519952411,1.1479802690253493,1.3265549775404009,0.25510672645007765,0.5102134529001553,0.28061739909508554,1.3010443048953946,0.8673628699302618,1.6071723766354884,0.3571494170301088,1.3010443048953946,1.0204269058003106,0.6377668161251941,1.2245122869603737,0.765320179350233,2.244939192760686,1.70921506721552,0.1530640358700466,1.1479802690253493
24031700723,1.2500229596053807,1.428597668120435,1.530640358700466,0.8418521972852555,0.8163415246402483,0.5102134529001551,0.994916233155303,0.8673628699302655,0.5102134529001553,1.3265549775404044,1.2245122869603728,1.3010443048953946,0.9183842152202799,1.071448251090326,1.3520656501854127,0.4847027802551476,1.9898324663106048,1.530640358700466,0.5867454708351786,0.7398095067052253
24031700724,2.2449391927606834,0.765320179350233,1.1479802690253502,1.3265549775404044,0.1785747085150544,0.535724125545163,0.28061739909508554,1.3775763228304208,1.122469596380343,1.7602364125055354,0.3826600896751165,1.2755336322503883,1.0204269058003106,0.7142988340602175,1.2245122869603737,1.071448251090326,2.2959605380506987,1.7857470851505444,0.1785747085150544,1.3775763228304194
24031700725,2.806173990950854,0.7398095067052248,1.1479802690253493,1.4030869954754253,0.17857470851505428,0.5612347981901711,0.2806173990950853,1.530640358700466,1.403086995475427,1.7347257398605291,0.3826600896751165,1.3010443048953964,1.096958923735334,0.6632774887702018,1.25002295960538,1.2500229596053807,2.5510672645007766,1.8877897757305742,0.1530640358700466,1.1734909416703572
24031700726,1.428597668120435,0.7398095067052248,1.096958923735334,1.3775763228304172,0.2040853811600622,0.5102134529001553,0.22959605380506998,1.403086995475427,0.9183842152202781,1.6326830492804985,0.28061739909508543,1.2755336322503883,0.9694055605102948,0.5867454708351788,1.1990016143153657,0.6887881614152097,2.372492555985725,1.6326830492804976,0.12755336322503882,0.9694055605102952
24031700727,2.2959605380506987,0.8928735425752717,1.1734909416703576,1.3010443048953981,0.28061739909508554,0.5102134529001553,0.40817076232012417,1.428597668120437,1.1479802690253493,1.709215067215521,0.5612347981901706,1.3265549775404026,1.0204269058003106,0.765320179350233,1.2755336322503883,0.9438948878652871,2.627599282435799,1.7347257398605274,0.22959605380506998,1.3775763228304194
24031700728,0.841852197285256,0.8418521972852564,1.1224695963803413,1.0969589237353332,0.25510672645007765,0.4847027802551476,0.3061280717400932,1.250022959605382,0.765320179350233,1.4285976681204333,0.3826600896751165,1.1479802690253493,0.9949162331553024,0.6632774887702018,1.199001614315364,0.5612347981901711,1.9643217936655986,1.6071723766354893,0.12755336322503882,0.6122561434801862
24031700729,0.8928735425752717,0.8163415246402483,1.1479802690253493,1.2755336322503883,0.22959605380506998,0.5102134529001553,0.22959605380506998,1.2755336322503883,0.6887881614152067,1.5816617039904803,0.28061739909508554,1.250022959605382,0.9694055605102948,0.6377668161251941,1.25002295960538,0.5612347981901706,2.16840717482566,1.6326830492804976,0.12755336322503882,0.7142988340602173
24031700730,1.1479802690253493,0.8673628699302646,1.1479802690253484,1.2500229596053782,0.2806173990950853,0.4847027802551476,0.28061739909508554,1.1990016143153657,0.7398095067052266,1.556151031345474,0.40817076232012417,1.224512286960372,0.9694055605102948,0.6632774887702022,1.2755336322503883,0.6122561434801862,2.16840717482566,1.6326830492804967,0.17857470851505428,0.6122561434801864
24031700731,1.9643217936655977,0.8163415246402492,1.1479802690253484,1.2755336322503883,0.20408538116006208,0.5612347981901706,0.2806173990950853,1.403086995475427,1.0969589237353332,1.709215067215521,0.40817076232012417,1.3010443048953964,1.1224695963803422,0.6632774887702018,1.1990016143153657,0.994916233155303,2.5765779371457866,1.7857470851505435,0.17857470851505428,1.6071723766354893
24031700732,2.193917847470668,0.8928735425752717,1.1990016143153657,1.2755336322503883,0.22959605380506976,0.535724125545163,0.3316387443851009,1.3265549775404009,1.0969589237353332,1.6326830492804985,0.43368143496513206,1.3265549775404044,1.0459375784453186,0.7908308519952411,1.2755336322503883,0.9694055605102952,2.3980032286307313,1.7857470851505444,0.17857470851505428,1.1990016143153648
24031700733,1.2755336322503883,0.7908308519952402,1.096958923735334,1.2755336322503883,0.22959605380506976,0.535724125545163,0.25510672645007776,1.3010443048953946,0.9183842152202781,1.6326830492804985,0.3316387443851009,1.3010443048953964,1.0204269058003106,0.6122561434801864,1.224512286960372,0.7398095067052253,2.16840717482566,1.683704394570512,0.1530640358700466,0.9438948878652871
24031700810,0.8928735425752717,0.8418521972852555,1.1224695963803422,1.250022959605382,0.2806173990950853,0.4847027802551476,0.25510672645007765,1.224512286960372,0.6377668161251941,1.428597668120437,0.3061280717400932,1.1734909416703558,0.9438948878652875,0.5612347981901706,1.25002295960538,0.45919210761013973,2.040853811600621,1.5816617039904812,0.12755336322503882,0.5867454708351786
24031700811,1.3265549775404035,0.8418521972852564,1.1224695963803422,1.2245122869603755,0.22959605380506998,0.535724125545163,0.2806173990950853,1.3010443048953946,0.8163415246402492,1.5816617039904821,0.3571494170301088,1.25002295960538,0.9949162331553024,0.6122561434801864,1.2245122869603737,0.6887881614152095,2.2449391927606825,1.6581937219255047,0.1530640358700466,0.7908308519952406
24031700812,1.1224695963803417,0.8928735425752717,1.1734909416703576,1.1990016143153657,0.3061280717400932,0.5102134529001553,0.306128071740093,1.1479802690253493,0.6632774887702004,1.556151031345474,0.3826600896751165,1.1990016143153657,0.9694055605102952,0.6632774887702018,1.25002295960538,0.5102134529001551,2.142896502180654,1.5816617039904812,0.1785747085150544,1.0204269058003106
24031700813,1.1734909416703572,0.8418521972852564,1.1224695963803422,1.1734909416703594,0.3061280717400932,0.4847027802551476,0.28061739909508554,1.2500229596053782,0.6887881614152104,1.530640358700466,0.3316387443851011,1.25002295960538,0.9694055605102952,0.6122561434801864,1.25002295960538,0.5867454708351786,2.0918751568906373,1.6837043945705128,0.1530640358700465,0.9183842152202799
24031700815,1.3010443048953964,0.8418521972852564,1.1734909416703567,1.3010443048953946,0.22959605380506976,0.5102134529001553,0.28061739909508554,1.3010443048953981,0.8418521972852555,1.6837043945705128,0.35714941703010855,1.25002295960538,0.994916233155303,0.6632774887702018,1.25002295960538,0.6887881614152095,2.3214712106957087,1.683704394570512,0.1530640358700466,0.9438948878652871
24031700818,1.5051296860554577,0.765320179350233,1.1479802690253493,1.352065650185411,0.1530640358700466,0.5612347981901706,0.22959605380506998,1.3265549775404044,0.9949162331553006,1.658193721925503,0.3316387443851009,1.3265549775404044,1.071448251090326,0.6377668161251941,1.1990016143153657,0.9438948878652871,2.423513901275738,1.836768430440559,0.12755336322503882,1.4796190134104505
24031700819,1.0204269058003106,0.8163415246402483,1.1224695963803422,1.3520656501854145,0.2806173990950853,0.5357241255451635,0.25510672645007765,1.2755336322503883,0.765320179350233,1.4796190134104497,0.3316387443851009,1.1734909416703594,0.9694055605102948,0.5612347981901706,1.224512286960372,0.5102134529001553,2.015343138955611,1.6326830492804967,0.1530640358700466,0.5612347981901709
24031700820,1.7092150672155204,0.8163415246402483,1.1224695963803413,1.3265549775404044,0.20408538116006208,0.5102134529001553,0.2806173990950853,1.403086995475427,1.0459375784453206,1.5816617039904803,0.43368143496513206,1.3010443048953964,1.0204269058003106,0.6887881614152095,1.199001614315364,0.8673628699302641,2.3724925559857213,1.7602364125055354,0.1530640358700465,1.2755336322503887
24031700822,1.5051296860554577,0.8673628699302637,1.1734909416703576,1.224512286960372,0.25510672645007765,0.5102134529001553,0.306128071740093,1.2755336322503883,0.8418521972852555,1.5561510313454723,0.40817076232012417,1.3265549775404026,1.0204269058003106,0.6887881614152099,1.250022959605382,0.7398095067052253,2.3724925559857213,1.6837043945705128,0.1530640358700466,0.9438948878652875
24031700823,0.8163415246402483,0.918384215220279,1.1990016143153648,1.250022959605382,0.3571494170301088,0.4591921076101395,0.3316387443851009,1.2245122869603755,0.6122561434801878,1.4285976681204333,0.4847027802551475,1.0969589237353332,0.9949162331553034,0.6377668161251941,1.3010443048953946,0.43368143496513184,2.16840717482566,1.5051296860554586,0.1785747085150544,0.4847027802551474
24031700824,0.3826600896751165,0.918384215220279,1.1479802690253493,1.403086995475427,0.3826600896751165,0.4847027802551476,0.25510672645007765,1.1734909416703594,0.5102134529001553,1.3775763228304208,0.3061280717400932,0.9949162331553043,0.9949162331553024,0.5102134529001553,1.3010443048953964,0.3061280717400932,1.8112577577955535,1.4796190134104505,0.12755336322503882,0.43368143496513195
24031700826,0.45919210761013984,0.9438948878652871,1.1479802690253493,1.3010443048953946,0.40817076232012417,0.4591921076101395,0.28061739909508543,1.1734909416703594,0.48470278025514896,1.4541083407654434,0.28061739909508543,0.9694055605102944,0.994916233155303,0.4847027802551474,1.3010443048953946,0.25510672645007765,1.9388111210205887,1.4285976681204342,0.12755336322503877,0.25510672645007765
24031700828,0.5612347981901707,0.9183842152202799,1.199001614315364,1.2755336322503883,0.3826600896751167,0.45919210761013995,0.3061280717400932,1.0969589237353332,0.5357241255451652,1.505129686055456,0.3571494170301088,0.9183842152202781,0.9438948878652871,0.5612347981901706,1.3010443048953964,0.3061280717400931,1.8877897757305762,1.3520656501854118,0.1530640358700466,0.28061739909508543
24031700829,0.5867454708351786,0.8928735425752717,1.1479802690253493,1.3265549775404044,0.3061280717400932,0.4591921076101395,0.25510672645007765,1.1990016143153657,0.5612347981901715,1.4285976681204333,0.3061280717400931,1.071448251090327,0.918384215220279,0.5612347981901709,1.3265549775404026,0.3571494170301088,2.0663644842456277,1.3775763228304199,0.12755336322503882,0.535724125545163
24031700830,0.892873542575272,0.6887881614152095,1.096958923735334,1.3520656501854145,0.1785747085150544,0.5102134529001553,0.1785747085150544,1.3010443048953981,0.7908308519952393,1.5816617039904821,0.25510672645007765,1.2245122869603737,0.9438948878652871,0.5102134529001553,1.1734909416703558,0.5867454708351788,1.9643217936655986,1.6071723766354893,0.12755336322503882,0.6377668161251941
24031700832,1.785747085150544,0.8163415246402483,1.1224695963803422,1.2755336322503883,0.25510672645007765,0.5102134529001553,0.25510672645007765,1.3010443048953981,0.8928735425752717,1.6071723766354884,0.3571494170301088,1.2755336322503883,0.9694055605102952,0.6887881614152095,1.2245122869603737,0.7908308519952411,2.040853811600621,1.683704394570512,0.1530640358700466,0.9694055605102952
24031700833,1.6581937219255052,0.7908308519952402,1.096958923735335,1.2755336322503883,0.22959605380506998,0.4847027802551476,0.28061739909508554,1.3265549775404009,0.9438948878652844,1.6326830492804985,0.3826600896751165,1.25002295960538,0.9438948878652871,0.6632774887702018,1.224512286960372,0.7398095067052248,2.321471210695705,1.6071723766354884,0.1530640358700465,0.8418521972852564
24031700834,1.3520656501854114,0.8673628699302646,1.1734909416703567,1.3010443048953946,0.20408538116006208,0.5612347981901706,0.25510672645007765,1.3010443048953981,0.9183842152202781,1.6581937219255047,0.3826600896751165,1.3010443048953964,1.0459375784453186,0.6887881614152095,1.2755336322503883,0.8673628699302641,2.3469818833407152,1.7347257398605274,0.1785747085150544,1.2755336322503883
24031700835,0.7908308519952408,0.8928735425752717,1.1734909416703567,1.224512286960372,0.2806173990950853,0.4847027802551476,0.28061739909508554,1.1734909416703558,0.6632774887702004,1.505129686055456,0.3571494170301088,1.0969589237353332,0.9183842152202799,0.6632774887702018,1.2755336322503883,0.4847027802551476,1.9643217936655986,1.4796190134104505,0.1530640358700466,0.5102134529001553
24031700836,0.5102134529001553,0.765320179350233,1.071448251090327,1.3265549775404044,0.25510672645007765,0.45919210761013973,0.20408538116006208,1.224512286960372,0.561234798190168,1.4541083407654434,0.22959605380506987,1.0204269058003106,0.9438948878652871,0.5102134529001553,1.25002295960538,0.331638744385101,1.9133004483755824,1.428597668120435,0.12755336322503888,0.3316387443851009
24031700837,1.0969589237353337,0.6632774887702022,1.0204269058003106,1.4285976681204333,0.1785747085150544,0.43368143496513184,0.1785747085150544,1.352065650185411,0.8928735425752717,1.5051296860554595,0.22959605380506987,1.1479802690253493,0.8928735425752713,0.4847027802551474,1.2245122869603737,0.5357241255451632,2.0663644842456312,1.5051296860554577,0.0765320179350233,0.4847027802551475
24031700838,0.663277488770202,0.6632774887702022,0.9438948878652871,1.3775763228304208,0.22959605380506998,0.5102134529001553,0.1530640358700466,1.3265549775404044,0.7908308519952393,1.4541083407654434,0.20408538116006208,1.1224695963803395,1.0459375784453186,0.3826600896751165,1.1479802690253493,0.45919210761013995,2.015343138955611,1.4541083407654425,0.07653201793502325,0.40817076232012417
24031700839,0.535724125545163,0.6632774887702018,0.9694055605102952,1.3775763228304208,0.2040853811600623,0.45919210761013973,0.1530640358700465,1.3265549775404044,0.6632774887702041,1.530640358700466,0.20408538116006208,1.0459375784453169,0.994916233155303,0.3826600896751165,1.199001614315364,0.3316387443851011,1.8112577577955535,1.403086995475427,0.0765320179350233,0.28061739909508543
24031700901,0.8928735425752715,0.8928735425752717,1.1224695963803413,1.0459375784453169,0.3316387443851009,0.4847027802551476,0.3316387443851009,1.122469596380343,0.7142988340602167,1.530640358700466,0.40817076232012417,1.1479802690253493,0.9694055605102952,0.612256143480186,1.224512286960372,0.5102134529001553,2.2194285201156765,1.4541083407654425,0.17857470851505428,0.765320179350233
24031700902,1.3520656501854118,0.8673628699302637,1.1479802690253493,1.2245122869603755,0.2806173990950853,0.5102134529001553,0.3061280717400932,1.3010443048953981,0.8418521972852592,1.6326830492804985,0.3826600896751165,1.1990016143153657,0.9694055605102944,0.6377668161251941,1.224512286960372,0.5867454708351786,2.16840717482566,1.6326830492804967,0.1530640358700466,0.6632774887702018
24031700903,1.3520656501854118,0.7653201793502324,1.0969589237353332,1.3265549775404044,0.20408538116006208,0.535724125545163,0.25510672645007776,1.3775763228304172,0.9694055605102944,1.5816617039904821,0.3061280717400932,1.2755336322503883,1.071448251090326,0.5357241255451635,1.1990016143153657,0.7142988340602175,2.2194285201156765,1.7347257398605274,0.12755336322503882,0.9183842152202799
24031700904,1.3775763228304194,0.7142988340602175,1.0459375784453178,1.2755336322503883,0.20408538116006208,0.4847027802551472,0.25510672645007776,1.3775763228304208,1.071448251090327,1.556151031345474,0.35714941703010855,1.2755336322503883,1.0459375784453186,0.5612347981901711,1.199001614315364,0.7142988340602175,2.2449391927606825,1.5816617039904812,0.1530640358700465,1.1224695963803417
24031700905,0.969405560510295,0.7908308519952411,1.096958923735334,1.3010443048953946,0.35714941703010855,0.45919210761013995,0.3826600896751165,1.2755336322503883,0.8673628699302655,1.4796190134104497,0.5102134529001552,1.0969589237353332,0.8928735425752713,0.5102134529001553,1.224512286960372,0.5102134529001554,2.1173858295356474,1.3010443048953955,0.22959605380506987,0.3316387443851009
24031701001,0.765320179350233,0.9438948878652881,1.1479802690253493,1.1990016143153657,0.3826600896751165,0.4847027802551476,0.3316387443851009,1.1734909416703594,0.6122561434801878,1.4541083407654396,0.43368143496513184,1.0969589237353332,0.9694055605102952,0.6632774887702018,1.2755336322503883,0.43368143496513184,2.0918751568906373,1.4796190134104505,0.17857470851505428,0.5867454708351786
24031701002,0.535724125545163,1.096958923735334,1.2755336322503874,1.1990016143153657,0.4591921076101395,0.4847027802551476,0.3826600896751165,1.0459375784453206,0.45919210761013907,1.3265549775404044,0.40817076232012417,0.9694055605102979,0.994916233155303,0.6377668161251941,1.352065650185411,0.2806173990950853,1.9898324663106048,1.4796190134104505,0.1785747085150544,0.25510672645007765
24031701004,0.8163415246402486,1.0204269058003106,1.2245122869603737,1.250022959605382,0.3826600896751167,0.535724125545163,0.3826600896751165,1.1734909416703594,0.6632774887702004,1.4541083407654434,0.535724125545163,1.0459375784453169,1.071448251090326,0.612256143480186,1.3010443048953964,0.45919210761013973,2.0918751568906373,1.530640358700466,0.1785747085150544,0.3826600896751165
24031701005,0.6887881614152097,1.0204269058003106,1.2245122869603737,1.2755336322503883,0.40817076232012417,0.4847027802551476,0.3571494170301088,1.122469596380343,0.5867454708351815,1.4541083407654434,0.4847027802551476,0.9694055605102944,0.9949162331553024,0.6122561434801864,1.352065650185411,0.3826600896751165,2.0663644842456277,1.5051296860554586,0.1785747085150544,0.5102134529001554
24031701006,0.45919210761013984,0.9949162331553024,1.1990016143153657,1.1479802690253493,0.45919210761013995,0.43368143496513206,0.3571494170301088,0.9949162331553043,0.4081707623201228,1.4285976681204333,0.3826600896751165,0.9183842152202781,0.8673628699302637,0.5867454708351784,1.352065650185411,0.2806173990950853,1.8877897757305724,1.3010443048953964,0.1785747085150544,0.40817076232012417
24031701007,0.7142988340602173,0.8673628699302646,1.1224695963803422,1.3010443048953981,0.3061280717400932,0.4847027802551476,0.25510672645007765,1.1990016143153621,0.6377668161251941,1.4541083407654434,0.3316387443851009,1.0459375784453206,0.9694055605102952,0.5102134529001553,1.2755336322503883,0.3826600896751166,1.9898324663106086,1.4541083407654425,0.12755336322503882,0.43368143496513206
24031701101,1.301044304895396,0.8673628699302646,1.1224695963803413,1.3010443048953946,0.3316387443851009,0.45919210761013995,0.3061280717400932,1.2755336322503883,0.8163415246402492,1.5816617039904821,0.43368143496513195,1.1734909416703594,0.9694055605102952,0.612256143480186,1.224512286960372,0.5357241255451632,2.321471210695705,1.530640358700466,0.1530640358700466,0.7908308519952406
24031701102,1.1990016143153652,0.8418521972852564,1.1224695963803413,1.3010443048953946,0.2806173990950853,0.4847027802551476,0.2806173990950853,1.3265549775404044,0.7908308519952428,1.5816617039904803,0.3826600896751165,1.224512286960372,1.0204269058003106,0.5612347981901706,1.2755336322503883,0.535724125545163,2.16840717482566,1.5561510313454732,0.1530640358700465,1.1479802690253493
24031701201,1.4285976681204346,0.8673628699302646,1.1479802690253502,1.2755336322503883,0.28061739909508554,0.5102134529001553,0.3316387443851009,1.3265549775404044,0.9183842152202817,1.5561510313454723,0.45919210761013995,1.2245122869603737,1.0459375784453186,0.612256143480186,1.2755336322503883,0.6377668161251941,2.321471210695705,1.6326830492804976,0.1785747085150544,0.7398095067052253
24031701202,0.4081707623201244,1.0459375784453186,1.1990016143153648,1.2755336322503883,0.45919210761013995,0.4847027802551476,0.2806173990950853,1.071448251090327,0.4336814349651291,1.2755336322503883,0.3316387443851009,0.8928735425752717,1.0204269058003106,0.5102134529001555,1.352065650185411,0.22959605380506987,1.9133004483755824,1.4796190134104505,0.12755336322503882,0.25510672645007765
24031701205,0.5357241255451631,0.9438948878652871,1.096958923735335,1.3265549775404044,0.43368143496513184,0.4847027802551476,0.3316387443851009,1.1479802690253493,0.48470278025514896,1.352065650185411,0.3826600896751166,0.8928735425752717,0.9694055605102952,0.5102134529001553,1.3010443048953964,0.28061739909508543,1.862279103085566,1.3775763228304199,0.1530640358700466,0.3826600896751165
24031701206,0.535724125545163,0.9694055605102952,1.1734909416703576,1.224512286960372,0.40817076232012417,0.45919210761013995,0.35714941703010855,1.1479802690253493,0.5357241255451652,1.403086995475427,0.3826600896751166,0.9183842152202781,0.9183842152202795,0.5867454708351788,1.3010443048953964,0.28061739909508543,1.9388111210205887,1.3265549775404035,0.17857470851505428,0.22959605380506992
24031701210,0.35714941703010866,0.9438948878652871,1.1479802690253493,1.1990016143153657,0.4336814349651323,0.4591921076101395,0.3061280717400932,1.0459375784453206,0.4081707623201228,1.352065650185411,0.2806173990950853,0.9183842152202781,0.8928735425752717,0.5357241255451635,1.3265549775404026,0.2040853811600622,1.9388111210205923,1.3010443048953964,0.12755336322503882,0.3061280717400932
24031701211,0.5867454708351786,0.7908308519952411,1.096958923735334,1.2755336322503883,0.2806173990950853,0.45919210761013995,0.22959605380506976,1.2245122869603755,0.6122561434801878,1.4541083407654434,0.25510672645007765,1.071448251090327,0.9438948878652871,0.535724125545163,1.25002295960538,0.3571494170301088,2.040853811600621,1.403086995475427,0.12755336322503882,0.3826600896751164
24031701212,0.6632774887702018,0.9949162331553024,1.1734909416703567,1.2755336322503883,0.4336814349651323,0.4847027802551476,0.35714941703010855,1.1479802690253493,0.5612347981901715,1.3775763228304172,0.45919210761013973,1.071448251090327,0.9694055605102952,0.5867454708351784,1.3265549775404026,0.35714941703010866,2.0153431389556147,1.4796190134104505,0.1785747085150544,0.5102134529001553
24031701214,0.5612347981901709,0.7142988340602171,0.9949162331553024,1.2755336322503883,0.28061739909508554,0.45919210761013995,0.2040853811600622,1.3010443048953946,0.6632774887702041,1.352065650185411,0.2040853811600622,1.0459375784453206,1.0459375784453178,0.3826600896751165,1.1990016143153657,0.3061280717400932,1.8877897757305762,1.4796190134104505,0.10204269058003104,0.3826600896751166
24031701215,0.765320179350233,0.8928735425752717,1.1224695963803413,1.1734909416703558,0.3571494170301088,0.5102134529001553,0.3316387443851009,1.1734909416703558,0.6887881614152104,1.403086995475427,0.45919210761013973,1.0969589237353332,1.071448251090326,0.5357241255451632,1.2755336322503883,0.43368143496513206,2.015343138955611,1.4541083407654425,0.17857470851505428,0.7908308519952406
24031701216,0.7142988340602173,0.7908308519952411,1.0204269058003106,1.2245122869603755,0.3061280717400932,0.4591921076101395,0.25510672645007754,1.1990016143153657,0.6377668161251941,1.3520656501854145,0.3061280717400931,1.0969589237353332,0.994916233155303,0.45919210761013973,1.25002295960538,0.35714941703010866,1.862279103085566,1.403086995475427,0.12755336322503882,0.3316387443851009
24031701218,0.7908308519952408,0.9949162331553024,1.1990016143153657,0.9949162331553043,0.45919210761013995,0.4847027802551476,0.45919210761013973,1.0714482510903232,0.6122561434801878,1.352065650185411,0.5102134529001552,1.122469596380343,0.9694055605102952,0.6377668161251941,1.25002295960538,0.3826600896751165,2.0153431389556147,1.530640358700466,0.25510672645007765,0.6122561434801862
24031701219,1.096958923735334,0.6377668161251941,0.9949162331553024,1.4541083407654416,0.1530640358700466,0.5102134529001553,0.1530640358700466,1.403086995475427,0.9949162331553043,1.6071723766354884,0.22959605380506998,1.2755336322503883,1.0459375784453178,0.45919210761013995,1.2245122869603728,0.6887881614152099,2.321471210695705,1.6326830492804967,0.1020426905800311,1.0204269058003106
24031701220,0.45919210761013973,0.8928735425752717,1.1990016143153648,1.224512286960372,0.3316387443851011,0.40817076232012417,0.2806173990950853,1.122469596380343,0.48470278025514896,1.4796190134104532,0.2806173990950853,0.9949162331553006,0.8418521972852564,0.612256143480186,1.3265549775404044,0.28061739909508543,2.0918751568906373,1.2245122869603728,0.12755336322503882,0.3571494170301088
24031701221,0.6377668161251941,0.9183842152202799,1.1734909416703576,1.224512286960372,0.3316387443851009,0.45919210761013973,0.3316387443851009,1.122469596380343,0.6632774887702004,1.5816617039904821,0.4081707623201243,1.122469596380343,0.8928735425752717,0.6887881614152099,1.3010443048953964,0.43368143496513206,2.19391784747067,1.352065650185411,0.1530640358700466,0.4847027802551476
24031701222,0.5867454708351786,1.071448251090326,1.2245122869603728,1.1479802690253493,0.4591921076101395,0.4847027802551476,0.3571494170301088,1.0969589237353332,0.48470278025514896,1.3265549775404044,0.45919210761013973,0.9694055605102944,0.9949162331553034,0.5867454708351788,1.3265549775404044,0.3061280717400931,1.8877897757305724,1.4541083407654425,0.2040853811600622,0.45919210761013984
24031701223,0.7142988340602173,0.765320179350233,1.0204269058003106,1.403086995475427,0.3061280717400932,0.5102134529001553,0.20408538116006208,1.3265549775404044,0.7142988340602167,1.403086995475427,0.2806173990950853,1.0459375784453206,1.096958923735334,0.3826600896751165,1.224512286960372,0.3826600896751165,1.9643217936655986,1.5051296860554586,0.0765320179350233,0.3316387443851009
24031701303,0.5612347981901709,1.096958923735334,1.25002295960538,1.1479802690253493,0.4847027802551476,0.4847027802551476,0.3826600896751165,1.0714482510903232,0.5357241255451616,1.3265549775404044,0.45919210761013973,0.9694055605102944,0.9949162331553024,0.6377668161251941,1.3265549775404044,0.3316387443851009,1.9898324663106048,1.4796190134104505,0.2040853811600622,0.3826600896751165
24031701304,0.5867454708351786,1.071448251090327,1.2500229596053811,1.1734909416703594,0.4336814349651323,0.5102134529001553,0.3316387443851011,1.0969589237353332,0.5357241255451616,1.3265549775404044,0.43368143496513195,0.9949162331553006,1.0459375784453186,0.5867454708351788,1.3010443048953964,0.331638744385101,1.9388111210205887,1.5561510313454732,0.1785747085150544,0.3826600896751164
24031701306,0.45919210761013973,0.9949162331553024,1.1734909416703576,1.2755336322503883,0.43368143496513184,0.4847027802551476,0.3061280717400932,1.0969589237353332,0.48470278025514896,1.3775763228304208,0.3571494170301088,0.9438948878652844,0.9949162331553024,0.535724125545163,1.3265549775404044,0.3061280717400932,1.8877897757305762,1.4796190134104505,0.1530640358700465,0.40817076232012417
24031701307,0.45919210761013995,0.8673628699302646,1.1479802690253493,1.3010443048953946,0.3316387443851011,0.4847027802551476,0.22959605380506987,1.1479802690253493,0.48470278025514896,1.4541083407654396,0.28061739909508543,1.071448251090327,0.9183842152202795,0.5612347981901711,1.3010443048953946,0.2806173990950853,1.9898324663106048,1.4541083407654425,0.10204269058003104,0.6122561434801864
24031701308,0.5357241255451632,0.9438948878652871,1.1734909416703567,1.1990016143153657,0.3826600896751165,0.45919210761013995,0.3061280717400932,1.122469596380343,0.5102134529001553,1.403086995475427,0.3316387443851009,1.0714482510903232,0.8928735425752717,0.5867454708351788,1.3010443048953964,0.3061280717400932,2.0153431389556147,1.4285976681204342,0.12755336322503882,0.5357241255451632
24031701312,0.7142988340602173,1.0459375784453178,1.224512286960372,1.2755336322503883,0.3826600896751165,0.535724125545163,0.3571494170301088,1.1734909416703594,0.6377668161251941,1.4796190134104532,0.535724125545163,1.0204269058003106,1.071448251090326,0.6377668161251941,1.3010443048953964,0.43368143496513206,2.040853811600621,1.5816617039904812,0.1785747085150544,0.28061739909508543
24031701313,0.8163415246402483,1.0204269058003106,1.2755336322503874,1.2755336322503883,0.3826600896751162,0.535724125545163,0.3826600896751165,1.1734909416703594,0.6632774887702041,1.3775763228304172,0.5612347981901709,1.0459375784453169,1.071448251090326,0.6632774887702022,1.3010443048953964,0.45919210761013973,1.8877897757305762,1.6071723766354884,0.20408538116006208,0.5867454708351788
24031701314,0.6377668161251941,0.9183842152202799,1.1479802690253502,1.2500229596053782,0.3571494170301088,0.4847027802551476,0.25510672645007765,1.1479802690253493,0.5612347981901715,1.3520656501854145,0.331638744385101,0.9694055605102944,0.9694055605102952,0.5612347981901711,1.2755336322503883,0.3571494170301088,1.8367684304405598,1.530640358700466,0.1530640358700466,0.22959605380506992
24031701315,0.5612347981901709,0.9694055605102952,1.1734909416703567,1.224512286960372,0.33163874438510066,0.5102134529001553,0.3061280717400932,1.1479802690253493,0.5867454708351779,1.4285976681204333,0.3826600896751165,1.122469596380343,1.0204269058003106,0.5867454708351788,1.2755336322503883,0.45919210761013995,1.9898324663106086,1.6071723766354884,0.1530640358700466,0.5867454708351786
24031701316,0.5102134529001553,0.9949162331553034,1.2245122869603737,1.1224695963803395,0.4336814349651323,0.5102134529001553,0.3571494170301088,1.071448251090327,0.48470278025514896,1.3775763228304208,0.3826600896751165,1.0459375784453169,0.9694055605102952,0.5867454708351784,1.3265549775404044,0.3061280717400932,1.9643217936655986,1.4796190134104505,0.1785747085150544,0.5867454708351786
24031701317,0.4847027802551476,0.9949162331553024,1.199001614315364,1.250022959605382,0.40817076232012417,0.5102134529001553,0.3061280717400932,1.1479802690253493,0.5357241255451616,1.403086995475427,0.3826600896751166,1.0969589237353332,1.0204269058003106,0.5867454708351784,1.3010443048953964,0.3061280717400931,2.0918751568906373,1.556151031345474,0.1530640358700466,0.6122561434801864
24031701407,0.6377668161251941,1.0204269058003106,1.25002295960538,1.122469596380343,0.3826600896751165,0.5102134529001553,0.3316387443851009,1.071448251090327,0.48470278025514535,1.352065650185411,0.3826600896751164,1.0459375784453206,0.9438948878652875,0.6632774887702018,1.2755336322503883,0.4081707623201244,1.862279103085566,1.5816617039904812,0.17857470851505428,0.5102134529001553
24031701408,0.6122561434801864,0.9438948878652881,1.1990016143153657,1.1479802690253493,0.3571494170301088,0.4847027802551476,0.306128071740093,1.122469596380343,0.5357241255451616,1.4796190134104497,0.3316387443851009,1.1734909416703558,0.9438948878652871,0.6377668161251941,1.2755336322503883,0.35714941703010855,2.16840717482566,1.530640358700466,0.1530640358700466,0.765320179350233
24031701409,0.45919210761013973,0.9438948878652871,1.1990016143153657,1.122469596380343,0.35714941703010855,0.4847027802551476,0.2806173990950853,1.071448251090327,0.48470278025514535,1.352065650185411,0.25510672645007776,1.0969589237353332,0.8928735425752717,0.6122561434801864,1.2755336322503883,0.3316387443851011,1.9898324663106048,1.4796190134104497,0.12755336322503882,0.4847027802551476
24031701414,0.8418521972852564,0.9438948878652871,1.224512286960372,1.122469596380343,0.3316387443851011,0.535724125545163,0.306128071740093,1.0969589237353368,0.5867454708351779,1.505129686055456,0.3826600896751166,1.2755336322503883,0.9183842152202799,0.7142988340602175,1.3010443048953964,0.6122561434801864,1.9388111210205887,1.6326830492804976,0.1785747085150544,0.8928735425752717
24031701415,0.7653201793502332,0.9438948878652881,1.224512286960372,1.0969589237353332,0.3061280717400932,0.5102134529001553,0.306128071740093,1.071448251090327,0.561234798190168,1.3775763228304208,0.331638744385101,1.0969589237353332,0.8928735425752717,0.6632774887702018,1.3010443048953964,0.4847027802551474,1.9388111210205923,1.6071723766354893,0.1785747085150544,0.5102134529001553
24031701417,1.071448251090326,0.8163415246402483,1.1990016143153657,1.3265549775404044,0.17857470851505428,0.6122561434801864,0.25510672645007765,1.224512286960372,0.8673628699302618,1.5561510313454723,0.3826600896751165,1.2755336322503883,1.0459375784453186,0.6377668161251941,1.1734909416703576,0.9438948878652875,2.0663644842456277,1.8112577577955518,0.17857470851505428,0.8163415246402486
24031701418,0.8673628699302641,0.8928735425752717,1.2245122869603737,1.1990016143153621,0.25510672645007765,0.5612347981901711,0.28061739909508543,1.0969589237353332,0.6632774887702004,1.4796190134104532,0.3316387443851009,1.250022959605382,0.9438948878652871,0.6887881614152095,1.2755336322503883,0.6377668161251941,1.9898324663106086,1.6837043945705128,0.17857470851505428,0.5102134529001553
24031701422,1.2500229596053807,0.7908308519952411,1.25002295960538,1.403086995475427,0.1530640358700466,0.6122561434801864,0.2040853811600622,1.2500229596053782,0.9183842152202781,1.6071723766354884,0.3316387443851009,1.352065650185411,1.0204269058003106,0.6377668161251941,1.1734909416703576,1.0459375784453182,2.0663644842456312,1.9133004483755824,0.1785747085150544,1.1224695963803417
24031701423,0.8928735425752717,0.8928735425752717,1.3010443048953964,1.224512286960372,0.20408538116006208,0.6377668161251941,0.25510672645007765,1.1479802690253493,0.7142988340602167,1.530640358700464,0.35714941703010855,1.25002295960538,1.0459375784453178,0.7142988340602175,1.250022959605382,0.8163415246402483,1.8877897757305724,1.8877897757305742,0.1785747085150544,0.9183842152202795
24031701424,1.096958923735334,0.9438948878652871,1.199001614315364,1.0714482510903232,0.3316387443851009,0.5102134529001553,0.3571494170301088,1.122469596380343,0.6377668161251941,1.4796190134104497,0.43368143496513206,1.224512286960372,0.8928735425752717,0.765320179350233,1.2755336322503883,0.6122561434801864,1.9643217936655986,1.6326830492804967,0.22959605380506987,0.8163415246402488
24031701425,0.9438948878652871,1.4796190134104514,1.6326830492804985,0.9438948878652844,0.6632774887702018,0.535724125545163,0.8673628699302641,0.8673628699302655,0.45919210761013907,1.3775763228304172,0.9438948878652873,1.0459375784453206,0.8673628699302641,0.9694055605102952,1.403086995475427,0.5357241255451632,1.9133004483755824,1.6071723766354893,0.4847027802551475,0.7908308519952408
24031701426,0.8673628699302641,0.8673628699302646,1.199001614315364,1.250022959605382,0.22959605380506998,0.5867454708351788,0.22959605380506998,1.1734909416703558,0.7142988340602167,1.5051296860554595,0.3316387443851009,1.1990016143153621,0.9694055605102952,0.6377668161251941,1.250022959605382,0.7142988340602175,1.9898324663106048,1.70921506721552,0.1530640358700465,0.8418521972852562
24031701427,0.7908308519952408,0.8673628699302646,1.2500229596053811,1.2500229596053782,0.22959605380506998,0.535724125545163,0.22959605380506987,1.1734909416703558,0.6887881614152104,1.4541083407654434,0.3061280717400932,1.1734909416703558,0.9183842152202799,0.6632774887702022,1.2755336322503883,0.6122561434801864,1.964321793665595,1.683704394570512,0.1530640358700466,0.5612347981901709
24031701503,0.994916233155303,0.9694055605102952,1.2245122869603737,1.0459375784453206,0.3316387443851009,0.5102134529001553,0.3316387443851011,1.122469596380343,0.6122561434801878,1.403086995475427,0.3826600896751165,1.122469596380343,0.8928735425752717,0.6887881614152099,1.2755336322503883,0.5102134529001551,1.862279103085566,1.6071723766354893,0.1785747085150544,0.6632774887702018
24031701505,0.9183842152202795,0.8673628699302637,1.1990016143153657,1.224512286960372,0.25510672645007765,0.5612347981901711,0.28061739909508554,1.1734909416703594,0.6887881614152104,1.5306403587004678,0.3061280717400932,1.25002295960538,0.9694055605102948,0.6632774887702022,1.250022959605382,0.6377668161251941,2.040853811600621,1.7602364125055354,0.1530640358700466,0.8163415246402486
24031701506,0.6377668161251939,0.9694055605102952,1.1990016143153657,1.0969589237353332,0.33163874438510066,0.5102134529001553,0.3316387443851009,1.0459375784453206,0.48470278025514535,1.352065650185411,0.3571494170301088,1.0969589237353332,0.9183842152202799,0.6632774887702018,1.3010443048953964,0.40817076232012417,1.9643217936655986,1.5561510313454732,0.1530640358700466,0.5102134529001553
24031701507,0.5102134529001553,1.0204269058003106,1.224512286960372,1.0714482510903232,0.3826600896751165,0.4591921076101395,0.3316387443851009,0.9949162331553006,0.4081707623201228,1.3010443048953981,0.3061280717400931,1.0204269058003106,0.8418521972852564,0.6632774887702018,1.3265549775404044,0.3061280717400932,1.862279103085566,1.4541083407654425,0.1530640358700466,0.4847027802551475
24031701508,1.2245122869603724,0.9438948878652871,1.3010443048953964,1.3010443048953981,0.1785747085150544,0.6377668161251941,0.28061739909508554,1.1990016143153657,0.9438948878652844,1.6326830492804967,0.4847027802551476,1.3520656501854127,1.071448251090327,0.7908308519952406,1.25002295960538,1.2755336322503883,2.16840717482566,1.9643217936655968,0.22959605380506987,1.0204269058003106
24031701509,1.6071723766354893,0.8673628699302646,1.1990016143153657,1.2755336322503883,0.20408538116006208,0.5867454708351784,0.2806173990950853,1.2500229596053782,0.8673628699302655,1.6071723766354884,0.40817076232012417,1.3265549775404026,1.0204269058003106,0.7398095067052253,1.2245122869603737,0.9949162331553024,2.16840717482566,1.862279103085566,0.17857470851505428,1.377576322830419
24031701601,1.5816617039904812,0.8418521972852555,1.1990016143153648,1.2755336322503883,0.17857470851505428,0.5612347981901711,0.25510672645007765,1.2755336322503883,1.0204269058003106,1.5816617039904803,0.40817076232012417,1.352065650185411,1.0204269058003106,0.6887881614152099,1.199001614315364,1.0459375784453182,2.040853811600621,1.836768430440558,0.1785747085150544,1.1990016143153648
24031701602,2.6275992824358,0.765320179350233,1.1479802690253493,1.3010443048953946,0.17857470851505428,0.5102134529001553,0.3316387443851009,1.428597668120437,1.3010443048953946,1.709215067215521,0.40817076232012417,1.352065650185411,0.994916233155303,0.7908308519952406,1.224512286960372,1.1734909416703572,2.6020886097907927,1.8112577577955518,0.1785747085150544,1.403086995475427
24031701701,0.8418521972852564,1.0459375784453186,1.250022959605382,1.1990016143153621,0.3826600896751165,0.535724125545163,0.3571494170301088,1.1734909416703594,0.6377668161251941,1.403086995475427,0.535724125545163,1.1479802690253493,1.0969589237353332,0.6632774887702018,1.2755336322503883,0.4847027802551474,2.14289650218065,1.70921506721552,0.2040853811600622,0.535724125545163
24031701702,1.2245122869603728,0.8418521972852555,1.1734909416703567,1.3775763228304208,0.2040853811600623,0.5612347981901706,0.25510672645007765,1.2500229596053782,0.7908308519952393,1.5816617039904821,0.3826600896751165,1.2245122869603737,1.0204269058003106,0.6122561434801864,1.1990016143153657,0.739809506705225,2.1173858295356474,1.7857470851505426,0.1530640358700466,0.6632774887702018
24031701703,1.1224695963803417,0.918384215220279,1.199001614315364,1.2755336322503883,0.25510672645007765,0.5102134529001553,0.3061280717400932,1.224512286960372,0.765320179350233,1.5051296860554595,0.43368143496513195,1.1734909416703558,0.9949162331553024,0.6377668161251941,1.2755336322503883,0.6377668161251941,1.862279103085566,1.6581937219255056,0.17857470851505428,0.7653201793502332
24031701704,0.841852197285256,0.9438948878652871,1.1734909416703567,1.3010443048953946,0.3571494170301088,0.535724125545163,0.28061739909508554,1.1734909416703558,0.6632774887702004,1.428597668120437,0.4081707623201243,1.0969589237353332,1.0204269058003106,0.6122561434801864,1.3265549775404026,0.5102134529001553,1.9388111210205887,1.70921506721552,0.1785747085150544,0.7142988340602175
24031701800,0.7398095067052253,1.071448251090326,1.3010443048953964,1.1990016143153621,0.35714941703010855,0.535724125545163,0.35714941703010855,1.0969589237353332,0.5612347981901715,1.5051296860554595,0.4847027802551474,1.1990016143153657,0.994916233155303,0.7398095067052253,1.2755336322503883,0.5867454708351786,2.117385829535644,1.7602364125055354,0.20408538116006208,0.765320179350233
24031701900,2.0918751568906364,0.8163415246402483,1.1734909416703576,1.3265549775404044,0.1785747085150544,0.5612347981901706,0.3061280717400932,1.4541083407654434,1.224512286960372,1.6326830492804967,0.5102134529001553,1.3265549775404044,1.1734909416703576,0.6887881614152095,1.224512286960372,1.1734909416703567,2.5510672645007766,1.9133004483755824,0.1785747085150544,1.454108340765443
24031702000,2.3980032286307296,0.8163415246402483,1.1734909416703567,1.2755336322503883,0.1785747085150544,0.535724125545163,0.3316387443851009,1.3775763228304208,1.1479802690253493,1.6837043945705128,0.40817076232012417,1.2755336322503883,1.071448251090326,0.7908308519952411,1.250022959605382,1.1224695963803413,2.50004591921076,1.836768430440559,0.1785747085150544,1.6071723766354893
24031702101,1.6581937219255047,0.8928735425752717,1.1990016143153657,1.0969589237353332,0.22959605380506998,0.5357241255451635,0.3316387443851009,1.250022959605382,0.8673628699302618,1.530640358700464,0.40817076232012417,1.2755336322503883,0.9694055605102948,0.7908308519952411,1.25002295960538,0.8928735425752717,2.015343138955611,1.7602364125055363,0.20408538116006208,1.0204269058003106
24031702102,0.6887881614152097,0.9694055605102952,1.1734909416703567,1.403086995475427,0.3826600896751162,0.5102134529001553,0.3061280717400932,1.2500229596053782,0.6377668161251941,1.4285976681204333,0.4081707623201243,0.9949162331553006,1.071448251090327,0.5102134529001551,1.3265549775404026,0.35714941703010866,1.8367684304405598,1.5051296860554586,0.15306403587004655,0.28061739909508543
24031702200,0.9183842152202797,0.9438948878652871,1.1479802690253484,1.352065650185411,0.3571494170301088,0.535724125545163,0.3061280717400932,1.1990016143153657,0.6887881614152104,1.403086995475427,0.45919210761013973,1.071448251090327,1.0204269058003106,0.5867454708351784,1.3265549775404044,0.45919210761013973,2.142896502180654,1.6326830492804976,0.1530640358700465,0.663277488770202
24031702301,1.9388111210205896,0.8163415246402483,1.1734909416703576,1.352065650185411,0.22959605380506976,0.535724125545163,0.28061739909508543,1.352065650185411,1.0459375784453169,1.5561510313454723,0.43368143496513206,1.25002295960538,1.0459375784453186,0.6632774887702018,1.224512286960372,0.9694055605102948,2.2959605380506987,1.836768430440559,0.17857470851505428,1.0204269058003106
24031702302,0.9949162331553026,0.9694055605102944,1.2500229596053811,1.3010443048953981,0.3316387443851009,0.5612347981901711,0.3316387443851009,1.1734909416703594,0.6632774887702004,1.4541083407654434,0.45919210761013973,1.1990016143153657,1.0459375784453178,0.6887881614152099,1.2755336322503883,0.6377668161251941,2.14289650218065,1.7602364125055363,0.17857470851505428,0.8418521972852562
24031702401,0.6887881614152097,0.9694055605102952,1.1734909416703567,1.250022959605382,0.40817076232012417,0.5102134529001553,0.28061739909508554,1.1734909416703558,0.5612347981901715,1.3775763228304208,0.3826600896751166,0.9438948878652881,1.0204269058003106,0.5612347981901706,1.3265549775404044,0.3826600896751166,1.8367684304405598,1.5816617039904812,0.1530640358700466,0.4847027802551475
24031702402,0.8163415246402483,0.8418521972852555,1.1734909416703576,1.3775763228304208,0.25510672645007765,0.5612347981901706,0.22959605380506987,1.250022959605382,0.6887881614152104,1.530640358700466,0.331638744385101,1.1990016143153657,0.9949162331553034,0.5612347981901706,1.25002295960538,0.5612347981901709,1.9388111210205887,1.6837043945705128,0.12755336322503882,0.765320179350233
24031702501,0.4847027802551476,0.5612347981901711,0.9183842152202799,1.5051296860554577,0.17857470851505428,0.5102134529001553,0.12755336322503877,1.3265549775404044,0.6632774887702041,1.4796190134104497,0.12755336322503888,1.0714482510903232,1.071448251090326,0.3061280717400932,1.1479802690253493,0.43368143496513184,1.683704394570511,1.5816617039904821,0.05102134529001552,0.4081707623201243
24031702502,0.9949162331553026,0.7142988340602171,1.0459375784453186,1.1479802690253493,0.20408538116006208,0.5867454708351788,0.1785747085150544,1.3010443048953981,0.8673628699302655,1.4285976681204333,0.2806173990950853,1.1734909416703576,1.071448251090326,0.4847027802551476,1.1479802690253493,0.7653201793502328,1.7347257398605274,1.70921506721552,0.12755336322503882,0.6122561434801862
24031702503,0.8163415246402488,0.6887881614152095,1.0204269058003106,1.224512286960372,0.22959605380506976,0.5357241255451635,0.1785747085150544,1.2755336322503883,0.8673628699302655,1.3775763228304208,0.28061739909508543,1.122469596380343,1.1224695963803413,0.40817076232012417,1.1734909416703567,0.6632774887702018,1.8112577577955498,1.6581937219255047,0.10204269058003104,0.43368143496513206
24031702602,0.9694055605102952,0.6377668161251941,0.9694055605102952,1.403086995475427,0.17857470851505428,0.5357241255451635,0.1530640358700466,1.3775763228304172,0.9949162331553006,1.5051296860554577,0.25510672645007765,1.1479802690253493,1.096958923735334,0.4081707623201244,1.1479802690253493,0.663277488770202,1.9388111210205887,1.5561510313454732,0.12755336322503882,0.6632774887702018
24031702603,0.8928735425752717,0.6377668161251941,0.9694055605102952,1.3265549775404044,0.17857470851505428,0.5612347981901711,0.1785747085150544,1.3265549775404044,0.8928735425752717,1.403086995475427,0.22959605380506998,1.0969589237353368,1.096958923735334,0.4081707623201244,1.1479802690253493,0.6377668161251941,1.683704394570511,1.6326830492804967,0.10204269058003104,0.45919210761013973
24031702604,1.0459375784453182,0.6122561434801864,0.9438948878652871,1.3265549775404044,0.1785747085150544,0.5612347981901711,0.12755336322503882,1.3775763228304172,1.0459375784453206,1.4796190134104497,0.22959605380506998,1.1990016143153657,1.1479802690253493,0.3826600896751165,1.1224695963803413,0.6887881614152099,1.8877897757305724,1.6071723766354893,0.10204269058003104,0.4847027802551476
24031702700,0.8928735425752715,0.8928735425752717,1.1734909416703567,1.250022959605382,0.2806173990950853,0.535724125545163,0.28061739909508554,1.224512286960372,0.7142988340602167,1.4796190134104514,0.3826600896751165,1.2245122869603737,1.0204269058003106,0.6377668161251941,1.2755336322503883,0.5867454708351788,2.040853811600621,1.70921506721552,0.1530640358700465,0.6122561434801862
24031702800,0.5102134529001553,0.7908308519952406,1.0459375784453186,1.2755336322503883,0.2806173990950853,0.4847027802551476,0.1785747085150544,1.1734909416703594,0.5867454708351779,1.352065650185411,0.22959605380506998,1.071448251090327,1.0204269058003106,0.43368143496513206,1.224512286960372,0.331638744385101,1.7602364125055372,1.530640358700466,0.1020426905800311,0.45919210761013973
24031702900,0.43368143496513206,0.9694055605102952,1.1734909416703567,1.2500229596053782,0.4081707623201246,0.4847027802551472,0.3061280717400932,1.0969589237353332,0.45919210761013907,1.3010443048953946,0.35714941703010866,0.9438948878652881,0.9694055605102948,0.5612347981901711,1.3265549775404044,0.2806173990950853,1.8112577577955498,1.530640358700466,0.12755336322503882,0.2551067264500776
24031703000,0.6632774887702018,0.8928735425752717,1.1224695963803413,1.3775763228304172,0.3316387443851011,0.5102134529001553,0.28061739909508554,1.250022959605382,0.6122561434801878,1.4796190134104497,0.35714941703010866,1.0459375784453206,1.0459375784453186,0.5102134529001553,1.3010443048953964,0.40817076232012417,1.9643217936655986,1.530640358700466,0.12755336322503882,0.5102134529001553
24031703100,1.0459375784453182,0.9183842152202799,1.1990016143153657,1.2245122869603755,0.306128071740093,0.5102134529001553,0.2806173990950853,1.1990016143153657,0.6632774887702041,1.4541083407654396,0.3571494170301088,1.1224695963803395,1.0204269058003106,0.6377668161251941,1.3010443048953964,0.5102134529001555,2.040853811600621,1.6581937219255047,0.1530640358700466,0.6122561434801862
24031703201,1.2245122869603728,0.8928735425752717,1.1479802690253484,1.2500229596053782,0.3316387443851009,0.45919210761013995,0.3571494170301088,1.250022959605382,0.739809506705223,1.4541083407654434,0.43368143496513195,1.122469596380343,0.9438948878652871,0.6632774887702018,1.3010443048953946,0.5357241255451632,2.2449391927606825,1.530640358700466,0.1530640358700466,0.7142988340602171
24031703202,0.7142988340602175,1.0459375784453186,1.224512286960372,1.1734909416703558,0.40817076232012417,0.4847027802551472,0.35714941703010855,1.1479802690253493,0.5612347981901715,1.4285976681204333,0.4847027802551475,1.1734909416703558,0.9949162331553024,0.6632774887702018,1.3010443048953964,0.3826600896751165,2.270449865405689,1.5051296860554586,0.20408538116006208,0.4847027802551475
24031703206,0.9183842152202795,0.9438948878652871,1.1734909416703567,1.1734909416703558,0.3061280717400932,0.5102134529001553,0.3061280717400932,1.1734909416703594,0.6377668161251941,1.352065650185411,0.3826600896751166,1.122469596380343,0.9183842152202799,0.6377668161251941,1.3010443048953964,0.4847027802551476,2.0663644842456277,1.530640358700466,0.1785747085150544,0.6377668161251941
24031703207,1.683704394570512,0.7908308519952411,1.071448251090326,1.1479802690253493,0.25510672645007765,0.5102134529001553,0.2806173990950853,1.3010443048953946,0.8928735425752717,1.5816617039904803,0.3316387443851009,1.25002295960538,0.9949162331553024,0.6377668161251941,1.224512286960372,0.7142988340602171,2.14289650218065,1.709215067215521,0.12755336322503882,1.096958923735334
24031703208,0.7908308519952406,0.9949162331553024,1.1734909416703576,1.1479802690253493,0.43368143496513184,0.5102134529001553,0.35714941703010855,1.1224695963803395,0.6632774887702041,1.3010443048953981,0.45919210761013984,1.0459375784453169,1.0459375784453178,0.5867454708351788,1.2755336322503883,0.4081707623201243,1.9388111210205887,1.5561510313454732,0.20408538116006208,0.535724125545163
24031703209,0.9694055605102948,0.8163415246402492,1.1479802690253493,1.0969589237353368,0.25510672645007765,0.5102134529001553,0.25510672645007765,1.1479802690253493,0.6887881614152104,1.530640358700466,0.3061280717400932,1.224512286960372,0.9694055605102952,0.5867454708351788,1.224512286960372,0.5357241255451632,2.040853811600621,1.6581937219255047,0.12755336322503882,0.739809506705225
24031703210,0.8163415246402486,0.8673628699302646,1.096958923735334,1.224512286960372,0.3061280717400932,0.4847027802551476,0.25510672645007765,1.1734909416703594,0.561234798190168,1.4541083407654434,0.28061739909508543,1.0204269058003106,0.9694055605102948,0.535724125545163,1.2755336322503883,0.4081707623201244,1.8877897757305762,1.530640358700466,0.10204269058003115,0.5102134529001553
24031703213,2.1173858295356447,0.7908308519952402,1.1479802690253502,1.3520656501854145,0.17857470851505428,0.612256143480186,0.25510672645007765,1.403086995475427,1.1734909416703558,1.6837043945705128,0.3826600896751165,1.3010443048953964,1.1479802690253493,0.6887881614152099,1.224512286960372,1.1224695963803417,2.3469818833407152,1.887789775730575,0.1530640358700466,1.2500229596053807
24031703214,2.066364484245629,0.8163415246402483,1.1734909416703576,1.2755336322503883,0.20408538116006208,0.5867454708351784,0.2806173990950853,1.352065650185411,1.122469596380343,1.6837043945705128,0.40817076232012417,1.352065650185411,1.071448251090326,0.7142988340602175,1.25002295960538,1.0459375784453182,2.3724925559857213,1.836768430440559,0.17857470851505428,1.3520656501854114
24031703215,1.454108340765443,0.918384215220279,1.199001614315364,1.1479802690253493,0.2806173990950853,0.535724125545163,0.3061280717400932,1.1990016143153657,0.765320179350233,1.556151031345474,0.43368143496513206,1.199001614315364,0.9949162331553024,0.7142988340602171,1.2245122869603737,0.7398095067052253,2.117385829535644,1.709215067215521,0.1785747085150544,0.9694055605102952
24031703216,0.9694055605102948,1.4796190134104497,1.556151031345474,0.8418521972852592,0.7142988340602175,0.5612347981901706,0.8673628699302637,0.7908308519952428,0.3826600896751165,1.3265549775404044,1.1990016143153648,1.3010443048953946,0.9438948878652875,1.2500229596053811,1.377576322830419,0.6377668161251939,2.040853811600621,1.7602364125055354,0.535724125545163,1.1990016143153648
24031703218,0.765320179350233,1.9898324663106048,1.9388111210205905,0.7908308519952393,1.1990016143153648,0.535724125545163,1.2755336322503883,0.5612347981901715,0.22959605380507134,1.1479802690253493,1.530640358700466,1.0459375784453169,0.8673628699302641,1.4030869954754266,1.556151031345474,0.45919210761013973,1.862279103085566,1.5051296860554577,0.7908308519952406,0.8418521972852564
24031703219,0.9949162331553026,2.015343138955613,1.9643217936655986,0.765320179350233,1.096958923735334,0.5612347981901709,1.377576322830419,0.5867454708351779,0.25510672645007765,1.1990016143153657,1.6837043945705124,1.1734909416703558,0.9183842152202795,1.4541083407654425,1.4796190134104514,0.5612347981901709,2.0663644842456277,1.6071723766354893,0.8418521972852564,1.0459375784453182
24031703220,0.9694055605102948,0.9694055605102952,1.224512286960372,1.0459375784453206,0.3571494170301088,0.535724125545163,0.35714941703010855,1.0459375784453206,0.5612347981901715,1.4285976681204333,0.43368143496513206,1.1990016143153657,0.9183842152202799,0.7398095067052248,1.2755336322503883,0.5357241255451632,2.040853811600621,1.6581937219255056,0.22959605380506998,0.9183842152202799
24031703221,0.7908308519952408,0.918384215220279,1.1990016143153648,1.250022959605382,0.28061739909508554,0.5357241255451635,0.3061280717400932,1.1479802690253493,0.6122561434801878,1.3775763228304208,0.3571494170301088,1.122469596380343,0.9438948878652875,0.6377668161251941,1.2755336322503883,0.4847027802551476,1.862279103085566,1.6326830492804967,0.1530640358700466,0.5357241255451632
24031703222,1.2755336322503883,0.9438948878652881,1.2245122869603737,1.1479802690253493,0.25510672645007765,0.535724125545163,0.3316387443851009,1.224512286960372,0.765320179350233,1.530640358700466,0.4081707623201244,1.25002295960538,0.9949162331553034,0.765320179350233,1.2755336322503883,0.6887881614152099,2.2704498654056926,1.7347257398605291,0.17857470851505428,0.994916233155303
24031703223,0.6377668161251941,0.8673628699302646,1.1734909416703567,1.2500229596053782,0.28061739909508554,0.4591921076101395,0.22959605380506998,1.1734909416703558,0.5357241255451652,1.4796190134104497,0.25510672645007765,1.122469596380343,0.8673628699302641,0.5867454708351788,1.2755336322503883,0.40817076232012417,1.9898324663106048,1.5051296860554577,0.12755336322503882,0.6122561434801862
24031703301,2.1939178474706678,0.765320179350233,1.096958923735334,1.3265549775404044,0.25510672645007765,0.4847027802551476,0.306128071740093,1.4285976681204333,0.9949162331553043,1.5561510313454758,0.331638744385101,1.1990016143153657,0.9694055605102952,0.6632774887702018,1.2755336322503883,0.7142988340602171,2.117385829535644,1.6326830492804967,0.1530640358700466,0.765320179350233
24031703302,1.70921506721552,0.8418521972852555,1.1734909416703576,1.1990016143153657,0.22959605380506976,0.5102134529001553,0.3061280717400932,1.3010443048953981,0.8928735425752717,1.6581937219255047,0.3826600896751165,1.3265549775404026,0.994916233155303,0.7142988340602175,1.25002295960538,0.7398095067052253,2.3469818833407152,1.6837043945705128,0.1530640358700466,1.0714482510903265
24031703401,2.066364484245629,0.8673628699302646,1.1734909416703576,1.2755336322503883,0.22959605380506998,0.5102134529001553,0.3061280717400932,1.3010443048953981,0.8673628699302655,1.6837043945705128,0.3316387443851009,1.3010443048953964,0.9949162331553024,0.7398095067052253,1.25002295960538,0.7398095067052253,2.16840717482566,1.683704394570512,0.1530640358700466,1.0969589237353337
24031703402,1.8367684304405594,0.8418521972852564,1.1224695963803413,1.3010443048953946,0.25510672645007765,0.4847027802551474,0.28061739909508554,1.352065650185411,0.9694055605102944,1.5816617039904821,0.331638744385101,1.2755336322503883,0.9438948878652875,0.6632774887702018,1.224512286960372,0.7142988340602175,2.0918751568906373,1.5816617039904821,0.1530640358700466,0.8673628699302639
24031703403,1.6581937219255047,0.7908308519952411,1.071448251090326,1.3010443048953946,0.22959605380506976,0.4591921076101395,0.25510672645007765,1.352065650185411,0.8928735425752717,1.5816617039904821,0.25510672645007765,1.250022959605382,0.9694055605102952,0.6377668161251941,1.250022959605382,0.663277488770202,2.19391784747067,1.6581937219255038,0.10204269058003104,0.7908308519952406
24031703404,2.780663318305847,0.8928735425752717,1.1990016143153648,1.352065650185411,0.20408538116006208,0.5357241255451635,0.3316387443851009,1.4796190134104497,1.250022959605382,1.709215067215521,0.4081707623201244,1.3520656501854127,1.0459375784453178,0.8163415246402483,1.25002295960538,1.096958923735334,2.321471210695705,1.8112577577955509,0.20408538116006208,1.0204269058003106
24031703501,1.6837043945705128,0.8673628699302637,1.1734909416703576,1.3010443048953946,0.22959605380506976,0.5102134529001553,0.28061739909508554,1.3265549775404044,0.8673628699302618,1.6326830492804985,0.3316387443851009,1.2755336322503883,0.9694055605102948,0.6887881614152099,1.224512286960372,0.7142988340602175,2.2959605380506987,1.709215067215521,0.1530640358700466,0.9183842152202795
24031703502,0.8673628699302641,0.9694055605102952,1.1479802690253493,1.224512286960372,0.3571494170301088,0.5102134529001553,0.3316387443851009,1.1734909416703594,0.6377668161251941,1.4541083407654434,0.4081707623201243,1.071448251090327,1.0204269058003106,0.5867454708351788,1.2755336322503883,0.4081707623201244,2.0663644842456277,1.530640358700466,0.1530640358700466,0.4847027802551476
24031703601,0.7908308519952408,0.8673628699302637,1.1224695963803422,1.3010443048953946,0.3316387443851009,0.4847027802551476,0.22959605380506998,1.224512286960372,0.5867454708351779,1.4541083407654434,0.28061739909508543,1.0969589237353332,0.9694055605102952,0.5612347981901706,1.25002295960538,0.3826600896751165,2.040853811600621,1.530640358700466,0.12755336322503882,0.5357241255451632
24031703602,0.535724125545163,0.918384215220279,1.1479802690253502,1.3010443048953946,0.3571494170301088,0.4847027802551472,0.25510672645007765,1.1734909416703558,0.48470278025514896,1.428597668120437,0.3061280717400932,0.9694055605102944,0.9949162331553034,0.5102134529001555,1.3010443048953964,0.28061739909508543,1.9643217936655986,1.5051296860554577,0.12755336322503882,0.43368143496513195
24031703701,2.193917847470668,0.8673628699302637,1.1479802690253493,1.2500229596053782,0.20408538116006208,0.5102134529001553,0.306128071740093,1.3775763228304208,1.0969589237353332,1.6581937219255047,0.3826600896751165,1.3010443048953964,1.0459375784453186,0.7398095067052248,1.224512286960372,0.9438948878652871,2.5510672645007766,1.8112577577955509,0.17857470851505428,1.2755336322503883
24031703702,1.785747085150544,0.8418521972852555,1.1479802690253493,1.2755336322503883,0.22959605380506998,0.4847027802551476,0.2806173990950853,1.352065650185411,0.8928735425752717,1.6071723766354884,0.3826600896751165,1.2500229596053782,0.9949162331553034,0.6632774887702022,1.25002295960538,0.6887881614152095,2.16840717482566,1.6326830492804967,0.1530640358700466,0.8928735425752717
24031703800,1.1734909416703572,0.7142988340602171,1.096958923735334,1.428597668120435,0.1785747085150544,0.535724125545163,0.20408538116006208,1.352065650185411,0.9183842152202817,1.5561510313454723,0.28061739909508543,1.25002295960538,1.0459375784453186,0.5102134529001553,1.1990016143153657,0.8673628699302641,2.040853811600621,1.70921506721552,0.10204269058003104,0.6632774887702018
24031703901,0.739809506705225,0.9438948878652871,1.1734909416703576,1.3010443048953981,0.3571494170301088,0.5102134529001553,0.25510672645007765,1.1734909416703558,0.5612347981901715,1.530640358700466,0.3826600896751166,1.0459375784453169,1.0204269058003106,0.535724125545163,1.3010443048953964,0.40817076232012417,2.117385829535644,1.556151031345474,0.12755336322503882,0.7142988340602173
24031703902,1.5816617039904812,0.8163415246402483,1.1479802690253502,1.3010443048953981,0.25510672645007765,0.5102134529001553,0.28061739909508554,1.2755336322503883,0.8673628699302655,1.5561510313454723,0.3571494170301088,1.250022959605382,1.0204269058003106,0.6122561434801864,1.25002295960538,0.6887881614152099,2.1939178474706664,1.709215067215519,0.1530640358700466,0.535724125545163
24031704000,0.9183842152202795,0.8673628699302646,1.1224695963803413,1.1734909416703558,0.28061739909508554,0.4847027802551476,0.25510672645007765,1.224512286960372,0.5867454708351815,1.530640358700466,0.2806173990950853,1.1479802690253493,0.9694055605102952,0.5612347981901711,1.2755336322503883,0.43368143496513184,2.0663644842456312,1.556151031345474,0.12755336322503882,0.5612347981901709
24031704100,0.4847027802551475,1.0459375784453178,1.2245122869603728,1.250022959605382,0.45919210761013995,0.4847027802551476,0.3571494170301088,1.071448251090327,0.4591921076101427,1.3010443048953946,0.3826600896751165,0.8928735425752717,0.9949162331553034,0.5612347981901706,1.3265549775404044,0.2806173990950853,1.9643217936655986,1.4796190134104497,0.1785747085150544,0.2806173990950853
24031704200,0.6887881614152095,0.9694055605102952,1.1734909416703567,1.3775763228304172,0.3826600896751165,0.5102134529001553,0.3061280717400931,1.224512286960372,0.6377668161251941,1.4541083407654396,0.4081707623201243,0.9694055605102944,1.071448251090326,0.535724125545163,1.3265549775404026,0.3826600896751165,2.040853811600621,1.556151031345474,0.1530640358700466,0.40817076232012417
24031704300,0.5357241255451631,0.9694055605102952,1.1734909416703576,1.3775763228304208,0.40817076232012417,0.5102134529001553,0.2806173990950853,1.1479802690253493,0.5102134529001553,1.403086995475427,0.3061280717400931,0.8928735425752717,1.0969589237353332,0.4847027802551476,1.3265549775404026,0.3061280717400931,1.9898324663106048,1.5051296860554586,0.12755336322503882,0.43368143496513195
24031704401,0.5612347981901707,0.9949162331553024,1.2245122869603728,1.224512286960372,0.40817076232012417,0.4847027802551474,0.3316387443851009,1.0969589237353332,0.48470278025514535,1.3775763228304208,0.4081707623201243,0.9438948878652844,0.9438948878652871,0.5867454708351788,1.3265549775404044,0.3061280717400931,1.9133004483755824,1.4285976681204342,0.1530640358700465,0.3571494170301088
24031704403,0.6377668161251941,1.1224695963803413,1.3265549775404026,1.0969589237353332,0.5612347981901706,0.5102134529001553,0.45919210761013973,0.9949162331553043,0.4336814349651291,1.3265549775404009,0.5612347981901709,0.9949162331553043,0.9694055605102952,0.6632774887702022,1.377576322830419,0.3061280717400932,1.9388111210205923,1.4541083407654425,0.22959605380506987,0.3061280717400932
24031704404,0.5612347981901707,0.9949162331553034,1.199001614315364,1.1990016143153657,0.45919210761013995,0.4847027802551474,0.3571494170301088,1.1224695963803395,0.48470278025514535,1.3265549775404044,0.40817076232012417,0.9694055605102944,0.9694055605102952,0.5357241255451632,1.3265549775404026,0.3061280717400932,1.8367684304405598,1.4285976681204342,0.20408538116006208,0.5102134529001553
24031704501,0.4847027802551475,0.9694055605102952,1.1734909416703576,1.2755336322503883,0.3826600896751165,0.43368143496513206,0.3061280717400932,1.1479802690253493,0.45919210761013907,1.3775763228304172,0.2806173990950853,0.9694055605102944,0.9183842152202799,0.535724125545163,1.3265549775404044,0.25510672645007765,1.9388111210205923,1.403086995475427,0.1530640358700466,0.4847027802551475
24031704502,0.35714941703010866,0.9949162331553034,1.1990016143153648,1.250022959605382,0.45919210761013995,0.45919210761013973,0.306128071740093,1.071448251090327,0.43368143496513273,1.403086995475427,0.28061739909508543,0.9183842152202781,0.9694055605102952,0.5357241255451632,1.377576322830419,0.22959605380506987,1.862279103085566,1.428597668120435,0.12755336322503882,0.25510672645007765
24031704503,0.6632774887702019,0.9694055605102952,1.1990016143153648,1.403086995475427,0.40817076232012417,0.5102134529001553,0.28061739909508554,1.1990016143153657,0.5612347981901715,1.530640358700466,0.3826600896751165,0.9438948878652881,1.0459375784453186,0.535724125545163,1.3265549775404026,0.3571494170301088,2.0918751568906373,1.5561510313454732,0.1530640358700466,0.22959605380506992
24031704600,0.5357241255451631,0.918384215220279,1.1479802690253493,1.3010443048953981,0.40817076232012417,0.45919210761013973,0.2806173990950853,1.1479802690253493,0.5102134529001553,1.403086995475427,0.3316387443851009,0.9183842152202781,0.9949162331553034,0.4847027802551476,1.3265549775404026,0.25510672645007765,1.8877897757305762,1.428597668120435,0.12755336322503882,0.3061280717400932
24031704700,0.5612347981901709,1.071448251090326,1.25002295960538,1.3010443048953981,0.4847027802551472,0.4847027802551476,0.35714941703010855,1.0969589237353332,0.5612347981901715,1.224512286960372,0.43368143496513206,0.9183842152202817,1.0459375784453182,0.5867454708351786,1.3520656501854127,0.28061739909508543,1.8367684304405598,1.4285976681204342,0.1530640358700466,0.3316387443851009
24031704803,0.5867454708351786,0.7908308519952411,1.0204269058003106,1.3265549775404009,0.28061739909508554,0.4847027802551476,0.22959605380506987,1.250022959605382,0.6632774887702041,1.352065650185411,0.28061739909508543,1.0204269058003106,1.071448251090326,0.45919210761013995,1.1990016143153657,0.3826600896751165,1.8877897757305762,1.4796190134104505,0.1020426905800311,0.28061739909508543
24031704804,0.535724125545163,0.8163415246402483,1.0204269058003106,1.1734909416703558,0.3571494170301088,0.4847027802551476,0.22959605380506976,1.1734909416703558,0.6122561434801842,1.2755336322503883,0.3061280717400931,0.9694055605102944,1.071448251090326,0.43368143496513184,1.224512286960372,0.3061280717400932,1.9388111210205923,1.4541083407654425,0.12755336322503877,0.3316387443851009
24031704805,0.6632774887702018,0.8928735425752717,1.1224695963803413,1.1479802690253493,0.3826600896751165,0.4847027802551476,0.3061280717400932,1.1734909416703558,0.5867454708351779,1.2755336322503883,0.3826600896751165,1.071448251090327,1.0459375784453178,0.535724125545163,1.3010443048953964,0.3826600896751165,1.9898324663106048,1.4541083407654434,0.1530640358700466,0.3826600896751165
24031704806,0.6122561434801864,0.6122561434801864,0.8673628699302637,1.377576322830419,0.22959605380506998,0.4847027802551476,0.1530640358700465,1.403086995475427,0.7908308519952393,1.403086995475427,0.1785747085150544,1.0459375784453206,1.096958923735334,0.3061280717400932,1.1224695963803422,0.3571494170301088,1.7602364125055336,1.403086995475427,0.0765320179350233,0.4081707623201243
24031705000,0.6122561434801862,0.765320179350233,1.0204269058003106,1.1734909416703594,0.35714941703010855,0.4847027802551476,0.25510672645007754,1.2755336322503883,0.765320179350233,1.428597668120437,0.3061280717400931,1.0204269058003106,1.0204269058003106,0.4081707623201244,1.1734909416703576,0.3571494170301088,2.0153431389556147,1.3520656501854118,0.12755336322503877,0.3571494170301088
24031705100,0.45919210761013984,1.0204269058003106,1.1990016143153648,1.1990016143153657,0.45919210761013995,0.4847027802551476,0.3316387443851009,1.071448251090327,0.43368143496513273,1.3010443048953946,0.331638744385101,0.9183842152202781,0.9694055605102944,0.5102134529001553,1.3010443048953964,0.22959605380506987,1.8877897757305724,1.4285976681204342,0.1530640358700466,0.3061280717400932
24031705200,0.45919210761013984,1.0459375784453186,1.2245122869603737,1.224512286960372,0.4847027802551476,0.4847027802551476,0.3061280717400932,1.0459375784453206,0.4591921076101427,1.3010443048953946,0.3826600896751165,0.8418521972852592,1.0204269058003106,0.535724125545163,1.3520656501854127,0.28061739909508543,1.9388111210205887,1.5051296860554577,0.12755336322503882,0.2806173990950853
24031705300,0.5612347981901707,1.096958923735334,1.2245122869603728,1.250022959605382,0.5867454708351788,0.4847027802551476,0.4081707623201244,1.0459375784453169,0.48470278025514535,1.224512286960372,0.43368143496513206,0.8418521972852592,0.994916233155303,0.5612347981901709,1.352065650185411,0.25510672645007765,1.7857470851505435,1.4285976681204342,0.20408538116006208,0.2040853811600622
24031705400,0.535724125545163,1.096958923735334,1.2755336322503883,1.3265549775404044,0.5102134529001553,0.4847027802551476,0.3571494170301088,1.122469596380343,0.5102134529001553,1.3265549775404044,0.45919210761013973,0.9183842152202817,0.9949162331553034,0.6122561434801862,1.3265549775404026,0.3061280717400932,1.8877897757305724,1.4285976681204342,0.17857470851505428,0.22959605380506987
24031705501,0.6887881614152097,0.7908308519952402,1.0204269058003106,1.2500229596053782,0.306128071740093,0.4847027802551476,0.25510672645007765,1.250022959605382,0.6887881614152104,1.403086995475427,0.3061280717400931,1.0204269058003106,0.9949162331553034,0.43368143496513184,1.2245122869603737,0.35714941703010866,2.0663644842456312,1.377576322830419,0.12755336322503882,0.3571494170301088
24031705502,0.43368143496513206,1.096958923735334,1.2755336322503883,1.1990016143153657,0.5102134529001553,0.5102134529001553,0.3571494170301088,1.0459375784453206,0.43368143496513273,1.352065650185411,0.3826600896751165,0.9694055605102979,1.0459375784453186,0.5867454708351788,1.377576322830419,0.25510672645007765,1.8877897757305762,1.5051296860554577,0.1785747085150544,0.4081707623201244
24031705601,0.5867454708351787,0.9949162331553034,1.1734909416703567,1.3265549775404044,0.43368143496513184,0.4847027802551476,0.331638744385101,1.1224695963803395,0.5357241255451616,1.4285976681204333,0.3826600896751165,0.8928735425752717,1.0204269058003106,0.5102134529001555,1.3265549775404044,0.3061280717400932,1.9133004483755824,1.4796190134104497,0.1530640358700466,0.3316387443851009
24031705602,0.6377668161251941,1.1990016143153648,1.3010443048953964,0.9694055605102979,0.5612347981901711,0.4847027802551476,0.5102134529001553,0.9438948878652881,0.43368143496513273,1.224512286960372,0.5357241255451632,1.0204269058003106,0.9694055605102948,0.7142988340602171,1.3265549775404044,0.3061280717400932,1.9388111210205923,1.428597668120435,0.25510672645007754,0.3316387443851009
24031705701,0.6377668161251941,0.9694055605102952,1.1990016143153657,1.3265549775404044,0.40817076232012417,0.5102134529001553,0.3316387443851009,1.1734909416703594,0.6122561434801842,1.3265549775404044,0.43368143496513206,0.9183842152202781,1.0459375784453186,0.5357241255451632,1.3010443048953946,0.3571494170301088,1.8877897757305762,1.4541083407654425,0.1530640358700466,0.28061739909508543
24031705702,0.6122561434801864,1.096958923735334,1.25002295960538,1.224512286960372,0.535724125545163,0.4847027802551474,0.4081707623201244,1.0459375784453169,0.48470278025514896,1.3010443048953981,0.4847027802551475,0.8673628699302655,0.9949162331553024,0.5612347981901711,1.3520656501854127,0.28061739909508543,1.9643217936655986,1.4285976681204342,0.2040853811600622,0.2806173990950853
24031705800,0.3826600896751165,1.0204269058003106,1.224512286960372,1.3010443048953946,0.4591921076101395,0.4847027802551476,0.306128071740093,1.0714482510903232,0.4336814349651291,1.3010443048953946,0.3061280717400931,0.8928735425752717,1.0204269058003106,0.5102134529001553,1.3265549775404044,0.25510672645007765,1.9388111210205923,1.5051296860554577,0.12755336322503882,0.3061280717400931
24031705901,0.5612347981901707,1.1224695963803422,1.2500229596053811,1.1990016143153657,0.535724125545163,0.45919210761013995,0.45919210761013973,1.0204269058003106,0.48470278025514535,1.3775763228304172,0.5102134529001553,0.9438948878652881,0.9183842152202799,0.6122561434801864,1.403086995475427,0.28061739909508543,1.9388111210205923,1.3265549775404035,0.22959605380506987,0.22959605380506987
24031705902,0.40817076232012417,1.0204269058003106,1.2245122869603728,1.2755336322503883,0.45919210761013995,0.45919210761013973,0.3061280717400932,1.071448251090327,0.43368143496513273,1.3265549775404009,0.3061280717400931,0.8928735425752717,0.9438948878652875,0.535724125545163,1.377576322830419,0.25510672645007765,1.8367684304405598,1.3775763228304199,0.1530640358700466,0.35714941703010866
24031705903,0.4847027802551475,0.9949162331553034,1.1990016143153648,1.3010443048953981,0.45919210761013995,0.45919210761013995,0.3316387443851009,1.0459375784453206,0.45919210761013907,1.3775763228304208,0.3316387443851009,0.8673628699302618,0.9438948878652871,0.5612347981901706,1.3265549775404044,0.25510672645007765,1.9133004483755824,1.3520656501854118,0.1530640358700466,0.25510672645007765
24031706005,0.5867454708351786,1.0459375784453186,1.2755336322503892,1.1990016143153621,0.4847027802551476,0.4591921076101395,0.4081707623201244,1.071448251090327,0.5102134529001553,1.3010443048953946,0.45919210761013984,0.8928735425752717,0.8673628699302641,0.6377668161251941,1.3265549775404044,0.3061280717400931,1.8367684304405598,1.377576322830419,0.2040853811600622,0.20408538116006214
24031706007,0.45919210761013973,0.9949162331553024,1.2245122869603737,1.1479802690253493,0.4591921076101395,0.43368143496513206,0.3571494170301088,1.0204269058003106,0.45919210761013907,1.3010443048953946,0.3826600896751164,0.9183842152202817,0.8673628699302641,0.6122561434801864,1.3265549775404026,0.25510672645007765,1.9133004483755824,1.2755336322503883,0.1530640358700466,0.22959605380506992
24031706008,0.4081707623201244,0.9949162331553024,1.199001614315364,1.1734909416703558,0.43368143496513184,0.43368143496513184,0.3061280717400932,1.0459375784453169,0.4081707623201264,1.3775763228304208,0.331638744385101,0.9183842152202781,0.9183842152202799,0.5612347981901711,1.3010443048953964,0.22959605380506998,2.040853811600621,1.3010443048953964,0.12755336322503882,0.25510672645007765
24031706009,0.3826600896751165,0.9694055605102952,1.2245122869603737,1.224512286960372,0.43368143496513184,0.43368143496513206,0.306128071740093,1.071448251090327,0.4336814349651291,1.352065650185411,0.3316387443851009,0.9438948878652881,0.9438948878652871,0.5867454708351788,1.352065650185411,0.22959605380506998,1.9643217936655986,1.403086995475427,0.1530640358700466,0.4081707623201244
24031706010,0.4847027802551474,0.9694055605102944,1.224512286960372,1.224512286960372,0.3826600896751165,0.4847027802551474,0.3316387443851009,1.0459375784453169,0.43368143496513273,1.4285976681204333,0.3571494170301088,1.0204269058003106,0.9183842152202795,0.5612347981901706,1.3265549775404044,0.3061280717400931,1.8112577577955498,1.428597668120435,0.1785747085150544,0.40817076232012417
24031706011,0.5612347981901707,1.071448251090326,1.25002295960538,1.1479802690253493,0.4847027802551476,0.45919210761013973,0.3826600896751165,0.9949162331553043,0.48470278025514896,1.352065650185411,0.43368143496513195,0.8928735425752717,0.9183842152202795,0.6632774887702018,1.377576322830419,0.3061280717400932,1.9643217936655986,1.3265549775404044,0.2040853811600622,0.3826600896751166
24031706012,0.8673628699302641,1.071448251090326,1.25002295960538,1.0969589237353332,0.43368143496513184,0.5102134529001553,0.43368143496513206,1.0459375784453206,0.5867454708351779,1.4285976681204333,0.535724125545163,1.122469596380343,0.994916233155303,0.7142988340602175,1.3265549775404044,0.5102134529001553,2.040853811600621,1.530640358700466,0.25510672645007754,0.3826600896751165
24031706013,0.4847027802551474,1.071448251090326,1.25002295960538,1.1990016143153657,0.45919210761013995,0.4847027802551474,0.3316387443851009,1.0459375784453169,0.43368143496513273,1.3775763228304208,0.4081707623201243,0.9438948878652881,0.9438948878652871,0.5867454708351784,1.3520656501854127,0.2806173990950853,1.8622791030855697,1.4285976681204342,0.1785747085150544,0.4847027802551475
24033800102,1.1734909416703572,1.0204269058003106,1.2755336322503883,1.224512286960372,0.3061280717400932,0.6122561434801864,0.3061280717400932,1.3265549775404044,0.8163415246402456,1.5816617039904821,0.43368143496513206,1.3010443048953964,1.0459375784453186,0.6887881614152099,1.3010443048953964,0.6377668161251944,2.16840717482566,1.9643217936655986,0.1530640358700465,1.096958923735334
24033800103,1.5306403587004656,0.8673628699302637,1.25002295960538,1.3775763228304208,0.20408538116006208,0.5867454708351788,0.25510672645007765,1.403086995475427,1.0204269058003106,1.7347257398605291,0.43368143496513206,1.3520656501854127,1.0204269058003106,0.6632774887702018,1.224512286960372,0.994916233155303,2.500045919210764,1.9898324663106068,0.17857470851505428,1.0714482510903265
24033800105,0.8928735425752717,0.9694055605102952,1.3010443048953964,1.3010443048953946,0.25510672645007765,0.5867454708351788,0.22959605380506976,1.250022959605382,0.6632774887702041,1.530640358700466,0.3061280717400932,1.3010443048953964,0.9694055605102952,0.6377668161251941,1.3010443048953964,0.6377668161251941,1.9133004483755824,2.015343138955613,0.1530640358700466,0.9183842152202795
24033800106,0.9694055605102952,1.0204269058003106,1.3520656501854127,1.2500229596053782,0.22959605380506976,0.6122561434801864,0.25510672645007765,1.1990016143153657,0.6887881614152104,1.5816617039904821,0.3571494170301088,1.3520656501854127,0.9438948878652871,0.7398095067052248,1.3010443048953964,0.7398095067052253,2.16840717482566,1.9898324663106048,0.20408538116006208,0.9183842152202795
24033800108,1.2755336322503883,0.918384215220279,1.3265549775404026,1.3775763228304172,0.1785747085150544,0.6377668161251941,0.22959605380506998,1.3775763228304208,0.9438948878652881,1.5816617039904821,0.3826600896751165,1.352065650185411,1.0204269058003106,0.6887881614152099,1.25002295960538,1.071448251090326,1.9388111210205923,2.0918751568906373,0.1785747085150544,0.9694055605102952
24033800109,2.1173858295356447,0.9438948878652871,1.25002295960538,1.2500229596053782,0.25510672645007765,0.6122561434801864,0.3316387443851009,1.3775763228304172,1.0459375784453169,1.658193721925503,0.4847027802551476,1.352065650185411,1.0459375784453182,0.7398095067052253,1.3010443048953964,0.994916233155303,2.0918751568906337,2.015343138955613,0.20408538116006208,1.0459375784453182
24033800203,0.7908308519952406,1.1479802690253493,1.352065650185411,1.2755336322503883,0.40817076232012417,0.5612347981901711,0.3571494170301088,1.250022959605382,0.5867454708351779,1.5051296860554595,0.5102134529001553,1.224512286960372,0.9949162331553034,0.6887881614152099,1.352065650185411,0.43368143496513206,2.117385829535644,1.8367684304405598,0.20408538116006208,0.6377668161251939
24033800206,1.096958923735334,1.0459375784453186,1.352065650185411,1.3010443048953981,0.25510672645007765,0.6377668161251941,0.28061739909508543,1.2245122869603755,0.8418521972852555,1.5816617039904821,0.4081707623201243,1.3010443048953981,0.9694055605102952,0.7908308519952406,1.3010443048953955,0.8928735425752717,1.8367684304405598,2.040853811600621,0.17857470851505428,0.7908308519952408
24033800209,1.428597668120435,0.8673628699302637,1.2245122869603737,1.2755336322503883,0.2040853811600622,0.5867454708351784,0.25510672645007776,1.3775763228304172,0.9694055605102944,1.6326830492804985,0.3826600896751165,1.403086995475427,0.9949162331553024,0.6887881614152099,1.1990016143153648,0.9438948878652875,2.2449391927606825,2.0663644842456277,0.1785747085150544,1.3265549775404035
24033800210,1.47961901341045,0.918384215220279,1.352065650185411,1.403086995475427,0.1785747085150544,0.6377668161251941,0.22959605380506998,1.3520656501854145,1.0204269058003106,1.6071723766354902,0.3826600896751165,1.3775763228304208,0.994916233155303,0.7142988340602171,1.1990016143153648,1.0969589237353337,2.3214712106957087,2.040853811600621,0.1785747085150544,1.1990016143153648
24033800211,1.071448251090326,0.9438948878652871,1.2755336322503883,1.1990016143153657,0.25510672645007765,0.6122561434801864,0.28061739909508554,1.250022959605382,0.8163415246402492,1.6071723766354884,0.3826600896751165,1.3265549775404044,0.9949162331553024,0.6377668161251941,1.25002295960538,0.8418521972852564,1.9898324663106048,1.9643217936655986,0.1785747085150544,1.0459375784453182
24033800212,0.9438948878652873,0.9694055605102952,1.25002295960538,1.1224695963803395,0.2806173990950853,0.5867454708351784,0.2806173990950853,1.1734909416703558,0.6887881614152067,1.4541083407654434,0.35714941703010855,1.2245122869603737,0.8928735425752717,0.7142988340602175,1.3265549775404044,0.6377668161251939,1.8367684304405598,1.836768430440559,0.2040853811600622,0.7908308519952408
24033800213,0.9694055605102948,0.8928735425752717,1.2245122869603728,1.3010443048953946,0.20408538116006208,0.5612347981901706,0.22959605380506987,1.3010443048953981,0.7398095067052266,1.530640358700466,0.3061280717400932,1.25002295960538,0.918384215220279,0.6377668161251941,1.2755336322503883,0.7398095067052253,1.9643217936655986,1.9388111210205905,0.12755336322503882,0.663277488770202
24033800216,0.8163415246402486,0.8928735425752717,1.2245122869603737,1.3265549775404044,0.25510672645007765,0.5612347981901711,0.22959605380506998,1.250022959605382,0.6377668161251941,1.530640358700466,0.25510672645007765,1.224512286960372,0.8928735425752717,0.5867454708351788,1.2755336322503883,0.5867454708351788,1.8367684304405598,1.8877897757305742,0.12755336322503882,0.4847027802551476
24033800217,1.0459375784453184,0.9438948878652871,1.3010443048953946,1.2755336322503883,0.2806173990950853,0.5867454708351788,0.25510672645007765,1.2500229596053782,0.7908308519952393,1.5561510313454723,0.35714941703010866,1.2755336322503865,0.9438948878652875,0.6887881614152095,1.2500229596053811,0.841852197285256,1.9388111210205887,1.9898324663106048,0.17857470851505428,0.6887881614152095
24033800218,1.4541083407654425,0.9438948878652871,1.3265549775404044,1.3010443048953981,0.22959605380506998,0.6377668161251941,0.2806173990950853,1.352065650185411,0.9183842152202817,1.683704394570511,0.45919210761013973,1.3265549775404026,1.071448251090326,0.7142988340602171,1.25002295960538,1.0714482510903265,2.2449391927606825,2.0663644842456277,0.17857470851505428,1.096958923735334
24033800401,0.6887881614152099,1.071448251090326,1.3010443048953964,1.1990016143153657,0.4081707623201244,0.535724125545163,0.3316387443851009,1.1990016143153657,0.6122561434801842,1.5051296860554595,0.45919210761013973,1.2245122869603755,0.9694055605102948,0.6887881614152095,1.377576322830419,0.45919210761013973,2.0918751568906373,1.836768430440558,0.20408538116006208,0.765320179350233
24033800402,0.8418521972852564,1.1224695963803413,1.3520656501854127,1.250022959605382,0.3826600896751167,0.5867454708351788,0.3571494170301088,1.1990016143153621,0.6377668161251941,1.5561510313454723,0.4847027802551474,1.1990016143153657,1.0459375784453182,0.7398095067052253,1.352065650185411,0.535724125545163,2.16840717482566,1.9643217936655968,0.2040853811600622,0.7142988340602175
24033800403,0.6887881614152095,1.071448251090326,1.3010443048953964,1.2755336322503883,0.3826600896751167,0.5612347981901711,0.3316387443851009,1.1990016143153657,0.5867454708351779,1.4541083407654434,0.40817076232012417,1.1479802690253493,0.9438948878652875,0.6887881614152099,1.3520656501854127,0.5102134529001553,1.964321793665595,1.862279103085566,0.17857470851505428,0.6887881614152095
24033800408,0.8418521972852562,1.0459375784453178,1.3010443048953964,1.1734909416703594,0.3061280717400932,0.5612347981901711,0.2806173990950853,1.1734909416703594,0.6632774887702041,1.530640358700466,0.3826600896751165,1.2755336322503883,0.8418521972852564,0.765320179350233,1.3010443048953964,0.6887881614152097,1.7857470851505435,1.9388111210205905,0.1785747085150544,0.8673628699302639
24033800409,0.535724125545163,1.0459375784453186,1.3010443048953964,1.1990016143153657,0.3061280717400932,0.5612347981901706,0.22959605380506976,1.1479802690253493,0.5102134529001553,1.4541083407654434,0.2806173990950853,1.224512286960372,0.8928735425752717,0.6632774887702018,1.3265549775404044,0.43368143496513206,1.9133004483755824,1.9133004483755824,0.12755336322503882,0.5867454708351786
24033800410,0.6887881614152095,0.8163415246402483,1.1479802690253493,1.1734909416703558,0.22959605380506998,0.6377668161251941,0.17857470851505428,1.2500229596053782,0.8928735425752717,1.4541083407654434,0.2040853811600622,1.224512286960372,0.994916233155303,0.5102134529001553,1.1734909416703576,0.7142988340602173,1.8877897757305724,1.862279103085567,0.10204269058003104,0.5867454708351788
24033800411,0.765320179350233,0.9949162331553034,1.3010443048953964,1.2500229596053782,0.2806173990950853,0.5612347981901706,0.22959605380506998,1.1734909416703594,0.6122561434801842,1.4541083407654396,0.2806173990950853,1.27553363225039,0.841852197285256,0.6887881614152095,1.3010443048953964,0.535724125545163,1.8877897757305762,1.9388111210205905,0.12755336322503882,0.8163415246402483
24033800412,1.47961901341045,0.9949162331553024,1.224512286960372,1.1734909416703558,0.2806173990950853,0.5867454708351784,0.3316387443851009,1.3265549775404009,0.9183842152202781,1.556151031345474,0.45919210761013973,1.2755336322503883,0.9183842152202795,0.8163415246402488,1.3010443048953964,0.9694055605102952,2.0918751568906337,1.9133004483755824,0.22959605380506998,0.994916233155303
24033800413,1.2245122869603728,0.9949162331553024,1.403086995475427,1.3775763228304172,0.22959605380506987,0.6377668161251941,0.25510672645007765,1.2755336322503883,0.9183842152202781,1.530640358700466,0.4081707623201243,1.2755336322503883,0.9438948878652875,0.8163415246402483,1.2755336322503883,1.0204269058003106,2.0153431389556147,2.0663644842456295,0.20408538116006208,0.6122561434801862
24033800504,0.765320179350233,1.1479802690253493,1.3265549775404044,1.2755336322503883,0.40817076232012417,0.5867454708351788,0.35714941703010855,1.1990016143153657,0.6377668161251941,1.4796190134104497,0.4847027802551476,1.2500229596053782,1.0459375784453178,0.6632774887702018,1.3520656501854127,0.45919210761013973,2.14289650218065,1.9133004483755816,0.2040853811600622,0.7142988340602175
24033800505,0.7908308519952406,1.071448251090326,1.2755336322503883,1.2755336322503883,0.3826600896751165,0.535724125545163,0.3061280717400932,1.224512286960372,0.6377668161251941,1.4796190134104497,0.43368143496513206,1.1734909416703558,0.9949162331553024,0.6377668161251941,1.352065650185411,0.43368143496513206,2.1939178474706664,1.887789775730575,0.1785747085150544,0.6377668161251941
24033800507,0.6632774887702018,0.9949162331553034,1.2755336322503883,1.1734909416703558,0.28061739909508554,0.6122561434801864,0.25510672645007765,1.1990016143153621,0.6122561434801878,1.530640358700466,0.3061280717400932,1.25002295960538,0.9694055605102952,0.6887881614152095,1.3010443048953964,0.6122561434801862,1.9133004483755824,1.9388111210205905,0.1530640358700466,0.5867454708351788
24033800511,0.8928735425752715,1.0969589237353332,1.352065650185411,1.1990016143153657,0.3061280717400932,0.5867454708351788,0.306128071740093,1.1479802690253493,0.6632774887702004,1.4796190134104532,0.40817076232012417,1.2755336322503883,0.9694055605102952,0.7398095067052253,1.3265549775404044,0.6887881614152099,2.1939178474706664,1.9643217936655968,0.20408538116006208,0.8673628699302641
24033800513,0.6377668161251941,1.0459375784453178,1.3265549775404026,1.3010443048953981,0.3316387443851009,0.5612347981901706,0.2806173990950853,1.1734909416703558,0.5612347981901715,1.530640358700466,0.3061280717400932,1.250022959605382,0.9438948878652871,0.6632774887702022,1.3520656501854127,0.5102134529001553,1.862279103085566,1.9388111210205905,0.1530640358700466,0.5867454708351786
24033800514,0.765320179350233,1.0204269058003106,1.3520656501854127,1.2755336322503883,0.2806173990950853,0.6122561434801864,0.25510672645007765,1.1479802690253493,0.6122561434801878,1.4796190134104497,0.3571494170301088,1.1990016143153657,0.8418521972852564,0.765320179350233,1.3520656501854127,0.7398095067052253,1.6326830492804947,1.9898324663106048,0.1785747085150544,0.6122561434801864
24033800515,0.994916233155303,1.0459375784453186,1.3265549775404044,1.1734909416703558,0.3061280717400932,0.6122561434801864,0.2806173990950853,1.1734909416703558,0.6887881614152104,1.4796190134104497,0.43368143496513184,1.25002295960538,0.9694055605102952,0.765320179350233,1.3265549775404044,0.8418521972852562,1.7602364125055336,1.9643217936655986,0.20408538116006208,0.8928735425752717
24033800516,0.8418521972852564,0.9949162331553034,1.3265549775404026,1.1990016143153657,0.3061280717400932,0.5867454708351784,0.28061739909508554,1.122469596380343,0.6377668161251941,1.5051296860554595,0.3826600896751165,1.224512286960372,0.8928735425752713,0.6887881614152095,1.3265549775404044,0.6887881614152097,1.683704394570511,1.9133004483755824,0.22959605380506987,0.8163415246402486
24033800517,0.5867454708351786,1.1224695963803422,1.352065650185411,1.071448251090327,0.3061280717400932,0.6122561434801864,0.2806173990950853,1.0459375784453206,0.5102134529001553,1.3010443048953946,0.35714941703010855,1.1479802690253493,0.8163415246402483,0.8163415246402488,1.3265549775404044,0.5612347981901709,1.683704394570511,1.9898324663106048,0.20408538116006208,0.6122561434801864
24033800518,0.4847027802551476,1.0969589237353332,1.377576322830419,1.1224695963803395,0.28061739909508554,0.5867454708351784,0.2806173990950853,1.0204269058003106,0.43368143496513273,1.403086995475427,0.28061739909508543,1.1990016143153657,0.8418521972852564,0.765320179350233,1.377576322830419,0.5102134529001553,1.6071723766354884,1.9898324663106048,0.1785747085150544,0.5357241255451632
24033800519,0.7653201793502332,1.096958923735334,1.377576322830419,1.2755336322503883,0.3061280717400932,0.612256143480186,0.3061280717400931,1.1734909416703594,0.6377668161251941,1.6071723766354884,0.40817076232012417,1.250022959605382,0.918384215220279,0.8163415246402483,1.352065650185411,0.7142988340602173,1.862279103085566,1.9643217936655968,0.20408538116006208,0.739809506705225
24033800520,1.147980269025349,1.1479802690253493,1.4541083407654434,1.2500229596053782,0.28061739909508554,0.6632774887702022,0.331638744385101,1.1734909416703558,0.765320179350233,1.6071723766354922,0.5102134529001553,1.250022959605382,0.9438948878652875,0.9183842152202799,1.3265549775404035,0.994916233155303,1.709215067215521,2.1173858295356456,0.28061739909508543,0.9438948878652871
24033800521,0.9438948878652871,1.224512286960372,1.4285976681204333,0.9949162331553043,0.3826600896751165,0.6377668161251941,0.4081707623201244,0.9438948878652881,0.5612347981901715,1.2755336322503883,0.5357241255451631,1.1734909416703558,0.8418521972852564,0.994916233155303,1.4285976681204333,0.6887881614152099,1.8367684304405598,2.0663644842456295,0.35714941703010855,1.1990016143153648
24033800522,0.6122561434801864,1.071448251090326,1.403086995475427,1.2245122869603755,0.25510672645007765,0.6122561434801864,0.2806173990950853,1.0459375784453206,0.48470278025514535,1.352065650185411,0.331638744385101,1.1734909416703594,0.841852197285256,0.7908308519952406,1.352065650185411,0.6122561434801862,1.6071723766354884,2.040853811600621,0.20408538116006208,0.6887881614152095
24033800605,1.1734909416703572,0.9438948878652881,1.3265549775404044,1.3265549775404044,0.22959605380506998,0.6122561434801864,0.22959605380506998,1.3010443048953981,0.9949162331553006,1.6071723766354884,0.331638744385101,1.25002295960538,0.8928735425752717,0.6632774887702022,1.2500229596053811,0.8673628699302641,1.8877897757305762,1.9898324663106048,0.1785747085150544,0.7142988340602173
24033800606,0.9438948878652871,1.071448251090326,1.4541083407654416,1.428597668120437,0.22959605380506987,0.7142988340602171,0.22959605380506998,1.1990016143153657,0.765320179350233,1.6326830492804967,0.3826600896751166,1.2500229596053782,0.9949162331553034,0.765320179350233,1.2755336322503883,0.9438948878652871,1.8112577577955535,2.142896502180654,0.2040853811600622,0.8163415246402486
24033800607,0.7142988340602175,1.096958923735334,1.403086995475427,1.0969589237353332,0.2806173990950853,0.6122561434801864,0.2806173990950853,1.0459375784453169,0.5357241255451652,1.4285976681204333,0.3571494170301088,1.2245122869603755,0.8673628699302641,0.8163415246402488,1.3265549775404026,0.6377668161251941,1.9643217936655986,2.0663644842456295,0.20408538116006208,0.663277488770202
24033800608,0.8163415246402486,1.0459375784453186,1.4796190134104514,1.403086995475427,0.22959605380506998,0.6632774887702018,0.22959605380506987,1.122469596380343,0.6632774887702004,1.5561510313454758,0.3826600896751165,1.224512286960372,0.9183842152202795,0.7908308519952406,1.3265549775404035,0.8163415246402486,1.7602364125055336,2.117385829535644,0.1785747085150544,0.5867454708351786
24033800609,1.2500229596053802,1.1734909416703567,1.403086995475427,1.1224695963803395,0.3061280717400932,0.6887881614152095,0.3826600896751165,1.1479802690253493,0.7398095067052266,1.505129686055456,0.5867454708351786,1.3265549775404044,0.9438948878652871,0.9949162331553024,1.3265549775404044,0.9183842152202795,1.8112577577955498,2.0663644842456277,0.3061280717400932,0.9438948878652871
24033800701,0.8163415246402488,1.0204269058003106,1.352065650185411,1.2755336322503883,0.25510672645007765,0.6377668161251941,0.22959605380506976,1.122469596380343,0.5867454708351779,1.4796190134104497,0.3316387443851009,1.250022959605382,0.8673628699302641,0.7398095067052248,1.3010443048953964,0.7142988340602175,1.6837043945705146,2.0663644842456295,0.1785747085150544,0.5357241255451632
24033800704,0.9949162331553026,1.1224695963803413,1.4541083407654434,1.2755336322503883,0.25510672645007765,0.7142988340602171,0.25510672645007776,1.122469596380343,0.7908308519952428,1.530640358700466,0.43368143496513206,1.352065650185411,1.020426905800311,0.841852197285256,1.3265549775404035,0.9438948878652871,1.862279103085566,2.0918751568906373,0.20408538116006208,0.6122561434801864
24033800705,0.892873542575272,1.1479802690253493,1.5051296860554577,1.1479802690253493,0.3061280717400932,0.6377668161251941,0.3061280717400932,1.0969589237353332,0.6632774887702041,1.4796190134104497,0.43368143496513206,1.2755336322503883,0.8928735425752717,0.9438948878652875,1.3265549775404044,0.739809506705225,1.734725739860531,2.142896502180654,0.25510672645007754,1.1224695963803417
24033800706,1.0204269058003106,1.1479802690253493,1.428597668120435,1.1990016143153657,0.28061739909508554,0.6377668161251941,0.3316387443851009,1.1479802690253493,0.765320179350233,1.5561510313454723,0.4847027802551476,1.352065650185411,0.8928735425752717,0.8928735425752722,1.352065650185411,0.8928735425752717,1.9898324663106048,2.015343138955613,0.25510672645007765,1.4030869954754266
24033800707,0.8163415246402488,1.1479802690253502,1.352065650185411,1.0204269058003106,0.3316387443851009,0.6122561434801864,0.35714941703010855,1.071448251090327,0.561234798190168,1.5051296860554595,0.43368143496513184,1.3010443048953946,0.8928735425752722,0.9183842152202799,1.377576322830419,0.6632774887702018,1.9643217936655986,1.9898324663106048,0.22959605380506976,1.0714482510903265
24033800800,0.6122561434801862,1.1479802690253484,1.3265549775404026,1.1479802690253493,0.4336814349651323,0.5612347981901706,0.35714941703010855,1.1479802690253493,0.48470278025514896,1.5051296860554595,0.40817076232012417,1.2755336322503883,0.9694055605102952,0.7398095067052253,1.403086995475427,0.43368143496513206,2.14289650218065,1.9388111210205905,0.1785747085150544,0.8163415246402486
24033800900,0.7142988340602173,1.1479802690253493,1.3265549775404026,1.1479802690253493,0.3826600896751167,0.5867454708351784,0.35714941703010855,1.1734909416703594,0.5867454708351779,1.530640358700466,0.43368143496513206,1.2755336322503865,1.020426905800311,0.7398095067052253,1.403086995475427,0.5102134529001555,2.321471210695705,1.9643217936655986,0.1785747085150544,0.9438948878652871
24033801003,0.9438948878652871,1.0459375784453178,1.377576322830419,1.3010443048953946,0.25510672645007765,0.6377668161251941,0.25510672645007765,1.1734909416703594,0.7142988340602167,1.5816617039904821,0.3826600896751165,1.27553363225039,0.9694055605102948,0.7908308519952406,1.3010443048953955,0.7908308519952411,1.9643217936655986,2.040853811600621,0.1785747085150544,0.7398095067052253
24033801004,0.9183842152202795,1.096958923735334,1.377576322830419,1.1990016143153657,0.2806173990950853,0.6122561434801864,0.3061280717400932,1.1734909416703558,0.7398095067052266,1.5561510313454758,0.43368143496513206,1.3265549775404026,0.9183842152202795,0.8673628699302637,1.3010443048953964,0.8163415246402488,1.964321793665595,2.040853811600621,0.22959605380506987,0.8673628699302641
24033801005,0.7908308519952406,1.071448251090327,1.3775763228304208,1.1990016143153657,0.28061739909508554,0.6122561434801864,0.28061739909508554,1.122469596380343,0.6377668161251941,1.530640358700466,0.35714941703010855,1.2755336322503865,0.8673628699302641,0.841852197285256,1.3265549775404044,0.765320179350233,1.8877897757305762,2.015343138955613,0.22959605380506976,1.0204269058003106
24033801006,0.9949162331553026,1.1479802690253493,1.4796190134104497,1.250022959605382,0.2806173990950853,0.6632774887702018,0.3316387443851009,1.1224695963803395,0.6632774887702041,1.4796190134104532,0.45919210761013984,1.27553363225039,0.9438948878652875,0.9183842152202795,1.3775763228304208,0.8418521972852564,1.6581937219255047,2.142896502180652,0.25510672645007765,0.5102134529001553
24033801105,1.3520656501854118,0.4847027802551476,0.8673628699302637,1.4796190134104497,0.1020426905800311,0.6122561434801864,0.1020426905800311,1.683704394570511,1.6326830492804985,1.862279103085566,0.20408538116006208,1.352065650185411,1.224512286960372,0.22959605380506976,0.9949162331553024,0.841852197285256,2.321471210695705,1.8112577577955509,0.05102134529001552,1.5051296860554586
24033801106,0.8163415246402486,0.7142988340602175,1.096958923735334,1.5816617039904803,0.1785747085150544,0.5867454708351788,0.1530640358700466,1.5051296860554595,0.9183842152202781,1.709215067215521,0.20408538116006208,1.25002295960538,1.1479802690253493,0.4081707623201244,1.1734909416703576,0.5867454708351788,2.1173858295356474,2.015343138955613,0.0765320179350233,0.45919210761013984
24033801207,1.071448251090326,1.2245122869603728,1.4541083407654416,1.071448251090327,0.3061280717400932,0.6632774887702022,0.40817076232012417,1.0969589237353368,0.6632774887702004,1.5561510313454723,0.5102134529001553,1.3010443048953981,0.9438948878652875,0.9949162331553024,1.403086995475427,0.9183842152202795,1.9133004483755824,2.1173858295356456,0.28061739909508554,1.0459375784453182
24033801208,0.994916233155303,1.1479802690253493,1.4796190134104514,1.224512286960372,0.25510672645007765,0.6377668161251941,0.3061280717400932,1.1479802690253493,0.7398095067052266,1.5561510313454723,0.4847027802551476,1.3010443048953964,0.8928735425752717,0.9183842152202799,1.3265549775404044,0.8673628699302639,1.8367684304405598,2.0663644842456295,0.25510672645007765,0.9694055605102948
24033801209,1.2500229596053802,1.1990016143153648,1.4541083407654416,1.1734909416703558,0.25510672645007765,0.6887881614152095,0.3571494170301088,1.122469596380343,0.765320179350233,1.505129686055456,0.5612347981901709,1.3265549775404026,0.9949162331553024,0.994916233155303,1.377576322830419,0.994916233155303,1.7602364125055336,2.16840717482566,0.3061280717400932,0.9183842152202799
24033801210,1.1734909416703572,1.1479802690253493,1.403086995475427,1.0459375784453206,0.3316387443851011,0.6122561434801864,0.40817076232012417,1.0459375784453206,0.7142988340602167,1.6071723766354884,0.535724125545163,1.352065650185411,0.8673628699302641,1.0204269058003106,1.3520656501854127,0.8673628699302641,1.9898324663106048,2.0663644842456295,0.2806173990950853,1.0204269058003106
24033801211,1.1224695963803413,1.1734909416703576,1.403086995475427,1.122469596380343,0.2806173990950853,0.6632774887702018,0.35714941703010855,1.1479802690253493,0.7142988340602167,1.4541083407654434,0.5102134529001553,1.3265549775404044,0.9438948878652875,0.9438948878652875,1.377576322830419,0.8163415246402483,2.040853811600621,2.0918751568906373,0.25510672645007765,0.8418521972852564
24033801212,1.1734909416703572,1.096958923735334,1.3010443048953964,1.071448251090327,0.3061280717400932,0.6122561434801864,0.35714941703010855,1.1479802690253493,0.6632774887702041,1.4285976681204333,0.5102134529001553,1.3265549775404044,0.8673628699302641,0.8928735425752717,1.3265549775404044,0.765320179350233,2.040853811600621,1.9388111210205905,0.28061739909508554,1.0459375784453182
24033801213,1.0459375784453182,1.1479802690253493,1.352065650185411,1.0204269058003106,0.306128071740093,0.6632774887702018,0.3571494170301088,1.1479802690253493,0.6377668161251941,1.530640358700466,0.4847027802551476,1.3775763228304208,0.9183842152202795,0.8928735425752722,1.3265549775404026,0.7142988340602175,1.862279103085566,2.0663644842456295,0.22959605380506998,0.8928735425752717
24033801214,1.0459375784453182,1.1224695963803413,1.3265549775404026,1.0459375784453169,0.3316387443851011,0.6377668161251941,0.40817076232012417,1.1479802690253493,0.6632774887702041,1.530640358700466,0.5102134529001551,1.428597668120435,0.9183842152202795,0.8928735425752717,1.352065650185411,0.7908308519952406,2.2959605380506987,2.015343138955613,0.2806173990950853,1.096958923735334
24033801215,1.1224695963803415,1.096958923735334,1.403086995475427,1.1734909416703594,0.28061739909508554,0.6377668161251941,0.2806173990950853,1.1734909416703558,0.765320179350233,1.5561510313454758,0.4847027802551475,1.2755336322503883,0.8928735425752717,0.8418521972852564,1.3010443048953946,0.8673628699302641,1.8112577577955498,1.9898324663106048,0.25510672645007765,0.8418521972852564
24033801216,1.403086995475427,1.1734909416703576,1.377576322830419,1.0459375784453206,0.3316387443851011,0.6377668161251941,0.43368143496513184,1.1479802690253493,0.8418521972852555,1.5561510313454758,0.6377668161251944,1.352065650185411,0.918384215220279,1.0459375784453182,1.3265549775404044,1.0204269058003106,1.8112577577955535,2.040853811600621,0.3316387443851009,1.3520656501854114
24033801217,1.2755336322503883,1.1990016143153648,1.428597668120435,1.071448251090327,0.3061280717400932,0.6377668161251941,0.43368143496513206,1.071448251090327,0.7142988340602167,1.4541083407654434,0.6377668161251941,1.377576322830419,0.8928735425752717,0.9949162331553034,1.377576322830419,0.9183842152202795,1.9388111210205923,2.0663644842456277,0.3316387443851011,1.4541083407654425
24033801302,0.8928735425752717,1.1224695963803413,1.3265549775404044,1.1990016143153621,0.3826600896751165,0.5867454708351784,0.3826600896751165,1.1224695963803395,0.5867454708351779,1.530640358700466,0.4847027802551474,1.1990016143153621,0.9183842152202799,0.7908308519952411,1.377576322830419,0.5612347981901709,2.0918751568906373,1.8877897757305742,0.20408538116006208,0.765320179350233
24033801305,1.096958923735334,1.0969589237353332,1.3265549775404044,1.0969589237353332,0.306128071740093,0.6122561434801864,0.3826600896751165,1.1479802690253493,0.7142988340602203,1.4796190134104497,0.45919210761013995,1.3010443048953964,0.8928735425752717,0.9183842152202799,1.352065650185411,0.8163415246402483,1.9898324663106086,2.040853811600621,0.28061739909508543,0.7908308519952408
24033801307,0.9694055605102952,1.224512286960372,1.377576322830419,0.9694055605102944,0.3826600896751165,0.5612347981901711,0.45919210761013973,1.0204269058003106,0.5102134529001553,1.3010443048953946,0.5357241255451632,1.1990016143153657,0.765320179350233,0.994916233155303,1.377576322830419,0.6377668161251941,1.7092150672155173,1.9133004483755824,0.3316387443851009,0.5102134529001553
24033801308,0.9438948878652871,1.1479802690253493,1.377576322830419,1.122469596380343,0.3061280717400932,0.6122561434801864,0.3571494170301088,1.0969589237353332,0.6122561434801878,1.3775763228304208,0.45919210761013973,1.2755336322503883,0.8673628699302641,0.9438948878652871,1.352065650185411,0.663277488770202,1.9643217936655986,1.9898324663106068,0.28061739909508543,0.9438948878652871
24033801309,0.6887881614152095,1.1734909416703576,1.403086995475427,1.071448251090327,0.3826600896751162,0.5867454708351784,0.3571494170301088,1.0204269058003106,0.45919210761013907,1.3775763228304208,0.3826600896751166,1.1734909416703558,0.8673628699302637,0.8928735425752713,1.4541083407654416,0.535724125545163,1.7857470851505435,2.040853811600621,0.22959605380506998,0.6632774887702018
24033801310,0.8418521972852564,1.096958923735334,1.403086995475427,1.2245122869603755,0.28061739909508554,0.6122561434801864,0.2806173990950853,1.1479802690253493,0.6377668161251941,1.4541083407654396,0.4081707623201244,1.2755336322503865,0.8928735425752717,0.841852197285256,1.3265549775404044,0.7398095067052253,1.7602364125055336,2.040853811600621,0.20408538116006208,0.8163415246402488
24033801311,0.739809506705225,1.0459375784453178,1.3520656501854127,1.1990016143153621,0.25510672645007765,0.6122561434801864,0.2806173990950853,1.122469596380343,0.561234798190168,1.4796190134104532,0.331638744385101,1.2500229596053782,0.8673628699302641,0.7908308519952406,1.3520656501854127,0.6122561434801862,1.683704394570511,2.0153431389556147,0.1785747085150544,0.765320179350233
24033801312,1.1224695963803417,1.1224695963803422,1.352065650185411,1.0969589237353332,0.3061280717400932,0.6122561434801864,0.35714941703010855,1.0969589237353368,0.6887881614152104,1.4541083407654434,0.45919210761013973,1.250022959605382,0.8673628699302637,0.9183842152202795,1.3775763228304208,0.739809506705225,1.862279103085566,1.9643217936655968,0.25510672645007776,0.9183842152202795
24033801313,0.8418521972852564,1.071448251090327,1.3010443048953964,1.0204269058003106,0.28061739909508554,0.5867454708351788,0.2806173990950853,1.071448251090327,0.5612347981901715,1.4796190134104497,0.35714941703010855,1.2755336322503883,0.8163415246402488,0.8163415246402483,1.377576322830419,0.5612347981901709,1.7602364125055336,1.9388111210205887,0.2040853811600622,0.994916233155303
24033801404,1.0459375784453182,1.0204269058003106,1.3010443048953964,1.1990016143153657,0.2806173990950853,0.5867454708351784,0.3061280717400932,1.1990016143153657,0.6632774887702041,1.5051296860554595,0.3826600896751165,1.2755336322503883,0.9183842152202795,0.765320179350233,1.352065650185411,0.7142988340602171,2.0153431389556147,1.9898324663106068,0.1785747085150544,0.6377668161251944
24033801405,2.040853811600621,0.9183842152202799,1.224512286960372,1.1479802690253493,0.22959605380506976,0.5867454708351788,0.3316387443851009,1.352065650185411,1.0459375784453169,1.5561510313454723,0.45919210761013973,1.4285976681204333,0.918384215220279,0.765320179350233,1.2755336322503883,0.9694055605102952,2.2449391927606825,1.8877897757305742,0.2040853811600622,1.6837043945705128
24033801406,1.377576322830419,1.096958923735334,1.3520656501854127,1.1479802690253493,0.28061739909508554,0.6887881614152095,0.3571494170301088,1.1734909416703558,0.8163415246402492,1.6326830492804985,0.5612347981901709,1.377576322830419,0.9438948878652875,0.8928735425752717,1.3010443048953964,1.0204269058003106,1.8112577577955498,2.040853811600621,0.2806173990950853,1.0969589237353337
24033801407,1.1224695963803417,1.096958923735334,1.3520656501854127,1.0969589237353332,0.2806173990950853,0.6377668161251941,0.3061280717400932,1.122469596380343,0.6377668161251941,1.428597668120437,0.43368143496513206,1.2755336322503883,0.9183842152202799,0.8673628699302637,1.3265549775404044,0.7142988340602175,1.683704394570511,2.0663644842456277,0.22959605380506998,0.892873542575272
24033801408,1.0459375784453182,1.0204269058003106,1.3265549775404026,1.1990016143153657,0.22959605380506998,0.6632774887702022,0.28061739909508554,1.1734909416703558,0.7142988340602167,1.4541083407654434,0.40817076232012417,1.403086995475427,0.9438948878652871,0.765320179350233,1.3010443048953964,0.8418521972852564,1.8367684304405598,2.040853811600621,0.20408538116006208,1.1479802690253493
24033801409,1.301044304895396,1.071448251090326,1.3010443048953946,1.0459375784453169,0.306128071740093,0.5867454708351784,0.40817076232012417,1.1734909416703594,0.7142988340602167,1.4541083407654434,0.5357241255451632,1.3265549775404044,0.8418521972852564,0.9438948878652875,1.3520656501854127,0.7398095067052253,2.015343138955611,2.015343138955613,0.3061280717400932,1.1990016143153652
24033801410,1.0714482510903265,1.1734909416703576,1.352065650185411,1.0204269058003106,0.3316387443851009,0.5867454708351788,0.40817076232012417,1.0969589237353332,0.6122561434801842,1.530640358700466,0.5357241255451632,1.3265549775404044,0.8673628699302641,0.9694055605102948,1.403086995475427,0.6887881614152095,1.9388111210205923,2.015343138955613,0.3061280717400932,0.765320179350233
24033801411,1.1224695963803417,1.1224695963803422,1.352065650185411,1.1224695963803395,0.2806173990950853,0.5867454708351788,0.35714941703010855,1.1734909416703594,0.6887881614152067,1.530640358700466,0.43368143496513184,1.2755336322503883,0.8673628699302641,0.9183842152202795,1.3520656501854127,0.6887881614152095,1.8112577577955498,1.9388111210205905,0.25510672645007776,0.7908308519952406
24033801500,1.5816617039904812,1.096958923735334,1.2755336322503883,1.071448251090327,0.2806173990950853,0.6377668161251941,0.35714941703010855,1.224512286960372,0.7908308519952428,1.4796190134104497,0.5102134529001553,1.3520656501854127,0.9438948878652871,0.8928735425752717,1.352065650185411,0.8928735425752717,1.862279103085566,2.040853811600621,0.2806173990950853,0.8673628699302641
24033801600,1.5816617039904812,0.9949162331553024,1.3265549775404026,1.122469596380343,0.22959605380506998,0.7142988340602175,0.3316387443851009,1.2755336322503883,1.0204269058003106,1.6326830492804967,0.5102134529001555,1.403086995475427,1.071448251090326,0.841852197285256,1.2245122869603728,1.2755336322503883,2.0918751568906373,2.142896502180652,0.25510672645007765,1.556151031345474
24033801701,1.0714482510903265,1.0204269058003106,1.3265549775404026,1.1734909416703558,0.22959605380506998,0.6632774887702018,0.28061739909508554,1.224512286960372,0.8163415246402492,1.5816617039904821,0.3826600896751165,1.3265549775404044,0.9438948878652875,0.8163415246402483,1.2755336322503874,0.841852197285256,1.8367684304405598,2.0918751568906355,0.22959605380506998,0.994916233155303
24033801702,1.2500229596053807,1.0459375784453178,1.3520656501854127,1.224512286960372,0.2040853811600622,0.7142988340602171,0.28061739909508554,1.250022959605382,0.8928735425752717,1.6326830492804967,0.4847027802551476,1.403086995475427,1.020426905800311,0.8418521972852564,1.2755336322503883,1.1479802690253493,2.16840717482566,2.040853811600621,0.22959605380506987,1.5051296860554586
24033801704,1.4796190134104505,1.071448251090327,1.3775763228304208,1.224512286960372,0.2040853811600622,0.7142988340602171,0.35714941703010855,1.2245122869603755,0.9694055605102944,1.556151031345474,0.5867454708351786,1.428597668120435,1.0204269058003106,0.9183842152202795,1.2755336322503883,1.2755336322503878,2.142896502180654,2.0918751568906373,0.3061280717400932,0.8673628699302637
24033801707,2.142896502180653,0.9438948878652871,1.2755336322503883,1.1224695963803395,0.2040853811600622,0.6632774887702018,0.3826600896751165,1.3265549775404044,1.1990016143153657,1.556151031345474,0.5612347981901709,1.377576322830419,1.0204269058003106,0.8673628699302646,1.2245122869603728,1.3265549775404035,2.19391784747067,2.0663644842456295,0.2806173990950853,1.9388111210205905
24033801709,1.3010443048953964,1.0204269058003106,1.2755336322503883,1.122469596380343,0.22959605380506976,0.6377668161251941,0.3316387443851009,1.1990016143153657,0.8418521972852555,1.6326830492804985,0.535724125545163,1.377576322830419,0.9694055605102952,0.8673628699302637,1.3010443048953964,1.0714482510903265,2.0663644842456277,2.015343138955613,0.22959605380506998,1.47961901341045
24033801801,1.454108340765443,1.0204269058003106,1.428597668120435,1.1734909416703558,0.22959605380506998,0.7398095067052253,0.3316387443851009,1.224512286960372,1.0204269058003106,1.6326830492804967,0.5102134529001553,1.428597668120435,1.0459375784453186,0.8418521972852564,1.2755336322503883,1.2755336322503878,2.1939178474706664,2.142896502180652,0.25510672645007765,1.70921506721552
24033801802,1.1224695963803417,1.071448251090327,1.403086995475427,1.1734909416703558,0.25510672645007765,0.6887881614152095,0.3316387443851009,1.1734909416703594,0.7908308519952393,1.5816617039904821,0.43368143496513184,1.403086995475427,0.9694055605102948,0.8418521972852564,1.3265549775404035,0.9183842152202799,1.8112577577955535,2.16840717482566,0.22959605380506987,0.994916233155303
24033801807,1.1224695963803417,1.071448251090327,1.4285976681204333,1.1224695963803395,0.25510672645007765,0.6887881614152099,0.35714941703010855,1.1479802690253493,0.8163415246402492,1.4796190134104532,0.5102134529001553,1.403086995475427,0.9183842152202795,0.9183842152202795,1.3010443048953964,1.0204269058003106,2.040853811600621,2.117385829535644,0.2806173990950853,1.3265549775404035
24033801808,1.326554977540404,1.071448251090326,1.428597668120435,1.0714482510903232,0.25510672645007765,0.7142988340602175,0.3571494170301088,1.1479802690253493,0.8928735425752717,1.6837043945705128,0.5357241255451632,1.403086995475427,0.9949162331553034,0.9183842152202795,1.3010443048953955,1.1479802690253493,2.2194285201156765,2.16840717482566,0.28061739909508554,1.2245122869603728
24033801809,1.428597668120435,1.1734909416703576,1.3775763228304208,1.0459375784453169,0.3061280717400932,0.6632774887702022,0.45919210761013973,1.0969589237353332,0.8418521972852555,1.505129686055456,0.663277488770202,1.403086995475427,0.9438948878652871,1.0459375784453186,1.352065650185411,1.1224695963803417,2.117385829535644,2.0663644842456295,0.3826600896751165,1.6071723766354893
24033801901,0.994916233155303,1.1479802690253493,1.3265549775404026,1.0204269058003106,0.306128071740093,0.6377668161251941,0.3826600896751165,1.0969589237353332,0.6887881614152067,1.4541083407654434,0.5102134529001553,1.3520656501854127,0.8673628699302637,0.9438948878652871,1.352065650185411,0.765320179350233,1.709215067215521,1.9643217936655986,0.28061739909508554,0.841852197285256
24033801904,1.0459375784453182,0.9949162331553034,1.25002295960538,1.1734909416703558,0.25510672645007765,0.6122561434801864,0.2806173990950853,1.224512286960372,0.765320179350233,1.5816617039904821,0.3826600896751165,1.352065650185411,0.918384215220279,0.765320179350233,1.2755336322503883,0.7908308519952406,1.9133004483755824,1.9898324663106068,0.17857470851505428,0.994916233155303
24033801905,1.0204269058003106,0.9694055605102952,1.352065650185411,1.2755336322503883,0.22959605380506976,0.6377668161251941,0.22959605380506976,1.224512286960372,0.8418521972852555,1.5051296860554595,0.35714941703010855,1.3010443048953946,0.9183842152202795,0.7142988340602171,1.25002295960538,0.8928735425752717,1.683704394570511,2.0663644842456295,0.1785747085150544,0.994916233155303
24033801906,1.0459375784453182,0.9949162331553034,1.3010443048953964,1.250022959605382,0.22959605380506998,0.6122561434801864,0.25510672645007765,1.250022959605382,0.7908308519952393,1.6581937219255047,0.3826600896751165,1.377576322830419,0.9438948878652871,0.7142988340602175,1.2500229596053811,0.7908308519952406,2.040853811600621,2.0153431389556147,0.17857470851505428,1.2245122869603728
24033801907,1.2755336322503883,1.2245122869603728,1.377576322830419,0.9183842152202817,0.3061280717400932,0.6887881614152099,0.45919210761013973,0.9949162331553006,0.6632774887702004,1.4796190134104497,0.6887881614152095,1.377576322830419,0.9183842152202795,1.0969589237353332,1.3265549775404026,1.0204269058003106,2.117385829535644,2.040853811600621,0.3571494170301088,1.2755336322503887
24033801908,1.6837043945705128,1.0204269058003106,1.4541083407654416,1.2755336322503883,0.17857470851505428,0.7398095067052253,0.28061739909508554,1.3010443048953981,1.0969589237353332,1.7857470851505417,0.4847027802551476,1.352065650185411,1.0459375784453186,0.8163415246402488,1.2755336322503874,1.2755336322503887,2.0663644842456312,2.142896502180652,0.25510672645007754,1.4285976681204346
24033802001,1.454108340765443,0.9949162331553024,1.3265549775404026,1.1990016143153657,0.22959605380506998,0.7142988340602171,0.3061280717400932,1.3010443048953946,1.0459375784453206,1.5561510313454758,0.5102134529001553,1.428597668120435,1.0204269058003106,0.841852197285256,1.2755336322503892,1.2245122869603728,1.9898324663106048,2.0663644842456295,0.25510672645007776,1.2245122869603724
24033802002,0.9438948878652873,1.071448251090326,1.3520656501854127,1.1479802690253493,0.25510672645007765,0.6377668161251941,0.2806173990950853,1.1224695963803395,0.6887881614152104,1.530640358700466,0.3826600896751165,1.403086995475427,0.8673628699302641,0.7908308519952411,1.2755336322503883,0.7908308519952406,1.7857470851505435,2.0663644842456295,0.22959605380506998,0.9183842152202799
24033802103,1.096958923735334,1.1479802690253493,1.352065650185411,1.0459375784453206,0.2806173990950853,0.6632774887702018,0.3826600896751165,1.1479802690253493,0.765320179350233,1.5561510313454758,0.5357241255451632,1.3775763228304208,0.9694055605102948,0.9438948878652871,1.3265549775404044,0.9694055605102952,2.0918751568906373,2.040853811600621,0.25510672645007765,1.4285976681204342
24033802104,1.4796190134104505,1.1479802690253493,1.403086995475427,1.0969589237353332,0.2806173990950853,0.6887881614152095,0.40817076232012417,1.1990016143153657,0.8418521972852592,1.683704394570511,0.663277488770202,1.377576322830419,0.9694055605102952,0.9949162331553024,1.3265549775404026,1.1224695963803417,2.1939178474706664,2.0663644842456295,0.3316387443851011,0.9183842152202795
24033802106,1.3775763228304194,0.9949162331553024,1.377576322830419,1.3265549775404044,0.20408538116006208,0.7142988340602175,0.3061280717400931,1.3010443048953981,1.071448251090327,1.6071723766354884,0.45919210761013973,1.4541083407654416,1.071448251090326,0.7908308519952406,1.25002295960538,1.2245122869603724,2.1939178474706664,2.1173858295356456,0.22959605380506998,1.2755336322503878
24033802107,1.6837043945705124,1.0204269058003106,1.4541083407654416,1.403086995475427,0.20408538116006208,0.765320179350233,0.3061280717400932,1.3010443048953981,1.1990016143153657,1.6071723766354902,0.6122561434801864,1.403086995475427,1.096958923735334,0.8928735425752717,1.25002295960538,1.70921506721552,1.9388111210205887,2.142896502180652,0.28061739909508543,1.4030869954754275
24033802201,1.0714482510903265,0.9438948878652871,1.3265549775404044,1.352065650185411,0.2040853811600622,0.6377668161251941,0.2040853811600622,1.2500229596053782,0.7398095067052266,1.530640358700466,0.3061280717400931,1.2755336322503865,0.9694055605102952,0.6632774887702018,1.2500229596053811,0.8163415246402483,1.7857470851505435,2.0918751568906373,0.1530640358700466,0.765320179350233
24033802203,1.2500229596053807,1.071448251090327,1.377576322830419,1.0459375784453206,0.28061739909508554,0.6377668161251941,0.35714941703010855,1.1734909416703558,0.739809506705223,1.5561510313454723,0.5102134529001553,1.403086995475427,0.9438948878652871,0.8928735425752713,1.3265549775404026,0.8673628699302641,1.9898324663106048,2.0918751568906373,0.25510672645007765,1.6581937219255047
24033802204,0.9694055605102948,1.1224695963803413,1.3520656501854127,1.122469596380343,0.2806173990950853,0.6377668161251941,0.3316387443851009,1.1224695963803395,0.7142988340602167,1.530640358700466,0.43368143496513206,1.3265549775404044,0.8673628699302641,0.8928735425752717,1.3265549775404044,0.7908308519952406,1.7857470851505435,2.0918751568906355,0.25510672645007776,1.3265549775404035
24033802301,1.301044304895396,1.1990016143153648,1.403086995475427,1.0459375784453169,0.2806173990950853,0.6632774887702018,0.43368143496513184,1.122469596380343,0.7908308519952428,1.5816617039904821,0.6887881614152097,1.403086995475427,0.9438948878652871,1.071448251090326,1.3520656501854127,1.071448251090326,2.040853811600621,2.0663644842456295,0.3316387443851009,1.2245122869603728
24033802404,1.1479802690253493,1.0459375784453178,1.377576322830419,1.1479802690253493,0.22959605380506976,0.7398095067052253,0.3061280717400932,1.1734909416703558,0.8673628699302655,1.7857470851505417,0.5102134529001551,1.4541083407654434,1.0714482510903265,0.841852197285256,1.224512286960372,1.1990016143153652,2.2704498654056926,2.0663644842456295,0.22959605380506998,1.836768430440559
24033802405,1.1734909416703572,1.0459375784453186,1.3265549775404044,1.1479802690253493,0.25510672645007765,0.6632774887702018,0.3316387443851009,1.1479802690253493,0.7398095067052266,1.6581937219255047,0.45919210761013995,1.377576322830419,0.918384215220279,0.8418521972852564,1.2755336322503883,0.8928735425752717,1.9898324663106048,2.015343138955613,0.25510672645007754,1.1734909416703572
24033802406,1.1479802690253493,0.9949162331553034,1.3010443048953964,1.1479802690253493,0.22959605380506976,0.6632774887702018,0.3061280717400932,1.224512286960372,0.8418521972852592,1.5561510313454758,0.4081707623201244,1.377576322830419,0.9438948878652875,0.8163415246402488,1.3010443048953955,0.9183842152202795,1.964321793665595,2.040853811600621,0.22959605380506987,1.0459375784453186
24033802407,1.3775763228304194,1.0969589237353332,1.428597668120435,1.122469596380343,0.25510672645007765,0.6887881614152099,0.3571494170301088,1.1990016143153657,0.8163415246402492,1.6326830492804967,0.5357241255451632,1.377576322830419,0.994916233155303,0.9183842152202795,1.3265549775404026,1.1479802690253493,2.142896502180654,2.0918751568906373,0.28061739909508543,1.3520656501854118
24033802408,0.9694055605102948,1.071448251090327,1.3520656501854127,1.0459375784453206,0.22959605380506976,0.6632774887702018,0.3316387443851009,1.1479802690253493,0.6887881614152104,1.505129686055456,0.40817076232012417,1.377576322830419,0.9694055605102952,0.8673628699302637,1.2755336322503883,0.8673628699302641,1.9643217936655986,2.0663644842456295,0.22959605380506998,1.0204269058003106
24033802501,1.1734909416703572,1.071448251090326,1.3265549775404044,1.122469596380343,0.22959605380506998,0.6632774887702018,0.3061280717400932,1.1990016143153657,0.8163415246402492,1.6581937219255047,0.4847027802551474,1.352065650185411,0.9694055605102952,0.8928735425752717,1.25002295960538,1.0204269058003106,2.040853811600621,2.0663644842456295,0.22959605380506998,1.3520656501854114
24033802502,1.403086995475427,1.096958923735334,1.352065650185411,1.1224695963803395,0.2806173990950853,0.6632774887702018,0.3571494170301088,1.224512286960372,0.8418521972852555,1.5816617039904821,0.5357241255451632,1.3265549775404044,0.918384215220279,0.9183842152202799,1.3265549775404026,0.994916233155303,2.0918751568906373,2.0918751568906373,0.3061280717400932,0.8163415246402488
24033802600,1.2755336322503887,1.071448251090327,1.3520656501854127,1.1734909416703594,0.22959605380506976,0.6632774887702018,0.3316387443851009,1.1990016143153657,0.8418521972852555,1.6581937219255047,0.45919210761013973,1.3520656501854127,0.9438948878652875,0.8928735425752717,1.3010443048953964,0.9438948878652871,2.117385829535644,2.0918751568906373,0.25510672645007765,1.47961901341045
24033802700,1.4541083407654425,1.0459375784453186,1.3010443048953946,1.0969589237353332,0.25510672645007765,0.6377668161251941,0.3826600896751165,1.2500229596053782,0.8418521972852555,1.5051296860554595,0.535724125545163,1.352065650185411,0.8928735425752717,0.8928735425752717,1.2755336322503883,0.994916233155303,2.015343138955611,2.015343138955613,0.28061739909508554,1.2245122869603724
24033802803,1.071448251090326,1.0204269058003106,1.3265549775404026,1.122469596380343,0.22959605380506998,0.6887881614152095,0.28061739909508554,1.1734909416703558,0.765320179350233,1.5561510313454758,0.43368143496513184,1.352065650185411,0.9694055605102948,0.7908308519952402,1.2755336322503883,0.9183842152202795,1.9133004483755824,2.0918751568906373,0.2040853811600622,1.1224695963803417
24033802804,1.301044304895396,1.1224695963803422,1.377576322830419,1.122469596380343,0.3061280717400932,0.6632774887702018,0.3826600896751165,1.1990016143153657,0.8673628699302618,1.5561510313454723,0.5612347981901709,1.3265549775404044,0.9183842152202795,0.918384215220279,1.250022959605382,1.0204269058003106,2.0918751568906373,2.0918751568906355,0.3061280717400932,1.556151031345474
24033802805,1.4541083407654425,1.096958923735334,1.3265549775404026,1.071448251090327,0.25510672645007765,0.6887881614152099,0.40817076232012417,1.1990016143153657,0.8928735425752717,1.6071723766354884,0.5612347981901706,1.403086995475427,0.9438948878652875,0.9438948878652871,1.3265549775404026,1.0459375784453182,1.9643217936655986,2.040853811600621,0.3316387443851009,1.3775763228304194
24033802901,1.403086995475427,1.096958923735334,1.3520656501854127,1.0459375784453169,0.25510672645007765,0.6632774887702018,0.4081707623201244,1.224512286960372,0.8673628699302655,1.505129686055456,0.5867454708351786,1.403086995475427,0.9438948878652875,0.9694055605102952,1.3265549775404044,1.096958923735334,2.2194285201156765,2.117385829535644,0.3061280717400932,1.096958923735334
24033803001,1.301044304895396,1.071448251090327,1.2755336322503883,1.0459375784453206,0.22959605380506976,0.6632774887702018,0.3826600896751165,1.224512286960372,0.8418521972852555,1.709215067215519,0.5612347981901709,1.377576322830419,0.9438948878652871,0.918384215220279,1.3010443048953946,1.0714482510903265,2.1939178474706664,2.040853811600621,0.25510672645007765,1.7602364125055354
24033803002,1.0204269058003106,1.071448251090326,1.3520656501854127,1.0969589237353332,0.25510672645007765,0.6887881614152099,0.3316387443851011,1.1479802690253493,0.7142988340602167,1.6326830492804985,0.43368143496513206,1.377576322830419,0.9438948878652871,0.8673628699302641,1.3265549775404044,0.8928735425752717,2.117385829535644,2.0918751568906355,0.22959605380506976,1.25002295960538
24033803100,1.5051296860554577,1.096958923735334,1.3520656501854127,1.0714482510903232,0.22959605380506976,0.6632774887702018,0.3826600896751165,1.1990016143153657,0.9438948878652844,1.5561510313454723,0.6122561434801864,1.403086995475427,0.9949162331553024,0.9694055605102952,1.3010443048953946,1.1990016143153652,2.1173858295356474,2.0918751568906355,0.306128071740093,0.8163415246402486
24033803200,1.5816617039904812,1.0204269058003106,1.428597668120435,1.2755336322503883,0.2040853811600622,0.6887881614152095,0.3061280717400932,1.3010443048953981,1.122469596380343,1.6071723766354884,0.535724125545163,1.377576322830419,1.0459375784453182,0.8928735425752722,1.25002295960538,1.2500229596053807,2.040853811600621,2.16840717482566,0.28061739909508554,1.2755336322503883
24033803300,1.7347257398605282,0.9438948878652871,1.2245122869603737,1.0969589237353332,0.22959605380506998,0.6377668161251941,0.3316387443851009,1.3265549775404044,0.9438948878652881,1.6326830492804985,0.4847027802551474,1.3775763228304208,0.9438948878652875,0.7908308519952406,1.2755336322503883,0.9694055605102952,2.015343138955611,2.015343138955613,0.22959605380506998,0.9438948878652871
24033803403,1.6837043945705128,1.0459375784453186,1.2755336322503883,1.0969589237353332,0.25510672645007765,0.6887881614152095,0.4081707623201244,1.2755336322503883,0.9438948878652881,1.5561510313454758,0.6377668161251941,1.4541083407654434,0.9949162331553024,0.9438948878652871,1.3010443048953964,1.1734909416703576,2.2449391927606825,2.040853811600621,0.3061280717400932,1.4285976681204346
24033803508,1.326554977540404,1.0204269058003106,1.3010443048953946,1.071448251090327,0.20408538116006208,0.6632774887702022,0.35714941703010855,1.2245122869603755,0.8673628699302655,1.683704394570511,0.5612347981901709,1.377576322830419,0.9694055605102948,0.8673628699302637,1.2755336322503883,1.1224695963803417,2.19391784747067,1.9643217936655986,0.2806173990950853,1.7857470851505435
24033803509,1.7602364125055354,0.9438948878652871,1.377576322830419,1.4796190134104514,0.1530640358700466,0.7142988340602171,0.25510672645007765,1.3775763228304208,1.1990016143153657,1.709215067215519,0.43368143496513184,1.3775763228304208,1.0714482510903265,0.7398095067052253,1.2245122869603728,1.428597668120435,2.117385829535644,2.117385829535644,0.1785747085150544,1.989832466310606
24033803512,1.0459375784453184,1.1224695963803422,1.403086995475427,1.122469596380343,0.28061739909508554,0.6632774887702018,0.3316387443851011,1.122469596380343,0.7398095067052266,1.4541083407654434,0.4847027802551474,1.2755336322503883,0.8928735425752717,0.8928735425752717,1.3265549775404044,0.892873542575272,1.8877897757305762,2.0918751568906373,0.25510672645007754,0.8163415246402483
24033803513,1.199001614315365,1.1224695963803422,1.4541083407654434,1.1990016143153657,0.25510672645007765,0.6887881614152095,0.3571494170301088,1.122469596380343,0.8163415246402492,1.428597668120437,0.5867454708351787,1.3265549775404044,0.9694055605102952,0.9694055605102948,1.3010443048953955,1.0459375784453182,2.040853811600621,2.1939178474706664,0.3061280717400932,1.1479802690253493
24033803514,0.6377668161251941,0.9438948878652871,1.250022959605382,1.2755336322503883,0.20408538116006208,0.6377668161251941,0.1785747085150544,1.1479802690253493,0.6377668161251941,1.5051296860554595,0.25510672645007765,1.2500229596053782,0.9183842152202795,0.6377668161251941,1.2755336322503874,0.7142988340602175,1.6326830492804947,1.9898324663106048,0.1530640358700466,0.739809506705225
24033803516,0.8928735425752717,1.071448251090327,1.403086995475427,1.224512286960372,0.28061739909508554,0.6377668161251941,0.2806173990950853,1.0969589237353332,0.6632774887702041,1.505129686055456,0.43368143496513206,1.2755336322503865,0.8673628699302641,0.8418521972852564,1.3265549775404044,0.8418521972852562,1.6837043945705146,2.040853811600621,0.22959605380506998,1.0204269058003106
24033803519,1.0969589237353337,0.9949162331553024,1.352065650185411,1.250022959605382,0.22959605380506998,0.6632774887702018,0.28061739909508543,1.2500229596053782,0.8418521972852555,1.5561510313454723,0.3826600896751166,1.3010443048953946,0.9438948878652871,0.7398095067052253,1.224512286960372,0.9694055605102948,1.734725739860531,2.0918751568906355,0.22959605380506987,0.8673628699302641
24033803520,0.9438948878652871,1.1990016143153648,1.377576322830419,0.9438948878652881,0.3316387443851009,0.612256143480186,0.3826600896751165,0.9949162331553006,0.5867454708351779,1.224512286960372,0.4847027802551475,1.2500229596053782,0.8673628699302641,0.9694055605102948,1.377576322830419,0.6887881614152099,1.7857470851505435,2.040853811600621,0.3061280717400931,1.0459375784453186
24033803521,0.5612347981901709,1.0204269058003106,1.3265549775404026,1.0969589237353368,0.3061280717400932,0.5867454708351784,0.3061280717400932,1.0459375784453169,0.45919210761013907,1.403086995475427,0.331638744385101,1.1990016143153657,0.8163415246402483,0.7142988340602175,1.3265549775404026,0.4847027802551476,1.709215067215521,1.9133004483755824,0.1785747085150544,0.6887881614152097
24033803524,1.2245122869603724,1.0204269058003106,1.377576322830419,1.3010443048953981,0.20408538116006208,0.7142988340602175,0.25510672645007754,1.250022959605382,0.9183842152202781,1.6326830492804985,0.40817076232012417,1.403086995475427,0.9694055605102952,0.7908308519952406,1.25002295960538,1.0714482510903265,1.7602364125055336,2.0918751568906373,0.22959605380506987,0.9183842152202795
24033803525,1.4796190134104505,1.071448251090326,1.4541083407654434,1.250022959605382,0.22959605380506998,0.7398095067052253,0.3316387443851011,1.250022959605382,1.0459375784453206,1.6581937219255047,0.6377668161251941,1.403086995475427,1.071448251090326,0.9694055605102948,1.2245122869603737,1.4796190134104505,2.2194285201156765,2.16840717482566,0.28061739909508554,1.1990016143153648
24033803526,0.9694055605102952,1.25002295960538,1.5051296860554577,1.1479802690253493,0.3061280717400932,0.6887881614152095,0.3316387443851009,1.0714482510903232,0.5867454708351779,1.4285976681204333,0.4847027802551476,1.3010443048953964,0.9183842152202799,0.9694055605102952,1.352065650185411,0.8163415246402483,1.709215067215521,2.2194285201156765,0.28061739909508554,1.0714482510903265
24033803527,1.096958923735334,1.1734909416703567,1.4541083407654416,1.0969589237353332,0.2806173990950853,0.7142988340602171,0.3316387443851009,1.071448251090327,0.7142988340602167,1.4285976681204333,0.535724125545163,1.3265549775404026,0.9694055605102948,0.9694055605102952,1.352065650185411,0.9183842152202797,1.7602364125055372,2.117385829535644,0.3061280717400931,0.9183842152202795
24033803528,0.8163415246402488,1.1734909416703567,1.4285976681204333,1.0459375784453169,0.3061280717400932,0.6632774887702018,0.3316387443851009,1.0204269058003106,0.5612347981901715,1.3775763228304208,0.45919210761013984,1.2245122869603755,0.8673628699302641,0.9183842152202799,1.352065650185411,0.7142988340602173,1.6071723766354922,2.0918751568906373,0.25510672645007776,0.9694055605102952
24033803601,1.1479802690253493,1.0459375784453186,1.2755336322503883,1.0459375784453169,0.28061739909508554,0.6122561434801864,0.3316387443851009,1.1479802690253493,0.6887881614152104,1.4285976681204333,0.45919210761013973,1.3010443048953964,0.841852197285256,0.8418521972852564,1.3010443048953964,0.7398095067052253,1.8112577577955535,1.9643217936655968,0.25510672645007765,0.8673628699302639
24033803602,1.3010443048953964,1.0459375784453186,1.3010443048953964,1.0459375784453169,0.2806173990950853,0.6377668161251941,0.3826600896751165,1.1990016143153657,0.8163415246402456,1.6326830492804947,0.5612347981901706,1.377576322830419,0.9694055605102948,0.9183842152202795,1.2755336322503883,1.0459375784453186,2.270449865405689,1.9898324663106048,0.306128071740093,1.836768430440559
24033803605,1.8877897757305742,0.9438948878652871,1.224512286960372,1.1734909416703594,0.22959605380506976,0.5612347981901706,0.3061280717400932,1.3775763228304172,0.9438948878652881,1.683704394570511,0.43368143496513184,1.3265549775404044,0.9694055605102948,0.7908308519952411,1.2755336322503883,0.9438948878652875,1.9898324663106048,1.9898324663106048,0.20408538116006208,1.1734909416703572
24033803606,1.7857470851505435,0.9694055605102952,1.25002295960538,1.1479802690253493,0.28061739909508554,0.5867454708351788,0.3316387443851011,1.352065650185411,0.9949162331553006,1.6071723766354884,0.43368143496513206,1.3775763228304208,0.9438948878652875,0.8163415246402483,1.3010443048953964,0.9183842152202795,2.270449865405689,1.9388111210205905,0.22959605380506976,1.530640358700466
24033803607,1.4541083407654425,0.9949162331553024,1.2245122869603737,1.071448251090327,0.2806173990950853,0.5612347981901706,0.3316387443851011,1.2500229596053782,0.7908308519952393,1.5051296860554595,0.43368143496513206,1.3265549775404044,0.8418521972852564,0.7908308519952406,1.250022959605382,0.7908308519952406,2.015343138955611,1.8877897757305742,0.22959605380506998,0.8418521972852564
24033803608,1.862279103085567,0.9949162331553024,1.224512286960372,1.122469596380343,0.25510672645007765,0.5867454708351784,0.3571494170301088,1.352065650185411,0.9438948878652881,1.5816617039904821,0.45919210761013995,1.352065650185411,0.9183842152202799,0.8163415246402483,1.3265549775404026,0.9694055605102952,2.19391784747067,1.9898324663106048,0.25510672645007754,1.1990016143153648
24033803610,1.4796190134104505,0.9438948878652871,1.224512286960372,1.122469596380343,0.25510672645007765,0.5867454708351788,0.3061280717400932,1.3265549775404044,0.8418521972852555,1.530640358700466,0.40817076232012417,1.3265549775404044,0.9183842152202795,0.7398095067052253,1.2755336322503883,0.841852197285256,2.0918751568906373,1.9643217936655986,0.20408538116006208,1.1479802690253493
24033803612,1.1479802690253489,0.9183842152202799,1.2755336322503883,1.2755336322503883,0.17857470851505428,0.6377668161251941,0.22959605380506998,1.3010443048953946,0.8163415246402492,1.6326830492804985,0.3571494170301088,1.3265549775404044,1.0204269058003106,0.6632774887702018,1.2245122869603728,0.9183842152202799,2.3469818833407152,2.040853811600621,0.1530640358700466,1.1990016143153652
24033803613,1.1990016143153648,0.9183842152202799,1.25002295960538,1.250022959605382,0.20408538116006208,0.6377668161251941,0.22959605380506998,1.3010443048953946,0.8418521972852555,1.6326830492804967,0.3571494170301088,1.377576322830419,0.9694055605102948,0.6887881614152095,1.224512286960372,0.8928735425752717,2.0918751568906337,2.0153431389556147,0.1785747085150544,1.1734909416703576
24033803700,1.862279103085567,0.8928735425752717,1.1734909416703576,1.224512286960372,0.2040853811600623,0.5612347981901711,0.28061739909508554,1.403086995475427,0.9183842152202781,1.6837043945705146,0.3316387443851009,1.352065650185411,0.9694055605102948,0.6887881614152099,1.2755336322503883,0.841852197285256,2.2959605380506987,1.9388111210205905,0.1530640358700466,1.1734909416703572
24033803801,2.423513901275738,0.8928735425752717,1.25002295960538,1.250022959605382,0.22959605380506998,0.5612347981901706,0.3061280717400932,1.403086995475427,1.0969589237353332,1.709215067215519,0.4081707623201244,1.352065650185411,0.9438948878652875,0.7908308519952406,1.3010443048953964,1.0204269058003106,2.50004591921076,2.040853811600621,0.17857470851505428,1.1224695963803417
24033803803,1.6326830492804967,0.8928735425752717,1.199001614315364,1.250022959605382,0.2040853811600622,0.535724125545163,0.25510672645007765,1.403086995475427,0.8928735425752717,1.5816617039904821,0.3316387443851009,1.428597668120435,0.9438948878652875,0.6887881614152095,1.25002295960538,0.765320179350233,2.2449391927606825,2.015343138955613,0.1530640358700466,1.3775763228304194
24033803900,3.2143447532709777,0.8673628699302646,1.1990016143153657,1.352065650185411,0.17857470851505428,0.5612347981901706,0.3061280717400932,1.5816617039904786,1.5816617039904821,1.7602364125055354,0.45919210761013973,1.352065650185411,1.0459375784453178,0.8163415246402488,1.224512286960372,1.4285976681204342,2.6786206277258153,2.015343138955613,0.17857470851505428,1.6837043945705128
24033804001,1.683704394570512,0.9949162331553034,1.3265549775404044,1.224512286960372,0.20408538116006208,0.6377668161251941,0.3316387443851009,1.352065650185411,0.9694055605102944,1.530640358700464,0.5102134529001553,1.403086995475427,0.9694055605102952,0.8673628699302637,1.2755336322503892,1.1990016143153648,2.14289650218065,2.0663644842456295,0.25510672645007765,1.556151031345474
24033804002,2.1173858295356447,0.9183842152202799,1.250022959605382,1.2755336322503883,0.1785747085150544,0.5867454708351784,0.3061280717400932,1.4285976681204333,1.0969589237353332,1.6837043945705128,0.43368143496513206,1.428597668120435,1.0459375784453186,0.7908308519952406,1.3010443048953946,1.0969589237353337,2.372492555985725,2.015343138955613,0.1785747085150544,1.403086995475427
24033804101,1.301044304895396,1.071448251090326,1.3520656501854127,1.1734909416703558,0.25510672645007765,0.612256143480186,0.35714941703010855,1.2245122869603755,0.7908308519952393,1.6071723766354884,0.5357241255451632,1.3520656501854127,0.9949162331553024,0.8928735425752713,1.3265549775404044,0.994916233155303,1.8367684304405598,2.0663644842456295,0.25510672645007765,0.8673628699302641
24033804102,1.6326830492804967,0.9438948878652871,1.25002295960538,1.250022959605382,0.20408538116006208,0.5867454708351788,0.28061739909508554,1.3520656501854145,0.9438948878652881,1.6581937219255065,0.43368143496513206,1.3520656501854127,0.9694055605102948,0.7908308519952406,1.2755336322503883,0.994916233155303,2.2449391927606825,2.040853811600621,0.20408538116006208,1.5051296860554586
24033804200,0.8418521972852562,1.071448251090326,1.2755336322503883,1.224512286960372,0.3826600896751162,0.5357241255451635,0.3061280717400932,1.2500229596053782,0.6632774887702041,1.403086995475427,0.43368143496513206,1.1479802690253493,0.9694055605102948,0.6632774887702022,1.3520656501854127,0.5102134529001553,2.040853811600621,1.8877897757305742,0.17857470851505428,0.4847027802551475
24033804300,1.47961901341045,0.9438948878652881,1.2755336322503883,1.1990016143153657,0.20408538116006208,0.6122561434801864,0.2806173990950853,1.3010443048953981,0.8673628699302655,1.6326830492804947,0.3571494170301088,1.3520656501854127,0.9438948878652871,0.7908308519952402,1.2755336322503883,0.8928735425752717,2.2194285201156765,2.015343138955613,0.17857470851505428,1.3520656501854118
24033804400,1.709215067215521,0.9183842152202799,1.199001614315364,1.1990016143153657,0.22959605380506976,0.535724125545163,0.2806173990950853,1.403086995475427,0.8928735425752717,1.6837043945705146,0.3316387443851009,1.377576322830419,0.9183842152202795,0.7142988340602175,1.2755336322503883,0.765320179350233,2.2959605380506987,1.9133004483755824,0.17857470851505428,1.1734909416703572
24033804600,1.9898324663106048,0.9949162331553024,1.25002295960538,1.2245122869603755,0.20408538116006208,0.612256143480186,0.35714941703010855,1.403086995475427,1.0204269058003106,1.6581937219255047,0.4847027802551474,1.3265549775404044,1.0459375784453186,0.7908308519952411,1.3010443048953964,0.994916233155303,2.2449391927606825,2.0663644842456295,0.20408538116006208,1.556151031345474
24033804700,1.25002295960538,0.9438948878652871,1.1990016143153657,1.3010443048953946,0.2806173990950853,0.5612347981901706,0.25510672645007765,1.352065650185411,0.7908308519952428,1.505129686055456,0.35714941703010866,1.250022959605382,0.9949162331553034,0.6377668161251941,1.2755336322503883,0.6377668161251944,2.040853811600621,1.9643217936655986,0.1530640358700466,0.6887881614152099
24033804801,1.7347257398605282,0.918384215220279,1.3010443048953964,1.3010443048953981,0.17857470851505428,0.6887881614152095,0.28061739909508543,1.3775763228304208,1.0204269058003106,1.6326830492804985,0.43368143496513206,1.403086995475427,1.0459375784453182,0.7142988340602175,1.2245122869603737,1.096958923735334,2.142896502180654,2.040853811600621,0.20408538116006208,1.3265549775404035
24033804802,2.193917847470668,0.7908308519952411,1.1224695963803413,1.122469596380343,0.2040853811600622,0.5612347981901711,0.2806173990950853,1.4285976681204333,1.0969589237353368,1.5816617039904803,0.3826600896751165,1.377576322830419,0.9949162331553024,0.6632774887702022,1.1734909416703576,1.0204269058003106,2.2959605380506987,1.9898324663106048,0.2040853811600622,1.326554977540404
24033804900,1.6837043945705128,1.0459375784453178,1.250022959605382,0.9694055605102944,0.3061280717400932,0.6122561434801864,0.40817076232012417,1.1479802690253493,0.8418521972852555,1.6326830492804985,0.5612347981901706,1.403086995475427,0.9438948878652875,0.8928735425752722,1.2755336322503883,0.994916233155303,2.3469818833407152,2.015343138955613,0.28061739909508554,1.3775763228304199
24033805000,1.9898324663106053,0.9183842152202799,1.224512286960372,1.0459375784453169,0.25510672645007765,0.6122561434801864,0.3316387443851009,1.3010443048953946,0.9438948878652844,1.530640358700466,0.43368143496513206,1.352065650185411,0.9438948878652875,0.765320179350233,1.3010443048953964,0.8928735425752717,1.7602364125055372,2.040853811600621,0.22959605380506987,1.3010443048953964
24033805101,2.50004591921076,0.8163415246402483,1.1990016143153657,1.4285976681204333,0.1530640358700466,0.5612347981901706,0.25510672645007765,1.6326830492804985,1.352065650185411,1.7347257398605291,0.35714941703010855,1.352065650185411,1.020426905800311,0.7398095067052253,1.224512286960372,1.1734909416703567,2.5765779371457826,2.015343138955613,0.1530640358700466,1.3520656501854114
24033805201,2.602088609790792,0.9438948878652881,1.2245122869603737,1.1990016143153657,0.22959605380506998,0.5867454708351788,0.3316387443851009,1.403086995475427,1.1990016143153657,1.5816617039904803,0.45919210761013973,1.3265549775404044,0.9183842152202799,0.8163415246402483,1.2755336322503883,1.0714482510903265,2.2704498654056926,2.040853811600621,0.22959605380506987,1.530640358700466
24033805202,1.6071723766354893,0.9438948878652871,1.3010443048953964,1.1734909416703594,0.20408538116006208,0.6122561434801864,0.306128071740093,1.3265549775404044,0.9694055605102979,1.6581937219255065,0.43368143496513184,1.3775763228304208,0.9694055605102952,0.8163415246402488,1.25002295960538,1.0969589237353337,2.3724925559857213,2.040853811600621,0.20408538116006208,1.6581937219255047
24033805500,2.2449391927606834,0.8673628699302646,1.224512286960372,1.2755336322503883,0.2040853811600622,0.5612347981901706,0.3061280717400932,1.505129686055456,1.1990016143153621,1.8112577577955518,0.3826600896751165,1.3265549775404026,0.994916233155303,0.7908308519952406,1.25002295960538,1.1224695963803422,2.6531099550808053,2.015343138955613,0.1530640358700466,1.7347257398605274
24033805601,3.137812735335954,0.765320179350233,1.1990016143153657,1.709215067215519,0.12755336322503882,0.5612347981901706,0.3061280717400932,1.7857470851505453,1.7347257398605274,1.6326830492804967,0.45919210761013973,1.1990016143153648,1.1224695963803422,0.7908308519952406,1.25002295960538,1.7602364125055354,3.1123020626909463,2.1173858295356456,0.1530640358700466,2.040853811600621
24033805602,4.030686277911226,0.7398095067052253,1.1990016143153648,1.6326830492804967,0.12755336322503882,0.5867454708351788,0.2806173990950853,1.8622791030855679,1.9643217936655986,1.7347257398605291,0.40817076232012417,1.2755336322503883,1.1224695963803417,0.7398095067052253,1.3010443048953955,1.9388111210205905,2.806173990950854,2.0663644842456295,0.1530640358700466,1.862279103085567
24033805700,2.755152645660839,0.8673628699302646,1.2500229596053811,1.3265549775404009,0.17857470851505428,0.5612347981901711,0.306128071740093,1.6071723766354884,1.3010443048953981,1.7602364125055354,0.3826600896751165,1.377576322830419,1.020426905800311,0.7908308519952406,1.2755336322503883,1.1734909416703576,2.5765779371457826,2.0918751568906373,0.17857470851505428,1.3775763228304199
24033805801,2.5510672645007766,0.8928735425752717,1.199001614315364,1.1990016143153621,0.20408538116006208,0.535724125545163,0.3061280717400932,1.4541083407654434,1.1479802690253493,1.7347257398605274,0.35714941703010855,1.3520656501854127,0.9183842152202795,0.765320179350233,1.2755336322503883,1.0459375784453182,2.3214712106957087,2.040853811600621,0.17857470851505428,1.3010443048953964
24033805802,2.806173990950854,0.8928735425752717,1.2245122869603728,1.2755336322503883,0.2040853811600622,0.5612347981901711,0.3061280717400932,1.505129686055456,1.1990016143153657,1.7347257398605274,0.3826600896751165,1.352065650185411,0.9949162331553024,0.7908308519952411,1.3265549775404026,1.1479802690253493,2.50004591921076,2.0663644842456295,0.17857470851505428,1.4796190134104505
24033805904,2.602088609790792,0.9183842152202799,1.2245122869603737,1.1734909416703594,0.25510672645007765,0.535724125545163,0.3316387443851009,1.4285976681204333,1.0714482510903232,1.6837043945705128,0.40817076232012417,1.352065650185411,0.9183842152202795,0.7908308519952402,1.2755336322503883,0.994916233155303,2.3724925559857213,1.9643217936655986,0.20408538116006208,1.301044304895396
24033805906,2.7041313003708227,0.7908308519952411,1.1990016143153648,1.352065650185411,0.1530640358700466,0.6377668161251941,0.25510672645007765,1.530640358700466,1.4796190134104497,1.6326830492804967,0.4081707623201244,1.3010443048953964,1.0459375784453186,0.6887881614152095,1.25002295960538,1.377576322830419,2.449024573920744,2.0663644842456295,0.1530640358700465,1.5561510313454732
24033805907,1.836768430440559,0.9183842152202799,1.25002295960538,1.2755336322503883,0.1785747085150544,0.6122561434801864,0.2806173990950853,1.403086995475427,1.0459375784453169,1.6581937219255047,0.43368143496513206,1.352065650185411,0.994916233155303,0.7908308519952406,1.2755336322503883,1.0969589237353337,2.3469818833407152,2.0663644842456295,0.1785747085150544,1.2755336322503878
24033805908,1.1990016143153652,0.7142988340602175,1.1734909416703567,1.352065650185411,0.1530640358700466,0.6632774887702022,0.1530640358700466,1.403086995475427,1.122469596380343,1.5306403587004678,0.25510672645007765,1.3265549775404026,1.071448251090326,0.5102134529001555,1.1479802690253493,1.0459375784453182,2.0918751568906373,2.040853811600621,0.12755336322503877,1.0459375784453182
24033805909,1.1479802690253493,0.6122561434801864,1.0204269058003106,1.352065650185411,0.1530640358700466,0.535724125545163,0.12755336322503882,1.4796190134104497,1.0204269058003106,1.6071723766354884,0.1785747085150544,1.3010443048953946,0.9438948878652875,0.40817076232012417,1.096958923735334,0.6887881614152095,2.2449391927606825,1.7857470851505444,0.10204269058003104,0.7653201793502332
24033806000,2.602088609790792,0.8163415246402483,1.1734909416703576,1.3265549775404044,0.17857470851505428,0.5612347981901706,0.25510672645007765,1.5561510313454758,1.3010443048953946,1.6837043945705128,0.3571494170301088,1.3775763228304208,1.0459375784453178,0.6887881614152099,1.2500229596053811,1.2245122869603724,2.270449865405689,2.040853811600621,0.1530640358700466,0.9438948878652875
24033806100,1.301044304895396,0.9694055605102952,1.1990016143153648,1.250022959605382,0.3061280717400932,0.535724125545163,0.28061739909508554,1.3010443048953946,0.6887881614152104,1.530640358700466,0.331638744385101,1.224512286960372,0.9438948878652871,0.6377668161251941,1.3010443048953946,0.535724125545163,2.0153431389556147,1.9388111210205905,0.1530640358700466,0.8673628699302637
24033806400,0.6632774887702018,0.8928735425752717,1.1224695963803422,1.224512286960372,0.33163874438510066,0.5102134529001553,0.28061739909508543,1.3010443048953946,0.7142988340602203,1.4796190134104497,0.35714941703010866,1.1990016143153657,0.994916233155303,0.5102134529001553,1.2755336322503883,0.40817076232012417,2.2959605380506987,1.70921506721552,0.12755336322503882,0.331638744385101
24033806501,2.755152645660839,0.918384215220279,1.25002295960538,1.3010443048953946,0.20408538116006208,0.5867454708351788,0.306128071740093,1.4796190134104497,1.352065650185411,1.7602364125055354,0.45919210761013973,1.3265549775404026,1.0459375784453182,0.8163415246402483,1.3010443048953964,1.2500229596053807,2.5510672645007766,2.0663644842456295,0.20408538116006208,1.4541083407654434
24033806601,3.1633234079809633,0.8163415246402483,1.1734909416703576,1.4285976681204333,0.1785747085150544,0.5867454708351784,0.2806173990950853,1.5816617039904821,1.4285976681204333,1.709215067215521,0.4081707623201244,1.403086995475427,1.0459375784453178,0.7398095067052253,1.3010443048953955,1.3520656501854114,2.5510672645007766,2.0153431389556147,0.17857470851505428,1.428597668120435
24033806602,2.142896502180652,0.8928735425752717,1.224512286960372,1.3010443048953981,0.20408538116006208,0.5867454708351784,0.2806173990950853,1.4796190134104532,1.1990016143153657,1.6837043945705128,0.4081707623201244,1.352065650185411,0.994916233155303,0.765320179350233,1.2755336322503874,1.0459375784453178,2.2449391927606825,1.9643217936655986,0.1785747085150544,1.377576322830419
24033806706,1.1224695963803417,0.9694055605102944,1.224512286960372,1.0969589237353332,0.28061739909508554,0.5612347981901706,0.3316387443851009,1.2245122869603755,0.765320179350233,1.6071723766354884,0.3826600896751165,1.3265549775404044,0.8928735425752717,0.7142988340602171,1.3010443048953964,0.6887881614152099,2.1939178474706664,1.9133004483755824,0.1785747085150544,0.8418521972852564
24033806708,0.8418521972852562,1.1224695963803422,1.3265549775404026,1.1734909416703594,0.3826600896751165,0.5867454708351788,0.35714941703010855,1.250022959605382,0.6377668161251941,1.428597668120437,0.5357241255451632,1.25002295960538,1.0204269058003106,0.7398095067052253,1.3265549775404044,0.6122561434801864,2.3469818833407152,1.9643217936655986,0.2040853811600622,0.6122561434801864
24033806710,0.8418521972852564,0.9694055605102944,1.3010443048953964,1.224512286960372,0.25510672645007765,0.6122561434801864,0.22959605380506987,1.1734909416703594,0.6632774887702004,1.4796190134104532,0.331638744385101,1.2755336322503883,0.8928735425752717,0.7142988340602175,1.2755336322503883,0.663277488770202,1.862279103085566,1.8877897757305742,0.1530640358700466,0.8163415246402488
24033806711,0.994916233155303,0.9694055605102952,1.3010443048953964,1.1479802690253493,0.22959605380506998,0.612256143480186,0.25510672645007765,1.1990016143153657,0.765320179350233,1.5816617039904821,0.35714941703010855,1.3265549775404044,0.9438948878652875,0.7398095067052253,1.2755336322503883,0.765320179350233,2.040853811600621,1.9898324663106068,0.17857470851505428,1.1224695963803417
24033806712,1.071448251090326,1.071448251090326,1.377576322830419,1.2245122869603755,0.25510672645007765,0.6632774887702018,0.28061739909508554,1.224512286960372,0.8163415246402492,1.6071723766354884,0.5102134529001553,1.403086995475427,1.0204269058003106,0.8163415246402483,1.3010443048953964,0.994916233155303,1.9133004483755824,2.0663644842456295,0.25510672645007765,1.1990016143153648
24033806713,1.9133004483755824,0.8418521972852564,1.25002295960538,1.4541083407654434,0.1530640358700466,0.6632774887702018,0.20408538116006208,1.4796190134104497,1.2755336322503883,1.6837043945705128,0.3826600896751165,1.403086995475427,1.071448251090326,0.6377668161251941,1.1990016143153648,1.377576322830419,2.4490245739207475,2.0918751568906373,0.1530640358700466,1.1990016143153648
24033806714,1.8112577577955509,0.7908308519952411,1.2245122869603728,1.530640358700466,0.12755336322503882,0.6122561434801864,0.22959605380506987,1.530640358700466,1.403086995475427,1.7602364125055354,0.43368143496513206,1.377576322830419,1.0459375784453182,0.6632774887702018,1.1734909416703567,1.326554977540404,2.321471210695705,1.9643217936655986,0.1785747085150544,1.4541083407654425
24033806800,1.3775763228304194,0.8928735425752717,1.1479802690253493,1.2755336322503883,0.306128071740093,0.5102134529001553,0.28061739909508554,1.403086995475427,0.8418521972852592,1.6071723766354902,0.3826600896751165,1.25002295960538,0.9694055605102952,0.6122561434801864,1.2755336322503883,0.5867454708351784,2.3214712106957087,1.8112577577955509,0.1530640358700466,0.7908308519952408
24033806900,1.7347257398605278,0.8673628699302637,1.1224695963803422,1.3520656501854145,0.25510672645007765,0.5102134529001553,0.28061739909508543,1.4541083407654396,1.0204269058003106,1.6837043945705128,0.3826600896751165,1.2755336322503883,0.9694055605102952,0.6122561434801864,1.224512286960372,0.7398095067052253,2.3214712106957087,1.8112577577955518,0.12755336322503882,1.0714482510903265
24033807000,1.70921506721552,0.5867454708351788,0.9949162331553024,1.1224695963803413,0.1530640358700465,0.6377668161251941,0.1785747085150544,1.6071723766354884,2.0153431389556147,1.683704394570511,0.3316387443851009,1.3265549775404026,1.25002295960538,0.40817076232012417,1.0459375784453186,1.3010443048953964,2.5510672645007766,1.862279103085567,0.1020426905800311,1.5051296860554577
24033807102,0.9438948878652875,0.8673628699302646,1.1224695963803413,1.2755336322503883,0.25510672645007765,0.5102134529001553,0.25510672645007754,1.3775763228304208,0.8418521972852592,1.5816617039904821,0.3061280717400932,1.224512286960372,1.0204269058003106,0.535724125545163,1.25002295960538,0.5102134529001553,2.19391784747067,1.862279103085566,0.10204269058003104,0.6632774887702018
24033807301,1.1224695963803417,0.7398095067052257,1.0459375784453186,1.1734909416703558,0.2040853811600623,0.5102134529001553,0.20408538116006208,1.4285976681204333,0.9694055605102979,1.5816617039904786,0.28061739909508543,1.3010443048953946,0.9438948878652875,0.5357241255451635,1.1990016143153657,0.6887881614152095,2.117385829535644,1.7347257398605274,0.12755336322503882,0.7142988340602173
24033807304,2.1939178474706673,0.918384215220279,1.1734909416703567,1.122469596380343,0.28061739909508554,0.535724125545163,0.3061280717400932,1.352065650185411,0.9183842152202781,1.5816617039904821,0.3826600896751165,1.352065650185411,0.918384215220279,0.765320179350233,1.3265549775404044,0.7908308519952408,2.16840717482566,1.8877897757305742,0.2040853811600622,1.0714482510903265
24033807305,2.2194285201156765,0.9438948878652881,1.25002295960538,1.1734909416703558,0.20408538116006208,0.5867454708351788,0.3316387443851009,1.403086995475427,1.1479802690253493,1.709215067215519,0.45919210761013973,1.377576322830419,0.9949162331553034,0.7908308519952406,1.25002295960538,1.0204269058003106,2.2959605380506987,2.015343138955613,0.17857470851505428,1.0714482510903265
24033807404,1.7347257398605278,0.9438948878652871,1.2245122869603728,1.2755336322503883,0.22959605380506976,0.535724125545163,0.25510672645007765,1.352065650185411,0.9183842152202781,1.658193721925503,0.3316387443851009,1.3775763228304208,0.9694055605102952,0.6632774887702018,1.3010443048953964,0.6887881614152095,2.16840717482566,1.9643217936655968,0.12755336322503882,1.096958923735334
24033807405,1.6071723766354893,0.918384215220279,1.1734909416703576,1.3010443048953981,0.2806173990950853,0.535724125545163,0.25510672645007765,1.403086995475427,0.9183842152202781,1.530640358700466,0.3826600896751165,1.2755336322503883,0.9694055605102952,0.6377668161251941,1.2755336322503883,0.6377668161251944,2.2194285201156765,1.8877897757305742,0.1530640358700466,0.8673628699302641
24033807407,1.3265549775404035,0.9694055605102952,1.2755336322503883,1.1990016143153657,0.2806173990950853,0.5612347981901706,0.306128071740093,1.250022959605382,0.8163415246402492,1.6326830492804985,0.40817076232012417,1.3265549775404026,0.9438948878652875,0.7908308519952406,1.3265549775404044,0.7908308519952406,2.142896502180654,1.8877897757305742,0.20408538116006208,1.096958923735334
24033807408,0.841852197285256,1.0969589237353332,1.2755336322503883,1.224512286960372,0.3571494170301088,0.5612347981901711,0.3316387443851009,1.224512286960372,0.6377668161251941,1.530640358700466,0.45919210761013973,1.250022959605382,1.0204269058003101,0.7142988340602175,1.3265549775404044,0.5102134529001553,2.16840717482566,1.9388111210205905,0.1785747085150544,0.535724125545163
24033807409,1.7857470851505435,0.8928735425752717,1.1990016143153657,1.224512286960372,0.22959605380506998,0.5867454708351784,0.3061280717400932,1.3775763228304208,0.9949162331553043,1.8112577577955518,0.4081707623201244,1.352065650185411,0.9438948878652875,0.7142988340602171,1.2755336322503883,0.9438948878652875,2.2194285201156765,1.8877897757305762,0.17857470851505428,1.326554977540404
24033807410,1.6837043945705124,1.3520656501854127,1.4796190134104497,0.9438948878652881,0.765320179350233,0.5612347981901706,0.9438948878652873,1.0459375784453169,0.6122561434801842,1.5051296860554595,1.2245122869603726,1.3265549775404044,0.8673628699302641,1.096958923735334,1.377576322830419,0.739809506705225,2.0918751568906373,1.862279103085567,0.6122561434801864,1.836768430440559
24033807500,1.2245122869603728,0.9438948878652881,1.25002295960538,1.3010443048953981,0.25510672645007765,0.5867454708351784,0.28061739909508554,1.3010443048953981,0.7908308519952393,1.6581937219255047,0.40817076232012417,1.3010443048953946,1.0714482510903265,0.6632774887702018,1.3010443048953964,0.7398095067052253,2.2194285201156765,1.9898324663106048,0.1530640358700466,1.25002295960538
24033980000,1.1734909416703572,0.40817076232012417,0.8928735425752717,1.3010443048953964,0.05102134529001552,0.6887881614152095,0.10204269058003104,1.7602364125055354,1.8622791030855679,1.862279103085566,0.28061739909508543,1.5051296860554577,1.4796190134104505,0.20408538116006208,0.8928735425752713,1.403086995475427,2.9847486994659076,1.862279103085567,0.05102134529001555,2.0663644842456295
51013100100,0.663277488770202,1.5051296860554577,1.836768430440559,1.7347257398605274,0.43368143496513184,0.5867454708351788,0.3061280717400931,1.6071723766354884,0.739809506705223,2.117385829535644,0.3826600896751165,1.1990016143153657,1.6071723766354893,0.663277488770202,2.040853811600621,0.331638744385101,2.9847486994659094,2.5255565918557683,0.12755336322503882,0.6122561434801862
51013100200,0.7653201793502331,1.5816617039904812,1.862279103085566,1.7602364125055372,0.4591921076101395,0.6122561434801864,0.3826600896751165,1.6071723766354884,0.7908308519952428,2.040853811600621,0.535724125545163,1.1734909416703558,1.6581937219255047,0.7398095067052253,2.0663644842456295,0.40817076232012417,3.1888340806259707,2.5765779371457844,0.1785747085150544,0.5102134529001553
51013100300,0.5357241255451632,1.6071723766354893,1.8622791030855679,1.6071723766354884,0.5102134529001553,0.5867454708351788,0.35714941703010855,1.530640358700466,0.7142988340602167,2.0153431389556147,0.45919210761013984,1.1990016143153657,1.6071723766354893,0.765320179350233,2.015343138955613,0.35714941703010866,3.2653660985609934,2.5510672645007766,0.17857470851505428,0.6887881614152097
51013100400,0.5867454708351786,1.6326830492804967,1.887789775730575,1.6071723766354884,0.535724125545163,0.5867454708351786,0.40817076232012417,1.5051296860554595,0.6377668161251941,1.9643217936655986,0.45919210761013984,1.122469596380343,1.5816617039904812,0.739809506705225,2.0918751568906355,0.3316387443851009,2.780663318305844,2.474535246565753,0.17857470851505428,0.535724125545163
51013100500,0.6887881614152097,1.403086995475427,1.683704394570512,1.6581937219255047,0.4081707623201244,0.6122561434801864,0.3061280717400931,1.6837043945705146,0.8673628699302655,2.0918751568906373,0.4081707623201243,1.1990016143153657,1.6581937219255047,0.6632774887702018,1.9898324663106068,0.4081707623201244,3.3163874438510095,2.5510672645007766,0.15306403587004655,0.739809506705225
51013100600,0.8418521972852563,1.3265549775404035,1.6326830492804967,1.530640358700466,0.3826600896751165,0.5612347981901711,0.3316387443851009,1.6837043945705146,0.9694055605102944,2.142896502180654,0.3826600896751165,1.2500229596053782,1.6071723766354893,0.6122561434801864,1.8877897757305742,0.43368143496513206,3.0357700447559255,2.4490245739207457,0.12755336322503882,0.5102134529001553
51013100700,0.8163415246402488,1.3520656501854118,1.6581937219255047,1.7092150672155173,0.3571494170301088,0.5867454708351788,0.25510672645007754,1.7602364125055336,0.9183842152202817,2.0918751568906373,0.331638744385101,1.3010443048953946,1.6326830492804967,0.6122561434801864,1.9643217936655986,0.43368143496513195,3.061280717400932,2.602088609790792,0.10204269058003104,0.3826600896751164
51013100800,1.0459375784453182,1.2755336322503883,1.683704394570512,1.4541083407654434,0.3061280717400932,0.5867454708351784,0.28061739909508554,1.7092150672155173,0.9694055605102944,2.0663644842456312,0.3316387443851009,1.4285976681204333,1.4541083407654434,0.7908308519952406,1.9133004483755824,0.5612347981901709,2.831684663595864,2.653109955080807,0.17857470851505428,0.8928735425752717
51013100900,0.8418521972852562,1.4796190134104505,1.7857470851505435,1.709215067215521,0.43368143496513206,0.6122561434801864,0.3571494170301088,1.6581937219255047,0.8673628699302618,2.117385829535644,0.535724125545163,1.3265549775404044,1.6326830492804976,0.7142988340602173,2.040853811600621,0.45919210761013984,2.9592380268208993,2.6786206277258153,0.1785747085150544,0.5102134529001553
51013101000,0.7398095067052253,1.5051296860554577,1.8112577577955509,1.7857470851505435,0.43368143496513206,0.5867454708351784,0.35714941703010855,1.6326830492804985,0.7908308519952428,2.142896502180654,0.45919210761013984,1.1990016143153657,1.6326830492804967,0.7142988340602173,2.040853811600621,0.43368143496513206,2.9082166815308867,2.6786206277258153,0.1530640358700466,0.35714941703010866
51013101100,0.5102134529001553,1.3265549775404044,1.6326830492804967,1.7602364125055372,0.4081707623201244,0.535724125545163,0.25510672645007765,1.7347257398605274,0.765320179350233,1.9643217936655986,0.3061280717400931,1.1734909416703558,1.556151031345474,0.5867454708351786,1.9643217936655968,0.3061280717400931,2.8827060088858767,2.4490245739207457,0.12755336322503882,0.3826600896751164
51013101200,0.739809506705225,1.428597668120435,1.7602364125055363,1.6326830492804985,0.43368143496513206,0.535724125545163,0.3061280717400932,1.683704394570511,0.739809506705223,2.0918751568906373,0.3826600896751165,1.250022959605382,1.5051296860554577,0.6887881614152097,1.9898324663106068,0.3826600896751164,3.061280717400932,2.474535246565753,0.1530640358700466,0.5102134529001553
51013101300,0.45919210761013973,1.1734909416703576,1.530640358700466,1.6581937219255047,0.3316387443851009,0.5357241255451632,0.20408538116006208,1.709215067215521,0.765320179350233,2.0663644842456312,0.22959605380506987,1.224512286960372,1.5816617039904812,0.5102134529001553,1.8622791030855679,0.3061280717400931,3.035770044755922,2.423513901275738,0.10204269058003104,0.4847027802551475
51013101401,0.6887881614152095,0.6887881614152099,1.0969589237353337,1.836768430440558,0.12755336322503882,0.6122561434801864,0.10204269058003104,2.0918751568906373,1.352065650185411,2.2704498654056926,0.1785747085150544,1.3775763228304208,1.7602364125055354,0.2806173990950853,1.530640358700466,0.5102134529001553,3.0357700447559255,2.2959605380506987,0.02551067264500776,0.43368143496513206
51013101402,0.6887881614152096,0.9438948878652875,1.3265549775404035,1.6326830492804985,0.25510672645007765,0.5612347981901709,0.17857470851505428,1.9898324663106086,1.1990016143153657,2.0918751568906373,0.20408538116006214,1.3265549775404044,1.6581937219255047,0.3826600896751165,1.70921506721552,0.45919210761013973,3.137812735335954,2.3980032286307296,0.07653201793502325,0.5612347981901709
51013101405,0.6122561434801864,0.9438948878652871,1.3010443048953955,1.5051296860554595,0.2806173990950853,0.5612347981901711,0.1785747085150544,1.8367684304405598,1.0969589237353332,2.0918751568906373,0.20408538116006214,1.2755336322503883,1.6071723766354893,0.4081707623201244,1.6837043945705128,0.3826600896751164,2.8571953362408666,2.2194285201156765,0.1020426905800311,0.35714941703010866
51013101406,0.5102134529001554,0.8163415246402483,1.1990016143153652,1.4796190134104497,0.22959605380506976,0.5357241255451632,0.12755336322503882,1.9898324663106048,0.9949162331553043,2.0153431389556147,0.15306403587004655,1.3010443048953981,1.6326830492804967,0.35714941703010866,1.6071723766354893,0.331638744385101,2.9592380268208993,2.2449391927606834,0.05102134529001552,0.35714941703010866
51013101407,0.5612347981901709,0.765320179350233,1.1734909416703572,1.7857470851505435,0.1530640358700466,0.5357241255451632,0.10204269058003104,2.040853811600621,1.1224695963803395,2.16840717482566,0.12755336322503882,1.3010443048953946,1.7347257398605282,0.28061739909508543,1.6071723766354884,0.40817076232012417,2.959238026820903,2.321471210695706,0.02551067264500776,0.3061280717400931
51013101408,0.9438948878652872,0.6887881614152095,1.096958923735334,2.040853811600621,0.1530640358700466,0.5357241255451632,0.1020426905800311,2.2194285201156725,1.428597668120437,2.16840717482566,0.17857470851505433,1.3265549775404044,1.7347257398605282,0.25510672645007765,1.5561510313454732,0.5357241255451632,3.1888340806259707,2.372492555985722,0.05102134529001555,0.3316387443851009
51013101409,0.8418521972852563,1.1990016143153648,1.530640358700466,1.2755336322503883,0.43368143496513206,0.5612347981901709,0.3826600896751165,1.734725739860531,1.122469596380343,1.964321793665595,0.45919210761013973,1.3265549775404044,1.556151031345474,0.5867454708351786,1.7857470851505435,0.45919210761013973,2.9082166815308867,2.2449391927606834,0.22959605380506992,0.6887881614152097
51013101501,0.9694055605102952,0.9183842152202795,1.3265549775404035,1.709215067215521,0.2040853811600622,0.5867454708351784,0.1530640358700466,1.9643217936655986,1.3010443048953946,2.0663644842456277,0.20408538116006214,1.3520656501854145,1.7347257398605282,0.3826600896751165,1.683704394570512,0.5612347981901707,3.1888340806259707,2.5510672645007766,0.05102134529001552,0.4081707623201244
51013101502,0.6377668161251941,1.0204269058003106,1.3520656501854118,1.7347257398605291,0.25510672645007765,0.5867454708351784,0.17857470851505428,1.9133004483755824,1.0459375784453169,2.040853811600621,0.2040853811600622,1.2245122869603755,1.7347257398605282,0.40817076232012417,1.7602364125055354,0.40817076232012417,3.010259372110919,2.4490245739207457,0.07653201793502325,0.35714941703010866
51013101503,0.7142988340602173,1.3010443048953955,1.5816617039904821,1.6071723766354884,0.4336814349651323,0.5612347981901709,0.28061739909508543,1.7347257398605274,0.8928735425752717,2.0153431389556147,0.3826600896751165,1.1734909416703594,1.6326830492804967,0.5867454708351784,1.9133004483755816,0.3826600896751165,3.0102593721109154,2.3469818833407152,0.12755336322503882,0.28061739909508543
51013101601,0.3826600896751164,0.9694055605102948,1.3010443048953964,1.5816617039904803,0.28061739909508554,0.5102134529001555,0.1530640358700466,1.862279103085566,0.9183842152202781,1.9388111210205923,0.1530640358700466,1.2500229596053782,1.5816617039904812,0.3826600896751165,1.70921506721552,0.3061280717400932,2.933727354175893,2.2449391927606825,0.05102134529001552,0.331638744385101
51013101602,1.3265549775404035,1.1479802690253493,1.5561510313454732,1.683704394570511,0.22959605380506998,0.6632774887702018,0.22959605380506987,2.015343138955611,1.4541083407654434,2.1684071748256617,0.40817076232012417,1.530640358700466,1.7857470851505435,0.5867454708351786,1.7857470851505435,0.8163415246402483,3.3418981164960195,2.653109955080807,0.12755336322503888,0.5867454708351788
51013101603,1.0714482510903265,0.9949162331553024,1.403086995475427,1.6071723766354884,0.25510672645007765,0.5867454708351788,0.20408538116006208,1.9388111210205887,1.352065650185411,2.0918751568906373,0.331638744385101,1.3265549775404009,1.70921506721552,0.45919210761013995,1.7347257398605274,0.6377668161251941,2.933727354175893,2.423513901275738,0.10204269058003104,0.3826600896751165
51013101701,0.8418521972852562,0.7398095067052253,1.1734909416703572,1.9388111210205905,0.1530640358700466,0.5867454708351786,0.1020426905800311,2.0918751568906373,1.3010443048953981,2.2959605380506987,0.1785747085150544,1.3775763228304208,1.7347257398605282,0.28061739909508554,1.6071723766354893,0.5357241255451632,2.9592380268208993,2.423513901275738,0.05102134529001552,0.5612347981901709
51013101703,0.7908308519952406,1.071448251090326,1.4541083407654425,1.4796190134104497,0.2806173990950853,0.5612347981901709,0.22959605380506987,1.862279103085566,1.0204269058003106,1.9898324663106048,0.28061739909508543,1.403086995475427,1.6326830492804976,0.5357241255451632,1.7602364125055354,0.45919210761013984,2.959238026820903,2.5255565918557683,0.10204269058003104,0.6122561434801864
51013101704,0.7398095067052253,0.8673628699302641,1.3520656501854118,1.7347257398605291,0.1785747085150544,0.535724125545163,0.1530640358700466,1.9388111210205923,1.1990016143153657,2.16840717482566,0.2040853811600622,1.3775763228304172,1.5816617039904812,0.43368143496513184,1.70921506721552,0.5102134529001553,3.061280717400932,2.321471210695707,0.07653201793502325,0.4847027802551476
51013101705,0.663277488770202,1.020426905800311,1.403086995475427,1.658193721925503,0.2806173990950853,0.5612347981901709,0.1785747085150544,1.8877897757305724,1.0204269058003106,2.0918751568906373,0.20408538116006208,1.403086995475427,1.6071723766354893,0.45919210761013973,1.7602364125055354,0.4081707623201244,2.933727354175893,2.3980032286307305,0.0765320179350233,0.8673628699302641
51013101801,0.4847027802551474,0.8673628699302641,1.1734909416703567,2.015343138955613,0.22959605380506998,0.535724125545163,0.10204269058003104,1.9898324663106048,0.9183842152202817,2.2194285201156765,0.12755336322503882,1.1990016143153657,1.6581937219255047,0.3061280717400932,1.6581937219255047,0.3061280717400932,2.831684663595864,2.2704498654056917,0.05102134529001552,0.3316387443851009
51013101803,1.0459375784453182,0.9949162331553024,1.4285976681204342,1.7347257398605291,0.25510672645007776,0.6122561434801864,0.1785747085150544,1.964321793665595,1.2755336322503883,2.14289650218065,0.28061739909508543,1.428597668120437,1.7602364125055354,0.45919210761013973,1.7347257398605282,0.6122561434801862,3.0867913900459416,2.5510672645007766,0.0765320179350233,0.6122561434801862
51013101804,1.530640358700466,1.0204269058003106,1.5051296860554586,1.7857470851505435,0.2040853811600622,0.6377668161251941,0.20408538116006208,2.0153431389556147,1.6326830492804947,2.2194285201156765,0.3826600896751165,1.505129686055456,1.7602364125055363,0.5357241255451632,1.7602364125055363,0.8673628699302639,3.112302062690948,2.7041313003708236,0.10204269058003104,1.1734909416703572
51013101805,0.4847027802551476,0.8673628699302641,1.2245122869603728,1.8112577577955518,0.2040853811600622,0.5867454708351786,0.12755336322503888,2.040853811600621,1.0204269058003106,2.16840717482566,0.1530640358700466,1.2245122869603755,1.7602364125055354,0.331638744385101,1.683704394570512,0.35714941703010855,2.908216681530883,2.372492555985722,0.05102134529001555,0.3316387443851009
51013101900,0.4847027802551474,1.2245122869603728,1.530640358700466,1.6071723766354884,0.3826600896751165,0.5612347981901706,0.22959605380506987,1.7347257398605274,0.8418521972852555,1.9898324663106048,0.22959605380506987,1.1479802690253493,1.6071723766354884,0.4847027802551476,1.8622791030855679,0.3061280717400931,2.831684663595864,2.3980032286307305,0.10204269058003104,0.5357241255451631
51013102001,1.4796190134104503,1.0714482510903265,1.5051296860554577,1.403086995475427,0.25510672645007765,0.5867454708351788,0.25510672645007765,1.862279103085566,1.3775763228304172,2.19391784747067,0.35714941703010866,1.6071723766354902,1.6071723766354893,0.6377668161251939,1.7857470851505435,0.765320179350233,3.3418981164960195,2.6020886097907927,0.12755336322503882,1.096958923735334
51013102002,1.1990016143153648,0.9183842152202795,1.3265549775404035,1.6837043945705146,0.20408538116006208,0.5867454708351788,0.1785747085150544,1.9388111210205923,1.3775763228304172,2.0663644842456295,0.3061280717400931,1.352065650185411,1.6581937219255047,0.43368143496513206,1.70921506721552,0.6377668161251941,3.035770044755922,2.449024573920745,0.1020426905800311,0.4847027802551476
51013102003,1.6581937219255047,1.1990016143153648,1.6581937219255038,1.403086995475427,0.3061280717400932,0.5867454708351788,0.3061280717400932,1.8112577577955535,1.224512286960372,2.2194285201156743,0.43368143496513195,1.6326830492804967,1.5816617039904812,0.7398095067052253,1.8367684304405598,0.7398095067052253,3.418430134431042,2.7806633183058462,0.1530640358700466,1.1224695963803413
51013102100,0.9949162331553026,1.6581937219255047,1.9643217936655986,1.3010443048953981,0.4847027802551476,0.5612347981901709,0.4847027802551474,1.4796190134104532,0.7908308519952393,2.0663644842456312,0.5867454708351786,1.4285976681204333,1.454108340765443,1.0204269058003106,2.0663644842456295,0.5102134529001553,2.9592380268208993,2.474535246565753,0.25510672645007754,0.6887881614152095
51013102200,2.1428965021806525,1.3010443048953955,1.836768430440558,1.6581937219255047,0.2040853811600622,0.6122561434801864,0.3061280717400932,1.8367684304405598,1.224512286960372,2.3469818833407152,0.3826600896751165,1.6581937219255047,1.5816617039904812,0.9438948878652871,1.9643217936655986,0.8928735425752717,3.418430134431042,3.0102593721109154,0.1530640358700466,1.2500229596053807
51013102301,1.0204269058003106,1.4285976681204342,1.8112577577955509,1.7602364125055372,0.35714941703010855,0.6122561434801864,0.3571494170301088,1.709215067215521,0.9438948878652881,2.270449865405691,0.5102134529001553,1.4796190134104497,1.6326830492804976,0.765320179350233,1.9898324663106068,0.5612347981901709,3.2398554259159833,2.780663318305847,0.17857470851505428,0.6632774887702018
51013102302,1.3775763228304194,1.1734909416703576,1.6326830492804967,1.7857470851505435,0.25510672645007765,0.612256143480186,0.25510672645007754,1.862279103085566,1.1479802690253493,2.372492555985723,0.3826600896751165,1.403086995475427,1.6326830492804976,0.6377668161251941,1.8877897757305742,0.663277488770202,3.239855425915987,2.7041313003708236,0.12755336322503888,0.6122561434801864
51013102400,1.1734909416703572,1.1990016143153648,1.5816617039904812,1.7602364125055372,0.2806173990950853,0.5867454708351788,0.25510672645007765,1.862279103085566,1.1734909416703594,2.117385829535644,0.35714941703010855,1.3775763228304172,1.6326830492804967,0.6122561434801862,1.836768430440559,0.5612347981901709,2.9847486994659094,2.653109955080808,0.12755336322503882,0.5612347981901709
51013102500,0.7908308519952406,1.096958923735334,1.530640358700466,1.7602364125055372,0.25510672645007765,0.5867454708351784,0.17857470851505428,1.8367684304405598,0.9949162331553043,2.117385829535644,0.22959605380506987,1.3265549775404044,1.5816617039904812,0.535724125545163,1.836768430440558,0.45919210761013973,2.959238026820903,2.6275992824358,0.0765320179350233,0.43368143496513206
51013102600,1.0969589237353339,1.1479802690253493,1.6326830492804967,1.7092150672155173,0.28061739909508554,0.5612347981901709,0.25510672645007765,1.8367684304405598,0.9949162331553006,2.16840717482566,0.3061280717400932,1.4541083407654434,1.5051296860554577,0.6632774887702018,1.862279103085567,0.5867454708351786,3.1633234079809642,2.653109955080808,0.1020426905800311,0.9949162331553026
51013102701,1.7092150672155204,1.3010443048953955,1.862279103085567,1.7602364125055336,0.2040853811600622,0.6377668161251941,0.3061280717400932,1.862279103085566,1.1990016143153657,2.3724925559857213,0.43368143496513206,1.683704394570511,1.530640358700466,0.9438948878652871,1.9133004483755824,0.9694055605102952,3.3674087891410256,2.9847486994659076,0.1530640358700466,1.1734909416703572
51013102702,1.1479802690253493,1.0969589237353337,1.530640358700466,1.9388111210205905,0.22959605380506998,0.5612347981901706,0.1785747085150544,1.9133004483755824,1.0459375784453206,2.321471210695705,0.25510672645007765,1.3775763228304208,1.5816617039904812,0.5102134529001551,1.862279103085567,0.5612347981901709,3.112302062690948,2.6275992824358,0.0765320179350233,0.7653201793502328
51013102802,1.0204269058003104,1.403086995475427,1.7602364125055363,1.7602364125055372,0.43368143496513206,0.6122561434801864,0.3061280717400931,1.7347257398605274,0.8928735425752717,1.9388111210205887,0.43368143496513206,1.3265549775404044,1.6071723766354893,0.6632774887702018,2.0663644842456277,0.45919210761013984,2.9082166815308867,2.525556591855769,0.15306403587004655,0.45919210761013973
51013102803,0.9438948878652873,1.25002295960538,1.70921506721552,1.7347257398605274,0.25510672645007765,0.5867454708351784,0.22959605380506998,1.7857470851505435,0.8673628699302655,2.16840717482566,0.2806173990950853,1.4541083407654434,1.5051296860554577,0.7142988340602171,1.9388111210205905,0.5102134529001553,2.9847486994659094,2.755152645660838,0.12755336322503882,0.5612347981901709
51013102804,1.403086995475427,1.1479802690253498,1.6326830492804967,1.7347257398605274,0.22959605380506998,0.5612347981901711,0.25510672645007754,1.8112577577955498,1.0459375784453169,2.2449391927606825,0.3061280717400931,1.5051296860554595,1.4796190134104505,0.7142988340602175,1.8877897757305742,0.6887881614152097,3.2908767712059994,2.7041313003708236,0.10204269058003104,0.7142988340602175
51013102901,0.5867454708351786,1.224512286960372,1.530640358700466,1.8367684304405598,0.3316387443851009,0.6122561434801864,0.1785747085150544,1.7347257398605274,0.7908308519952393,2.0663644842456277,0.2806173990950853,1.224512286960372,1.7347257398605282,0.4847027802551476,1.9133004483755824,0.3826600896751165,2.933727354175893,2.602088609790792,0.0765320179350233,0.3061280717400931
51013102903,0.765320179350233,1.3265549775404035,1.5816617039904812,1.8112577577955535,0.3316387443851009,0.6632774887702022,0.22959605380506987,1.7857470851505435,0.9438948878652881,2.040853811600621,0.35714941703010866,1.250022959605382,1.836768430440559,0.5102134529001553,1.8877897757305742,0.43368143496513206,2.755152645660838,2.653109955080807,0.12755336322503882,0.3316387443851009
51013102904,0.994916233155303,1.1224695963803417,1.556151031345474,1.7602364125055354,0.25510672645007765,0.6377668161251941,0.17857470851505428,1.8622791030855697,1.0969589237353368,2.2194285201156743,0.28061739909508543,1.4285976681204333,1.7347257398605282,0.535724125545163,1.836768430440559,0.6122561434801862,3.2143447532709803,2.7296419730158314,0.10204269058003104,1.0459375784453186
51013103000,0.6887881614152097,1.3265549775404035,1.6071723766354884,1.7857470851505435,0.40817076232012417,0.6122561434801864,0.22959605380506987,1.7347257398605274,0.8928735425752717,1.862279103085566,0.331638744385101,1.1734909416703558,1.6581937219255047,0.5357241255451632,1.9388111210205896,0.4081707623201243,2.704131300370822,2.5510672645007766,0.10204269058003104,0.2551067264500777
51013103100,0.8673628699302641,1.096958923735334,1.556151031345474,1.5816617039904821,0.22959605380506987,0.5867454708351788,0.1785747085150544,1.7602364125055372,0.8673628699302655,2.142896502180652,0.22959605380506987,1.4285976681204333,1.5051296860554577,0.6122561434801864,1.8112577577955518,0.5102134529001553,2.806173990950854,2.7041313003708227,0.1020426905800311,0.663277488770202
51013103200,0.7908308519952406,1.1479802690253498,1.556151031345474,1.709215067215521,0.25510672645007765,0.5612347981901706,0.17857470851505428,1.7857470851505435,0.9183842152202817,2.117385829535644,0.22959605380506998,1.3520656501854145,1.5816617039904812,0.535724125545163,1.836768430440559,0.43368143496513206,2.8316846635958606,2.602088609790792,0.0765320179350233,0.5612347981901709
51013103300,0.8928735425752717,0.994916233155303,1.5051296860554577,1.6581937219255047,0.20408538116006208,0.5867454708351784,0.1785747085150544,1.8622791030855697,1.071448251090327,2.193917847470668,0.22959605380506998,1.4285976681204333,1.530640358700466,0.5357241255451632,1.7347257398605291,0.5612347981901709,2.8316846635958606,2.5510672645007766,0.10204269058003104,0.6377668161251941
51013103401,1.454108340765443,0.6122561434801862,1.2245122869603728,2.0663644842456277,0.12755336322503888,0.5357241255451632,0.10204269058003104,2.5510672645007766,2.3469818833407152,2.3980032286307313,0.22959605380506992,1.7347257398605274,1.7857470851505435,0.22959605380506987,1.4285976681204342,0.7142988340602173,3.6225155155911035,2.5510672645007766,0.0765320179350233,
51013103403,0.6887881614152097,1.0459375784453186,1.4796190134104505,1.9388111210205887,0.25510672645007765,0.5867454708351788,0.17857470851505428,1.8112577577955535,0.9183842152202817,2.117385829535644,0.2040853811600622,1.403086995475427,1.556151031345474,0.4847027802551476,1.7857470851505444,0.43368143496513206,2.85719533624087,2.602088609790792,0.0765320179350233,0.3826600896751164
51013103404,0.6122561434801864,1.1990016143153648,1.5816617039904812,1.6581937219255047,0.3316387443851009,0.5867454708351784,0.22959605380506987,1.7602364125055372,0.8928735425752717,2.040853811600621,0.3061280717400932,1.224512286960372,1.5816617039904812,0.5612347981901706,1.8877897757305742,0.43368143496513206,2.85719533624087,2.474535246565753,0.10204269058003104,0.6377668161251941
51013103405,0.5612347981901709,0.994916233155303,1.403086995475427,1.709215067215519,0.25510672645007765,0.5357241255451632,0.1785747085150544,1.8367684304405598,0.9694055605102944,2.0153431389556147,0.2040853811600622,1.224512286960372,1.5051296860554577,0.43368143496513206,1.7857470851505426,0.35714941703010866,2.806173990950854,2.321471210695707,0.0765320179350233,0.3316387443851009
51013103501,0.7142988340602173,0.9438948878652875,1.352065650185411,1.5051296860554577,0.25510672645007765,0.535724125545163,0.1785747085150544,1.862279103085566,1.0459375784453169,1.9898324663106048,0.20408538116006208,1.3775763228304208,1.530640358700466,0.43368143496513206,1.7347257398605274,0.43368143496513206,2.9592380268208993,2.321471210695706,0.0765320179350233,0.4081707623201243
51013103503,0.5612347981901709,0.9183842152202795,1.3265549775404035,1.862279103085566,0.2040853811600622,0.5867454708351786,0.1530640358700466,1.9388111210205887,1.0204269058003106,2.117385829535644,0.17857470851505433,1.352065650185411,1.6326830492804976,0.40817076232012417,1.7602364125055354,0.43368143496513206,3.086791390045938,2.372492555985722,0.05102134529001552,0.3826600896751165
51013103504,0.5612347981901707,0.8673628699302641,1.2755336322503883,2.16840717482566,0.17857470851505428,0.5357241255451632,0.10204269058003104,1.9388111210205923,0.9438948878652881,2.321471210695705,0.1530640358700466,1.3520656501854145,1.5816617039904821,0.35714941703010855,1.7347257398605282,0.3571494170301088,2.9592380268208993,2.372492555985722,0.05102134529001555,0.3826600896751164
51013103505,1.1734909416703572,1.1479802690253493,1.556151031345474,1.3265549775404044,0.2806173990950853,0.5867454708351788,0.25510672645007776,1.8367684304405598,1.250022959605382,2.0663644842456277,0.3826600896751165,1.530640358700466,1.5816617039904821,0.6377668161251941,1.8112577577955518,0.7398095067052253,2.933727354175893,2.6020886097907927,0.1530640358700465,0.994916233155303
51013103601,0.6122561434801864,1.25002295960538,1.5816617039904812,1.709215067215521,0.3826600896751165,0.5612347981901709,0.22959605380506987,1.7857470851505435,0.8418521972852555,2.0663644842456277,0.28061739909508543,1.1990016143153657,1.6071723766354893,0.535724125545163,1.9133004483755824,0.331638744385101,2.8827060088858767,2.5000459192107614,0.10204269058003104,0.3061280717400931
51013103602,0.8418521972852562,0.765320179350233,1.2500229596053807,1.8877897757305762,0.1530640358700466,0.5612347981901706,0.12755336322503888,2.0663644842456277,1.403086995475427,2.321471210695705,0.20408538116006214,1.530640358700466,1.6071723766354893,0.3571494170301088,1.6326830492804976,0.6377668161251941,3.1888340806259707,2.321471210695706,0.05102134529001552,0.5357241255451631
51013103700,0.5867454708351786,1.530640358700466,1.8622791030855679,1.6326830492804985,0.4847027802551476,0.5357241255451632,0.35714941703010855,1.5561510313454758,0.6377668161251941,1.9898324663106086,0.4081707623201243,1.1734909416703594,1.530640358700466,0.739809506705225,2.015343138955613,0.3061280717400932,2.9592380268208993,2.5255565918557683,0.1530640358700466,0.4847027802551475
51013103800,0.8163415246402483,0.9694055605102952,1.428597668120435,1.7602364125055354,0.17857470851505428,0.6377668161251941,0.12755336322503882,1.9133004483755824,1.1990016143153621,2.2449391927606843,0.2040853811600622,1.4796190134104497,1.7602364125055354,0.43368143496513206,1.6581937219255047,0.5867454708351786,3.0357700447559255,2.6275992824358,0.0765320179350233,0.5867454708351788
51043010101,0.9183842152202797,1.7857470851505435,2.142896502180654,1.428597668120437,0.535724125545163,0.6632774887702018,0.45919210761013995,1.709215067215521,0.9438948878652881,2.52555659185577,0.6887881614152097,1.7602364125055372,1.7857470851505435,0.9694055605102952,2.270449865405691,0.5612347981901706,3.877622242041181,3.7500688788161414,0.25510672645007776,1.7602364125055354
51043010102,0.9438948878652875,1.8112577577955518,2.1173858295356447,1.4796190134104497,0.5867454708351784,0.6377668161251941,0.5102134529001553,1.6581937219255047,0.9438948878652844,2.16840717482566,0.739809506705225,1.5561510313454758,1.8112577577955518,0.9183842152202795,2.2449391927606843,0.5102134529001553,2.959238026820903,3.6990475335261257,0.25510672645007765,1.096958923735334
51043010200,0.6632774887702018,1.7347257398605291,2.117385829535644,1.403086995475427,0.5102134529001553,0.6122561434801864,0.43368143496513206,1.6071723766354884,0.765320179350233,2.2704498654056926,0.5102134529001553,1.6071723766354884,1.7347257398605282,0.8928735425752717,2.2194285201156765,0.40817076232012417,3.3418981164960195,3.724558206171133,0.17857470851505428,0.969405560510295
51043010300,0.6122561434801864,1.7347257398605274,2.0918751568906364,1.5561510313454723,0.45919210761013995,0.6122561434801864,0.3571494170301088,1.6326830492804985,0.739809506705223,2.321471210695705,0.4847027802551474,1.6071723766354884,1.7602364125055354,0.7908308519952406,2.2449391927606825,0.3826600896751165,3.597004842946097,3.673536860881118,0.1530640358700466,0.8673628699302641
51047930101,0.9183842152202797,1.7347257398605282,2.142896502180652,1.5051296860554595,0.45919210761013995,0.7142988340602175,0.40817076232012417,1.7857470851505435,0.8928735425752717,2.4235139012757396,0.5612347981901706,1.7347257398605291,1.836768430440559,0.8928735425752717,2.2449391927606825,0.5102134529001553,3.801090224106155,4.005175605266219,0.17857470851505428,1.1224695963803417
51047930103,0.6887881614152099,1.836768430440558,2.193917847470668,1.530640358700466,0.5102134529001553,0.6887881614152095,0.43368143496513184,1.683704394570511,0.7908308519952393,2.474535246565754,0.5612347981901709,1.683704394570511,1.862279103085567,0.9183842152202799,2.321471210695705,0.43368143496513206,3.7755795514611523,4.005175605266218,0.1785747085150544,1.301044304895396
51047930104,0.6887881614152095,1.7347257398605282,2.16840717482566,1.530640358700466,0.4336814349651323,0.6632774887702018,0.35714941703010855,1.709215067215521,0.7142988340602167,2.270449865405689,0.40817076232012417,1.530640358700466,1.8112577577955509,0.8418521972852564,2.2704498654056926,0.3826600896751165,3.5459834976560773,4.00517560526622,0.1530640358700466,0.7653201793502328
51047930202,0.8673628699302641,1.8112577577955518,2.2194285201156743,1.4796190134104497,0.4847027802551476,0.6887881614152095,0.45919210761013995,1.7602364125055372,0.8928735425752717,2.3724925559857213,0.6122561434801864,1.6837043945705128,1.862279103085566,1.020426905800311,2.321471210695707,0.5612347981901706,3.6225155155911035,4.10721829584625,0.20408538116006208,1.2755336322503883
51047930203,0.8928735425752717,1.556151031345474,1.989832466310606,1.6071723766354922,0.3571494170301088,0.6887881614152095,0.3061280717400932,1.8877897757305724,0.8928735425752717,2.372492555985723,0.3826600896751165,1.6581937219255047,1.7857470851505435,0.7908308519952411,2.168407174825659,0.4847027802551476,3.4949621523660643,3.9541542599762027,0.12755336322503882,0.7398095067052253
51047930204,1.0204269058003106,1.8367684304405598,2.16840717482566,1.3010443048953946,0.6377668161251941,0.6887881614152095,0.5612347981901706,1.6326830492804985,0.8163415246402492,2.16840717482566,0.7908308519952406,1.7347257398605274,1.7347257398605282,0.9949162331553024,2.321471210695707,0.5102134529001553,4.081707623201242,3.87762224204118,0.3061280717400932,0.9183842152202795
51047930300,1.3775763228304194,1.5816617039904812,2.0918751568906373,1.5051296860554595,0.3316387443851009,0.7398095067052253,0.35714941703010855,1.8367684304405598,1.0714482510903232,2.474535246565754,0.5102134529001555,1.8367684304405598,1.836768430440559,0.9183842152202795,2.193917847470668,0.7398095067052248,3.7500688788161423,4.132728968491259,0.17857470851505428,1.5051296860554586
51047930400,0.8163415246402483,1.7602364125055354,2.16840717482566,1.4796190134104532,0.4336814349651323,0.7142988340602175,0.4081707623201244,1.7602364125055372,0.8928735425752717,2.474535246565754,0.535724125545163,1.7602364125055372,1.8877897757305742,0.994916233155303,2.2449391927606825,0.5867454708351784,3.7500688788161423,4.132728968491259,0.1785747085150544,1.2755336322503883
51047930501,0.9694055605102952,1.709215067215521,2.142896502180652,1.5561510313454723,0.40817076232012417,0.6632774887702018,0.4081707623201244,1.8877897757305762,0.9694055605102979,2.3214712106957087,0.5102134529001553,1.7347257398605274,1.7602364125055354,0.9183842152202795,2.270449865405691,0.4847027802551474,3.545983497656081,4.00517560526622,0.17857470851505428,1.096958923735334
51047930502,1.1479802690253493,1.530640358700466,1.9643217936655986,1.428597668120437,0.3826600896751165,0.6632774887702018,0.3826600896751165,1.8112577577955535,1.0204269058003106,2.2959605380506987,0.45919210761013973,1.709215067215519,1.7602364125055354,0.8163415246402483,2.1173858295356456,0.6122561434801864,3.648026188236113,3.979664932621212,0.1785747085150544,1.1990016143153648
51059415100,0.7653201793502328,1.2755336322503883,1.5816617039904821,1.5561510313454723,0.40817076232012417,0.5612347981901706,0.3316387443851009,1.5051296860554595,0.739809506705223,1.7602364125055336,0.3826600896751165,1.1479802690253493,1.3265549775404035,0.7142988340602175,1.709215067215519,0.4081707623201244,2.2959605380506987,2.1173858295356447,0.1530640358700465,0.7398095067052253
51059415200,0.6632774887702018,1.403086995475427,1.6581937219255047,1.5816617039904821,0.4847027802551472,0.6122561434801864,0.3571494170301088,1.4541083407654434,0.6632774887702004,1.709215067215521,0.4847027802551476,1.1734909416703594,1.4796190134104505,0.739809506705225,1.7857470851505435,0.40817076232012417,2.2194285201156765,2.117385829535644,0.17857470851505428,0.4847027802551475
51059415300,0.969405560510295,1.3010443048953964,1.556151031345474,1.4541083407654434,0.43368143496513184,0.5612347981901711,0.3826600896751165,1.530640358700466,0.7908308519952393,1.8367684304405598,0.43368143496513206,1.250022959605382,1.3010443048953964,0.765320179350233,1.7602364125055354,0.45919210761013973,2.423513901275738,2.0918751568906364,0.20408538116006208,0.7142988340602171
51059415401,1.7602364125055354,1.1990016143153648,1.6326830492804967,1.5816617039904821,0.25510672645007765,0.6887881614152099,0.35714941703010855,1.6837043945705146,1.2755336322503883,2.0918751568906373,0.535724125545163,1.5816617039904803,1.5051296860554577,0.9183842152202795,1.6581937219255056,1.1224695963803417,2.806173990950854,2.5255565918557683,0.1785747085150544,1.25002295960538
51059415402,0.5612347981901709,1.4541083407654425,1.6837043945705128,1.3775763228304208,0.4847027802551476,0.5612347981901706,0.3826600896751165,1.3265549775404044,0.5867454708351779,1.709215067215521,0.4081707623201244,1.1734909416703594,1.2755336322503883,0.8163415246402488,1.8112577577955518,0.35714941703010855,2.2449391927606825,2.0663644842456295,0.1530640358700466,0.6122561434801864
51059415500,0.6122561434801864,1.428597668120435,1.6581937219255047,1.3775763228304208,0.45919210761013995,0.6122561434801864,0.3826600896751165,1.3775763228304208,0.6632774887702041,1.8112577577955498,0.43368143496513206,1.2755336322503883,1.352065650185411,0.8418521972852564,1.8112577577955518,0.4081707623201244,2.3469818833407152,2.142896502180652,0.1785747085150544,0.6887881614152097
51059415600,0.3826600896751165,1.4796190134104505,1.6581937219255038,1.530640358700466,0.5612347981901711,0.5612347981901711,0.35714941703010855,1.3265549775404044,0.5102134529001553,1.6581937219255047,0.3571494170301088,1.0459375784453169,1.3010443048953955,0.6887881614152099,1.862279103085566,0.22959605380506998,2.2449391927606825,1.9643217936655977,0.1530640358700465,0.2806173990950854
51059415700,0.7908308519952407,1.403086995475427,1.5816617039904812,1.683704394570511,0.4847027802551476,0.5867454708351788,0.3826600896751165,1.505129686055456,0.7398095067052266,1.7602364125055372,0.5102134529001552,0.9949162331553043,1.4541083407654425,0.6887881614152097,1.8112577577955518,0.45919210761013973,2.2704498654056926,2.015343138955613,0.1785747085150544,1.1224695963803417
51059415800,0.6887881614152097,1.5816617039904821,1.7602364125055354,1.6837043945705146,0.4847027802551476,0.6377668161251941,0.43368143496513206,1.428597668120437,0.765320179350233,1.7857470851505435,0.5357241255451632,1.071448251090327,1.530640358700466,0.7908308519952408,1.7857470851505435,0.43368143496513195,2.2704498654056926,2.16840717482566,0.22959605380506987,0.4847027802551476
51059415900,0.6377668161251941,1.4541083407654434,1.6581937219255047,1.4541083407654434,0.5102134529001553,0.5612347981901706,0.4081707623201244,1.4285976681204333,0.6887881614152104,1.7347257398605274,0.5102134529001552,1.1479802690253493,1.3520656501854118,0.765320179350233,1.7857470851505435,0.3826600896751165,2.2194285201156765,2.040853811600621,0.2040853811600622,0.6122561434801864
51059416000,1.1224695963803417,1.3010443048953964,1.6326830492804967,1.4796190134104497,0.3316387443851009,0.6122561434801864,0.3826600896751165,1.5051296860554595,0.8673628699302655,1.9388111210205905,0.4847027802551474,1.428597668120437,1.352065650185411,0.8673628699302641,1.7347257398605274,0.6122561434801864,2.50004591921076,2.2959605380506987,0.1785747085150544,1.0714482510903265
51059416100,0.5867454708351787,1.5051296860554577,1.7347257398605282,1.505129686055456,0.5102134529001553,0.5867454708351784,0.45919210761013973,1.352065650185411,0.6122561434801842,1.7347257398605274,0.4847027802551476,1.1224695963803395,1.3520656501854118,0.841852197285256,1.8877897757305742,0.3316387443851009,2.270449865405689,2.1173858295356447,0.17857470851505428,0.6377668161251941
51059416200,0.9183842152202797,0.9183842152202795,1.2755336322503883,2.321471210695707,0.1785747085150544,0.6632774887702018,0.12755336322503888,1.8877897757305724,1.1479802690253493,2.142896502180652,0.25510672645007765,1.3265549775404044,1.6326830492804976,0.40817076232012417,1.556151031345474,0.5867454708351786,2.398003228630728,2.2959605380506987,0.07653201793502325,0.5102134529001553
51059416300,0.7398095067052253,1.4796190134104505,1.7347257398605282,1.4796190134104497,0.5612347981901706,0.5867454708351784,0.45919210761013973,1.4796190134104497,0.765320179350233,1.7347257398605274,0.5612347981901706,1.1990016143153657,1.403086995475427,0.841852197285256,1.8112577577955518,0.43368143496513206,2.449024573920744,2.1173858295356447,0.22959605380506987,0.7908308519952406
51059420100,1.1734909416703572,1.1734909416703576,1.530640358700466,1.4541083407654434,0.3061280717400932,0.5357241255451632,0.3061280717400932,1.5561510313454758,0.8673628699302655,2.0408538116006194,0.331638744385101,1.428597668120437,1.1990016143153652,0.8163415246402483,1.709215067215521,0.4847027802551474,2.6531099550808053,1.9388111210205905,0.1530640358700466,0.9183842152202795
51059420201,0.8673628699302639,1.1734909416703576,1.5051296860554586,1.5561510313454758,0.3316387443851009,0.5867454708351784,0.2806173990950853,1.5561510313454723,0.8163415246402456,1.7602364125055372,0.3571494170301088,1.224512286960372,1.2755336322503883,0.6887881614152099,1.6837043945705128,0.45919210761013973,2.0918751568906373,1.9643217936655977,0.12755336322503882,0.5357241255451632
51059420202,0.6122561434801864,0.994916233155303,1.377576322830419,1.7857470851505435,0.22959605380506998,0.6377668161251941,0.1530640358700466,1.6581937219255047,0.8673628699302655,1.8877897757305742,0.20408538116006208,1.224512286960372,1.4541083407654425,0.5102134529001553,1.6071723766354884,0.45919210761013973,2.117385829535644,2.16840717482566,0.0765320179350233,0.3826600896751164
51059420203,0.5867454708351786,1.2755336322503883,1.5816617039904821,1.5561510313454723,0.4081707623201244,0.5612347981901706,0.3061280717400932,1.4541083407654434,0.6887881614152104,1.7602364125055372,0.3571494170301088,1.0969589237353332,1.3010443048953955,0.6887881614152095,1.7347257398605291,0.3316387443851009,2.3469818833407152,2.0663644842456286,0.1530640358700466,0.4847027802551475
51059420300,0.739809506705225,1.1990016143153648,1.5051296860554577,1.5816617039904821,0.3316387443851011,0.5612347981901706,0.2806173990950853,1.5561510313454758,0.7142988340602203,1.8367684304405598,0.3061280717400932,1.1990016143153657,1.3265549775404035,0.6632774887702018,1.7347257398605291,0.3571494170301088,2.3724925559857213,2.0663644842456295,0.12755336322503882,0.6632774887702018
51059420400,0.8163415246402486,0.841852197285256,1.25002295960538,1.7857470851505435,0.2040853811600622,0.5867454708351788,0.1530640358700466,1.7857470851505435,1.0969589237353332,1.8877897757305724,0.20408538116006208,1.1734909416703558,1.4796190134104497,0.43368143496513206,1.5051296860554577,0.5102134529001553,2.16840717482566,2.0918751568906364,0.0765320179350233,0.3316387443851009
51059420501,0.663277488770202,1.6581937219255056,1.8112577577955518,1.1479802690253493,0.7398095067052253,0.5867454708351784,0.5867454708351786,1.1224695963803395,0.48470278025514896,1.4796190134104497,0.6887881614152097,1.1479802690253493,1.301044304895396,0.9694055605102952,1.862279103085566,0.3571494170301088,2.3469818833407152,2.015343138955613,0.3061280717400932,0.5102134529001553
51059420502,0.9438948878652871,1.3010443048953955,1.6071723766354893,1.3265549775404044,0.4336814349651323,0.612256143480186,0.40817076232012417,1.530640358700466,0.9438948878652881,1.709215067215521,0.5357241255451632,1.3775763228304208,1.4285976681204342,0.7908308519952406,1.7347257398605274,0.5612347981901709,2.449024573920744,2.2449391927606825,0.20408538116006208,1.1224695963803413
51059420503,0.7908308519952408,0.994916233155303,1.377576322830419,1.7347257398605274,0.2040853811600623,0.5867454708351784,0.20408538116006208,1.6326830492804985,0.9183842152202781,1.8877897757305742,0.22959605380506987,1.2755336322503883,1.3265549775404035,0.5612347981901706,1.556151031345474,0.4847027802551474,2.1939178474706664,2.1173858295356447,0.07653201793502325,0.45919210761013984
51059420600,1.096958923735334,1.071448251090326,1.4285976681204342,1.6581937219255047,0.25510672645007765,0.6122561434801864,0.22959605380506987,1.709215067215521,0.9949162331553006,1.9643217936655986,0.3061280717400931,1.403086995475427,1.403086995475427,0.6377668161251941,1.6071723766354884,0.5867454708351786,2.5765779371457826,2.1939178474706673,0.10204269058003104,0.6632774887702018
51059420700,0.969405560510295,1.3010443048953964,1.5816617039904821,1.5561510313454723,0.40817076232012417,0.5867454708351788,0.3826600896751165,1.505129686055456,0.7908308519952393,1.7857470851505435,0.43368143496513206,1.1990016143153657,1.3520656501854118,0.7908308519952411,1.7347257398605274,0.45919210761013973,2.474535246565754,2.0918751568906364,0.1785747085150544,0.765320179350233
51059420800,1.1479802690253493,1.224512286960372,1.530640358700466,1.5816617039904821,0.35714941703010855,0.5867454708351784,0.3061280717400932,1.5816617039904821,0.8418521972852592,1.8367684304405563,0.3826600896751165,1.352065650185411,1.403086995475427,0.7142988340602175,1.7602364125055354,0.5102134529001553,2.372492555985725,2.142896502180652,0.12755336322503882,0.6122561434801864
51059421001,0.7908308519952406,1.1479802690253493,1.4796190134104505,1.5561510313454723,0.3061280717400932,0.5612347981901706,0.25510672645007765,1.505129686055456,0.7142988340602203,1.8877897757305762,0.2806173990950853,1.250022959605382,1.2755336322503883,0.6887881614152095,1.709215067215521,0.3826600896751165,2.321471210695705,1.989832466310606,0.12755336322503882,0.5357241255451632
51059421002,1.2500229596053807,1.1734909416703567,1.556151031345474,1.4796190134104497,0.2806173990950853,0.6122561434801864,0.3316387443851009,1.5816617039904821,1.0459375784453206,1.9643217936655986,0.45919210761013973,1.4285976681204333,1.377576322830419,0.8163415246402488,1.6837043945705128,0.7398095067052253,2.500045919210764,2.193917847470668,0.17857470851505428,1.0714482510903265
51059421101,0.765320179350233,1.096958923735334,1.4796190134104505,1.683704394570511,0.3061280717400932,0.5612347981901711,0.22959605380506987,1.5561510313454723,0.765320179350233,1.836768430440558,0.3061280717400931,1.1990016143153621,1.2755336322503883,0.6377668161251944,1.683704394570512,0.45919210761013995,2.2959605380506987,2.015343138955614,0.1020426905800311,0.45919210761013973
51059421102,0.7398095067052253,1.3010443048953964,1.6071723766354902,1.4796190134104532,0.3826600896751165,0.5867454708351784,0.3316387443851009,1.4285976681204333,0.7142988340602167,1.8877897757305762,0.40817076232012417,1.3010443048953981,1.3010443048953964,0.765320179350233,1.7347257398605291,0.43368143496513206,2.3980032286307313,2.0663644842456286,0.1530640358700466,0.6632774887702018
51059421103,0.5867454708351786,1.3010443048953964,1.5816617039904821,1.5561510313454723,0.35714941703010855,0.6122561434801864,0.2806173990950853,1.4285976681204333,0.6122561434801842,1.7602364125055372,0.3316387443851009,1.1990016143153657,1.3520656501854118,0.7398095067052253,1.7857470851505435,0.3571494170301088,2.2449391927606825,2.0918751568906364,0.12755336322503882,0.7142988340602173
51059421200,0.6122561434801864,1.377576322830419,1.6326830492804976,1.505129686055456,0.5102134529001553,0.5867454708351784,0.3571494170301088,1.4541083407654434,0.739809506705223,1.7347257398605274,0.43368143496513206,1.122469596380343,1.403086995475427,0.6887881614152095,1.7857470851505435,0.35714941703010855,2.2449391927606825,2.0918751568906364,0.20408538116006208,0.43368143496513206
51059421300,0.7908308519952406,1.2755336322503883,1.556151031345474,1.4796190134104532,0.4081707623201244,0.5612347981901706,0.3061280717400932,1.5051296860554595,0.765320179350233,1.8112577577955535,0.4081707623201243,1.2755336322503883,1.3520656501854118,0.7142988340602171,1.7347257398605274,0.40817076232012417,2.3724925559857213,2.1173858295356447,0.1530640358700465,0.7908308519952406
51059421400,2.0408538116006216,1.1479802690253493,1.556151031345474,1.6071723766354884,0.2040853811600622,0.6632774887702018,0.3061280717400932,1.709215067215521,1.2755336322503883,1.9388111210205905,0.43368143496513206,1.505129686055456,1.4541083407654425,0.8673628699302637,1.709215067215521,1.0459375784453186,2.5510672645007766,2.474535246565753,0.1530640358700465,1.0459375784453182
51059421500,2.321471210695707,1.1990016143153648,1.5816617039904821,1.5816617039904821,0.22959605380506998,0.6632774887702018,0.3316387443851009,1.709215067215521,1.3010443048953946,2.117385829535644,0.45919210761013973,1.6581937219255047,1.403086995475427,0.9694055605102948,1.683704394570511,1.1224695963803417,3.0102593721109154,2.474535246565754,0.17857470851505428,1.5306403587004656
51059421600,2.1173858295356447,1.1734909416703567,1.6071723766354893,1.5561510313454723,0.20408538116006208,0.6377668161251941,0.3061280717400932,1.6581937219255047,1.1734909416703558,2.040853811600621,0.4081707623201244,1.556151031345474,1.3775763228304199,0.9183842152202799,1.6071723766354884,1.0459375784453182,2.6786206277258153,2.474535246565753,0.1785747085150544,1.3775763228304194
51059421701,2.2449391927606834,1.1224695963803413,1.556151031345474,1.5816617039904786,0.22959605380506976,0.6632774887702022,0.3061280717400932,1.7092150672155173,1.2755336322503883,1.9133004483755807,0.43368143496513206,1.5051296860554577,1.3775763228304199,0.9183842152202799,1.709215067215519,0.994916233155303,2.5765779371457826,2.3980032286307296,0.17857470851505428,1.530640358700466
51059421702,1.071448251090326,1.25002295960538,1.556151031345474,1.4796190134104532,0.3061280717400932,0.5867454708351788,0.306128071740093,1.530640358700466,0.7908308519952428,1.8112577577955498,0.3316387443851009,1.3775763228304208,1.2500229596053811,0.8163415246402483,1.709215067215519,0.535724125545163,2.2449391927606825,2.2194285201156765,0.1530640358700466,0.6632774887702018
51059421800,1.4541083407654425,1.2245122869603728,1.6326830492804976,1.5561510313454758,0.25510672645007765,0.6632774887702022,0.3061280717400932,1.6071723766354884,1.071448251090327,2.0153431389556147,0.40817076232012417,1.6071723766354884,1.377576322830419,0.8928735425752717,1.6326830492804967,0.9183842152202795,2.806173990950854,2.423513901275737,0.1785747085150544,1.1479802690253493
51059421900,0.841852197285256,0.8418521972852564,1.2500229596053811,2.142896502180652,0.1530640358700466,0.6377668161251941,0.12755336322503882,1.9133004483755824,1.1734909416703594,2.0918751568906373,0.22959605380506987,1.4796190134104497,1.6071723766354893,0.43368143496513184,1.4796190134104505,0.6122561434801864,2.6020886097907927,2.2959605380506987,0.05102134529001552,0.9183842152202797
51059422000,0.8673628699302639,1.4796190134104505,1.7602364125055354,1.224512286960372,0.6122561434801864,0.5867454708351788,0.6887881614152097,1.3010443048953946,0.6377668161251941,1.8622791030855679,0.7908308519952408,1.352065650185411,1.1990016143153648,0.9694055605102952,1.8112577577955518,0.4847027802551476,2.3980032286307313,2.040853811600621,0.3826600896751166,0.765320179350233
51059422101,1.0204269058003106,1.224512286960372,1.6326830492804976,1.5051296860554595,0.25510672645007765,0.6632774887702018,0.3061280717400932,1.6071723766354884,0.9694055605102944,2.015343138955613,0.3826600896751165,1.4796190134104514,1.403086995475427,0.8673628699302641,1.709215067215521,0.7908308519952406,2.627599282435799,2.3724925559857213,0.1530640358700465,1.0459375784453186
51059422102,0.9694055605102952,1.1479802690253493,1.5816617039904812,1.6326830492804947,0.22959605380506998,0.6122561434801864,0.22959605380506998,1.5816617039904821,0.8673628699302655,1.9133004483755824,0.28061739909508543,1.403086995475427,1.3010443048953964,0.765320179350233,1.6581937219255038,0.6887881614152097,2.3980032286307313,2.2449391927606825,0.1530640358700466,0.765320179350233
51059422201,0.5867454708351786,1.3265549775404035,1.6326830492804976,1.403086995475427,0.35714941703010855,0.5612347981901711,0.3061280717400932,1.403086995475427,0.6887881614152104,1.7602364125055372,0.3571494170301088,1.1990016143153621,1.2500229596053811,0.8418521972852564,1.7602364125055372,0.3826600896751165,2.2194285201156765,1.9133004483755824,0.1530640358700466,0.45919210761013973
51059422202,0.5612347981901709,1.0714482510903265,1.4796190134104505,1.6837043945705146,0.22959605380506998,0.6122561434801864,0.2040853811600622,1.4796190134104532,0.7142988340602167,1.9643217936655968,0.20408538116006208,1.3265549775404009,1.2500229596053807,0.6632774887702018,1.6837043945705128,0.43368143496513184,2.2704498654056926,2.040853811600621,0.1020426905800311,0.5612347981901709
51059422301,0.6122561434801864,1.1479802690253493,1.4541083407654425,1.6326830492804985,0.3061280717400932,0.5867454708351788,0.22959605380506998,1.5561510313454723,0.7142988340602167,1.862279103085566,0.25510672645007765,1.1990016143153657,1.3520656501854118,0.6377668161251941,1.6837043945705128,0.3826600896751165,2.3469818833407152,2.0663644842456295,0.10204269058003104,0.663277488770202
51059422302,0.5612347981901709,1.1990016143153648,1.530640358700466,1.5561510313454723,0.3571494170301088,0.5867454708351784,0.25510672645007765,1.5051296860554595,0.7142988340602203,1.8112577577955535,0.3061280717400932,1.3010443048953981,1.3265549775404035,0.7142988340602175,1.709215067215521,0.40817076232012417,2.474535246565754,2.0663644842456295,0.10204269058003115,0.7398095067052253
51059422401,0.739809506705225,1.071448251090326,1.4796190134104505,1.683704394570511,0.2806173990950853,0.6377668161251941,0.20408538116006208,1.6326830492804985,0.9438948878652881,1.8622791030855679,0.3061280717400931,1.3265549775404044,1.4541083407654425,0.6377668161251941,1.6071723766354893,0.5612347981901706,2.3724925559857213,2.2449391927606825,0.12755336322503877,0.6887881614152097
51059422402,0.5867454708351786,1.1224695963803413,1.4541083407654425,1.7857470851505435,0.3061280717400932,0.612256143480186,0.20408538116006208,1.5816617039904786,0.7398095067052266,1.8877897757305742,0.25510672645007765,1.1990016143153621,1.3775763228304199,0.5867454708351786,1.709215067215519,0.40817076232012417,2.2704498654056926,2.117385829535644,0.1020426905800311,0.7142988340602175
51059422403,0.7142988340602171,1.3265549775404044,1.6326830492804976,1.505129686055456,0.3826600896751162,0.6122561434801864,0.3061280717400932,1.4541083407654434,0.7142988340602167,1.8112577577955498,0.3826600896751165,1.1734909416703594,1.377576322830419,0.765320179350233,1.7602364125055372,0.4081707623201244,2.321471210695705,2.0918751568906364,0.1530640358700466,0.5867454708351788
51059430101,0.43368143496513206,1.3520656501854118,1.5816617039904803,1.4796190134104497,0.45919210761013995,0.5612347981901711,0.3061280717400932,1.3775763228304208,0.6122561434801842,1.7602364125055336,0.3316387443851009,1.0459375784453169,1.3265549775404035,0.7398095067052253,1.8112577577955518,0.3061280717400932,2.2449391927606825,1.9388111210205905,0.12755336322503882,0.35714941703010866
51059430102,0.6122561434801862,1.1990016143153648,1.5051296860554586,1.4796190134104532,0.3061280717400932,0.5867454708351788,0.28061739909508554,1.5051296860554595,0.7908308519952428,1.8877897757305762,0.331638744385101,1.352065650185411,1.3520656501854118,0.7398095067052253,1.6837043945705128,0.40817076232012417,2.602088609790789,1.9643217936655977,0.12755336322503882,0.5867454708351786
51059430201,0.8163415246402486,1.2755336322503883,1.556151031345474,1.5816617039904821,0.3826600896751167,0.5867454708351788,0.3061280717400932,1.530640358700466,0.8163415246402492,1.8112577577955498,0.43368143496513206,1.1990016143153657,1.3520656501854118,0.7142988340602175,1.7347257398605274,0.45919210761013984,2.3724925559857213,1.9643217936655977,0.1530640358700466,0.43368143496513195
51059430202,0.7398095067052253,1.2755336322503883,1.5816617039904812,1.4285976681204333,0.3571494170301088,0.5867454708351784,0.3571494170301088,1.505129686055456,0.8418521972852555,1.8367684304405598,0.43368143496513206,1.2755336322503883,1.352065650185411,0.7908308519952406,1.7602364125055354,0.4847027802551474,2.7296419730158314,2.0663644842456295,0.1785747085150544,0.739809506705225
51059430203,0.6887881614152095,1.25002295960538,1.530640358700466,1.4541083407654434,0.3826600896751165,0.5867454708351788,0.3061280717400932,1.530640358700466,0.8673628699302655,1.8112577577955498,0.4081707623201244,1.250022959605382,1.377576322830419,0.7142988340602175,1.6581937219255047,0.43368143496513206,2.423513901275738,1.9643217936655977,0.1530640358700466,0.43368143496513195
51059430400,0.6122561434801862,1.224512286960372,1.530640358700466,1.530640358700466,0.3826600896751165,0.535724125545163,0.3061280717400932,1.4796190134104532,0.7142988340602167,1.8367684304405598,0.3316387443851009,1.3010443048953981,1.3010443048953964,0.6887881614152095,1.7602364125055372,0.3316387443851009,2.4490245739207475,1.9388111210205905,0.12755336322503882,0.8418521972852562
51059430500,0.994916233155303,1.3010443048953964,1.6071723766354884,1.4796190134104532,0.3826600896751167,0.535724125545163,0.3826600896751165,1.4796190134104497,0.8163415246402492,1.8367684304405598,0.45919210761013984,1.2755336322503883,1.2755336322503883,0.8163415246402483,1.7857470851505435,0.4847027802551476,2.52555659185577,1.989832466310606,0.1785747085150544,0.739809506705225
51059430600,1.9133004483755829,1.071448251090326,1.4796190134104505,1.6326830492804985,0.25510672645007765,0.535724125545163,0.2806173990950853,1.683704394570511,1.071448251090327,2.0408538116006194,0.3316387443851009,1.4541083407654434,1.2245122869603728,0.8163415246402483,1.709215067215521,0.7142988340602175,2.8827060088858802,2.0918751568906364,0.12755336322503882,0.969405560510295
51059430700,1.1224695963803417,1.1990016143153648,1.5561510313454732,1.5816617039904821,0.3316387443851009,0.5102134529001551,0.3316387443851009,1.6071723766354884,0.8928735425752717,1.9898324663106068,0.3826600896751165,1.3520656501854145,1.2245122869603728,0.7908308519952411,1.709215067215519,0.5102134529001553,2.474535246565754,1.9133004483755824,0.1530640358700465,0.9183842152202795
51059430801,0.7908308519952408,1.3010443048953964,1.6071723766354893,1.5561510313454723,0.40817076232012417,0.5867454708351788,0.3571494170301088,1.4541083407654434,0.7142988340602203,1.8112577577955535,0.43368143496513195,1.1479802690253493,1.3265549775404044,0.765320179350233,1.7602364125055372,0.43368143496513206,2.3214712106957087,1.989832466310606,0.17857470851505428,0.5102134529001553
51059430802,0.7908308519952406,1.2500229596053811,1.5306403587004669,1.530640358700466,0.3571494170301088,0.5867454708351788,0.3316387443851009,1.5561510313454758,0.765320179350233,1.8367684304405598,0.40817076232012417,1.250022959605382,1.403086995475427,0.7398095067052248,1.7347257398605291,0.45919210761013973,2.3724925559857213,2.0663644842456295,0.1530640358700465,0.663277488770202
51059430901,0.8928735425752717,1.2500229596053811,1.6326830492804967,1.6326830492804985,0.306128071740093,0.5867454708351784,0.3061280717400932,1.5561510313454758,0.8418521972852555,1.9388111210205887,0.3571494170301088,1.2755336322503883,1.3520656501854118,0.8163415246402488,1.7347257398605274,0.4847027802551474,2.474535246565754,2.117385829535644,0.1530640358700465,0.8673628699302639
51059430902,0.8673628699302639,1.25002295960538,1.5816617039904803,1.530640358700466,0.35714941703010855,0.535724125545163,0.3316387443851009,1.530640358700466,0.8163415246402492,1.8622791030855679,0.40817076232012417,1.3265549775404044,1.25002295960538,0.8418521972852564,1.7602364125055354,0.45919210761013973,2.50004591921076,2.015343138955614,0.1530640358700466,0.5357241255451632
51059431001,0.9949162331553026,1.1990016143153648,1.5051296860554577,1.5051296860554595,0.35714941703010855,0.5357241255451635,0.3061280717400932,1.5561510313454723,0.8163415246402492,1.8877897757305762,0.4081707623201243,1.352065650185411,1.2245122869603728,0.7908308519952406,1.709215067215521,0.5102134529001553,2.5510672645007766,1.9643217936655977,0.12755336322503882,0.7398095067052253
51059431002,0.765320179350233,1.1990016143153648,1.5816617039904821,1.5561510313454758,0.28061739909508554,0.5612347981901706,0.25510672645007765,1.5561510313454723,0.8418521972852555,1.8877897757305762,0.3061280717400931,1.3265549775404044,1.3010443048953964,0.7908308519952406,1.709215067215521,0.535724125545163,2.3724925559857213,2.16840717482566,0.12755336322503882,0.7653201793502328
51059431300,0.8163415246402486,1.377576322830419,1.6326830492804967,1.5561510313454723,0.40817076232012417,0.5867454708351788,0.3826600896751165,1.530640358700466,0.8163415246402492,1.8877897757305724,0.5357241255451631,1.2755336322503883,1.4285976681204342,0.7908308519952406,1.7857470851505435,0.4847027802551476,2.50004591921076,2.142896502180652,0.1785747085150544,0.841852197285256
51059431400,0.7398095067052253,1.2755336322503883,1.6071723766354884,1.6071723766354884,0.3826600896751165,0.5612347981901711,0.3316387443851011,1.4541083407654396,0.7398095067052266,1.8112577577955498,0.3826600896751165,1.224512286960372,1.3265549775404035,0.7398095067052248,1.7602364125055354,0.3826600896751165,2.423513901275738,2.040853811600621,0.1530640358700466,0.6632774887702018
51059431500,0.5867454708351786,1.3010443048953955,1.5816617039904803,1.505129686055456,0.43368143496513184,0.5612347981901706,0.35714941703010855,1.428597668120437,0.6632774887702004,1.8112577577955498,0.3826600896751165,1.1479802690253493,1.3265549775404035,0.7142988340602175,1.7602364125055354,0.3571494170301088,2.3724925559857213,2.040853811600621,0.1530640358700465,0.4847027802551475
51059431601,1.3265549775404037,2.959238026820901,2.933727354175893,0.8673628699302655,1.7347257398605282,0.6632774887702018,2.1428965021806525,0.6377668161251941,0.35714941703010655,1.3010443048953981,2.2704498654056913,0.9183842152202817,1.1224695963803413,2.0663644842456286,2.2449391927606843,0.6632774887702019,2.0918751568906373,1.8367684304405594,1.2755336322503885,0.6377668161251941
51059431602,0.9183842152202797,1.1990016143153648,1.5816617039904821,1.505129686055456,0.28061739909508554,0.535724125545163,0.3061280717400932,1.5051296860554595,0.7908308519952393,1.9643217936655986,0.3826600896751165,1.4541083407654434,1.2500229596053807,0.8418521972852564,1.7347257398605274,0.5357241255451632,2.500045919210764,2.015343138955613,0.12755336322503882,0.8418521972852562
51059431801,0.8673628699302639,1.1734909416703576,1.5051296860554577,1.6071723766354884,0.3061280717400932,0.5612347981901706,0.2806173990950853,1.5816617039904821,0.8163415246402492,1.8877897757305742,0.35714941703010866,1.3010443048953981,1.3265549775404035,0.7142988340602171,1.709215067215521,0.4847027802551474,2.3214712106957087,2.0663644842456286,0.12755336322503882,0.6632774887702018
51059431802,0.765320179350233,1.25002295960538,1.556151031345474,1.505129686055456,0.3826600896751165,0.5357241255451632,0.3571494170301088,1.4541083407654434,0.7142988340602167,1.8367684304405598,0.40817076232012417,1.1990016143153657,1.2500229596053807,0.7398095067052253,1.7602364125055354,0.3826600896751165,2.2449391927606825,1.9643217936655986,0.1530640358700465,0.4847027802551475
51059431900,0.7142988340602173,1.377576322830419,1.6581937219255047,1.505129686055456,0.45919210761013995,0.5612347981901706,0.3826600896751165,1.403086995475427,0.6632774887702004,1.8112577577955535,0.4847027802551476,1.122469596380343,1.2755336322503883,0.7908308519952406,1.7602364125055354,0.3826600896751165,2.3724925559857213,1.9388111210205896,0.17857470851505428,0.4081707623201244
51059432000,0.8928735425752715,1.3010443048953955,1.5816617039904803,1.5816617039904821,0.3826600896751165,0.5867454708351788,0.3316387443851009,1.530640358700466,0.8418521972852555,1.836768430440558,0.4847027802551475,1.2755336322503883,1.377576322830419,0.7908308519952406,1.7347257398605274,0.4847027802551476,2.423513901275738,2.015343138955613,0.1530640358700466,0.7142988340602175
51059432100,0.7908308519952406,1.352065650185411,1.6326830492804976,1.530640358700466,0.4336814349651323,0.5867454708351788,0.3571494170301088,1.4796190134104497,0.7908308519952428,1.709215067215521,0.5102134529001554,1.1990016143153657,1.403086995475427,0.7398095067052248,1.7857470851505435,0.4081707623201243,2.449024573920744,2.0918751568906364,0.17857470851505428,0.6887881614152097
51059432201,0.765320179350233,1.0714482510903265,1.4285976681204342,1.6326830492804985,0.2806173990950853,0.535724125545163,0.22959605380506976,1.6581937219255047,0.9438948878652881,1.9388111210205887,0.25510672645007765,1.2755336322503883,1.3010443048953955,0.6122561434801864,1.6326830492804976,0.43368143496513184,2.50004591921076,1.9643217936655977,0.1020426905800311,0.7908308519952408
51059432202,0.7908308519952408,1.3265549775404035,1.6071723766354893,1.505129686055456,0.43368143496513206,0.5612347981901711,0.3571494170301088,1.5051296860554595,0.765320179350233,1.8112577577955498,0.4847027802551476,1.250022959605382,1.3520656501854118,0.7398095067052253,1.7857470851505435,0.40817076232012417,2.52555659185577,1.9388111210205905,0.17857470851505428,0.663277488770202
51059432300,0.5612347981901709,1.3265549775404035,1.6071723766354893,1.4541083407654434,0.40817076232012417,0.5612347981901706,0.3061280717400932,1.4285976681204333,0.6377668161251941,1.709215067215521,0.3571494170301088,1.1479802690253493,1.3265549775404035,0.7398095067052253,1.7857470851505435,0.3316387443851009,2.3724925559857213,1.9388111210205905,0.12755336322503882,0.4081707623201244
51059432401,0.6887881614152097,1.4796190134104505,1.70921506721552,1.5561510313454723,0.4847027802551476,0.5867454708351788,0.3826600896751165,1.4285976681204333,0.7142988340602167,1.709215067215521,0.4847027802551474,1.0969589237353332,1.3775763228304199,0.8163415246402488,1.8112577577955498,0.40817076232012417,2.2194285201156765,1.989832466310606,0.17857470851505428,0.28061739909508543
51059432402,0.4847027802551476,1.3010443048953955,1.5816617039904821,1.530640358700466,0.40817076232012417,0.5612347981901711,0.28061739909508554,1.4285976681204333,0.6122561434801842,1.734725739860531,0.3316387443851009,1.1734909416703558,1.3010443048953964,0.6887881614152095,1.7857470851505435,0.3061280717400932,2.474535246565754,2.015343138955614,0.12755336322503882,0.7142988340602173
51059432500,0.5612347981901709,1.3265549775404035,1.5816617039904812,1.5561510313454723,0.45919210761013973,0.5867454708351788,0.3316387443851011,1.428597668120437,0.6377668161251941,1.6326830492804985,0.3571494170301088,1.0459375784453169,1.3265549775404035,0.6887881614152095,1.8112577577955518,0.331638744385101,2.5510672645007766,2.015343138955613,0.1530640358700466,0.5612347981901709
51059432600,0.45919210761013984,1.3010443048953964,1.5816617039904812,1.6326830492804985,0.3826600896751165,0.5612347981901711,0.25510672645007765,1.4285976681204333,0.6377668161251941,1.7602364125055372,0.3061280717400931,1.071448251090327,1.3265549775404035,0.7142988340602175,1.7857470851505435,0.3061280717400932,2.2959605380506987,1.9898324663106048,0.12755336322503882,0.3826600896751165
51059432701,0.6122561434801864,1.3520656501854118,1.5816617039904821,1.505129686055456,0.43368143496513184,0.5612347981901711,0.3316387443851009,1.4285976681204333,0.6632774887702004,1.709215067215521,0.35714941703010855,1.122469596380343,1.3010443048953955,0.7908308519952406,1.7857470851505435,0.35714941703010866,2.3469818833407152,1.9643217936655977,0.1530640358700465,0.5102134529001554
51059432702,0.9694055605102952,1.1734909416703567,1.5306403587004649,1.530640358700466,0.3061280717400932,0.5867454708351788,0.25510672645007765,1.5561510313454758,0.8928735425752717,1.9133004483755824,0.3316387443851009,1.403086995475427,1.3265549775404035,0.765320179350233,1.6837043945705128,0.5102134529001553,2.372492555985725,2.0918751568906373,0.12755336322503882,0.765320179350233
51059432800,0.7142988340602171,1.1990016143153648,1.5051296860554577,1.5561510313454758,0.3316387443851011,0.5867454708351788,0.25510672645007765,1.530640358700466,0.765320179350233,1.8367684304405598,0.3061280717400932,1.250022959605382,1.2755336322503883,0.6887881614152095,1.709215067215521,0.45919210761013995,2.3724925559857213,2.040853811600621,0.12755336322503882,0.5357241255451631
51059440100,0.7142988340602173,1.3265549775404035,1.5816617039904821,1.403086995475427,0.45919210761013995,0.535724125545163,0.40817076232012417,1.403086995475427,0.6887881614152104,1.7602364125055336,0.5102134529001553,1.1479802690253493,1.2755336322503883,0.765320179350233,1.7602364125055354,0.3826600896751164,2.2449391927606825,1.887789775730575,0.22959605380506998,0.45919210761013984
51059440201,0.892873542575272,0.8673628699302641,1.25002295960538,1.7347257398605274,0.2040853811600622,0.5867454708351788,0.1530640358700466,1.7857470851505435,1.0459375784453206,1.9133004483755842,0.2040853811600622,1.250022959605382,1.428597668120435,0.45919210761013973,1.556151031345474,0.4847027802551474,2.2959605380506987,1.9643217936655977,0.0765320179350233,0.45919210761013973
51059440202,0.7653201793502332,1.096958923735334,1.4796190134104505,1.530640358700466,0.28061739909508554,0.5867454708351788,0.25510672645007765,1.6071723766354922,0.8163415246402492,1.9133004483755842,0.2806173990950853,1.4541083407654434,1.3265549775404035,0.7142988340602171,1.709215067215521,0.45919210761013973,2.602088609790789,2.0663644842456295,0.12755336322503882,0.8163415246402483
51059440300,0.5612347981901709,1.377576322830419,1.5816617039904821,1.428597668120437,0.5102134529001553,0.535724125545163,0.40817076232012417,1.3775763228304208,0.6377668161251941,1.683704394570511,0.4847027802551476,1.0714482510903232,1.3010443048953955,0.765320179350233,1.8112577577955518,0.3316387443851009,2.372492555985725,1.887789775730575,0.1785747085150544,0.3826600896751164
51059440501,0.6887881614152097,1.3265549775404035,1.6326830492804967,1.4285976681204333,0.45919210761013995,0.5357241255451632,0.3826600896751165,1.4285976681204333,0.7142988340602203,1.7347257398605274,0.43368143496513195,1.122469596380343,1.25002295960538,0.765320179350233,1.7602364125055372,0.4081707623201244,2.449024573920744,1.8877897757305742,0.1785747085150544,0.4847027802551475
51059440503,0.7398095067052253,0.4847027802551476,0.9438948878652875,1.8367684304405598,0.0765320179350233,0.6887881614152095,0.0765320179350233,1.9388111210205887,1.403086995475427,2.015343138955613,0.1020426905800311,1.5816617039904821,1.6071723766354893,0.22959605380506987,1.1734909416703576,0.6887881614152095,2.85719533624087,2.015343138955614,0.05102134529001555,0.994916233155303
51059440504,1.9643217936655981,0.7398095067052253,1.5051296860554586,2.142896502180652,0.12755336322503877,0.5867454708351784,0.20408538116006208,2.117385829535644,1.9643217936655986,2.16840717482566,0.3316387443851009,1.6326830492804967,1.3265549775404035,0.535724125545163,1.4796190134104505,1.2245122869603728,3.137812735335954,2.3724925559857213,0.12755336322503882,1.6837043945705124
51059440505,0.5357241255451631,1.377576322830419,1.6581937219255047,1.505129686055456,0.43368143496513184,0.5612347981901706,0.3571494170301088,1.403086995475427,0.6632774887702041,1.8112577577955535,0.4081707623201244,1.2245122869603755,1.2500229596053811,0.7908308519952406,1.8112577577955518,0.3316387443851009,2.3469818833407152,1.9133004483755824,0.17857470851505428,0.3826600896751165
51059440600,0.9183842152202795,1.2245122869603728,1.530640358700466,1.530640358700466,0.35714941703010855,0.5612347981901706,0.3061280717400932,1.530640358700466,0.8418521972852555,1.8112577577955518,0.3826600896751165,1.2755336322503883,1.3010443048953955,0.7398095067052253,1.709215067215521,0.4847027802551476,2.3469818833407117,2.015343138955613,0.12755336322503882,0.7398095067052253
51059440701,0.6887881614152096,1.377576322830419,1.6581937219255047,1.4796190134104497,0.5102134529001553,0.5612347981901706,0.4081707623201244,1.3775763228304172,0.7142988340602167,1.7602364125055372,0.5102134529001553,1.1479802690253493,1.3520656501854118,0.765320179350233,1.8367684304405598,0.3826600896751165,2.3469818833407117,1.9388111210205905,0.20408538116006208,0.3826600896751165
51059440702,0.535724125545163,1.403086995475427,1.683704394570512,1.4541083407654434,0.4847027802551476,0.535724125545163,0.3826600896751165,1.403086995475427,0.6122561434801842,1.7857470851505435,0.4081707623201243,1.1734909416703558,1.301044304895396,0.765320179350233,1.7857470851505435,0.3061280717400932,2.50004591921076,1.9388111210205905,0.17857470851505428,0.45919210761013984
51059440800,0.535724125545163,1.428597668120435,1.6837043945705128,1.403086995475427,0.4591921076101395,0.5357241255451632,0.3826600896751165,1.352065650185411,0.5867454708351815,1.7347257398605274,0.40817076232012417,1.1734909416703594,1.25002295960538,0.765320179350233,1.8112577577955518,0.28061739909508554,2.474535246565754,1.887789775730575,0.1785747085150544,0.6122561434801864
51059450100,1.4541083407654425,1.1479802690253493,1.556151031345474,1.6071723766354884,0.25510672645007765,0.6122561434801864,0.3316387443851009,1.709215067215521,1.1990016143153621,2.040853811600623,0.4847027802551476,1.530640358700466,1.4541083407654434,0.7908308519952406,1.6837043945705128,0.7653201793502328,2.908216681530883,2.219428520115675,0.1785747085150544,0.9438948878652873
51059450200,2.346981883340715,1.1990016143153648,1.5816617039904821,1.5561510313454758,0.25510672645007765,0.6122561434801864,0.3571494170301088,1.7857470851505435,1.4796190134104497,2.0153431389556147,0.5102134529001553,1.530640358700466,1.403086995475427,0.8928735425752717,1.6837043945705128,1.0459375784453182,2.627599282435799,2.321471210695707,0.20408538116006208,1.3775763228304194
51059450300,1.428597668120435,1.096958923735334,1.4541083407654425,1.5561510313454723,0.2806173990950853,0.612256143480186,0.28061739909508543,1.6326830492804985,1.1479802690253493,1.9133004483755807,0.4081707623201243,1.4541083407654416,1.428597668120435,0.7142988340602171,1.6581937219255047,0.7142988340602173,2.449024573920744,2.16840717482566,0.12755336322503882,0.8163415246402483
51059450400,0.8673628699302641,1.3265549775404035,1.6071723766354884,1.5051296860554595,0.43368143496513184,0.5612347981901711,0.3571494170301088,1.5051296860554595,0.7908308519952393,1.8877897757305762,0.4847027802551475,1.1734909416703558,1.3010443048953955,0.7908308519952406,1.8112577577955518,0.4081707623201243,2.3980032286307313,1.989832466310606,0.17857470851505428,0.6377668161251941
51059450500,1.6837043945705128,1.096958923735334,1.4541083407654425,1.530640358700466,0.306128071740093,0.535724125545163,0.3316387443851009,1.6581937219255047,1.0204269058003106,1.9898324663106068,0.3571494170301088,1.3010443048953946,1.2245122869603728,0.7908308519952406,1.7347257398605274,0.5867454708351786,2.449024573920744,1.9898324663106048,0.1530640358700465,1.0714482510903265
51059450601,0.6122561434801864,1.25002295960538,1.556151031345474,1.4541083407654434,0.3826600896751162,0.5102134529001553,0.306128071740093,1.4796190134104497,0.6632774887702004,1.8112577577955498,0.3061280717400932,1.250022959605382,1.1990016143153648,0.765320179350233,1.7602364125055354,0.331638744385101,2.474535246565754,1.9133004483755824,0.12755336322503882,0.7908308519952406
51059450602,1.7857470851505435,1.071448251090326,1.428597668120435,1.5561510313454723,0.25510672645007765,0.5867454708351788,0.3061280717400932,1.709215067215521,1.224512286960372,1.8877897757305742,0.3826600896751165,1.4541083407654434,1.3520656501854118,0.7398095067052253,1.6326830492804976,0.7653201793502332,2.6786206277258153,2.1173858295356447,0.1530640358700465,1.2245122869603728
51059450701,0.7908308519952408,1.1734909416703576,1.556151031345474,1.428597668120437,0.3826600896751167,0.5102134529001553,0.35714941703010855,1.505129686055456,0.765320179350233,1.7857470851505435,0.35714941703010855,1.1990016143153657,1.1990016143153652,0.7398095067052253,1.7602364125055354,0.4081707623201244,2.3214712106957087,1.836768430440559,0.1530640358700465,0.5102134529001552
51059450702,2.4490245739207457,1.071448251090326,1.556151031345474,1.5816617039904821,0.2040853811600622,0.5867454708351788,0.306128071740093,1.7602364125055372,1.403086995475427,2.040853811600621,0.40817076232012417,1.530640358700466,1.3775763228304199,0.8418521972852564,1.683704394570511,0.9438948878652871,2.806173990950854,2.321471210695706,0.1530640358700466,1.1990016143153648
51059450800,1.1479802690253493,1.3265549775404035,1.6581937219255038,1.403086995475427,0.3826600896751165,0.5357241255451632,0.3826600896751165,1.505129686055456,0.8163415246402492,1.9898324663106068,0.5102134529001553,1.3775763228304208,1.2245122869603728,0.9183842152202799,1.7857470851505435,0.5102134529001553,2.5765779371457866,1.9388111210205905,0.20408538116006208,1.0459375784453182
51059450900,0.765320179350233,1.3265549775404035,1.6071723766354893,1.4541083407654396,0.43368143496513206,0.535724125545163,0.3571494170301088,1.4285976681204333,0.7142988340602203,1.7602364125055336,0.43368143496513206,1.1479802690253493,1.3010443048953955,0.765320179350233,1.7602364125055354,0.35714941703010866,2.321471210695705,1.989832466310606,0.1530640358700465,0.43368143496513206
51059451000,0.8928735425752717,1.3520656501854118,1.6581937219255038,1.3775763228304208,0.4336814349651323,0.5612347981901706,0.3826600896751165,1.4541083407654396,0.7908308519952428,1.7602364125055372,0.4847027802551476,1.3010443048953946,1.2500229596053811,0.8418521972852564,1.7857470851505435,0.45919210761013984,2.50004591921076,1.989832466310606,0.20408538116006208,0.765320179350233
51059451100,1.1734909416703572,1.403086995475427,1.6581937219255056,1.4796190134104497,0.4336814349651323,0.6122561434801864,0.43368143496513184,1.505129686055456,0.8418521972852555,1.7602364125055372,0.6122561434801864,1.1990016143153657,1.3775763228304199,0.8418521972852564,1.7602364125055354,0.5357241255451631,2.1939178474706664,2.0918751568906373,0.2040853811600622,0.6632774887702018
51059451200,0.6122561434801862,1.530640358700466,1.7602364125055354,1.505129686055456,0.5612347981901711,0.5867454708351788,0.4081707623201244,1.3775763228304172,0.6377668161251941,1.5561510313454758,0.4847027802551476,1.0459375784453206,1.3520656501854118,0.7908308519952411,1.8367684304405598,0.3061280717400931,2.244939192760686,2.015343138955613,0.2040853811600622,0.4081707623201244
51059451300,0.7142988340602173,1.3520656501854118,1.6071723766354893,1.5051296860554595,0.40817076232012417,0.5867454708351784,0.35714941703010855,1.4796190134104497,0.765320179350233,1.8112577577955498,0.43368143496513195,1.2500229596053782,1.377576322830419,0.7908308519952406,1.7347257398605291,0.43368143496513206,2.3980032286307313,2.0663644842456295,0.1530640358700466,0.5612347981901709
51059451400,2.7041313003708236,1.1990016143153648,1.6071723766354893,1.428597668120437,0.25510672645007765,0.5612347981901706,0.3826600896751165,1.7602364125055372,1.403086995475427,2.0663644842456295,0.45919210761013995,1.6326830492804967,1.2755336322503883,0.9949162331553024,1.6581937219255047,1.096958923735334,2.755152645660838,2.193917847470668,0.20408538116006208,1.530640358700466
51059451501,1.6837043945705128,1.1734909416703576,1.5561510313454732,1.530640358700466,0.2806173990950853,0.5867454708351788,0.3061280717400932,1.6581937219255047,1.122469596380343,2.040853811600621,0.43368143496513184,1.530640358700466,1.3520656501854118,0.8673628699302641,1.6837043945705128,0.765320179350233,2.9082166815308867,2.2194285201156743,0.1785747085150544,1.2755336322503883
51059451502,1.1990016143153648,1.2500229596053811,1.5561510313454732,1.3010443048953946,0.43368143496513184,0.5867454708351784,0.45919210761013995,1.4541083407654434,0.7908308519952393,1.9388111210205905,0.5612347981901709,1.352065650185411,1.2755336322503883,0.841852197285256,1.6837043945705128,0.5612347981901711,2.4490245739207475,2.0918751568906364,0.25510672645007765,0.663277488770202
51059451601,3.6990475335261257,0.994916233155303,1.4796190134104505,1.7347257398605274,0.1530640358700466,0.5867454708351788,0.3316387443851009,2.117385829535644,2.1939178474706664,2.16840717482566,0.43368143496513206,1.6581937219255047,1.3775763228304199,0.9183842152202795,1.6326830492804967,1.862279103085566,3.597004842946097,2.50004591921076,0.1530640358700465,2.0663644842456286
51059451602,0.9438948878652871,1.1990016143153648,1.530640358700466,1.5051296860554595,0.3061280717400932,0.5867454708351788,0.3061280717400932,1.530640358700466,0.8673628699302618,2.015343138955613,0.4081707623201244,1.403086995475427,1.3265549775404035,0.7908308519952411,1.709215067215521,0.5612347981901706,2.423513901275738,2.0918751568906364,0.1530640358700466,0.8163415246402488
51059451800,1.2245122869603724,1.2245122869603728,1.556151031345474,1.4796190134104497,0.3826600896751165,0.5102134529001553,0.3571494170301088,1.5051296860554595,0.8163415246402492,1.862279103085566,0.43368143496513195,1.3775763228304208,1.2245122869603728,0.8163415246402488,1.7347257398605274,0.5102134529001553,2.5765779371457826,1.989832466310606,0.1785747085150544,0.8163415246402483
51059451900,0.7908308519952406,1.071448251090327,1.3775763228304199,1.530640358700466,0.3061280717400932,0.5612347981901711,0.22959605380506987,1.5816617039904821,0.7908308519952393,1.8112577577955535,0.28061739909508543,1.3265549775404044,1.25002295960538,0.6122561434801862,1.6326830492804967,0.43368143496513206,2.2959605380506987,1.989832466310606,0.12755336322503877,0.5612347981901709
51059452000,1.071448251090326,1.428597668120435,1.709215067215521,1.1990016143153657,0.43368143496513184,0.5612347981901711,0.535724125545163,1.3775763228304172,0.7908308519952428,1.8112577577955535,0.6377668161251941,1.2755336322503883,1.1990016143153648,1.096958923735334,1.7602364125055354,0.5357241255451632,2.52555659185577,2.015343138955613,0.3061280717400931,0.7142988340602173
51059452101,0.8673628699302641,1.25002295960538,1.6071723766354884,1.4796190134104532,0.3316387443851009,0.5867454708351788,0.3061280717400932,1.505129686055456,0.7398095067052266,1.9388111210205905,0.35714941703010855,1.3775763228304208,1.2755336322503878,0.8163415246402488,1.7602364125055354,0.45919210761013973,2.602088609790789,2.015343138955614,0.1530640358700466,0.8673628699302641
51059452102,1.301044304895396,1.3265549775404035,1.6837043945705128,1.3265549775404044,0.3826600896751165,0.5612347981901706,0.43368143496513184,1.4541083407654434,0.8673628699302655,1.8622791030855679,0.535724125545163,1.3520656501854145,1.2755336322503883,0.9694055605102952,1.8112577577955518,0.5612347981901706,2.5765779371457826,2.040853811600621,0.22959605380506987,0.841852197285256
51059452200,1.5816617039904812,1.224512286960372,1.6581937219255038,1.505129686055456,0.25510672645007765,0.5867454708351784,0.35714941703010855,1.5561510313454723,1.0204269058003106,2.0918751568906373,0.40817076232012417,1.5816617039904821,1.2755336322503883,0.9949162331553024,1.7602364125055354,0.7398095067052253,2.9847486994659094,2.1939178474706673,0.1785747085150544,1.0204269058003106
51059452301,1.4285976681204346,1.2245122869603728,1.6326830492804967,1.4541083407654434,0.2806173990950853,0.5612347981901711,0.3826600896751165,1.5561510313454723,1.0204269058003106,2.040853811600621,0.45919210761013973,1.556151031345474,1.2245122869603728,1.071448251090326,1.7602364125055372,0.765320179350233,3.1123020626909446,2.1173858295356447,0.17857470851505428,0.9949162331553026
51059452302,3.061280717400932,1.071448251090326,1.5816617039904803,1.6326830492804985,0.1785747085150544,0.6377668161251941,0.3316387443851011,1.8367684304405598,1.6581937219255047,2.142896502180652,0.4847027802551476,1.6071723766354902,1.4796190134104505,0.9438948878652871,1.683704394570512,1.5816617039904812,3.214344753270977,2.50004591921076,0.1530640358700465,1.7857470851505435
51059452400,1.1734909416703572,1.1734909416703576,1.556151031345474,1.5561510313454758,0.3061280717400932,0.5612347981901706,0.306128071740093,1.6071723766354884,0.8673628699302618,1.862279103085566,0.3826600896751165,1.403086995475427,1.2500229596053807,0.8163415246402483,1.6837043945705128,0.5102134529001553,2.50004591921076,2.015343138955613,0.1530640358700466,0.765320179350233
51059452501,0.9438948878652875,1.2755336322503883,1.5816617039904812,1.4796190134104497,0.35714941703010855,0.5612347981901711,0.3316387443851009,1.530640358700466,0.7908308519952393,1.9388111210205887,0.40817076232012417,1.4285976681204333,1.25002295960538,0.8673628699302641,1.7857470851505435,0.4847027802551476,2.6020886097907927,2.015343138955613,0.1530640358700465,0.8163415246402486
51059452502,1.5051296860554586,1.071448251090327,1.5816617039904821,1.6326830492804985,0.20408538116006208,0.6122561434801864,0.25510672645007765,1.7092150672155173,1.1734909416703594,2.0663644842456295,0.3571494170301088,1.5816617039904803,1.352065650185411,0.8163415246402483,1.6326830492804976,0.9183842152202799,2.806173990950854,2.3469818833407143,0.1530640358700466,1.096958923735334
51059452600,0.8928735425752717,1.1224695963803413,1.5051296860554577,1.6071723766354884,0.2806173990950853,0.5867454708351788,0.25510672645007754,1.530640358700466,0.7908308519952393,1.8877897757305762,0.3061280717400931,1.352065650185411,1.3010443048953955,0.6887881614152095,1.6581937219255047,0.5867454708351786,2.3469818833407152,2.117385829535644,0.12755336322503882,0.7142988340602173
51059452700,1.3520656501854118,1.1734909416703567,1.556151031345474,1.505129686055456,0.25510672645007765,0.6122561434801864,0.3061280717400932,1.6071723766354884,0.9694055605102944,1.9898324663106048,0.3826600896751165,1.5051296860554577,1.3010443048953955,0.8418521972852564,1.6837043945705128,0.765320179350233,2.627599282435799,2.2449391927606834,0.1530640358700466,0.9694055605102952
51059452801,0.8928735425752717,1.25002295960538,1.5816617039904821,1.403086995475427,0.3061280717400932,0.6122561434801864,0.3316387443851009,1.5816617039904821,0.9438948878652881,1.9898324663106068,0.40817076232012417,1.5561510313454758,1.3775763228304199,0.8418521972852564,1.6837043945705128,0.6122561434801864,2.7041313003708254,2.270449865405691,0.1785747085150544,1.3520656501854114
51059452802,0.7142988340602173,1.5051296860554586,1.7347257398605291,1.352065650185411,0.4591921076101395,0.6377668161251941,0.40817076232012417,1.352065650185411,0.7142988340602167,1.8367684304405598,0.5102134529001553,1.3010443048953981,1.3520656501854118,0.9183842152202799,1.8112577577955498,0.4847027802551474,2.3724925559857213,2.219428520115675,0.22959605380506987,0.5867454708351786
51059460100,0.6122561434801862,1.403086995475427,1.6581937219255047,1.4796190134104497,0.4847027802551472,0.5357241255451632,0.43368143496513206,1.3265549775404044,0.6632774887702041,1.8112577577955498,0.5102134529001553,1.1224695963803395,1.2245122869603728,0.8418521972852564,1.862279103085566,0.3826600896751165,2.2959605380506987,1.836768430440559,0.1785747085150544,0.4081707623201243
51059460200,0.3826600896751165,1.403086995475427,1.6326830492804976,1.530640358700466,0.4847027802551476,0.5612347981901711,0.3316387443851009,1.3265549775404044,0.5102134529001553,1.709215067215521,0.3316387443851009,0.9949162331553043,1.3265549775404035,0.6887881614152099,1.8367684304405598,0.25510672645007765,2.2704498654056926,1.9643217936655977,0.12755336322503882,0.3826600896751164
51059460300,0.40817076232012417,1.3520656501854118,1.5816617039904812,1.5816617039904786,0.4847027802551476,0.535724125545163,0.3316387443851009,1.428597668120437,0.5867454708351815,1.6581937219255047,0.3061280717400931,1.0204269058003106,1.25002295960538,0.663277488770202,1.7857470851505435,0.22959605380506987,2.2959605380506987,1.862279103085567,0.12755336322503882,0.3826600896751164
51059460400,0.45919210761013973,1.3010443048953964,1.5816617039904821,1.428597668120437,0.40817076232012417,0.5357241255451632,0.2806173990950853,1.428597668120437,0.6377668161251941,1.7857470851505435,0.3061280717400932,1.122469596380343,1.2500229596053807,0.7142988340602175,1.7857470851505435,0.2806173990950853,2.2449391927606825,1.862279103085566,0.1530640358700466,0.4847027802551475
51059460501,0.5102134529001554,1.3010443048953964,1.5816617039904812,1.4796190134104497,0.43368143496513184,0.535724125545163,0.3316387443851009,1.403086995475427,0.6377668161251941,1.7347257398605274,0.35714941703010866,1.122469596380343,1.1990016143153648,0.7398095067052253,1.7857470851505435,0.28061739909508543,2.3980032286307313,1.7857470851505435,0.1530640358700466,0.6122561434801864
51059460503,0.6122561434801864,1.096958923735334,1.4285976681204342,1.6581937219255047,0.2806173990950853,0.535724125545163,0.20408538116006208,1.6326830492804985,0.765320179350233,1.9388111210205923,0.25510672645007765,1.1990016143153657,1.3010443048953964,0.6122561434801864,1.6837043945705128,0.3826600896751165,2.3724925559857213,1.8877897757305742,0.1020426905800311,0.4847027802551475
51059460504,0.5867454708351786,1.1990016143153648,1.5051296860554586,1.530640358700466,0.3826600896751165,0.5357241255451632,0.3061280717400931,1.5051296860554595,0.7398095067052266,1.7857470851505435,0.35714941703010866,1.1479802690253493,1.2245122869603728,0.6632774887702018,1.7602364125055372,0.3571494170301088,2.474535246565754,1.8112577577955509,0.12755336322503882,0.5867454708351788
51059460600,0.5357241255451632,1.3265549775404035,1.6071723766354884,1.5051296860554595,0.45919210761013973,0.5612347981901706,0.3316387443851009,1.428597668120437,0.6377668161251941,1.836768430440558,0.3826600896751165,1.0969589237353368,1.3520656501854118,0.6887881614152099,1.8112577577955518,0.3061280717400932,2.3724925559857213,1.9388111210205896,0.1530640358700466,0.3826600896751165
51059460701,1.1734909416703572,1.1990016143153648,1.530640358700466,1.5816617039904786,0.35714941703010855,0.5612347981901711,0.3316387443851009,1.6326830492804985,0.9438948878652881,1.8367684304405598,0.43368143496513206,1.2755336322503883,1.352065650185411,0.7398095067052253,1.7347257398605291,0.5357241255451632,2.52555659185577,2.040853811600621,0.17857470851505428,0.4847027802551475
51059460702,0.6122561434801864,1.3775763228304199,1.6326830492804976,1.5816617039904821,0.43368143496513206,0.5867454708351788,0.3316387443851009,1.4541083407654434,0.6377668161251941,1.8367684304405598,0.43368143496513206,1.0969589237353332,1.377576322830419,0.7398095067052253,1.8112577577955498,0.35714941703010866,2.321471210695705,2.015343138955614,0.17857470851505428,0.5102134529001554
51059460800,0.6887881614152097,1.403086995475427,1.6581937219255047,1.5051296860554595,0.4591921076101395,0.5612347981901711,0.3826600896751165,1.4541083407654434,0.6887881614152104,1.7857470851505435,0.45919210761013984,1.1990016143153657,1.3265549775404035,0.8163415246402488,1.8112577577955518,0.3826600896751165,2.423513901275738,2.040853811600621,0.17857470851505428,0.40817076232012417
51059460900,0.6632774887702019,1.403086995475427,1.6326830492804967,1.5561510313454758,0.4847027802551476,0.5612347981901706,0.3826600896751165,1.4796190134104497,0.7398095067052266,1.7347257398605274,0.5102134529001553,1.0204269058003106,1.3520656501854118,0.7398095067052253,1.8112577577955498,0.3826600896751165,2.2704498654056926,1.9388111210205896,0.17857470851505428,0.5612347981901707
51059461000,0.5102134529001553,1.2755336322503883,1.530640358700466,1.5051296860554595,0.45919210761013995,0.5612347981901711,0.3316387443851011,1.4285976681204333,0.6122561434801878,1.8367684304405598,0.35714941703010866,1.071448251090327,1.2755336322503883,0.6632774887702018,1.7857470851505435,0.3316387443851009,2.3469818833407117,1.9133004483755824,0.1530640358700466,0.7142988340602175
51059461100,0.5867454708351786,1.3010443048953955,1.556151031345474,1.5051296860554595,0.4847027802551476,0.535724125545163,0.3316387443851009,1.4285976681204333,0.6632774887702041,1.709215067215521,0.3826600896751164,1.1479802690253493,1.3010443048953955,0.6887881614152099,1.7602364125055354,0.331638744385101,2.4490245739207475,1.9133004483755824,0.1530640358700466,0.35714941703010866
51059461201,0.43368143496513206,1.403086995475427,1.6326830492804967,1.530640358700466,0.4847027802551472,0.5612347981901706,0.3316387443851011,1.352065650185411,0.5357241255451616,1.6326830492804947,0.3571494170301088,1.0459375784453169,1.3265549775404035,0.6887881614152095,1.8622791030855679,0.28061739909508543,2.142896502180654,1.9133004483755824,0.1530640358700466,0.3826600896751165
51059461202,0.6122561434801862,1.0459375784453182,1.428597668120435,1.6071723766354884,0.25510672645007765,0.535724125545163,0.20408538116006208,1.5816617039904821,0.8418521972852555,1.9643217936655968,0.25510672645007765,1.2500229596053782,1.25002295960538,0.6122561434801864,1.6326830492804967,0.43368143496513184,2.474535246565754,1.862279103085567,0.1020426905800311,0.3826600896751165
51059461500,0.4847027802551474,1.1734909416703576,1.4796190134104505,1.6581937219255047,0.35714941703010855,0.5357241255451632,0.22959605380506976,1.530640358700466,0.6632774887702004,1.8112577577955535,0.2806173990950853,1.0969589237353368,1.2755336322503883,0.663277488770202,1.7347257398605291,0.3061280717400932,2.4490245739207475,1.836768430440559,0.1020426905800311,0.3826600896751165
51059461603,0.6632774887702018,0.9694055605102952,1.3265549775404044,1.5816617039904821,0.25510672645007765,0.535724125545163,0.20408538116006208,1.6581937219255047,0.8673628699302618,1.9133004483755842,0.2040853811600622,1.2500229596053782,1.3010443048953964,0.5612347981901706,1.6581937219255038,0.40817076232012417,2.2959605380506987,1.8112577577955509,0.10204269058003104,0.535724125545163
51059461604,0.5867454708351788,1.096958923735334,1.4541083407654434,1.530640358700466,0.3061280717400932,0.5102134529001551,0.25510672645007754,1.5561510313454758,0.765320179350233,2.0663644842456312,0.25510672645007765,1.2755336322503883,1.2245122869603728,0.6377668161251941,1.6581937219255047,0.3571494170301088,2.5765779371457866,1.8112577577955518,0.10204269058003104,0.8163415246402488
51059461605,0.5867454708351786,0.6632774887702018,1.0459375784453186,1.9388111210205887,0.1530640358700466,0.5357241255451632,0.10204269058003104,1.862279103085566,1.0204269058003106,1.8877897757305742,0.12755336322503882,1.2500229596053782,1.377576322830419,0.3316387443851009,1.4541083407654425,0.40817076232012417,2.423513901275738,1.7857470851505435,0.02551067264500776,0.45919210761013984
51059461606,1.2500229596053802,0.8928735425752717,1.3265549775404035,1.8877897757305762,0.2040853811600622,0.535724125545163,0.1785747085150544,1.8367684304405598,1.250022959605382,1.836768430440558,0.2806173990950853,1.250022959605382,1.25002295960538,0.5612347981901706,1.6071723766354893,0.6632774887702018,2.6786206277258153,1.836768430440559,0.10204269058003104,0.45919210761013984
51059461700,0.765320179350233,1.0459375784453186,1.4541083407654425,1.6326830492804947,0.25510672645007765,0.535724125545163,0.25510672645007765,1.6581937219255047,0.9438948878652881,1.862279103085566,0.3061280717400932,1.3010443048953946,1.2755336322503883,0.6887881614152095,1.6581937219255038,0.5102134529001553,2.3980032286307313,1.9133004483755824,0.10204269058003104,0.45919210761013973
51059461801,0.5612347981901709,1.0714482510903265,1.377576322830419,1.6326830492804985,0.3061280717400932,0.5612347981901711,0.22959605380506987,1.6071723766354884,0.765320179350233,1.8622791030855679,0.22959605380506987,1.2755336322503883,1.3265549775404044,0.5867454708351784,1.683704394570512,0.3826600896751165,2.52555659185577,1.9388111210205905,0.1020426905800311,0.43368143496513195
51059461802,0.535724125545163,1.0459375784453186,1.403086995475427,1.5816617039904821,0.3061280717400932,0.5612347981901706,0.20408538116006208,1.5561510313454723,0.739809506705223,1.8112577577955518,0.22959605380506987,1.224512286960372,1.352065650185411,0.6122561434801862,1.6581937219255047,0.35714941703010866,2.2959605380506987,1.9388111210205905,0.1020426905800311,0.4847027802551476
51059461901,1.0459375784453182,1.1734909416703576,1.530640358700466,1.4541083407654434,0.2806173990950853,0.5867454708351788,0.3061280717400932,1.530640358700466,0.9438948878652881,1.9388111210205905,0.3826600896751165,1.352065650185411,1.326554977540404,0.7908308519952406,1.709215067215521,0.5867454708351786,2.449024573920744,2.015343138955614,0.1530640358700465,0.8673628699302641
51059461902,1.7347257398605282,0.8928735425752717,1.403086995475427,1.9388111210205905,0.17857470851505428,0.5612347981901706,0.22959605380506987,1.862279103085566,1.3265549775404044,2.0918751568906355,0.2806173990950853,1.6581937219255047,1.3520656501854118,0.6887881614152095,1.6326830492804976,0.8418521972852564,3.0357700447559255,2.193917847470668,0.1020426905800311,1.4796190134104505
51059470100,0.535724125545163,1.377576322830419,1.6071723766354893,1.4541083407654434,0.5612347981901706,0.5612347981901711,0.3826600896751165,1.3010443048953946,0.6122561434801878,1.7347257398605274,0.43368143496513206,0.9694055605102944,1.2500229596053807,0.7398095067052253,1.8367684304405598,0.3061280717400932,2.270449865405689,1.8112577577955518,0.1530640358700466,0.28061739909508543
51059470300,0.4847027802551475,1.4285976681204342,1.6581937219255047,1.4285976681204333,0.535724125545163,0.5612347981901706,0.35714941703010855,1.3010443048953981,0.5357241255451652,1.8112577577955498,0.40817076232012417,0.9949162331553006,1.3265549775404035,0.7142988340602171,1.836768430440558,0.3061280717400931,2.372492555985725,1.9133004483755824,0.17857470851505428,0.2806173990950854
51059470400,0.5867454708351786,1.403086995475427,1.6581937219255047,1.5561510313454723,0.5102134529001553,0.5612347981901706,0.3571494170301088,1.3265549775404044,0.5867454708351815,1.7347257398605274,0.40817076232012417,0.9694055605102944,1.2755336322503883,0.7398095067052248,1.8367684304405598,0.28061739909508543,2.270449865405689,1.8877897757305742,0.17857470851505428,0.35714941703010866
51059470500,0.5357241255451631,1.377576322830419,1.6071723766354884,1.428597668120437,0.5102134529001553,0.5357241255451632,0.4081707623201244,1.3265549775404044,0.5867454708351779,1.8112577577955498,0.43368143496513195,1.0714482510903232,1.2245122869603724,0.765320179350233,1.8112577577955518,0.3316387443851009,2.2449391927606825,1.8112577577955509,0.1785747085150544,0.3571494170301088
51059470600,0.7908308519952408,1.5051296860554577,1.7347257398605274,1.3520656501854145,0.5612347981901706,0.5612347981901706,0.4847027802551476,1.3010443048953946,0.6632774887702004,1.6581937219255047,0.5867454708351788,1.0969589237353368,1.2245122869603728,0.8928735425752717,1.8877897757305742,0.4081707623201244,2.2194285201156765,1.8877897757305742,0.22959605380506987,0.43368143496513206
51059470700,0.43368143496513206,1.2755336322503883,1.5561510313454732,1.5051296860554595,0.45919210761013995,0.5357241255451632,0.3316387443851009,1.3520656501854145,0.5867454708351815,1.7857470851505435,0.3571494170301088,1.0204269058003106,1.25002295960538,0.6887881614152095,1.7602364125055354,0.28061739909508543,2.2959605380506987,1.7857470851505435,0.1530640358700466,0.35714941703010866
51059470800,0.535724125545163,1.3520656501854118,1.6071723766354884,1.5561510313454758,0.4591921076101395,0.535724125545163,0.3571494170301088,1.3775763228304172,0.5867454708351779,1.8112577577955498,0.3826600896751165,1.0204269058003106,1.2245122869603724,0.7398095067052253,1.8622791030855679,0.3061280717400931,2.423513901275738,1.862279103085567,0.1530640358700466,0.43368143496513206
51059470900,0.535724125545163,1.3520656501854118,1.6326830492804967,1.4541083407654434,0.5102134529001553,0.535724125545163,0.3826600896751165,1.3265549775404044,0.5867454708351779,1.7857470851505435,0.40817076232012417,1.0459375784453206,1.2755336322503883,0.7142988340602171,1.8112577577955518,0.3061280717400931,2.2959605380506987,1.862279103085567,0.1785747085150544,0.5102134529001552
51059471000,0.3571494170301088,1.1990016143153657,1.5051296860554586,1.5816617039904821,0.3826600896751165,0.5357241255451632,0.22959605380506998,1.4541083407654434,0.5357241255451652,1.7857470851505435,0.20408538116006208,1.071448251090327,1.2755336322503878,0.5867454708351788,1.7347257398605274,0.25510672645007765,2.2704498654056926,1.836768430440559,0.1020426905800311,0.3316387443851009
51059471100,0.6632774887702018,1.1479802690253493,1.4796190134104505,1.6071723766354884,0.3316387443851009,0.5612347981901711,0.25510672645007754,1.5561510313454758,0.7398095067052266,1.836768430440558,0.3061280717400931,1.2755336322503883,1.3010443048953964,0.6377668161251939,1.7347257398605274,0.3316387443851009,2.52555659185577,1.9133004483755824,0.12755336322503877,0.6632774887702018
51059471201,0.4847027802551475,1.0204269058003106,1.403086995475427,1.5051296860554595,0.3061280717400932,0.5102134529001555,0.22959605380506998,1.5816617039904821,0.7398095067052266,1.7602364125055372,0.22959605380506998,1.1734909416703594,1.2245122869603728,0.5867454708351786,1.6837043945705128,0.3316387443851009,2.2449391927606825,1.7602364125055354,0.1020426905800311,0.35714941703010866
51059471203,0.5612347981901707,0.994916233155303,1.3520656501854118,1.683704394570511,0.3061280717400932,0.535724125545163,0.2040853811600622,1.6071723766354884,0.765320179350233,1.8622791030855679,0.2040853811600622,1.1734909416703558,1.3010443048953964,0.5612347981901711,1.683704394570512,0.331638744385101,2.321471210695705,1.862279103085567,0.10204269058003104,0.4081707623201244
51059471204,1.0204269058003108,0.8928735425752717,1.3010443048953964,1.6326830492804985,0.22959605380506998,0.5357241255451632,0.20408538116006208,1.709215067215521,1.1990016143153657,1.9643217936655986,0.28061739909508543,1.2755336322503883,1.3010443048953964,0.5102134529001553,1.5816617039904812,0.535724125545163,2.423513901275738,1.8877897757305742,0.0765320179350233,0.6122561434801862
51059471301,1.1990016143153648,0.8163415246402483,1.25002295960538,1.8112577577955535,0.17857470851505428,0.535724125545163,0.1785747085150544,1.8367684304405598,1.1734909416703594,1.8877897757305742,0.22959605380506987,1.3010443048953981,1.2500229596053807,0.5102134529001553,1.556151031345474,0.5612347981901709,2.5255565918557665,1.8367684304405598,0.0765320179350233,0.5357241255451632
51059471303,0.8163415246402483,1.0969589237353332,1.4541083407654434,1.5816617039904821,0.3061280717400932,0.5867454708351788,0.2806173990950853,1.6071723766354884,0.8928735425752717,1.8112577577955535,0.35714941703010866,1.2500229596053782,1.3520656501854118,0.6377668161251944,1.6837043945705128,0.4847027802551476,2.474535246565754,1.989832466310606,0.12755336322503882,0.5102134529001553
51059471304,0.6122561434801863,1.377576322830419,1.6581937219255038,1.5816617039904786,0.43368143496513184,0.5867454708351784,0.3316387443851009,1.4796190134104497,0.6632774887702041,1.7347257398605274,0.4081707623201243,1.1990016143153657,1.403086995475427,0.6887881614152095,1.8367684304405598,0.3826600896751164,2.449024573920744,2.040853811600621,0.1530640358700466,0.5102134529001554
51059471401,1.0204269058003106,1.2245122869603728,1.530640358700466,1.5816617039904821,0.3316387443851009,0.5612347981901711,0.28061739909508554,1.6071723766354884,0.8928735425752717,1.8877897757305762,0.4081707623201243,1.3010443048953946,1.3775763228304199,0.7398095067052253,1.7347257398605291,0.5612347981901709,2.50004591921076,2.040853811600621,0.1530640358700466,0.6122561434801862
51059471402,1.3520656501854118,1.1990016143153648,1.556151031345474,1.5816617039904821,0.28061739909508554,0.5867454708351788,0.3061280717400932,1.6326830492804985,1.0459375784453169,1.9388111210205905,0.40817076232012417,1.5051296860554577,1.3265549775404035,0.8163415246402483,1.7347257398605291,0.6632774887702018,2.780663318305848,2.142896502180652,0.1530640358700466,1.2755336322503883
51059480100,0.4081707623201243,1.4285976681204342,1.6581937219255056,1.4541083407654434,0.535724125545163,0.5612347981901711,0.3826600896751165,1.3265549775404009,0.5612347981901715,1.709215067215521,0.3826600896751165,1.0459375784453206,1.3265549775404035,0.7142988340602175,1.8112577577955518,0.25510672645007765,2.3469818833407152,1.887789775730575,0.1530640358700465,0.35714941703010866
51059480201,0.4847027802551474,1.3520656501854118,1.6071723766354893,1.4285976681204333,0.5102134529001553,0.5102134529001553,0.3571494170301088,1.352065650185411,0.5612347981901715,1.6837043945705146,0.3826600896751166,0.9694055605102944,1.2245122869603728,0.7142988340602175,1.8112577577955518,0.25510672645007765,2.0918751568906373,1.7347257398605282,0.1530640358700466,0.2806173990950854
51059480203,0.5612347981901709,1.25002295960538,1.5561510313454732,1.352065650185411,0.45919210761013995,0.535724125545163,0.35714941703010855,1.403086995475427,0.7142988340602167,1.7602364125055336,0.40817076232012417,1.224512286960372,1.2500229596053811,0.7398095067052253,1.7347257398605274,0.3826600896751165,2.423513901275738,1.887789775730575,0.1785747085150544,0.5357241255451631
51059480204,0.6122561434801864,0.7908308519952406,1.1990016143153648,1.7347257398605274,0.20408538116006208,0.4847027802551476,0.1530640358700466,1.7857470851505435,0.8928735425752717,1.9388111210205887,0.17857470851505433,1.224512286960372,1.3010443048953964,0.43368143496513184,1.530640358700466,0.43368143496513206,2.3980032286307313,1.7347257398605282,0.07653201793502325,0.43368143496513206
51059480205,0.5612347981901709,0.7398095067052248,1.1479802690253493,1.8877897757305742,0.17857470851505428,0.5357241255451632,0.12755336322503877,1.8112577577955535,1.0204269058003106,1.9388111210205905,0.17857470851505428,1.1734909416703558,1.3520656501854118,0.3826600896751165,1.4796190134104505,0.4081707623201244,2.2959605380506987,1.7857470851505435,0.05102134529001552,0.331638744385101
51059480301,0.3826600896751165,1.3520656501854118,1.6071723766354902,1.428597668120437,0.45919210761013995,0.535724125545163,0.3061280717400932,1.3265549775404044,0.5357241255451616,1.7347257398605274,0.3061280717400931,1.0204269058003106,1.1990016143153648,0.7142988340602175,1.8112577577955518,0.22959605380506987,2.423513901275738,1.7857470851505435,0.12755336322503882,0.4081707623201244
51059480302,0.7398095067052252,1.3265549775404035,1.6071723766354893,1.4796190134104532,0.45919210761013973,0.5612347981901709,0.3826600896751165,1.403086995475427,0.7908308519952428,1.709215067215521,0.4847027802551476,1.071448251090327,1.2755336322503878,0.765320179350233,1.7857470851505435,0.35714941703010866,2.780663318305848,1.8112577577955509,0.17857470851505428,0.739809506705225
51059480401,0.35714941703010855,1.3010443048953964,1.5816617039904812,1.4796190134104497,0.4591921076101395,0.535724125545163,0.2806173990950853,1.3520656501854145,0.561234798190168,1.7602364125055336,0.25510672645007765,1.0459375784453206,1.2755336322503883,0.6632774887702018,1.8112577577955518,0.25510672645007765,2.52555659185577,1.8112577577955509,0.10204269058003104,0.28061739909508543
51059480402,0.4847027802551475,1.3265549775404035,1.6326830492804967,1.4796190134104532,0.4847027802551476,0.5357241255451632,0.35714941703010855,1.352065650185411,0.6122561434801878,1.7602364125055336,0.4081707623201243,1.071448251090327,1.2245122869603724,0.765320179350233,1.8112577577955518,0.3316387443851009,2.1939178474706664,1.8112577577955518,0.1530640358700466,0.3826600896751165
51059480501,0.5612347981901707,1.3265549775404044,1.5816617039904812,1.5561510313454723,0.4081707623201244,0.535724125545163,0.331638744385101,1.4285976681204333,0.6887881614152104,1.7857470851505435,0.3826600896751165,1.071448251090327,1.3265549775404035,0.7142988340602175,1.7602364125055354,0.3316387443851009,2.2449391927606825,1.9133004483755824,0.1530640358700466,0.4081707623201243
51059480502,0.4847027802551474,1.3265549775404044,1.5816617039904821,1.5561510313454758,0.4591921076101395,0.5867454708351784,0.3061280717400932,1.4796190134104497,0.6887881614152104,1.7347257398605274,0.3826600896751164,1.1734909416703558,1.403086995475427,0.7142988340602171,1.7347257398605291,0.3316387443851009,2.50004591921076,2.040853811600621,0.1530640358700466,0.2806173990950854
51059480503,0.45919210761013973,1.2755336322503883,1.530640358700466,1.5816617039904821,0.40817076232012417,0.5612347981901711,0.25510672645007765,1.5051296860554595,0.6632774887702041,1.709215067215521,0.28061739909508543,1.0459375784453169,1.3520656501854118,0.6377668161251939,1.7602364125055372,0.2806173990950853,2.3469818833407152,2.015343138955613,0.10204269058003104,0.4081707623201243
51059480504,0.6377668161251941,1.3010443048953964,1.530640358700466,1.6326830492804985,0.40817076232012417,0.5867454708351788,0.3061280717400932,1.4541083407654434,0.6887881614152104,1.8112577577955535,0.3826600896751165,1.122469596380343,1.403086995475427,0.6632774887702018,1.7602364125055354,0.3826600896751164,2.3214712106957087,2.015343138955613,0.12755336322503882,0.35714941703010866
51059480505,0.5867454708351786,0.994916233155303,1.3010443048953955,1.6581937219255047,0.3061280717400932,0.5867454708351784,0.20408538116006208,1.683704394570511,0.9694055605102944,1.734725739860531,0.25510672645007765,1.1734909416703558,1.4796190134104505,0.45919210761013973,1.5816617039904812,0.3826600896751165,2.2959605380506987,2.015343138955613,0.10204269058003104,0.3316387443851009
51059480801,1.5816617039904817,1.1479802690253493,1.5051296860554586,1.709215067215521,0.28061739909508554,0.5612347981901711,0.3061280717400932,1.6837043945705146,1.1479802690253493,1.9898324663106048,0.45919210761013984,1.352065650185411,1.3265549775404035,0.765320179350233,1.6837043945705128,0.6632774887702018,2.6275992824358028,2.1939178474706673,0.17857470851505428,0.4847027802551475
51059480802,0.6887881614152095,1.096958923735334,1.428597668120435,1.5816617039904786,0.3061280717400932,0.5357241255451632,0.25510672645007754,1.6071723766354922,0.8418521972852555,1.8367684304405563,0.3061280717400932,1.3265549775404044,1.25002295960538,0.6377668161251941,1.6837043945705128,0.43368143496513206,2.423513901275738,1.9388111210205905,0.12755336322503877,0.4847027802551476
51059480901,1.989832466310606,1.071448251090326,1.4541083407654425,1.6071723766354884,0.2806173990950853,0.535724125545163,0.3061280717400932,1.7602364125055336,1.0969589237353332,1.8877897757305762,0.3826600896751164,1.3010443048953981,1.2755336322503887,0.7908308519952411,1.6837043945705128,0.6887881614152095,2.5765779371457826,2.117385829535644,0.12755336322503882,1.096958923735334
51059480902,1.301044304895396,1.1734909416703567,1.530640358700466,1.6581937219255047,0.3061280717400932,0.5867454708351788,0.28061739909508543,1.6837043945705146,0.9949162331553006,1.8622791030855679,0.3826600896751164,1.352065650185411,1.377576322830419,0.7908308519952406,1.6581937219255047,0.6377668161251941,2.5765779371457866,2.2194285201156743,0.12755336322503882,0.8163415246402483
51059480903,1.7347257398605278,0.9694055605102952,1.4285976681204342,1.683704394570511,0.20408538116006208,0.5612347981901709,0.22959605380506987,1.7347257398605274,1.1990016143153657,1.9643217936655968,0.3061280717400932,1.4541083407654416,1.326554977540404,0.6887881614152095,1.6581937219255038,0.7142988340602171,2.5255565918557665,2.0918751568906364,0.1020426905800311,0.8163415246402486
51059481000,2.040853811600621,0.994916233155303,1.4541083407654425,1.6581937219255047,0.20408538116006208,0.5867454708351788,0.2806173990950853,1.7602364125055336,1.4796190134104532,1.9898324663106048,0.3571494170301088,1.556151031345474,1.377576322830419,0.7908308519952406,1.6581937219255047,1.0204269058003106,2.780663318305848,2.1939178474706673,0.12755336322503882,1.071448251090326
51059481101,1.0204269058003106,0.7142988340602171,1.1224695963803413,1.9388111210205905,0.1530640358700466,0.4847027802551476,0.12755336322503877,1.862279103085566,1.250022959605382,1.9898324663106048,0.17857470851505428,1.3010443048953981,1.1990016143153652,0.4081707623201244,1.530640358700466,0.535724125545163,2.3214712106957087,1.6837043945705128,0.0765320179350233,0.3826600896751165
51059481102,0.8163415246402486,0.8163415246402483,1.3265549775404035,1.9898324663106048,0.1785747085150544,0.5102134529001553,0.1530640358700465,1.8112577577955498,1.1224695963803395,2.040853811600621,0.22959605380506987,1.4285976681204333,1.1990016143153652,0.5357241255451632,1.6326830492804967,0.5612347981901709,2.321471210695705,1.7347257398605282,0.0765320179350233,0.5867454708351786
51059481103,1.199001614315365,1.0204269058003106,1.530640358700466,1.6581937219255047,0.22959605380506998,0.5612347981901709,0.25510672645007776,1.6581937219255047,1.0969589237353332,1.9898324663106068,0.3061280717400931,1.428597668120437,1.2245122869603728,0.765320179350233,1.7347257398605274,0.6887881614152097,2.423513901275738,1.9643217936655977,0.12755336322503882,0.9183842152202795
51059481104,0.9438948878652875,0.8163415246402483,1.2755336322503883,1.9388111210205887,0.17857470851505428,0.4847027802551474,0.1530640358700466,1.8112577577955535,1.1734909416703558,1.9133004483755824,0.20408538116006208,1.2755336322503883,1.1734909416703572,0.5612347981901711,1.6071723766354893,0.5867454708351788,2.2194285201156765,1.7347257398605274,0.0765320179350233,0.6377668161251941
51059481105,0.535724125545163,1.1479802690253493,1.4796190134104505,1.6581937219255047,0.35714941703010855,0.5102134529001553,0.25510672645007765,1.4796190134104532,0.6632774887702004,1.7857470851505435,0.3061280717400932,1.122469596380343,1.1734909416703572,0.6887881614152099,1.7347257398605274,0.3061280717400931,2.2449391927606825,1.70921506721552,0.12755336322503888,0.3061280717400932
51059481106,0.5357241255451631,1.3520656501854118,1.6326830492804967,1.5816617039904821,0.4081707623201244,0.5867454708351784,0.3316387443851009,1.4285976681204333,0.6632774887702041,1.7347257398605274,0.43368143496513195,1.0459375784453206,1.3520656501854118,0.765320179350233,1.7857470851505435,0.3316387443851009,2.474535246565754,1.9643217936655977,0.1785747085150544,0.4847027802551475
51059481201,0.637766816125194,1.3520656501854118,1.6581937219255047,1.530640358700466,0.43368143496513206,0.5612347981901706,0.3316387443851009,1.4541083407654434,0.7142988340602167,1.7092150672155173,0.45919210761013973,1.1479802690253493,1.301044304895396,0.7908308519952406,1.8112577577955518,0.35714941703010855,2.2194285201156765,1.9898324663106048,0.1530640358700466,0.35714941703010866
51059481202,1.530640358700466,1.1479802690253493,1.5306403587004649,1.5051296860554595,0.28061739909508554,0.612256143480186,0.3061280717400932,1.6071723766354884,1.0714482510903232,1.9643217936655986,0.4081707623201244,1.4796190134104514,1.377576322830419,0.8163415246402483,1.6581937219255047,0.739809506705225,2.780663318305848,2.2194285201156765,0.1530640358700466,1.2245122869603724
51059481400,0.663277488770202,1.403086995475427,1.6581937219255047,1.3775763228304208,0.45919210761013995,0.5612347981901706,0.40817076232012417,1.428597668120437,0.6887881614152067,1.7602364125055336,0.43368143496513206,1.1734909416703558,1.3520656501854118,0.765320179350233,1.7857470851505435,0.3316387443851009,2.3469818833407117,1.9898324663106048,0.1785747085150544,0.4081707623201243
51059481500,0.45919210761013973,1.4541083407654425,1.6581937219255038,1.4796190134104532,0.5357241255451635,0.5612347981901711,0.3826600896751165,1.3265549775404044,0.5357241255451616,1.6581937219255047,0.43368143496513206,1.0969589237353332,1.3010443048953964,0.765320179350233,1.8622791030855679,0.2806173990950853,2.2704498654056926,1.9388111210205896,0.1785747085150544,0.43368143496513195
51059481600,0.4847027802551475,1.4796190134104505,1.6837043945705128,1.530640358700466,0.535724125545163,0.5867454708351788,0.3826600896751165,1.352065650185411,0.5867454708351779,1.6326830492804985,0.43368143496513195,0.9694055605102944,1.3520656501854118,0.7398095067052253,1.8367684304405598,0.3061280717400932,2.142896502180654,1.9388111210205905,0.17857470851505428,0.3061280717400932
51059481701,0.3826600896751166,1.3520656501854118,1.6071723766354884,1.5561510313454758,0.4591921076101395,0.5612347981901709,0.3061280717400932,1.3775763228304208,0.561234798190168,1.683704394570511,0.3061280717400932,1.0204269058003106,1.2755336322503883,0.6632774887702018,1.8112577577955498,0.22959605380506987,2.2449391927606825,1.862279103085567,0.12755336322503882,0.28061739909508543
51059481702,0.6122561434801862,1.1224695963803413,1.4541083407654425,1.7092150672155173,0.3316387443851009,0.5612347981901706,0.25510672645007765,1.6071723766354922,0.8163415246402492,1.9388111210205923,0.2806173990950853,1.1990016143153657,1.3265549775404035,0.6632774887702018,1.709215067215519,0.3826600896751166,2.3469818833407117,1.9388111210205905,0.12755336322503888,0.45919210761013973
51059481900,0.6122561434801862,1.2755336322503883,1.556151031345474,1.4796190134104532,0.40817076232012417,0.5867454708351784,0.3316387443851009,1.4541083407654434,0.7398095067052266,1.7347257398605274,0.3826600896751165,1.1990016143153657,1.3520656501854118,0.6887881614152099,1.683704394570511,0.3826600896751165,2.474535246565754,1.989832466310606,0.1530640358700466,0.45919210761013984
51059482001,0.3826600896751165,1.3010443048953964,1.5816617039904812,1.530640358700466,0.40817076232012417,0.5612347981901711,0.28061739909508554,1.3775763228304172,0.5612347981901715,1.709215067215521,0.2806173990950853,1.0459375784453169,1.3520656501854118,0.6377668161251941,1.7857470851505435,0.25510672645007765,2.2959605380506987,1.9388111210205905,0.10204269058003104,0.331638744385101
51059482002,0.5102134529001553,1.3775763228304199,1.5816617039904821,1.4796190134104532,0.4847027802551476,0.5867454708351788,0.35714941703010855,1.428597668120437,0.6377668161251941,1.6326830492804985,0.43368143496513195,1.071448251090327,1.4285976681204342,0.6887881614152097,1.7857470851505435,0.331638744385101,2.2449391927606825,2.040853811600621,0.1530640358700466,0.25510672645007765
51059482100,0.7653201793502332,1.3265549775404035,1.5816617039904812,1.4796190134104497,0.45919210761013973,0.5867454708351784,0.3316387443851011,1.4796190134104497,0.7398095067052266,1.8622791030855697,0.45919210761013984,1.1990016143153657,1.403086995475427,0.7398095067052248,1.7857470851505435,0.45919210761013973,2.50004591921076,2.1173858295356447,0.1785747085150544,0.5102134529001553
51059482201,1.3775763228304194,1.1479802690253493,1.4796190134104505,1.505129686055456,0.3061280717400932,0.6122561434801864,0.3061280717400932,1.6581937219255047,1.1734909416703558,1.9133004483755807,0.45919210761013973,1.403086995475427,1.428597668120435,0.7398095067052253,1.6581937219255047,0.7398095067052253,2.627599282435799,2.2449391927606825,0.1530640358700466,1.2245122869603724
51059482203,0.5867454708351787,1.2755336322503883,1.530640358700466,1.4796190134104532,0.45919210761013973,0.5867454708351788,0.3316387443851009,1.4796190134104497,0.6887881614152067,1.7347257398605274,0.3826600896751166,1.1479802690253493,1.403086995475427,0.6377668161251941,1.7347257398605291,0.3316387443851009,2.449024573920744,2.015343138955613,0.1530640358700466,0.4847027802551474
51059482204,0.7398095067052252,1.2755336322503883,1.530640358700466,1.3775763228304208,0.4336814349651323,0.5867454708351788,0.3571494170301088,1.5051296860554595,0.8418521972852555,1.709215067215521,0.43368143496513195,1.1734909416703558,1.3775763228304199,0.6632774887702018,1.7347257398605274,0.4081707623201244,2.449024573920744,1.9643217936655977,0.1530640358700466,0.3826600896751164
51059482205,0.6632774887702018,0.8163415246402483,1.1990016143153648,1.7602364125055372,0.20408538116006208,0.5612347981901706,0.1530640358700466,1.8112577577955498,1.0459375784453169,1.8112577577955518,0.20408538116006214,1.122469596380343,1.4285976681204342,0.40817076232012417,1.5051296860554586,0.4081707623201244,2.16840717482566,1.9643217936655977,0.07653201793502325,0.3061280717400931
51059482206,0.8163415246402486,1.6581937219255056,1.8622791030855679,1.0969589237353332,0.5867454708351788,0.5867454708351788,0.5612347981901709,1.1734909416703594,0.5867454708351779,1.8367684304405598,0.6377668161251941,1.2755336322503883,1.2755336322503887,1.0714482510903265,1.8622791030855679,0.43368143496513195,2.3214712106957087,2.040853811600621,0.2806173990950853,0.739809506705225
51059482301,0.5867454708351787,1.2245122869603728,1.5051296860554577,1.4796190134104497,0.4336814349651323,0.5612347981901706,0.3061280717400931,1.5051296860554595,0.7142988340602167,1.734725739860531,0.331638744385101,1.071448251090327,1.3775763228304199,0.6122561434801862,1.709215067215521,0.3316387443851009,2.270449865405689,2.015343138955614,0.1530640358700466,0.28061739909508543
51059482302,1.7602364125055354,1.071448251090327,1.4796190134104505,1.683704394570511,0.22959605380506987,0.6632774887702018,0.3061280717400932,1.7602364125055336,1.2500229596053782,1.9133004483755824,0.43368143496513206,1.5051296860554577,1.428597668120435,0.765320179350233,1.6326830492804967,0.9694055605102952,2.653109955080809,2.270449865405691,0.1530640358700466,0.7398095067052253
51059482303,0.5612347981901709,1.3265549775404035,1.530640358700466,1.530640358700466,0.45919210761013995,0.5612347981901706,0.3316387443851009,1.4541083407654434,0.6632774887702041,1.709215067215521,0.3826600896751164,1.122469596380343,1.377576322830419,0.6377668161251939,1.7602364125055354,0.3316387443851009,2.398003228630728,1.989832466310606,0.1530640358700466,0.5612347981901709
51059482400,0.3826600896751165,1.3265549775404044,1.5561510313454732,1.5561510313454723,0.45919210761013995,0.535724125545163,0.2806173990950853,1.403086995475427,0.6122561434801878,1.6837043945705146,0.3061280717400931,1.0459375784453206,1.3010443048953955,0.6632774887702018,1.8112577577955518,0.25510672645007765,2.3980032286307313,1.8877897757305742,0.12755336322503882,0.3571494170301088
51059482502,0.5612347981901709,1.2500229596053811,1.556151031345474,1.7857470851505435,0.4081707623201244,0.535724125545163,0.2806173990950853,1.505129686055456,0.6887881614152104,1.8367684304405598,0.3826600896751164,1.122469596380343,1.2755336322503883,0.663277488770202,1.7857470851505435,0.3316387443851009,2.2449391927606825,1.8877897757305742,0.15306403587004655,0.28061739909508543
51059482503,0.43368143496513206,1.1990016143153657,1.5816617039904812,1.683704394570511,0.3571494170301088,0.535724125545163,0.25510672645007765,1.530640358700466,0.6377668161251941,1.8877897757305742,0.28061739909508543,1.1479802690253493,1.2245122869603724,0.6887881614152099,1.7857470851505435,0.3316387443851009,2.2704498654056926,1.8112577577955518,0.1020426905800311,0.35714941703010866
51059482504,0.4847027802551475,1.2500229596053811,1.5051296860554586,1.5816617039904821,0.43368143496513184,0.5102134529001551,0.3061280717400932,1.4285976681204333,0.6377668161251941,1.8367684304405598,0.3826600896751164,1.122469596380343,1.1990016143153652,0.7142988340602175,1.7602364125055354,0.3061280717400931,2.3469818833407152,1.7347257398605282,0.12755336322503877,0.2551067264500776
51059482505,0.4847027802551474,1.0204269058003106,1.403086995475427,1.530640358700466,0.3061280717400932,0.4847027802551476,0.25510672645007776,1.505129686055456,0.7142988340602167,1.7857470851505435,0.22959605380506987,1.2755336322503883,1.1479802690253493,0.6377668161251941,1.7347257398605291,0.331638744385101,2.2959605380506987,1.6837043945705124,0.12755336322503877,0.45919210761013973
51059482506,0.7908308519952406,0.841852197285256,1.3265549775404035,1.9643217936655986,0.1785747085150544,0.5867454708351784,0.1530640358700465,1.7602364125055372,1.0969589237353332,1.9898324663106048,0.2040853811600622,1.505129686055456,1.3520656501854118,0.4847027802551474,1.530640358700466,0.6377668161251941,2.627599282435799,2.0663644842456286,0.0765320179350233,0.9183842152202795
51059482507,0.765320179350233,0.765320179350233,1.1990016143153657,1.9133004483755824,0.17857470851505428,0.535724125545163,0.1530640358700466,1.7857470851505435,1.071448251090327,2.0663644842456277,0.17857470851505433,1.403086995475427,1.2500229596053811,0.45919210761013995,1.530640358700466,0.4847027802551476,2.5765779371457826,1.7857470851505435,0.0765320179350233,0.5867454708351788
51059482601,0.4847027802551476,1.1479802690253493,1.4796190134104505,1.6581937219255047,0.3316387443851009,0.5102134529001553,0.22959605380506987,1.530640358700466,0.6632774887702041,1.8112577577955498,0.25510672645007765,1.224512286960372,1.1990016143153648,0.6632774887702018,1.7857470851505435,0.3316387443851009,2.2194285201156725,1.8112577577955509,0.10204269058003104,0.5102134529001553
51059482603,0.45919210761013973,1.2245122869603728,1.5816617039904803,1.5051296860554595,0.4081707623201244,0.5102134529001553,0.2806173990950853,1.403086995475427,0.6377668161251941,1.8367684304405598,0.3061280717400931,1.1990016143153657,1.1734909416703572,0.7142988340602175,1.7347257398605274,0.3061280717400932,2.423513901275738,1.7602364125055354,0.1530640358700466,0.4081707623201243
51059482604,0.5612347981901709,1.1990016143153657,1.5816617039904812,1.6071723766354884,0.3316387443851009,0.5102134529001551,0.28061739909508554,1.4541083407654434,0.6887881614152104,1.8877897757305724,0.3061280717400931,1.0969589237353332,1.1224695963803417,0.8163415246402483,1.8112577577955518,0.3826600896751165,2.3980032286307313,1.7347257398605282,0.12755336322503882,0.331638744385101
51059490101,0.8418521972852562,1.3265549775404044,1.6326830492804967,1.5561510313454758,0.3826600896751165,0.6122561434801864,0.3316387443851009,1.5561510313454758,0.8928735425752717,1.8367684304405563,0.5102134529001554,1.3010443048953981,1.403086995475427,0.8163415246402488,1.8112577577955518,0.535724125545163,2.6020886097907927,2.0918751568906364,0.1785747085150544,0.7142988340602171
51059490104,1.6326830492804976,1.1734909416703567,1.5051296860554577,1.709215067215521,0.3061280717400932,0.5612347981901706,0.3061280717400931,1.7347257398605274,1.071448251090327,2.0408538116006194,0.40817076232012417,1.352065650185411,1.3520656501854118,0.765320179350233,1.709215067215519,0.6887881614152095,2.449024573920744,2.219428520115675,0.1530640358700466,0.5867454708351786
51059490105,0.6377668161251941,1.2245122869603728,1.5051296860554586,1.6071723766354884,0.3826600896751165,0.5612347981901711,0.28061739909508554,1.530640358700466,0.765320179350233,1.8877897757305724,0.35714941703010866,1.3010443048953981,1.377576322830419,0.6887881614152095,1.7602364125055372,0.4081707623201243,2.4745352465657504,2.040853811600621,0.12755336322503882,0.6122561434801862
51059490501,0.7653201793502328,0.9949162331553024,1.403086995475427,1.530640358700466,0.22959605380506976,0.5612347981901706,0.20408538116006208,1.6581937219255047,0.9438948878652881,1.9388111210205905,0.22959605380506998,1.3775763228304208,1.3010443048953955,0.6377668161251944,1.6071723766354884,0.4847027802551476,2.6786206277258153,1.9133004483755824,0.1020426905800311,0.8163415246402483
51059490502,0.45919210761013973,1.3265549775404044,1.6071723766354893,1.4796190134104532,0.43368143496513206,0.5357241255451632,0.3061280717400932,1.3775763228304172,0.5867454708351779,1.7857470851505435,0.3316387443851009,1.1479802690253493,1.2245122869603728,0.7398095067052253,1.7857470851505435,0.28061739909508554,2.3980032286307313,1.8112577577955518,0.1530640358700466,0.5102134529001552
51059491000,0.535724125545163,1.3265549775404044,1.6326830492804976,1.530640358700466,0.45919210761013995,0.5357241255451635,0.3571494170301088,1.4541083407654434,0.7398095067052266,1.862279103085566,0.45919210761013973,1.0969589237353332,1.3010443048953964,0.765320179350233,1.8112577577955498,0.3826600896751165,2.5765779371457826,1.9388111210205896,0.17857470851505428,0.35714941703010866
51059491101,0.5867454708351787,1.3520656501854118,1.556151031345474,1.6326830492804985,0.4081707623201244,0.5867454708351788,0.3316387443851009,1.4541083407654396,0.7398095067052266,1.7857470851505435,0.45919210761013973,1.0969589237353368,1.3520656501854118,0.7142988340602175,1.8112577577955518,0.35714941703010855,2.270449865405689,1.9643217936655977,0.1530640358700466,0.3061280717400931
51059491102,0.8673628699302641,1.3010443048953964,1.5561510313454732,1.6071723766354884,0.40817076232012417,0.612256143480186,0.3826600896751165,1.530640358700466,0.8418521972852555,1.8877897757305724,0.5102134529001554,1.224512286960372,1.3775763228304199,0.7398095067052253,1.7602364125055354,0.43368143496513195,2.52555659185577,2.040853811600621,0.17857470851505428,0.5867454708351786
51059491103,1.1479802690253493,1.1479802690253493,1.530640358700466,1.6837043945705146,0.25510672645007765,0.5867454708351784,0.25510672645007765,1.6837043945705146,1.0204269058003106,1.9388111210205887,0.3316387443851009,1.4541083407654434,1.377576322830419,0.765320179350233,1.6581937219255047,0.6122561434801864,2.959238026820903,2.117385829535644,0.12755336322503882,0.841852197285256
51059491201,0.969405560510295,1.1224695963803422,1.530640358700466,1.683704394570511,0.22959605380506976,0.5867454708351784,0.22959605380506987,1.6326830492804947,0.9949162331553006,2.040853811600621,0.3316387443851009,1.4541083407654416,1.352065650185411,0.7398095067052248,1.6326830492804976,0.5867454708351784,2.780663318305848,2.117385829535644,0.12755336322503882,1.0714482510903265
51059491202,1.454108340765443,0.8673628699302641,1.3010443048953955,1.7347257398605291,0.17857470851505428,0.5867454708351788,0.20408538116006208,1.8877897757305762,1.4541083407654434,2.015343138955611,0.3061280717400931,1.428597668120437,1.428597668120435,0.5357241255451632,1.5051296860554577,0.7653201793502328,2.5765779371457826,2.0663644842456286,0.10204269058003104,0.765320179350233
51059491301,0.7908308519952406,1.1479802690253493,1.530640358700466,1.6326830492804985,0.25510672645007765,0.5867454708351788,0.22959605380506998,1.5816617039904821,0.8928735425752717,1.9388111210205923,0.3061280717400932,1.3520656501854145,1.301044304895396,0.7142988340602171,1.6837043945705128,0.43368143496513184,2.6531099550808053,1.9643217936655977,0.12755336322503882,0.6887881614152095
51059491302,0.8418521972852564,1.0204269058003106,1.403086995475427,1.5816617039904786,0.25510672645007765,0.5612347981901706,0.22959605380506976,1.6837043945705146,1.0204269058003106,1.9388111210205905,0.2806173990950853,1.352065650185411,1.377576322830419,0.6377668161251941,1.6326830492804967,0.5102134529001553,2.3724925559857213,1.9643217936655977,0.1020426905800311,1.0459375784453184
51059491303,1.6581937219255043,1.0204269058003101,1.4285976681204342,1.6326830492804985,0.22959605380506998,0.5612347981901711,0.28061739909508543,1.7347257398605274,1.1479802690253493,1.9898324663106068,0.3061280717400932,1.428597668120437,1.2755336322503878,0.7398095067052253,1.6581937219255056,0.6887881614152097,2.50004591921076,2.040853811600621,0.12755336322503882,0.9949162331553026
51059491401,0.7908308519952408,1.1224695963803413,1.5051296860554586,1.6581937219255047,0.25510672645007765,0.5612347981901706,0.25510672645007765,1.6071723766354884,0.9183842152202781,1.9643217936655986,0.3061280717400932,1.250022959605382,1.3010443048953964,0.7398095067052253,1.6837043945705128,0.5102134529001553,2.50004591921076,1.989832466310606,0.10204269058003104,0.7653201793502332
51059491402,0.7653201793502332,1.0969589237353337,1.5051296860554586,1.6581937219255047,0.22959605380506998,0.535724125545163,0.25510672645007765,1.6326830492804985,0.8673628699302618,2.040853811600621,0.3061280717400932,1.3775763228304208,1.25002295960538,0.7398095067052253,1.6837043945705128,0.4847027802551476,2.6020886097907927,1.9643217936655977,0.12755336322503877,0.5357241255451632
51059491403,0.6122561434801863,1.3010443048953964,1.530640358700466,1.6581937219255047,0.45919210761013973,0.5612347981901711,0.3061280717400931,1.5051296860554595,0.765320179350233,1.7602364125055372,0.43368143496513195,1.0459375784453206,1.3265549775404044,0.6632774887702018,1.7602364125055354,0.3826600896751165,2.2959605380506987,1.9133004483755824,0.1530640358700466,0.35714941703010866
51059491404,0.6632774887702018,1.096958923735334,1.428597668120435,1.6326830492804985,0.306128071740093,0.535724125545163,0.22959605380506976,1.5561510313454723,0.7908308519952393,1.862279103085566,0.28061739909508543,1.2245122869603755,1.2500229596053811,0.6887881614152099,1.6581937219255047,0.40817076232012417,2.2959605380506987,1.9133004483755824,0.1020426905800311,0.5102134529001554
51059491405,0.5357241255451632,1.377576322830419,1.6326830492804967,1.5816617039904821,0.45919210761013995,0.5612347981901711,0.35714941703010866,1.428597668120437,0.6632774887702041,1.862279103085566,0.43368143496513195,1.0969589237353332,1.3520656501854118,0.7398095067052253,1.7602364125055354,0.35714941703010866,2.3214712106957087,1.9643217936655977,0.1530640358700466,0.3826600896751165
51059491501,0.7142988340602173,0.994916233155303,1.4285976681204342,1.709215067215521,0.22959605380506987,0.4847027802551476,0.22959605380506987,1.6071723766354884,0.8928735425752717,2.015343138955613,0.25510672645007765,1.403086995475427,1.096958923735334,0.765320179350233,1.7347257398605274,0.45919210761013995,2.449024573920744,1.6581937219255047,0.12755336322503888,0.6887881614152095
51059491502,0.3826600896751164,1.25002295960538,1.556151031345474,1.5561510313454758,0.3826600896751167,0.5102134529001553,0.25510672645007765,1.4285976681204333,0.5867454708351779,1.836768430440558,0.28061739909508543,1.122469596380343,1.1734909416703576,0.7142988340602175,1.7602364125055372,0.2806173990950853,2.2704498654056926,1.7857470851505435,0.10204269058003104,0.3316387443851009
51059491601,1.2500229596053807,1.096958923735334,1.530640358700466,1.6071723766354922,0.25510672645007765,0.5612347981901711,0.28061739909508554,1.6581937219255047,1.0459375784453206,2.015343138955613,0.3826600896751164,1.352065650185411,1.2755336322503883,0.8163415246402483,1.683704394570511,0.6887881614152095,2.52555659185577,1.9388111210205905,0.12755336322503882,0.6887881614152097
51059491602,1.1734909416703574,1.2245122869603728,1.6326830492804967,1.530640358700466,0.3061280717400932,0.5357241255451632,0.3571494170301088,1.5561510313454723,0.8928735425752717,1.9388111210205887,0.43368143496513206,1.4285976681204333,1.2245122869603728,0.8418521972852564,1.7602364125055354,0.535724125545163,2.5765779371457826,1.9643217936655977,0.1530640358700466,1.1734909416703572
51059491701,0.5357241255451632,1.0459375784453178,1.377576322830419,1.5816617039904821,0.2806173990950853,0.5612347981901711,0.20408538116006208,1.5561510313454723,0.765320179350233,1.8367684304405598,0.22959605380506987,1.224512286960372,1.3010443048953955,0.5612347981901709,1.6837043945705128,0.35714941703010866,2.4490245739207475,1.862279103085567,0.0765320179350233,0.5102134529001553
51059491703,0.5867454708351786,0.8928735425752717,1.2755336322503883,1.7602364125055336,0.22959605380506976,0.5867454708351788,0.1530640358700465,1.7347257398605274,0.9694055605102944,1.9388111210205905,0.17857470851505428,1.2755336322503883,1.428597668120435,0.4847027802551476,1.5051296860554577,0.45919210761013973,2.398003228630728,2.015343138955613,0.0765320179350233,0.6887881614152097
51059491704,0.7398095067052253,0.9183842152202795,1.3265549775404035,1.7857470851505435,0.22959605380506987,0.5612347981901706,0.1785747085150544,1.709215067215521,0.9694055605102979,1.9388111210205905,0.25510672645007765,1.3265549775404044,1.3265549775404035,0.535724125545163,1.6326830492804976,0.45919210761013995,2.3980032286307313,1.862279103085566,0.1020426905800311,0.6122561434801864
51059491705,0.6122561434801863,1.0969589237353337,1.530640358700466,1.6326830492804947,0.2806173990950853,0.5102134529001553,0.22959605380506987,1.5051296860554595,0.765320179350233,1.9643217936655986,0.28061739909508543,1.2755336322503883,1.1224695963803417,0.7398095067052253,1.709215067215519,0.4081707623201243,2.474535246565754,1.6581937219255047,0.12755336322503877,0.3316387443851009
51059491706,1.326554977540404,0.8418521972852564,1.25002295960538,1.7347257398605291,0.17857470851505428,0.6632774887702018,0.1785747085150544,1.8622791030855697,1.4796190134104497,1.9643217936655986,0.3316387443851009,1.4541083407654434,1.530640358700466,0.4847027802551474,1.530640358700466,0.841852197285256,2.5510672645007766,2.0918751568906373,0.1020426905800311,0.6377668161251941
51059491707,0.7653201793502332,1.0459375784453186,1.403086995475427,1.4796190134104497,0.2806173990950853,0.5612347981901711,0.25510672645007765,1.6071723766354884,0.9183842152202817,1.8877897757305762,0.2806173990950853,1.2500229596053782,1.3265549775404035,0.6377668161251941,1.6071723766354893,0.43368143496513206,2.423513901275738,1.9643217936655977,0.12755336322503877,0.6887881614152097
51059491801,0.8673628699302641,1.0459375784453182,1.403086995475427,1.709215067215521,0.25510672645007765,0.5867454708351784,0.22959605380506987,1.683704394570511,0.9949162331553006,1.9643217936655986,0.331638744385101,1.403086995475427,1.403086995475427,0.6377668161251941,1.6071723766354884,0.535724125545163,2.449024573920744,1.9643217936655977,0.12755336322503888,0.765320179350233
51059491802,0.663277488770202,1.1734909416703576,1.5051296860554577,1.5816617039904821,0.3316387443851011,0.5612347981901711,0.2806173990950853,1.5561510313454758,0.8163415246402492,1.8112577577955498,0.331638744385101,1.1990016143153657,1.3265549775404035,0.6632774887702018,1.709215067215521,0.4081707623201244,2.50004591921076,1.989832466310606,0.12755336322503882,0.6377668161251941
51059491803,0.7908308519952406,1.2245122869603728,1.556151031345474,1.5561510313454758,0.35714941703010855,0.5612347981901711,0.3316387443851009,1.530640358700466,0.8418521972852592,1.9133004483755842,0.3826600896751165,1.250022959605382,1.3265549775404035,0.7398095067052253,1.7857470851505435,0.43368143496513206,2.5765779371457866,1.9643217936655977,0.1530640358700465,0.663277488770202
51059492000,0.3826600896751164,1.377576322830419,1.6071723766354884,1.4541083407654396,0.4847027802551476,0.535724125545163,0.3061280717400932,1.352065650185411,0.5102134529001553,1.6326830492804985,0.28061739909508554,1.0204269058003106,1.2755336322503883,0.6887881614152095,1.7857470851505435,0.22959605380506987,2.321471210695705,1.887789775730575,0.12755336322503882,0.45919210761013984
51059492100,0.4081707623201243,1.428597668120435,1.6837043945705128,1.4285976681204333,0.5102134529001553,0.5612347981901706,0.3571494170301088,1.3010443048953981,0.5357241255451616,1.6581937219255047,0.3571494170301088,1.0459375784453169,1.3265549775404035,0.7908308519952406,1.8112577577955518,0.2806173990950853,2.321471210695705,1.989832466310606,0.12755336322503882,0.4081707623201243
51059492201,0.5357241255451631,1.428597668120435,1.683704394570512,1.4541083407654434,0.4847027802551476,0.5612347981901711,0.3826600896751165,1.3265549775404044,0.6122561434801878,1.6837043945705146,0.43368143496513206,1.1479802690253493,1.2755336322503883,0.765320179350233,1.8112577577955518,0.3061280717400931,2.16840717482566,1.9388111210205905,0.1530640358700466,0.35714941703010855
51059492202,0.35714941703010855,1.3265549775404035,1.5816617039904803,1.530640358700466,0.4336814349651323,0.5612347981901711,0.2806173990950853,1.403086995475427,0.5357241255451616,1.6581937219255047,0.22959605380506976,1.0459375784453169,1.3010443048953964,0.6887881614152095,1.7602364125055354,0.25510672645007765,2.3469818833407117,1.9388111210205896,0.10204269058003104,0.3826600896751166
51059492203,0.43368143496513195,1.352065650185411,1.5816617039904803,1.5561510313454723,0.43368143496513184,0.5867454708351784,0.3061280717400932,1.403086995475427,0.5867454708351779,1.709215067215521,0.35714941703010855,1.071448251090327,1.3010443048953964,0.7398095067052253,1.7602364125055354,0.2806173990950853,2.3980032286307313,1.887789775730575,0.12755336322503882,0.3826600896751164
51059492300,0.7142988340602173,1.1224695963803422,1.4796190134104505,1.6071723766354922,0.3571494170301088,0.5357241255451635,0.25510672645007765,1.5561510313454758,0.7908308519952428,1.8367684304405598,0.331638744385101,1.1990016143153657,1.3010443048953964,0.6632774887702018,1.709215067215521,0.40817076232012417,2.3980032286307313,1.989832466310606,0.12755336322503882,0.5867454708351786
51059492400,0.8928735425752717,1.1734909416703576,1.5051296860554586,1.709215067215521,0.25510672645007765,0.6122561434801864,0.25510672645007765,1.6326830492804985,0.8928735425752717,1.9133004483755807,0.35714941703010855,1.3265549775404044,1.377576322830419,0.7142988340602171,1.709215067215521,0.535724125545163,2.5510672645007766,2.0663644842456286,0.12755336322503882,1.071448251090326
51059492500,0.4847027802551476,1.4541083407654425,1.6581937219255056,1.5051296860554595,0.4847027802551476,0.5867454708351788,0.35714941703010855,1.3775763228304172,0.6122561434801878,1.6837043945705146,0.4081707623201243,1.0459375784453169,1.3520656501854118,0.7142988340602175,1.7857470851505435,0.2806173990950853,2.3214712106957087,1.989832466310606,0.1530640358700466,0.43368143496513206
51061930101,1.1224695963803417,1.709215067215521,2.0918751568906373,1.4541083407654396,0.43368143496513184,0.6632774887702022,0.3826600896751165,1.8367684304405598,0.9438948878652881,2.423513901275738,0.535724125545163,1.7857470851505453,1.8112577577955518,0.9694055605102952,2.2449391927606825,0.6377668161251941,3.418430134431042,3.852111569396172,0.2040853811600622,1.403086995475427
51061930102,0.8163415246402483,1.9133004483755824,2.270449865405691,1.5561510313454723,0.535724125545163,0.6632774887702018,0.45919210761013973,1.683704394570511,0.765320179350233,2.19391784747067,0.6377668161251941,1.4796190134104497,1.836768430440559,0.9438948878652875,2.423513901275738,0.43368143496513206,3.137812735335954,3.8010902241061566,0.22959605380506998,0.5867454708351787
51061930203,0.6377668161251939,1.862279103085567,2.2194285201156765,1.4796190134104497,0.535724125545163,0.6377668161251941,0.40817076232012417,1.5816617039904821,0.6632774887702041,2.16840717482566,0.5102134529001553,1.505129686055456,1.7347257398605282,0.9438948878652871,2.423513901275738,0.3571494170301088,3.290876771206003,3.673536860881118,0.1530640358700465,0.739809506705225
51061930204,0.7142988340602173,1.8622791030855679,2.2449391927606843,1.530640358700466,0.5612347981901706,0.6632774887702022,0.45919210761013973,1.6581937219255047,0.765320179350233,2.2959605380506987,0.5867454708351786,1.530640358700466,1.7857470851505435,0.9694055605102952,2.3469818833407134,0.43368143496513184,3.239855425915987,3.7500688788161414,0.20408538116006208,0.969405560510295
51061930205,0.6887881614152097,1.9643217936655977,2.2449391927606825,1.4796190134104497,0.535724125545163,0.6632774887702018,0.4847027802551476,1.6326830492804985,0.7142988340602167,2.2449391927606825,0.5867454708351786,1.709215067215521,1.8367684304405598,0.9694055605102952,2.372492555985723,0.45919210761013995,3.3418981164960155,3.826600896751164,0.20408538116006208,1.0204269058003108
51061930206,0.8673628699302639,1.887789775730575,2.1939178474706673,1.6071723766354884,0.535724125545163,0.6632774887702022,0.45919210761013973,1.683704394570511,0.8673628699302655,2.321471210695705,0.6887881614152097,1.6071723766354884,1.8367684304405598,0.9694055605102952,2.321471210695707,0.4847027802551474,3.112302062690948,3.775579551461149,0.22959605380506998,0.8673628699302641
51061930207,0.7142988340602175,1.8112577577955509,2.117385829535644,1.6071723766354922,0.43368143496513184,0.6887881614152095,0.3826600896751165,1.7602364125055336,0.7908308519952393,2.423513901275736,0.45919210761013995,1.6581937219255047,1.8877897757305742,0.9183842152202799,2.2959605380506987,0.45919210761013973,3.418430134431042,3.8010902241061575,0.1785747085150544,1.2245122869603728
51061930303,0.7653201793502328,1.8112577577955518,2.193917847470668,1.4541083407654396,0.535724125545163,0.6632774887702018,0.43368143496513184,1.6837043945705146,0.8163415246402492,2.2704498654056926,0.5612347981901706,1.6581937219255047,1.7857470851505435,0.9183842152202795,2.3469818833407152,0.45919210761013995,3.392919461786032,3.775579551461149,0.17857470851505428,0.9183842152202795
51061930304,0.5357241255451632,1.8112577577955518,2.117385829535644,1.403086995475427,0.5867454708351788,0.6122561434801864,0.40817076232012417,1.530640358700466,0.6122561434801878,2.040853811600621,0.45919210761013973,1.3265549775404044,1.6581937219255047,0.8163415246402483,2.321471210695705,0.3061280717400931,3.112302062690948,3.443940807076048,0.1530640358700466,0.5612347981901709
51061930305,1.0459375784453184,1.7857470851505435,2.142896502180652,1.3775763228304208,0.5102134529001553,0.7142988340602175,0.45919210761013973,1.709215067215521,0.9694055605102944,2.270449865405689,0.663277488770202,1.6326830492804985,1.862279103085567,0.9694055605102948,2.2704498654056926,0.6122561434801864,3.137812735335954,3.775579551461149,0.22959605380506976,0.9438948878652873
51061930306,0.663277488770202,1.6581937219255047,2.015343138955613,1.5561510313454758,0.4847027802551476,0.6122561434801864,0.3316387443851009,1.7347257398605274,0.7908308519952393,2.2959605380506987,0.40817076232012417,1.4541083407654434,1.70921506721552,0.7398095067052253,2.270449865405691,0.3826600896751165,2.933727354175893,3.443940807076048,0.1530640358700466,0.739809506705225
51061930401,0.6632774887702018,1.6326830492804967,2.0408538116006203,1.7602364125055372,0.43368143496513206,0.6377668161251941,0.3061280717400932,1.7857470851505435,0.8163415246402492,2.3724925559857213,0.3826600896751165,1.428597668120437,1.8112577577955518,0.7142988340602171,2.2449391927606825,0.4081707623201244,3.010259372110919,3.6225155155911017,0.12755336322503882,0.6632774887702018
51061930402,0.6632774887702018,1.6326830492804967,1.9898324663106048,1.6581937219255047,0.45919210761013995,0.6377668161251941,0.3316387443851009,1.7602364125055372,0.8418521972852555,2.244939192760686,0.43368143496513206,1.403086995475427,1.7857470851505435,0.7398095067052253,2.2959605380506987,0.3826600896751165,3.0102593721109154,3.571494170301087,0.1530640358700465,0.7142988340602173
51061930404,0.6887881614152095,1.7602364125055363,2.117385829535644,1.4541083407654434,0.45919210761013995,0.6377668161251941,0.3826600896751165,1.683704394570511,0.739809506705223,2.321471210695705,0.4847027802551476,1.5816617039904821,1.8112577577955518,0.8928735425752717,2.321471210695707,0.45919210761013995,3.418430134431038,3.724558206171134,0.1785747085150544,0.7908308519952408
51061930405,0.7398095067052253,1.6326830492804976,2.0663644842456295,1.6581937219255047,0.4081707623201244,0.6632774887702018,0.306128071740093,1.8367684304405598,0.9183842152202817,2.423513901275738,0.40817076232012417,1.6581937219255047,1.862279103085567,0.7908308519952406,2.2194285201156743,0.4847027802551476,3.545983497656081,3.724558206171134,0.12755336322503882,0.8163415246402486
51061930703,0.8163415246402483,1.7602364125055354,2.142896502180653,1.6326830492804947,0.4847027802551476,0.6632774887702018,0.3826600896751165,1.8367684304405598,0.9438948878652844,2.3469818833407117,0.5102134529001553,1.6581937219255047,1.862279103085566,0.8418521972852564,2.270449865405691,0.45919210761013995,3.6225155155911035,3.724558206171133,0.1785747085150544,0.9183842152202795
51061930704,0.6887881614152095,1.8112577577955518,2.142896502180652,1.5051296860554595,0.4591921076101395,0.6632774887702022,0.3826600896751165,1.734725739860531,0.7908308519952393,2.3469818833407152,0.45919210761013973,1.683704394570511,1.836768430440559,0.9183842152202795,2.3469818833407152,0.43368143496513206,3.443940807076048,3.724558206171134,0.1530640358700465,1.1224695963803417
51061930705,0.9438948878652875,1.6071723766354884,2.015343138955613,1.5816617039904821,0.3316387443851009,0.6887881614152099,0.3316387443851009,1.9133004483755824,0.9694055605102944,2.50004591921076,0.43368143496513206,1.683704394570511,1.9133004483755824,0.8418521972852564,2.1939178474706664,0.5867454708351788,3.392919461786032,3.8010902241061566,0.1530640358700466,1.2245122869603728
51061930706,1.1224695963803413,1.5561510313454732,2.015343138955614,1.7347257398605274,0.3316387443851009,0.6887881614152095,0.3061280717400932,2.040853811600621,1.1479802690253493,2.627599282435799,0.43368143496513184,1.9133004483755842,1.9388111210205905,0.841852197285256,2.16840717482566,0.6632774887702018,3.6990475335261257,3.9286435873311962,0.1530640358700466,1.3775763228304194
51061930707,0.9438948878652871,1.6071723766354893,2.040853811600621,1.6071723766354884,0.35714941703010855,0.6632774887702018,0.3571494170301088,1.8622791030855697,0.9183842152202817,2.474535246565754,0.43368143496513184,1.7602364125055372,1.836768430440559,0.8163415246402483,2.2449391927606825,0.4847027802551474,3.520472825011071,3.826600896751165,0.1530640358700466,1.0459375784453182
51107610101,0.6887881614152095,1.530640358700466,1.836768430440558,1.6326830492804985,0.43368143496513206,0.6122561434801864,0.3316387443851011,1.6071723766354884,0.765320179350233,2.0918751568906355,0.43368143496513184,1.428597668120437,1.6581937219255047,0.7142988340602171,2.0153431389556147,0.4081707623201244,2.959238026820903,2.806173990950854,0.1530640358700466,0.535724125545163
51107610102,0.6887881614152095,1.6071723766354893,1.9133004483755824,1.5561510313454758,0.5102134529001553,0.6377668161251941,0.3826600896751165,1.5816617039904821,0.8163415246402492,1.9643217936655986,0.5612347981901709,1.3775763228304208,1.6071723766354884,0.7908308519952406,1.9898324663106068,0.43368143496513206,3.035770044755922,2.7806633183058462,0.1785747085150544,0.5102134529001552
51107610201,0.5612347981901709,1.5051296860554577,1.8367684304405598,1.6581937219255047,0.43368143496513206,0.6122561434801864,0.2806173990950853,1.5561510313454758,0.6887881614152104,1.9898324663106048,0.35714941703010855,1.3010443048953981,1.6326830492804976,0.6632774887702018,1.9643217936655986,0.331638744385101,2.9847486994659094,2.7296419730158297,0.12755336322503882,0.8163415246402483
51107610202,0.6377668161251941,1.4285976681204342,1.8112577577955509,1.7602364125055336,0.40817076232012417,0.6377668161251941,0.25510672645007754,1.6326830492804985,0.765320179350233,2.117385829535644,0.3826600896751164,1.3265549775404044,1.6581937219255047,0.6377668161251939,1.9388111210205896,0.3826600896751165,2.8827060088858767,2.780663318305847,0.12755336322503877,0.5867454708351788
51107610300,0.6377668161251941,1.4796190134104505,1.8112577577955518,1.6837043945705146,0.43368143496513206,0.6122561434801864,0.3316387443851009,1.5561510313454723,0.7398095067052266,2.0153431389556147,0.4081707623201243,1.1990016143153657,1.530640358700466,0.7142988340602173,1.9133004483755824,0.3826600896751164,3.137812735335954,2.7041313003708227,0.1530640358700466,0.45919210761013984
51107610400,0.6632774887702018,1.5816617039904812,1.836768430440558,1.352065650185411,0.5102134529001553,0.6122561434801864,0.43368143496513184,1.4796190134104497,0.7142988340602167,1.9898324663106048,0.4847027802551474,1.352065650185411,1.530640358700466,0.7398095067052253,1.9643217936655968,0.3571494170301088,2.9847486994659094,2.7041313003708227,0.20408538116006208,1.096958923735334
51107610503,0.5867454708351786,1.25002295960538,1.70921506721552,1.8367684304405598,0.3061280717400932,0.5867454708351784,0.22959605380506987,1.683704394570511,0.8163415246402456,2.193917847470668,0.25510672645007765,1.3520656501854145,1.4796190134104497,0.6122561434801864,1.8622791030855679,0.3571494170301088,2.9847486994659094,2.6275992824358,0.10204269058003104,0.5357241255451631
51107610504,0.8163415246402486,1.2755336322503883,1.683704394570512,1.734725739860531,0.3571494170301088,0.6122561434801864,0.25510672645007765,1.7347257398605274,0.9438948878652844,2.16840717482566,0.35714941703010866,1.4796190134104497,1.5816617039904821,0.6377668161251939,1.8622791030855679,0.45919210761013973,3.086791390045938,2.7041313003708236,0.12755336322503877,0.9694055605102952
51107610505,2.244939192760683,1.1224695963803413,1.70921506721552,1.7857470851505435,0.20408538116006208,0.6122561434801864,0.25510672645007754,1.9643217936655986,1.3775763228304172,2.423513901275738,0.3316387443851009,1.7602364125055354,1.556151031345474,0.7908308519952406,1.8112577577955518,1.0204269058003106,3.4949621523660643,2.9592380268209,0.12755336322503882,1.3265549775404035
51107610506,0.9694055605102952,1.1990016143153648,1.7347257398605274,1.734725739860531,0.25510672645007765,0.5867454708351788,0.22959605380506998,1.7092150672155173,0.9438948878652881,2.2959605380506987,0.3316387443851009,1.6071723766354884,1.5051296860554586,0.7142988340602171,1.862279103085566,0.5612347981901709,3.1888340806259707,2.806173990950853,0.12755336322503882,0.8928735425752717
51107610507,0.663277488770202,1.5561510313454732,1.887789775730575,1.5816617039904821,0.45919210761013973,0.5867454708351788,0.35714941703010855,1.5816617039904821,0.765320179350233,2.1173858295356474,0.45919210761013984,1.2755336322503883,1.5051296860554577,0.7908308519952406,1.9898324663106048,0.3826600896751165,3.0357700447559255,2.6786206277258153,0.17857470851505428,0.43368143496513195
51107610601,0.8928735425752715,1.530640358700466,1.9133004483755824,1.6071723766354884,0.4336814349651323,0.6632774887702022,0.3571494170301088,1.6326830492804985,0.9949162331553006,2.0918751568906373,0.5612347981901707,1.352065650185411,1.6326830492804967,0.7908308519952406,1.9133004483755824,0.4847027802551476,3.0357700447559255,2.8316846635958624,0.20408538116006208,0.8928735425752717
51107610602,0.45919210761013973,1.25002295960538,1.6837043945705128,1.8112577577955498,0.3316387443851009,0.5612347981901711,0.22959605380506987,1.6326830492804985,0.7398095067052266,2.142896502180652,0.25510672645007765,1.2755336322503883,1.4796190134104505,0.5867454708351786,1.8877897757305742,0.3061280717400932,3.035770044755922,2.5765779371457835,0.10204269058003104,0.4847027802551475
51107610603,1.3520656501854114,1.3520656501854118,1.7602364125055354,1.5816617039904821,0.3316387443851009,0.6887881614152095,0.3571494170301088,1.7857470851505435,1.1734909416703594,2.19391784747067,0.5102134529001553,1.5816617039904821,1.683704394570512,0.7908308519952406,1.8877897757305742,0.7398095067052253,3.2653660985609934,2.933727354175893,0.1785747085150544,1.1479802690253493
51107610604,0.7908308519952408,1.2755336322503883,1.6837043945705128,1.7857470851505435,0.3571494170301088,0.5867454708351788,0.25510672645007754,1.7602364125055336,0.9438948878652881,2.0918751568906373,0.35714941703010866,1.3520656501854145,1.530640358700466,0.6122561434801864,1.862279103085566,0.45919210761013973,3.137812735335954,2.7041313003708236,0.12755336322503888,0.6887881614152097
51107610701,0.45919210761013984,1.403086995475427,1.7602364125055354,1.7602364125055372,0.40817076232012417,0.6122561434801864,0.25510672645007765,1.6581937219255047,0.765320179350233,2.117385829535644,0.3061280717400931,1.3010443048953981,1.6071723766354893,0.6122561434801864,1.9133004483755816,0.3061280717400932,2.908216681530883,2.7041313003708236,0.1020426905800311,0.5612347981901709
51107610702,0.8673628699302641,1.403086995475427,1.7347257398605282,1.6581937219255047,0.3826600896751165,0.6632774887702018,0.3061280717400932,1.7857470851505435,1.0969589237353332,2.16840717482566,0.4081707623201244,1.352065650185411,1.70921506721552,0.663277488770202,1.9133004483755833,0.5102134529001553,2.9847486994659094,2.7806633183058462,0.1530640358700466,1.071448251090326
51107610703,0.6122561434801864,1.5051296860554586,1.8367684304405598,1.5816617039904821,0.45919210761013995,0.6377668161251941,0.3316387443851009,1.530640358700466,0.7142988340602167,2.117385829535644,0.43368143496513206,1.3010443048953946,1.556151031345474,0.7398095067052253,1.9643217936655968,0.3571494170301088,2.8827060088858767,2.678620627725816,0.1530640358700466,0.5867454708351788
51107610800,0.535724125545163,1.5561510313454732,1.862279103085566,1.5051296860554595,0.5357241255451635,0.6122561434801864,0.3316387443851009,1.4796190134104497,0.6632774887702004,1.9643217936655986,0.40817076232012417,1.3265549775404044,1.530640358700466,0.765320179350233,1.9898324663106068,0.3316387443851009,2.933727354175893,2.6786206277258153,0.1530640358700466,0.892873542575272
51107610900,0.5867454708351786,1.6837043945705128,1.9643217936655986,1.3775763228304208,0.535724125545163,0.6377668161251941,0.4081707623201244,1.3775763228304208,0.6122561434801878,1.9643217936655986,0.45919210761013973,1.3775763228304208,1.5561510313454732,0.8928735425752717,2.040853811600621,0.3571494170301088,2.8827060088858767,2.8316846635958624,0.17857470851505428,0.8673628699302641
51107611002,0.9438948878652873,1.1224695963803417,1.6326830492804967,1.6837043945705146,0.25510672645007765,0.6122561434801864,0.22959605380506976,1.8367684304405598,1.1479802690253493,2.2194285201156765,0.3061280717400932,1.5816617039904786,1.530640358700466,0.6122561434801864,1.7857470851505435,0.5867454708351788,3.1888340806259707,2.7041313003708227,0.1020426905800311,0.7908308519952406
51107611004,0.5867454708351786,1.25002295960538,1.6581937219255047,1.862279103085566,0.28061739909508554,0.612256143480186,0.2040853811600622,1.683704394570511,0.7908308519952393,2.16840717482566,0.2806173990950853,1.2755336322503883,1.4796190134104505,0.5867454708351786,1.8877897757305742,0.35714941703010866,2.9592380268208993,2.627599282435799,0.10204269058003104,0.5867454708351786
51107611005,0.6377668161251941,1.2755336322503883,1.683704394570512,1.8877897757305762,0.3316387443851009,0.5867454708351788,0.22959605380506987,1.709215067215521,0.8163415246402456,2.1173858295356456,0.3316387443851009,1.250022959605382,1.5051296860554577,0.6122561434801862,1.887789775730575,0.40817076232012417,3.214344753270977,2.6786206277258144,0.10204269058003104,0.6377668161251941
51107611006,0.841852197285256,1.3010443048953964,1.70921506721552,1.8877897757305762,0.3061280717400932,0.6122561434801864,0.25510672645007765,1.7602364125055372,0.9694055605102944,2.2449391927606843,0.3826600896751165,1.352065650185411,1.5051296860554577,0.7142988340602173,1.9133004483755824,0.5102134529001553,3.0867913900459416,2.602088609790791,0.12755336322503877,0.5867454708351786
51107611009,0.739809506705225,1.428597668120435,1.8877897757305742,1.8367684304405598,0.3571494170301088,0.6122561434801864,0.2806173990950853,1.6326830492804947,0.8163415246402492,2.2704498654056926,0.40817076232012417,1.3265549775404009,1.5051296860554577,0.7398095067052253,1.9643217936655986,0.43368143496513195,2.85719533624087,2.653109955080807,0.12755336322503877,0.3826600896751165
51107611010,0.5612347981901707,2.423513901275738,2.52555659185577,0.9438948878652844,1.2245122869603728,0.6122561434801864,1.1224695963803417,0.7398095067052266,0.25510672645007765,1.7602364125055336,1.301044304895396,1.1990016143153657,1.3265549775404035,1.5306403587004656,2.3980032286307296,0.3826600896751165,2.755152645660838,2.653109955080808,0.6122561434801862,0.6377668161251941
51107611011,0.7908308519952406,1.1734909416703572,1.6581937219255047,1.7602364125055372,0.25510672645007765,0.6122561434801864,0.2040853811600622,1.709215067215521,0.9694055605102944,2.2194285201156765,0.3316387443851009,1.4796190134104497,1.556151031345474,0.5867454708351788,1.8112577577955518,0.5102134529001553,3.035770044755922,2.6786206277258153,0.10204269058003104,0.6377668161251941
51107611012,0.5612347981901707,1.403086995475427,1.862279103085567,1.8112577577955498,0.3571494170301088,0.5867454708351786,0.25510672645007765,1.5816617039904821,0.765320179350233,2.2194285201156765,0.3316387443851009,1.3010443048953946,1.4796190134104505,0.7398095067052253,1.9643217936655968,0.3826600896751165,2.8827060088858767,2.5765779371457835,0.12755336322503888,0.5357241255451631
51107611013,0.5612347981901709,1.3265549775404035,1.7602364125055363,1.8112577577955498,0.3061280717400932,0.5612347981901711,0.25510672645007776,1.6837043945705146,0.739809506705223,2.193917847470668,0.3061280717400932,1.5051296860554595,1.4541083407654434,0.6887881614152095,1.9388111210205905,0.3826600896751165,3.112302062690948,2.5765779371457835,0.12755336322503877,0.7398095067052253
51107611014,0.7908308519952406,1.352065650185411,1.7602364125055363,1.7857470851505435,0.3316387443851011,0.6122561434801864,0.2806173990950853,1.709215067215521,0.9183842152202817,2.0918751568906373,0.3826600896751166,1.3520656501854145,1.5816617039904812,0.6632774887702018,1.8877897757305742,0.45919210761013995,2.9847486994659094,2.7041313003708227,0.12755336322503888,0.40817076232012417
51107611015,0.6632774887702018,1.377576322830419,1.7602364125055354,1.403086995475427,0.40817076232012417,0.5612347981901709,0.3061280717400932,1.530640358700466,0.7142988340602167,2.0663644842456312,0.3316387443851009,1.3265549775404009,1.403086995475427,0.7142988340602175,1.9388111210205905,0.35714941703010855,2.9847486994659094,2.5000459192107614,0.1530640358700465,0.5867454708351786
51107611016,0.4847027802551476,1.7857470851505435,2.0918751568906373,1.2500229596053782,0.6632774887702018,0.5867454708351786,0.5612347981901711,1.1990016143153657,0.45919210761013907,1.7857470851505435,0.5867454708351788,1.224512286960372,1.377576322830419,0.9694055605102952,2.0663644842456295,0.28061739909508543,2.755152645660838,2.5510672645007766,0.25510672645007765,0.7653201793502328
51107611017,0.765320179350233,1.7602364125055354,2.015343138955613,1.352065650185411,0.5867454708351784,0.6122561434801864,0.4847027802551476,1.3265549775404044,0.6122561434801878,1.9898324663106048,0.6122561434801864,1.3010443048953981,1.428597668120435,0.9438948878652871,2.0153431389556147,0.3826600896751165,2.8316846635958606,2.6020886097907927,0.25510672645007765,0.7142988340602173
51107611018,0.7908308519952406,2.040853811600621,2.270449865405691,1.0204269058003106,1.0204269058003101,0.5867454708351788,1.1224695963803417,1.1479802690253493,0.5357241255451616,1.8367684304405563,1.2245122869603724,1.3010443048953946,1.3010443048953964,1.3265549775404035,2.0918751568906355,0.45919210761013984,2.8316846635958606,2.5765779371457844,0.6377668161251941,1.1990016143153648
51107611019,0.7142988340602173,1.377576322830419,1.7602364125055354,1.862279103085566,0.3571494170301088,0.5867454708351788,0.3061280717400932,1.709215067215521,0.8673628699302655,2.1939178474706664,0.43368143496513206,1.3520656501854145,1.5051296860554577,0.7142988340602173,1.9388111210205905,0.45919210761013973,2.8827060088858767,2.5765779371457835,0.15306403587004655,0.5612347981901707
51107611020,0.7398095067052253,1.096958923735334,1.5816617039904812,1.862279103085566,0.25510672645007776,0.5612347981901706,0.1785747085150544,1.8112577577955498,0.9694055605102979,2.270449865405691,0.2040853811600622,1.4796190134104497,1.4796190134104505,0.5357241255451632,1.7857470851505435,0.43368143496513184,2.9082166815308867,2.5510672645007766,0.0765320179350233,0.6887881614152097
51107611022,0.6632774887702018,1.2755336322503883,1.7602364125055354,1.9388111210205887,0.3061280717400932,0.5612347981901709,0.22959605380506987,1.683704394570511,0.8163415246402492,2.2194285201156765,0.3061280717400932,1.3010443048953946,1.4541083407654425,0.663277488770202,1.989832466310606,0.4081707623201244,2.9847486994659094,2.474535246565754,0.10204269058003104,0.739809506705225
51107611023,0.6377668161251943,1.25002295960538,1.70921506721552,2.015343138955611,0.3316387443851009,0.5867454708351788,0.25510672645007765,1.7347257398605274,0.8928735425752717,2.2449391927606843,0.331638744385101,1.1990016143153657,1.5561510313454732,0.6122561434801864,1.862279103085567,0.40817076232012417,2.8316846635958606,2.602088609790792,0.12755336322503882,0.6122561434801864
51107611026,0.535724125545163,1.096958923735334,1.6071723766354893,2.015343138955611,0.22959605380506998,0.5102134529001555,0.1530640358700466,1.7347257398605274,0.7908308519952393,2.193917847470668,0.2040853811600622,1.3775763228304208,1.3010443048953955,0.5612347981901709,1.9133004483755824,0.3826600896751165,3.061280717400932,2.3469818833407143,0.0765320179350233,0.5867454708351786
51107611027,0.8928735425752717,1.1479802690253498,1.5816617039904812,2.040853811600621,0.22959605380506998,0.5867454708351784,0.1785747085150544,1.8367684304405598,1.0204269058003106,2.2959605380506987,0.3061280717400932,1.4285976681204333,1.530640358700466,0.5612347981901709,1.836768430440559,0.5102134529001553,3.1888340806259707,2.627599282435799,0.1020426905800311,0.663277488770202
51107611028,0.4847027802551476,1.1734909416703572,1.683704394570512,2.040853811600621,0.25510672645007765,0.5102134529001555,0.1785747085150544,1.6326830492804985,0.6887881614152104,2.2194285201156765,0.20408538116006208,1.3010443048953946,1.326554977540404,0.6122561434801864,1.9643217936655968,0.3061280717400932,2.8571953362408666,2.3980032286307296,0.0765320179350233,0.43368143496513195
51107611029,0.5102134529001553,1.3520656501854118,1.7347257398605282,1.8877897757305724,0.3316387443851009,0.5867454708351788,0.20408538116006208,1.6071723766354884,0.6887881614152067,2.16840717482566,0.25510672645007765,1.250022959605382,1.530640358700466,0.5867454708351786,1.9643217936655977,0.35714941703010866,2.908216681530883,2.653109955080807,0.10204269058003104,0.4081707623201243
51107611030,0.7398095067052253,1.0459375784453186,1.6326830492804967,1.9388111210205923,0.2040853811600622,0.535724125545163,0.1785747085150544,1.7602364125055372,0.9183842152202781,2.2959605380506987,0.25510672645007765,1.4285976681204333,1.3520656501854114,0.6122561434801862,1.887789775730575,0.43368143496513206,2.8827060088858767,2.3469818833407152,0.1020426905800311,0.5867454708351786
51107611031,0.5867454708351786,1.0204269058003106,1.530640358700466,2.1173858295356456,0.20408538116006208,0.5612347981901709,0.12755336322503882,1.8112577577955498,0.8928735425752717,2.3214712106957087,0.17857470851505433,1.352065650185411,1.4541083407654425,0.4847027802551476,1.7857470851505435,0.3826600896751165,2.729641973015828,2.525556591855769,0.07653201793502325,0.5612347981901707
51107611032,0.6887881614152099,1.0714482510903265,1.6071723766354893,1.862279103085566,0.2040853811600622,0.5867454708351784,0.1530640358700466,1.7347257398605274,0.8928735425752717,2.270449865405691,0.2040853811600622,1.505129686055456,1.4285976681204342,0.6122561434801864,1.8112577577955518,0.4847027802551476,3.0357700447559255,2.5765779371457835,0.0765320179350233,0.7142988340602175
51107611101,0.8673628699302641,1.2755336322503883,1.7347257398605274,1.6326830492804985,0.3061280717400932,0.5867454708351788,0.28061739909508543,1.7857470851505435,0.9438948878652881,2.193917847470668,0.3316387443851009,1.4285976681204333,1.530640358700466,0.6632774887702018,1.8367684304405598,0.5102134529001553,3.0102593721109154,2.806173990950854,0.1530640358700466,0.892873542575272
51107611102,0.8163415246402483,1.377576322830419,1.7602364125055354,1.7347257398605274,0.3826600896751165,0.6122561434801864,0.2806173990950853,1.6581937219255047,0.8418521972852592,1.9643217936655986,0.43368143496513195,1.2755336322503883,1.5051296860554586,0.6632774887702018,1.9388111210205905,0.43368143496513206,3.1888340806259707,2.653109955080807,0.15306403587004655,0.35714941703010866
51107611202,0.6377668161251941,1.530640358700466,1.862279103085567,1.505129686055456,0.5102134529001553,0.5867454708351788,0.43368143496513206,1.530640358700466,0.7142988340602167,2.015343138955613,0.4847027802551474,1.1990016143153657,1.454108340765443,0.7398095067052253,2.015343138955613,0.3571494170301088,2.831684663595864,2.5765779371457844,0.20408538116006208,0.5102134529001553
51107611204,1.683704394570512,1.3265549775404044,1.7602364125055363,1.6071723766354884,0.3061280717400932,0.612256143480186,0.3316387443851011,1.8112577577955498,1.122469596380343,2.142896502180652,0.43368143496513195,1.5051296860554595,1.530640358700466,0.7908308519952406,1.9133004483755824,0.6887881614152099,3.137812735335954,2.8316846635958624,0.1530640358700466,1.1990016143153652
51107611205,1.4285976681204346,1.25002295960538,1.709215067215521,1.6326830492804947,0.28061739909508554,0.5612347981901711,0.28061739909508554,1.7602364125055336,1.0459375784453206,2.2194285201156765,0.3571494170301088,1.5561510313454758,1.3520656501854118,0.7908308519952411,1.862279103085566,0.6122561434801864,3.0357700447559255,2.6786206277258153,0.12755336322503882,0.7142988340602171
51107611206,0.663277488770202,1.2755336322503883,1.70921506721552,1.709215067215521,0.3316387443851011,0.612256143480186,0.25510672645007765,1.6581937219255047,0.8418521972852592,2.142896502180652,0.3571494170301088,1.3775763228304208,1.5816617039904812,0.663277488770202,1.8877897757305742,0.4081707623201244,2.85719533624087,2.7296419730158314,0.12755336322503888,0.5102134529001552
51107611207,0.7142988340602175,1.3010443048953964,1.70921506721552,1.7602364125055336,0.35714941703010855,0.5612347981901711,0.25510672645007765,1.683704394570511,0.8418521972852555,2.1173858295356456,0.3826600896751165,1.3265549775404009,1.5051296860554586,0.663277488770202,1.862279103085567,0.43368143496513206,2.984748699465906,2.6275992824358,0.12755336322503888,0.5357241255451631
51107611208,0.6632774887702018,1.403086995475427,1.8367684304405598,1.8367684304405598,0.3826600896751165,0.5867454708351788,0.2806173990950853,1.6581937219255047,0.8418521972852555,2.2194285201156765,0.40817076232012417,1.352065650185411,1.5051296860554586,0.7142988340602173,1.9388111210205905,0.4081707623201244,2.9592380268208993,2.653109955080807,0.15306403587004655,0.5867454708351786
51107611209,0.5867454708351786,1.4541083407654434,1.7857470851505435,1.6581937219255047,0.4081707623201244,0.6122561434801864,0.28061739909508543,1.5816617039904821,0.7142988340602167,2.19391784747067,0.3826600896751164,1.3010443048953946,1.4796190134104497,0.6887881614152097,1.9898324663106048,0.35714941703010866,3.061280717400932,2.602088609790792,0.12755336322503882,0.6122561434801864
51107611300,1.5561510313454732,1.2245122869603728,1.709215067215519,1.6581937219255047,0.25510672645007765,0.5867454708351788,0.28061739909508554,1.7857470851505435,1.0969589237353332,2.19391784747067,0.35714941703010855,1.6071723766354922,1.4796190134104505,0.765320179350233,1.8367684304405598,0.7142988340602173,3.1888340806259707,2.7806633183058462,0.12755336322503882,0.9438948878652871
51107611400,2.066364484245629,1.2755336322503883,1.7602364125055363,1.5816617039904821,0.3061280717400932,0.5867454708351788,0.3061280717400932,1.7602364125055336,1.1734909416703594,2.321471210695707,0.43368143496513206,1.6326830492804967,1.4541083407654425,0.8673628699302641,1.862279103085566,0.7908308519952408,3.392919461786032,2.8827060088858767,0.1530640358700466,1.1224695963803413
51107611501,1.096958923735334,1.0459375784453178,1.5561510313454732,1.7602364125055372,0.2040853811600622,0.5867454708351784,0.2040853811600622,1.8367684304405598,1.0969589237353332,2.321471210695707,0.28061739909508543,1.6837043945705146,1.5051296860554577,0.6122561434801864,1.7347257398605274,0.5867454708351784,3.392919461786032,2.7041313003708236,0.0765320179350233,1.5306403587004664
51107611502,1.6326830492804967,1.2755336322503883,1.7347257398605274,1.5816617039904821,0.306128071740093,0.5612347981901711,0.3316387443851009,1.8112577577955498,1.0204269058003106,2.142896502180652,0.3826600896751165,1.6071723766354884,1.3775763228304199,0.8163415246402483,1.9133004483755824,0.5612347981901709,3.061280717400932,2.678620627725816,0.1530640358700466,1.1479802690253493
51107611601,0.994916233155303,1.1224695963803413,1.5816617039904812,1.7602364125055372,0.25510672645007765,0.5612347981901711,0.22959605380506987,1.7857470851505435,0.9183842152202817,2.2194285201156765,0.28061739909508543,1.4796190134104497,1.4541083407654425,0.6377668161251941,1.8367684304405598,0.4847027802551476,3.061280717400932,2.5765779371457835,0.1020426905800311,0.7908308519952408
51107611602,2.755152645660839,1.1990016143153648,1.7347257398605274,1.7602364125055336,0.22959605380506998,0.6122561434801864,0.3061280717400932,1.9898324663106048,1.6071723766354884,2.2959605380506987,0.40817076232012417,1.7602364125055354,1.530640358700466,0.841852197285256,1.9133004483755833,1.1224695963803417,3.520472825011071,2.9592380268209,0.1530640358700466,1.6581937219255047
51107611701,1.9133004483755824,1.377576322830419,1.7857470851505426,1.6071723766354884,0.3316387443851009,0.5867454708351788,0.3316387443851009,1.7857470851505435,1.071448251090327,2.16840717482566,0.43368143496513206,1.6581937219255047,1.454108340765443,0.8163415246402483,1.8877897757305742,0.6377668161251944,3.0102593721109154,2.8316846635958624,0.1785747085150544,1.0204269058003106
51107611702,0.969405560510295,1.0459375784453178,1.6071723766354893,1.709215067215521,0.2040853811600622,0.5102134529001553,0.1785747085150544,1.8112577577955498,0.9949162331553043,2.2959605380506987,0.2040853811600622,1.403086995475427,1.3010443048953964,0.6377668161251941,1.8367684304405598,0.40817076232012417,2.85719533624087,2.449024573920745,0.0765320179350233,0.6887881614152095
51107611803,0.6377668161251941,1.25002295960538,1.7857470851505435,1.8622791030855697,0.2806173990950853,0.535724125545163,0.20408538116006208,1.683704394570511,0.8418521972852555,2.2194285201156765,0.25510672645007765,1.403086995475427,1.377576322830419,0.7142988340602175,1.8877897757305742,0.43368143496513206,2.9847486994659094,2.474535246565753,0.1020426905800311,0.5102134529001553
51107611804,0.9438948878652873,1.2245122869603728,1.7602364125055363,1.8367684304405563,0.25510672645007765,0.5612347981901711,0.25510672645007754,1.709215067215521,0.9438948878652881,2.16840717482566,0.3571494170301088,1.5051296860554595,1.3775763228304194,0.7398095067052248,1.9388111210205905,0.5612347981901709,3.137812735335954,2.50004591921076,0.12755336322503877,0.8673628699302641
51107611805,0.6887881614152096,1.3265549775404035,1.7347257398605282,1.9133004483755824,0.3061280717400932,0.6122561434801864,0.22959605380506998,1.6837043945705146,0.8928735425752717,2.3469818833407152,0.35714941703010866,1.3010443048953946,1.5051296860554577,0.663277488770202,1.9388111210205896,0.45919210761013984,3.061280717400932,2.5765779371457844,0.10204269058003104,0.7398095067052253
51107611807,0.6887881614152097,1.096958923735334,1.6581937219255047,1.9643217936655986,0.22959605380506998,0.5357241255451632,0.1785747085150544,1.7857470851505435,0.9183842152202781,2.142896502180652,0.22959605380506987,1.428597668120437,1.3265549775404035,0.6377668161251941,1.8877897757305742,0.43368143496513206,2.85719533624087,2.3980032286307305,0.1020426905800311,0.6377668161251941
51107611808,0.8163415246402486,1.25002295960538,1.7857470851505435,1.8367684304405598,0.25510672645007765,0.5612347981901706,0.25510672645007765,1.6581937219255047,0.8928735425752717,2.2194285201156765,0.3061280717400932,1.3775763228304208,1.3775763228304194,0.7398095067052253,1.9388111210205905,0.4847027802551476,3.061280717400932,2.4490245739207457,0.12755336322503888,0.663277488770202
51107611809,0.6377668161251941,1.1224695963803417,1.6326830492804976,1.9388111210205887,0.22959605380506987,0.535724125545163,0.1785747085150544,1.734725739860531,0.8418521972852555,2.16840717482566,0.20408538116006208,1.352065650185411,1.3520656501854118,0.6122561434801862,1.862279103085566,0.40817076232012417,2.85719533624087,2.3980032286307296,0.1020426905800311,0.5612347981901709
51107611810,0.6887881614152096,1.1990016143153648,1.70921506721552,1.9388111210205923,0.2806173990950853,0.535724125545163,0.20408538116006208,1.7092150672155173,0.8418521972852555,2.168407174825658,0.25510672645007765,1.3010443048953981,1.4285976681204346,0.6122561434801862,1.9643217936655968,0.43368143496513206,2.85719533624087,2.474535246565753,0.10204269058003104,0.3571494170301088
51107611811,0.5867454708351786,1.1990016143153648,1.7347257398605282,1.8622791030855697,0.25510672645007765,0.5867454708351786,0.17857470851505428,1.6581937219255047,0.8163415246402492,2.1939178474706664,0.2040853811600622,1.4541083407654434,1.4285976681204346,0.6377668161251939,1.9133004483755824,0.40817076232012417,2.806173990950854,2.5510672645007766,0.07653201793502325,0.5867454708351787
51107611812,0.7398095067052253,0.9694055605102952,1.530640358700466,1.9133004483755842,0.1785747085150544,0.5612347981901706,0.17857470851505428,1.8112577577955498,0.8928735425752717,2.2449391927606825,0.20408538116006208,1.4541083407654434,1.3520656501854114,0.5357241255451632,1.8112577577955509,0.45919210761013973,2.9592380268208993,2.3980032286307296,0.0765320179350233,0.5612347981901709
51107611813,0.5612347981901709,1.1224695963803417,1.6326830492804967,1.9388111210205923,0.22959605380506976,0.5102134529001553,0.1530640358700466,1.7092150672155173,0.8163415246402456,2.2194285201156743,0.20408538116006208,1.403086995475427,1.326554977540404,0.6122561434801864,1.9133004483755824,0.3826600896751165,2.933727354175893,2.423513901275738,0.0765320179350233,0.5612347981901709
51107611901,0.5612347981901707,1.0459375784453178,1.6326830492804967,1.8877897757305762,0.2040853811600622,0.45919210761013995,0.1785747085150544,1.6326830492804985,0.739809506705223,2.2704498654056926,0.20408538116006214,1.403086995475427,1.1734909416703572,0.663277488770202,1.9643217936655977,0.3826600896751166,2.9082166815308867,2.16840717482566,0.0765320179350233,0.5102134529001554
51107611902,0.535724125545163,1.0459375784453178,1.6071723766354893,2.117385829535644,0.22959605380506976,0.5102134529001553,0.17857470851505428,1.7602364125055372,0.765320179350233,2.3469818833407152,0.17857470851505433,1.3265549775404044,1.25002295960538,0.5867454708351788,1.9643217936655986,0.3826600896751165,2.933727354175893,2.2449391927606834,0.0765320179350233,0.535724125545163
51153900100,0.6377668161251941,1.6326830492804967,1.9898324663106048,1.530640358700466,0.4847027802551476,0.6122561434801864,0.3826600896751165,1.4285976681204333,0.5867454708351779,1.8112577577955498,0.5102134529001553,1.3010443048953946,1.4796190134104497,0.8673628699302637,2.040853811600621,0.3826600896751166,2.5765779371457826,2.7041313003708236,0.1785747085150544,0.5102134529001552
51153900201,1.5561510313454736,1.1734909416703567,1.7602364125055363,1.6071723766354884,0.25510672645007776,0.6632774887702018,0.2806173990950853,1.8367684304405598,1.3010443048953946,2.193917847470668,0.40817076232012417,1.6326830492804967,1.6071723766354884,0.7908308519952411,1.836768430440559,0.9183842152202795,3.239855425915987,2.806173990950854,0.1530640358700466,1.4030869954754266
51153900202,1.8877897757305742,1.1734909416703576,1.6837043945705128,1.7602364125055336,0.25510672645007765,0.5867454708351788,0.28061739909508554,1.9133004483755824,1.2500229596053782,2.2704498654056926,0.3061280717400931,1.6581937219255047,1.4796190134104505,0.7908308519952411,1.8877897757305742,0.6887881614152097,3.265366098560997,2.780663318305847,0.12755336322503882,0.969405560510295
51153900203,2.1939178474706673,1.1224695963803413,1.7347257398605274,1.6837043945705146,0.2040853811600622,0.7142988340602171,0.25510672645007765,1.9133004483755824,1.5561510313454723,2.2959605380506987,0.40817076232012417,1.7347257398605274,1.6837043945705128,0.8418521972852564,1.7857470851505435,1.2245122869603728,3.035770044755922,2.8827060088858767,0.1530640358700465,1.5561510313454736
51153900301,1.0204269058003106,1.4285976681204342,1.8877897757305742,1.6071723766354922,0.35714941703010855,0.7142988340602175,0.3316387443851009,1.6581937219255047,0.9694055605102944,2.2194285201156743,0.45919210761013973,1.6071723766354884,1.70921506721552,0.8928735425752717,1.9388111210205905,0.6377668161251944,3.061280717400932,2.8827060088858785,0.1530640358700466,1.1734909416703572
51153900302,1.2500229596053807,1.25002295960538,1.7857470851505435,1.6071723766354884,0.25510672645007776,0.6887881614152099,0.25510672645007776,1.709215067215521,1.0969589237353332,2.2449391927606825,0.3826600896751165,1.6071723766354884,1.6581937219255047,0.8418521972852564,1.887789775730575,0.765320179350233,3.0357700447559255,2.9082166815308867,0.1530640358700466,1.0459375784453182
51153900403,1.5306403587004656,1.3520656501854118,1.8112577577955509,1.4541083407654434,0.3316387443851009,0.6377668161251941,0.3061280717400932,1.6326830492804985,0.9694055605102944,2.0663644842456295,0.40817076232012417,1.556151031345474,1.4796190134104497,0.9183842152202799,1.9133004483755824,0.6887881614152097,3.0357700447559255,2.7806633183058462,0.1785747085150544,1.1479802690253493
51153900404,2.2449391927606834,1.3010443048953964,1.7857470851505435,1.6071723766354884,0.2806173990950853,0.6887881614152095,0.35714941703010855,1.7857470851505435,1.2755336322503883,2.2704498654056926,0.4847027802551476,1.6837043945705128,1.5816617039904812,0.9694055605102952,1.862279103085566,0.9949162331553024,3.1633234079809642,2.908216681530885,0.1785747085150544,1.3775763228304199
51153900407,1.403086995475427,1.2500229596053811,1.8112577577955509,1.6581937219255047,0.22959605380506987,0.6887881614152095,0.25510672645007776,1.683704394570511,1.071448251090327,2.0663644842456295,0.3826600896751165,1.6326830492804967,1.556151031345474,0.8673628699302641,1.836768430440559,0.8418521972852564,2.8316846635958606,2.8316846635958624,0.1785747085150544,1.1479802690253493
51153900408,1.2245122869603728,1.352065650185411,1.862279103085566,1.6837043945705146,0.2806173990950853,0.7142988340602175,0.28061739909508554,1.6581937219255047,0.9694055605102979,2.0663644842456277,0.3826600896751165,1.4285976681204333,1.5816617039904812,0.8418521972852564,1.862279103085566,0.739809506705225,2.653109955080809,2.85719533624087,0.1530640358700466,0.6122561434801864
51153900409,1.7347257398605282,1.2500229596053811,1.7602364125055363,1.5561510313454758,0.25510672645007765,0.6887881614152095,0.25510672645007765,1.7347257398605274,1.1479802690253493,2.168407174825658,0.3571494170301088,1.6326830492804947,1.5816617039904821,0.8418521972852564,1.8877897757305742,0.739809506705225,2.704131300370822,2.8316846635958624,0.1530640358700466,0.969405560510295
51153900410,0.8928735425752717,1.1990016143153648,1.7602364125055354,1.683704394570511,0.20408538116006208,0.6887881614152095,0.20408538116006208,1.6326830492804985,0.9694055605102979,2.168407174825658,0.28061739909508543,1.530640358700466,1.5051296860554586,0.765320179350233,1.7857470851505435,0.7398095067052253,2.653109955080809,2.85719533624087,0.10204269058003115,0.9694055605102948
51153900502,0.6887881614152097,1.1990016143153648,1.7602364125055363,1.7857470851505435,0.25510672645007765,0.6887881614152095,0.20408538116006208,1.6071723766354884,0.8418521972852555,2.117385829535644,0.25510672645007765,1.403086995475427,1.5561510313454732,0.6632774887702018,1.8112577577955518,0.5612347981901709,2.500045919210764,2.806173990950853,0.1020426905800311,0.6887881614152097
51153900503,2.1173858295356447,1.3520656501854118,1.862279103085567,1.5816617039904821,0.25510672645007765,0.7142988340602175,0.3571494170301088,1.7347257398605274,1.2755336322503883,2.2959605380506987,0.5102134529001553,1.6071723766354884,1.6326830492804967,1.0204269058003106,1.9388111210205905,1.096958923735334,2.9592380268208993,2.9592380268208993,0.20408538116006208,1.5561510313454732
51153900504,2.50004591921076,1.3010443048953964,1.8112577577955518,1.4796190134104497,0.25510672645007765,0.6887881614152099,0.3826600896751165,1.8367684304405598,1.3520656501854145,2.321471210695707,0.4847027802551474,1.6837043945705128,1.6326830492804976,1.0714482510903265,1.8877897757305742,1.1479802690253493,3.3163874438510095,2.9847486994659094,0.1785747085150544,1.7857470851505435
51153900601,2.1939178474706673,1.1990016143153648,1.709215067215521,1.6581937219255047,0.25510672645007765,0.6122561434801864,0.28061739909508554,1.8112577577955498,1.250022959605382,2.3469818833407134,0.4081707623201244,1.6581937219255047,1.530640358700466,0.8673628699302641,1.8877897757305742,0.9183842152202795,3.3163874438510095,2.7806633183058462,0.1530640358700466,2.0663644842456286
51153900602,1.913300448375582,1.0969589237353337,1.7347257398605282,1.7347257398605274,0.20408538116006208,0.6377668161251941,0.22959605380506998,1.8877897757305724,1.403086995475427,2.1939178474706664,0.3061280717400932,1.683704394570511,1.5816617039904812,0.765320179350233,1.7857470851505444,0.9694055605102948,3.2143447532709803,2.933727354175893,0.10204269058003115,1.8112577577955518
51153900701,0.9694055605102952,1.1224695963803413,1.709215067215519,1.709215067215521,0.20408538116006208,0.6887881614152095,0.2040853811600622,1.6837043945705146,0.9949162331553006,2.16840717482566,0.25510672645007765,1.5816617039904803,1.5816617039904812,0.6887881614152099,1.7602364125055354,0.6887881614152099,2.755152645660838,2.7806633183058462,0.10204269058003104,0.9438948878652871
51153900702,1.5051296860554577,1.224512286960372,1.7347257398605282,1.5561510313454723,0.28061739909508554,0.6377668161251941,0.25510672645007754,1.683704394570511,0.9949162331553043,2.0663644842456295,0.3061280717400932,1.5051296860554577,1.530640358700466,0.765320179350233,1.8877897757305742,0.6377668161251939,2.9082166815308867,2.7806633183058462,0.12755336322503882,1.1990016143153648
51153900801,0.7653201793502332,1.3520656501854118,1.836768430440559,1.683704394570511,0.306128071740093,0.6632774887702018,0.28061739909508554,1.5561510313454758,0.765320179350233,2.1173858295356456,0.3571494170301088,1.3520656501854145,1.5051296860554577,0.8163415246402483,1.9388111210205905,0.5612347981901709,2.755152645660838,2.7296419730158314,0.1530640358700466,0.739809506705225
51153900803,1.1734909416703572,1.2245122869603728,1.8367684304405598,1.6326830492804985,0.20408538116006208,0.7398095067052248,0.25510672645007765,1.6581937219255047,1.0714482510903232,2.117385829535644,0.3571494170301088,1.6071723766354902,1.6071723766354893,0.8418521972852564,1.836768430440559,0.8928735425752717,2.8827060088858767,2.908216681530885,0.1530640358700466,1.1990016143153648
51153900804,0.765320179350233,1.3010443048953964,1.7857470851505435,1.6581937219255047,0.25510672645007765,0.7142988340602175,0.22959605380506976,1.5816617039904821,0.765320179350233,2.142896502180652,0.3061280717400931,1.4796190134104497,1.5561510313454732,0.7398095067052253,1.887789775730575,0.6122561434801864,2.6275992824358028,2.7806633183058462,0.12755336322503882,0.9183842152202795
51153900901,1.5816617039904817,1.2755336322503883,1.836768430440558,1.6071723766354884,0.22959605380506987,0.7142988340602175,0.28061739909508554,1.7602364125055336,1.1734909416703558,2.2194285201156765,0.40817076232012417,1.683704394570511,1.6326830492804976,0.9183842152202799,1.836768430440559,0.9438948878652871,3.035770044755922,3.010259372110917,0.1530640358700466,1.6071723766354893
51153900904,0.8418521972852562,1.2755336322503883,1.7857470851505426,1.6581937219255047,0.25510672645007765,0.6632774887702018,0.22959605380506976,1.5561510313454723,0.8163415246402492,2.142896502180654,0.28061739909508543,1.428597668120437,1.5051296860554577,0.7908308519952406,1.862279103085567,0.6122561434801862,2.85719533624087,2.755152645660839,0.1530640358700466,0.8163415246402483
51153900905,0.9183842152202797,1.3520656501854118,1.8367684304405598,1.530640358700466,0.3061280717400932,0.7142988340602175,0.3061280717400932,1.5561510313454758,0.8418521972852555,2.0663644842456312,0.3826600896751166,1.4285976681204333,1.5816617039904821,0.841852197285256,1.9133004483755824,0.6377668161251941,2.653109955080809,2.8316846635958615,0.1530640358700466,0.6887881614152097
51153901005,0.5612347981901709,1.3265549775404035,1.7347257398605282,1.862279103085566,0.3316387443851011,0.6377668161251941,0.22959605380506987,1.6071723766354884,0.739809506705223,2.0918751568906355,0.2806173990950853,1.2755336322503883,1.556151031345474,0.6887881614152095,1.9388111210205896,0.3826600896751165,2.806173990950854,2.7041313003708236,0.10204269058003104,0.5612347981901709
51153901009,0.663277488770202,1.3775763228304199,1.7602364125055363,1.6071723766354884,0.3826600896751162,0.6377668161251941,0.28061739909508543,1.5561510313454723,0.7398095067052266,1.9388111210205887,0.3571494170301088,1.352065650185411,1.5816617039904812,0.7142988340602171,1.9643217936655986,0.40817076232012417,2.7041313003708254,2.6786206277258153,0.12755336322503882,0.45919210761013973
51153901010,0.7142988340602175,1.4285976681204342,1.836768430440558,1.6581937219255047,0.3571494170301088,0.6632774887702018,0.2806173990950853,1.5816617039904821,0.8163415246402492,1.9898324663106086,0.3826600896751166,1.224512286960372,1.6326830492804976,0.7398095067052248,1.9643217936655968,0.43368143496513206,2.602088609790789,2.7551526456608397,0.1530640358700466,0.40817076232012417
51153901011,0.7908308519952408,1.3520656501854118,1.8112577577955518,1.6071723766354884,0.28061739909508554,0.6632774887702022,0.25510672645007776,1.6581937219255047,0.8418521972852555,2.015343138955613,0.331638744385101,1.4541083407654434,1.556151031345474,0.7908308519952406,1.862279103085566,0.5102134529001553,2.704131300370822,2.7296419730158297,0.12755336322503882,0.8673628699302641
51153901012,0.8163415246402488,1.70921506721552,1.9388111210205905,1.1734909416703558,0.6122561434801864,0.6377668161251941,0.5612347981901711,1.250022959605382,0.6122561434801878,1.862279103085566,0.7398095067052253,1.3775763228304208,1.4796190134104505,1.020426905800311,2.015343138955613,0.45919210761013973,2.6786206277258153,2.653109955080808,0.3061280717400931,0.6377668161251941
51153901013,1.096958923735334,1.1990016143153657,1.6837043945705128,1.7092150672155173,0.22959605380506987,0.6632774887702018,0.22959605380506998,1.6581937219255047,0.9438948878652844,2.193917847470668,0.3061280717400931,1.6326830492804967,1.4796190134104505,0.765320179350233,1.8112577577955509,0.6887881614152095,3.0867913900459416,2.7806633183058462,0.1530640358700465,0.994916233155303
51153901014,0.765320179350233,1.377576322830419,1.8367684304405598,1.4796190134104497,0.3316387443851011,0.6632774887702018,0.28061739909508554,1.5561510313454758,0.8418521972852555,2.117385829535644,0.3061280717400932,1.428597668120437,1.530640358700466,0.8418521972852564,1.9388111210205887,0.5357241255451632,2.806173990950854,2.806173990950854,0.12755336322503882,0.9183842152202795
51153901015,0.9694055605102952,1.2245122869603728,1.7857470851505435,1.7092150672155173,0.20408538116006208,0.7142988340602171,0.22959605380506987,1.6326830492804947,0.9438948878652844,2.117385829535644,0.2806173990950853,1.6326830492804985,1.556151031345474,0.7908308519952406,1.8367684304405598,0.8163415246402486,2.9847486994659094,2.8827060088858785,0.1530640358700465,1.2755336322503883
51153901016,0.9438948878652871,1.1734909416703572,1.7347257398605274,1.7092150672155173,0.20408538116006208,0.6377668161251941,0.22959605380506987,1.6581937219255047,0.9183842152202817,2.2449391927606843,0.28061739909508543,1.5561510313454723,1.4541083407654425,0.765320179350233,1.8367684304405598,0.5612347981901709,2.8827060088858802,2.7041313003708227,0.12755336322503882,0.994916233155303
51153901101,1.1224695963803417,0.8928735425752717,1.4541083407654425,1.7602364125055354,0.17857470851505428,0.6377668161251941,0.1785747085150544,2.0663644842456312,1.734725739860531,2.16840717482566,0.25510672645007754,1.6581937219255047,1.8112577577955509,0.4847027802551476,1.5816617039904812,0.765320179350233,3.112302062690948,2.6786206277258153,0.0765320179350233,1.2755336322503883
51153901102,1.1990016143153648,0.6887881614152097,1.25002295960538,2.3724925559857213,0.10204269058003104,0.6887881614152095,0.0765320179350233,2.2194285201156765,1.9133004483755824,2.3469818833407134,0.20408538116006208,1.6581937219255047,1.9643217936655977,0.28061739909508543,1.4285976681204342,0.841852197285256,3.290876771206003,2.806173990950854,0.05102134529001552,1.2245122869603724
51153901203,1.6071723766354888,1.2500229596053811,1.683704394570512,1.530640358700466,0.3061280717400932,0.5867454708351788,0.306128071740093,1.709215067215521,1.0204269058003106,2.1684071748256617,0.3826600896751165,1.4796190134104497,1.4541083407654425,0.8673628699302637,1.8877897757305742,0.6887881614152097,2.755152645660838,2.7041313003708236,0.1530640358700466,0.969405560510295
51153901208,1.0969589237353339,1.6326830492804967,1.9388111210205905,1.2755336322503883,0.5867454708351788,0.6122561434801864,0.6122561434801864,1.3775763228304172,0.739809506705223,1.9643217936655986,0.765320179350233,1.505129686055456,1.4796190134104505,1.0204269058003106,2.015343138955613,0.5102134529001553,2.780663318305848,2.7041313003708236,0.3571494170301088,0.994916233155303
51153901209,1.1224695963803413,1.403086995475427,1.836768430440558,1.4541083407654434,0.3316387443851011,0.6377668161251941,0.3316387443851009,1.5816617039904786,0.9183842152202817,2.117385829535644,0.4081707623201244,1.530640358700466,1.556151031345474,0.9183842152202795,1.9388111210205905,0.5867454708351784,2.908216681530883,2.806173990950854,0.1530640358700466,0.9183842152202795
51153901211,2.0663644842456295,1.2755336322503883,1.70921506721552,1.6071723766354884,0.3061280717400932,0.6377668161251941,0.3316387443851009,1.7602364125055372,1.250022959605382,2.2959605380506987,0.4081707623201244,1.6581937219255047,1.5051296860554586,0.9438948878652875,1.8877897757305742,0.7908308519952406,3.3674087891410256,2.755152645660838,0.1530640358700466,1.6071723766354893
51153901212,1.1990016143153648,1.2755336322503883,1.7857470851505426,1.5561510313454723,0.25510672645007765,0.6377668161251941,0.2806173990950853,1.6326830492804985,0.9183842152202817,2.1684071748256617,0.3316387443851009,1.5561510313454758,1.4796190134104505,0.8673628699302641,1.8877897757305742,0.6887881614152095,2.8827060088858767,2.755152645660838,0.12755336322503882,1.2245122869603728
51153901219,0.535724125545163,1.556151031345474,1.8622791030855679,1.530640358700466,0.4847027802551472,0.6122561434801864,0.3316387443851009,1.4541083407654434,0.6632774887702004,1.9388111210205887,0.4081707623201243,1.1990016143153621,1.5816617039904812,0.765320179350233,2.015343138955613,0.35714941703010866,2.6786206277258153,2.653109955080807,0.1530640358700466,0.4847027802551476
51153901221,0.8928735425752717,1.3010443048953964,1.70921506721552,1.6071723766354884,0.306128071740093,0.6632774887702018,0.28061739909508543,1.6581937219255047,0.9694055605102944,2.0663644842456277,0.3826600896751165,1.5051296860554595,1.6581937219255047,0.7398095067052253,1.862279103085567,0.6122561434801864,2.806173990950854,2.780663318305847,0.12755336322503882,0.9438948878652875
51153901222,0.8673628699302641,1.377576322830419,1.8112577577955518,1.683704394570511,0.35714941703010855,0.6887881614152099,0.3061280717400931,1.683704394570511,0.8928735425752717,2.040853811600621,0.43368143496513195,1.4285976681204333,1.7347257398605274,0.7142988340602175,1.9388111210205905,0.5102134529001553,3.0357700447559255,2.780663318305847,0.1530640358700466,0.8418521972852564
51153901223,1.0204269058003106,1.3520656501854118,1.8112577577955509,1.5816617039904821,0.3571494170301088,0.6632774887702018,0.3061280717400931,1.6071723766354922,0.8163415246402492,2.0408538116006194,0.43368143496513206,1.3010443048953946,1.6326830492804976,0.765320179350233,1.9388111210205887,0.535724125545163,2.8316846635958606,2.755152645660838,0.1530640358700465,0.8418521972852562
51153901224,0.969405560510295,1.428597668120435,1.8112577577955509,1.5561510313454723,0.40817076232012417,0.5867454708351784,0.3316387443851009,1.5816617039904821,0.8418521972852592,1.862279103085566,0.45919210761013984,1.3775763228304172,1.530640358700466,0.765320179350233,1.9388111210205887,0.45919210761013973,2.5510672645007766,2.6786206277258144,0.1530640358700465,0.5867454708351786
51153901225,0.8673628699302639,1.2755336322503883,1.7602364125055363,1.5561510313454723,0.3316387443851009,0.6122561434801864,0.28061739909508543,1.5816617039904821,0.7908308519952428,2.0918751568906373,0.3571494170301088,1.352065650185411,1.4541083407654425,0.765320179350233,1.8877897757305762,0.4847027802551474,2.9082166815308867,2.6275992824358,0.12755336322503882,0.7908308519952406
51153901226,1.0459375784453182,1.2755336322503883,1.7602364125055354,1.6326830492804985,0.25510672645007765,0.6632774887702018,0.25510672645007765,1.6326830492804985,0.9183842152202781,2.0918751568906355,0.3061280717400931,1.403086995475427,1.5051296860554577,0.8163415246402483,1.9133004483755824,0.5612347981901706,2.8316846635958606,2.755152645660838,0.12755336322503882,0.969405560510295
51153901227,1.6581937219255052,1.25002295960538,1.7347257398605282,1.5816617039904821,0.28061739909508554,0.6377668161251941,0.2806173990950853,1.7347257398605274,1.071448251090327,2.16840717482566,0.3826600896751165,1.5561510313454723,1.5051296860554577,0.8673628699302641,1.8877897757305742,0.7398095067052253,2.933727354175893,2.806173990950855,0.1530640358700466,1.071448251090326
51153901228,1.3520656501854114,1.3265549775404035,1.7602364125055354,1.5816617039904821,0.3316387443851009,0.6377668161251941,0.3061280717400932,1.6837043945705146,1.0459375784453206,2.040853811600621,0.43368143496513206,1.556151031345474,1.5051296860554577,0.8673628699302641,1.9133004483755824,0.6122561434801864,3.035770044755922,2.7296419730158306,0.1785747085150544,1.1224695963803417
51153901229,1.0204269058003106,1.3010443048953964,1.7602364125055363,1.6326830492804985,0.3061280717400932,0.6377668161251941,0.25510672645007776,1.6581937219255047,0.9438948878652881,2.1939178474706664,0.3571494170301088,1.530640358700466,1.4796190134104505,0.841852197285256,1.8877897757305742,0.5867454708351786,2.7041313003708254,2.7296419730158306,0.1530640358700466,0.8418521972852564
51153901230,1.1479802690253493,1.3265549775404035,1.7857470851505426,1.5816617039904821,0.306128071740093,0.6632774887702018,0.3061280717400932,1.6326830492804985,0.9694055605102979,2.142896502180652,0.4081707623201244,1.5051296860554595,1.556151031345474,0.841852197285256,1.9133004483755824,0.6632774887702018,2.9082166815308867,2.755152645660838,0.1530640358700466,0.9183842152202797
51153901231,0.7908308519952406,1.3775763228304199,1.7602364125055354,1.530640358700466,0.3826600896751165,0.6122561434801864,0.3316387443851009,1.5816617039904786,0.8418521972852555,2.040853811600621,0.40817076232012417,1.3265549775404044,1.530640358700466,0.765320179350233,1.9133004483755824,0.43368143496513206,2.755152645660838,2.5765779371457844,0.1530640358700466,0.7908308519952408
51153901232,0.765320179350233,1.2755336322503883,1.7602364125055354,1.6837043945705146,0.3316387443851009,0.612256143480186,0.25510672645007765,1.6837043945705146,0.8928735425752717,2.015343138955613,0.3316387443851009,1.4541083407654434,1.530640358700466,0.7142988340602175,1.8877897757305762,0.45919210761013973,2.933727354175893,2.6786206277258153,0.12755336322503882,0.9438948878652871
51153901233,0.9183842152202795,1.5051296860554577,1.8112577577955518,1.6071723766354884,0.4336814349651323,0.6632774887702018,0.3826600896751165,1.5561510313454723,0.9183842152202817,2.0918751568906337,0.5612347981901706,1.352065650185411,1.6326830492804967,0.8673628699302641,2.015343138955613,0.5612347981901706,2.831684663595864,2.7296419730158297,0.20408538116006208,0.7653201793502332
51153901234,0.7398095067052253,1.5816617039904812,1.9388111210205905,1.5816617039904821,0.4081707623201244,0.6632774887702018,0.3826600896751165,1.5051296860554595,0.739809506705223,1.9898324663106048,0.4847027802551476,1.2755336322503883,1.6326830492804967,0.8673628699302641,2.015343138955613,0.43368143496513206,2.8827060088858802,2.780663318305847,0.1785747085150544,0.9949162331553026
51153901235,0.5102134529001553,1.3520656501854118,1.7857470851505435,1.6581937219255047,0.3571494170301088,0.6377668161251941,0.22959605380506987,1.530640358700466,0.6887881614152104,2.0153431389556147,0.2806173990950853,1.1990016143153657,1.556151031345474,0.6887881614152099,1.9133004483755824,0.3571494170301088,2.6531099550808053,2.653109955080808,0.10204269058003104,0.3826600896751164
51153901236,0.7142988340602173,1.3520656501854118,1.836768430440558,1.7347257398605274,0.3316387443851011,0.6632774887702018,0.28061739909508554,1.5561510313454723,0.765320179350233,2.0663644842456312,0.331638744385101,1.3265549775404044,1.5561510313454732,0.7398095067052253,1.9388111210205905,0.43368143496513206,2.627599282435799,2.7041313003708236,0.12755336322503882,0.4847027802551476
51153901237,0.8418521972852564,1.2500229596053811,1.7347257398605274,1.709215067215521,0.2806173990950853,0.6632774887702018,0.22959605380506987,1.6581937219255047,0.9183842152202781,2.040853811600621,0.28061739909508543,1.403086995475427,1.6326830492804967,0.6887881614152095,1.862279103085567,0.5357241255451632,2.8827060088858802,2.7806633183058462,0.10204269058003104,0.7142988340602173
51153901303,0.765320179350233,1.3265549775404035,1.8112577577955509,1.7092150672155173,0.3316387443851011,0.6632774887702018,0.25510672645007754,1.6326830492804985,0.8418521972852555,2.0663644842456277,0.3826600896751165,1.3265549775404044,1.6326830492804976,0.7398095067052253,1.9133004483755824,0.4847027802551476,3.0357700447559255,2.7041313003708236,0.12755336322503882,0.6632774887702018
51153901304,0.994916233155303,1.5051296860554586,1.8112577577955509,1.6326830492804985,0.4591921076101395,0.6632774887702018,0.35714941703010855,1.683704394570511,0.9438948878652844,2.040853811600623,0.5102134529001553,1.4285976681204333,1.7347257398605282,0.765320179350233,1.9898324663106068,0.5102134529001553,2.933727354175893,2.7806633183058462,0.2040853811600622,1.1479802690253493
51153901305,0.6887881614152095,1.530640358700466,1.862279103085567,1.6326830492804947,0.45919210761013973,0.6632774887702018,0.3571494170301088,1.6326830492804985,0.8418521972852555,2.040853811600621,0.45919210761013973,1.403086995475427,1.7347257398605282,0.7908308519952406,2.040853811600621,0.40817076232012417,2.9847486994659094,2.806173990950854,0.1530640358700466,0.8928735425752717
51153901306,0.6887881614152099,1.5816617039904812,1.8877897757305742,1.5561510313454758,0.4847027802551476,0.6632774887702018,0.3826600896751165,1.530640358700466,0.7908308519952428,2.0153431389556147,0.5102134529001553,1.352065650185411,1.6326830492804967,0.8418521972852564,1.9643217936655986,0.40817076232012417,2.806173990950854,2.755152645660839,0.17857470851505428,0.7398095067052253
51153901403,1.1734909416703572,1.1479802690253493,1.6837043945705128,1.5816617039904821,0.22959605380506998,0.6122561434801864,0.22959605380506998,1.8112577577955498,1.1479802690253493,2.14289650218065,0.3061280717400932,1.6071723766354902,1.5816617039904812,0.7142988340602171,1.8112577577955518,0.6887881614152095,3.0102593721109154,2.806173990950854,0.12755336322503882,1.0459375784453182
51153901407,1.6071723766354893,1.1479802690253498,1.70921506721552,1.8112577577955535,0.22959605380506987,0.6377668161251941,0.22959605380506998,1.8367684304405563,1.1734909416703594,2.193917847470668,0.3316387443851009,1.6071723766354884,1.6326830492804967,0.765320179350233,1.836768430440558,0.765320179350233,3.1123020626909446,2.8571953362408693,0.12755336322503882,1.3010443048953964
51153901409,0.7142988340602171,1.1224695963803417,1.6071723766354893,1.8877897757305762,0.25510672645007776,0.6377668161251941,0.17857470851505428,1.7602364125055336,0.9438948878652881,2.2449391927606825,0.22959605380506987,1.4541083407654434,1.6581937219255047,0.5867454708351784,1.8112577577955518,0.45919210761013973,3.061280717400932,2.7296419730158314,0.0765320179350233,0.6887881614152095
51153901411,0.5867454708351786,1.428597668120435,1.8367684304405598,1.6326830492804947,0.40817076232012417,0.612256143480186,0.3316387443851011,1.530640358700466,0.7908308519952428,2.0663644842456312,0.4081707623201244,1.3010443048953981,1.5816617039904812,0.7908308519952406,1.9898324663106048,0.3826600896751165,2.6275992824358028,2.653109955080807,0.1530640358700465,0.5357241255451632
51153901412,0.6377668161251941,1.224512286960372,1.709215067215521,1.9643217936655986,0.28061739909508554,0.5867454708351788,0.2040853811600622,1.709215067215521,0.8418521972852555,2.142896502180652,0.2806173990950853,1.3010443048953946,1.530640358700466,0.6632774887702018,1.9133004483755824,0.4081707623201244,2.755152645660838,2.5765779371457844,0.1020426905800311,0.6377668161251941
51153901413,0.7142988340602173,1.2500229596053811,1.70921506721552,1.9388111210205887,0.2806173990950853,0.6377668161251941,0.20408538116006208,1.7602364125055372,0.9694055605102944,2.2449391927606825,0.3316387443851009,1.352065650185411,1.6326830492804967,0.6377668161251939,1.8622791030855679,0.45919210761013973,2.8827060088858767,2.6275992824358,0.10204269058003104,0.7908308519952406
51153901414,0.7142988340602173,1.4285976681204342,1.8367684304405598,1.4541083407654434,0.43368143496513184,0.5867454708351788,0.3316387443851009,1.4541083407654434,0.7142988340602167,2.015343138955613,0.43368143496513206,1.250022959605382,1.530640358700466,0.765320179350233,1.9898324663106068,0.40817076232012417,2.6786206277258153,2.627599282435799,0.1530640358700466,0.6377668161251941
51153901415,0.6887881614152097,1.2245122869603728,1.6581937219255047,2.040853811600621,0.3061280717400932,0.6377668161251941,0.22959605380506987,1.709215067215521,0.9183842152202817,2.2449391927606843,0.3316387443851009,1.3010443048953981,1.6326830492804967,0.6122561434801864,1.9133004483755833,0.45919210761013995,3.137812735335954,2.6275992824358,0.10204269058003104,0.6377668161251941
51153901416,0.6632774887702018,1.3265549775404044,1.7857470851505435,1.8367684304405598,0.3061280717400932,0.6632774887702018,0.25510672645007776,1.6326830492804985,0.9183842152202781,2.2959605380506987,0.35714941703010866,1.5051296860554595,1.70921506721552,0.7142988340602175,1.9643217936655968,0.535724125545163,2.9082166815308867,2.7806633183058462,0.12755336322503882,0.9438948878652871
51153901417,0.7142988340602173,1.4796190134104497,1.8622791030855679,1.6326830492804985,0.40817076232012417,0.6377668161251941,0.3316387443851009,1.5816617039904821,0.7908308519952428,2.015343138955611,0.45919210761013973,1.3775763228304208,1.70921506721552,0.765320179350233,1.9898324663106048,0.43368143496513206,2.831684663595864,2.7806633183058462,0.1530640358700466,0.9438948878652873
51153901418,1.7602364125055359,1.096958923735334,1.6837043945705128,1.7602364125055372,0.22959605380506987,0.6887881614152099,0.22959605380506998,1.862279103085566,1.3265549775404044,2.117385829535644,0.3826600896751165,1.5561510313454723,1.6581937219255047,0.7142988340602171,1.8112577577955509,0.9183842152202795,3.0357700447559255,2.806173990950854,0.12755336322503882,1.1990016143153652
51153901419,2.142896502180652,1.1990016143153657,1.7857470851505435,1.709215067215521,0.1785747085150544,0.6887881614152095,0.28061739909508554,1.8877897757305724,1.5561510313454758,2.2449391927606843,0.4081707623201244,1.6581937219255047,1.6326830492804967,0.8928735425752717,1.7857470851505426,1.1734909416703572,3.418430134431042,2.908216681530885,0.1530640358700465,1.5816617039904812
51153901420,0.6887881614152097,1.2755336322503883,1.70921506721552,1.9133004483755824,0.28061739909508554,0.6122561434801864,0.22959605380506998,1.7092150672155173,0.8928735425752717,2.1684071748256617,0.3061280717400931,1.403086995475427,1.6071723766354893,0.663277488770202,1.9388111210205896,0.45919210761013973,2.9592380268208993,2.653109955080807,0.1020426905800311,0.6632774887702018
51153901421,0.6377668161251941,1.224512286960372,1.709215067215521,1.8112577577955535,0.28061739909508554,0.6377668161251941,0.20408538116006208,1.6581937219255047,0.8418521972852555,2.0918751568906373,0.2806173990950853,1.403086995475427,1.5816617039904812,0.6887881614152097,1.9133004483755824,0.43368143496513206,2.9082166815308867,2.602088609790791,0.12755336322503877,0.8163415246402483
51153901503,0.5357241255451632,1.5051296860554586,1.8112577577955509,1.530640358700466,0.4847027802551476,0.6122561434801864,0.35714941703010855,1.5051296860554595,0.7142988340602167,2.0153431389556147,0.3571494170301088,1.3010443048953981,1.6326830492804976,0.7398095067052253,1.9898324663106048,0.3061280717400932,2.9592380268208993,2.602088609790792,0.12755336322503882,0.6887881614152095
51153901504,0.6122561434801862,2.2449391927606843,2.3724925559857213,1.0204269058003106,0.9694055605102944,0.6377668161251941,0.8928735425752717,0.8928735425752717,0.35714941703011016,1.5816617039904821,1.0204269058003106,1.3265549775404044,1.4285976681204346,1.2755336322503883,2.2194285201156743,0.331638744385101,2.6020886097907927,2.525556591855769,0.4847027802551476,0.663277488770202
51153901505,0.6632774887702018,1.403086995475427,1.8112577577955518,1.709215067215521,0.3826600896751165,0.6377668161251941,0.2806173990950853,1.5816617039904821,0.8418521972852555,2.0663644842456312,0.3571494170301088,1.352065650185411,1.556151031345474,0.7398095067052248,1.9643217936655968,0.4081707623201243,2.8827060088858802,2.6020886097907927,0.1530640358700466,0.6122561434801864
51153901506,0.9183842152202797,1.1734909416703572,1.6581937219255047,1.9388111210205923,0.25510672645007765,0.6377668161251941,0.20408538116006208,1.8112577577955498,1.0204269058003106,2.193917847470668,0.3061280717400932,1.4541083407654434,1.5816617039904812,0.663277488770202,1.887789775730575,0.5612347981901709,3.061280717400932,2.6020886097907927,0.1020426905800311,0.9694055605102952
51153901507,0.841852197285256,1.2500229596053811,1.709215067215521,1.8112577577955535,0.2806173990950853,0.6377668161251941,0.20408538116006208,1.734725739860531,0.9694055605102979,2.14289650218065,0.3061280717400932,1.4541083407654434,1.6581937219255047,0.6377668161251944,1.862279103085567,0.4847027802551476,3.0102593721109154,2.6786206277258144,0.10204269058003104,0.6887881614152095
51153901508,0.9183842152202797,1.2755336322503883,1.7602364125055354,1.7602364125055372,0.28061739909508554,0.6377668161251941,0.28061739909508543,1.734725739860531,0.9694055605102979,2.2194285201156743,0.3571494170301088,1.428597668120437,1.5816617039904812,0.7908308519952411,1.887789775730575,0.5612347981901709,3.061280717400932,2.653109955080807,0.12755336322503882,1.1734909416703572
51153901509,0.5612347981901709,1.428597668120435,1.8112577577955518,1.7092150672155173,0.4336814349651323,0.6377668161251941,0.3061280717400932,1.6071723766354884,0.7398095067052266,1.9643217936655986,0.3316387443851009,1.352065650185411,1.6071723766354893,0.6887881614152095,1.9643217936655986,0.3571494170301088,2.755152645660838,2.6786206277258153,0.12755336322503882,0.5612347981901709
51153901510,0.6122561434801862,1.3265549775404044,1.7347257398605282,1.7347257398605274,0.3316387443851009,0.6122561434801864,0.25510672645007765,1.6071723766354884,0.7908308519952428,2.117385829535644,0.331638744385101,1.250022959605382,1.5816617039904812,0.663277488770202,1.9388111210205905,0.4081707623201243,2.9847486994659094,2.6020886097907927,0.12755336322503877,0.6377668161251941
51153901511,0.637766816125194,1.7347257398605274,1.9643217936655986,1.2755336322503883,0.7142988340602175,0.5867454708351788,0.5612347981901709,1.1990016143153657,0.48470278025514535,1.6581937219255047,0.6632774887702018,1.0969589237353332,1.454108340765443,0.9438948878652871,2.0918751568906355,0.3061280717400931,2.5255565918557665,2.5000459192107614,0.28061739909508543,0.6122561434801862
51153901601,2.2449391927606834,1.3520656501854118,1.836768430440558,1.5051296860554595,0.3316387443851011,0.6377668161251941,0.43368143496513184,1.8112577577955535,1.3265549775404044,2.2194285201156765,0.5867454708351788,1.709215067215519,1.6071723766354893,1.0204269058003106,1.9133004483755824,0.9694055605102948,3.520472825011071,2.85719533624087,0.22959605380506998,1.326554977540404
51153901602,1.5561510313454732,1.2245122869603728,1.70921506721552,1.683704394570511,0.25510672645007765,0.6377668161251941,0.28061739909508554,1.7857470851505435,1.122469596380343,2.2449391927606843,0.35714941703010866,1.4796190134104532,1.5816617039904812,0.7398095067052253,1.8367684304405598,0.7142988340602171,2.8316846635958606,2.806173990950855,0.1530640358700465,1.1734909416703572
51153901702,2.142896502180652,1.25002295960538,1.7347257398605282,1.7857470851505435,0.22959605380506998,0.6377668161251941,0.3316387443851009,1.9643217936655986,1.2755336322503883,2.2704498654056926,0.3826600896751165,1.6837043945705128,1.6326830492804976,0.8673628699302641,1.8877897757305742,0.8163415246402483,3.392919461786034,2.85719533624087,0.1530640358700466,1.556151031345474
51153901703,1.6581937219255043,1.2755336322503883,1.7347257398605291,1.6071723766354922,0.3061280717400932,0.6122561434801864,0.3061280717400932,1.7602364125055336,1.0459375784453206,2.16840717482566,0.3826600896751165,1.556151031345474,1.556151031345474,0.8163415246402483,1.9133004483755824,0.663277488770202,2.984748699465906,2.780663318305847,0.1530640358700466,1.1479802690253493
51153901704,2.321471210695706,1.1479802690253493,1.6837043945705128,1.6581937219255047,0.22959605380506987,0.6377668161251941,0.2806173990950853,1.9388111210205887,1.3775763228304172,2.2959605380506987,0.3826600896751165,1.683704394570511,1.530640358700466,0.8163415246402483,1.8367684304405598,0.9438948878652875,2.9082166815308867,2.806173990950853,0.1530640358700466,1.6071723766354888
51153901900,1.7602364125055359,1.2245122869603728,1.709215067215519,1.683704394570511,0.25510672645007765,0.6632774887702018,0.28061739909508543,1.8367684304405598,1.2245122869603755,2.193917847470668,0.3826600896751165,1.5561510313454723,1.6071723766354893,0.8673628699302637,1.887789775730575,0.7908308519952411,3.3163874438510095,2.7296419730158306,0.12755336322503882,1.47961901341045
51157950100,0.7142988340602175,1.9643217936655977,2.3469818833407152,1.4541083407654434,0.5612347981901706,0.6887881614152095,0.45919210761013973,1.683704394570511,0.7398095067052266,2.3214712106957087,0.535724125545163,1.7347257398605274,1.9388111210205905,0.994916233155303,2.474535246565754,0.4081707623201244,3.7500688788161387,4.33681434965132,0.1785747085150544,1.1990016143153648
51157950200,0.6887881614152099,2.0663644842456295,2.423513901275738,1.403086995475427,0.5612347981901711,0.6887881614152095,0.535724125545163,1.6326830492804985,0.7142988340602167,2.3469818833407117,0.663277488770202,1.6581937219255047,1.9643217936655977,1.1224695963803417,2.5255565918557683,0.45919210761013973,3.7755795514611483,4.387835694941335,0.22959605380506998,1.1734909416703572
51177020104,0.6887881614152097,1.5816617039904812,2.015343138955613,1.6071723766354884,0.4081707623201244,0.6632774887702018,0.3061280717400932,1.7602364125055372,0.8418521972852555,2.2704498654056926,0.3826600896751165,1.6071723766354884,1.7602364125055363,0.8163415246402488,2.1173858295356456,0.40817076232012417,2.984748699465906,3.54598349765608,0.12755336322503882,1.0459375784453182
51177020105,0.6377668161251941,1.7602364125055354,2.142896502180652,1.6837043945705146,0.45919210761013995,0.6887881614152099,0.3826600896751165,1.6837043945705146,0.765320179350233,2.16840717482566,0.4847027802551476,1.4796190134104497,1.8112577577955518,0.8928735425752717,2.193917847470668,0.43368143496513206,3.137812735335954,3.6480261882361096,0.1530640358700466,0.9694055605102948
51177020106,1.0204269058003106,1.7602364125055354,2.142896502180654,1.403086995475427,0.535724125545163,0.6887881614152099,0.5357241255451632,1.6071723766354884,0.8673628699302655,2.0918751568906373,0.739809506705225,1.6581937219255047,1.7602364125055363,1.0459375784453182,2.2194285201156743,0.535724125545163,2.8316846635958606,3.571494170301087,0.25510672645007765,0.7398095067052253
51177020107,0.8418521972852564,1.530640358700466,2.0408538116006203,1.7602364125055336,0.35714941703010855,0.6632774887702018,0.3316387443851011,1.7857470851505435,0.9438948878652881,2.3724925559857213,0.4847027802551475,1.6326830492804985,1.70921506721552,0.8673628699302637,2.0918751568906355,0.5357241255451632,3.1888340806259707,3.6480261882361096,0.1785747085150544,0.994916233155303
51177020108,1.301044304895396,1.683704394570512,2.142896502180652,1.3010443048953946,0.4336814349651323,0.6887881614152095,0.4847027802551476,1.7602364125055372,1.071448251090327,2.398003228630728,0.739809506705225,1.8112577577955498,1.8112577577955518,1.0714482510903265,2.117385829535644,0.765320179350233,3.418430134431042,3.8010902241061566,0.2806173990950853,1.301044304895396
51177020109,1.1224695963803417,1.6837043945705128,2.0918751568906373,1.2755336322503883,0.5612347981901711,0.6632774887702018,0.5612347981901709,1.6326830492804985,0.8418521972852555,2.0918751568906373,0.6632774887702018,1.6071723766354884,1.6581937219255047,1.0204269058003106,2.1939178474706664,0.5102134529001553,2.9847486994659094,3.571494170301086,0.3061280717400932,1.2500229596053807
51177020110,1.1479802690253493,1.530640358700466,2.015343138955614,1.4796190134104497,0.35714941703010855,0.7142988340602171,0.3316387443851009,1.8877897757305762,1.122469596380343,2.5000459192107622,0.5102134529001553,1.8877897757305742,1.8112577577955518,0.8928735425752717,2.0918751568906373,0.6377668161251939,3.520472825011071,3.724558206171134,0.17857470851505428,1.454108340765443
51177020111,1.1224695963803417,1.530640358700466,1.9898324663106048,1.6326830492804947,0.3316387443851009,0.7142988340602175,0.3316387443851009,1.9388111210205923,1.122469596380343,2.50004591921076,0.5102134529001553,1.709215067215521,1.862279103085566,0.841852197285256,2.0663644842456295,0.6887881614152097,3.239855425915987,3.7755795514611483,0.1785747085150544,1.1224695963803417
51177020112,1.0969589237353337,1.6071723766354893,2.0918751568906364,1.6071723766354884,0.3571494170301088,0.6887881614152099,0.3826600896751165,1.862279103085566,1.071448251090327,2.372492555985723,0.535724125545163,1.6326830492804947,1.8112577577955509,0.9183842152202799,2.1173858295356447,0.6122561434801862,3.1888340806259707,3.7755795514611483,0.20408538116006208,1.1479802690253493
51177020113,0.8163415246402483,1.6071723766354893,2.0663644842456277,1.530640358700466,0.40817076232012417,0.6887881614152095,0.3826600896751165,1.7347257398605274,0.8928735425752717,2.2959605380506987,0.4847027802551476,1.7347257398605291,1.8112577577955518,0.8928735425752717,2.142896502180652,0.5102134529001553,3.1888340806259707,3.6225155155911035,0.1785747085150544,1.096958923735334
51177020114,0.994916233155303,1.4796190134104505,1.989832466310606,1.6071723766354884,0.3316387443851009,0.7142988340602175,0.3316387443851011,1.8112577577955535,1.071448251090327,2.372492555985723,0.45919210761013973,1.6071723766354922,1.8112577577955518,0.8163415246402483,2.015343138955614,0.6122561434801864,2.9592380268208993,3.673536860881118,0.1530640358700466,0.9694055605102952
51177020201,1.0969589237353339,1.428597668120435,1.9388111210205896,1.6071723766354884,0.3316387443851009,0.6887881614152095,0.3061280717400932,1.9133004483755824,1.071448251090327,2.474535246565754,0.45919210761013973,1.7602364125055354,1.8112577577955518,0.8163415246402483,1.9898324663106048,0.6632774887702018,3.0867913900459416,3.6990475335261257,0.1530640358700466,1.2755336322503883
51177020202,1.096958923735334,1.530640358700466,1.9898324663106048,1.4796190134104497,0.3826600896751167,0.6887881614152099,0.3826600896751165,1.8367684304405563,1.0459375784453169,2.3469818833407152,0.5867454708351786,1.7602364125055336,1.7347257398605282,0.8928735425752717,2.0663644842456295,0.6377668161251941,3.112302062690948,3.5970048429460952,0.2040853811600622,1.1734909416703572
51177020203,0.8673628699302639,1.403086995475427,1.9388111210205905,1.6326830492804985,0.3316387443851011,0.6632774887702018,0.28061739909508554,1.862279103085566,0.9183842152202817,2.3980032286307296,0.4081707623201244,1.7092150672155173,1.6837043945705128,0.7908308519952411,2.015343138955614,0.5612347981901709,3.137812735335958,3.6480261882361096,0.12755336322503882,1.0459375784453184
51177020204,1.0204269058003104,1.6071723766354893,2.0153431389556147,1.4541083407654434,0.43368143496513206,0.6887881614152095,0.4081707623201244,1.7347257398605274,0.9694055605102944,2.2704498654056926,0.5867454708351786,1.7602364125055336,1.7347257398605282,0.8928735425752717,2.117385829535644,0.535724125545163,3.112302062690948,3.6225155155911017,0.2040853811600622,1.1479802690253493
51177020206,0.8673628699302641,1.4796190134104497,1.9643217936655968,1.5561510313454758,0.3571494170301088,0.7142988340602175,0.3061280717400932,1.8112577577955498,1.0204269058003106,2.2704498654056926,0.43368143496513206,1.5816617039904821,1.862279103085567,0.765320179350233,2.0918751568906364,0.5612347981901709,3.1633234079809607,3.5970048429460952,0.1530640358700466,1.0204269058003106
51177020207,1.1479802690253493,1.403086995475427,1.9898324663106048,1.7857470851505435,0.25510672645007765,0.7398095067052253,0.2806173990950853,1.9388111210205887,1.224512286960372,2.474535246565754,0.43368143496513206,1.862279103085566,1.836768430440559,0.765320179350233,2.015343138955613,0.7398095067052253,3.265366098560997,3.6990475335261257,0.1530640358700466,1.377576322830419
51177020304,0.8673628699302641,1.5816617039904812,2.015343138955613,1.4285976681204333,0.45919210761013973,0.6377668161251941,0.3826600896751165,1.709215067215521,0.8928735425752717,2.142896502180654,0.5102134529001553,1.6326830492804947,1.7347257398605274,0.8673628699302641,2.0918751568906373,0.45919210761013973,3.010259372110919,3.6225155155911035,0.1785747085150544,1.1990016143153652
51177020305,1.0714482510903263,1.377576322830419,1.9388111210205905,1.5561510313454758,0.3061280717400932,0.7142988340602175,0.3061280717400931,1.9388111210205887,1.224512286960372,2.321471210695705,0.4847027802551474,1.7602364125055372,1.8112577577955509,0.765320179350233,1.9388111210205896,0.6887881614152097,2.933727354175893,3.7500688788161423,0.1530640358700466,1.3010443048953964
51177020307,1.2500229596053807,1.4796190134104497,1.9898324663106068,1.530640358700466,0.3316387443851011,0.6887881614152099,0.3571494170301088,1.8877897757305762,1.071448251090327,2.3724925559857213,0.4847027802551474,1.7347257398605274,1.70921506721552,0.8928735425752717,2.0663644842456286,0.7142988340602175,2.9847486994659094,3.724558206171134,0.1785747085150544,0.7142988340602171
51177020308,0.8673628699302641,1.5561510313454732,2.040853811600621,1.6326830492804947,0.35714941703010855,0.6887881614152099,0.3316387443851009,1.8112577577955498,0.9183842152202781,2.449024573920744,0.43368143496513206,1.836768430440558,1.8112577577955518,0.8418521972852564,2.0663644842456295,0.5612347981901711,3.1633234079809607,3.6990475335261257,0.1530640358700466,1.7347257398605282
51177020309,0.8418521972852562,1.4541083407654425,1.9388111210205896,1.530640358700466,0.3571494170301088,0.7142988340602175,0.3061280717400932,1.8112577577955498,0.9694055605102944,2.2959605380506987,0.4081707623201244,1.6581937219255047,1.7857470851505435,0.7908308519952406,2.0663644842456286,0.5102134529001551,3.137812735335954,3.6480261882361096,0.1530640358700466,1.0204269058003106
51177020311,0.994916233155303,1.709215067215521,2.0918751568906355,1.403086995475427,0.3826600896751165,0.7142988340602175,0.4336814349651323,1.7602364125055372,1.0204269058003106,2.52555659185577,0.6122561434801864,1.8877897757305742,1.862279103085567,1.0459375784453186,2.142896502180652,0.6887881614152099,3.545983497656081,3.77557955146115,0.2040853811600623,1.6581937219255047
51177020312,0.8163415246402483,1.6326830492804976,2.117385829535644,1.3775763228304172,0.4336814349651323,0.6632774887702018,0.40817076232012417,1.5816617039904821,0.765320179350233,2.0918751568906373,0.5102134529001553,1.6326830492804985,1.5816617039904821,0.994916233155303,2.142896502180654,0.5102134529001553,2.780663318305848,3.571494170301086,0.2040853811600622,0.994916233155303
51177020313,1.2245122869603724,1.1734909416703576,1.862279103085567,1.4796190134104514,0.1785747085150544,0.7908308519952406,0.22959605380506976,1.9643217936655986,1.4796190134104497,2.4490245739207457,0.3826600896751165,1.9388111210205887,1.9388111210205905,0.7142988340602171,1.7602364125055354,1.071448251090326,3.239855425915987,3.724558206171134,0.1530640358700466,1.8112577577955509
51177020314,1.096958923735334,1.403086995475427,1.9133004483755824,1.6581937219255047,0.28061739909508554,0.6887881614152095,0.28061739909508554,1.8877897757305762,1.0204269058003106,2.474535246565752,0.3826600896751165,1.6581937219255047,1.7347257398605274,0.7908308519952411,2.015343138955613,0.6887881614152099,3.086791390045938,3.6225155155911017,0.1530640358700466,0.9694055605102952
51177020315,0.8418521972852562,1.6071723766354893,2.0153431389556147,1.4285976681204333,0.43368143496513206,0.6377668161251941,0.40817076232012417,1.709215067215521,0.8418521972852555,2.0663644842456277,0.5102134529001553,1.4796190134104497,1.7347257398605282,0.8673628699302641,2.142896502180652,0.43368143496513206,2.6531099550808053,3.6225155155911035,0.1785747085150544,0.5612347981901709
51177020316,0.6632774887702018,1.5051296860554577,1.9643217936655986,1.6071723766354884,0.35714941703010855,0.6632774887702018,0.28061739909508554,1.7602364125055372,0.8163415246402492,2.1939178474706664,0.35714941703010855,1.6326830492804985,1.7347257398605282,0.765320179350233,2.0663644842456286,0.43368143496513206,3.0357700447559255,3.6480261882361105,0.12755336322503882,0.8673628699302639
51177020403,0.8673628699302639,1.6581937219255047,2.040853811600621,1.530640358700466,0.40817076232012417,0.6887881614152095,0.3571494170301088,1.8112577577955535,0.9694055605102944,2.321471210695705,0.5102134529001555,1.7857470851505435,1.887789775730575,0.8418521972852564,2.142896502180652,0.5102134529001553,3.1633234079809642,3.8010902241061584,0.1530640358700466,1.3520656501854118
51177020404,0.7398095067052253,1.709215067215519,2.1173858295356456,1.4541083407654434,0.4591921076101395,0.6632774887702018,0.4081707623201244,1.709215067215521,0.8418521972852592,2.2704498654056926,0.5102134529001555,1.7857470851505453,1.8112577577955518,0.8928735425752717,2.2194285201156743,0.5102134529001553,3.2398554259159833,3.6990475335261257,0.17857470851505428,1.6581937219255047
51177020405,0.7908308519952408,1.7857470851505435,2.1939178474706664,1.3775763228304172,0.535724125545163,0.6632774887702022,0.45919210761013995,1.6581937219255047,0.8418521972852592,2.321471210695707,0.6122561434801862,1.8112577577955498,1.8112577577955518,1.0459375784453182,2.2194285201156765,0.5102134529001553,3.2653660985609934,3.77557955146115,0.22959605380506987,1.1224695963803417
51177020406,1.2500229596053807,1.70921506721552,2.0918751568906373,1.5816617039904821,0.43368143496513184,0.7142988340602175,0.5102134529001551,1.8877897757305724,1.1479802690253493,2.50004591921076,0.7653201793502328,1.7857470851505435,1.8877897757305742,1.0204269058003106,2.1173858295356456,0.6887881614152095,3.3418981164960155,3.6990475335261257,0.22959605380506987,1.556151031345474
51177020407,0.765320179350233,1.7857470851505435,2.16840717482566,1.428597668120437,0.5102134529001553,0.6632774887702022,0.45919210761013973,1.6326830492804947,0.8163415246402492,2.1939178474706664,0.6122561434801864,1.5561510313454758,1.7347257398605282,0.9438948878652871,2.2194285201156743,0.45919210761013995,3.214344753270977,3.6225155155911026,0.20408538116006208,0.8163415246402486
51177020408,0.9183842152202797,1.4796190134104497,1.9388111210205896,1.683704394570511,0.3571494170301088,0.7142988340602175,0.3061280717400932,1.9388111210205923,1.071448251090327,2.2194285201156743,0.43368143496513206,1.505129686055456,1.9133004483755824,0.765320179350233,2.0408538116006203,0.5612347981901709,3.214344753270977,3.6990475335261257,0.1530640358700466,0.8163415246402486
51179010103,0.7908308519952408,1.5816617039904821,2.040853811600621,1.7347257398605274,0.35714941703010855,0.7398095067052248,0.28061739909508543,2.015343138955611,0.9694055605102944,2.270449865405691,0.331638744385101,1.4796190134104532,1.9388111210205896,0.7908308519952406,2.16840717482566,0.5612347981901709,3.1888340806259707,3.8521115693961727,0.12755336322503882,0.6632774887702018
51179010105,0.8418521972852562,1.6837043945705128,2.1939178474706673,1.8367684304405598,0.3571494170301088,0.7398095067052253,0.3061280717400931,1.964321793665595,0.9694055605102979,2.16840717482566,0.3826600896751166,1.4796190134104497,1.9133004483755824,0.841852197285256,2.321471210695706,0.5102134529001553,2.755152645660838,3.979664932621212,0.1530640358700466,0.8163415246402486
51179010106,0.663277488770202,1.6837043945705128,2.117385829535644,1.8112577577955498,0.4336814349651323,0.7142988340602171,0.3061280717400932,1.9388111210205887,0.8673628699302618,2.2194285201156765,0.4081707623201243,1.530640358700466,1.887789775730575,0.8418521972852564,2.3469818833407152,0.40817076232012417,3.035770044755922,3.7500688788161423,0.12755336322503882,0.6122561434801862
51179010107,0.8673628699302641,1.7602364125055363,2.142896502180653,1.7602364125055336,0.4336814349651323,0.7142988340602171,0.3316387443851009,2.015343138955611,0.9694055605102944,2.2959605380506987,0.45919210761013973,1.6326830492804985,1.9898324663106048,0.9183842152202799,2.3469818833407134,0.5102134529001553,3.2143447532709803,3.9286435873311953,0.1530640358700466,0.7908308519952408
51179010108,0.8928735425752715,1.6071723766354884,2.1173858295356456,1.7857470851505435,0.3316387443851009,0.6887881614152099,0.28061739909508543,1.9643217936655986,0.9183842152202781,2.193917847470668,0.3571494170301088,1.5816617039904821,1.8877897757305742,0.8163415246402488,2.2449391927606825,0.5102134529001551,2.9847486994659094,3.87762224204118,0.12755336322503882,0.7398095067052253
51179010201,2.6275992824358,0.765320179350233,2.015343138955614,2.5000459192107614,0.07653201793502327,0.7908308519952411,0.22959605380506987,2.8827060088858767,3.3163874438510095,2.755152645660838,0.765320179350233,1.862279103085566,2.3980032286307296,0.45919210761013973,1.7347257398605278,2.7806633183058462,4.33681434965132,4.183750313781273,0.12755336322503882,3.2653660985609934
51179010202,1.0459375784453184,1.8112577577955509,2.193917847470668,1.8367684304405598,0.45919210761013995,0.765320179350233,0.4081707623201244,2.040853811600621,1.1479802690253493,2.2704498654056926,0.6122561434801864,1.6326830492804947,2.0663644842456286,0.9183842152202795,2.3980032286307296,0.5867454708351786,3.3163874438510095,3.9031329146861884,0.2040853811600622,1.1990016143153652
51179010205,0.9438948878652875,1.683704394570512,2.168407174825661,1.862279103085566,0.3571494170301088,0.7142988340602171,0.331638744385101,2.0918751568906373,1.071448251090327,2.3469818833407152,0.45919210761013995,1.5816617039904821,1.9388111210205905,0.8928735425752717,2.2959605380506987,0.5612347981901709,3.086791390045938,3.87762224204118,0.1530640358700466,0.994916233155303
51179010206,1.1479802690253493,1.6071723766354893,2.1173858295356447,1.7347257398605274,0.3316387443851009,0.7398095067052253,0.3061280717400932,1.9898324663106048,1.0459375784453206,2.3469818833407152,0.43368143496513206,1.6326830492804985,1.9643217936655977,0.9183842152202795,2.2959605380506987,0.6377668161251941,3.3674087891410256,3.979664932621212,0.1530640358700466,0.8673628699302641
51179010210,0.7653201793502332,1.5051296860554582,2.040853811600621,2.0153431389556147,0.28061739909508554,0.7142988340602175,0.20408538116006208,2.0153431389556147,0.9183842152202817,2.295960538050697,0.25510672645007765,1.5816617039904821,1.9133004483755824,0.739809506705225,2.193917847470668,0.535724125545163,2.908216681530883,3.9031329146861884,0.12755336322503888,0.8163415246402488
51179010211,1.0459375784453182,1.5051296860554577,2.040853811600621,1.8877897757305762,0.306128071740093,0.7398095067052253,0.28061739909508543,2.117385829535644,1.1734909416703558,2.3980032286307296,0.4081707623201244,1.683704394570511,1.9388111210205905,0.7908308519952406,2.1939178474706673,0.6377668161251941,3.443940807076048,3.979664932621212,0.1530640358700466,1.1479802690253493
51179010212,1.0204269058003106,1.6326830492804967,2.0663644842456286,1.8112577577955498,0.3316387443851011,0.7398095067052253,0.3061280717400931,2.0153431389556147,1.0204269058003106,2.2959605380506987,0.43368143496513206,1.530640358700466,1.9133004483755824,0.8673628699302641,2.2704498654056917,0.5867454708351788,3.035770044755922,3.9031329146861893,0.1530640358700465,1.1479802690253493
51179010213,0.6377668161251941,1.530640358700466,2.0408538116006203,1.9133004483755824,0.3826600896751165,0.6632774887702018,0.25510672645007765,1.9388111210205923,0.8673628699302618,2.2194285201156765,0.35714941703010866,1.428597668120437,1.836768430440559,0.7653201793502328,2.2959605380506978,0.45919210761013973,2.7041313003708254,3.826600896751165,0.12755336322503882,0.6122561434801862
51179010214,1.0714482510903263,1.5561510313454732,2.117385829535644,1.8112577577955498,0.3316387443851009,0.7398095067052248,0.3061280717400932,2.040853811600621,1.1734909416703594,2.398003228630728,0.43368143496513206,1.6581937219255065,1.9388111210205905,0.8928735425752717,2.2194285201156765,0.6632774887702018,3.3163874438510095,3.9796649326212106,0.1530640358700466,0.969405560510295
51179010215,1.0459375784453182,1.5816617039904812,2.142896502180652,1.7857470851505435,0.28061739909508554,0.8163415246402488,0.3061280717400932,2.015343138955611,1.122469596380343,2.5000459192107622,0.40817076232012417,1.8112577577955518,2.015343138955613,0.9183842152202795,2.219428520115675,0.765320179350233,3.392919461786032,4.10721829584625,0.1530640358700466,1.556151031345474
51179010216,1.530640358700466,1.4541083407654425,2.0408538116006203,1.8112577577955535,0.25510672645007754,0.7142988340602171,0.25510672645007765,2.2194285201156765,1.3520656501854145,2.4490245739207457,0.3826600896751165,1.8112577577955518,1.9388111210205905,0.8673628699302641,2.219428520115675,0.8418521972852564,3.5459834976560773,4.005175605266218,0.12755336322503882,1.7602364125055363
51179010217,0.5867454708351786,1.836768430440559,2.270449865405691,1.683704394570511,0.43368143496513184,0.6632774887702018,0.3316387443851009,1.8112577577955498,0.765320179350233,2.16840717482566,0.43368143496513206,1.3265549775404044,1.862279103085567,0.8673628699302641,2.3980032286307296,0.3826600896751165,2.9592380268208993,3.826600896751165,0.1530640358700466,0.7908308519952406
51179010218,0.9183842152202795,1.403086995475427,2.040853811600621,2.015343138955611,0.25510672645007765,0.6887881614152095,0.25510672645007765,2.16840717482566,1.1479802690253493,2.3980032286307296,0.331638744385101,1.6326830492804985,1.8877897757305742,0.7142988340602175,2.142896502180652,0.6122561434801864,3.0357700447559255,3.9031329146861875,0.10204269058003104,0.9183842152202795
51179010219,0.6887881614152097,1.6581937219255047,2.1173858295356447,1.9133004483755824,0.3571494170301088,0.7142988340602171,0.28061739909508554,1.9133004483755824,0.8928735425752717,2.3214712106957087,0.3571494170301088,1.352065650185411,1.887789775730575,0.8418521972852564,2.321471210695707,0.4847027802551476,2.8316846635958606,3.87762224204118,0.1530640358700466,0.6122561434801864
51179010301,0.8163415246402483,1.836768430440559,2.270449865405691,1.7602364125055372,0.45919210761013973,0.6887881614152099,0.40817076232012417,1.9898324663106048,1.0459375784453206,2.1939178474706664,0.5357241255451632,1.5816617039904821,1.9133004483755824,0.8928735425752717,2.3980032286307313,0.5102134529001553,3.1888340806259707,4.005175605266218,0.1785747085150544,1.0459375784453182
51179010304,0.8418521972852564,1.7347257398605282,2.2194285201156765,1.352065650185411,0.45919210761013973,0.7398095067052253,0.45919210761013995,1.8112577577955498,0.9438948878652844,2.16840717482566,0.5102134529001553,1.6326830492804985,1.9133004483755824,0.9694055605102948,2.270449865405691,0.5867454708351784,3.2143447532709803,3.9286435873311962,0.2040853811600622,0.9438948878652871
51179010305,0.8418521972852564,1.683704394570512,2.16840717482566,1.6581937219255047,0.40817076232012417,0.7398095067052253,0.3571494170301088,1.9388111210205887,0.9949162331553006,2.2959605380507004,0.45919210761013973,1.6326830492804985,1.9388111210205905,0.9183842152202795,2.2959605380506987,0.5357241255451632,3.1888340806259707,3.877622242041181,0.17857470851505428,1.0204269058003106
51179010306,1.1479802690253493,1.4285976681204342,2.040853811600621,1.7347257398605274,0.3061280717400932,0.765320179350233,0.28061739909508554,2.040853811600621,1.1734909416703594,2.2449391927606825,0.35714941703010855,1.683704394570511,1.9388111210205905,0.8163415246402483,2.16840717482566,0.7398095067052253,3.010259372110919,3.9541542599762027,0.1530640358700466,0.8418521972852562
51179010307,0.7398095067052253,1.887789775730575,2.3469818833407152,1.5561510313454723,0.5102134529001555,0.7398095067052253,0.3826600896751165,1.7347257398605274,0.7908308519952428,1.9898324663106048,0.45919210761013973,1.403086995475427,1.9643217936655977,0.9694055605102952,2.423513901275738,0.45919210761013995,2.8316846635958606,3.9541542599762036,0.17857470851505428,0.5867454708351786
51179010308,0.892873542575272,1.7857470851505435,2.16840717482566,1.8622791030855697,0.43368143496513206,0.7142988340602175,0.3571494170301088,1.9898324663106048,1.0204269058003106,2.2704498654056926,0.535724125545163,1.5051296860554595,2.015343138955613,0.8673628699302641,2.321471210695705,0.4847027802551476,3.1633234079809642,3.9031329146861893,0.1785747085150544,0.8163415246402488
51179010403,0.8673628699302641,1.7347257398605274,2.2194285201156765,1.8367684304405598,0.40817076232012417,0.7142988340602175,0.3316387443851009,2.040853811600621,1.0204269058003106,2.2194285201156765,0.43368143496513206,1.6071723766354884,1.9898324663106048,0.8418521972852564,2.321471210695707,0.4847027802551474,3.2653660985609934,3.9031329146861884,0.17857470851505428,0.8673628699302641
51179010404,0.6632774887702018,1.6326830492804976,2.0918751568906355,1.6581937219255047,0.4081707623201244,0.6887881614152095,0.3061280717400932,1.9133004483755824,0.8418521972852555,2.142896502180654,0.3571494170301088,1.4541083407654396,1.8877897757305742,0.765320179350233,2.2449391927606825,0.4081707623201244,3.0357700447559255,3.826600896751164,0.12755336322503882,0.5867454708351786
51179010405,0.8163415246402486,1.7857470851505435,2.219428520115675,1.7602364125055336,0.45919210761013973,0.7142988340602171,0.3826600896751165,1.8877897757305762,0.9438948878652844,2.117385829535644,0.4847027802551475,1.3775763228304208,1.9898324663106048,0.8673628699302641,2.372492555985723,0.4847027802551474,2.85719533624087,3.877622242041181,0.17857470851505428,0.7142988340602173
51179010406,0.7142988340602171,1.6837043945705128,2.16840717482566,1.7602364125055372,0.43368143496513184,0.6887881614152099,0.3571494170301088,1.9643217936655986,1.0204269058003106,2.3469818833407152,0.45919210761013973,1.5816617039904821,1.9388111210205905,0.8673628699302637,2.270449865405691,0.535724125545163,3.1633234079809607,3.979664932621212,0.1530640358700466,1.0204269058003106
51179010502,0.8673628699302641,2.015343138955613,2.3469818833407152,1.6326830492804947,0.5612347981901706,0.765320179350233,0.45919210761013995,1.8877897757305762,0.9183842152202817,2.0918751568906337,0.6377668161251941,1.5051296860554595,2.0663644842456295,0.994916233155303,2.4490245739207457,0.4847027802551474,3.545983497656081,3.979664932621212,0.22959605380506987,1.1479802690253493
51179010503,0.9949162331553026,1.862279103085567,2.270449865405691,1.6581937219255047,0.535724125545163,0.7398095067052253,0.4847027802551474,1.9898324663106086,1.122469596380343,2.1173858295356474,0.6632774887702018,1.6071723766354884,2.040853811600621,0.9438948878652875,2.372492555985723,0.5612347981901709,3.137812735335954,3.9541542599762036,0.22959605380506987,1.2245122869603724
51179010504,1.1990016143153648,2.040853811600621,2.4490245739207457,1.6071723766354884,0.5612347981901706,0.7908308519952411,0.6122561434801862,1.9133004483755824,1.0969589237353368,2.2194285201156725,0.9438948878652873,1.6326830492804985,2.0918751568906364,1.1734909416703572,2.423513901275738,0.6887881614152095,3.214344753270977,4.081707623201243,0.3061280717400932,1.301044304895396
51187020101,0.6887881614152097,1.7602364125055354,2.2194285201156765,1.7347257398605274,0.4336814349651323,0.6377668161251941,0.35714941703010855,1.8622791030855697,0.7908308519952393,2.2959605380506987,0.43368143496513184,1.6071723766354884,1.8877897757305742,0.8163415246402488,2.3469818833407152,0.4081707623201244,3.724558206171132,4.107218295846249,0.12755336322503882,1.0459375784453184
51187020102,0.994916233155303,1.6837043945705128,2.193917847470668,1.6837043945705146,0.40817076232012417,0.6887881614152095,0.43368143496513206,1.9898324663106048,1.1224695963803395,2.6786206277258153,0.6377668161251941,1.9133004483755842,2.015343138955614,0.9438948878652875,2.270449865405691,0.7142988340602175,4.183750313781273,4.234771659071289,0.17857470851505428,1.377576322830419
51187020200,0.8418521972852564,1.7602364125055363,2.193917847470668,1.6071723766354884,0.4591921076101395,0.6632774887702018,0.4081707623201244,1.8622791030855697,0.9183842152202781,2.2959605380506987,0.535724125545163,1.6837043945705146,1.8367684304405598,0.8673628699302641,2.321471210695707,0.45919210761013973,3.7755795514611483,4.081707623201242,0.1785747085150544,1.0204269058003104
51187020300,0.8673628699302639,1.9133004483755824,2.2704498654056926,1.4796190134104497,0.5102134529001553,0.7142988340602175,0.4847027802551476,1.8112577577955498,0.9183842152202781,2.449024573920744,0.6632774887702018,1.709215067215521,2.015343138955613,0.994916233155303,2.3724925559857213,0.5612347981901711,3.9286435873311953,4.2092609864262815,0.22959605380506998,1.454108340765443
51187020400,1.2755336322503883,1.7602364125055354,2.16840717482566,1.4285976681204333,0.5102134529001553,0.7142988340602175,0.5357241255451632,1.8877897757305724,1.224512286960372,2.5000459192107622,0.765320179350233,1.9133004483755824,1.9388111210205896,0.994916233155303,2.2449391927606825,0.739809506705225,4.081707623201241,4.10721829584625,0.28061739909508543,1.3775763228304194
51187020500,1.2755336322503883,1.7857470851505444,2.142896502180652,1.428597668120437,0.40817076232012417,0.765320179350233,0.5102134529001553,1.9133004483755824,1.1734909416703594,2.50004591921076,0.7142988340602171,1.8622791030855679,2.015343138955613,1.0204269058003106,2.321471210695707,0.6887881614152095,4.0561969505562345,4.234771659071289,0.22959605380506987,1.6071723766354893
51187020601,0.8418521972852562,1.6837043945705128,2.0918751568906373,1.428597668120437,0.43368143496513184,0.7398095067052248,0.40817076232012417,1.8877897757305724,1.0459375784453169,2.3724925559857213,0.5612347981901709,1.7857470851505435,2.015343138955614,0.8673628699302641,2.2194285201156765,0.5867454708351784,3.9031329146861875,4.0561969505562345,0.20408538116006208,1.1734909416703572
51187020602,1.071448251090326,1.7857470851505435,2.2449391927606825,1.530640358700466,0.43368143496513184,0.7142988340602175,0.4591921076101395,1.8877897757305762,1.071448251090327,2.4490245739207457,0.663277488770202,1.8877897757305724,2.015343138955613,0.9694055605102948,2.3469818833407152,0.6377668161251941,3.903132914686191,4.2347716590712885,0.2040853811600622,1.6581937219255052
51187020700,0.892873542575272,1.862279103085567,2.2194285201156743,1.5051296860554595,0.5357241255451635,0.6887881614152099,0.4847027802551476,1.7602364125055372,0.9438948878652881,2.2959605380506987,0.6122561434801864,1.7602364125055372,1.9133004483755824,0.994916233155303,2.3724925559857213,0.4847027802551474,3.7500688788161423,4.0561969505562345,0.22959605380506987,0.9183842152202797
51510200102,1.887789775730575,1.1990016143153648,1.7602364125055363,1.734725739860531,0.25510672645007765,0.6122561434801864,0.2806173990950853,1.9643217936655986,1.3265549775404044,2.2959605380506987,0.3571494170301088,1.6837043945705128,1.5816617039904812,0.765320179350233,1.9388111210205905,0.841852197285256,3.2908767712059994,3.112302062690948,0.12755336322503882,0.7142988340602175
51510200104,1.989832466310606,1.0969589237353337,1.7347257398605282,1.9898324663106048,0.1530640358700466,0.6887881614152099,0.2040853811600622,2.14289650218065,1.5561510313454723,2.5510672645007766,0.35714941703010866,1.7602364125055354,1.7602364125055354,0.6887881614152099,1.862279103085567,1.071448251090326,3.1633234079809642,3.290876771206001,0.12755336322503882,0.8928735425752715
51510200105,1.326554977540404,1.2755336322503883,1.9388111210205905,1.8112577577955498,0.2040853811600622,0.7142988340602171,0.28061739909508543,1.9133004483755824,1.2755336322503883,2.5000459192107622,0.43368143496513206,1.7347257398605274,1.6071723766354893,0.8163415246402483,1.9388111210205905,1.0204269058003106,2.755152645660838,3.3163874438510104,0.1785747085150544,0.8163415246402483
51510200106,1.2755336322503883,1.6581937219255047,2.040853811600621,1.3010443048953981,0.6122561434801864,0.6377668161251941,0.7908308519952406,1.6071723766354884,0.9183842152202781,2.2449391927606843,1.0204269058003106,1.6581937219255047,1.6071723766354893,1.0714482510903265,2.0918751568906355,0.6377668161251941,3.4949621523660643,2.933727354175893,0.45919210761013984,1.1734909416703572
51510200108,0.8928735425752715,1.3520656501854118,1.8877897757305742,1.6581937219255047,0.25510672645007765,0.6632774887702018,0.25510672645007765,1.7602364125055372,0.9694055605102944,2.321471210695707,0.3316387443851009,1.6071723766354922,1.6326830492804967,0.8163415246402483,1.9643217936655977,0.7142988340602175,2.780663318305844,3.2143447532709786,0.1530640358700466,1.0459375784453182
51510200109,1.556151031345474,1.3010443048953964,1.862279103085566,1.7857470851505435,0.25510672645007765,0.6632774887702018,0.25510672645007765,1.862279103085566,1.1479802690253493,2.3980032286307296,0.3571494170301088,1.709215067215521,1.5816617039904812,0.8418521972852564,2.015343138955614,0.8928735425752717,3.0867913900459416,3.2653660985609942,0.12755336322503882,0.7142988340602175
51510200110,0.5357241255451632,1.0714482510903265,1.556151031345474,2.0663644842456295,0.22959605380506998,0.6377668161251941,0.12755336322503877,1.9388111210205887,0.8163415246402492,2.321471210695705,0.17857470851505433,1.352065650185411,1.7347257398605282,0.45919210761013973,1.862279103085566,0.3826600896751166,2.7296419730158314,3.010259372110917,0.07653201793502325,0.3571494170301088
51510200111,0.8418521972852564,1.071448251090326,1.5816617039904812,1.862279103085566,0.2040853811600622,0.6377668161251941,0.1530640358700466,2.040853811600621,1.0969589237353368,2.270449865405691,0.22959605380506987,1.5816617039904821,1.70921506721552,0.535724125545163,1.8112577577955509,0.5612347981901711,2.959238026820903,3.0357700447559237,0.0765320179350233,0.6377668161251941
51510200201,0.6887881614152095,1.3010443048953955,1.7347257398605282,1.7347257398605274,0.3061280717400932,0.6377668161251941,0.22959605380506987,1.8367684304405563,0.9438948878652881,2.1939178474706664,0.28061739909508554,1.505129686055456,1.70921506721552,0.6122561434801864,1.9643217936655968,0.4847027802551474,2.933727354175893,3.0102593721109163,0.10204269058003104,0.739809506705225
51510200202,0.4081707623201243,1.6837043945705128,2.015343138955614,1.6326830492804985,0.5612347981901711,0.5867454708351788,0.3826600896751165,1.505129686055456,0.5102134529001553,2.040853811600621,0.35714941703010866,1.1479802690253493,1.6071723766354893,0.765320179350233,2.2194285201156765,0.28061739909508543,3.0357700447559255,2.8827060088858776,0.1530640358700465,0.3826600896751164
51510200301,1.096958923735334,1.2245122869603728,1.7602364125055354,1.8622791030855679,0.22959605380506976,0.6887881614152099,0.20408538116006208,1.9388111210205887,1.1734909416703558,2.270449865405691,0.3316387443851009,1.6071723766354884,1.7347257398605282,0.6632774887702018,1.9388111210205905,0.7653201793502332,2.933727354175893,3.2653660985609934,0.10204269058003104,0.6632774887702018
51510200302,1.403086995475427,1.3520656501854118,1.836768430440559,1.6581937219255047,0.3316387443851009,0.6377668161251941,0.3061280717400932,1.8622791030855697,1.0969589237353368,2.321471210695707,0.4847027802551476,1.6326830492804947,1.6071723766354893,0.7908308519952406,2.015343138955613,0.7142988340602173,3.0867913900459416,3.1123020626909463,0.1785747085150544,1.326554977540404
51510200304,1.071448251090326,1.4796190134104505,1.9643217936655986,1.2500229596053782,0.3316387443851011,0.7142988340602175,0.35714941703010855,1.6837043945705146,1.0204269058003106,2.2959605380507004,0.43368143496513206,1.709215067215521,1.6326830492804967,0.9438948878652875,1.9898324663106068,0.8418521972852564,3.0357700447559255,3.2653660985609934,0.2040853811600622,1.2755336322503883
51510200305,0.9694055605102948,1.4796190134104505,1.9643217936655986,1.530640358700466,0.3826600896751165,0.6377668161251941,0.3316387443851009,1.6071723766354884,0.8163415246402492,2.117385829535644,0.40817076232012417,1.530640358700466,1.556151031345474,0.8673628699302641,2.0918751568906355,0.6632774887702018,2.6786206277258153,3.1633234079809625,0.1785747085150544,0.8673628699302639
51510200403,0.5867454708351786,1.1224695963803422,1.6326830492804976,2.0663644842456295,0.22959605380506987,0.6377668161251941,0.12755336322503882,1.8877897757305724,0.9183842152202781,2.3724925559857213,0.2040853811600622,1.4541083407654434,1.70921506721552,0.5102134529001553,1.9133004483755824,0.43368143496513206,2.780663318305844,2.9847486994659076,0.0765320179350233,0.45919210761013973
51510200404,0.5102134529001553,1.530640358700466,1.9133004483755824,1.8877897757305762,0.4081707623201244,0.612256143480186,0.22959605380506998,1.6581937219255047,0.6377668161251941,2.14289650218065,0.3061280717400932,1.1479802690253493,1.6581937219255047,0.6377668161251941,2.193917847470668,0.3061280717400932,2.755152645660838,2.9592380268209,0.12755336322503888,0.35714941703010866
51510200406,0.8163415246402483,1.1990016143153648,1.7347257398605282,1.8112577577955498,0.25510672645007776,0.6377668161251941,0.2040853811600622,1.8367684304405598,0.8928735425752717,2.2449391927606825,0.22959605380506987,1.6581937219255047,1.530640358700466,0.6887881614152095,1.887789775730575,0.6122561434801864,3.1888340806259707,3.0102593721109154,0.12755336322503877,0.8673628699302641
51510200407,0.7398095067052253,1.6071723766354893,2.0663644842456295,1.4541083407654434,0.43368143496513206,0.6377668161251941,0.3826600896751165,1.5816617039904786,0.6887881614152067,2.1173858295356474,0.45919210761013995,1.4796190134104497,1.556151031345474,0.9438948878652871,2.16840717482566,0.45919210761013973,2.6275992824358028,3.1123020626909472,0.1785747085150544,0.5612347981901709
51510200408,1.2245122869603724,1.1479802690253493,1.7857470851505435,1.836768430440558,0.1785747085150544,0.6887881614152099,0.20408538116006208,1.9643217936655986,1.2245122869603755,2.50004591921076,0.3061280717400931,1.8112577577955498,1.6581937219255047,0.7142988340602173,1.862279103085567,0.8418521972852564,3.3674087891410256,3.1633234079809633,0.12755336322503877,1.2245122869603724
51510200409,1.1734909416703572,1.3010443048953964,1.887789775730575,1.7602364125055372,0.22959605380506987,0.6887881614152095,0.25510672645007754,1.9133004483755824,1.1479802690253493,2.423513901275736,0.3826600896751165,1.709215067215521,1.70921506721552,0.7908308519952411,1.9643217936655968,0.8673628699302641,3.418430134431042,3.2653660985609934,0.1530640358700466,1.530640358700466
51510200500,1.1734909416703572,1.1990016143153648,1.7347257398605274,1.5816617039904821,0.25510672645007765,0.7398095067052253,0.22959605380506976,1.964321793665595,1.3010443048953981,2.3980032286307296,0.35714941703010866,1.7347257398605274,1.7602364125055363,0.7142988340602175,1.8877897757305742,0.892873542575272,3.137812735335954,3.239855425915985,0.12755336322503882,1.2500229596053807
51510200600,0.9183842152202797,1.377576322830419,1.836768430440559,1.6326830492804985,0.306128071740093,0.6377668161251941,0.28061739909508554,1.8112577577955498,0.9694055605102944,2.3469818833407152,0.35714941703010866,1.6071723766354884,1.5816617039904812,0.8163415246402488,2.040853811600621,0.5867454708351784,2.9847486994659094,3.061280717400932,0.1530640358700466,1.0204269058003104
51510200701,0.9183842152202795,0.8928735425752717,1.377576322830419,2.16840717482566,0.1785747085150544,0.6632774887702018,0.10204269058003104,2.14289650218065,1.352065650185411,2.449024573920744,0.22959605380506987,1.3265549775404044,1.862279103085567,0.35714941703010866,1.7857470851505435,0.5867454708351788,2.8827060088858802,2.908216681530886,0.05102134529001555,0.45919210761013984
51510200703,0.7398095067052253,1.377576322830419,1.7602364125055363,1.6581937219255047,0.3571494170301088,0.6632774887702018,0.25510672645007754,1.8112577577955498,0.8928735425752717,2.2449391927606825,0.3061280717400931,1.403086995475427,1.70921506721552,0.6122561434801862,1.989832466310606,0.4847027802551474,3.0102593721109154,3.0357700447559246,0.12755336322503877,0.6122561434801862
51510200704,0.8673628699302641,1.0204269058003106,1.5051296860554577,2.040853811600621,0.22959605380506987,0.6377668161251941,0.1530640358700466,2.0663644842456277,1.1479802690253493,2.372492555985723,0.25510672645007765,1.3775763228304172,1.7602364125055354,0.40817076232012417,1.8367684304405598,0.5612347981901709,3.010259372110919,2.9847486994659085,0.07653201793502325,0.3316387443851009
51510200705,0.4847027802551476,1.403086995475427,1.7602364125055354,1.5816617039904786,0.4336814349651323,0.5867454708351788,0.2806173990950853,1.709215067215521,0.7142988340602167,1.9898324663106048,0.28061739909508543,1.3010443048953946,1.6837043945705128,0.6122561434801862,2.040853811600621,0.3061280717400932,2.6786206277258153,2.8316846635958624,0.12755336322503877,0.3061280717400932
51510200801,0.6377668161251941,1.6581937219255047,1.9643217936655977,1.709215067215521,0.45919210761013995,0.6122561434801864,0.3316387443851009,1.6581937219255047,0.6377668161251941,2.16840717482566,0.40817076232012417,1.250022959605382,1.6326830492804967,0.765320179350233,2.16840717482566,0.3316387443851009,2.755152645660838,2.9847486994659085,0.12755336322503882,0.6887881614152097
51510200802,1.199001614315365,1.428597668120435,1.8877897757305742,1.7347257398605274,0.3061280717400932,0.7142988340602175,0.3061280717400932,1.8877897757305762,1.122469596380343,2.321471210695707,0.4847027802551476,1.5816617039904821,1.8112577577955518,0.765320179350233,2.015343138955614,0.739809506705225,3.137812735335954,3.239855425915986,0.1530640358700466,0.8418521972852564
51510200900,0.5612347981901709,1.5816617039904812,1.9133004483755833,1.6837043945705146,0.535724125545163,0.6122561434801864,0.3061280717400931,1.6581937219255047,0.6887881614152104,2.16840717482566,0.3826600896751165,1.1734909416703558,1.6326830492804967,0.6887881614152097,2.16840717482566,0.3316387443851009,2.7296419730158314,2.8827060088858767,0.12755336322503882,0.43368143496513206
51510201000,0.6632774887702019,1.4285976681204342,1.7347257398605282,1.862279103085566,0.40817076232012417,0.6377668161251941,0.22959605380506987,1.7857470851505435,0.7908308519952393,2.040853811600621,0.3316387443851009,1.224512286960372,1.7602364125055354,0.6122561434801862,2.0918751568906373,0.35714941703010866,2.7296419730158314,2.933727354175893,0.12755336322503882,0.3826600896751165
51510201100,0.994916233155303,1.530640358700466,1.9388111210205905,1.7857470851505435,0.40817076232012417,0.6377668161251941,0.3571494170301088,1.8367684304405598,0.9183842152202781,2.3469818833407134,0.535724125545163,1.4796190134104532,1.7347257398605282,0.7908308519952406,2.16840717482566,0.5357241255451632,3.418430134431038,3.2143447532709777,0.1530640358700466,0.7142988340602171
51510201202,0.6887881614152097,1.2245122869603728,1.6071723766354884,1.9133004483755824,0.3061280717400932,0.6122561434801864,0.17857470851505428,1.9133004483755824,0.9183842152202817,2.2704498654056926,0.25510672645007765,1.2755336322503883,1.709215067215521,0.5102134529001553,1.989832466310606,0.4081707623201244,2.831684663595864,2.959238026820901,0.0765320179350233,0.3826600896751164
51510201204,1.0459375784453182,1.25002295960538,1.683704394570512,1.7602364125055336,0.3061280717400932,0.6122561434801864,0.22959605380506987,1.9388111210205923,1.1224695963803395,2.270449865405691,0.3061280717400931,1.403086995475427,1.6581937219255047,0.6122561434801864,1.989832466310606,0.5612347981901709,2.704131300370822,3.08679139004594,0.12755336322503888,0.5867454708351788
51510201205,1.989832466310606,1.0969589237353337,1.5816617039904812,1.8367684304405598,0.1785747085150544,0.6887881614152099,0.20408538116006208,2.14289650218065,1.530640358700466,2.5000459192107622,0.3316387443851009,1.683704394570511,1.7347257398605282,0.6377668161251941,1.8877897757305742,1.0204269058003108,2.831684663595864,3.2143447532709777,0.1020426905800311,1.1734909416703572
51510201206,3.571494170301087,1.1990016143153652,1.836768430440559,2.0663644842456295,0.1530640358700466,0.6632774887702018,0.28061739909508543,2.2194285201156765,1.9133004483755824,2.5000459192107622,0.40817076232012417,1.7347257398605274,1.70921506721552,0.8928735425752717,1.9898324663106068,1.4796190134104505,3.6990475335261257,3.392919461786032,0.1530640358700465,1.3520656501854114
51510201300,0.7142988340602173,1.3010443048953955,1.6837043945705128,1.862279103085566,0.35714941703010855,0.6122561434801864,0.17857470851505428,1.862279103085566,0.9183842152202817,2.2194285201156765,0.28061739909508543,1.3265549775404009,1.70921506721552,0.535724125545163,2.040853811600622,0.3826600896751164,2.9082166815308867,2.9847486994659085,0.0765320179350233,0.4847027802551474
51510201400,0.7398095067052253,1.428597668120435,1.7857470851505435,1.9388111210205887,0.3826600896751165,0.6377668161251941,0.25510672645007754,1.8622791030855697,0.9183842152202781,2.2449391927606825,0.35714941703010855,1.250022959605382,1.7857470851505435,0.6122561434801864,2.040853811600621,0.43368143496513195,2.908216681530883,3.0357700447559246,0.12755336322503882,0.4081707623201243
51510201500,0.8163415246402486,1.5816617039904812,1.862279103085566,1.709215067215521,0.4847027802551476,0.6122561434801864,0.3316387443851009,1.7092150672155173,0.7908308519952428,2.1939178474706664,0.43368143496513195,1.3010443048953981,1.6581937219255047,0.739809506705225,2.142896502180652,0.40817076232012417,3.2653660985609934,2.933727354175893,0.12755336322503882,0.45919210761013973
51510201601,0.8673628699302641,1.2755336322503883,1.6837043945705128,1.8112577577955498,0.3316387443851009,0.6377668161251941,0.22959605380506987,1.9133004483755824,1.071448251090327,2.1939178474706664,0.3316387443851009,1.4285976681204333,1.7602364125055354,0.5867454708351784,1.9643217936655986,0.5612347981901709,2.831684663595864,3.0357700447559237,0.1020426905800311,0.4847027802551475
51510201602,1.2245122869603728,1.1224695963803417,1.6326830492804967,2.0663644842456277,0.22959605380506987,0.6887881614152099,0.2040853811600622,2.117385829535644,1.4541083407654434,2.423513901275738,0.35714941703010855,1.5561510313454758,1.887789775730575,0.535724125545163,1.862279103085567,0.7908308519952408,2.933727354175893,3.1633234079809633,0.10204269058003104,0.45919210761013973
51510201802,0.6632774887702018,1.7602364125055354,2.0663644842456295,1.5051296860554595,0.5612347981901711,0.6632774887702018,0.45919210761013973,1.530640358700466,0.7142988340602203,2.16840717482566,0.6122561434801864,1.4285976681204333,1.6326830492804967,0.994916233155303,2.193917847470668,0.5102134529001553,3.239855425915987,3.086791390045939,0.22959605380506987,0.8928735425752717
51510201803,0.5867454708351786,1.3010443048953964,1.6071723766354884,1.8622791030855697,0.3826600896751165,0.6377668161251941,0.20408538116006208,1.8367684304405598,0.8163415246402492,2.0663644842456277,0.2806173990950853,1.1990016143153621,1.7857470851505435,0.5102134529001553,1.9898324663106048,0.3826600896751165,2.8316846635958606,2.8827060088858776,0.1020426905800311,0.3571494170301088
51510201804,0.4847027802551476,1.1224695963803413,1.6071723766354893,2.015343138955613,0.25510672645007765,0.6122561434801864,0.1530640358700465,1.9388111210205923,0.8673628699302618,2.321471210695705,0.20408538116006208,1.403086995475427,1.7347257398605282,0.4847027802551474,1.9388111210205905,0.3826600896751165,3.086791390045938,2.933727354175892,0.05102134529001552,0.739809506705225
51510201805,0.8163415246402485,1.683704394570512,1.9898324663106068,1.403086995475427,0.5102134529001553,0.6377668161251941,0.40817076232012417,1.530640358700466,0.7398095067052266,1.9388111210205923,0.5612347981901707,1.3265549775404044,1.683704394570512,0.8163415246402488,2.2449391927606825,0.4081707623201244,2.653109955080809,3.0357700447559237,0.20408538116006208,0.5357241255451632
51510201900,0.6632774887702018,1.4285976681204342,1.7602364125055354,1.734725739860531,0.3826600896751165,0.6632774887702018,0.2806173990950853,1.8112577577955498,0.8673628699302655,2.117385829535644,0.331638744385101,1.2755336322503883,1.7602364125055354,0.6122561434801864,2.015343138955613,0.45919210761013973,2.8316846635958606,2.9592380268209,0.12755336322503888,0.45919210761013973
51510202001,0.5612347981901709,1.7347257398605282,2.015343138955613,1.6581937219255047,0.6122561434801864,0.5867454708351788,0.3826600896751165,1.530640358700466,0.6122561434801842,2.0663644842456312,0.4847027802551475,1.071448251090327,1.6071723766354893,0.765320179350233,2.2194285201156765,0.3061280717400932,2.780663318305848,2.806173990950854,0.17857470851505428,0.3061280717400931
51510202002,0.5867454708351786,1.4796190134104505,1.8112577577955518,1.4796190134104532,0.4847027802551476,0.6122561434801864,0.3061280717400932,1.6581937219255047,0.739809506705223,1.9133004483755824,0.3571494170301088,1.1734909416703594,1.6581937219255047,0.6632774887702018,2.015343138955613,0.3571494170301088,2.6531099550808053,2.7806633183058462,0.1530640358700466,0.5612347981901709
51600300100,1.3520656501854114,1.4796190134104505,1.989832466310606,1.4541083407654434,0.3826600896751165,0.6122561434801864,0.40817076232012417,1.8367684304405598,1.1734909416703594,2.3469818833407134,0.6122561434801864,1.6837043945705128,1.6581937219255047,0.9183842152202795,2.142896502180652,0.7142988340602173,3.801090224106155,3.7500688788161423,0.20408538116006208,0.969405560510295
51600300200,0.9438948878652873,1.556151031345474,2.015343138955613,1.5561510313454723,0.3826600896751165,0.6122561434801864,0.3316387443851009,1.734725739860531,0.8673628699302618,2.3469818833407152,0.45919210761013973,1.530640358700466,1.6837043945705128,0.7908308519952406,2.270449865405691,0.4847027802551474,3.2653660985609934,3.673536860881118,0.1530640358700465,0.6887881614152097
51600300300,0.7908308519952408,1.4541083407654425,1.9643217936655977,1.4796190134104532,0.3316387443851009,0.5867454708351788,0.3061280717400932,1.7347257398605274,0.8928735425752717,2.270449865405689,0.35714941703010866,1.5816617039904821,1.6326830492804967,0.7908308519952406,2.16840717482566,0.43368143496513206,3.520472825011071,3.545983497656079,0.12755336322503882,0.765320179350233
51600300400,1.0204269058003108,1.377576322830419,1.9133004483755833,1.4541083407654434,0.3571494170301088,0.5612347981901706,0.3316387443851009,1.8367684304405598,1.071448251090327,2.3469818833407152,0.4081707623201243,1.6326830492804985,1.5816617039904812,0.7908308519952406,2.1173858295356456,0.5612347981901706,3.3418981164960195,3.4949621523660643,0.1530640358700465,0.8163415246402483
51600300500,0.6632774887702018,1.4796190134104505,1.9643217936655977,1.3775763228304208,0.43368143496513206,0.5612347981901706,0.35714941703010855,1.683704394570511,0.7908308519952393,2.1939178474706664,0.40817076232012417,1.4796190134104497,1.5816617039904821,0.7908308519952406,2.193917847470668,0.4081707623201243,3.1633234079809642,3.5204728250110717,0.1530640358700466,0.6377668161251941
51610500100,0.5612347981901709,1.7602364125055354,2.193917847470668,1.5816617039904821,0.5612347981901706,0.6122561434801864,0.3571494170301088,1.6581937219255047,0.7142988340602167,2.19391784747067,0.45919210761013973,1.3010443048953946,1.7347257398605282,0.8418521972852564,2.423513901275738,0.331638744385101,3.239855425915987,3.8521115693961727,0.20408538116006208,0.4081707623201244
51610500200,0.6377668161251941,1.530640358700466,1.9898324663106068,1.683704394570511,0.4081707623201244,0.612256143480186,0.2806173990950853,1.8112577577955498,0.7908308519952428,2.2959605380506987,0.35714941703010866,1.4541083407654434,1.7857470851505435,0.6887881614152095,2.321471210695706,0.35714941703010866,3.214344753270977,3.9796649326212106,0.12755336322503877,0.45919210761013973
51610500300,0.5612347981901709,1.4285976681204342,1.9133004483755824,1.6837043945705146,0.3826600896751162,0.5867454708351788,0.25510672645007754,1.8877897757305762,0.8673628699302655,2.321471210695705,0.3061280717400932,1.3775763228304172,1.709215067215521,0.6377668161251944,2.2194285201156765,0.331638744385101,3.392919461786032,3.877622242041181,0.1020426905800311,0.6632774887702018
51630000100,0.9183842152202796,1.683704394570512,2.0918751568906355,1.505129686055456,0.4847027802551476,0.6632774887702018,0.43368143496513206,1.7857470851505435,1.0204269058003106,2.2194285201156765,0.5867454708351786,1.4541083407654434,1.836768430440559,0.8163415246402483,2.16840717482566,0.5102134529001553,3.061280717400932,4.132728968491259,0.20408538116006208,0.6377668161251941
51630000201,1.2500229596053807,1.352065650185411,1.8112577577955518,1.1990016143153657,0.3316387443851009,0.7908308519952406,0.3571494170301088,1.8877897757305762,1.6071723766354922,2.474535246565754,0.5357241255451632,1.8367684304405598,2.040853811600621,0.7908308519952406,2.0918751568906355,0.9438948878652875,3.2653660985609934,4.081707623201243,0.1785747085150544,1.530640358700466
51630000202,1.1990016143153652,1.8112577577955518,2.2194285201156765,1.352065650185411,0.5102134529001553,0.765320179350233,0.5357241255451632,1.7602364125055336,1.122469596380343,2.423513901275738,0.8673628699302641,1.836768430440558,1.9898324663106048,1.071448251090326,2.2449391927606843,0.7142988340602171,3.6225155155911035,4.285793004361304,0.3061280717400932,1.7092150672155204
51630000301,0.9438948878652875,0.535724125545163,0.994916233155303,1.403086995475427,0.07653201793502325,0.8673628699302641,0.05102134529001555,2.5255565918557665,2.3214712106957087,2.3724925559857213,0.17857470851505428,1.7347257398605274,2.5000459192107614,0.1530640358700466,1.301044304895396,0.994916233155303,3.877622242041181,3.724558206171134,0.02551067264500776,1.454108340765443
51630000302,0.9694055605102952,1.530640358700466,2.015343138955614,1.4541083407654434,0.3826600896751165,0.6887881614152095,0.3826600896751165,1.8367684304405598,1.122469596380343,2.5765779371457826,0.5102134529001553,1.836768430440558,1.8877897757305742,0.8163415246402483,2.16840717482566,0.6887881614152095,3.6225155155911035,4.285793004361304,0.20408538116006208,1.5561510313454736
51630000400,1.1479802690253493,1.5816617039904821,2.0918751568906373,1.2755336322503883,0.35714941703010855,0.7142988340602171,0.3826600896751165,1.8622791030855697,1.2245122869603755,2.3980032286307313,0.535724125545163,1.7857470851505435,1.836768430440559,0.9438948878652875,2.168407174825661,0.739809506705225,3.3418981164960155,4.260282331716297,0.22959605380506987,1.2500229596053807
51630000500,1.0204269058003106,1.428597668120435,2.040853811600621,1.6581937219255047,0.28061739909508554,0.7398095067052253,0.25510672645007765,1.9388111210205887,1.1479802690253493,2.5255565918557683,0.3826600896751165,1.8622791030855679,1.887789775730575,0.7908308519952406,2.0918751568906355,0.7908308519952406,3.443940807076048,4.2602823317162954,0.12755336322503882,1.377576322830419
51683910100,1.3265549775404035,1.5051296860554577,2.0408538116006203,1.505129686055456,0.3826600896751165,0.6122561434801864,0.3571494170301088,1.862279103085566,0.9438948878652881,2.449024573920744,0.45919210761013973,1.7347257398605291,1.6837043945705128,0.8928735425752717,2.2194285201156765,0.6122561434801862,3.2653660985609934,3.9541542599762036,0.1530640358700466,0.9694055605102948
51683910201,1.6326830492804967,1.530640358700466,2.0663644842456295,1.5561510313454723,0.3826600896751165,0.6377668161251941,0.4081707623201244,1.9388111210205887,1.0969589237353332,2.474535246565752,0.5612347981901709,1.6581937219255065,1.7347257398605282,0.9183842152202799,2.2194285201156743,0.7142988340602175,3.520472825011071,4.107218295846249,0.1785747085150544,1.3775763228304199
51683910202,2.1939178474706673,1.3265549775404044,1.9643217936655968,1.7092150672155173,0.28061739909508554,0.6377668161251941,0.28061739909508554,2.0918751568906373,1.2755336322503883,2.423513901275736,0.3826600896751165,1.683704394570511,1.6837043945705128,0.8418521972852564,2.193917847470668,0.8163415246402483,3.3163874438510095,4.030686277911227,0.1530640358700465,1.0459375784453182
51683910301,1.6326830492804976,1.4541083407654434,1.9898324663106048,1.5561510313454758,0.3061280717400932,0.6377668161251941,0.306128071740093,2.0153431389556147,1.1734909416703558,2.551067264500775,0.45919210761013973,1.8112577577955518,1.7347257398605274,0.8673628699302637,2.219428520115675,0.7398095067052253,3.571494170301087,4.10721829584625,0.1530640358700466,1.1990016143153648
51683910302,1.530640358700466,1.377576322830419,1.9643217936655968,1.6071723766354884,0.28061739909508554,0.6632774887702018,0.3061280717400931,2.040853811600621,1.2755336322503883,2.398003228630728,0.40817076232012417,1.709215067215521,1.7857470851505435,0.8163415246402483,2.1173858295356447,0.765320179350233,3.392919461786032,4.10721829584625,0.1530640358700466,0.892873542575272
51683910401,2.321471210695707,1.2755336322503883,1.9388111210205896,1.7857470851505435,0.20408538116006208,0.6632774887702018,0.25510672645007754,2.2959605380506987,1.5561510313454723,2.6786206277258153,0.3316387443851009,1.9388111210205905,1.7347257398605282,0.8418521972852564,2.117385829535644,1.0459375784453182,3.4949621523660643,4.158239641136265,0.12755336322503882,1.096958923735334
51683910402,1.071448251090326,1.5816617039904821,2.0918751568906373,1.530640358700466,0.3826600896751165,0.6632774887702018,0.3571494170301088,1.8112577577955498,0.9183842152202781,2.3469818833407152,0.5357241255451631,1.6326830492804985,1.7347257398605282,0.8928735425752717,2.2449391927606825,0.5357241255451632,3.1888340806259707,4.00517560526622,0.2040853811600622,0.6122561434801862
51685920100,2.8571953362408693,1.4541083407654425,2.0663644842456295,1.7347257398605274,0.22959605380506998,0.6632774887702018,0.3571494170301088,2.14289650218065,1.5561510313454723,2.7296419730158314,0.45919210761013995,1.9898324663106068,1.8367684304405598,0.994916233155303,2.2449391927606834,1.1224695963803422,3.8521115693961745,4.5664104034563895,0.1785747085150544,1.9133004483755824
51685920201,1.6326830492804971,1.2755336322503883,1.9388111210205896,1.8367684304405598,0.17857470851505428,0.6377668161251941,0.22959605380506987,2.1939178474706664,1.3010443048953946,2.704131300370822,0.28061739909508543,1.9133004483755824,1.7602364125055363,0.7398095067052253,2.0918751568906355,0.7908308519952406,3.724558206171132,4.33681434965132,0.10204269058003104,1.530640358700466
51685920202,1.1734909416703572,1.4541083407654425,2.0663644842456295,1.6581937219255047,0.25510672645007765,0.6632774887702018,0.2806173990950853,1.964321793665595,1.122469596380343,2.5765779371457826,0.3826600896751165,1.6837043945705146,1.7602364125055354,0.8163415246402488,2.219428520115675,0.6632774887702018,3.418430134431042,4.2602823317162954,0.1530640358700465,1.071448251090326
54037972201,0.739809506705225,1.6326830492804976,1.9388111210205905,1.352065650185411,0.45919210761013973,0.765320179350233,0.43368143496513206,1.683704394570511,1.1479802690253493,2.0918751568906373,0.6122561434801864,1.683704394570511,2.015343138955614,0.8928735425752717,2.040853811600621,0.6122561434801864,3.086791390045938,3.2653660985609934,0.2040853811600622,0.9438948878652871
54037972203,0.7142988340602173,1.8367684304405598,2.16840717482566,1.4541083407654396,0.5102134529001553,0.7398095067052248,0.4847027802551476,1.5561510313454758,0.8673628699302655,2.16840717482566,0.5867454708351788,1.836768430440558,1.9643217936655977,1.0459375784453182,2.2449391927606825,0.5102134529001553,3.2908767712059994,3.443940807076049,0.1785747085150544,1.4030869954754266
54037972204,0.663277488770202,1.8112577577955518,2.117385829535644,1.4541083407654396,0.4847027802551476,0.765320179350233,0.4336814349651323,1.6071723766354884,0.8418521972852555,2.1939178474706664,0.5612347981901711,1.8622791030855679,2.040853811600622,0.9694055605102948,2.193917847470668,0.4847027802551474,3.1888340806259707,3.443940807076048,0.17857470851505428,1.3010443048953964
54037972300,1.096958923735334,1.9388111210205887,2.2194285201156765,1.6071723766354922,0.5102134529001553,0.8163415246402483,0.5357241255451632,1.7347257398605274,1.0459375784453206,2.3469818833407152,0.8673628699302639,2.040853811600621,2.0918751568906355,1.1479802690253493,2.270449865405691,0.7142988340602171,3.6480261882361096,3.571494170301087,0.25510672645007765,1.6071723766354888
54037972401,1.2245122869603728,1.7857470851505435,2.142896502180652,1.505129686055456,0.4081707623201244,0.841852197285256,0.5102134529001553,1.7602364125055372,1.0969589237353332,2.3980032286307296,0.765320179350233,1.9643217936655968,2.0663644842456295,1.1479802690253493,2.16840717482566,0.7908308519952406,3.6480261882361096,3.6225155155911035,0.25510672645007765,1.6837043945705128
54037972402,0.8673628699302641,1.7602364125055354,2.117385829535644,1.5816617039904821,0.40817076232012417,0.7908308519952406,0.3826600896751165,1.7347257398605274,0.9949162331553043,2.4490245739207457,0.6122561434801862,1.9898324663106068,2.0918751568906373,0.9949162331553024,2.193917847470668,0.6377668161251941,3.4949621523660643,3.571494170301087,0.1530640358700466,1.70921506721552
54037972501,0.6377668161251941,1.7347257398605291,2.0918751568906373,1.6326830492804947,0.45919210761013973,0.765320179350233,0.3826600896751165,1.6837043945705146,0.8163415246402492,2.2704498654056926,0.5612347981901709,1.7857470851505435,1.9388111210205905,0.8928735425752717,2.2194285201156765,0.45919210761013973,3.1888340806259707,3.392919461786033,0.1785747085150544,1.403086995475427
54037972503,0.969405560510295,1.7857470851505444,2.16840717482566,1.6581937219255047,0.40817076232012417,0.7908308519952406,0.4081707623201244,1.7602364125055336,0.9949162331553006,2.3469818833407152,0.6122561434801864,1.862279103085566,2.0918751568906373,0.9694055605102948,2.16840717482566,0.6122561434801864,3.1888340806259707,3.5970048429460952,0.17857470851505428,1.4285976681204342
54037972505,0.9438948878652871,1.8877897757305742,2.193917847470668,1.3775763228304208,0.5102134529001553,0.7908308519952411,0.5102134529001553,1.5816617039904821,0.8418521972852555,2.423513901275738,0.739809506705225,1.9388111210205905,1.989832466310606,1.1224695963803413,2.2194285201156765,0.6122561434801864,3.443940807076048,3.5970048429460952,0.22959605380506998,1.5561510313454732
54037972506,0.8418521972852564,1.8367684304405598,2.193917847470668,1.5051296860554595,0.4847027802551476,0.7908308519952406,0.45919210761013995,1.6071723766354922,0.8928735425752717,2.3469818833407152,0.663277488770202,1.8877897757305742,1.9898324663106048,1.0459375784453182,2.2449391927606825,0.5612347981901709,3.3674087891410256,3.4949621523660634,0.20408538116006208,1.4030869954754266
54037972601,0.7398095067052253,1.8112577577955518,2.142896502180652,1.530640358700466,0.4847027802551476,0.7398095067052253,0.40817076232012417,1.6581937219255047,0.8673628699302618,2.19391784747067,0.5867454708351786,1.8112577577955518,1.9388111210205896,0.9694055605102952,2.193917847470668,0.45919210761013973,3.4949621523660643,3.4439408070760473,0.17857470851505428,1.326554977540404
54037972602,0.663277488770202,1.8112577577955518,2.1173858295356456,1.6071723766354884,0.4847027802551472,0.7398095067052253,0.40817076232012417,1.6326830492804985,0.8163415246402492,2.0918751568906373,0.5612347981901709,1.7602364125055336,1.989832466310606,0.9183842152202799,2.193917847470668,0.45919210761013973,3.112302062690948,3.392919461786032,0.1785747085150544,0.9949162331553026
54037972701,1.147980269025349,1.9643217936655986,2.2704498654056926,1.709215067215521,0.5102134529001553,0.841852197285256,0.5357241255451632,1.8112577577955498,1.1479802690253493,2.3724925559857213,0.9183842152202795,2.015343138955613,2.193917847470668,1.096958923735334,2.193917847470668,0.7653201793502332,3.571494170301087,3.6225155155911017,0.25510672645007765,1.9133004483755824
54037972702,0.9438948878652875,1.862279103085566,2.142896502180652,1.6837043945705146,0.45919210761013995,0.7908308519952406,0.5102134529001553,1.8112577577955498,1.071448251090327,2.3980032286307296,0.739809506705225,1.9133004483755824,2.142896502180653,1.0459375784453186,2.2194285201156765,0.6632774887702018,3.3674087891410256,3.545983497656079,0.22959605380506987,1.4796190134104505
54037972800,0.7142988340602173,1.8877897757305742,2.2194285201156765,1.5816617039904786,0.4847027802551472,0.7908308519952406,0.45919210761013995,1.6326830492804985,0.8418521972852555,2.3469818833407152,0.6377668161251941,1.8112577577955535,2.040853811600621,1.0459375784453182,2.2959605380506987,0.5102134529001553,3.1888340806259707,3.571494170301088,0.1785747085150544,1.4796190134104505
