LocationID,StateAbbr,StateDesc,CountyName,CountyFIPS,TotalPopulation,TotalPop18plus,lon,lat,ACCESS2_pct,ARTHRITIS_pct,BINGE_pct,BPHIGH_pct,BPMED_pct,CANCER_pct,CASTHMA_pct,CHD_pct,CHECKUP_pct,CHOLSCREEN_pct,COGNITION_pct,COLON_SCREEN_pct,COPD_pct,CSMOKING_pct,DENTAL_pct,DEPRESSION_pct,DIABETES_pct,DISABILITY_pct,EMOTIONSPT_pct,FOODINSECU_pct,FOODSTAMP_pct,GHLTH_pct,HEARING_pct,HIGHCHOL_pct,HOUSINSECU_pct,INDEPLIVE_pct,LACKTRPT_pct,LONELINESS_pct,LPA_pct,MAMMOUSE_pct,MHLTH_pct,MOBILITY_pct,OBESITY_pct,PHLTH_pct,SELFCARE_pct,SHUTUTILITY_pct,SLEEP_pct,STROKE_pct,TEETHLOST_pct,VISION_pct,mean_ci_width,n_measures_present,chronic_disease_burden_score,preventive_care_gap_score,health_need_score,need_intensity,need_intensity_pctile,priority_weighted_population,priority_weighted_population_pctile,chronic_disease_burden_rank,preventive_care_gap_rank,health_need_rank,health_need_score_fullspec,chronic_burden_fullspec,health_need_rank_fullspec,jurisdiction
11001000902,DC,District of Columbia,District of Columbia,11001,2317,1731,-77.1077517,38.9285125,3.2,20.9,23.9,26.9,75.5,10.3,9.0,4.1,78.7,93.6,7.7,74.4,3.5,5.7,82.1,21.0,6.2,16.8,15.9,4.6,3.5,8.3,4.8,39.1,4.5,4.0,3.3,30.0,9.7,77.5,10.3,7.1,18.7,8.0,1.8,2.8,24.7,2.3,4.6,2.4,4.237499999999999,40,-0.7856341573714963,-0.8036293452129845,-0.7946317512922404,0.07179908862111883,0.04684317718940937,166.35848833513234,108.53564154786152,1224,1323,1405,-0.5692807482077055,-0.3349321512024264,1307,District of Columbia
11001007404,DC,District of Columbia,District of Columbia,11001,3637,2449,-76.9820932,38.8503364,9.2,19.5,18.7,35.3,71.2,3.8,13.3,3.9,78.2,87.6,17.7,66.6,5.7,15.5,56.5,21.8,10.7,29.6,32.9,30.9,32.1,20.9,3.2,31.6,26.0,10.8,15.9,45.0,22.8,77.9,19.0,14.2,33.2,12.4,5.3,17.2,43.4,3.9,17.9,7.0,6.51,40,0.5317421544298513,0.6701280575674817,0.6009351059986665,0.3945157036368558,0.8316361167684997,1434.8536141272446,3024.6605566870335,389,222,249,0.46425424232890905,0.2583804270903364,265,District of Columbia
11001007202,DC,District of Columbia,District of Columbia,11001,4303,4152,-77.0070741,38.8786426,3.5,7.2,34.7,12.5,47.1,2.9,9.1,1.1,68.1,88.2,9.1,68.9,1.3,4.6,79.7,25.2,2.1,12.0,17.6,5.0,3.7,5.4,1.8,22.0,5.8,3.3,4.1,36.0,6.7,80.2,13.4,2.4,17.8,5.0,0.9,3.5,26.9,0.8,3.1,1.5,3.9,40,-2.16532665042391,0.2604274349357581,-0.952449607744076,0.035304638959249714,0.009504412763068567,151.91586144165151,40.897488119484045,1473,423,1460,-0.7802213705306243,-1.8208701759970067,1464,District of Columbia
11001009603,DC,District of Columbia,District of Columbia,11001,3971,3034,-76.9477195,38.8918285,10.8,25.5,16.4,43.8,77.6,5.2,12.9,6.5,80.1,88.6,18.0,67.2,8.3,17.9,52.8,20.8,15.6,34.8,31.5,34.6,38.3,26.1,5.0,37.3,26.8,12.6,17.3,42.2,27.6,77.7,17.8,20.1,35.8,14.9,7.4,19.1,42.8,5.9,14.5,9.5,6.73,40,1.7101986994031004,0.509419243138094,1.1098089712705972,0.512189787406172,0.9511201629327902,2033.9056457899092,3776.89816700611,37,293,73,0.8788197945615184,1.2482203459849428,94,District of Columbia
11001009601,DC,District of Columbia,District of Columbia,11001,2086,1553,-76.9490606,38.90913,8.7,22.8,17.5,39.8,75.9,4.9,12.8,5.1,79.8,88.9,16.5,65.7,6.6,15.2,49.8,20.6,12.8,30.7,31.3,29.1,30.6,21.8,4.1,35.1,23.4,10.8,14.8,42.7,23.7,72.5,17.3,16.4,33.2,13.0,5.8,15.8,44.1,4.7,27.3,7.5,6.6625,40,1.0031385676856088,0.9205150563517382,0.9618268120186735,0.4779697847835778,0.9192124915139172,997.0449710585433,1917.4772572980312,189,149,120,0.7973922680804675,0.6742694798091967,124,District of Columbia
11001001803,DC,District of Columbia,District of Columbia,11001,4102,3066,-77.0419173,38.9672412,14.6,21.5,19.4,37.4,74.5,4.7,11.2,5.4,76.5,88.0,16.5,64.8,6.5,15.8,61.1,20.3,13.2,30.9,28.7,30.4,31.1,23.8,4.7,36.1,24.4,10.4,14.9,39.4,25.5,76.5,16.1,16.4,33.3,13.8,6.1,16.3,37.7,4.5,18.4,8.4,5.945,40,0.7794683441998139,0.7863019081538926,0.7828851261768532,0.43659057400740486,0.8778004073319755,1790.8945345783748,3600.7372708757634,278,193,181,0.6503841935842448,0.5144664790145971,176,District of Columbia
11001009507,DC,District of Columbia,District of Columbia,11001,1525,1243,-76.9977787,38.9584945,7.5,22.8,18.5,38.2,78.8,6.2,10.8,5.0,80.6,91.9,11.8,68.8,4.8,9.6,64.2,17.8,11.5,25.9,26.3,17.2,16.2,16.3,4.3,36.7,15.0,7.6,9.2,37.9,18.8,78.7,13.1,13.9,28.3,10.7,4.2,9.5,38.2,4.3,12.8,5.6,5.6175000000000015,40,0.44650720181681597,-0.16219057794471395,0.142158311936051,0.288426272482647,0.6320434487440597,439.8500655360367,963.8662593346911,423,759,543,0.05167261027510113,0.2655357984949162,604,District of Columbia
11001009203,DC,District of Columbia,District of Columbia,11001,2775,2389,-77.0054956,38.9219735,6.9,16.5,24.0,28.3,70.5,4.7,10.8,3.3,75.3,89.1,12.6,67.9,3.8,10.0,66.9,21.5,7.6,21.8,25.6,15.1,13.8,13.2,3.2,31.1,13.8,6.6,8.5,39.2,15.0,80.7,15.0,9.1,25.6,9.2,3.0,8.4,35.9,2.8,11.5,4.1,5.23,40,-0.5009973057635013,0.10730986192831743,-0.19684372191759195,0.2100340490809895,0.439918533604888,582.8444861997458,1220.7739307535642,1082,526,826,-0.18512871003345824,-0.4775672819952339,842,District of Columbia
11001007807,DC,District of Columbia,District of Columbia,11001,2114,1622,-76.9210632,38.8985783,10.1,23.2,17.3,41.4,75.9,4.8,12.5,5.6,79.5,88.4,17.2,69.4,7.1,16.6,53.2,20.2,13.9,32.4,31.8,32.4,35.2,23.6,4.4,35.5,25.6,11.4,16.1,42.5,26.0,78.1,17.6,17.5,34.7,13.6,6.3,17.8,42.7,5.1,19.1,8.3,6.4625,40,1.2134334467578753,0.5442456250918956,0.8788395359248855,0.4587794660321336,0.8974881194840462,969.8597911919304,1897.2898845892737,127,276,152,0.6817479404343583,0.8192502557768209,158,District of Columbia
11001000702,DC,District of Columbia,District of Columbia,11001,3452,3175,-77.077893,38.9241271,4.7,13.0,27.7,19.3,63.0,5.2,9.3,2.5,72.1,88.8,10.2,72.3,2.6,6.6,78.1,23.8,4.5,16.5,18.8,7.9,6.4,8.5,3.2,29.1,7.6,4.5,5.3,35.3,10.4,77.3,13.5,5.3,19.7,7.2,1.6,4.7,27.5,1.5,3.4,2.5,4.235,40,-1.4454771546914764,-0.05477837286639748,-0.750127763778937,0.08209037357816916,0.07128309572301425,283.3759695918399,246.0692464358452,1402,659,1369,-0.5852404550231258,-1.1157025371798541,1328,District of Columbia
11001003302,DC,District of Columbia,District of Columbia,11001,2434,2131,-77.0111677,38.9139237,4.5,11.4,29.8,19.8,62.3,3.9,9.5,2.0,71.8,89.2,9.8,70.0,2.1,6.4,74.5,22.6,4.4,15.1,19.9,7.8,6.4,8.1,2.3,27.1,8.0,4.2,5.3,35.6,9.3,81.0,13.2,4.7,21.0,6.5,1.6,5.0,30.7,1.5,4.4,2.4,4.425,40,-1.519088672037785,-0.06295256419459545,-0.7910206181161902,0.07263414189632214,0.048200950441276307,176.7915013756481,117.32111337406653,1416,671,1403,-0.6777001468012649,-1.2924477294079344,1419,District of Columbia
11001005001,DC,District of Columbia,District of Columbia,11001,2012,1874,-77.0295088,38.9119619,3.3,10.6,32.7,17.1,61.2,4.7,8.6,1.9,71.0,90.3,8.0,70.5,1.7,4.6,79.9,22.4,3.5,12.4,17.0,4.2,2.9,5.9,2.5,27.7,4.9,3.1,3.5,33.1,7.0,79.8,11.7,3.5,17.9,5.6,1.1,3.0,26.6,1.2,4.3,1.7,3.6525,40,-1.8405014381760105,-0.1643292708952905,-1.0024153545356504,0.023750354342164486,0.0033944331296673455,47.78571293643495,6.8295994568906995,1459,761,1469,-0.827454316260313,-1.4905793616253353,1469,District of Columbia
11001006700,DC,District of Columbia,District of Columbia,11001,3927,3311,-76.989959,38.8875984,2.9,16.0,27.8,22.0,70.4,7.8,9.0,2.9,75.5,92.5,7.6,74.4,2.4,4.9,81.9,22.3,4.7,14.1,16.0,4.0,2.9,6.7,3.5,33.4,4.5,3.4,3.2,31.3,7.8,78.7,11.0,5.0,18.3,6.5,1.4,2.8,25.9,1.7,2.8,1.9,3.8249999999999993,40,-1.3238498989411882,-0.657013297689308,-0.9904315983152481,0.02652152737656099,0.005431093007467753,104.15003800775501,21.327902240325866,1378,1237,1466,-0.7742258305566316,-0.8914383634239553,1460,District of Columbia
11001009000,DC,District of Columbia,District of Columbia,11001,4676,3764,-76.9545101,38.9226934,7.2,25.2,16.4,41.6,80.7,6.7,11.4,5.6,82.2,92.6,12.1,75.8,5.6,11.1,67.7,17.7,12.8,27.2,28.3,18.7,18.1,17.6,4.5,38.6,15.9,8.0,9.5,38.9,20.3,83.3,13.5,15.2,29.1,11.4,4.4,10.0,37.1,4.8,13.7,5.8,5.700000000000001,40,0.8679913073770855,-0.5927534991037109,0.13761890413668731,0.2873765611689014,0.6272912423625254,1343.772800025783,2933.213849287169,242,1196,550,0.01589547532863489,0.6245444497609807,640,District of Columbia
11001000703,DC,District of Columbia,District of Columbia,11001,3022,2742,-77.0790462,38.9290941,3.7,26.0,18.4,32.5,81.8,14.1,8.5,5.7,82.5,94.9,7.0,79.4,3.9,4.5,83.6,18.3,7.4,20.3,15.6,4.3,3.1,8.9,6.9,42.9,4.1,4.3,3.0,29.6,11.1,80.1,8.8,9.2,17.3,8.3,1.9,2.5,22.5,3.0,4.9,2.7,3.9300000000000006,40,-0.32674306651914486,-1.2804114629174002,-0.8035772647182725,0.06973049133583296,0.042090970807875085,210.7255448168872,127.1989137813985,940,1465,1412,-0.5731371203618537,0.1341372221936927,1313,District of Columbia
11001007803,DC,District of Columbia,District of Columbia,11001,4590,3540,-76.9407751,38.8962674,10.3,23.2,17.8,40.9,75.5,4.8,12.8,5.7,79.0,88.3,17.6,67.3,7.3,16.9,54.3,20.8,13.8,32.6,32.4,31.8,34.0,23.9,4.5,35.7,25.7,11.5,16.2,42.9,25.1,73.9,17.9,17.5,34.3,13.9,6.5,17.5,42.6,5.1,20.5,8.3,6.63,40,1.2475052789270733,0.7769954932094545,1.012250386068264,0.48962993925719983,0.9307535641547862,2247.4014211905474,4272.158859470468,120,196,103,0.8213991137480663,0.8658027342866781,114,District of Columbia
11001000704,DC,District of Columbia,District of Columbia,11001,2753,2430,-77.0752384,38.9300215,3.9,16.4,25.5,22.5,71.4,7.3,9.2,3.1,75.8,91.4,8.7,73.0,2.7,5.3,77.9,22.2,5.5,16.1,17.4,5.8,4.2,8.0,3.7,33.5,5.9,4.1,4.2,33.3,9.6,77.1,11.8,6.0,18.8,7.3,1.7,3.5,27.4,1.9,4.3,2.4,3.91,40,-1.1793386543094362,-0.4398867935988442,-0.8096127239541402,0.06833482694004352,0.03937542430414121,188.1257785659398,108.40054310930076,1351,1059,1416,-0.6230144858185063,-0.8061421780381685,1383,District of Columbia
11001005202,DC,District of Columbia,District of Columbia,11001,3408,3167,-77.0344946,38.911127,3.7,12.6,29.9,20.0,64.6,5.5,8.5,2.4,72.4,90.7,8.3,71.3,2.2,5.6,78.2,22.0,4.4,13.8,17.6,5.4,4.1,7.1,3.0,30.4,5.7,3.5,3.9,32.4,8.4,78.9,11.7,4.4,19.2,6.3,1.4,3.5,27.6,1.5,5.4,2.0,3.8525,40,-1.5725122231541353,-0.2067765851708599,-0.8896444041624976,0.04982797232685799,0.017651052274270197,169.81372968993202,60.15478615071283,1423,816,1448,-0.7161138324922174,-1.225451079813575,1435,District of Columbia
11001009102,DC,District of Columbia,District of Columbia,11001,4608,3683,-76.9888946,38.9187926,8.2,20.0,19.7,34.8,73.9,4.6,12.1,4.4,78.0,88.6,15.1,66.7,5.3,12.6,62.9,21.4,10.7,27.3,28.1,23.5,24.1,18.4,3.7,33.1,19.7,9.2,12.5,41.1,20.0,76.5,16.5,13.3,30.2,11.4,4.6,13.1,38.4,3.9,19.8,6.2,6.1225000000000005,40,0.37981718778675483,0.4898897866027762,0.4348534871947655,0.3561103076096295,0.778682959945689,1640.9562974651726,3588.171079429735,459,299,327,0.34241074347112027,0.19493170033946433,339,District of Columbia
11001005503,DC,District of Columbia,District of Columbia,11001,2492,2330,-77.0523495,38.9062488,4.6,15.6,25.8,22.5,67.8,6.2,9.5,3.5,73.1,87.3,11.5,67.8,3.7,7.6,68.8,25.0,5.8,19.5,18.0,9.1,8.1,10.3,4.2,32.0,7.5,5.6,6.1,34.8,11.9,71.6,14.2,6.9,20.1,8.4,2.1,5.0,28.9,2.0,8.8,3.2,4.61,40,-1.0113954490629673,0.39991050099206865,-0.3057424740354493,0.18485185413324356,0.37678207739307534,460.650820500043,938.9409368635438,1300,341,919,-0.1353740763378458,-0.6706586536677602,788,District of Columbia
11001001902,DC,District of Columbia,District of Columbia,11001,2117,1681,-77.0156458,38.9639299,5.7,21.8,19.5,36.3,78.6,6.5,10.4,4.6,80.6,92.8,10.2,72.9,4.2,8.7,69.6,18.2,10.5,22.4,23.6,13.0,11.9,13.8,4.0,37.1,11.7,6.2,7.2,35.3,15.8,79.5,12.1,11.6,26.5,9.7,3.5,7.5,34.7,3.7,10.5,4.5,5.007499999999999,40,0.12158752300522283,-0.5032573691661754,-0.19083492308047628,0.2114235484166134,0.44467073998642226,447.58365199797055,941.3679565512559,613,1114,819,-0.22155459220481744,0.06014818475654048,879,District of Columbia
11001008804,DC,District of Columbia,District of Columbia,11001,2417,2063,-76.9812669,38.9102408,7.9,18.7,21.2,33.3,72.8,4.6,11.4,4.2,76.9,88.9,14.0,65.5,4.9,12.1,60.5,21.4,10.0,25.0,26.1,21.0,21.7,16.9,3.6,32.9,18.0,8.1,11.4,38.8,18.1,73.4,15.6,11.7,29.8,10.7,4.2,12.2,38.6,3.5,20.6,5.6,5.9475,40,0.11815905606872999,0.6732118795638642,0.3956854678162971,0.3470529338516804,0.7603530210454854,838.8269411195115,1837.7732518669382,614,220,354,0.3369913053809493,0.0007707311980344113,344,District of Columbia
11001009400,DC,District of Columbia,District of Columbia,11001,4424,3564,-76.9742464,38.9368061,5.9,21.7,19.9,36.0,78.2,6.4,10.7,4.6,80.2,92.4,10.7,73.8,4.3,9.1,73.4,18.4,10.3,22.8,24.8,13.5,12.2,14.1,3.9,36.8,12.2,6.4,7.5,36.5,15.8,78.6,12.6,11.7,26.3,9.8,3.5,7.6,34.1,3.7,7.3,4.5,5.1925,40,0.13988443914950344,-0.555438156764067,-0.2077768588072818,0.207505825578037,0.43380855397148677,918.0057723572357,1919.1690427698575,601,1164,835,-0.24277988564817513,0.0698783854677168,904,District of Columbia
11001008001,DC,District of Columbia,District of Columbia,11001,3103,2516,-76.9866524,38.8961726,3.3,13.6,28.4,21.7,68.0,5.3,9.3,2.3,74.5,91.8,8.1,71.5,2.1,5.4,78.5,21.9,4.8,14.0,18.2,5.6,4.4,7.1,2.6,30.0,6.2,3.6,4.1,33.2,8.4,80.5,11.8,5.0,20.3,6.3,1.5,3.9,29.5,1.7,5.4,2.1,3.974999999999999,40,-1.3953099765287877,-0.43481437539468737,-0.9150621759617376,0.04395026232433153,0.013577732518669382,136.37766399240073,42.13170400543109,1395,1053,1454,-0.7748021289246338,-1.1147898824545803,1462,District of Columbia
11001009508,DC,District of Columbia,District of Columbia,11001,4243,3497,-76.9985582,38.9536826,7.4,19.6,20.5,33.4,75.9,5.5,10.6,4.4,78.2,90.3,12.1,76.2,4.2,9.1,68.9,19.2,9.7,24.3,26.0,16.4,15.1,14.6,4.0,33.6,14.5,7.1,9.0,38.9,17.2,81.8,14.0,11.5,26.6,9.7,3.5,9.0,35.2,3.6,10.1,4.9,5.0525,40,-0.024858543628451468,-0.35685936559933684,-0.19085895461389416,0.21141799126607078,0.4439918533604888,897.0465369419383,1883.8574338085539,696,958,820,-0.23924614023125218,-0.12163291486316749,899,District of Columbia
11001009510,DC,District of Columbia,District of Columbia,11001,4525,3296,-77.0046255,38.9455978,15.5,20.7,19.6,36.4,73.0,4.3,11.5,5.3,75.6,86.2,18.0,62.9,6.8,16.5,49.7,21.1,13.0,32.2,29.4,33.4,34.6,24.8,4.6,35.0,26.2,11.2,16.6,40.9,26.4,75.9,17.2,16.6,33.6,14.1,6.4,17.6,41.6,4.5,25.2,8.9,6.3225,40,0.7830723746464204,1.2963346655362715,1.039703520091346,0.4959783147844753,0.9395790902919212,2244.301874399751,4251.595383570943,274,85,90,0.900523870532407,0.5047130755285425,85,District of Columbia
11001008701,DC,District of Columbia,District of Columbia,11001,2814,2404,-77.0062645,38.9141018,4.8,14.1,26.1,24.6,68.1,4.2,10.1,2.6,74.4,89.6,10.5,73.4,2.7,7.5,74.0,21.7,6.2,17.7,21.8,10.6,9.4,10.1,2.7,29.3,10.3,5.1,6.6,36.5,11.6,81.5,13.6,6.7,23.5,7.6,2.2,6.6,32.0,2.1,7.8,3.1,4.61,40,-1.0201091058243494,-0.2342663311862005,-0.627187718505275,0.11051953485648648,0.16836388323150034,311.00197108615293,473.77596741344195,1305,844,1226,-0.5684636740127637,-0.9026610168393269,1306,District of Columbia
11001002702,DC,District of Columbia,District of Columbia,11001,5825,4813,-77.0421774,38.930168,6.8,13.7,28.0,21.1,66.4,5.3,9.0,2.8,72.4,89.7,10.3,69.4,2.8,7.2,74.9,22.1,5.4,17.2,20.0,9.0,6.8,9.9,3.3,31.2,8.5,4.6,5.4,34.9,11.4,77.8,12.7,6.1,20.5,7.8,1.9,4.6,28.5,1.8,7.7,2.9,4.4725,40,-1.2967195438695864,0.06364616377693266,-0.6165366900463269,0.11298252244661917,0.17311608961303462,658.1231932515567,1008.4012219959267,1373,554,1219,-0.4751435516741013,-1.0139332671251353,1181,District of Columbia
11001007804,DC,District of Columbia,District of Columbia,11001,3499,2674,-76.9313427,38.8942107,10.9,26.3,15.5,45.2,77.7,5.3,13.3,7.2,80.5,87.6,19.1,59.8,9.3,18.9,46.9,21.2,16.5,36.9,31.6,38.3,43.8,28.2,5.5,37.4,28.5,14.1,19.6,42.7,29.2,68.3,18.4,21.7,36.6,15.6,8.3,21.4,44.4,6.4,35.1,10.8,7.3575,40,2.0450169702836227,1.5384492767397582,1.7917331235116905,0.6698807306662614,0.9918533604887984,2343.9126766012487,3470.4949083503056,16,60,13,1.5238975695899537,1.509345862440149,16,District of Columbia
11001001401,DC,District of Columbia,District of Columbia,11001,3258,2520,-77.0706075,38.9653036,3.0,19.4,24.0,25.9,74.6,9.5,8.9,3.8,78.3,93.5,7.4,74.7,3.0,5.2,82.2,20.7,6.0,15.9,16.2,4.5,3.3,7.7,4.4,37.7,4.7,3.7,3.4,30.5,9.2,78.7,10.3,6.5,18.6,7.4,1.7,3.0,25.3,2.1,2.4,2.2,3.89,40,-0.9492344334799045,-0.8644790983872702,-0.9068567659335873,0.04584771505851382,0.01493550577053632,149.37185566063803,48.65987780040733,1288,1360,1452,-0.692198487387146,-0.5199178763870217,1425,District of Columbia
11001005601,DC,District of Columbia,District of Columbia,11001,2900,2852,-77.0524317,38.901567,4.8,9.6,27.8,15.8,57.1,3.7,9.1,2.1,69.8,84.3,11.7,70.9,2.3,5.8,70.5,24.5,3.6,17.4,19.6,9.0,6.8,8.4,3.0,24.9,7.4,5.1,6.3,38.7,10.4,74.7,14.8,4.4,17.0,6.6,1.4,4.5,28.4,1.3,6.6,2.7,4.36,40,-1.772720070747912,0.5663495581120414,-0.6031852563179354,0.11606996284829052,0.18329938900203666,336.6028922600425,531.5682281059063,1451,263,1204,-0.4519258942037457,-1.4702013465195327,1148,District of Columbia
11001007301,DC,District of Columbia,District of Columbia,11001,3841,2645,-77.024445,38.834928,5.6,9.4,32.6,16.0,51.3,3.1,9.6,1.7,68.5,85.5,12.3,60.7,2.2,7.9,71.9,24.6,3.4,16.9,21.5,9.5,7.5,8.7,2.4,24.4,9.6,5.0,6.7,38.3,9.9,75.6,15.7,4.1,20.7,7.1,1.6,5.7,31.3,1.1,7.3,2.5,4.442500000000001,40,-1.741180489449818,0.878298243855451,-0.4314411227971835,0.1557847820481524,0.29599456890699255,598.3693478469534,1136.9151391717585,1448,160,1038,-0.2990704967399592,-1.4764392373353694,976,District of Columbia
11001009802,DC,District of Columbia,District of Columbia,11001,2064,1375,-76.9965578,38.8307312,11.1,21.1,17.1,39.7,70.9,3.6,14.1,5.1,78.2,85.1,21.5,61.0,8.0,20.8,53.6,23.7,13.3,35.7,32.6,43.7,51.0,27.5,4.0,31.9,34.2,14.9,22.9,44.9,29.0,75.5,21.5,18.2,38.7,14.9,7.7,26.5,43.3,4.9,26.5,10.4,7.385000000000001,40,1.3311444957319327,1.3881163935005254,1.359630444616229,0.5699595315177871,0.9789545145960624,1176.3964730527125,2020.562118126273,104,73,32,1.1414438747051678,0.8947713559098104,36,District of Columbia
11001005602,DC,District of Columbia,District of Columbia,11001,4100,3946,-77.0554558,38.8988888,4.3,16.6,23.8,23.4,73.9,7.6,8.9,4.1,74.9,87.8,10.3,77.3,3.3,5.2,76.7,21.7,5.9,19.9,19.1,7.2,5.0,9.2,5.0,32.4,5.8,5.1,5.2,36.7,11.3,74.6,12.7,7.3,16.4,7.6,1.9,3.4,25.5,2.3,7.5,3.0,4.262499999999999,40,-1.0261567256586228,-0.23061544906700682,-0.6283860873628149,0.1102424191172977,0.1670061099796334,451.99391838092055,684.7250509164969,1306,841,1228,-0.4751396518105115,-0.7196638545540162,1180,District of Columbia
11001007708,DC,District of Columbia,District of Columbia,11001,2574,1900,-76.9606349,38.8871944,8.1,23.2,17.4,40.2,76.1,4.9,13.2,5.1,80.6,89.8,16.0,68.6,6.4,14.6,53.3,20.7,13.0,30.1,31.0,28.1,29.8,21.1,3.8,35.2,23.7,10.5,14.6,42.4,22.6,79.0,17.3,16.1,33.8,12.8,5.8,16.1,44.2,4.7,15.1,7.2,6.539999999999999,40,1.0616442841821896,0.2815945701441187,0.6716194271631541,0.4108610365327442,0.8574338085539714,1057.5563080352836,2207.0346232179227,169,409,211,0.5016652690047925,0.7217359678654661,238,District of Columbia
11001001402,DC,District of Columbia,District of Columbia,11001,3514,2829,-77.0630933,38.9606051,3.3,22.2,21.6,30.0,78.9,11.0,8.6,4.7,80.2,94.1,7.2,74.9,3.4,4.9,80.9,19.0,7.0,18.3,16.4,4.6,3.5,8.6,5.5,39.7,4.5,4.1,3.3,30.2,10.4,79.8,9.4,8.2,18.4,7.8,1.9,2.8,25.3,2.7,3.4,2.6,3.9425,40,-0.6145584402021991,-1.0226353995170343,-0.8185969198596167,0.06625728455924933,0.03665987780040733,232.82809794120215,128.82281059063135,1147,1416,1420,-0.627501114625925,-0.23236682973481557,1387,District of Columbia
11001001100,DC,District of Columbia,District of Columbia,11001,5300,4281,-77.0776732,38.9572432,3.3,22.0,21.9,28.8,77.7,10.4,9.1,4.6,79.5,93.3,8.1,73.0,3.7,5.7,79.8,20.8,7.0,18.5,16.5,5.3,4.1,9.1,5.2,39.4,4.9,4.4,3.7,31.0,10.7,77.9,10.5,8.1,18.8,8.3,2.0,3.1,25.5,2.6,3.9,2.7,3.9675,40,-0.5839859249142991,-0.8161029528198016,-0.7000444388670504,0.09367184744297036,0.11065852002715547,496.4607914477429,586.490156143924,1124,1334,1311,-0.5004025983298013,-0.18470224383980083,1214,District of Columbia
11001006600,DC,District of Columbia,District of Columbia,11001,2164,1854,-76.9982439,38.8877585,3.2,16.4,27.4,22.1,70.6,8.1,9.1,3.2,75.2,91.8,8.2,73.0,2.7,5.2,81.3,23.2,4.8,15.4,15.9,4.6,3.5,7.2,4.0,33.2,4.8,3.8,3.5,31.8,8.4,78.0,11.6,5.5,18.4,6.9,1.5,3.1,25.2,1.8,4.1,2.0,3.957500000000001,40,-1.2352757456871923,-0.5281041709017766,-0.8816899582944845,0.05166739107733925,0.020366598778004074,111.80823429136214,44.073319755600814,1360,1139,1444,-0.6604378921096499,-0.7927716133175231,1411,District of Columbia
11001009504,DC,District of Columbia,District of Columbia,11001,3208,2696,-76.9931121,38.9409032,6.5,22.8,19.8,36.3,78.7,6.8,10.7,5.2,79.2,90.9,11.9,73.8,5.1,9.7,69.9,20.3,11.0,25.5,23.4,15.2,15.0,15.5,4.7,36.7,12.7,7.5,8.5,36.5,17.6,80.0,13.6,13.2,26.6,10.6,3.9,8.5,33.8,4.2,8.8,5.3,5.165,40,0.38181084593130765,-0.41805756742542177,-0.01812336074705706,0.25136207983066383,0.5342837746096402,806.3695520967696,1713.9823489477255,456,1038,687,-0.05122669130614224,0.3156041848131373,713,District of Columbia
11001009801,DC,District of Columbia,District of Columbia,11001,1848,1419,-76.9963306,38.8328939,12.7,26.5,15.7,45.1,76.4,4.9,14.1,7.0,79.5,86.1,21.5,60.4,10.3,21.7,44.6,22.1,16.7,39.6,34.5,43.2,48.7,31.1,5.2,37.3,32.2,15.7,21.8,45.2,31.8,72.9,20.1,23.2,37.6,16.9,9.2,23.4,45.6,6.6,26.8,11.7,7.365,40,2.2368120688452335,1.4373013267313697,1.8370566977883016,0.680361540234465,0.9925322471147319,1257.3081263532913,1834.1995926680245,13,66,12,1.5480327752162883,1.658764223701207,15,District of Columbia
11001007409,DC,District of Columbia,District of Columbia,11001,3835,2579,-76.975165,38.8445818,13.1,23.1,16.4,41.5,72.4,3.8,14.6,5.6,78.1,84.7,23.0,56.7,9.4,22.7,41.8,24.1,14.7,38.3,34.1,46.4,53.6,30.5,4.2,33.8,35.6,16.3,24.1,46.0,31.3,71.8,21.9,20.8,38.8,16.4,8.8,26.9,46.1,5.6,44.7,11.6,7.904999999999999,40,1.759983221589484,2.170053777573312,1.9650184995813982,0.7099519531267187,0.9938900203665988,2722.665740240966,3811.568228105906,32,24,10,1.7164282558198516,1.2628027340663908,11,District of Columbia
11001005302,DC,District of Columbia,District of Columbia,11001,2518,2339,-77.0386443,38.9124517,3.4,11.2,31.4,17.3,61.6,5.2,8.6,2.2,71.3,90.1,8.2,73.0,1.9,4.8,79.8,23.1,3.6,13.1,16.7,4.5,3.2,6.2,2.8,28.4,5.0,3.3,3.6,33.1,7.3,78.2,11.9,3.7,17.9,5.8,1.2,3.1,26.1,1.2,4.8,1.7,3.86,40,-1.7774169407223532,-0.15713405200058914,-0.9672754963614711,0.0318762395499273,0.00746775288526816,80.26437118671694,18.803801765105227,1453,756,1463,-0.7743327375343687,-1.3915314230681484,1461,District of Columbia
11001005303,DC,District of Columbia,District of Columbia,11001,3215,3066,-77.0391656,38.909613,3.6,11.8,28.9,19.0,63.9,5.1,8.7,2.3,72.3,89.9,8.6,72.4,2.1,5.0,75.6,22.5,4.2,14.1,17.5,5.6,4.2,7.0,2.9,29.0,5.9,3.6,4.2,33.6,8.4,77.1,12.0,4.2,18.8,6.2,1.3,3.7,28.5,1.4,3.2,2.1,3.7775,40,-1.633727098201505,-0.1347716755232523,-0.8842493868623786,0.05107553829759586,0.018329938900203666,164.20785562677068,58.930753564154784,1429,734,1447,-0.7159339045882938,-1.297096133653335,1434,District of Columbia
11001005501,DC,District of Columbia,District of Columbia,11001,2303,2196,-77.0494324,38.9052766,3.7,12.2,28.5,17.9,64.6,5.5,8.8,2.4,72.3,89.3,8.9,73.8,2.2,4.8,80.5,22.9,4.0,14.4,17.4,5.5,3.8,6.9,3.0,29.0,5.3,3.7,4.1,34.6,8.3,78.5,12.2,4.3,17.0,6.2,1.3,3.2,25.5,1.4,4.3,2.0,3.9225,40,-1.6551251301957945,-0.24164450875719773,-0.9483848194764961,0.036244597302066424,0.011541072640868975,83.47130758665898,26.57909029192125,1431,852,1457,-0.7636817490512504,-1.2857189893453032,1456,District of Columbia
11001003701,DC,District of Columbia,District of Columbia,11001,2916,2536,-77.0342887,38.9214487,6.2,10.6,30.2,17.9,59.7,3.7,9.2,1.9,70.3,88.4,10.7,67.0,2.1,6.9,71.7,23.0,4.3,15.9,20.8,8.9,6.8,8.7,2.5,26.9,9.0,4.4,5.7,36.7,10.4,78.8,13.8,4.7,20.5,6.9,1.6,5.0,31.0,1.4,5.9,2.5,4.515,40,-1.6363273298650924,0.30440607411087167,-0.6659606278771104,0.1015535279601344,0.131704005431093,296.1300875317519,384.0488798370672,1430,395,1280,-0.5363655681784409,-1.3771372104677535,1261,District of Columbia
11001004600,DC,District of Columbia,District of Columbia,11001,3543,3101,-77.0133001,38.9097456,5.6,13.4,27.4,23.6,67.4,4.2,9.7,2.6,73.1,88.8,10.7,73.4,2.7,7.6,70.4,21.5,5.8,17.8,22.4,10.2,8.6,10.0,2.7,29.0,9.8,5.0,6.4,37.0,11.5,81.3,13.6,6.4,22.3,7.4,2.1,5.9,32.7,2.0,7.7,3.0,4.727499999999999,40,-1.142707619436877,-0.09351408134441486,-0.618110850390646,0.11261850713975184,0.17243720298710116,399.0073707961408,610.9450101832995,1342,697,1220,-0.5485517393463537,-1.0035893973482926,1275,District of Columbia
11001004704,DC,District of Columbia,District of Columbia,11001,1945,1339,-77.0114767,38.904566,19.5,28.1,14.1,49.2,73.9,4.1,15.3,9.5,77.3,78.5,31.0,59.0,17.0,34.3,41.4,26.6,21.6,51.4,35.2,67.1,78.1,45.5,7.2,37.7,47.6,26.0,37.7,46.8,45.3,68.2,25.8,31.5,45.1,22.9,16.0,41.7,46.0,8.9,28.1,21.5,7.220000000000001,40,3.8128898206257,2.6257347281342693,3.219312274379985,1.0,1.0,1945.0,1945.0,1,11,1,2.7713907351418627,2.917046742149456,1,District of Columbia
11001004300,DC,District of Columbia,District of Columbia,11001,4436,4151,-77.0341511,38.916804,4.0,11.8,30.1,19.0,64.8,4.7,9.0,2.2,71.9,89.9,8.9,73.5,2.0,5.3,76.7,22.7,4.2,14.5,18.5,5.8,4.3,7.1,2.7,27.9,6.3,3.8,4.3,34.8,8.6,79.7,12.5,4.5,19.0,6.1,1.4,3.7,28.2,1.5,4.4,2.1,4.0525,40,-1.6043300223460526,-0.2250396947660834,-0.914684858556068,0.044037514751764914,0.014256619144602852,195.35041543882915,63.242362525458255,1425,833,1453,-0.7655197357787614,-1.3059997767914395,1457,District of Columbia
11001007000,DC,District of Columbia,District of Columbia,11001,2697,2323,-76.9959451,38.8812697,4.5,14.4,29.2,20.7,66.8,6.3,9.2,2.8,72.7,89.4,9.6,71.7,2.8,6.5,79.7,22.9,4.6,16.1,18.6,6.5,5.0,8.1,3.4,30.7,6.4,4.2,4.6,34.4,9.3,77.4,12.7,5.4,19.0,7.1,1.6,3.8,26.5,1.7,3.7,2.3,4.3325000000000005,40,-1.336515408493579,-0.18673768353462522,-0.7616265460141022,0.07943134792106868,0.06177868295994569,214.22634534312223,166.61710794297352,1383,793,1383,-0.5889474977001168,-0.9911573118656084,1331,District of Columbia
11001000904,DC,District of Columbia,District of Columbia,11001,3148,2405,-77.1036767,38.9366243,2.6,24.1,20.9,31.0,79.7,12.8,8.6,5.2,81.6,94.8,6.8,75.8,3.6,4.5,82.3,19.3,7.0,18.1,14.5,3.6,2.7,8.2,6.1,42.3,3.6,3.9,2.8,28.2,9.6,77.0,9.0,8.0,18.1,8.0,1.9,2.4,24.1,2.7,3.2,2.5,3.8725,40,-0.49751820128550767,-1.079663087338336,-0.7885906443119218,0.07319605902454392,0.048879837067209775,230.42119380926425,153.87372708757638,1080,1437,1402,-0.5501104087039786,-0.020557730069621333,1278,District of Columbia
11001001004,DC,District of Columbia,District of Columbia,11001,4480,3529,-77.0853886,38.9487665,3.7,20.1,23.6,26.6,75.0,9.1,9.3,4.3,77.5,91.6,9.2,72.8,3.8,6.2,78.2,22.2,6.6,18.8,16.9,6.1,4.8,9.3,4.9,36.9,5.6,4.8,4.3,32.4,10.9,77.1,11.7,7.8,19.2,8.4,2.1,3.6,26.3,2.4,5.8,2.8,4.2275,40,-0.7032846916599678,-0.5362488093788553,-0.6197667505194115,0.11223558998922799,0.1710794297352342,502.81544315174136,766.4358452138492,1189,1144,1222,-0.4314894112674293,-0.32673001315600325,1123,District of Columbia
11001002600,DC,District of Columbia,District of Columbia,11001,2592,2021,-77.0404553,38.9464323,4.8,20.2,21.8,31.3,77.2,7.8,9.3,4.2,79.2,93.3,8.5,73.6,3.5,6.7,76.2,18.4,8.3,18.6,20.3,8.1,6.5,10.6,4.1,37.9,7.5,4.6,4.9,32.6,12.2,79.2,10.6,8.7,22.0,8.4,2.4,4.6,30.1,2.9,4.6,3.2,4.41,40,-0.4686588679038,-0.731128785109546,-0.599893826506673,0.11683108660363281,0.18601493550577053,302.82617647661624,482.1507128309572,1062,1280,1200,-0.5150370331223424,-0.29894528113513874,1233,District of Columbia
11001006802,DC,District of Columbia,District of Columbia,11001,2580,2055,-76.9814483,38.8832158,4.0,15.4,26.6,24.2,69.2,5.6,9.8,2.8,75.0,91.3,9.5,70.9,2.8,7.1,76.5,22.6,5.8,16.6,19.3,7.9,7.0,9.0,3.1,31.3,8.0,4.6,5.2,33.8,10.5,79.3,12.8,6.4,22.2,7.5,2.0,5.2,30.6,2.0,8.5,2.7,4.5025,40,-1.0511254253244289,-0.2730286577028152,-0.662077041513622,0.10245158443001874,0.13577732518669383,264.32508782944836,350.3054989816701,1319,879,1274,-0.5401209146523783,-0.8072131716019414,1266,District of Columbia
11001000501,DC,District of Columbia,District of Columbia,11001,3829,3470,-77.051434,38.9264548,3.8,13.5,28.3,19.4,66.0,6.1,9.1,2.6,73.1,90.2,8.9,74.2,2.4,5.2,79.2,23.7,4.3,15.1,16.9,5.6,4.2,7.3,3.3,30.0,5.8,3.9,4.2,33.7,8.6,78.0,12.4,4.8,18.5,6.6,1.4,3.6,26.2,1.5,4.0,2.1,4.045000000000001,40,-1.4855587390956098,-0.2978174978550591,-0.8916881184753345,0.04935537543072774,0.016293279022403257,188.9817325242565,62.38696537678207,1411,903,1450,-0.6972580574931705,-1.0966986171312818,1427,District of Columbia
11001008200,DC,District of Columbia,District of Columbia,11001,2695,2360,-77.000604,38.8918309,3.3,13.7,29.4,19.2,66.6,6.5,9.3,2.6,73.3,90.4,8.8,75.6,2.3,5.0,80.0,24.1,4.1,14.5,16.5,4.8,3.5,6.7,3.2,30.0,5.2,3.7,3.8,33.7,7.9,77.7,12.5,4.5,18.1,6.4,1.3,3.1,26.2,1.5,4.4,1.9,3.8375,40,-1.4868572072012256,-0.3636005812695681,-0.9252288942353969,0.041599268611666955,0.012219959266802444,112.11002890844244,32.93279022403259,1412,969,1456,-0.7171520947232548,-1.0707036081769414,1437,District of Columbia
11001000201,DC,District of Columbia,District of Columbia,11001,4108,4079,-77.0743418,38.9092171,12.1,6.0,23.8,15.6,22.3,0.9,13.6,1.7,66.0,58.9,35.3,63.9,5.3,14.8,48.1,37.1,2.7,43.8,25.8,47.7,53.1,25.8,4.0,17.0,25.8,21.7,32.1,50.8,25.1,63.2,31.7,7.5,24.3,13.6,4.1,20.9,35.1,1.2,29.0,11.5,6.88,40,-1.1514219722717334,4.200126531358442,1.5243522795433542,0.6080504855334583,0.9871011541072641,2497.8713945714467,4055.0115410726407,1344,6,20,1.650114398528564,-0.8998977343013137,14,District of Columbia
11001009302,DC,District of Columbia,District of Columbia,11001,1750,1476,-76.9907773,38.9251636,6.6,14.7,25.3,25.5,68.5,4.5,10.0,3.0,74.2,88.9,11.5,69.9,3.2,8.5,66.6,21.3,6.6,19.7,23.0,12.9,11.5,11.7,3.1,30.0,11.8,5.8,7.5,37.3,13.3,79.0,13.9,7.7,24.0,8.3,2.5,7.3,34.3,2.3,10.6,3.7,4.722499999999999,40,-0.8764788652813585,0.15230982991342562,-0.36208451768396643,0.171823088428235,0.33876442634080106,300.69040474941124,592.8377460964018,1260,498,975,-0.31652871400806815,-0.7853672579295619,999,District of Columbia
11001000600,DC,District of Columbia,District of Columbia,11001,4676,3848,-77.0675114,38.9368114,3.6,19.6,24.2,25.6,74.7,9.6,9.1,3.9,77.7,92.8,8.1,74.3,3.3,5.5,78.7,21.6,5.9,16.8,16.3,5.1,3.8,8.3,4.6,37.4,4.9,4.1,3.6,31.2,9.6,78.6,10.7,6.8,18.4,7.7,1.8,3.0,25.7,2.2,3.8,2.4,3.992499999999999,40,-0.8928407095215,-0.7240344409148611,-0.8084375752181805,0.06860657316289745,0.04005431093007468,320.80433610970846,187.2939579090292,1266,1276,1415,-0.5890608287323038,-0.45408721654974643,1333,District of Columbia
11001008802,DC,District of Columbia,District of Columbia,11001,4360,3741,-76.9866786,38.9039498,8.2,17.8,22.8,31.0,71.3,4.5,11.1,3.9,75.0,87.5,14.6,67.8,4.8,12.7,63.3,22.4,9.0,25.2,26.3,20.0,20.2,16.4,3.6,31.8,16.7,8.2,10.7,39.6,18.3,77.9,16.2,11.2,28.0,10.6,3.8,10.9,36.5,3.3,16.0,5.3,5.657500000000001,40,-0.10325940052239391,0.4707289206916182,0.18373476008461215,0.29804058120657806,0.6496945010183299,1299.4569340606804,2832.6680244399186,758,306,517,0.1576566197910993,-0.15541568110941964,501,District of Columbia
11001004402,DC,District of Columbia,District of Columbia,11001,2755,2485,-77.0270354,38.9155152,4.6,10.6,31.2,18.2,59.6,4.0,9.1,2.0,70.4,88.5,10.0,69.2,2.1,6.5,74.1,23.3,4.0,14.9,19.6,7.3,5.8,7.7,2.6,26.8,7.5,4.1,5.1,35.7,9.2,79.1,13.5,4.2,20.0,6.4,1.4,4.5,29.8,1.3,7.2,2.2,4.1,40,-1.6648685931087919,0.18964522521720062,-0.7376116839457956,0.08498464331230356,0.08418194161575017,234.1326923253963,231.92124915139172,1433,477,1350,-0.5949884143002018,-1.3796220538176043,1343,District of Columbia
11001006801,DC,District of Columbia,District of Columbia,11001,2238,1858,-76.9801087,38.8877413,4.8,15.5,26.2,25.5,68.9,5.0,10.1,2.9,74.5,90.0,10.7,70.5,3.2,8.6,66.9,22.9,6.4,18.3,20.8,10.5,9.9,10.6,3.0,31.0,10.1,5.4,6.5,35.2,12.1,78.3,13.8,7.2,24.0,8.2,2.4,6.6,34.4,2.2,11.3,3.2,4.7925,40,-0.8771137549288935,0.05558585439873484,-0.41076395026507934,0.16056625639515038,0.3075356415478615,359.3472818123465,688.264765784114,1261,562,1021,-0.32220769555169615,-0.7000012455021272,1006,District of Columbia
11001008904,DC,District of Columbia,District of Columbia,11001,3137,2455,-76.9748514,38.9009808,7.8,21.4,18.9,38.3,75.6,4.8,12.0,4.8,79.4,90.0,14.3,71.7,5.6,13.2,58.6,20.3,12.1,27.1,27.8,24.1,25.7,18.9,3.8,34.8,20.5,9.0,12.7,39.3,20.4,77.4,15.9,14.0,32.8,11.7,5.1,14.4,41.2,4.2,14.5,6.4,6.152500000000001,40,0.6613863501534393,0.1792936408053084,0.42033999547937384,0.35275414814368866,0.7705363204344874,1106.5897627267514,2417.172437202987,325,483,339,0.29325769540764235,0.4072217500099763,387,District of Columbia
11001002301,DC,District of Columbia,District of Columbia,11001,3266,2592,-77.0165915,38.942552,6.4,17.3,23.5,29.2,72.8,5.2,10.0,3.5,76.2,90.5,11.0,71.9,3.5,8.8,70.2,20.3,8.1,20.5,23.1,12.7,11.4,12.5,3.4,32.9,11.7,5.9,7.3,36.2,14.4,78.0,13.2,9.1,25.0,8.8,2.8,7.3,33.3,2.8,16.3,4.0,4.904999999999999,40,-0.5401143613519428,0.012668674808383617,-0.2637228432717796,0.19456864622630482,0.40529531568228105,635.4611985751116,1323.69450101833,1106,592,877,-0.23781876242591699,-0.4883061996602176,896,District of Columbia
11001005801,DC,District of Columbia,District of Columbia,11001,1672,1570,-77.0205095,38.8975634,5.2,15.7,24.2,24.2,70.2,5.8,8.7,3.5,74.1,89.4,10.1,68.1,3.5,7.9,69.3,21.7,6.9,18.4,20.0,9.4,7.8,10.6,4.1,34.8,7.6,5.0,5.6,34.3,13.2,71.9,12.5,7.2,19.1,8.2,2.1,4.8,29.5,2.2,9.3,3.2,4.5375000000000005,40,-1.0182800275201176,0.24580544065490673,-0.38623729343260543,0.16623790131081823,0.32450780719619826,277.94977099168807,542.5770536320435,1303,439,996,-0.24463038557981193,-0.7350662118145306,905,District of Columbia
11001007808,DC,District of Columbia,District of Columbia,11001,3792,2833,-76.9192026,38.8922212,10.5,24.2,16.2,42.5,76.5,5.0,13.0,6.3,80.1,87.8,18.2,66.3,8.0,17.0,52.4,20.8,14.8,34.5,31.3,35.0,38.9,25.7,4.8,35.9,26.7,12.9,17.9,42.7,27.1,73.3,18.0,19.3,35.0,14.3,7.2,19.3,42.6,5.7,33.8,9.6,7.1875,40,1.5544655496498279,1.1164825947802077,1.3354740722150178,0.5643735126956495,0.9769178547182621,2140.104360141903,3704.47250509165,62,117,35,1.1084466885236153,1.100410782267023,41,District of Columbia
11001008402,DC,District of Columbia,District of Columbia,11001,2447,2116,-76.991021,38.898596,3.6,15.2,26.9,23.8,70.9,5.7,9.5,2.7,75.2,91.4,8.6,71.6,2.4,5.6,75.9,21.8,5.5,15.7,18.3,6.4,5.3,8.1,2.9,31.0,6.7,4.1,4.5,33.6,9.6,79.7,11.9,6.1,21.0,6.8,1.7,4.3,29.7,2.0,8.0,2.5,4.092499999999999,40,-1.1635395289772192,-0.37044986115965245,-0.7669946950684359,0.07818999507389843,0.05974202308214528,191.33091794582944,146.1887304820095,1348,979,1386,-0.6426716767339299,-0.9148934923082073,1397,District of Columbia
11001007604,DC,District of Columbia,District of Columbia,11001,3803,3083,-76.9638007,38.8660921,6.8,25.3,16.7,42.8,79.7,6.1,12.0,5.9,82.0,91.8,13.4,69.5,6.3,12.6,60.6,18.9,13.8,28.7,27.9,22.3,23.4,19.5,4.6,38.0,18.5,9.1,11.6,38.8,21.2,76.3,14.7,16.3,31.9,12.2,5.4,12.8,40.5,5.1,22.1,6.7,6.205,40,1.1549199993846897,0.1222808495604183,0.638600424472554,0.40322558666243763,0.8424983027834352,1533.4669060772503,3204.021045485404,143,518,233,0.4786128518853443,0.8349448542102703,254,District of Columbia
11001002503,DC,District of Columbia,District of Columbia,11001,3031,2622,-77.0271734,38.9386375,6.4,12.1,27.8,21.3,64.6,4.0,9.4,2.3,72.4,89.2,10.4,71.1,2.3,7.1,73.7,21.2,5.2,16.9,22.1,10.1,8.1,9.6,2.6,28.2,10.1,4.7,6.2,36.8,11.4,80.3,13.2,5.8,21.9,7.2,1.9,5.8,31.4,1.7,5.4,2.9,4.4025,40,-1.371385259639353,-0.026715240091419862,-0.6990502498653864,0.09390174779323066,0.1120162932790224,284.6161975612821,339.5213849287169,1389,630,1309,-0.6142633552552114,-1.2018114704190028,1373,District of Columbia
11001007709,DC,District of Columbia,District of Columbia,11001,2072,1643,-76.9675363,38.879862,9.2,25.9,16.7,44.2,78.6,5.5,12.8,6.3,80.8,90.1,16.4,67.8,7.6,16.5,51.2,20.0,15.1,32.8,32.4,29.7,31.5,23.7,4.7,38.1,24.2,11.1,14.8,42.2,25.3,75.9,17.0,18.8,34.6,14.2,6.6,16.3,43.6,5.7,25.3,8.0,6.110000000000001,40,1.5811105917096426,0.5995035422083479,1.0903070669589954,0.5076800869121247,0.945010183299389,1051.9131400819224,1958.061099796334,57,247,82,0.8783349455766174,1.157166348944887,95,District of Columbia
11001001200,DC,District of Columbia,District of Columbia,11001,5371,4377,-77.0705215,38.9462221,3.5,17.7,25.2,24.0,72.4,8.2,9.1,3.5,76.5,91.8,8.4,74.0,3.0,5.4,80.6,22.0,5.6,16.4,16.5,5.4,4.1,8.1,4.1,35.0,5.4,4.1,4.0,31.9,9.5,77.6,11.3,6.3,19.0,7.4,1.7,3.4,25.8,2.0,3.0,2.4,3.865,40,-1.0531144395600427,-0.6030061330127341,-0.8280602862863884,0.06406893681800978,0.03054989816700611,344.11425964953054,164.08350305498982,1320,1208,1429,-0.6302935418456082,-0.6575809506784822,1390,District of Columbia
11001004100,DC,District of Columbia,District of Columbia,11001,2836,2606,-77.0516151,38.9159337,3.6,18.8,24.4,25.9,74.4,9.0,8.7,4.1,76.7,91.8,8.1,75.6,3.3,5.4,78.0,21.6,6.3,16.9,16.1,5.3,4.1,8.5,4.7,36.9,5.0,4.0,3.8,30.9,9.8,77.8,10.8,6.7,18.8,7.6,1.8,3.2,25.9,2.2,3.2,2.5,4.059999999999999,40,-0.9062304576193504,-0.6519939680254472,-0.7791122128223988,0.07538789047280237,0.05363204344874406,213.80005738086751,152.10047522063815,1271,1232,1395,-0.573989877168611,-0.495985786311775,1316,District of Columbia
11001007806,DC,District of Columbia,District of Columbia,11001,3457,2888,-76.932552,38.9055926,8.1,21.3,17.8,37.9,74.9,4.6,12.7,4.5,80.0,90.4,15.3,64.8,5.6,14.5,59.1,20.5,11.7,27.9,30.9,27.0,28.2,19.7,3.6,34.1,23.3,9.6,13.6,42.0,21.9,76.3,17.0,14.4,33.2,12.1,5.1,15.5,42.2,4.1,16.6,6.5,6.395,40,0.6726160342666267,0.40534396773872217,0.5389800010026744,0.3801889505595696,0.813306177868296,1314.313202084432,2811.599456890699,320,339,276,0.40283889343598656,0.400333819133251,303,District of Columbia
11001003801,DC,District of Columbia,District of Columbia,11001,1800,1642,-77.0389415,38.9197759,3.2,10.6,31.1,16.8,61.6,4.8,8.7,1.8,71.9,91.0,7.6,72.6,1.6,4.0,80.4,22.5,3.5,11.9,16.6,4.1,2.8,5.7,2.4,27.6,5.0,3.0,3.4,33.1,6.9,80.9,11.4,3.3,18.0,5.4,1.1,3.0,26.6,1.1,2.7,1.6,3.475,40,-1.863760000016228,-0.34648441152108117,-1.1051222057686545,0.0,0.0006788866259334691,0.0,1.2219959266802443,1461,947,1473,-0.9245881632682915,-1.5026919150155018,1473,District of Columbia
11001004401,DC,District of Columbia,District of Columbia,11001,3430,3236,-77.0282129,38.9186825,3.4,9.4,32.2,15.8,57.0,3.9,8.5,1.6,70.4,90.0,8.0,69.1,1.5,4.8,80.4,22.4,3.2,12.0,17.7,4.7,3.3,5.9,2.2,26.4,5.3,3.1,3.7,33.6,7.2,80.3,11.9,3.2,17.9,5.4,1.1,3.2,27.1,1.0,2.7,1.6,3.6800000000000006,40,-1.9817871347621498,-0.0803905900637249,-1.0310888624129373,0.017119774549844154,0.002036659877800407,58.72082670596545,6.985743380855396,1468,690,1471,-0.8644202048320289,-1.6484498196003328,1470,District of Columbia
11001008803,DC,District of Columbia,District of Columbia,11001,4036,3569,-76.9913622,38.9104603,7.6,10.9,26.8,22.5,60.0,2.6,10.6,2.4,71.1,83.7,15.2,64.9,3.1,10.3,59.8,23.7,5.8,22.1,25.9,18.2,16.9,13.2,2.6,25.3,15.7,7.2,10.8,41.8,14.7,72.6,17.5,6.7,25.1,8.5,2.7,10.1,36.5,1.9,17.5,4.2,5.3900000000000015,40,-1.0877292060206405,1.214948444548008,0.0636096192636838,0.27026235000146576,0.5831636116768499,1090.7788446059158,2353.6483367277665,1327,97,615,0.0927608813765356,-1.029426681794937,552,District of Columbia
11001001304,DC,District of Columbia,District of Columbia,11001,4018,3831,-77.0554702,38.9367508,3.5,14.6,27.9,19.7,67.8,7.0,9.0,2.6,74.1,91.5,8.1,76.1,2.3,4.7,81.1,23.1,4.2,14.2,16.4,4.6,3.4,6.6,3.3,31.3,5.1,3.5,3.6,32.7,8.1,78.3,11.6,4.7,18.0,6.4,1.3,3.1,25.5,1.5,2.9,1.9,3.84,40,-1.4835718881588407,-0.5202895200071318,-1.0019307040829863,0.02386242690445879,0.004073319755600814,95.87923130211543,16.36659877800407,1407,1132,1468,-0.7872923571745789,-1.054295194342026,1467,District of Columbia
11001009700,DC,District of Columbia,District of Columbia,11001,3188,2414,-76.9870248,38.8354183,9.3,24.4,16.3,42.6,77.2,5.1,12.9,6.1,80.7,88.9,17.1,64.3,7.5,16.0,54.1,20.4,14.5,32.9,31.3,32.3,35.5,23.9,4.6,36.2,25.2,11.8,16.4,42.5,25.6,76.6,17.4,18.3,34.6,13.8,6.6,17.8,42.5,5.5,17.9,8.6,6.9325,40,1.4512668663024804,0.5784447918127483,1.0148558290576144,0.4902324326008521,0.9321113374066531,1562.8609951315163,2971.57094365241,79,257,101,0.8007045137704047,1.0229642357280613,122,District of Columbia
11001001002,DC,District of Columbia,District of Columbia,11001,3643,3218,-77.0788872,38.9384216,3.6,14.6,26.5,20.5,67.3,6.2,9.4,2.7,74.2,89.7,9.5,70.1,2.7,5.7,76.2,23.5,4.7,16.2,17.8,6.5,5.1,8.0,3.4,30.6,6.3,4.4,4.7,34.7,9.5,76.7,12.9,5.5,18.8,7.1,1.6,4.0,28.4,1.7,3.6,2.4,4.0675,40,-1.3312193983408624,-0.17484600661057176,-0.7530327024757171,0.0814186236163845,0.06856754921928038,296.60804583448873,249.7915818058384,1380,780,1373,-0.5749624819806278,-0.9750789573506838,1319,District of Columbia
11001008410,DC,District of Columbia,District of Columbia,11001,1843,1523,-76.9911234,38.9015543,4.5,12.5,28.0,21.3,65.3,4.2,9.7,2.2,73.1,89.7,10.0,70.0,2.3,6.9,74.3,22.3,4.9,16.0,21.1,8.6,7.1,8.7,2.5,28.2,8.7,4.6,5.6,36.3,10.3,81.1,13.4,5.5,21.2,6.9,1.8,5.3,31.1,1.7,3.2,2.6,4.5025,40,-1.363963348206936,-0.19026574366571053,-0.7771145459363232,0.07584983917274127,0.054989816700611,139.79125359536215,101.34623217922606,1386,799,1393,-0.6731732792107366,-1.1560808147557626,1415,District of Columbia
11001005003,DC,District of Columbia,District of Columbia,11001,2143,2058,-77.0307609,38.9074041,4.9,12.0,28.7,19.2,62.2,4.1,9.8,2.1,71.5,88.3,10.7,70.7,2.5,6.9,76.4,24.2,4.5,16.3,19.2,8.9,7.6,9.0,2.6,27.8,8.4,4.8,5.8,35.9,10.3,78.2,13.9,5.3,20.9,7.2,1.8,5.3,28.7,1.5,6.4,2.7,4.7475000000000005,40,-1.4444642189820063,0.09564784314127325,-0.6744081879203665,0.09960007946136891,0.12559402579769177,213.44297028571359,269.1479972844535,1401,532,1289,-0.5368730642548918,-1.1693939716510569,1263,District of Columbia
11001007603,DC,District of Columbia,District of Columbia,11001,4185,3503,-76.9585469,38.859109,5.1,23.1,17.8,39.1,79.2,6.4,11.4,4.7,82.5,93.2,10.8,77.1,4.5,9.0,71.5,17.8,11.2,23.6,26.4,15.1,14.2,14.5,3.8,36.7,14.2,6.8,8.4,37.8,16.5,76.4,13.1,12.5,28.8,9.9,3.7,9.2,35.6,4.0,12.7,4.7,5.3575,40,0.43810932259848817,-0.5325712882439979,-0.04723098282275487,0.24463111368715612,0.517990495587237,1023.7812107807483,2167.7902240325866,430,1143,711,-0.1328214848089224,0.2669283186261531,785,District of Columbia
11001003901,DC,District of Columbia,District of Columbia,11001,2598,2428,-77.0401076,38.9254851,3.8,10.1,30.9,16.4,60.7,4.2,8.9,1.8,71.1,90.0,8.5,74.7,1.6,4.6,80.0,23.4,3.6,13.0,17.7,5.2,3.7,6.3,2.3,26.5,5.8,3.4,4.0,34.6,7.6,81.2,12.4,3.6,18.2,5.6,1.1,3.4,26.9,1.2,2.5,1.8,3.8650000000000007,40,-1.8431873203587477,-0.2961076732284557,-1.0696474967936016,0.008203317482991107,0.0013577732518669382,21.312218820810894,3.5274949083503055,1460,899,1472,-0.9003637107860374,-1.504619748343619,1472,District of Columbia
11001002703,DC,District of Columbia,District of Columbia,11001,2614,2264,-77.0397435,38.9334921,5.5,13.0,28.1,20.3,66.3,5.4,8.7,2.6,72.7,90.4,9.2,65.9,2.2,6.0,74.4,21.3,5.0,16.0,19.1,7.1,5.1,8.5,3.4,30.4,7.1,4.0,4.6,34.1,10.3,78.8,11.9,5.5,19.2,6.9,1.6,4.0,28.8,1.6,6.2,2.6,4.4350000000000005,40,-1.4837216134085693,-0.0013343739930988991,-0.7425279937008341,0.08384777564148858,0.08010862186014936,219.17808552685116,209.4039375424304,1409,602,1356,-0.5934270601903575,-1.1855197463876161,1340,District of Columbia
11001003400,DC,District of Columbia,District of Columbia,11001,5120,4747,-77.0177044,38.9221674,6.5,8.9,26.4,16.8,54.4,2.3,11.5,1.8,70.7,81.4,16.7,68.4,2.6,8.0,69.2,26.6,4.0,22.3,25.2,16.8,14.1,11.5,2.3,21.5,13.2,7.7,11.0,45.8,13.1,78.9,19.4,5.5,20.3,7.8,2.1,8.0,32.0,1.5,11.1,3.8,5.0475,40,-1.4416649841462688,0.8550482667658992,-0.2933083586901848,0.18772717006237682,0.3869653767820774,961.1631107193693,1981.262729124236,1399,166,904,-0.2149479222069468,-1.2849441111797928,870,District of Columbia
11001009602,DC,District of Columbia,District of Columbia,11001,4481,3090,-76.9523616,38.9035769,14.4,24.7,15.2,44.0,73.3,4.0,14.8,6.5,78.5,83.6,24.5,61.1,11.2,25.3,40.5,24.7,16.6,41.4,33.3,52.3,61.8,34.3,4.9,34.8,38.8,18.7,27.6,45.4,35.1,70.7,22.6,23.6,41.0,17.8,10.5,31.4,46.5,6.4,23.0,14.1,8.169999999999998,40,2.2941833696083513,1.8313542017839106,2.062768785696131,0.7325561309824491,0.9945689069925322,3282.5840229323544,4456.663272233537,11,35,9,1.7636978757816113,1.696041549779312,10,District of Columbia
11001008100,DC,District of Columbia,District of Columbia,11001,3153,2601,-76.9925272,38.893171,3.0,13.2,30.0,19.0,65.3,6.2,8.9,2.3,73.4,91.7,7.7,71.4,2.0,4.8,82.2,22.9,3.9,13.0,16.4,4.2,3.0,6.2,2.8,30.3,4.8,3.2,3.3,32.2,7.4,76.6,11.5,4.1,18.2,6.0,1.2,2.9,26.0,1.4,3.9,1.7,3.825,40,-1.6101370859154787,-0.318142819883387,-0.9641399528994328,0.0326013155052764,0.008146639511201629,102.7919477881365,25.686354378818734,1427,920,1462,-0.7598880209014691,-1.2016332219195511,1453,District of Columbia
11001008301,DC,District of Columbia,District of Columbia,11001,3220,2781,-77.0008008,38.8970373,3.4,11.6,30.7,17.7,61.7,4.9,9.2,2.0,71.8,90.0,8.7,73.2,2.0,5.3,79.7,23.7,3.7,13.5,17.5,5.2,4.0,6.5,2.6,27.8,5.8,3.6,4.1,34.1,7.8,79.4,12.6,3.9,18.7,6.0,1.2,3.6,27.1,1.3,3.8,1.8,3.9175,40,-1.6810379575165244,-0.22176125975632077,-0.9513996086364226,0.03554744506776483,0.010183299389002037,114.46277311820276,32.79022403258656,1437,827,1459,-0.7740662999635975,-1.3263713401708743,1459,District of Columbia
11001001303,DC,District of Columbia,District of Columbia,11001,3763,3449,-77.0589323,38.9446266,4.4,18.1,24.4,24.9,72.7,8.1,9.3,3.8,75.8,90.8,9.4,74.5,3.4,6.2,75.4,22.4,6.0,18.4,17.8,7.1,5.9,9.3,4.5,34.4,6.6,4.7,4.8,33.4,11.1,77.3,12.1,7.2,19.6,7.9,1.9,4.2,27.5,2.2,5.0,2.8,4.195,40,-0.8992596442022112,-0.4099499616623386,-0.6546048029322749,0.10417949558595105,0.13917175831636117,392.0274418899338,523.703326544467,1268,1027,1269,-0.4795198880888123,-0.5490898145152859,1189,District of Columbia
11001007502,DC,District of Columbia,District of Columbia,11001,4687,3418,-76.9697843,38.8568592,9.7,25.6,16.0,44.3,78.1,5.2,13.0,6.5,80.8,88.9,17.7,67.6,8.1,17.4,55.4,20.4,15.5,34.4,32.9,33.9,37.2,25.1,4.8,37.3,26.3,12.1,16.7,43.3,27.3,76.5,18.0,19.5,35.4,14.5,6.9,18.2,42.3,5.8,23.5,8.9,6.514999999999999,40,1.69305250437074,0.6064827054220391,1.1497676048963896,0.5214299860516187,0.9572301425661914,2443.942344623937,4486.537678207739,38,243,64,0.9151469396479868,1.2238111738739343,80,District of Columbia
11001006900,DC,District of Columbia,District of Columbia,11001,2799,2294,-76.9873112,38.8836933,2.9,14.8,27.9,22.4,69.1,6.1,9.2,2.5,75.2,92.4,7.7,71.0,2.2,5.3,78.9,21.9,5.0,13.8,17.3,4.9,3.9,7.0,2.8,31.7,5.5,3.5,3.7,31.9,8.3,79.7,11.3,5.1,20.1,6.5,1.5,3.6,28.7,1.7,4.4,2.0,3.895,40,-1.3341491970965929,-0.5030385535666034,-0.9185938753315981,0.043133577648896436,0.012898845892735914,120.73088383926112,36.10386965376782,1381,1113,1455,-0.7552511764598429,-1.0074637993530824,1451,District of Columbia
11001000903,DC,District of Columbia,District of Columbia,11001,4202,3953,-77.093331,38.9376821,5.0,7.6,28.7,12.0,51.7,2.9,10.2,1.6,69.2,80.9,15.0,71.1,2.0,4.9,72.2,26.5,2.5,19.3,23.4,9.8,5.7,8.0,2.5,20.2,7.8,6.0,7.6,46.3,9.8,74.0,18.4,3.7,14.4,6.5,1.2,4.0,29.2,1.0,8.3,2.6,4.584999999999999,40,-1.9717220405020042,0.8590116132572017,-0.5563552136224013,0.12689913436435996,0.21452817379497624,533.2301625990406,901.4473862864902,1467,164,1158,-0.4085150427245089,-1.6760416987062194,1092,District of Columbia
11001000400,DC,District of Columbia,District of Columbia,11001,1643,1410,-77.0649214,38.9227989,4.8,21.3,23.0,28.7,76.1,9.7,9.0,4.9,77.6,91.7,9.3,75.8,4.3,7.0,80.0,21.3,7.5,20.0,17.4,7.2,5.9,10.8,5.5,39.2,6.1,5.0,4.6,31.7,12.3,76.9,11.3,8.8,20.0,9.0,2.4,3.8,25.0,2.7,3.1,3.2,4.315,40,-0.48820991538711195,-0.6603018384484701,-0.574255876917791,0.12275971142303366,0.2043448744059742,201.6942058680443,335.73862864901565,1074,1239,1173,-0.3952695869421841,-0.13023733543589813,1076,District of Columbia
11001007504,DC,District of Columbia,District of Columbia,11001,2730,1960,-76.9796257,38.8609955,10.1,22.9,17.5,41.5,74.4,4.4,13.2,5.7,79.0,87.4,18.6,63.9,7.8,18.5,53.7,21.8,14.2,33.4,31.6,36.0,40.7,25.3,4.4,35.0,28.6,12.6,18.7,42.6,26.2,74.2,18.9,18.0,36.6,14.4,7.2,21.2,43.8,5.2,26.4,9.2,7.2575,40,1.395217360862873,1.0726197014883319,1.2339185311756025,0.540889392053839,0.9646978954514596,1476.6280403069804,2633.6252545824846,90,124,53,1.0235863930543736,0.9745530846204155,55,District of Columbia
11001002302,DC,District of Columbia,District of Columbia,11001,1762,1495,-77.0095843,38.934127,6.7,26.4,15.9,41.2,82.4,12.2,9.1,9.4,82.5,93.0,10.5,74.3,5.6,7.4,70.9,16.1,10.7,29.6,23.5,11.5,10.2,15.0,10.7,41.1,9.9,7.1,6.7,35.3,17.4,79.6,11.0,14.4,21.7,10.5,3.6,6.1,29.8,5.1,6.4,5.1,5.725,40,0.824284962525027,-0.7594656335097145,0.032409664507656255,0.2630475442507367,0.5621181262729125,463.489772969798,990.4521384928718,258,1292,646,0.020044624589728943,0.7995548826891724,633,District of Columbia
11001000502,DC,District of Columbia,District of Columbia,11001,3418,2972,-77.0595624,38.9283547,3.7,17.7,25.7,23.8,72.5,8.5,9.0,3.5,76.1,92.1,8.3,76.1,3.0,5.4,77.5,22.4,5.5,16.1,16.1,5.0,3.8,7.9,4.2,35.4,5.1,3.9,3.7,31.5,9.3,78.8,11.3,6.1,18.6,7.3,1.6,3.1,26.2,2.0,2.6,2.3,4.0200000000000005,40,-1.0770771166009725,-0.659129207432077,-0.8681031620165247,0.0548092576821705,0.02240325865580448,187.33804275765877,76.57433808553971,1325,1238,1441,-0.6516099761896808,-0.6440907449472846,1405,District of Columbia
11001002501,DC,District of Columbia,District of Columbia,11001,2688,2190,-77.0317348,38.9446515,6.1,17.8,23.5,29.3,74.6,6.0,9.5,3.6,77.3,92.0,9.6,73.1,3.1,7.3,74.4,19.0,8.0,19.3,22.2,10.0,8.0,11.2,3.6,34.6,9.9,5.0,5.9,35.0,13.2,79.9,11.9,8.6,23.7,8.4,2.5,5.8,32.1,2.7,5.2,3.5,4.4425,40,-0.635786346944495,-0.5059747748185809,-0.5708805608815379,0.12354023337376444,0.20706042090970808,332.0761473086788,556.5784114052954,1158,1121,1169,-0.5199087617034301,-0.5338427485882794,1240,District of Columbia
11001001600,DC,District of Columbia,District of Columbia,11001,4471,3466,-77.0382324,38.9849725,4.0,23.7,18.4,37.3,81.3,8.7,9.9,5.0,82.9,94.7,8.1,76.5,3.8,6.1,78.7,16.9,9.9,20.6,20.8,8.2,6.9,11.3,4.5,39.8,7.8,5.1,5.1,32.8,12.9,80.3,10.0,10.6,23.3,8.7,2.8,5.0,30.3,3.6,4.2,3.7,4.5625,40,0.051233900024701975,-1.116492807931581,-0.5326294539534395,0.13238557652873428,0.23421588594704684,591.895912659971,1047.1792260692464,650,1449,1129,-0.5058233032658466,0.10484620139988782,1221,District of Columbia
11001007403,DC,District of Columbia,District of Columbia,11001,2613,1698,-76.9743805,38.8484714,15.8,24.4,15.7,44.5,71.6,3.7,15.4,6.7,77.6,82.0,27.2,53.9,11.9,28.5,39.0,25.7,16.8,44.2,36.1,57.7,67.6,37.0,5.1,34.2,43.6,20.5,31.0,47.5,37.1,67.2,24.7,24.6,42.7,19.1,11.5,35.2,48.4,6.6,35.8,15.1,7.6425,40,2.4877612345108315,2.6024684094064736,2.5451148219586526,0.8440958105582956,0.9979633401221996,2205.6223529888266,2607.6782077393073,9,12,4,2.223149674974958,1.8438309405434423,5,District of Columbia
11001002202,DC,District of Columbia,District of Columbia,11001,3339,2556,-77.0118821,38.9479653,9.8,17.0,22.8,29.8,71.5,4.6,10.2,3.6,75.4,89.3,12.8,68.8,3.9,10.6,65.2,19.7,8.8,23.1,26.0,17.9,16.0,15.4,3.5,32.8,15.8,6.9,9.4,38.2,17.4,76.1,14.2,10.3,27.1,10.0,3.4,9.5,35.8,3.0,10.6,4.9,5.3325,40,-0.38967541202465095,0.30618019718153505,-0.04174760742155795,0.24589911194828562,0.5213849287169042,821.0571347953257,1740.9042769857433,996,393,706,-0.057528477321224625,-0.4212371518239843,717,District of Columbia
11001001301,DC,District of Columbia,District of Columbia,11001,4160,3452,-77.0520508,38.9519215,3.8,18.8,23.5,26.2,74.3,8.6,9.2,4.0,77.4,92.0,8.7,73.3,3.3,5.8,78.5,21.1,6.4,17.9,17.8,6.4,5.0,9.0,4.6,35.9,6.1,4.5,4.4,32.6,10.6,78.3,11.4,7.3,19.5,7.8,1.9,3.9,27.0,2.3,3.2,2.7,4.05,40,-0.8317983073164298,-0.6343415214146471,-0.7330699143655384,0.08603490077396848,0.08757637474541752,357.9051872197089,364.31771894093686,1248,1222,1345,-0.5627198587821886,-0.49109819614973005,1298,District of Columbia
11001000804,DC,District of Columbia,District of Columbia,11001,3832,3035,-77.0918347,38.9221746,3.2,18.1,24.4,24.0,74.3,8.8,9.1,3.7,77.1,91.2,8.7,74.1,3.1,5.3,78.8,21.6,5.6,17.0,17.4,5.1,3.5,8.0,4.4,35.4,4.7,4.2,3.8,33.6,9.6,76.7,11.5,6.5,17.2,7.5,1.7,2.8,26.3,2.1,4.1,2.3,3.9075,40,-1.034547958281322,-0.5771071338018076,-0.8058275460415647,0.06921012703533953,0.041412084181941616,265.2132067994211,158.6911065852003,1310,1183,1413,-0.6014479514919038,-0.625788769182,1356,District of Columbia
11001004801,DC,District of Columbia,District of Columbia,11001,2820,2585,-77.0195344,38.9117413,5.5,13.3,28.3,23.3,67.1,4.5,9.3,2.9,71.9,88.1,10.8,73.4,2.9,7.7,71.4,22.4,5.9,18.0,20.5,9.5,8.3,10.1,3.1,29.5,8.7,5.0,6.1,35.5,11.3,76.9,13.4,6.3,21.7,7.5,2.1,5.5,31.2,2.1,7.6,3.0,4.775,40,-1.1416934124112361,0.09710609000224643,-0.5222936612044948,0.1347756677178577,0.24100475220638154,380.0673829643587,679.633401221996,1341,531,1119,-0.4289860034373744,-0.9550780968769953,1120,District of Columbia
11001000300,DC,District of Columbia,District of Columbia,11001,6161,5081,-77.0748728,38.9179099,4.0,13.4,28.8,18.7,65.3,6.0,9.2,2.5,72.7,89.3,9.4,69.9,2.5,5.6,77.1,23.8,4.1,15.4,17.5,5.8,4.3,7.5,3.2,29.7,5.7,4.1,4.3,34.7,8.8,76.0,12.7,4.9,17.8,6.7,1.4,3.4,26.6,1.5,7.8,2.2,4.2525,40,-1.5109988363053994,0.019966216984992742,-0.7455163096602033,0.08315674517887268,0.07807196198234895,512.3287070470346,481.00135777325187,1415,583,1359,-0.5508978697208796,-1.121761956426752,1280,District of Columbia
11001008702,DC,District of Columbia,District of Columbia,11001,3574,3181,-77.0013085,38.9150961,5.0,11.6,27.8,21.1,62.8,3.5,9.9,2.0,72.8,89.0,10.4,67.8,2.3,6.8,74.1,22.0,4.9,16.3,22.0,10.0,8.5,9.0,2.3,26.6,10.1,4.7,6.5,37.5,10.5,81.3,13.8,5.3,22.5,6.8,1.8,6.3,31.9,1.6,5.9,2.7,4.445,40,-1.3784945677546943,0.015028884504351877,-0.6817328416251712,0.09790629643877286,0.1208418194161575,349.9171034721742,431.8886625933469,1390,590,1296,-0.6088689539330583,-1.2327667923704684,1365,District of Columbia
11001009511,DC,District of Columbia,District of Columbia,11001,2066,2042,-77.0010516,38.9372097,20.3,11.8,21.4,26.9,48.2,2.0,12.9,4.2,68.4,66.9,32.8,42.0,8.2,23.0,35.1,31.7,8.0,45.4,27.9,58.1,66.4,33.6,5.6,24.7,38.0,21.7,35.3,47.0,33.8,62.8,28.2,13.7,34.8,16.5,7.4,31.5,41.0,3.0,43.1,15.4,7.352500000000001,40,0.17518414969448778,4.5904742009287895,2.3828291753116386,0.8065682107317778,0.9972844534962662,1666.3699233718528,2060.389680923286,582,3,5,2.3421107786105604,0.09374735629233143,4,District of Columbia
11001002704,DC,District of Columbia,District of Columbia,11001,2993,2480,-77.0427534,38.9345766,7.5,13.1,27.5,21.3,65.3,4.7,9.0,2.7,72.0,89.0,10.7,66.0,2.7,7.3,70.5,21.2,5.7,17.8,21.1,10.4,7.8,10.5,3.2,30.5,9.8,4.8,6.2,35.6,12.1,77.4,12.9,6.3,21.5,7.9,2.0,5.4,30.2,1.8,7.0,3.2,4.632499999999999,40,-1.2955978654273752,0.2781789069759946,-0.5087094792256903,0.1379169297814091,0.2484725050916497,412.7853708357574,743.6782077393076,1371,410,1108,-0.398913269212676,-1.0760054454013466,1080,District of Columbia
11001007201,DC,District of Columbia,District of Columbia,11001,2985,2786,-76.9999179,38.8738481,3.6,8.0,33.5,14.0,50.1,3.2,9.0,1.2,69.2,88.9,8.9,66.1,1.4,5.0,79.4,23.8,2.5,12.3,18.4,5.5,4.1,5.9,1.9,23.4,6.4,3.3,4.3,35.5,7.1,78.7,13.1,2.7,18.7,5.3,1.0,3.9,27.7,0.9,3.0,1.6,3.955,40,-2.068990673131397,0.2676911707740618,-0.9006497511786677,0.04728305065751826,0.015614392396469789,141.139906212692,46.60896130346232,1471,415,1451,-0.7433022965460898,-1.7542957638662413,1448,District of Columbia
11001000202,DC,District of Columbia,District of Columbia,11001,4672,4212,-77.0696362,38.9063048,4.1,14.7,27.3,20.3,68.5,6.5,9.5,3.2,73.1,87.1,11.2,74.4,3.2,6.0,77.1,24.4,4.8,18.5,18.4,7.0,5.1,8.6,4.0,30.2,6.0,5.1,5.2,36.9,10.0,74.5,14.1,6.0,17.3,7.5,1.7,3.6,26.0,1.8,5.5,2.6,4.4175,40,-1.2481298394887885,-0.04071995933061312,-0.6444248994097008,0.10653353830975805,0.14799728445349628,497.7246909831896,691.4433129667347,1362,650,1256,-0.46249255428865543,-0.8842651492466977,1162,District of Columbia
11001001702,DC,District of Columbia,District of Columbia,11001,3356,2799,-77.0160682,38.9717231,5.1,17.7,23.4,28.1,74.0,6.3,9.9,3.4,77.6,92.3,9.4,73.7,3.1,7.0,73.5,20.0,7.1,18.3,21.2,9.2,7.6,10.4,3.4,33.8,8.9,4.9,5.6,34.7,11.9,80.3,11.9,8.0,22.6,8.0,2.3,5.4,31.6,2.5,10.9,3.2,4.5875,40,-0.717204122232747,-0.44728756794712243,-0.5822458450899347,0.12091207834897004,0.1975560081466395,405.78093493914344,662.9979633401222,1198,1067,1183,-0.5073508475568496,-0.5674141271665766,1224,District of Columbia
11001004202,DC,District of Columbia,District of Columbia,11001,2850,2736,-77.0430254,38.9134023,3.9,11.4,30.2,17.5,61.0,5.0,9.0,2.3,71.0,88.7,9.5,74.0,2.2,5.3,76.4,24.6,3.8,14.8,16.9,5.8,4.5,7.1,3.0,27.6,5.9,3.9,4.5,34.4,8.4,77.0,13.1,4.1,18.6,6.3,1.3,3.7,27.0,1.3,5.1,2.1,4.0675,40,-1.6656537146789798,0.009226834122932582,-0.8282134402780236,0.06403352085961377,0.029192124915139173,182.49553444989922,83.19755600814665,1434,594,1431,-0.639603425176293,-1.2884336844755186,1396,District of Columbia
11001003100,DC,District of Columbia,District of Columbia,11001,3873,3329,-77.0254235,38.930617,5.9,10.2,29.9,17.8,60.4,3.6,9.0,1.8,70.9,89.0,9.8,70.5,1.8,5.8,73.2,21.6,4.1,15.1,20.6,8.1,5.9,8.1,2.4,26.3,8.4,4.1,5.3,36.5,9.7,79.6,12.8,4.5,19.9,6.3,1.5,4.6,30.2,1.3,6.8,2.4,4.14,40,-1.7295880908682602,0.13619201107572865,-0.7966980398962658,0.07132127155312748,0.04548540393754243,276.22728472526273,176.16496945010184,1445,508,1407,-0.6829504611243206,-1.5020929333243698,1423,District of Columbia
11001007408,DC,District of Columbia,District of Columbia,11001,2867,1884,-76.9706266,38.8525662,13.8,23.9,15.6,44.4,71.7,3.6,14.9,6.5,78.3,82.3,25.7,57.4,11.3,27.0,37.8,25.3,16.7,42.4,33.9,56.3,67.2,35.1,4.9,33.7,42.0,19.6,30.5,45.8,35.7,71.3,23.9,23.4,43.0,18.1,11.0,35.3,49.0,6.3,30.2,14.7,7.902500000000001,40,2.3232841296980733,2.20429896621755,2.263791547957812,0.7790414606098206,0.9966055668703326,2233.5118675683557,2857.268160217244,10,22,6,1.9515802912855773,1.6988616163536046,7,District of Columbia
11001007809,DC,District of Columbia,District of Columbia,11001,3155,2391,-76.9321955,38.9015402,10.2,22.3,18.0,39.8,74.9,4.6,12.6,5.2,78.9,88.5,17.0,62.8,6.7,16.4,49.8,20.4,12.9,31.2,32.4,31.0,32.9,22.7,4.1,34.9,25.2,10.9,15.5,43.0,24.6,71.8,17.5,16.5,33.8,13.2,5.9,16.8,43.1,4.8,23.2,7.7,6.6625,40,1.0142520692263945,1.0345844273313862,1.0244182482788904,0.49244368571734,0.9355057705363204,1553.6598284382076,2951.520706042091,187,129,96,0.8479262993088508,0.6612681712863154,105,District of Columbia
11001002001,DC,District of Columbia,District of Columbia,11001,2926,2250,-77.0351061,38.9597034,17.6,23.6,18.9,37.5,75.6,6.0,11.1,6.9,75.5,87.0,18.1,61.1,8.4,17.3,54.7,21.5,14.0,34.4,28.2,31.1,30.8,27.0,6.3,39.4,22.8,11.6,15.0,39.6,27.4,70.6,16.0,18.9,30.7,15.6,6.9,14.3,36.2,5.1,25.2,9.5,6.455,40,1.1644146753656313,1.3866277647370011,1.2755212200513162,0.5505097687913503,0.9694501018329938,1610.791583483491,2836.61099796334,139,74,46,1.1646908523003399,0.9427539398636788,32,District of Columbia
11001007401,DC,District of Columbia,District of Columbia,11001,1259,868,-76.9991203,38.8675208,14.4,26.1,15.4,46.4,75.2,4.3,14.5,7.6,78.8,84.6,24.1,60.3,11.8,25.9,43.3,23.9,18.3,42.1,34.0,51.3,60.2,35.0,5.5,36.8,38.0,18.2,26.8,44.8,35.1,66.8,22.0,24.8,41.4,18.4,11.0,30.3,47.3,7.0,24.8,14.1,7.847499999999999,40,2.634351421782729,1.8845946438884462,2.2594730328355874,0.778042829426472,0.9959266802443992,979.5559222479282,1253.8716904276987,5,32,7,1.927022140123481,1.9694496363585159,8,District of Columbia
11001003802,DC,District of Columbia,District of Columbia,11001,3911,3546,-77.0393505,38.922971,5.3,12.3,28.6,20.4,64.9,4.5,9.0,2.4,72.0,89.3,9.8,70.9,2.4,6.4,74.9,22.5,5.1,16.0,19.2,8.1,6.3,8.8,2.9,29.3,7.9,4.3,5.3,34.7,10.2,79.5,12.8,5.3,20.7,7.0,1.7,4.7,29.4,1.6,4.6,2.6,4.3775,40,-1.4425623236007925,-0.06934676372768774,-0.7559545436642401,0.0807429650529502,0.06653088934147998,315.7857363220882,260.2023082145282,1400,677,1376,-0.6220589786244973,-1.174771193521307,1380,District of Columbia
11001004702,DC,District of Columbia,District of Columbia,11001,3934,3715,-77.0136108,38.9008601,4.5,8.6,31.3,15.2,54.3,3.1,9.2,1.5,69.3,87.8,10.0,70.7,1.7,5.7,74.8,23.8,3.1,14.0,19.7,7.2,5.5,7.0,2.1,24.1,7.4,4.0,5.0,37.0,8.6,79.2,13.7,3.4,18.8,5.8,1.2,4.3,29.1,1.1,5.9,2.0,4.425,40,-1.9125329602047265,0.2660684188930201,-0.8232322706558532,0.06518538699263912,0.034623217922606926,256.43931242904233,136.20773930753566,1464,417,1423,-0.6823327202294012,-1.6307338593518224,1422,District of Columbia
11001000803,DC,District of Columbia,District of Columbia,11001,3174,2864,-77.0835217,38.9336425,3.7,19.2,23.0,25.0,76.0,8.9,9.5,4.2,77.1,89.6,9.9,73.9,3.6,5.1,77.5,22.9,6.3,19.8,16.7,6.3,4.7,9.2,5.0,34.7,5.4,5.1,4.8,34.5,10.8,77.7,12.4,7.8,17.6,8.0,2.0,3.4,25.4,2.4,5.5,2.9,4.2225,40,-0.7959647702776858,-0.5036505511150671,-0.6498076606963764,0.10528880646993362,0.1425661914460285,334.1866717355693,452.50509164969446,1232,1115,1264,-0.4634481560616685,-0.42324576100826994,1164,District of Columbia
11001004201,DC,District of Columbia,District of Columbia,11001,3548,3398,-77.0388456,38.9162076,4.2,10.0,32.0,15.9,57.6,4.2,9.0,1.9,69.7,88.4,9.6,71.2,2.0,5.5,78.4,24.6,3.3,14.1,17.8,5.9,4.4,6.9,2.5,26.2,6.0,3.8,4.4,35.2,8.0,77.1,13.3,3.7,18.1,6.1,1.2,3.6,26.5,1.1,3.2,1.9,4.455,40,-1.831867459818842,0.11744769745669721,-0.8572098811810724,0.057328264707356795,0.02308214528173795,203.4006831817019,81.89545145960625,1457,520,1440,-0.67445900394398,-1.466365705344657,1416,District of Columbia
11001003600,DC,District of Columbia,District of Columbia,11001,4775,4211,-77.0296273,38.9236744,5.7,12.5,28.0,21.6,66.4,4.2,9.5,2.5,72.2,88.6,10.7,71.9,2.5,6.9,71.4,22.5,5.4,17.3,20.9,9.5,7.6,9.5,2.8,28.4,9.1,4.9,6.0,36.7,11.1,79.4,13.6,5.9,21.4,7.2,1.9,5.4,31.1,1.8,6.8,2.9,4.5725,40,-1.3009537255878063,0.01636150536828762,-0.6422961101097593,0.10702580829551313,0.1500339443312967,511.0482346110752,716.4120841819417,1374,588,1253,-0.5420301885916614,-1.1004218825516106,1269,District of Columbia
11001009201,DC,District of Columbia,District of Columbia,11001,3103,2663,-76.9990184,38.9287161,6.2,12.1,27.1,20.8,62.4,3.6,10.3,2.3,72.1,86.7,12.6,67.2,2.8,8.3,71.7,24.0,5.2,19.1,21.8,12.6,11.2,10.9,2.7,26.9,11.5,6.0,7.9,38.5,12.4,75.9,15.5,6.2,22.6,7.9,2.2,7.2,31.6,1.8,6.5,3.4,4.8575,40,-1.2289966458734216,0.4166004592722197,-0.40619809330060097,0.16162208392252717,0.3122878479293958,501.5133264116018,969.0291921249151,1358,331,1014,-0.3190991289275952,-1.05479871712741,1003,District of Columbia
11001001003,DC,District of Columbia,District of Columbia,11001,3111,2257,-77.0930741,38.9492362,3.1,21.7,23.4,28.1,76.1,10.6,9.0,4.4,79.1,93.7,7.8,73.9,3.7,6.0,82.6,21.2,6.6,17.3,15.6,4.8,3.8,8.7,5.0,40.0,4.6,4.1,3.4,29.5,10.0,78.1,10.4,7.5,19.4,8.2,1.9,3.0,24.3,2.4,5.0,2.5,4.202500000000001,40,-0.663273416856014,-0.8377620009096683,-0.7505177088828412,0.0820002010699038,0.07060420909708079,255.10262552847072,219.64969450101833,1165,1347,1370,-0.5245480781450388,-0.21133415538040914,1249,District of Columbia
11001009604,DC,District of Columbia,District of Columbia,11001,1996,1640,-76.9585043,38.8931572,8.1,24.9,17.5,41.4,79.0,6.1,12.0,5.6,81.0,91.4,13.8,73.6,6.2,12.9,61.5,19.1,13.1,28.9,29.4,22.4,22.5,19.5,4.5,37.7,19.0,9.1,11.3,40.0,21.6,79.2,15.0,16.1,31.4,12.3,5.1,12.2,40.6,4.9,15.2,6.5,5.8725000000000005,40,1.0243646125411454,-0.12938572157887743,0.447489445481134,0.359032298529916,0.7820773930753564,716.6284678657124,1561.0264765784113,184,731,322,0.3053915736573081,0.7401688688934936,374,District of Columbia
11001007707,DC,District of Columbia,District of Columbia,11001,3927,2970,-76.9353432,38.8779453,10.2,24.6,16.4,42.6,77.6,5.4,12.7,6.2,80.3,89.2,17.0,67.8,7.5,16.1,54.6,19.7,14.2,33.4,32.4,31.2,33.2,24.1,4.8,36.7,24.5,11.7,15.5,42.9,26.0,72.9,17.0,18.8,33.4,13.9,6.5,16.4,41.6,5.6,27.1,8.5,6.74,40,1.4265699485301868,0.7979368800328965,1.1122534142815417,0.5127550504532054,0.9517990495587237,2013.5890831297374,3737.714867617108,83,188,72,0.9014782840146586,1.0050196879964206,83,District of Columbia
11001002801,DC,District of Columbia,District of Columbia,11001,4398,3721,-77.0345166,38.9349477,9.7,13.4,26.0,23.9,66.0,3.8,9.8,3.0,71.9,87.1,13.2,67.8,3.3,9.4,67.3,21.9,6.9,21.4,24.0,16.0,13.6,13.7,3.2,29.9,14.0,6.4,8.8,38.5,15.4,76.9,14.8,8.0,24.3,9.1,2.8,8.1,32.6,2.2,15.9,4.3,5.227500000000001,40,-0.9450485759565707,0.6421970496050963,-0.1514257631757372,0.22053668450079902,0.46300067888662594,969.9203384345141,2036.276985743381,1285,230,792,-0.10165629200450316,-0.8455096336141026,754,District of Columbia
11001002504,DC,District of Columbia,District of Columbia,11001,3349,2707,-77.0329275,38.9394498,9.6,14.0,25.7,23.9,66.8,4.4,9.3,3.0,72.6,88.4,12.0,66.8,3.2,8.7,69.0,21.1,6.9,20.4,22.1,14.2,11.9,13.2,3.4,31.2,12.5,5.8,7.8,36.2,14.8,77.3,13.4,7.9,23.8,8.9,2.7,7.2,31.9,2.2,8.8,4.2,4.93,40,-0.9960100847590267,0.38091332143623263,-0.3075483816613971,0.18443424863263122,0.3761031907671419,617.670298670682,1259.5695858791582,1297,347,920,-0.23896024820250025,-0.8588338178412331,898,District of Columbia
11001002002,DC,District of Columbia,District of Columbia,11001,4072,3198,-77.0310824,38.9525009,6.5,18.7,22.4,30.9,75.3,6.0,9.7,3.9,77.8,91.9,9.9,72.9,3.5,7.6,73.7,18.9,8.6,20.3,22.1,11.5,9.8,12.2,3.7,34.9,10.8,5.5,6.6,34.8,14.0,80.2,12.0,9.4,24.8,8.8,2.8,6.7,32.3,2.9,6.2,3.9,4.665000000000001,40,-0.4411730678825391,-0.4814896881331219,-0.46133137800783053,0.14887283660237016,0.27766463000678887,606.2101906448513,1130.6503733876443,1038,1092,1065,-0.43549204520286483,-0.3894944022726078,1128,District of Columbia
11001001901,DC,District of Columbia,District of Columbia,11001,4206,3316,-77.0236327,38.9646853,7.4,20.8,20.6,34.1,76.6,5.9,10.6,4.5,78.5,91.4,11.7,69.3,4.4,9.7,65.1,19.5,10.2,23.8,24.3,15.5,14.4,15.1,4.0,35.7,13.8,6.9,8.5,36.7,17.1,78.0,13.4,12.0,27.1,10.3,3.7,8.7,35.9,3.6,12.9,5.0,5.092499999999999,40,0.06847371661209006,-0.05542425571177925,0.006524730450155405,0.25706180572785564,0.5437881873727087,1081.2019548913609,2287.173116089613,642,662,673,-0.022325541489859168,0.010773172732060916,677,District of Columbia
11001004703,DC,District of Columbia,District of Columbia,11001,3331,3067,-77.0170713,38.9034762,8.9,13.8,25.2,23.9,62.8,3.6,10.6,3.3,70.5,83.3,16.3,67.3,4.5,12.7,62.9,26.3,7.0,25.0,23.5,20.4,21.0,15.8,3.8,29.0,15.7,8.6,11.4,39.7,17.9,77.4,17.9,8.9,25.1,10.2,3.3,10.5,33.1,2.4,14.4,5.3,5.75,40,-0.6954984588300072,0.9345397653238319,0.11952065324691236,0.283191447260284,0.6184657162253904,943.310710824006,2060.1093007467753,1183,144,563,0.18848186648007853,-0.5575760323636748,476,District of Columbia
11001004802,DC,District of Columbia,District of Columbia,11001,3634,3180,-77.0188917,38.9062118,5.4,14.5,25.4,24.6,70.2,4.6,9.7,2.7,74.4,89.9,10.3,69.2,2.8,7.3,66.9,20.7,6.4,17.8,22.6,10.2,8.4,10.1,2.9,30.7,9.7,5.0,6.1,36.9,12.1,78.3,13.1,7.0,21.9,7.6,2.1,5.7,33.1,2.2,6.8,3.1,4.62,40,-1.0385050502708388,-0.02018074922165726,-0.529342899746248,0.13314557282935544,0.2355736591989138,483.85101166187764,856.0746775288527,1314,621,1127,-0.46200975257214083,-0.9038387559226244,1161,District of Columbia
11001006804,DC,District of Columbia,District of Columbia,11001,2429,2413,-76.9704836,38.8863842,23.3,16.3,22.0,41.9,59.2,2.2,11.2,5.8,68.9,71.3,28.6,40.1,10.5,34.0,26.3,21.7,13.9,44.3,38.0,60.7,69.3,38.8,5.5,30.6,44.9,18.7,34.2,45.6,37.1,58.7,23.2,19.3,42.8,17.7,10.8,37.8,50.3,5.0,51.3,15.7,9.419999999999998,40,1.3272279832164053,4.7258716563147765,3.0265498197655907,0.9554248178578558,0.9993211133740665,2320.726882576732,2427.3509843856073,105,2,2,2.7402405744967564,0.7546094926787364,2,District of Columbia
11001009503,DC,District of Columbia,District of Columbia,11001,3106,2532,-76.9845276,38.9434458,5.7,24.4,18.6,39.1,80.2,7.4,10.7,5.6,81.1,92.4,11.0,73.7,5.2,9.5,68.5,18.7,11.6,25.3,23.9,14.3,13.9,15.5,4.9,38.6,12.2,7.3,7.9,35.7,17.3,79.6,12.6,13.7,26.9,10.6,4.0,8.1,35.0,4.4,10.9,5.2,5.192500000000001,40,0.5681164903864508,-0.5145355492328667,0.02679047057679207,0.26174813875467495,0.5580448065173116,812.9897189720205,1733.2871690427698,370,1127,652,-0.025991802479295334,0.46255194427427604,684,District of Columbia
11001008903,DC,District of Columbia,District of Columbia,11001,3062,2404,-76.977718,38.9041579,10.9,20.9,19.3,37.3,72.0,4.2,12.7,5.1,76.7,86.0,18.6,65.7,7.2,17.8,53.0,23.6,12.5,32.2,28.9,33.5,38.3,23.9,4.3,33.4,26.3,12.2,17.6,41.5,25.0,76.3,19.0,16.1,34.7,13.7,6.5,19.6,40.5,4.6,16.8,8.6,6.685,40,0.947348359606566,0.9330201285574147,0.9401842440819903,0.47296506843603364,0.9151391717583164,1448.219039551135,2802.156143923965,208,145,126,0.7985817601615068,0.6641433917655991,123,District of Columbia
11001007703,DC,District of Columbia,District of Columbia,11001,5227,3819,-76.947455,38.8863224,9.9,24.7,16.3,42.7,77.4,5.0,13.1,5.9,80.3,88.8,17.7,65.6,7.7,17.3,48.3,20.8,14.6,33.6,32.2,33.5,36.6,24.8,4.5,36.5,26.2,12.1,16.5,43.1,26.9,75.0,18.0,19.0,35.1,14.3,6.8,18.1,44.7,5.5,20.9,8.8,6.730000000000001,40,1.4902580878951903,0.7631660353550829,1.1267120616251365,0.5160985274812345,0.9538357094365241,2697.647003144413,4985.699253224711,73,200,69,0.9142364600109388,1.0653068846667948,81,District of Columbia
11001002802,DC,District of Columbia,District of Columbia,11001,4685,3955,-77.0346327,38.9294344,12.7,15.3,24.0,26.5,66.8,4.1,10.0,4.0,71.6,85.1,15.7,61.8,4.6,12.3,61.5,23.1,8.7,26.2,24.0,22.2,20.9,18.3,4.4,32.1,17.4,8.4,11.7,38.3,19.9,72.2,16.0,10.8,26.6,11.2,4.0,10.8,33.4,2.8,13.9,6.3,5.5025,40,-0.4601207226252531,1.1583307323953678,0.34910500488505736,0.3362814761859283,0.7379497623896809,1575.478715931074,3457.294636795655,1053,111,387,0.3775346236292392,-0.4032614851368894,314,District of Columbia
11001007903,DC,District of Columbia,District of Columbia,11001,1865,1509,-76.9743021,38.8964252,7.0,19.8,21.5,33.5,74.4,5.3,11.0,4.3,77.2,89.8,13.1,72.8,4.8,11.9,69.7,21.1,9.8,24.5,26.1,17.9,17.9,15.8,3.9,34.0,15.3,7.6,9.6,38.4,17.7,81.2,15.0,11.8,27.9,10.5,3.8,10.0,35.1,3.6,9.0,5.1,5.4975,40,0.0837887683096399,-0.2148875259721762,-0.06554937883126816,0.2403950925166183,0.5091649694501018,448.33684754349315,949.5926680244398,634,824,724,-0.10028236653094186,0.014322792910292481,753,District of Columbia
11001008302,DC,District of Columbia,District of Columbia,11001,3026,2557,-76.9966527,38.8963061,3.3,12.8,29.9,19.6,66.0,5.4,9.1,2.2,73.0,90.9,8.4,72.4,2.1,5.1,80.6,23.0,4.2,13.7,17.4,5.0,3.7,6.7,2.7,29.3,5.5,3.5,3.8,33.4,7.9,79.2,12.0,4.4,18.9,6.1,1.3,3.4,26.7,1.5,3.9,1.9,3.96,40,-1.5535264300345162,-0.360091287038298,-0.9568088585364071,0.03429658789214668,0.008825526137135099,103.78147496163585,26.706042090970808,1422,964,1461,-0.7834446624121205,-1.206798037785943,1466,District of Columbia
11001003200,DC,District of Columbia,District of Columbia,11001,5099,4250,-77.0211591,38.9322375,10.7,15.2,24.9,25.9,67.3,4.2,10.4,3.4,72.1,86.0,14.7,66.5,4.2,11.2,66.6,22.7,7.6,24.2,24.9,18.8,17.2,15.9,3.6,30.7,15.4,7.7,10.2,39.3,17.2,76.0,15.6,9.8,25.1,10.1,3.5,9.2,33.3,2.7,14.3,5.2,5.4825,40,-0.5971371636538089,0.7417570230530696,0.07230992969963035,0.27227424553968826,0.5852002715546504,1388.3263780068705,2983.9361846571624,1136,207,612,0.10180450844553313,-0.5381480061620033,547,District of Columbia
11001001804,DC,District of Columbia,District of Columbia,11001,5500,4129,-77.0304334,38.9670945,12.3,21.8,19.0,37.0,75.9,5.2,11.0,5.4,77.8,89.2,15.0,62.7,6.0,13.3,57.9,19.8,12.7,29.3,27.3,26.1,26.0,21.2,4.7,36.3,21.1,9.4,13.0,38.9,23.3,76.1,15.2,15.5,31.5,12.8,5.4,13.8,38.7,4.4,16.3,7.5,5.522500000000001,40,0.6592063109371009,0.6332147269828123,0.6462105189599566,0.4049853761845906,0.8472505091649695,2227.4195690152483,4659.877800407332,326,235,226,0.5339541058388244,0.43469348469483654,223,District of Columbia
11001007100,DC,District of Columbia,District of Columbia,11001,3218,2648,-76.986838,38.8771811,7.7,17.9,23.4,29.4,68.7,4.7,11.3,3.9,74.3,87.1,15.0,65.1,5.3,13.7,64.0,24.7,8.6,24.9,23.9,20.0,21.6,16.7,3.9,32.3,16.3,8.5,11.0,37.9,17.9,75.7,16.8,10.9,28.2,11.1,4.0,11.5,35.5,3.1,12.4,5.4,5.835,40,-0.11067615698534647,0.598958693161203,0.24414126808792824,0.31200923035148076,0.6897488119484046,1004.0457032710651,2219.611676849966,762,249,458,0.2619799553462617,-0.07499878246867966,405,District of Columbia
11001007407,DC,District of Columbia,District of Columbia,11001,3491,2591,-76.9850206,38.8574823,9.9,21.1,17.8,39.3,72.6,4.0,13.0,5.0,78.6,87.0,18.4,63.5,7.0,17.9,53.2,22.0,12.9,32.1,30.7,35.6,40.8,24.2,3.9,33.1,28.2,12.3,18.5,42.4,25.6,76.8,18.9,16.5,36.2,13.5,6.6,21.2,43.7,4.6,27.1,8.8,7.1375,40,1.034683892671716,1.060740669696228,1.0477122811839719,0.4978302936106987,0.9402579769178547,1737.9255549949492,3282.440597420231,181,126,89,0.8636738383338607,0.6666070069714932,99,District of Columbia
11001002900,DC,District of Columbia,District of Columbia,11001,4443,3811,-77.0299131,38.9338478,8.6,12.6,27.6,21.9,63.2,3.8,9.5,2.7,70.8,86.7,12.7,65.5,3.1,9.1,70.3,23.2,6.1,20.1,21.7,13.9,12.2,12.5,3.2,29.0,12.2,6.0,8.0,36.9,14.0,78.2,14.7,7.0,23.6,8.6,2.5,7.4,30.8,1.9,8.6,3.9,5.1975,40,-1.1536365877299224,0.5176170672506306,-0.3180097602396459,0.18201511646025773,0.36863543788187375,808.6931624329251,1637.8472505091652,1345,291,931,-0.22908957830498672,-0.975796223860604,889,District of Columbia
11001009301,DC,District of Columbia,District of Columbia,11001,3853,3104,-76.9864892,38.9307613,5.0,19.1,23.0,30.9,74.9,6.3,10.1,3.9,77.8,91.7,10.2,72.8,3.7,8.2,71.4,20.1,8.3,20.1,22.4,10.6,9.4,11.6,3.7,34.7,10.1,5.5,6.4,35.3,13.3,78.1,12.7,9.1,24.3,8.8,2.7,6.4,33.9,3.0,6.9,3.6,4.427499999999999,40,-0.3837777971043126,-0.3922077900472625,-0.38799279357578753,0.1658319522436649,0.3231500339443313,638.9505119948409,1245.0970807875085,988,1003,998,-0.34837829201965065,-0.3045487939920389,1028,District of Columbia
11001007901,DC,District of Columbia,District of Columbia,11001,4148,3165,-76.9804319,38.8965543,8.1,18.6,21.4,32.5,70.5,4.3,11.9,4.1,76.0,87.1,15.8,67.0,5.5,14.2,60.0,23.7,9.8,26.9,25.6,24.2,26.7,18.5,3.7,32.0,19.6,9.6,13.1,39.3,19.7,75.3,17.3,12.4,30.7,11.5,4.7,14.2,38.4,3.5,9.9,6.4,6.157500000000001,40,0.19454282695514785,0.5497905822092543,0.372166704582201,0.34161435839353455,0.7542430414120842,1417.0163586163812,3128.6001357773252,568,273,363,0.32306242798486356,0.09633427376047286,357,District of Columbia
11001000102,DC,District of Columbia,District of Columbia,11001,3417,2929,-77.0620045,38.905422,3.3,20.0,24.4,26.1,75.4,10.2,8.7,4.1,77.8,93.0,7.6,76.2,3.2,5.1,81.3,21.3,5.9,16.6,15.4,4.3,3.2,7.9,4.9,38.0,4.3,3.8,3.2,30.2,9.3,75.3,10.3,6.7,18.2,7.6,1.7,2.7,24.6,2.2,2.5,2.3,3.9825,40,-0.9074281816121156,-0.748915998028997,-0.8281720898205562,0.0640430829093239,0.02987101154107264,218.83521430115974,102.06924643584522,1273,1289,1430,-0.5942370250367038,-0.4395580520444107,1342,District of Columbia
11001000101,DC,District of Columbia,District of Columbia,11001,1406,1288,-77.0547765,38.9076994,3.1,15.6,27.7,21.3,70.1,7.8,8.7,3.0,74.9,91.9,7.6,74.4,2.4,4.5,80.9,22.0,4.6,14.4,15.7,4.0,2.8,6.7,3.7,33.2,4.4,3.4,3.2,31.5,8.0,79.0,10.9,5.0,17.7,6.5,1.3,2.7,25.1,1.7,4.3,1.9,3.662499999999999,40,-1.38093374161176,-0.5768355586094422,-0.9788846501106011,0.029191691130377437,0.006109979633401222,41.04351772931068,8.590631364562118,1391,1182,1465,-0.7613039995575062,-0.94577244050557,1455,District of Columbia
11001005502,DC,District of Columbia,District of Columbia,11001,2968,2816,-77.0463615,38.9101768,4.1,13.7,28.2,20.9,68.1,5.9,8.9,3.0,72.8,89.5,9.2,76.3,2.5,5.4,77.1,22.9,4.8,16.0,17.6,6.1,4.7,7.8,3.5,30.2,6.0,4.1,4.4,34.1,9.3,78.3,12.4,5.3,18.7,6.7,1.6,3.7,27.1,1.8,4.3,2.4,3.8325,40,-1.3689831840428945,-0.31222397406272495,-0.8406035790528097,0.06116837425335504,0.026476578411405296,181.54773478395776,78.58248472505092,1388,915,1435,-0.6758273580461578,-1.0394307420295907,1418,District of Columbia
11001003702,DC,District of Columbia,District of Columbia,11001,2906,2421,-77.0343972,38.9249042,8.7,14.1,24.7,25.3,64.2,3.7,10.4,3.1,72.4,85.7,14.3,59.5,3.9,10.9,60.7,23.9,7.2,23.1,22.3,19.3,19.9,15.1,3.5,29.1,15.9,7.6,10.8,37.5,16.8,72.6,16.0,8.7,27.2,9.6,3.2,11.0,34.4,2.4,18.4,5.1,5.5375,40,-0.7043591394302974,1.1790273870679846,0.2373341238188436,0.3104351183374514,0.6849966055668704,902.1244538886338,1990.6001357773252,1191,105,465,0.2745270290987593,-0.629973328870466,399,District of Columbia
11001008002,DC,District of Columbia,District of Columbia,11001,3366,2690,-76.9827594,38.8915403,3.7,15.2,27.6,23.3,68.6,5.8,9.6,2.7,74.7,91.5,8.9,71.2,2.7,6.8,76.8,22.8,5.5,15.6,18.5,6.7,5.7,8.3,3.0,31.6,7.0,4.2,4.6,33.0,9.6,79.5,12.4,5.9,21.5,7.3,1.8,4.6,30.0,1.9,5.1,2.4,4.2575,40,-1.144635549298259,-0.3657057985684086,-0.7551706739333338,0.08092423031075549,0.06720977596741344,272.39095922600296,226.22810590631363,1343,972,1375,-0.6108302196261757,-0.8559546406839427,1366,District of Columbia
11001004002,DC,District of Columbia,District of Columbia,11001,3291,3095,-77.0437209,38.9181186,3.4,11.5,31.0,17.4,62.3,5.3,8.8,2.1,71.6,90.2,8.3,71.9,1.9,4.6,75.9,23.3,3.6,13.2,16.6,4.5,3.2,6.3,2.8,28.4,5.0,3.3,3.6,33.2,7.4,79.5,12.0,3.8,17.9,5.8,1.2,3.0,27.1,1.3,2.8,1.8,3.8875000000000006,40,-1.7444110283946048,-0.19572750422760754,-0.9700692663111061,0.0312301967060688,0.006788866259334691,102.77857735967241,22.34215885947047,1449,807,1464,-0.7767674935252322,-1.3578074828228568,1463,District of Columbia
11001005203,DC,District of Columbia,District of Columbia,11001,2979,2889,-77.0331441,38.9077655,4.6,10.0,30.5,17.0,59.5,3.9,8.8,2.0,70.1,88.3,9.7,69.6,2.0,5.9,76.2,23.4,3.8,14.6,19.0,6.8,5.1,7.4,2.6,26.5,6.9,3.9,4.8,35.6,9.0,76.8,13.3,4.0,18.7,6.2,1.3,4.1,27.8,1.3,5.0,2.2,4.2575,40,-1.7674038828096341,0.19956904060761252,-0.7839174211010108,0.07427671436395615,0.05091649694501019,221.27033209022537,151.68024439918534,1450,471,1399,-0.630592791704023,-1.4607546240156586,1391,District of Columbia
11001006400,DC,District of Columbia,District of Columbia,11001,2481,2042,-77.0114342,38.8688572,9.4,21.0,20.1,35.7,72.9,4.6,12.4,4.9,76.5,86.2,17.4,65.5,6.9,15.9,50.6,23.8,11.7,30.4,26.5,28.7,32.5,21.8,4.3,33.8,22.0,11.3,15.2,40.1,22.8,76.2,17.9,15.3,32.3,13.0,5.9,16.3,40.3,4.3,18.8,7.9,6.409999999999999,40,0.7412566014927292,0.8959857317076949,0.8186211666002121,0.4448543228484164,0.8845892735913102,1103.683574986921,2194.6659877800407,294,155,171,0.7194711219900074,0.5429565122723198,141,District of Columbia
11001005004,DC,District of Columbia,District of Columbia,11001,3861,3532,-77.0283862,38.907252,10.2,14.9,25.8,25.3,67.8,4.4,9.7,3.7,71.3,86.0,13.9,66.6,4.2,10.9,63.3,23.1,7.7,23.0,22.9,16.8,15.2,15.2,3.9,31.7,13.5,7.0,9.2,37.4,16.3,75.0,15.0,9.0,24.3,9.9,3.2,8.1,32.8,2.6,14.4,4.8,5.529999999999999,40,-0.6804538681254052,0.7949878191192641,0.05726697549692944,0.2687956509924115,0.5804480651731161,1037.8200084817008,2241.109979633401,1173,189,619,0.11750292858941763,-0.5599819619404288,534,District of Columbia
11001005900,DC,District of Columbia,District of Columbia,11001,2617,2543,-77.0149475,38.8959944,4.7,9.8,29.3,17.0,60.9,3.5,9.5,2.0,70.4,86.2,11.0,74.4,2.1,5.6,75.8,24.5,3.9,16.1,19.5,8.2,6.3,8.0,2.5,24.9,7.4,4.6,5.8,38.4,9.4,78.2,14.4,4.3,18.2,6.3,1.5,4.4,27.5,1.3,11.4,2.5,4.5625,40,-1.6991194451325022,0.24617611863867517,-0.7264716632469135,0.08756070747746098,0.0923285811269518,229.14637146851538,241.62389680923286,1440,438,1338,-0.5889987844071083,-1.4241736874528916,1332,District of Columbia
11001007406,DC,District of Columbia,District of Columbia,11001,3528,2133,-76.9895582,38.8555543,9.9,19.4,17.8,36.7,69.0,3.2,14.2,4.1,78.1,85.6,20.6,59.1,6.7,18.7,44.4,24.3,11.6,33.0,32.0,41.0,47.7,24.5,3.3,30.2,33.1,13.5,21.5,45.2,26.4,67.6,21.6,15.6,37.8,13.7,6.6,25.0,47.4,4.1,20.6,9.0,7.0875,40,0.8737326665121385,1.6426340737312932,1.2581833701217158,0.5465004931255518,0.9660556687033266,1928.0537397469468,3408.244399185336,238,51,51,1.0874028601572108,0.5321716465831285,44,District of Columbia
11001007605,DC,District of Columbia,District of Columbia,11001,3663,2862,-76.9752566,38.8660433,8.1,24.5,16.8,42.9,77.9,5.3,12.4,5.7,81.0,90.0,15.5,67.4,6.8,15.2,53.4,19.5,14.2,30.8,30.9,28.3,30.5,21.8,4.4,36.7,22.8,10.4,14.2,41.3,24.1,77.5,16.5,17.1,34.1,13.0,5.9,15.9,43.7,5.2,18.4,7.5,6.2975,40,1.2627905374679353,0.3594118394309576,0.8111011884494465,0.443115372198271,0.8818737270875764,1623.1316083622667,3230.3034623217923,117,355,175,0.617799794051224,0.8761877486714904,191,District of Columbia
11001002101,DC,District of Columbia,District of Columbia,11001,5687,4375,-77.0241312,38.9559119,9.0,16.9,22.9,29.3,71.8,4.8,10.0,3.6,76.0,90.3,11.9,69.6,3.6,9.5,67.1,19.4,8.6,21.9,25.0,15.9,13.7,14.3,3.5,33.2,14.6,6.3,8.5,37.4,16.2,74.6,13.5,9.7,26.4,9.6,3.2,8.6,35.0,2.8,10.6,4.5,5.2,40,-0.4891479475701842,0.21830750315605715,-0.1354202222070635,0.22423787156748887,0.4725050916496945,1275.2407756043092,2687.136456211813,1076,460,778,-0.13449967957362868,-0.48730686230331455,787,District of Columbia
11001002201,DC,District of Columbia,District of Columbia,11001,3485,2755,-77.0232932,38.9491337,7.5,17.7,23.0,30.0,73.9,5.4,10.0,3.7,76.6,90.8,11.1,70.5,3.6,8.9,66.8,19.1,8.3,21.1,24.8,13.2,11.0,13.1,3.5,33.8,12.0,5.9,7.3,37.2,14.9,81.7,12.9,9.5,24.5,9.1,2.9,6.9,34.9,2.9,13.8,4.0,5.065,40,-0.4780219571676145,-0.10879612363495267,-0.29340904040128357,0.1877038880097614,0.3862864901561439,654.1480497140185,1346.2084181941616,1071,711,905,-0.2814365607189438,-0.4540769978029349,953,District of Columbia
11001001500,DC,District of Columbia,District of Columbia,11001,6156,4542,-77.0558797,38.9741576,3.8,23.6,21.5,30.7,78.7,11.7,9.0,4.9,80.6,94.3,7.9,69.7,4.1,6.1,82.7,19.7,7.2,19.2,16.6,5.3,4.0,9.6,5.6,41.4,4.7,4.5,3.4,30.1,11.0,75.2,9.7,8.9,18.8,8.6,2.2,2.9,24.2,2.9,2.8,2.8,4.4325,40,-0.41755729510897516,-0.7965835767767044,-0.6070704359428398,0.115171537946089,0.17990495587236932,708.9959875961239,1107.4949083503056,1020,1315,1209,-0.40284387168787533,-0.009104166599046264,1084,District of Columbia
11001004001,DC,District of Columbia,District of Columbia,11001,3941,3596,-77.0462674,38.9208738,3.4,13.8,29.1,19.4,66.5,6.6,8.9,2.6,73.2,91.0,8.3,74.9,2.2,4.9,81.0,23.5,4.1,14.2,16.0,4.6,3.3,6.7,3.3,30.6,5.0,3.6,3.6,32.4,8.0,79.2,11.8,4.6,18.3,6.4,1.3,3.1,25.4,1.5,2.7,1.9,3.8175,40,-1.5248944915084053,-0.4622724024564333,-0.9935834469824193,0.025792680938572437,0.0047522063815342835,101.64895557891397,18.72844534962661,1418,1074,1467,-0.7816029178562806,-1.1009334332561278,1465,District of Columbia
11001007203,DC,District of Columbia,District of Columbia,11001,3748,3307,-76.9994857,38.8781777,4.5,10.4,31.1,17.6,57.8,3.7,9.4,1.8,70.4,88.0,10.3,70.3,2.1,6.8,77.5,23.6,3.7,15.1,19.9,7.9,6.6,7.8,2.3,25.7,8.0,4.3,5.4,36.3,9.3,79.2,13.9,4.3,20.3,6.4,1.5,4.9,28.9,1.3,5.5,2.2,4.3100000000000005,40,-1.6754370921974984,0.14162275861836054,-0.7669071667895689,0.07821023547279192,0.06042090970807875,293.1319625520241,226.45756958587916,1436,504,1385,-0.6346169868376562,-1.410856732293673,1395,District of Columbia
11001002400,DC,District of Columbia,District of Columbia,11001,4095,3488,-77.0224058,38.9417822,7.8,15.1,25.6,25.8,69.2,4.5,10.1,3.1,73.5,88.7,12.2,69.8,3.4,9.4,69.3,21.7,7.0,20.6,23.7,13.8,12.0,12.7,3.2,31.0,12.4,6.1,7.7,37.7,14.4,79.6,14.3,8.2,24.2,8.9,2.7,7.3,33.3,2.4,9.5,3.9,4.9575,40,-0.7954972467579943,0.12913422640472028,-0.333181510176637,0.17850673865811106,0.3557365919891378,730.9850948049648,1456.7413441955193,1231,515,950,-0.28303868325302195,-0.6952115929107642,956,District of Columbia
11001002102,DC,District of Columbia,District of Columbia,11001,5099,3984,-77.0142356,38.9557854,7.0,18.5,21.9,31.4,74.5,5.4,10.4,3.8,77.8,91.4,11.0,70.4,3.6,8.7,64.0,19.1,8.8,21.6,24.6,13.8,12.2,13.1,3.5,33.7,13.1,6.1,7.8,37.1,15.2,75.4,13.2,10.0,26.1,9.2,3.1,8.0,36.8,3.1,14.1,4.2,5.025,40,-0.31384101020179034,0.07767490591881686,-0.11808305214148673,0.2282469900187368,0.4786150712830957,1163.831402105539,2440.458248472505,934,544,769,-0.12946491992747583,-0.33660474577376853,780,District of Columbia
11001009505,DC,District of Columbia,District of Columbia,11001,3796,3118,-77.0051999,38.9618925,6.6,21.0,19.7,35.4,77.6,6.0,10.7,4.5,79.9,92.1,11.1,74.0,4.1,8.8,69.2,18.1,10.1,23.5,26.0,14.4,12.8,14.2,3.9,35.5,13.5,6.6,8.0,37.8,16.5,80.4,13.0,11.7,26.7,9.7,3.5,8.2,36.2,3.7,9.2,4.6,5.045,40,0.08652614822035126,-0.47317033071112746,-0.1933220912453881,0.2108484054294022,0.4412763068567549,800.3805470100108,1675.0848608282415,629,1084,824,-0.24558473543126333,-0.01799914015139918,907,District of Columbia
11001006500,DC,District of Columbia,District of Columbia,11001,2609,2258,-77.0033314,38.883848,3.8,16.4,27.2,23.1,69.3,7.2,9.3,3.4,74.1,90.1,9.6,71.3,3.2,6.6,74.7,24.2,5.4,17.1,16.5,6.4,5.6,8.7,4.1,33.0,6.1,4.5,4.6,32.5,10.0,74.2,12.7,6.2,20.2,7.7,1.8,4.1,27.9,1.9,7.3,2.5,4.355,40,-1.0756341671956802,-0.06668880259100864,-0.5711614848933444,0.12347527135084652,0.20638153428377462,322.1469829543586,538.449422946368,1324,675,1170,-0.37556193726471765,-0.6844350719384267,1052,District of Columbia
11001000802,DC,District of Columbia,District of Columbia,11001,3327,2669,-77.0896118,38.9126765,4.3,17.2,25.1,23.9,71.4,7.6,9.1,3.5,75.5,91.1,9.1,70.5,3.3,6.5,77.7,21.8,5.8,17.2,18.2,6.7,5.2,9.0,4.2,34.9,6.2,4.4,4.5,33.1,10.6,77.5,11.8,6.7,19.1,7.8,1.9,3.8,26.6,2.0,4.0,2.6,4.327499999999999,40,-1.0339969614564213,-0.3685676043751933,-0.7012822829158073,0.09338560329834537,0.10862186014935506,310.69390217359506,361.38492871690426,1309,977,1314,-0.5213234098281371,-0.6740792152810808,1241,District of Columbia
11001005802,DC,District of Columbia,District of Columbia,11001,2145,2058,-77.0265766,38.8979674,3.6,14.7,27.0,22.5,67.5,6.0,9.0,2.8,74.3,91.2,8.6,69.1,2.6,6.0,77.6,22.0,5.3,15.3,18.0,6.3,5.0,8.1,3.3,32.1,6.6,4.0,4.5,32.4,9.4,77.4,11.9,5.5,20.6,7.1,1.7,4.4,28.7,1.8,3.4,2.4,3.892500000000001,40,-1.2649688476996088,-0.2580695381580265,-0.7615191929288176,0.07945617268966614,0.062457569585879155,170.43349041933385,133.9714867617108,1365,868,1382,-0.6041286476444466,-0.9501877571308668,1361,District of Columbia
11001009509,DC,District of Columbia,District of Columbia,11001,3194,2643,-76.9950319,38.949214,5.5,20.3,20.1,34.0,77.8,6.1,10.4,4.0,80.2,92.6,9.9,75.9,3.6,7.6,70.0,17.8,9.2,21.2,24.7,11.9,10.3,12.3,3.5,34.9,11.5,5.8,6.8,37.1,14.7,82.6,12.3,10.4,25.4,8.8,2.9,7.0,36.7,3.4,6.2,3.9,4.7875,40,-0.1624520324037072,-0.741241229060197,-0.4518466307319521,0.15106612853901952,0.286490156143924,482.5052145536283,915.0495587236932,808,1287,1052,-0.47855611131278,-0.21587099356536293,1187,District of Columbia
11001007601,DC,District of Columbia,District of Columbia,11001,4693,3704,-76.9798185,38.8716327,9.5,24.2,17.1,41.9,76.9,5.3,12.7,6.0,79.9,89.1,16.7,67.1,7.5,16.1,53.1,20.6,14.1,32.2,30.5,30.2,32.8,23.6,4.7,36.6,23.9,11.4,15.4,41.4,24.7,71.0,16.9,18.0,33.8,13.7,6.6,16.8,42.1,5.3,25.0,8.3,6.955,40,1.3507619400181743,0.8633573400498988,1.1070596400340365,0.5115540207529411,0.9497623896809233,2400.7230193935525,4457.234894772573,98,163,75,0.9172125253898866,0.9710677107298745,79,District of Columbia
11001003902,DC,District of Columbia,District of Columbia,11001,2022,1849,-77.0452397,38.9257717,4.5,14.1,28.8,20.4,66.1,6.1,9.1,2.6,72.9,90.5,9.2,71.5,2.6,6.4,78.9,23.3,4.6,15.4,18.0,6.4,5.0,7.9,3.2,31.0,6.5,4.0,4.3,33.4,9.5,79.7,12.5,5.2,19.6,7.0,1.5,3.9,27.3,1.6,3.9,2.2,4.355,40,-1.3950007222985943,-0.2837740075509079,-0.8393873649247511,0.06144961660623185,0.027155465037338764,124.2511247778008,54.90835030549898,1394,886,1434,-0.6536153652742055,-1.0234567229975031,1407,District of Columbia
11001007503,DC,District of Columbia,District of Columbia,11001,2528,1808,-76.98709,38.8640724,8.9,20.7,18.7,37.3,72.8,4.4,12.7,4.7,78.5,88.2,16.8,59.7,6.2,15.7,47.9,21.5,11.6,29.7,30.7,29.8,32.6,21.0,3.9,33.0,24.7,10.6,15.4,42.4,22.9,73.0,18.0,14.7,33.7,12.5,5.4,17.3,45.2,4.3,22.7,7.2,6.445,40,0.7405272747828047,1.0996890875813345,0.9201081811820696,0.46832259715057883,0.9131025118805159,1183.9195255966633,2308.3231500339443,295,119,129,0.7752540289882612,0.4508189703951878,130,District of Columbia
11001004902,DC,District of Columbia,District of Columbia,11001,3449,3022,-77.0243932,38.9058867,4.5,10.5,29.6,18.1,59.4,3.7,9.2,1.8,71.4,89.3,9.4,66.6,1.9,5.7,75.8,22.9,4.1,14.3,18.8,7.4,5.9,7.7,2.3,26.8,7.8,4.0,5.2,34.8,9.1,79.8,12.9,4.2,20.8,6.3,1.5,4.9,29.3,1.3,3.4,2.3,4.0975,40,-1.675099934011038,0.06976154501498252,-0.8026691944980278,0.06994047722518179,0.04344874405974202,241.224705949652,149.85471826205023,1435,549,1410,-0.6702453995361075,-1.4102523440871975,1414,District of Columbia
11001009204,DC,District of Columbia,District of Columbia,11001,2889,2225,-76.9987071,38.9234161,13.9,22.8,18.6,38.6,75.8,5.1,11.7,6.3,77.0,87.0,17.6,66.6,7.5,16.0,52.4,21.8,13.9,33.2,28.1,31.6,33.9,24.7,5.3,36.2,24.1,11.6,16.0,40.2,26.1,73.6,17.0,17.7,33.1,14.1,6.5,16.7,40.1,5.2,22.5,9.1,6.29,40,1.1512439498286067,1.0394849223429605,1.0953644360857835,0.5088495737317317,0.9470468431771895,1470.0664185109729,2736.0183299389005,145,128,79,0.9430189578344539,0.8465529933259472,72,District of Columbia
11001003000,DC,District of Columbia,District of Columbia,11001,3561,3032,-77.0299525,38.9288689,8.8,14.1,26.0,24.3,64.5,3.9,10.5,3.1,71.4,85.1,14.8,66.3,4.0,11.2,65.3,24.2,6.7,23.4,24.0,17.8,17.0,14.6,3.5,28.9,14.8,7.6,10.1,39.5,16.3,74.2,16.6,8.6,25.1,9.6,3.1,9.3,33.8,2.4,12.1,4.7,5.1425,40,-0.758687724554735,0.8344385689269624,0.03787542218611373,0.2643114685172617,0.5675492192803802,941.213139389969,2021.0427698574338,1214,178,638,0.08877193671483258,-0.6568946954972973,559,District of Columbia
11001007304,DC,District of Columbia,District of Columbia,11001,4410,3210,-76.9855591,38.8417979,10.0,23.1,16.9,41.1,75.5,4.8,12.9,5.8,79.5,87.9,18.0,62.2,7.3,17.1,47.7,20.9,13.7,33.4,32.6,34.1,37.5,24.2,4.5,34.8,26.8,12.1,17.1,43.8,26.5,71.0,18.4,17.9,34.6,13.7,6.4,18.6,43.8,5.3,30.8,8.6,6.842499999999999,40,1.2938114704343127,1.277425323547777,1.2856183969910449,0.552844681480184,0.9708078750848609,2438.045045327611,4281.262729124236,111,87,44,1.0812507168557086,0.8850761101636401,46,District of Columbia
11001003500,DC,District of Columbia,District of Columbia,11001,4801,4489,-77.024341,38.9223765,5.5,8.5,28.9,16.0,55.8,2.6,10.3,1.6,70.4,84.9,13.0,67.6,2.0,6.3,74.3,24.3,3.6,17.7,23.3,10.8,8.0,8.7,2.1,22.3,9.9,5.4,7.5,42.4,10.2,79.4,16.4,4.3,19.0,6.6,1.5,5.6,30.1,1.3,10.9,2.7,4.665,40,-1.71058988521621,0.5477114841665633,-0.5814392005248233,0.12109861015302772,0.19823489477257297,581.394427344686,951.7257298031228,1442,275,1182,-0.4873790777366498,-1.522469639639863,1201,District of Columbia
11001003301,DC,District of Columbia,District of Columbia,11001,3824,3325,-77.0114293,38.9204778,3.9,12.0,29.1,20.8,64.9,4.3,9.3,2.1,73.0,90.3,8.8,69.3,2.0,5.6,74.8,21.6,4.7,14.4,19.4,6.7,5.3,7.5,2.4,28.1,7.2,3.9,4.8,34.6,8.8,82.5,12.3,4.7,20.8,6.3,1.5,4.5,30.8,1.6,3.3,2.2,4.0775,40,-1.48361459437622,-0.27031504796819,-0.876964821172205,0.05276005120295112,0.021045485403937542,201.7544358000851,80.47793618465717,1408,876,1443,-0.7662453053551029,-1.262175562742016,1458,District of Columbia
11001004901,DC,District of Columbia,District of Columbia,11001,3380,2925,-77.0244761,38.9113296,6.5,13.6,27.8,23.1,64.6,4.2,10.0,2.8,71.5,86.9,12.4,71.1,3.3,9.1,71.5,24.0,5.9,20.0,21.0,12.7,12.0,11.6,3.3,28.9,11.3,6.0,7.7,36.6,13.0,75.4,15.0,7.1,23.8,8.4,2.4,7.3,30.7,2.1,6.7,3.6,5.17,40,-1.0133271974695872,0.33572751221059316,-0.33879984262949703,0.17720753237376313,0.35234215885947046,598.9614594233194,1190.91649694501,1301,374,955,-0.2505395151440148,-0.8368065424986227,916,District of Columbia
11001009803,DC,District of Columbia,District of Columbia,11001,2968,2233,-77.0043421,38.8356929,11.1,24.9,16.5,43.9,76.2,4.8,13.4,6.6,79.4,87.2,19.6,67.0,8.9,20.0,52.6,21.6,15.8,36.2,33.2,38.7,43.6,27.6,4.9,36.6,29.6,13.6,19.5,43.6,28.8,72.3,19.2,20.4,37.0,15.5,7.9,21.6,44.4,5.9,32.6,10.1,7.13,40,1.829393360508242,1.2134464248212093,1.5214198926647255,0.6073723883413077,0.9864222674813307,1802.6812485970013,2927.701289884589,27,98,21,1.2718537863369281,1.3302611478526467,26,District of Columbia
11001010400,DC,District of Columbia,District of Columbia,11001,4616,3616,-77.0009082,38.8512668,8.3,23.1,17.9,42.9,76.5,5.0,12.0,5.9,80.2,89.7,15.5,69.2,6.7,15.9,51.8,19.2,14.2,30.2,31.0,28.7,31.1,21.9,4.4,36.3,23.6,10.1,14.7,40.5,23.3,76.1,16.4,16.4,35.0,12.9,6.1,16.9,44.4,5.0,21.9,7.5,6.555,40,1.1881710741774743,0.5357537990963053,0.8619624366368898,0.45487673623810615,0.891378139850645,2099.711014475098,4114.601493550577,135,283,161,0.6648700214996366,0.7939862439029678,169,District of Columbia
11001010800,DC,District of Columbia,District of Columbia,11001,6879,6779,-77.044612,38.8973521,7.8,5.0,27.3,11.0,27.4,1.1,11.9,1.0,66.4,71.4,23.3,56.2,2.5,8.4,60.5,32.3,1.9,27.8,24.8,22.5,19.3,13.2,2.4,16.5,14.2,11.0,15.3,49.5,14.9,65.3,24.7,3.9,17.9,8.6,1.8,8.8,32.8,0.8,14.8,4.8,5.592499999999999,40,-1.8904013802382482,2.8119086262623263,0.46075362301203904,0.3620995614499104,0.7868295994568907,2490.882883213934,5412.600814663951,1463,10,315,0.6145702404751774,-1.5827681453119715,193,District of Columbia
11001009804,DC,District of Columbia,District of Columbia,11001,2517,1872,-76.997258,38.8420148,9.9,23.8,16.7,42.0,76.3,4.8,12.8,5.8,79.9,88.5,17.4,61.7,7.4,17.0,50.8,20.6,14.2,32.9,31.6,33.6,37.3,24.2,4.4,35.6,26.3,11.9,16.7,42.5,26.4,73.6,17.8,18.1,35.2,13.9,6.6,18.7,43.8,5.3,26.6,8.7,6.927499999999999,40,1.3544343200415307,1.0209902621044535,1.1877122910729923,0.5302044712128088,0.9599456890699253,1334.5246540426397,2416.183299389002,97,132,60,0.9783289463332381,0.9356676305620226,64,District of Columbia
11001011100,DC,District of Columbia,District of Columbia,11001,5903,4361,-76.9681631,38.9158612,9.0,23.9,17.8,40.4,77.9,5.9,11.7,5.9,79.8,90.0,14.8,67.8,6.6,13.8,59.5,19.7,13.2,30.1,28.5,24.4,25.3,20.9,4.9,37.1,19.4,9.8,12.4,39.7,22.7,77.6,15.4,16.5,31.0,12.7,5.5,13.0,38.9,5.0,18.8,7.2,5.8,40,1.0196555479488187,0.29279163216579845,0.6562235900573086,0.40730083989280885,0.8506449422946368,2404.2968578872506,5021.357094365241,186,401,221,0.5141760190332771,0.7355604059007558,231,District of Columbia
11001010603,DC,District of Columbia,District of Columbia,11001,3068,2990,-77.0063567,38.9011144,3.9,7.2,32.9,13.8,52.4,2.7,8.9,1.2,68.8,87.8,9.2,74.9,1.3,4.4,78.9,23.4,2.7,12.5,18.9,5.6,3.9,5.9,1.8,22.4,6.2,3.4,4.4,37.1,7.1,78.8,13.1,2.7,17.6,5.0,1.0,3.6,27.4,0.9,3.3,1.7,3.88,40,-2.11873252058486,0.1114531387526749,-1.0036396909160927,0.023467233766268927,0.0027155465037338763,71.99747319491307,8.331296673455533,1472,523,1470,-0.864514314130562,-1.840481767013799,1471,District of Columbia
11001010300,DC,District of Columbia,District of Columbia,11001,3604,2818,-77.0271875,38.9761556,9.2,20.6,20.5,34.4,75.7,5.7,10.6,4.7,77.7,90.5,12.8,70.2,4.9,11.3,63.4,19.5,10.5,25.2,26.2,18.4,17.0,16.8,4.2,35.9,15.8,7.5,9.5,37.8,18.9,74.7,14.0,12.5,27.9,11.0,4.0,9.7,37.0,3.7,15.8,5.4,5.457499999999999,40,0.1627158051266714,0.25139904133369595,0.20705742323018367,0.3034338096744007,0.6632722335369993,1093.57545006654,2390.4331296673454,593,432,497,0.1635379961118762,0.07567695089005644,495,District of Columbia
11001011002,DC,District of Columbia,District of Columbia,11001,1859,1791,-77.0182455,38.8681789,3.8,23.5,21.4,31.9,78.9,10.4,9.4,4.8,80.1,93.9,8.2,76.4,4.1,6.4,77.3,20.5,8.0,19.4,17.2,6.2,5.2,10.0,5.1,40.3,5.9,4.7,4.1,30.6,11.6,79.4,10.5,9.1,21.1,8.7,2.3,3.9,28.2,3.0,5.7,3.0,4.2425,40,-0.2852406281657994,-0.9091923475821893,-0.5972164878739943,0.11745020539129604,0.19144602851323828,218.33993182241935,355.89816700610993,908,1378,1192,-0.4340955182147121,0.041001311152765015,1127,District of Columbia
11001009905,DC,District of Columbia,District of Columbia,11001,2790,2066,-76.9250522,38.8843295,8.2,23.0,17.5,40.5,75.8,4.9,12.7,5.2,80.2,89.4,15.9,72.0,6.5,14.9,57.9,20.6,13.2,30.1,30.0,28.9,31.7,21.4,4.0,35.1,23.9,10.5,15.0,41.3,23.0,77.5,17.1,16.2,34.5,12.8,5.9,17.1,42.0,4.8,16.3,7.5,6.48,40,1.0613338751717194,0.273903192056298,0.6676185336140087,0.4099358534671869,0.8547182620502376,1143.7210311734516,2384.663951120163,170,414,215,0.4952482659276966,0.7165933397990952,242,District of Columbia
11001009810,DC,District of Columbia,District of Columbia,11001,2461,1749,-77.0037886,38.826037,10.1,22.6,17.2,41.3,73.8,4.0,13.5,5.3,78.9,86.9,19.5,61.8,7.7,19.5,48.0,22.2,14.1,34.1,33.2,39.0,44.5,25.6,4.0,34.0,30.7,13.0,19.5,44.2,27.8,73.0,20.1,17.9,37.6,14.4,7.0,22.4,45.8,5.1,23.4,9.2,6.6975,40,1.3710971986669513,1.2170127616179505,1.2940549801424508,0.5547955916373696,0.9714867617107943,1365.3519510195665,2390.828920570265,93,95,43,1.0758211272535796,0.9346294928892088,47,District of Columbia
11001010602,DC,District of Columbia,District of Columbia,11001,6594,5900,-76.9994636,38.9033936,4.7,9.8,30.4,17.3,57.8,3.3,9.6,1.7,70.3,87.5,10.8,66.3,2.0,6.6,70.9,24.2,3.7,15.5,20.1,8.4,7.0,8.1,2.2,24.9,8.3,4.5,5.7,37.2,9.5,78.0,14.3,4.3,20.2,6.4,1.5,5.1,31.6,1.3,8.2,2.4,4.55,40,-1.693305457195278,0.42950711820425996,-0.631899169495509,0.10943003956829055,0.16225390359809913,721.5816809133079,1069.9022403258657,1439,323,1235,-0.5034463460522289,-1.4363998103087179,1216,District of Columbia
11001009807,DC,District of Columbia,District of Columbia,11001,3523,2717,-77.0117577,38.8292038,8.8,23.3,17.5,41.3,76.7,5.1,12.3,5.6,80.1,89.6,15.8,71.7,6.5,14.9,58.8,19.6,13.3,30.6,32.0,27.9,29.1,21.4,4.3,35.8,23.0,10.2,14.1,42.4,23.6,76.0,16.7,16.4,33.2,12.7,5.6,15.3,41.7,5.0,13.9,7.3,6.217499999999999,40,1.0870575486427092,0.24217619681596325,0.6646168727293362,0.40924173706920436,0.8533604887983707,1441.758639694807,3006.38900203666,163,441,217,0.4843271062344827,0.7264780156530022,248,District of Columbia
11001010100,DC,District of Columbia,District of Columbia,11001,2699,2625,-77.0318472,38.9026971,4.2,12.4,27.7,20.0,66.0,5.1,8.7,2.5,72.6,89.4,8.9,71.7,2.2,5.2,77.9,21.3,4.6,15.4,18.9,6.4,4.7,7.6,3.2,29.0,6.3,4.0,4.6,34.9,9.3,79.4,12.0,5.0,18.4,6.4,1.5,3.9,27.4,1.6,3.4,2.3,3.9,40,-1.5407547488423612,-0.22751111897959087,-0.884132933910976,0.051102467356629405,0.019008825526137134,137.92555939554276,51.30482009504412,1419,837,1446,-0.7464043174079847,-1.2652975158363786,1449,District of Columbia
11001980000,DC,District of Columbia,District of Columbia,11001,176,167,-77.0363219,38.8809933,2.9,20.4,20.1,33.6,77.7,6.8,10.6,3.2,82.5,95.3,7.8,77.3,3.0,6.3,79.2,18.0,8.4,16.5,21.4,8.0,6.9,9.7,2.8,37.4,8.9,4.4,5.0,32.9,11.0,83.7,10.8,8.2,25.6,8.0,2.5,5.8,33.2,2.7,4.9,2.9,4.5875,40,-0.38154452602968875,-1.2096794051434272,-0.795611965586558,0.07157241983961289,0.0461642905634759,12.596745891771869,8.124915139171758,985,1462,1406,-0.7521843609097052,-0.29468931667598314,1450,District of Columbia
11001009904,DC,District of Columbia,District of Columbia,11001,2886,2076,-76.9311353,38.8851712,9.9,21.0,17.9,38.9,73.2,4.0,13.0,4.9,78.7,87.4,18.0,61.8,6.7,17.1,54.2,21.8,12.9,31.4,30.5,34.6,39.0,23.4,3.8,33.2,27.7,11.7,17.8,42.4,25.0,72.5,18.7,16.1,35.9,13.3,6.4,20.4,43.0,4.5,29.9,8.4,6.915000000000001,40,0.9754842479987829,1.2382798461866844,1.1068820470927336,0.5115129534313946,0.9490835030549898,1476.2263836030047,2739.0549898167005,200,93,76,0.928897516558234,0.6195151869297838,77,District of Columbia
11001010700,DC,District of Columbia,District of Columbia,11001,2296,2210,-77.0419809,38.9039988,4.0,8.6,29.6,14.1,55.6,3.6,8.9,1.8,69.8,86.2,10.1,76.3,1.7,4.4,78.0,24.0,2.9,14.6,18.5,6.4,4.3,6.6,2.5,23.8,5.9,4.0,5.0,38.0,8.1,76.1,13.7,3.3,15.9,5.6,1.1,3.5,26.0,1.0,6.2,2.0,3.7425000000000006,40,-2.003875990085612,0.2219315960524826,-0.8909721970165647,0.049520928050857886,0.01697216564833673,113.7000508047697,38.96809232858113,1469,458,1449,-0.7281549995954745,-1.6782415952434315,1443,District of Columbia
11001009902,DC,District of Columbia,District of Columbia,11001,2774,2242,-76.9445542,38.8717861,6.3,25.1,16.9,42.5,79.8,6.3,11.9,5.7,82.5,92.4,12.7,73.4,5.6,11.3,63.3,18.1,13.1,27.9,29.0,19.9,19.7,18.0,4.4,37.5,17.7,8.5,10.6,39.5,20.0,80.2,14.3,15.6,31.1,11.6,4.9,11.7,40.8,4.9,14.0,6.0,5.5375,40,0.9970246940337452,-0.35780246161263196,0.3196111162105566,0.3294611881667913,0.723693143245078,913.9253359746791,2007.5247793618464,192,959,408,0.1681353612728842,0.6940731841584004,488,District of Columbia
11001010201,DC,District of Columbia,District of Columbia,11001,3341,3192,-77.0184625,38.8779576,4.4,10.7,30.1,17.9,59.9,3.9,9.5,1.8,71.2,88.9,9.8,71.7,2.0,5.8,76.7,23.2,3.8,14.9,19.9,7.4,5.9,7.5,2.4,25.9,7.9,4.1,5.3,36.5,8.9,81.1,13.5,4.3,20.0,6.3,1.4,4.8,29.5,1.3,5.7,2.2,4.205,40,-1.6613971562165213,-0.03376734389081341,-0.8475822500536674,0.05955459769299938,0.025118805159538356,198.97191089231094,83.92192803801764,1432,636,1437,-0.7174941055064536,-1.4012208671220938,1438,District of Columbia
11001011001,DC,District of Columbia,District of Columbia,11001,2423,2203,-77.0157419,38.8741656,5.5,19.6,22.4,30.3,74.7,6.6,10.2,4.2,77.1,90.6,11.0,74.8,4.2,8.8,73.9,21.5,8.4,21.6,21.4,12.0,11.3,12.7,4.3,35.0,10.5,6.2,7.0,35.2,14.4,79.0,13.2,9.9,24.2,9.4,3.0,6.9,31.0,3.0,7.0,4.1,4.86,40,-0.30640917841706394,-0.403245296152541,-0.3548272372848025,0.17350129177077114,0.34147997284453496,420.3936299605785,827.4059742023082,926,1016,971,-0.2963462197146372,-0.1894471432767334,973,District of Columbia
11001009907,DC,District of Columbia,District of Columbia,11001,2259,1701,-76.9388146,38.8827718,11.3,24.7,16.2,43.1,76.3,4.7,13.7,6.0,79.6,87.9,19.6,66.0,8.5,19.8,54.3,21.4,14.9,35.7,34.6,38.3,41.9,27.5,4.5,36.2,29.8,13.5,18.7,44.9,29.0,70.7,19.2,20.3,36.2,15.4,7.7,20.5,43.9,5.7,17.0,9.7,7.084999999999999,40,1.6826793104073017,0.9107251661634095,1.2967022382853557,0.555407754488965,0.9728445349626612,1254.6661173905718,2197.6558044806516,42,151,41,1.0584186270759006,1.2061120879883918,48,District of Columbia
11001009901,DC,District of Columbia,District of Columbia,11001,2364,1967,-76.9553332,38.8753461,4.5,24.5,17.0,41.2,81.7,7.4,10.6,5.3,83.7,94.2,9.3,75.3,4.2,7.5,73.9,16.1,11.6,23.4,24.7,11.9,10.7,13.5,4.3,38.7,11.1,6.2,6.9,35.8,15.6,82.1,11.2,12.7,26.7,9.5,3.5,7.2,34.4,4.3,9.1,4.5,4.73,40,0.48047552907715463,-0.9550974199092153,-0.23731094541603032,0.20067624202339537,0.4154786150712831,474.39863614330665,982.1914460285133,406,1393,862,-0.31597858105942267,0.32314025779036987,998,District of Columbia
11001010900,DC,District of Columbia,District of Columbia,11001,3333,2403,-77.0238475,38.8132364,12.8,21.2,17.5,40.1,70.3,3.4,14.0,5.6,76.9,81.9,24.0,61.5,9.0,22.8,44.1,23.8,14.2,39.0,34.9,48.3,55.1,30.3,4.3,32.5,35.8,16.3,25.4,46.8,31.4,73.7,22.7,19.5,38.4,16.0,8.5,27.3,46.1,5.3,33.6,11.7,7.0875,40,1.5338986721462233,1.9529628401816268,1.743430756163925,0.6587110927472462,0.9898167006109979,2195.4840721265714,3299.059063136456,65,29,16,1.5011344757638658,1.0493061113461049,17,District of Columbia
11001010202,DC,District of Columbia,District of Columbia,11001,2631,2454,-77.024577,38.8843563,5.2,16.1,25.7,25.1,69.5,5.8,9.9,3.4,74.2,89.4,10.9,69.4,3.5,8.0,72.1,23.1,6.5,19.2,20.0,10.1,9.1,10.7,3.8,32.1,9.3,5.4,6.4,35.0,12.1,76.7,13.7,7.4,22.6,8.4,2.3,6.1,30.7,2.3,7.0,3.3,4.595,40,-0.8294745788239976,0.009036000050321173,-0.4102192893868382,0.16069220601486167,0.30821452817379497,422.78119402510106,810.9124236252545,1246,595,1020,-0.299547943928421,-0.6081318879071631,977,District of Columbia
11001009906,DC,District of Columbia,District of Columbia,11001,1773,1407,-76.9359151,38.8879464,8.0,23.0,17.7,39.4,77.1,5.5,12.1,5.1,80.5,90.4,14.5,69.0,5.8,12.8,58.1,19.5,12.3,28.8,29.8,24.0,24.7,19.2,4.1,35.3,20.3,9.4,12.4,41.2,21.7,78.5,15.9,15.3,31.5,11.9,5.0,13.4,41.4,4.6,13.4,6.5,6.01,40,0.8094496991130434,0.10370759888443283,0.4565786489987381,0.36113412330245637,0.7847929395790902,640.2908006152552,1391.437881873727,263,528,318,0.3153219828993427,0.5269363669142526,366,District of Columbia
11001009811,DC,District of Columbia,District of Columbia,11001,4438,2988,-76.9984594,38.826651,11.8,22.6,16.8,40.7,72.5,4.0,14.2,5.5,78.3,85.6,21.7,62.9,8.5,21.0,48.6,23.4,13.9,36.8,34.6,43.1,49.1,28.1,4.3,33.4,33.7,14.9,22.0,46.1,29.6,70.8,21.4,19.4,37.7,15.4,7.8,24.5,44.8,5.3,26.0,10.3,7.157500000000001,40,1.5275260051233017,1.5006775455193402,1.514101775321321,0.6056801168137822,0.9850644942294636,2688.0083584195654,4371.71622539036,66,62,23,1.2866493205725855,1.0726210956258309,25,District of Columbia
11001010500,DC,District of Columbia,District of Columbia,11001,3712,3297,-77.0133789,38.8818529,6.2,16.7,23.8,27.9,70.0,4.9,10.5,3.5,75.0,88.9,12.3,68.6,4.0,10.1,66.6,22.7,7.8,21.3,22.5,14.8,14.5,13.4,3.5,32.2,12.8,6.6,8.5,36.5,14.7,79.5,14.6,9.0,25.6,9.4,3.1,8.6,34.2,2.7,11.0,4.2,5.205,40,-0.5056127882071377,0.13650088194053614,-0.1845559531333008,0.21287552322996742,0.44738628649015616,790.1939422296391,1660.6978954514598,1084,507,815,-0.13992630311865878,-0.41635348817785367,797,District of Columbia
11001010601,DC,District of Columbia,District of Columbia,11001,2130,2023,-77.0063018,38.907653,5.0,7.5,31.9,14.4,48.1,2.4,9.5,1.3,68.2,85.9,11.3,68.5,1.7,6.2,73.2,24.6,2.8,15.2,20.8,8.9,7.1,7.6,2.0,22.0,8.9,4.5,6.3,38.8,9.0,79.8,14.9,3.3,19.6,6.0,1.3,5.4,30.4,1.0,6.7,2.3,4.565,40,-1.9529841035610835,0.5763736303835536,-0.688305236588765,0.09638646881882293,0.11541072640868975,205.30317858409285,245.82484725050918,1466,259,1304,-0.5633622961029207,-1.703098222589395,1302,District of Columbia
11001009903,DC,District of Columbia,District of Columbia,11001,2004,1522,-76.9212121,38.888318,6.7,20.2,18.8,35.9,75.0,4.9,11.9,4.1,80.1,90.9,13.3,70.6,4.5,11.2,65.6,18.8,10.1,25.2,30.2,20.1,19.2,16.2,3.4,33.2,18.2,8.0,10.6,41.8,18.6,78.7,15.3,12.4,29.6,10.4,3.9,11.3,39.9,3.8,12.2,5.2,5.907500000000001,40,0.2512056911582504,-0.09388470739521915,0.07866049188151564,0.2737427756355974,0.5892735913102511,548.5805223737372,1180.9042769857433,536,699,606,-0.028455671759299698,0.03697336387661975,686,District of Columbia
24031700318,MD,Maryland,Montgomery,24031,3290,2277,-77.2631573,39.2650337,6.7,16.8,13.6,27.8,71.8,5.3,8.9,3.5,76.2,91.2,9.0,62.3,3.2,6.9,71.4,16.3,8.9,18.0,23.7,10.8,6.5,12.8,3.6,38.4,9.8,4.5,5.4,33.3,17.2,81.1,11.8,7.1,24.2,8.9,2.1,5.5,34.9,2.1,4.3,3.1,3.2099999999999995,40,-0.7806711904946663,-0.19410573263965597,-0.4873884615671611,0.14284728952125567,0.2640868974881195,469.9675825249311,868.845892735913,1222,805,1085,-0.4333702115068322,-0.6726346903740085,1126,"Montgomery, MD"
24031700613,MD,Maryland,Montgomery,24031,6636,5132,-77.2979604,39.1409496,6.7,18.2,13.2,29.2,74.5,5.9,8.9,4.2,76.9,91.1,9.1,66.6,3.6,6.6,72.2,16.2,9.9,19.0,23.3,10.5,6.1,13.4,4.1,40.8,9.0,4.7,5.3,33.3,17.3,81.4,11.5,7.9,22.9,9.3,2.3,4.8,33.4,2.3,6.8,3.3,3.35,40,-0.5856188795498346,-0.3229489970031649,-0.4542839382764997,0.15050251552655833,0.2830957230142566,998.7346930342411,1878.623217922607,1125,927,1057,-0.3939211527055346,-0.4648933084079043,1075,"Montgomery, MD"
24031700838,MD,Maryland,Montgomery,24031,4720,4133,-77.2024124,39.1034094,7.0,14.5,16.8,23.3,65.7,4.7,9.7,2.9,72.9,88.7,10.4,67.5,2.9,6.5,70.6,19.7,6.5,18.2,22.7,10.6,6.7,11.6,3.3,32.8,10.5,4.8,5.9,35.2,15.0,80.0,14.0,5.9,24.9,8.4,1.9,5.9,34.2,1.7,4.2,2.8,3.115,40,-1.0503352840126405,0.05674985596796098,-0.49679271402233977,0.14067261153772995,0.25526137135098437,663.9747264580853,1204.8336727766462,1318,560,1098,-0.42060858421477537,-0.8979670243975117,1108,"Montgomery, MD"
24031701219,MD,Maryland,Montgomery,24031,3879,3034,-77.1095765,39.0593842,13.6,13.5,15.4,24.8,62.6,3.3,9.6,3.2,70.4,84.6,14.0,58.1,3.7,9.8,57.3,19.4,8.4,23.5,26.3,20.8,14.8,18.0,3.6,32.8,17.4,6.8,10.0,37.6,22.3,75.9,15.8,7.9,28.4,10.6,2.9,9.8,38.3,2.0,11.5,4.8,3.6775,40,-0.7982178127680674,1.215429534564064,0.20860586089799832,0.30379187676384856,0.6639511201629328,1178.4086899669685,2575.4663951120165,1233,96,496,0.21968289071524555,-0.7760637531335729,446,"Montgomery, MD"
24031701303,MD,Maryland,Montgomery,24031,3789,2904,-77.0989671,39.107439,4.6,24.4,13.5,33.0,79.4,10.6,8.8,5.7,80.1,93.7,7.6,74.7,4.1,5.1,77.2,17.5,9.5,19.9,17.4,5.6,3.3,11.4,6.0,44.6,5.3,4.2,3.4,28.7,14.5,82.1,10.2,8.5,22.5,9.4,2.1,3.1,28.3,2.8,3.5,2.8,3.18,40,-0.16920275241558488,-1.0107679334292181,-0.5899853429224015,0.11912236506553495,0.1934826883910387,451.3546412333119,733.1059063136456,814,1411,1189,-0.4421701606644418,0.1264276121003345,1137,"Montgomery, MD"
24031701307,MD,Maryland,Montgomery,24031,4598,3486,-77.1120004,39.1611045,4.9,19.6,13.9,29.9,75.7,7.2,8.8,4.3,78.1,92.3,7.9,69.3,3.4,5.5,72.3,16.8,9.3,17.6,19.8,7.4,4.4,11.4,4.3,41.4,6.9,4.1,4.2,30.5,14.7,80.6,10.8,7.2,23.1,8.7,2.0,4.1,32.4,2.3,6.4,2.8,2.8725,40,-0.5771240040866804,-0.5289679092297115,-0.553045956658196,0.12766438054380755,0.21792260692464357,587.0008217404271,1002.0081466395112,1122,1140,1153,-0.4547157118951885,-0.3804635145606655,1151,"Montgomery, MD"
24031701424,MD,Maryland,Montgomery,24031,3464,2771,-76.9538478,39.0651575,11.7,23.4,11.3,37.5,78.6,6.9,9.6,6.5,78.5,90.4,11.7,69.3,5.5,8.8,63.4,15.9,13.8,27.2,26.3,17.5,11.9,19.9,6.1,42.9,14.2,7.0,8.1,35.4,24.9,81.0,12.9,13.0,28.4,12.3,3.7,7.9,36.2,3.8,9.1,5.4,3.7175,40,0.5410145301294651,-0.1311029944802381,0.2049557678246135,0.30294781424188394,0.6625933469110659,1049.411228533886,2295.223353699932,385,732,498,0.1462464587916083,0.4235959120634547,509,"Montgomery, MD"
24031701508,MD,Maryland,Montgomery,24031,4142,3028,-76.9770714,39.0453954,11.1,20.3,12.1,37.6,71.9,3.9,12.2,4.6,77.6,87.8,15.3,62.6,5.5,12.4,53.0,19.0,13.3,28.3,29.1,29.0,26.4,23.1,3.7,35.5,25.3,9.3,14.1,38.6,26.4,79.5,17.4,13.0,38.5,12.9,5.0,17.5,45.4,3.6,11.1,6.7,4.8325000000000005,40,0.678763433641467,0.6009834458857736,0.6398734397636203,0.40351996394966677,0.845213849287169,1671.3796906795199,3500.875763747454,318,246,229,0.48090741891430067,0.3608313919428277,250,"Montgomery, MD"
24033800105,MD,Maryland,Prince George's,24033,4238,3202,-76.8746806,39.1059782,10.2,22.1,13.6,34.5,73.2,5.5,11.1,4.1,77.2,90.5,11.0,67.6,4.3,8.9,62.7,15.4,11.9,22.7,24.9,16.8,11.1,16.5,3.8,34.7,16.5,6.1,8.2,34.6,22.2,81.9,13.6,10.8,39.6,10.9,3.2,9.7,42.8,2.8,10.1,4.2,3.7150000000000007,40,0.2779195319071932,0.005446703445805886,0.14168311767649955,0.2883163866093073,0.6306856754921928,1221.8848464502444,2672.845892735913,521,598,545,0.005923156955300019,0.006399610464794153,648,"Prince George's, MD"
24033800403,MD,Maryland,Prince George's,24033,3952,3050,-76.7514702,38.9981639,6.7,25.3,13.5,36.0,77.0,8.1,10.7,5.0,79.1,92.1,9.3,72.7,4.4,7.2,69.5,15.4,11.5,21.8,21.3,11.0,6.8,14.0,4.8,37.6,10.9,5.4,5.9,31.8,19.0,82.0,12.0,10.7,35.6,10.3,2.8,6.5,37.6,3.0,7.2,3.5,3.5875,40,0.3728503322298217,-0.5610312163839513,-0.09409044207706477,0.23379513976515112,0.4894772572980312,923.9583923518773,1934.4141208418193,464,1168,753,-0.1660300066495246,0.22897120308490201,820,"Prince George's, MD"
24033800409,MD,Maryland,Prince George's,24033,6678,5320,-76.7772461,38.9840406,6.8,24.8,12.8,37.2,77.3,7.1,11.0,4.6,80.0,92.3,9.3,73.7,4.2,7.3,67.1,14.5,12.2,21.4,23.1,12.3,7.6,14.3,4.1,37.2,12.3,5.3,6.4,33.0,19.7,82.3,12.1,10.7,37.4,10.2,2.9,7.3,40.4,3.0,6.0,3.6,3.2775000000000007,40,0.41982298101625665,-0.6124534358747539,-0.09631522742924861,0.23328067125778978,0.4881194840461643,1557.8483226595201,3259.661914460285,437,1216,755,-0.21070608450618486,0.19104126686238415,864,"Prince George's, MD"
24033800504,MD,Maryland,Prince George's,24033,4720,3794,-76.7177355,38.9689221,8.1,27.3,13.9,36.1,76.9,8.9,10.8,5.6,78.1,91.3,10.6,71.9,5.5,8.8,66.2,16.8,11.7,24.5,21.7,11.9,7.4,15.7,5.7,39.0,11.1,6.1,6.1,32.5,21.2,80.4,13.0,12.1,35.5,11.7,3.1,6.4,37.5,3.2,7.4,3.9,3.6925,40,0.6005054594327485,-0.350798634253009,0.12485341258986973,0.28442461644516526,0.6225390359809911,1342.4841896211801,2938.3842498302783,350,950,557,0.07128823675379989,0.4933751077606088,580,"Prince George's, MD"
24033800515,MD,Maryland,Prince George's,24033,4336,3452,-76.7452951,38.9456938,8.8,25.4,12.3,38.6,76.2,6.3,11.9,4.9,79.1,90.8,11.5,72.3,5.2,9.7,64.9,15.6,13.3,25.1,25.3,18.2,13.2,17.9,4.3,35.9,16.8,7.0,8.8,35.3,23.9,83.5,14.0,13.0,40.7,11.6,3.7,10.4,42.0,3.5,10.2,4.7,4.172499999999999,40,0.8128159795681227,-0.3088637638140478,0.25197610787703745,0.31382099090076765,0.6951799049558723,1360.7278165457285,3014.3000678886624,262,911,450,0.07285310102531115,0.4545699658646701,576,"Prince George's, MD"
24033800521,MD,Maryland,Prince George's,24033,7885,6356,-76.7802285,38.889193,6.6,29.8,9.9,46.5,82.2,7.3,11.9,5.9,84.2,93.9,9.3,75.0,4.9,7.3,68.7,12.7,16.3,25.3,25.4,14.8,10.0,17.1,4.3,39.0,14.4,6.4,7.4,34.2,23.0,83.9,11.8,14.7,41.4,11.0,3.8,8.9,41.8,4.4,14.0,4.6,4.18,40,1.372784441725889,-0.8062827494193566,0.2832508461532662,0.32105308990002307,0.7114731839782756,2531.503613861682,5609.966055668703,92,1325,426,0.03318616344156422,0.8726550763024851,620,"Prince George's, MD"
24033800705,MD,Maryland,Prince George's,24033,4236,3349,-76.7865355,38.761088,6.9,26.2,11.5,42.0,78.6,6.1,12.0,4.8,81.7,92.5,10.2,73.3,4.6,8.5,64.3,13.9,14.4,23.6,26.2,16.3,11.1,16.7,3.7,36.6,16.0,6.3,8.0,35.1,22.5,84.7,13.1,12.7,42.1,10.9,3.6,9.8,44.0,3.6,12.6,4.4,4.2325,40,0.9288505397637277,-0.5600382709852754,0.18440613438922615,0.2981958325597194,0.6503733876442634,1263.1575467229713,2754.9816700611,216,1165,516,-0.032898371418231126,0.4942415281488131,692,"Prince George's, MD"
24033800900,MD,Maryland,Prince George's,24033,1626,1324,-76.7242704,38.6048461,8.6,29.7,12.9,41.4,78.8,8.5,11.5,6.6,79.1,90.9,11.9,72.3,6.7,10.7,63.6,16.6,14.5,27.7,23.9,15.8,10.9,18.9,6.0,39.9,14.1,7.3,7.8,33.8,24.7,77.7,14.0,14.8,39.7,13.2,4.0,8.5,40.4,4.0,10.6,4.9,3.7275,40,1.2850025529207487,-0.1701437532354907,0.557429399842629,0.38445526536319224,0.8194161575016972,625.1242614805506,1332.3706720977596,113,772,267,0.4087331682486647,0.98761008973282,298,"Prince George's, MD"
24033801106,MD,Maryland,Prince George's,24033,1674,1123,-76.8691578,38.8098033,8.3,14.1,19.6,23.5,58.4,3.4,10.9,2.3,70.4,86.4,12.0,63.4,2.9,8.6,66.4,19.0,6.6,19.2,23.4,13.5,8.5,12.4,2.7,26.6,14.4,5.3,7.7,35.9,16.9,80.5,16.0,6.1,36.6,8.9,2.1,8.5,40.6,1.5,4.5,3.0,3.6175000000000006,40,-0.8244832915703796,0.5405620566531495,-0.14196061745861505,0.22272544369245104,0.4684317718940937,372.84239274116305,784.1547861507129,1243,277,784,-0.19129078446489456,-0.9231436255829386,847,"Prince George's, MD"
24033801307,MD,Maryland,Prince George's,24033,3755,3143,-77.0086623,38.7318678,7.7,29.5,10.1,45.3,82.7,7.8,10.8,6.4,83.1,93.5,8.9,77.8,5.0,7.1,66.1,12.3,16.6,24.9,24.3,13.7,8.7,17.0,4.9,41.0,12.5,5.9,6.7,32.8,23.0,85.0,10.9,14.3,38.4,11.1,3.6,7.4,40.6,4.3,5.0,4.6,3.9325,40,1.2366550997423227,-1.0024964817174369,0.1170793090124429,0.2826269007870569,0.6164290563475899,1061.2640124553986,2314.6911065852,124,1408,566,-0.09169607146837894,0.819104338780679,748,"Prince George's, MD"
24033801600,MD,Maryland,Prince George's,24033,3054,2262,-76.9964504,38.8203631,16.6,25.0,11.6,42.2,72.6,4.2,13.4,5.9,76.9,85.7,17.6,65.6,7.3,15.5,49.6,17.1,16.7,34.5,31.4,37.7,32.8,27.9,4.6,33.2,31.6,11.5,17.6,40.7,34.9,81.1,18.9,18.0,49.8,15.1,6.2,21.3,49.7,4.6,18.0,8.5,4.985,40,1.6888024261923018,0.9549500862212841,1.321876256206793,0.5612290978431073,0.9748811948404617,1713.9936648128496,2977.28716904277,39,142,38,0.9802282283224618,1.0055063704236396,62,"Prince George's, MD"
24033801904,MD,Maryland,Prince George's,24033,3547,2738,-76.9058078,38.8128814,12.5,24.3,12.2,39.4,75.4,5.1,12.3,5.0,78.2,89.5,13.2,68.7,5.3,10.9,58.2,15.1,14.3,27.5,29.7,23.3,16.3,20.6,4.0,34.7,21.5,7.8,10.8,38.6,27.2,82.4,15.4,14.0,43.3,12.4,4.2,12.3,45.7,3.7,10.9,5.4,4.1,40,0.9645859516931049,0.1170048769553183,0.5407954143242116,0.3806087541962927,0.814663951120163,1350.0192511342502,2889.613034623218,203,521,274,0.29942185044574615,0.481838823936174,382,"Prince George's, MD"
24033802301,MD,Maryland,Prince George's,24033,3688,2972,-76.8906411,38.8571492,12.0,29.0,10.5,46.3,79.2,5.9,12.5,6.7,80.7,89.9,13.5,69.0,7.0,12.0,54.6,14.6,18.5,31.1,28.0,26.8,21.7,24.3,4.9,38.0,22.3,9.3,12.4,36.7,30.3,81.5,14.8,18.2,46.1,13.9,5.6,14.6,46.9,5.0,14.8,7.1,4.867500000000001,40,1.880363985797813,0.13276788028782324,1.006565933042818,0.4883154429799315,0.9300746775288526,1800.9073537099873,3430.1154107264088,20,512,104,0.6797308811931831,1.2266938820985431,160,"Prince George's, MD"
24033803521,MD,Maryland,Prince George's,24033,7592,5895,-76.8374179,38.9245604,6.2,25.6,11.1,40.3,78.9,7.1,11.4,4.8,82.5,93.3,8.8,74.2,4.0,6.5,69.0,12.9,12.9,22.1,24.4,13.0,8.3,14.5,4.1,36.2,13.4,5.5,6.7,34.0,19.9,85.2,11.6,11.5,38.6,9.7,3.0,8.1,41.5,3.3,7.5,3.8,3.38,40,0.6231701312621623,-0.8607910008733346,-0.11881043480558617,0.2280787870623876,0.47793618465716226,1731.5741513776466,3628.491513917176,341,1357,770,-0.2944692380936227,0.27185252468608917,971,"Prince George's, MD"
24033803524,MD,Maryland,Prince George's,24033,4691,3561,-76.8775964,38.9008183,10.1,22.6,12.4,38.4,73.0,4.2,13.1,4.1,78.6,89.4,13.4,68.3,4.8,10.9,54.1,15.6,13.3,26.1,30.3,24.1,17.7,19.5,3.1,32.1,23.2,7.9,11.6,39.6,25.7,84.3,16.4,12.9,45.0,11.7,4.1,14.1,49.9,3.4,9.7,5.1,4.5975,40,0.8176129091790735,0.08796313341514833,0.45278802129711093,0.36025756297554473,0.7827562797012899,1689.9682279182803,3671.909708078751,260,539,321,0.1969261395476881,0.30588914568022785,468,"Prince George's, MD"
24033803605,MD,Maryland,Prince George's,24033,7464,5627,-76.8834453,38.9692863,20.8,22.6,13.3,36.0,73.0,4.8,10.9,5.3,74.0,86.4,15.0,62.5,5.7,11.6,55.4,15.3,14.8,30.2,28.3,27.5,18.4,24.4,4.9,35.5,23.3,8.5,12.3,37.7,31.0,81.4,15.2,15.0,42.2,13.9,4.8,12.8,42.5,3.6,13.7,6.8,4.429999999999999,40,0.7691158117384593,0.8689395687460547,0.8190276902422571,0.4449483290459692,0.8852681602172437,3321.0943279991143,6607.641547861507,282,162,170,0.6093971891276924,0.3498548095093301,197,"Prince George's, MD"
24033804101,MD,Maryland,Prince George's,24033,3282,2435,-76.9061209,38.9268545,12.6,25.3,12.3,40.7,75.0,5.2,12.0,5.6,77.6,88.8,13.7,68.6,6.3,12.7,59.4,16.3,15.7,28.6,26.4,25.7,20.8,22.8,4.5,35.9,22.2,8.6,12.0,35.7,28.5,83.4,15.5,15.2,45.3,13.4,5.0,14.6,44.2,4.0,9.3,6.4,4.585,40,1.2378201441751793,0.12332993226952531,0.6805750382223523,0.4129319688362185,0.8594704684317719,1355.2427217204693,2820.7820773930753,122,517,208,0.43331853979410045,0.7433071473186756,280,"Prince George's, MD"
24033807410,MD,Maryland,Prince George's,24033,5966,4846,-76.9464217,39.0450064,14.4,33.6,9.3,44.6,82.8,12.4,10.0,9.4,82.1,92.1,11.0,69.5,7.3,7.1,61.9,13.1,15.6,33.8,21.9,15.9,10.6,21.0,10.2,42.2,13.2,8.6,7.6,32.7,28.8,80.5,11.0,19.1,34.4,13.6,4.4,7.7,35.6,5.2,24.6,6.4,5.07,40,1.688713167957641,0.005077730144501598,0.8468954490510713,0.45139258411255456,0.8879837067209776,2693.0081568155006,5297.710794297353,40,599,166,0.6862582263667453,1.367438722588989,156,"Prince George's, MD"
24017850905,MD,Maryland,Charles,24017,4312,3258,-76.885086,38.6020694,6.8,22.2,14.4,37.7,74.3,5.4,10.9,3.8,80.4,90.4,11.5,66.5,4.3,10.4,62.9,17.5,11.3,22.6,27.3,15.2,11.1,15.1,3.6,33.6,15.0,6.1,8.1,35.8,20.5,82.0,16.1,9.9,41.8,10.5,3.0,9.7,41.6,2.7,8.8,3.8,4.272499999999999,40,0.2923554366469043,-0.20229972820367234,0.04502785422161597,0.26596542629332137,0.570264765784114,1146.8429181768017,2458.9816700610995,510,811,634,-0.07386162610076812,0.0545764760021361,735,"Charles, MD"
24017850712,MD,Maryland,Charles,24017,6117,4692,-77.0367885,38.5984332,7.5,27.0,12.9,43.3,77.7,6.5,11.3,5.5,81.3,89.9,13.3,68.2,6.4,13.3,63.6,18.4,14.7,27.8,27.5,19.0,15.5,19.5,5.1,37.2,16.7,8.0,9.7,35.6,25.2,80.6,17.0,13.8,43.9,13.0,4.2,11.6,40.4,3.7,9.7,5.3,4.2825,40,1.1553963622095698,-0.19515863037910425,0.4801188659152328,0.3665776597982817,0.7983706720977597,2242.355544986089,4883.633401221996,142,806,298,0.3123761037124293,0.8199108378039629,369,"Charles, MD"
24021751905,MD,Maryland,Frederick,24021,3755,2559,-77.3038764,39.4073122,4.9,18.7,18.4,25.5,68.1,6.2,9.3,3.0,76.5,90.2,9.3,66.1,3.0,7.1,72.0,21.4,6.8,16.2,21.1,6.8,4.5,9.8,3.4,33.6,7.7,4.1,4.4,31.0,14.1,77.2,14.7,5.5,31.8,7.9,1.7,4.9,35.4,1.6,3.2,2.2,3.3200000000000003,40,-0.8246239515771909,-0.15224065097683695,-0.4884323012770139,0.14260590773719936,0.263408010862186,535.4851835531836,989.0970807875085,1245,751,1086,-0.3818026142441822,-0.6113645775115275,1062,"Frederick, MD"
24021751903,MD,Maryland,Frederick,24021,6485,5105,-77.2391448,39.3607925,5.5,27.3,16.1,34.0,77.4,9.8,9.6,5.5,79.4,90.9,10.3,72.3,5.2,8.5,73.4,21.5,10.0,21.7,20.9,7.3,5.0,12.9,5.8,40.7,7.3,5.2,4.6,30.6,17.5,77.7,14.7,9.2,33.2,10.4,2.5,4.7,33.1,2.7,6.8,2.9,3.5424999999999995,40,0.24223839532637423,-0.503719611909614,-0.13074060829161988,0.22532000471967917,0.47318397827562797,1461.2002306071195,3068.5980991174474,540,1116,777,-0.032010538178638664,0.4396985355523367,690,"Frederick, MD"
24021751702,MD,Maryland,Frederick,24021,3782,3016,-77.2091951,39.4723055,6.5,28.6,15.8,35.5,77.6,10.1,9.8,6.2,78.9,90.0,11.4,70.5,6.1,9.9,65.7,21.9,10.6,24.0,21.7,8.7,6.3,14.7,6.4,41.3,8.1,5.9,5.2,31.3,19.6,74.9,15.4,10.3,34.2,11.2,2.8,5.2,35.2,3.0,9.0,3.4,3.467499999999999,40,0.5286896169682026,-0.15638036906826258,0.18615462394997,0.2986001604709804,0.6524100475220638,1129.305806901248,2467.4147997284454,390,755,513,0.26321404048370833,0.6828084500356792,403,"Frederick, MD"
24021751003,MD,Maryland,Frederick,24021,5920,4583,-77.396194,39.3871801,10.9,24.4,14.3,35.0,73.9,7.0,10.0,5.6,77.6,87.1,13.6,60.8,5.8,11.1,58.9,20.6,11.8,26.9,25.9,17.2,14.0,18.8,6.0,36.9,15.0,7.6,9.0,34.6,25.0,74.1,16.9,11.8,37.8,11.7,3.6,10.1,39.5,3.2,9.7,5.0,3.9225,40,0.49622061056426464,0.565309432204727,0.5307650213844958,0.3782892849140639,0.8105906313645621,2239.472566691258,4798.696537678207,399,264,280,0.49221967118107174,0.4191299101574165,244,"Frederick, MD"
24017850400,MD,Maryland,Charles,24017,3559,2830,-77.2060697,38.4504408,7.5,31.1,13.6,44.9,79.9,8.7,10.7,7.2,80.7,89.9,13.4,68.5,8.1,14.5,58.1,19.7,15.4,30.2,25.4,15.8,12.6,20.2,7.0,41.1,12.9,8.1,8.1,33.9,25.8,78.1,16.6,15.4,41.8,14.3,4.3,8.7,38.8,4.3,12.8,5.3,4.26,40,1.571640460544615,-0.051287315029752464,0.7601765727574313,0.4313393547962766,0.8737270875763747,1535.1367637199485,3109.5947046843175,58,657,187,0.6340002731473278,1.319287861324408,185,"Charles, MD"
24021750805,MD,Maryland,Frederick,24021,4914,3750,-77.3726272,39.446551,6.0,21.3,17.1,29.5,72.8,6.9,9.5,3.8,77.9,90.4,9.8,67.3,3.5,7.3,71.9,20.3,8.5,18.6,22.5,8.2,5.4,11.5,4.0,35.5,8.9,4.6,5.0,32.0,16.2,75.9,14.7,7.1,33.5,8.7,2.1,5.6,35.5,2.1,7.8,2.7,3.5725,40,-0.40258384558102156,-0.13496293272203597,-0.26877338915152876,0.19340073724238246,0.4025797691785472,950.3712228090674,1978.276985743381,1008,735,881,-0.20463122828957206,-0.27429952385710815,854,"Frederick, MD"
24021752206,MD,Maryland,Frederick,24021,5889,4064,-77.3635685,39.3370294,5.3,20.7,15.9,28.8,72.6,6.8,9.0,3.6,78.3,91.0,8.9,65.6,3.4,7.1,70.5,19.4,8.5,17.2,21.8,7.7,5.0,11.1,3.9,36.6,7.9,4.2,4.6,30.6,15.9,76.6,13.5,6.6,31.4,8.4,2.0,5.1,35.9,2.0,4.6,2.6,3.435,40,-0.5503529864689721,-0.2245979986210519,-0.387475492545012,0.1659515750598158,0.32382892057026474,977.2888255272553,1907.0285132382892,1111,832,997,-0.3078632233481835,-0.3911284480753151,989,"Frederick, MD"
24021751001,MD,Maryland,Frederick,24021,2076,1499,-77.4408029,39.3798137,8.5,21.1,15.1,31.3,70.9,5.4,10.2,4.1,77.0,87.4,12.8,64.8,4.6,10.4,66.2,21.8,10.3,22.9,25.2,15.4,12.3,16.0,4.2,34.7,14.3,6.5,8.4,34.4,22.0,77.2,17.4,9.0,37.4,10.4,3.0,9.7,38.3,2.5,5.1,4.1,3.915,40,-0.008446997131979612,0.19301572281511,0.0922843628415652,0.2768932155422696,0.6008146639511202,574.8303154657517,1247.2912423625255,686,474,589,0.08921306288935493,-0.01458959703640015,556,"Frederick, MD"
24021750801,MD,Maryland,Frederick,24021,2883,2433,-77.4071631,39.4324126,8.0,25.8,15.9,34.0,75.1,8.3,10.1,5.6,77.7,88.3,12.6,67.8,5.8,10.4,63.0,22.4,10.5,24.9,23.1,11.8,9.2,15.8,5.9,37.9,10.9,6.6,6.7,33.1,21.2,74.5,16.7,10.5,36.1,11.1,3.0,7.1,37.1,3.0,8.4,3.9,4.145,40,0.41590974379517004,0.14396306663246927,0.2799364052138197,0.32028664495683773,0.7080787508486083,923.3863974105632,2041.3910386965376,443,503,431,0.31324135234818495,0.48251963806390064,368,"Frederick, MD"
24021751203,MD,Maryland,Frederick,24021,2424,2002,-77.4725942,39.4461141,6.5,32.5,13.1,39.7,81.7,12.9,9.2,7.6,82.2,92.4,9.9,73.1,6.2,8.0,72.3,19.2,11.8,25.9,20.7,7.6,5.3,14.8,8.2,44.2,7.0,6.0,4.5,29.9,20.4,76.5,13.0,12.1,32.1,11.2,2.9,4.5,31.1,3.7,7.8,3.6,3.875,40,0.8718495359535707,-0.6429283319265573,0.11446060201350672,0.2820213402193208,0.6137135098438561,683.6197286916336,1487.6415478615072,239,1228,570,0.1849461829553981,1.0128206978373535,479,"Frederick, MD"
24021740200,MD,Maryland,Frederick,24021,5027,3743,-77.3629588,39.4923785,6.3,27.2,15.6,34.1,76.8,9.6,9.8,5.4,79.4,90.9,10.6,70.0,5.2,8.8,72.5,21.4,10.1,22.4,21.5,8.4,5.9,13.6,5.8,39.9,8.3,5.5,5.1,31.0,18.5,76.7,14.9,9.5,34.0,10.5,2.6,5.4,34.3,2.8,4.4,3.2,3.655,40,0.28251381909902784,-0.4177863245085742,-0.06763625270477319,0.23991251522631948,0.5071283095723014,1206.0402140427082,2549.334012219959,515,1037,727,0.012630986181168785,0.4430482968709118,641,"Frederick, MD"
24021751801,MD,Maryland,Frederick,24021,5417,3841,-77.2648269,39.4104487,5.4,23.6,17.3,30.3,73.4,8.1,9.6,4.4,77.9,90.4,10.2,67.1,4.3,8.4,70.9,21.9,8.6,19.5,20.5,7.5,5.3,12.1,4.7,37.5,7.6,4.9,4.7,30.4,16.2,77.6,14.9,7.7,33.3,9.5,2.2,5.1,34.6,2.3,5.9,2.7,3.5175,40,-0.18363206616670363,-0.24489389233773176,-0.2142629792522177,0.20600594843231762,0.42769857433808556,1115.9342226578644,2316.8431771894093,822,854,844,-0.11427851871469016,0.01633685490835142,769,"Frederick, MD"
24021751902,MD,Maryland,Frederick,24021,6005,4445,-77.3398797,39.4050409,5.2,24.0,16.7,30.6,74.8,8.5,9.6,4.4,78.7,90.7,9.7,69.1,4.1,7.4,73.5,21.3,8.7,19.5,20.4,7.0,4.8,11.5,4.7,37.7,7.4,4.8,4.5,30.6,16.1,78.8,14.4,7.8,32.4,9.1,2.1,4.8,33.2,2.3,5.2,2.7,3.695,40,-0.19439693129432223,-0.4418907970477154,-0.3181438641710188,0.18198410571608098,0.3672776646300068,1092.8145548250664,2205.5023761031907,841,1060,933,-0.21621373485478537,0.009463327338144624,872,"Frederick, MD"
24021750508,MD,Maryland,Frederick,24021,5056,3603,-77.453806,39.424136,15.1,18.9,15.6,30.4,67.6,4.1,10.4,3.9,74.6,84.4,15.6,63.7,4.6,11.5,59.2,21.2,10.5,26.4,29.4,22.5,17.4,19.7,4.1,32.1,20.4,7.8,11.5,38.1,26.0,76.8,19.0,9.9,40.3,11.3,3.5,12.7,41.8,2.5,10.7,5.3,4.3825,40,-0.020395540531163638,0.883797535385701,0.4317009974272687,0.3553813129209671,0.7759674134419552,1796.8079181284095,3923.2912423625253,694,158,331,0.3718124626326884,-0.1401726101203242,319,"Frederick, MD"
24009860902,MD,Maryland,Calvert,24009,2992,2272,-76.4705743,38.4015851,7.2,27.0,16.0,37.6,75.8,7.4,11.4,5.3,78.8,88.7,13.6,69.6,6.2,12.9,65.2,20.5,11.6,28.3,23.5,14.4,11.5,18.1,5.4,35.8,13.4,7.3,7.8,34.5,21.7,79.9,16.7,12.3,39.7,12.8,3.5,8.7,39.9,3.2,11.1,4.3,4.717499999999999,40,0.7718316975751165,-0.09645000471521487,0.33769084642995084,0.3336420192794812,0.7331975560081466,998.2569216842077,2193.7270875763747,281,700,394,0.2569434316194328,0.6103368679540805,411,"Calvert, MD"
24017850801,MD,Maryland,Charles,24017,4548,3644,-76.8593942,38.6500734,8.9,30.0,12.4,44.9,79.7,8.3,11.0,6.9,81.5,90.1,13.5,68.4,7.5,13.4,62.3,18.5,15.4,30.2,27.0,18.3,14.5,20.7,6.6,40.0,15.4,8.3,9.2,35.2,26.5,77.9,16.4,15.5,42.2,13.9,4.4,10.2,38.8,4.2,12.9,5.5,4.647500000000001,40,1.49668984719058,-0.060375775825584434,0.7181570356824978,0.42162258436818373,0.86693822131704,1917.5395137064995,3942.835030549898,72,667,197,0.5661659857692852,1.192707747364155,215,"Charles, MD"
24021752201,MD,Maryland,Frederick,24021,2399,1879,-77.3971148,39.2908367,6.3,29.2,14.6,36.9,79.1,10.3,9.5,6.3,80.3,91.1,10.6,71.7,5.9,9.3,69.2,20.4,11.4,23.6,21.7,8.6,6.0,14.8,6.5,42.6,7.7,5.7,4.9,30.6,19.8,75.1,14.2,10.7,33.5,11.1,2.8,5.0,33.9,3.2,6.6,3.5,3.755,40,0.5788549241644643,-0.3974905927443413,0.09068216571006149,0.2765227168935194,0.5987780040733197,663.3779978275531,1436.468431771894,366,1010,592,0.15482334493780442,0.7071372826199501,505,"Frederick, MD"
24009861003,MD,Maryland,Calvert,24009,6517,5027,-76.427426,38.3394149,6.8,27.8,16.4,36.5,76.1,8.4,11.1,5.5,78.5,89.0,13.1,68.3,6.3,12.3,66.7,21.0,11.0,27.8,21.8,11.8,9.1,17.0,5.9,36.8,11.1,6.9,6.7,33.4,20.7,80.0,16.2,11.9,37.6,12.6,3.2,7.1,38.0,3.1,9.1,3.9,4.312499999999999,40,0.695285586562891,-0.1737178238468059,0.26078388135804254,0.3158577366351376,0.6992532247114732,2058.4448696511918,4557.033265444671,311,778,444,0.22634711696789883,0.6264120577826036,438,"Calvert, MD"
24009860701,MD,Maryland,Calvert,24009,2877,2258,-76.6309766,38.5439619,7.0,29.4,15.7,38.5,77.7,9.4,10.6,6.2,79.2,89.4,12.7,69.1,6.6,12.1,65.5,19.8,11.6,29.0,22.3,11.4,8.5,17.4,6.7,38.2,10.4,6.9,6.3,33.3,21.7,78.6,15.4,12.8,36.6,12.8,3.2,6.6,37.6,3.4,12.0,4.0,4.3475,40,0.8506626747704922,-0.14160919685890708,0.35452673895579256,0.3375352202524933,0.7433808553971487,971.0888286664232,2138.706720977597,250,738,379,0.31326805457121343,0.7681453060013339,367,"Calvert, MD"
24021751600,MD,Maryland,Frederick,24021,3023,2391,-77.2206287,39.5383021,6.9,29.9,15.6,37.3,77.9,10.0,9.9,6.8,78.6,89.2,12.5,70.3,7.0,11.6,66.8,22.7,11.6,26.3,22.8,9.9,7.6,16.3,7.1,41.8,8.9,6.7,5.8,32.1,22.0,71.8,16.5,11.6,35.8,12.2,3.1,5.9,34.7,3.4,8.8,3.8,3.7375,40,0.8406317776011037,-0.010244948047819091,0.41519341477664234,0.3515640316726548,0.7671418873048201,1062.7780677464355,2319.069925322471,252,609,344,0.46460964146762734,0.9394642309830737,263,"Frederick, MD"
24021752101,MD,Maryland,Frederick,24021,3661,2799,-77.2805758,39.3101667,5.1,26.3,16.0,33.3,76.9,9.5,9.3,5.1,79.6,91.4,9.4,71.7,4.7,7.9,75.0,20.6,9.8,20.0,20.3,6.9,4.6,12.2,5.2,40.7,6.9,4.7,4.3,29.6,16.5,76.5,13.8,8.4,32.7,9.7,2.3,4.5,32.4,2.5,6.3,2.8,3.4650000000000007,40,0.06130469889089348,-0.5109244737943958,-0.22480988745175115,0.20356703803884324,0.4222674813306178,745.2589262602052,1545.9212491513917,647,1125,852,-0.12046370564076411,0.26999706251286754,775,"Frederick, MD"
24017851003,MD,Maryland,Charles,24017,4438,3384,-76.9506454,38.5160231,5.2,26.0,15.9,36.4,76.9,8.8,9.9,5.1,79.8,91.0,10.6,71.4,5.1,9.6,70.6,19.6,10.5,22.8,21.7,8.7,5.8,13.2,5.6,38.1,8.5,5.5,5.3,31.9,17.9,81.1,14.9,9.8,35.8,10.9,2.6,5.5,34.6,2.8,5.9,3.2,3.7125,40,0.31791749944547765,-0.5785566454277233,-0.13031957299112285,0.22541736665276654,0.47386286490156143,1000.402273204978,2103.0033944331294,498,1186,776,-0.11413213053399801,0.3502923843597273,768,"Charles, MD"
24021752601,MD,Maryland,Frederick,24021,4481,3340,-77.5181143,39.4567413,5.1,26.7,15.9,33.2,77.2,10.1,9.4,5.3,79.7,91.4,9.5,71.7,4.8,7.8,73.7,20.9,9.4,20.6,19.8,6.6,4.6,12.1,5.7,40.3,6.5,4.9,4.2,29.7,16.6,76.2,13.8,8.6,32.0,9.7,2.2,4.3,32.8,2.6,7.7,2.8,3.64,40,0.08941262562818918,-0.4687201199844536,-0.18965374717813221,0.21169668838619007,0.4460285132382892,948.6128606585178,1998.6537678207737,626,1080,817,-0.07727730302817273,0.31416551392810815,740,"Frederick, MD"
24009860402,MD,Maryland,Calvert,24009,3958,2881,-76.5420675,38.6689117,6.6,26.4,16.8,35.2,75.1,7.8,11.0,4.8,78.3,89.7,12.5,69.6,5.7,12.1,73.0,20.6,10.3,25.8,22.2,11.4,8.5,16.0,5.1,35.9,11.0,6.3,6.3,33.3,19.6,79.4,15.9,10.8,37.5,12.0,2.9,6.9,35.9,2.8,8.3,3.5,4.3025,40,0.4535976580536968,-0.28579768465814204,0.08389998669777737,0.27495437794806477,0.593346911065852,1088.2694279184404,2348.4670739986423,420,889,600,0.056506629414124626,0.3988109434863913,598,"Calvert, MD"
24017850710,MD,Maryland,Charles,24017,5578,4123,-76.9571932,38.6268451,6.5,23.1,13.6,39.4,75.7,5.3,11.0,4.1,81.1,90.6,11.6,69.5,4.5,10.6,64.5,17.3,12.5,23.4,27.6,15.9,11.8,15.9,3.7,34.5,15.4,6.4,8.5,35.8,21.4,82.5,16.1,10.7,42.2,10.8,3.3,10.2,41.8,2.9,6.0,4.2,4.2825,40,0.47631268044595027,-0.4054164889843271,0.03544809573081159,0.26375016357289394,0.5634758995247794,1471.1984124096023,3143.0685675492196,410,1019,644,-0.10469195481073033,0.19603257936286642,759,"Charles, MD"
24009860501,MD,Maryland,Calvert,24009,7145,5242,-76.5619789,38.6032383,5.6,25.9,17.1,34.4,75.5,8.1,10.5,4.6,78.7,90.2,11.4,67.4,5.1,10.6,69.8,19.9,9.8,24.0,21.0,9.2,6.5,14.3,5.0,36.4,9.1,5.6,5.4,32.2,17.9,81.8,14.8,9.8,35.6,11.2,2.6,5.7,37.0,2.6,8.4,3.2,4.155,40,0.23800150892847582,-0.3623754746314272,-0.0621869828514757,0.24117262678039955,0.5112016293279023,1723.1784183459547,3652.535641547862,542,966,721,-0.06017244174849376,0.2420305911344397,723,"Calvert, MD"
24009860600,MD,Maryland,Calvert,24009,7126,5485,-76.6355421,38.6160327,6.0,29.5,15.8,38.0,78.3,9.5,10.6,5.9,79.8,90.4,11.9,68.4,6.3,11.5,70.4,20.0,11.4,27.1,20.8,10.0,7.3,16.3,6.3,39.1,9.2,6.3,5.6,32.0,20.0,80.8,14.9,11.9,36.2,12.5,3.0,5.8,36.2,3.2,8.3,3.7,4.385,40,0.7547385450063359,-0.4358526098407347,0.15944296758280058,0.2924232472838829,0.6381534283774609,2083.8080601449496,4547.481330617787,287,1054,534,0.14481899519915659,0.7254906002390479,511,"Calvert, MD"
24021752303,MD,Maryland,Frederick,24021,3606,2608,-77.4977232,39.3099211,6.1,24.7,16.4,32.3,74.8,8.2,9.6,4.7,78.6,90.7,10.4,67.5,4.6,9.0,70.9,21.1,9.6,20.5,22.2,8.5,5.9,12.9,4.9,38.6,8.7,5.1,5.1,31.2,17.8,74.4,15.0,8.4,34.3,9.9,2.4,5.6,35.4,2.5,5.8,2.9,3.4925000000000006,40,0.01001599448327508,-0.17867662407995835,-0.08433031479834163,0.23605211170530355,0.4969450101832994,851.2039148093246,1791.9837067209776,674,785,742,-0.010190201206988006,0.15829622166598234,664,"Frederick, MD"
24017850706,MD,Maryland,Charles,24017,5638,4261,-76.9455906,38.6412926,6.9,23.2,13.2,39.7,76.2,5.4,10.8,4.2,81.1,90.4,11.7,67.2,4.6,10.8,64.5,16.6,12.8,23.8,28.5,16.5,12.0,16.4,3.9,35.1,15.3,6.5,8.5,36.2,22.2,81.0,15.8,11.0,41.3,11.0,3.4,9.9,41.9,3.0,7.6,4.3,4.325,40,0.49131002994593725,-0.2692677717377924,0.11102112910407241,0.2812259823695897,0.6123557365919892,1585.5520885997466,3452.461642905635,401,873,572,-0.033939588853566044,0.20138859403066034,696,"Charles, MD"
24021750300,MD,Maryland,Frederick,24021,1728,1459,-77.4158102,39.4109494,8.1,23.1,16.3,33.7,73.2,6.3,10.5,5.0,77.0,87.0,13.2,68.0,5.3,10.3,59.8,22.3,10.9,24.6,24.4,14.2,11.8,16.4,4.8,35.1,13.0,6.9,8.1,34.2,20.9,75.2,17.4,10.2,38.1,10.7,3.3,9.0,39.9,3.0,11.6,4.3,4.3625,40,0.34377207662272985,0.35564384572633934,0.3497079611745346,0.3364209062760927,0.7386286490156144,581.3353260450882,1276.3503054989817,484,358,386,0.3268080956276754,0.2979723455290114,353,"Frederick, MD"
24021751202,MD,Maryland,Frederick,24021,6654,5201,-77.4463886,39.4525529,6.4,25.6,14.4,34.1,76.6,8.5,9.8,5.1,79.9,90.6,10.4,69.7,4.8,8.1,69.8,20.2,10.5,22.1,22.4,10.0,7.3,13.9,5.3,38.7,9.6,5.6,5.8,31.8,19.0,78.4,14.6,9.5,34.2,10.0,2.6,6.4,35.4,2.8,6.3,3.4,3.72,40,0.20721148379552337,-0.38100874627554704,-0.08689863124001183,0.23545820365710443,0.49355057705363203,1566.7388871343728,3284.0855397148675,561,991,747,-0.04648933723550411,0.2880300718045388,704,"Frederick, MD"
24021750701,MD,Maryland,Frederick,24021,5623,4199,-77.4078207,39.4551284,11.2,23.5,15.3,33.5,72.8,6.2,10.4,4.9,76.8,87.3,14.0,64.8,5.6,11.8,61.5,21.6,11.4,25.5,26.8,16.7,12.7,18.5,4.9,36.9,15.1,7.2,8.7,35.3,23.9,73.8,17.5,10.8,38.2,11.8,3.5,9.5,39.5,2.9,7.9,4.6,4.1875,40,0.36296286592994,0.4630252336205642,0.4129940497752521,0.3510554414716733,0.7651052274270197,1973.9847473952188,4302.186693822132,469,310,347,0.3925440880058091,0.322062942391054,305,"Frederick, MD"
24021752602,MD,Maryland,Frederick,24021,2729,2239,-77.5184053,39.4106761,6.1,29.8,14.7,36.8,79.6,11.2,9.3,6.5,80.6,91.6,10.0,73.4,5.8,8.5,73.1,20.4,11.0,23.3,20.5,7.4,5.2,13.9,6.8,42.9,7.1,5.4,4.5,29.8,19.0,76.7,13.8,10.4,33.1,10.8,2.6,4.5,32.2,3.1,6.2,3.2,3.599999999999999,40,0.5456060843959153,-0.5910069123297537,-0.022700413966919186,0.2503036632351822,0.5308893414799728,683.0786969688123,1448.7970128988459,381,1194,692,0.0657479619825952,0.722502836294944,587,"Frederick, MD"
24017850500,MD,Maryland,Charles,24017,2775,2236,-77.0902045,38.4724635,6.6,29.6,14.6,40.9,79.0,9.5,10.3,6.4,80.2,90.4,12.3,70.1,7.0,12.5,67.7,20.1,12.7,27.1,23.1,11.8,8.7,17.0,6.8,40.5,10.1,6.9,6.3,32.7,22.2,78.4,15.8,12.9,38.3,12.9,3.4,6.6,34.5,3.5,10.3,4.2,4.0375,40,1.002236746434354,-0.3118529583321331,0.34519189405111045,0.33537659235616746,0.7352342158859471,930.6700437883648,2040.274949083503,190,914,391,0.31183507969643043,0.935523117724994,370,"Charles, MD"
24021750804,MD,Maryland,Frederick,24021,2441,2020,-77.3950189,39.4257211,6.1,23.6,16.3,30.9,74.8,8.3,9.5,4.3,78.8,91.1,9.6,72.8,4.0,7.2,73.6,20.4,8.9,19.3,21.2,7.7,5.2,11.8,4.5,37.8,8.1,4.7,4.7,30.8,16.2,75.1,14.0,7.8,32.9,9.1,2.2,5.1,33.6,2.3,3.6,2.7,3.71,40,-0.2085316752725414,-0.41847691081127397,-0.3135042930419077,0.18305697920980812,0.37067209775967414,446.8420862511416,904.8105906313646,854,1040,928,-0.22586231004452792,-0.03324770927778186,884,"Frederick, MD"
24009860403,MD,Maryland,Calvert,24009,3456,2475,-76.5544036,38.6894562,5.9,24.6,17.0,33.3,73.4,7.1,11.0,4.3,78.3,89.3,12.2,63.3,5.1,11.0,69.4,21.1,9.5,24.5,20.4,11.1,8.8,15.2,4.7,34.3,10.8,6.2,6.4,32.4,18.3,80.2,15.8,9.9,37.3,11.3,2.8,7.2,37.3,2.5,8.0,3.5,4.65,40,0.21277164968484097,-0.11500656599723334,0.04888254184380381,0.26685680009951107,0.5736591989137814,922.2571011439103,1982.5661914460284,558,720,629,0.03320939790793694,0.18142536181310723,619,"Calvert, MD"
24021750507,MD,Maryland,Frederick,24021,4271,3004,-77.4664381,39.4266123,22.0,19.8,15.1,31.6,67.8,4.2,10.2,4.7,72.9,82.2,18.1,56.1,5.7,13.9,50.6,21.1,12.2,30.8,31.2,28.5,21.8,24.9,5.0,34.3,24.2,9.1,13.6,39.1,31.5,69.1,19.6,12.2,41.5,13.5,4.4,14.4,42.2,2.9,15.2,6.8,4.8100000000000005,40,0.2955189701309206,1.822362392155458,1.0589406811431892,0.5004267949592014,0.9416157501697217,2137.322841270749,4021.6408689748814,508,37,87,0.9776083139529335,0.13285423575040897,65,"Frederick, MD"
24017850709,MD,Maryland,Charles,24017,7566,5675,-76.9006667,38.644537,7.7,20.6,13.8,37.3,72.9,4.3,11.1,3.5,80.1,89.5,12.4,66.6,4.1,10.9,61.8,17.1,11.5,23.3,29.4,18.3,13.8,16.3,3.2,31.9,17.6,6.6,9.4,37.6,22.2,83.5,16.9,10.0,43.0,10.5,3.2,11.3,43.9,2.7,11.4,4.3,4.5600000000000005,40,0.25278540510812025,-0.07251363969384823,0.09013588270713602,0.2763963921670302,0.5980991174473863,2091.2151031357507,4525.217922606925,534,681,593,-0.06637509987843541,-0.06023656006302259,730,"Charles, MD"
24017851401,MD,Maryland,Charles,24017,3218,2570,-76.7707538,38.579955,6.9,29.4,13.6,44.2,79.3,7.9,11.0,6.4,81.3,90.4,12.9,68.6,7.1,13.3,63.2,19.3,15.1,28.2,25.1,16.1,12.9,19.2,6.0,39.7,14.0,7.8,8.5,33.6,24.2,79.9,16.5,14.3,43.0,13.5,4.3,9.8,39.1,3.9,9.0,5.1,4.13,40,1.3578578577317313,-0.27803129207384103,0.5399132828289451,0.3804047664843003,0.8139850644942295,1224.1425385464784,2619.4039375424304,96,882,275,0.40839490172042414,1.0948210955146893,299,"Charles, MD"
24021752501,MD,Maryland,Frederick,24021,5170,4130,-77.586872,39.3995827,7.0,29.4,15.1,36.9,78.0,10.0,9.8,6.5,79.3,90.1,11.8,70.8,6.6,10.6,69.0,22.1,11.6,25.1,21.6,9.9,7.6,16.0,6.8,41.9,9.0,6.4,5.7,31.0,21.1,71.7,15.6,11.3,35.7,11.9,3.1,6.0,34.3,3.2,8.7,3.8,3.765,40,0.7275285940440899,-0.09986944915045741,0.31382957244681625,0.3281242402282156,0.7209775967413442,1696.4023219798748,3727.4541751527495,299,703,412,0.37068058798477826,0.8412306251200139,320,"Frederick, MD"
24009860702,MD,Maryland,Calvert,24009,3453,2559,-76.5778835,38.5706394,8.0,28.7,14.9,39.3,77.0,7.8,11.6,5.9,79.1,88.3,14.5,65.3,7.1,13.9,59.2,20.6,12.6,30.7,24.2,16.1,13.3,20.0,6.0,36.8,14.2,8.1,8.4,35.2,24.2,78.8,17.1,14.0,40.0,13.6,3.9,9.3,41.4,3.6,13.1,4.9,4.6625,40,1.0805816845783227,0.15727486759673356,0.6189282760875281,0.3986765182292515,0.836388323150034,1376.6300174456053,2888.0488798370675,164,495,242,0.5147314256710575,0.8721879837453813,229,"Calvert, MD"
24021751906,MD,Maryland,Frederick,24021,2521,1868,-77.2967749,39.4012357,6.1,27.9,15.1,34.7,77.8,10.2,9.5,5.8,79.9,91.1,10.2,71.6,5.4,8.6,71.5,20.9,10.2,22.3,20.9,7.9,5.6,13.4,6.1,40.8,7.7,5.3,4.7,30.4,18.5,75.7,14.3,9.6,33.2,10.4,2.5,5.0,33.8,2.9,7.1,3.1,3.8575,40,0.3344286973196036,-0.4074329948919106,-0.03650214878615349,0.24711209335879925,0.5247793618465716,622.9695873575329,1322.968771215207,491,1022,701,0.04916821261606494,0.5057694201240405,607,"Frederick, MD"
24021750702,MD,Maryland,Frederick,24021,3822,2970,-77.4203868,39.4326934,12.4,27.6,13.7,37.4,75.7,7.7,10.8,6.4,78.0,86.9,15.1,66.1,7.5,13.1,58.0,22.0,13.2,29.7,26.7,19.5,16.2,21.5,6.4,39.3,16.2,8.7,9.9,35.5,27.3,75.6,17.9,13.8,39.3,13.4,4.3,10.6,39.1,3.7,12.0,5.7,4.567500000000001,40,1.0397091096087479,0.48039209450723835,0.7600506020579931,0.4313102248140751,0.8730482009504412,1648.467679239395,3336.790224032586,180,303,188,0.7045968015426801,0.9288015085781219,145,"Frederick, MD"
24017851302,MD,Maryland,Charles,24017,4407,3486,-76.8591522,38.5203189,6.0,27.0,15.4,38.7,77.3,8.7,10.1,5.5,79.8,90.5,11.4,70.8,5.8,11.0,68.3,19.2,11.6,24.7,23.3,10.7,7.5,15.2,5.9,38.7,9.9,6.2,6.1,32.7,20.0,78.9,15.2,11.2,37.4,11.7,3.0,6.4,35.7,3.1,8.3,3.7,3.8425,40,0.6004655781867851,-0.3690173841390125,0.11572409702388631,0.28231351599772136,0.615071283095723,1244.1556650019581,2710.6191446028515,351,978,568,0.09133385191979948,0.5516850879786115,554,"Charles, MD"
24021751904,MD,Maryland,Frederick,24021,4606,3412,-77.3459482,39.3781197,5.5,23.0,16.4,30.8,74.3,7.9,9.3,4.4,78.5,90.5,9.7,69.3,4.1,7.7,71.9,20.4,9.0,19.3,21.6,7.8,5.3,11.9,4.7,37.5,8.0,4.7,4.8,31.0,16.6,78.5,14.3,7.6,32.6,9.1,2.2,5.2,34.9,2.3,5.5,2.7,3.345,40,-0.2288086834835507,-0.37449554466688995,-0.3016521140752203,0.18579772577935263,0.3781398506449423,855.7843249396982,1741.7121520706044,866,983,917,-0.22164326271260074,-0.06879098075831154,880,"Frederick, MD"
24021750504,MD,Maryland,Frederick,24021,6012,4609,-77.4394695,39.4246793,10.1,23.8,14.3,34.2,74.2,6.9,10.1,5.2,78.3,88.0,12.7,64.0,5.3,9.6,58.0,20.4,11.4,25.1,24.9,15.6,12.2,17.2,5.3,36.4,14.3,6.9,8.5,34.1,22.9,70.7,16.3,10.7,37.6,10.9,3.3,9.5,40.2,3.0,11.5,4.6,4.1375,40,0.3592188164298469,0.5714001603813279,0.4653094884055874,0.36315307848536604,0.790224032586558,2183.2763078540206,4750.826883910387,473,262,310,0.43575619826117284,0.30011223614101773,277,"Frederick, MD"
24009860801,MD,Maryland,Calvert,24009,7092,5534,-76.53816,38.4464607,6.4,28.4,16.1,37.2,77.5,8.8,10.9,5.6,79.3,90.0,12.4,68.0,6.1,11.7,67.8,20.2,11.1,27.0,22.0,10.6,7.7,16.4,5.8,38.0,10.0,6.4,5.9,33.1,20.0,79.4,15.4,11.7,36.6,12.4,3.0,6.2,37.8,3.1,7.7,3.7,4.200000000000001,40,0.6838800634111584,-0.30119336844245825,0.19134334748435006,0.2998000222235862,0.6564833672776647,2126.1817576096732,4655.780040733198,316,908,507,0.16561517649331614,0.6324237214290905,492,"Calvert, MD"
24017851004,MD,Maryland,Charles,24017,5953,4500,-76.9605345,38.5540556,8.1,27.2,13.7,40.1,77.0,7.8,10.9,5.7,80.0,89.2,13.4,67.9,6.5,12.5,62.1,19.5,12.8,28.4,26.3,16.2,12.5,18.4,6.0,37.2,14.1,7.9,8.4,35.8,24.5,79.7,16.9,13.4,39.9,12.8,3.7,9.2,38.6,3.6,9.9,4.8,4.282500000000001,40,0.9336106958426724,-0.081506713409384,0.4260519912166442,0.3540750135108231,0.7718940936863544,2107.80855542993,4595.085539714868,214,691,337,0.3293443687176252,0.7401954508446343,349,"Charles, MD"
24017850708,MD,Maryland,Charles,24017,5281,3998,-76.9353838,38.6477177,6.7,23.8,13.2,40.3,76.8,5.7,10.8,4.4,81.3,90.5,11.6,67.3,4.8,10.8,63.2,16.9,13.1,24.1,27.8,16.2,11.9,16.5,4.0,35.6,15.0,6.5,8.4,35.7,22.3,82.9,15.7,11.2,41.5,11.1,3.4,9.8,41.5,3.1,11.5,4.3,4.2975,40,0.577277796943341,-0.2694705432090258,0.1539036268671576,0.2911423073734573,0.6361167684996606,1537.5225252392281,3359.3326544467077,367,874,537,0.012152470206956117,0.29377548362293804,644,"Charles, MD"
24017851200,MD,Maryland,Charles,24017,4675,3634,-76.909535,38.3348487,7.4,30.1,14.7,41.7,78.6,9.4,10.3,6.9,79.5,89.5,13.1,68.8,7.7,13.9,64.1,20.6,13.4,28.9,23.7,13.1,10.1,18.4,7.3,40.6,10.9,7.5,7.0,33.1,24.1,78.4,16.5,13.9,39.3,13.7,3.7,7.3,35.8,3.8,11.7,4.6,4.0600000000000005,40,1.208381598552847,-0.11865631101731638,0.5448626437677653,0.3815492770466733,0.8153428377460964,1783.7428701931976,3811.7277664630005,129,723,273,0.48994819467026407,1.0985527003578446,246,"Charles, MD"
24009861100,MD,Maryland,Calvert,24009,5914,4644,-76.4736433,38.4588399,6.2,28.7,16.4,36.8,77.3,9.2,10.8,5.7,79.1,89.9,12.4,69.3,6.2,11.7,68.7,20.7,10.8,27.1,21.3,10.0,7.3,16.0,6.1,38.0,9.5,6.4,5.7,32.7,19.9,79.7,15.5,11.6,36.3,12.4,2.9,5.9,37.1,3.1,7.7,3.6,4.11,40,0.6731991645583685,-0.34559272238687944,0.16380322108574452,0.2934315302219086,0.6401900882552614,1735.3540697323674,3786.0841819416155,319,943,531,0.15449361251023735,0.6545799474073541,506,"Calvert, MD"
24017850902,MD,Maryland,Charles,24017,5433,4198,-76.9254057,38.5956661,8.9,26.2,13.5,41.1,77.1,7.0,10.7,5.5,80.3,89.4,13.0,70.3,6.0,12.0,63.4,18.0,13.4,27.8,27.8,17.2,12.8,18.4,5.5,36.8,15.4,7.5,8.8,36.1,24.7,81.3,16.6,13.0,41.4,12.4,3.7,9.8,39.7,3.6,9.2,4.9,4.180000000000001,40,0.9007855934245337,-0.2043313737904209,0.3482271098170564,0.33607846812278597,0.7372708757637475,1825.914317311096,4005.59266802444,225,815,388,0.2147453316026806,0.6338220369957821,449,"Charles, MD"
24009860703,MD,Maryland,Calvert,24009,4042,3022,-76.6074909,38.4831446,7.6,28.7,15.2,39.0,77.2,8.0,11.3,5.8,79.3,89.0,13.6,69.1,6.8,13.2,63.3,20.3,12.4,29.4,23.3,14.6,11.8,19.0,5.9,37.3,13.1,7.5,7.7,34.1,22.8,81.1,16.4,13.3,39.5,13.2,3.7,8.5,40.2,3.5,12.1,4.5,4.6225000000000005,40,0.9847575491905097,-0.127948682787132,0.42840443320168886,0.35461900186255874,0.7739307535641547,1433.3700055284623,3128.2281059063134,197,728,334,0.3413775227243471,0.8107037282358263,340,"Calvert, MD"
24009860300,MD,Maryland,Calvert,24009,4291,3296,-76.5793751,38.6629535,6.1,28.8,15.9,38.0,78.2,9.0,10.7,5.6,79.8,90.6,11.7,71.3,6.0,11.5,70.3,19.5,11.3,26.3,21.7,10.2,7.4,16.0,5.8,38.5,9.6,6.1,5.7,32.4,19.8,80.4,14.8,11.6,36.6,12.2,3.0,6.0,37.0,3.1,7.6,3.5,4.1025,40,0.6886659631591482,-0.4950093880748933,0.09682828754212744,0.27794397136281007,0.6055668703326544,1192.657581117818,2598.48744059742,313,1106,582,0.06858090020069427,0.6321711884762818,583,"Calvert, MD"
24017850802,MD,Maryland,Charles,24017,5937,4289,-76.8560416,38.6195583,8.4,23.5,13.7,39.0,74.6,5.8,11.1,4.5,80.2,89.5,12.9,68.1,5.2,11.8,60.6,18.1,12.3,25.6,28.3,18.3,14.1,17.5,4.4,34.3,17.2,7.2,9.4,36.7,23.4,82.4,17.1,11.4,42.9,11.6,3.5,11.2,42.4,3.1,11.1,4.5,4.334999999999999,40,0.6055259212395879,-0.07560826604475117,0.2649588275974184,0.31682316836003505,0.6999321113374066,1880.9791505535281,4155.4969450101835,349,684,443,0.1265810145425832,0.32877029512991757,525,"Charles, MD"
24021750200,MD,Maryland,Frederick,24021,1686,1530,-77.4090222,39.4157363,5.5,25.3,16.6,32.5,75.2,8.9,9.7,5.3,78.3,89.5,10.6,72.5,5.0,8.1,68.7,22.8,9.5,21.4,19.0,8.1,6.4,13.0,5.5,38.4,7.8,5.4,5.2,29.9,17.0,76.0,15.2,8.6,34.4,9.9,2.5,5.5,33.9,2.6,5.6,3.1,4.145,40,0.13064249644029635,-0.2828084058835466,-0.07608295472162513,0.23795926514110566,0.4989816700610998,401.19932102790415,841.2830957230142,607,884,739,0.018171963213937548,0.3191523323114217,637,"Frederick, MD"
24021751301,MD,Maryland,Frederick,24021,4752,3794,-77.4670894,39.5006996,6.6,33.1,12.4,41.1,82.1,12.9,9.2,8.0,82.6,92.3,10.0,72.3,6.5,8.1,66.9,19.0,12.6,26.9,20.4,8.5,6.3,15.7,8.7,44.4,7.7,6.3,5.0,29.5,21.6,75.6,13.0,12.9,33.1,11.5,3.1,5.2,33.3,3.9,8.8,4.0,3.874999999999999,40,1.043124545193342,-0.512590187472816,0.26526717886026296,0.31689447277319244,0.7006109979633401,1505.8825346182105,3329.3034623217923,178,1126,442,0.311344346739023,1.135278880950862,372,"Frederick, MD"
24017850711,MD,Maryland,Charles,24017,5739,4288,-76.9384389,38.6269699,8.2,27.4,11.5,45.6,78.2,6.0,11.6,5.7,82.3,89.8,13.6,64.4,6.5,13.2,58.1,17.6,16.3,29.4,28.3,23.1,20.4,21.2,5.1,36.5,19.9,8.8,11.6,36.1,27.6,82.4,17.2,15.2,46.4,13.2,4.8,14.7,43.5,4.1,12.1,6.2,4.67,40,1.4172516309510932,-0.034812367751781585,0.6912196315996558,0.41539346835162744,0.8621860149355057,2383.94311486999,4948.085539714867,86,638,204,0.4596927792166289,0.9541979261850393,267,"Charles, MD"
24017851001,MD,Maryland,Charles,24017,3507,2831,-76.9997715,38.5327926,6.3,28.8,14.2,40.8,79.4,9.6,9.8,6.2,81.1,91.1,11.0,72.7,6.0,10.1,68.8,18.2,12.4,26.0,23.2,10.6,7.4,15.6,6.5,39.9,9.5,6.3,5.9,32.5,21.0,80.1,14.4,12.3,36.7,11.8,3.1,6.1,34.3,3.5,7.8,3.9,3.85,40,0.8000917698584291,-0.5620609985511079,0.1190153856536606,0.2830746071056762,0.6177868295994569,992.7426471196065,2166.5784114052954,267,1172,564,0.08094696472251706,0.723954927996142,567,"Charles, MD"
24009860200,MD,Maryland,Calvert,24009,6280,4747,-76.6579871,38.6758822,4.9,27.9,16.1,36.1,78.2,9.5,10.3,5.1,80.5,91.7,10.1,72.4,5.1,9.1,75.0,19.0,10.1,23.6,19.5,7.7,5.3,13.6,5.5,38.3,7.7,5.2,4.6,30.7,16.8,82.6,13.4,10.0,34.2,10.9,2.5,4.8,34.1,2.8,5.6,3.0,4.0725,40,0.3553632554895806,-0.8020010478784414,-0.2233188961944304,0.20391182098425847,0.4229463679565513,1280.5662357811432,2656.1031907671418,476,1320,851,-0.2061349090826826,0.3897312297130762,855,"Calvert, MD"
24021751002,MD,Maryland,Frederick,24021,5297,4123,-77.4300066,39.3835628,8.9,27.5,14.0,37.1,76.6,8.3,10.0,6.3,78.9,88.4,12.9,67.3,6.5,10.9,62.7,21.6,12.7,26.8,23.0,14.9,12.5,18.2,6.5,39.4,12.9,7.4,8.1,32.3,24.2,74.6,16.5,12.2,38.3,12.1,3.7,9.2,37.2,3.4,7.9,4.9,4.027500000000001,40,0.7922732212329583,0.1333455162946134,0.46280936876378587,0.36257494054541617,0.7881873727087576,1920.5594600690695,4175.028513238289,269,511,313,0.4473433592094552,0.7613412021242971,273,"Frederick, MD"
24009860502,MD,Maryland,Calvert,24009,2843,2242,-76.5203131,38.579279,5.5,29.4,16.2,36.9,78.3,9.8,10.7,5.6,79.8,90.9,11.5,71.1,6.0,10.8,70.8,20.5,10.7,25.9,20.3,8.6,6.1,15.1,6.0,38.9,8.4,5.9,5.1,31.8,18.5,80.6,14.8,11.2,35.3,12.1,2.8,5.1,36.0,3.0,7.2,3.3,4.2325,40,0.6249013445004812,-0.5520718991903855,0.03641472265504786,0.26397369035510637,0.5655125594025797,750.4772016795674,1607.752206381534,340,1160,641,0.05065080907568287,0.6533735173417512,606,"Calvert, MD"
24017851501,MD,Maryland,Charles,24017,4630,3602,-76.9375292,38.6117566,7.0,21.7,14.0,37.7,73.7,4.9,11.2,3.8,80.3,89.9,12.1,67.5,4.4,10.8,66.0,17.7,11.6,23.3,28.0,16.9,12.7,16.0,3.5,33.1,16.2,6.6,8.9,36.6,21.3,82.4,16.6,10.2,42.2,10.7,3.3,10.6,41.5,2.7,7.4,4.2,4.5075,40,0.33629870203193063,-0.2459195295587218,0.04518958623660442,0.26600282586908813,0.5709436524100475,1231.593083773878,2643.46911065852,489,855,633,-0.09091262293479654,0.06409428368912871,747,"Charles, MD"
24021751302,MD,Maryland,Frederick,24021,3166,2570,-77.4364911,39.5407408,7.3,30.8,14.9,38.0,79.1,10.8,9.9,7.1,79.5,90.2,12.0,71.1,7.0,10.9,65.1,21.8,11.8,26.3,22.5,9.5,6.9,16.5,7.3,43.1,8.4,6.5,5.4,31.7,21.8,73.8,15.5,12.0,34.8,12.3,3.1,5.4,35.0,3.5,7.8,3.8,3.7600000000000007,40,0.9055694241645698,-0.17779537576079996,0.3638870242018849,0.3396997310779112,0.7494908350305499,1075.4893485926668,2372.887983706721,223,784,370,0.418575115719256,1.014945607199312,290,"Frederick, MD"
24021750506,MD,Maryland,Frederick,24021,4321,3226,-77.4637271,39.4140488,12.2,23.5,14.7,33.4,74.6,6.9,9.4,5.1,77.2,88.5,12.3,67.3,5.1,10.0,62.8,18.9,11.4,24.5,27.4,14.5,9.4,17.2,5.3,38.4,13.3,6.2,7.3,34.9,23.6,75.7,15.4,10.4,35.3,11.1,3.0,7.5,38.1,2.8,10.0,4.2,3.8875,40,0.18170397536595337,0.27459260083673676,0.22814828810134508,0.3083109479379076,0.6788866259334692,1332.2116060396986,2933.46911065852,577,413,474,0.21973627489778014,0.16487994895882352,445,"Frederick, MD"
24021752001,MD,Maryland,Frederick,24021,4815,3770,-77.1772797,39.3816577,5.8,24.9,17.3,31.7,74.6,8.4,9.8,4.8,77.9,89.8,10.8,70.7,4.8,8.9,69.6,22.2,9.3,21.0,21.2,8.0,5.6,12.9,5.1,38.5,8.1,5.3,5.0,31.2,17.2,73.2,15.4,8.5,34.0,10.1,2.4,5.2,35.0,2.5,4.0,2.9,3.675,40,0.030663169180431306,-0.1787660316784963,-0.0740514312490325,0.23842904297724082,0.5010183299389002,1148.0358419354145,2412.403258655804,659,786,736,0.016473572948642587,0.21171317757578148,638,"Frederick, MD"
24021752301,MD,Maryland,Frederick,24021,7217,5183,-77.4308471,39.3659437,7.4,19.6,16.6,28.5,70.2,5.7,9.7,3.4,76.9,89.1,10.8,64.3,3.6,8.2,67.7,20.6,8.5,19.3,24.0,10.9,7.7,12.7,3.7,33.8,11.2,5.1,6.2,33.3,17.8,77.5,15.5,7.2,34.8,8.9,2.2,7.1,37.6,2.0,5.2,3.0,3.6725,40,-0.46029076073852804,0.055048576094304455,-0.20262109232211178,0.20869806620714992,0.4365241004752206,1506.173943817001,3150.394433129667,1054,564,831,-0.16505542890766425,-0.385159433909633,818,"Frederick, MD"
24021750802,MD,Maryland,Frederick,24021,6055,5016,-77.3880023,39.455722,5.4,29.3,13.6,36.8,80.3,11.3,9.4,6.0,82.1,92.6,8.9,74.1,4.9,6.6,73.1,19.5,10.8,21.8,19.9,7.0,4.9,12.5,6.3,41.8,7.2,4.9,4.4,29.5,17.5,78.6,12.9,9.7,32.7,9.7,2.4,4.8,33.0,3.0,4.5,3.0,3.3775000000000004,40,0.40397804687792566,-0.8145927779404522,-0.20530736553126325,0.20807688135130742,0.4344874405974202,1259.9055165821665,2630.8214528173794,448,1332,834,-0.1197290735126263,0.5751346309151996,774,"Frederick, MD"
24017851403,MD,Maryland,Charles,24017,1847,1522,-76.808432,38.5955599,6.0,28.7,13.8,42.1,79.9,8.7,10.3,6.0,81.7,91.7,11.1,72.1,5.9,10.6,68.3,18.2,13.3,25.5,23.9,11.7,8.3,16.0,5.9,39.9,10.6,6.4,6.3,32.7,21.2,82.1,14.7,12.4,38.9,11.9,3.3,6.9,36.5,3.5,6.8,4.1,3.935,40,0.9173941309581315,-0.6736942884603647,0.12184992124888339,0.28373007676494255,0.6205023761031908,524.0494517848489,1146.0678886625935,220,1246,560,0.05091056933341537,0.7755154271271955,605,"Charles, MD"
24017850904,MD,Maryland,Charles,24017,13090,9638,-76.8970548,38.5547766,6.2,21.7,13.7,38.1,74.4,5.0,11.2,3.7,81.3,90.8,11.3,68.5,4.0,9.9,66.0,17.0,11.4,22.3,28.0,15.5,11.5,14.9,3.4,32.7,15.6,6.2,8.4,36.4,20.2,84.6,16.1,9.8,42.1,10.1,3.0,10.3,41.9,2.7,7.8,3.9,4.105,40,0.2946285985887792,-0.43744464305278447,-0.07140802223200263,0.23904031574115123,0.5023761031907671,3129.0377330516694,6576.103190767141,509,1057,734,-0.21426388405714714,0.008916874938490168,869,"Charles, MD"
24021750600,MD,Maryland,Frederick,24021,2756,2424,-77.4228616,39.4194962,4.9,25.0,15.7,30.9,77.1,9.7,9.7,5.1,79.7,89.4,10.3,74.2,4.5,6.1,75.1,21.6,8.7,21.1,19.8,6.8,4.3,11.4,5.5,37.6,6.4,5.1,4.8,32.3,15.5,78.0,14.8,8.1,29.9,9.1,2.1,4.1,31.1,2.5,5.7,2.7,3.6725,40,-0.07838457773359633,-0.5604432641702425,-0.3194139209519194,0.18169041256690027,0.3665987780040733,500.73877703437716,1010.346232179226,738,1167,934,-0.2072922840550002,0.1458586960602421,856,"Frederick, MD"
24017851100,MD,Maryland,Charles,24017,2849,2258,-76.9740673,38.4594916,6.0,28.6,15.4,40.0,78.4,9.3,10.0,6.2,79.9,90.6,11.5,73.0,6.4,11.6,68.7,20.0,12.4,25.5,22.0,10.5,7.6,15.6,6.4,40.0,9.4,6.4,5.9,31.6,20.6,80.9,15.4,11.8,38.3,12.3,3.2,6.3,34.8,3.3,7.8,3.8,3.785,40,0.8309618667971839,-0.527352943601855,0.15180446159766442,0.2906568877702399,0.6347589952477937,828.0814732574134,1808.4283774609642,255,1136,539,0.131730694218071,0.790814332037997,523,"Charles, MD"
24009861004,MD,Maryland,Calvert,24009,7201,5255,-76.4076066,38.3586351,7.5,24.3,17.5,33.5,72.2,6.6,11.2,4.5,76.7,87.4,14.1,63.2,5.7,13.2,62.5,21.7,9.9,26.9,23.1,13.7,10.6,17.1,4.8,34.0,12.8,7.0,7.5,34.8,20.7,79.7,17.4,10.6,38.4,12.3,3.1,8.1,40.0,2.7,9.4,3.9,4.6825,40,0.35193355934499776,0.21348571964581614,0.28270963949540695,0.32092793904842765,0.7107942973523421,2311.0020890877277,5118.4297352342155,478,464,427,0.24474108520817542,0.2759964507705347,419,"Calvert, MD"
24021750505,MD,Maryland,Frederick,24021,7660,5483,-77.4433531,39.4109536,16.0,18.1,16.2,28.7,66.1,4.1,10.0,3.7,73.6,84.5,15.2,56.7,4.4,11.5,55.7,20.9,10.0,25.5,29.2,21.2,15.5,19.4,4.1,32.6,19.4,7.3,10.7,37.5,25.4,71.8,18.3,9.4,38.8,11.3,3.3,11.5,41.4,2.3,12.1,5.0,4.385,40,-0.21260306185742944,1.3204708837788746,0.5539339109607225,0.3836469541497948,0.8187372708757638,2938.7356687874285,6271.5274949083505,856,84,268,0.5206084707700498,-0.27925394223877503,227,"Frederick, MD"
24021752302,MD,Maryland,Frederick,24021,4274,3335,-77.4542163,39.3037786,6.2,28.6,14.8,35.9,78.7,10.6,9.4,6.2,80.4,91.4,10.2,68.6,5.4,8.2,71.4,20.1,10.6,23.6,20.9,8.0,5.6,14.0,6.8,41.4,7.7,5.7,4.8,30.3,19.0,76.6,13.9,10.5,32.9,10.6,2.7,5.0,33.5,3.1,6.3,3.4,3.5625,40,0.43459580234996553,-0.4267273105389295,0.0039342459055180246,0.25646277143642887,0.5431093007467753,1096.121885119297,2321.2491513917175,432,1047,674,0.07730253229862474,0.581332375136179,573,"Frederick, MD"
24021752202,MD,Maryland,Frederick,24021,4481,2927,-77.3425194,39.3365151,5.9,19.5,15.4,29.0,72.1,5.7,8.9,3.4,78.5,91.0,9.0,58.4,3.1,7.3,72.7,18.4,9.1,17.1,23.4,8.8,5.6,11.6,3.5,36.3,9.0,4.3,5.1,31.4,17.1,78.6,13.5,6.6,32.1,8.4,2.0,5.7,35.5,2.0,5.8,2.7,3.5175,40,-0.5901243968237246,-0.11640007119897113,-0.3532622340113479,0.17386318955894178,0.3421588594704684,779.0809524136181,1533.213849287169,1129,722,970,-0.30667390413746587,-0.49694773707596057,987,"Frederick, MD"
24021750100,MD,Maryland,Frederick,24021,1651,1378,-77.4094197,39.4209637,7.8,24.6,16.4,33.0,72.8,7.3,10.4,5.0,77.0,87.8,13.0,65.3,5.7,11.4,59.5,23.6,10.3,24.1,22.7,13.0,10.9,16.1,5.1,37.0,11.9,6.8,7.3,32.7,20.9,73.8,17.5,9.9,38.0,11.2,3.1,8.3,39.2,2.7,9.3,3.9,4.32,40,0.3231202376293483,0.37003373709575427,0.34657698736255127,0.33569688702540085,0.7359131025118805,554.2355604789368,1214.9925322471147,495,350,390,0.3829993668051469,0.3959649965145395,309,"Frederick, MD"
24009860404,MD,Maryland,Calvert,24009,6567,5109,-76.5615839,38.7080371,6.4,27.4,16.7,35.0,76.0,8.7,10.8,5.1,78.6,89.8,12.2,69.3,5.8,11.3,68.2,21.0,10.1,26.1,21.1,10.1,7.4,15.4,5.6,36.8,9.8,6.2,5.8,32.8,19.3,79.4,15.6,10.9,36.2,12.0,2.8,6.1,37.1,2.8,8.0,3.4,4.1025,40,0.4585238575478787,-0.2743053857152107,0.09210923591633402,0.2768527184724134,0.6001357773251867,1818.0918022083388,3941.0916496945015,419,880,590,0.09558321333666212,0.4654718123885349,549,"Calvert, MD"
24017850201,MD,Maryland,Charles,24017,972,739,-77.201418,38.5657919,10.6,14.2,19.2,26.8,62.0,3.1,10.4,2.6,72.8,81.8,15.3,62.6,3.5,10.5,61.3,19.9,7.5,24.3,29.2,17.5,11.8,15.4,3.0,26.1,15.9,6.9,9.9,40.7,19.6,79.6,19.2,7.4,36.9,9.8,2.5,9.5,38.9,1.8,7.3,3.9,4.4625,40,-0.6588378099803646,0.8175439654484669,0.07935307773405115,0.2739029320342467,0.5899524779361847,266.2336499372878,573.4338085539715,1164,180,605,0.01041127002689718,-0.7967214253946725,646,"Charles, MD"
24017850600,MD,Maryland,Charles,24017,4546,3627,-77.0933062,38.5266341,5.9,27.1,14.0,40.7,78.7,8.3,10.2,5.5,81.4,91.3,10.7,71.6,5.5,10.1,68.5,18.0,12.6,24.3,23.4,11.8,8.5,15.3,5.5,38.7,10.7,6.1,6.5,32.5,20.3,81.8,14.5,11.5,38.7,11.3,3.1,7.2,36.4,3.3,7.2,3.9,3.7125,40,0.7130118720154053,-0.6011679007967357,0.05592198560933481,0.2684846300037091,0.5797691785471826,1220.5311279968614,2635.630685675492,306,1206,620,-0.009224368165340557,0.5827191644660545,662,"Charles, MD"
24017850102,MD,Maryland,Charles,24017,2374,1897,-77.093736,38.5951955,8.2,27.6,13.3,42.3,79.1,7.6,10.4,5.9,80.9,90.4,12.2,70.0,6.1,11.8,63.3,17.6,14.1,27.4,26.8,15.5,11.1,18.1,5.7,38.6,13.5,7.1,7.8,34.9,24.4,80.5,15.6,13.4,40.3,12.5,3.7,8.5,38.8,3.7,10.5,4.8,3.974999999999999,40,0.9918551576409433,-0.27280764444726924,0.35952375659683705,0.3386907511465288,0.7460964019008826,804.0518432218594,1771.232858112695,195,877,375,0.23629255571259844,0.7453927558724661,425,"Charles, MD"
24017851402,MD,Maryland,Charles,24017,3445,2732,-76.7237164,38.531775,5.9,27.3,15.3,38.7,77.7,8.7,10.2,5.4,80.1,90.8,11.4,71.5,5.8,10.9,68.2,19.6,11.6,24.5,23.0,10.5,7.3,15.0,5.7,38.9,9.7,6.2,6.0,32.6,19.8,78.5,15.4,11.1,37.6,11.7,3.0,6.3,36.3,3.1,7.7,3.6,3.835,40,0.6120483308069923,-0.4120792181843035,0.0999845563113444,0.27867383992335965,0.6069246435845214,960.031378535974,2090.8553971486763,345,1032,580,0.08191652402149019,0.5759122662272839,566,"Charles, MD"
24017851502,MD,Maryland,Charles,24017,5540,4074,-76.9687207,38.6012971,7.6,24.3,12.7,41.2,76.0,5.5,11.5,4.6,81.4,89.7,12.9,66.1,5.2,11.8,63.5,17.5,13.3,26.4,28.8,19.5,15.6,18.2,4.2,34.1,17.8,7.6,10.0,37.2,24.3,81.3,17.1,12.5,43.7,11.7,3.8,12.0,42.1,3.4,7.7,5.0,4.315,40,0.8046801672042759,-0.17086684964745977,0.31690665877840807,0.3288357983164968,0.7223353699932111,1821.7503226733922,4001.7379497623897,265,774,410,0.13485991495383426,0.44058667955512826,518,"Charles, MD"
24017850901,MD,Maryland,Charles,24017,5761,4125,-76.9093737,38.6119042,10.4,27.1,12.1,44.0,76.2,5.9,12.0,5.9,80.6,87.8,15.9,65.4,7.5,15.6,54.8,19.3,15.7,31.9,29.6,26.8,24.0,23.5,5.4,36.0,22.2,10.0,13.1,38.1,29.9,81.2,19.1,16.1,46.9,14.3,5.2,15.6,42.9,4.2,13.1,6.8,4.952500000000001,40,1.511339011391439,0.287218805960074,0.8992789086757564,0.4635059505805059,0.9049558723693143,2670.2577812942945,5213.45078071962,69,406,141,0.673587584890203,1.059956363820332,165,"Charles, MD"
24021751701,MD,Maryland,Frederick,24021,2463,1946,-77.3239141,39.457718,7.2,29.7,15.4,36.8,77.9,10.1,10.1,6.6,78.9,89.7,12.3,70.4,6.8,11.0,64.9,22.6,11.4,25.9,22.5,9.9,7.5,16.2,6.9,41.7,9.0,6.6,5.8,32.0,21.4,73.1,16.3,11.5,35.5,12.1,3.1,5.9,35.6,3.3,9.6,3.8,3.8474999999999993,40,0.7881580015029914,-0.036549268890703375,0.375804366306144,0.34245554623916885,0.7562797012898846,843.4680103870729,1862.7169042769858,271,644,360,0.43179268705363527,0.900134642997974,281,"Frederick, MD"
24009860901,MD,Maryland,Calvert,24009,4739,4047,-76.4536627,38.3502934,5.1,35.0,12.8,43.2,83.3,13.5,9.9,7.6,83.8,93.3,9.9,73.3,6.4,8.4,75.5,17.2,12.3,29.2,19.2,7.3,5.0,15.4,8.5,42.8,6.9,6.1,4.4,30.1,19.9,81.8,12.1,13.8,33.0,12.2,2.9,4.3,32.1,3.9,4.8,3.6,4.015,40,1.140625791751045,-1.0652831309784225,0.03767133038631121,0.2642642734907815,0.5668703326544468,1252.3483920728136,2686.398506449423,150,1431,639,0.03938316522304364,1.1440494614245098,617,"Calvert, MD"
24021752205,MD,Maryland,Frederick,24021,3571,2361,-77.3349063,39.3436882,5.1,19.8,14.6,29.1,73.8,6.1,8.5,3.5,79.3,91.9,8.2,60.8,3.0,6.6,73.8,17.3,9.4,16.3,23.3,7.6,4.5,10.9,3.6,37.7,7.7,3.9,4.4,30.8,16.6,77.8,12.6,6.5,29.8,8.0,1.9,4.7,35.5,1.9,4.0,2.5,3.3225,40,-0.6573454193135583,-0.30908816091290947,-0.4832167901132339,0.14381196397130858,0.26883910386965376,513.552523341543,960.0244399185336,1163,913,1078,-0.4228537938809612,-0.536619426849013,1112,"Frederick, MD"
24021752102,MD,Maryland,Frederick,24021,6881,5095,-77.2867811,39.33305,6.1,24.2,16.1,31.7,75.0,8.5,9.3,4.8,78.5,90.6,9.9,69.3,4.4,8.1,71.3,20.5,9.3,20.1,21.6,8.0,5.4,12.4,5.1,38.6,8.1,4.9,4.8,30.8,17.2,77.4,14.3,8.1,32.7,9.5,2.3,5.1,34.6,2.4,6.3,2.8,3.3600000000000003,40,-0.09979714408855515,-0.3167139212674865,-0.20825553267802083,0.20739513506510718,0.43245078071961984,1427.0859243830025,2975.693822131704,756,917,837,-0.1224702577658709,0.0717734057357447,777,"Frederick, MD"
24017850713,MD,Maryland,Charles,24017,9599,7060,-76.9892567,38.6280827,6.7,23.0,13.8,38.7,75.5,5.9,10.6,4.3,80.9,90.6,11.4,64.2,4.6,10.5,61.8,17.0,11.9,23.1,27.2,14.9,10.8,15.6,4.1,34.9,14.3,6.2,7.9,35.3,20.9,80.2,15.5,10.4,40.6,10.7,3.1,9.3,42.0,2.9,10.1,4.0,4.325,40,0.39685029483964956,-0.10645595816452515,0.14519716833756222,0.2891289901247945,0.6327223353699932,2775.349176207902,6073.501697216565,451,705,542,0.02652994217288348,0.1595158425102921,626,"Charles, MD"
24021752502,MD,Maryland,Frederick,24021,2362,1948,-77.5454082,39.3247563,5.0,29.7,15.1,36.7,79.3,10.9,9.6,6.2,80.7,91.8,9.8,72.3,5.7,8.5,69.7,21.0,11.0,22.1,19.8,7.0,5.0,13.4,6.3,43.0,6.7,5.2,4.4,29.2,17.8,76.8,13.9,9.8,33.8,10.7,2.6,4.5,33.4,3.0,6.6,3.1,3.5550000000000006,40,0.5358697152272547,-0.5537660511615556,-0.008948167967150478,0.2534837891135829,0.5363204344874406,598.7287098862828,1266.7888662593348,386,1161,684,0.08512328878098752,0.7240126287235307,562,"Frederick, MD"
24021751802,MD,Maryland,Frederick,24021,3823,2962,-77.1883485,39.4201331,5.1,28.4,16.0,34.9,77.8,10.5,9.6,5.8,79.8,91.5,9.9,72.9,5.4,8.7,69.0,21.5,10.1,21.5,20.0,6.8,4.9,12.8,6.0,41.6,6.8,5.1,4.3,29.6,17.2,77.9,14.3,9.2,33.5,10.4,2.4,4.5,33.8,2.8,8.3,2.9,3.9175,40,0.3477641680287983,-0.49628230808529433,-0.07425907002824803,0.23838102773266523,0.49966055668703324,911.3306690219791,1910.202308214528,481,1109,738,0.031900570798842925,0.5600834496829802,623,"Frederick, MD"
24017850202,MD,Maryland,Charles,24017,4647,3489,-77.1451872,38.6004992,8.5,26.5,13.8,41.4,75.8,6.7,11.2,5.6,79.6,88.6,14.3,65.5,6.7,14.5,56.0,19.5,13.5,28.9,28.5,19.5,15.8,19.8,5.6,36.5,17.1,8.2,9.9,36.8,26.0,78.0,18.1,13.6,43.2,13.3,4.0,11.4,41.9,3.6,12.3,5.2,4.385,40,1.0582390505178294,0.24879575616381577,0.6535174033408226,0.4066750501556979,0.8492871690427699,1889.8189580735282,3946.6374745417515,172,435,223,0.5124275607776179,0.77605936539142,232,"Charles, MD"
24017850101,MD,Maryland,Charles,24017,7030,5191,-77.0984582,38.6619481,7.0,23.0,13.7,39.3,75.3,5.5,11.0,4.1,81.0,90.5,11.9,70.0,4.5,10.8,65.8,17.0,12.0,23.9,29.0,16.2,11.8,16.0,3.9,33.9,15.9,6.5,8.4,36.8,21.9,84.3,16.3,10.7,42.2,10.8,3.2,10.1,42.0,3.0,7.1,4.1,4.2175,40,0.4649668474849804,-0.44856543678794725,0.00820070534851658,0.25744936505059596,0.5451459606245757,1809.8690363056896,3832.376103190767,415,1068,671,-0.13691557546953037,0.17473428584888653,791,"Charles, MD"
24021752603,MD,Maryland,Frederick,24021,4057,2956,-77.5105935,39.4427461,5.2,26.4,16.1,33.1,76.6,9.5,9.5,5.1,79.5,91.4,9.8,70.2,4.7,8.1,70.6,21.2,9.5,20.6,20.4,7.0,4.8,12.2,5.4,39.9,7.2,4.9,4.4,30.1,17.0,75.5,14.4,8.5,33.2,9.8,2.3,4.7,34.5,2.6,4.7,2.8,3.4325,40,0.08855249395585192,-0.41151930761573596,-0.16148340682994203,0.21821091365136785,0.45553292600135775,885.2816766835994,1848.0970807875085,627,1030,803,-0.059626716518849626,0.2922658745780367,721,"Frederick, MD"
24009860103,MD,Maryland,Calvert,24009,6290,4830,-76.6702766,38.7374016,5.4,28.6,15.8,36.6,78.6,10.1,10.1,5.6,80.5,91.5,10.3,71.4,5.4,9.2,71.3,18.9,10.3,24.4,19.3,7.8,5.4,14.1,6.0,39.1,7.6,5.4,4.6,30.5,17.4,81.1,13.3,10.5,33.8,11.2,2.5,4.7,35.3,2.9,6.0,3.1,4.0825000000000005,40,0.4419802492034912,-0.6681426250183674,-0.1130811879074381,0.22940364165885527,0.4820095044127631,1442.9489060341996,3031.83978275628,426,1243,764,-0.09022261541230292,0.48769739419376157,745,"Calvert, MD"
24017850300,MD,Maryland,Charles,24017,1956,1572,-77.1569782,38.5530041,7.7,29.9,13.5,44.0,79.6,8.5,10.6,6.9,80.8,90.2,13.1,70.4,7.3,13.2,61.9,18.9,14.8,29.4,26.1,15.1,11.4,19.3,6.7,40.3,12.7,7.8,7.8,34.4,24.9,79.3,16.2,14.7,40.6,13.6,4.0,8.3,38.4,4.1,11.6,5.0,4.1125,40,1.360299925284566,-0.2120051407148438,0.5741473922848611,0.3883212026363725,0.824847250509165,759.5562723567446,1613.4012219959266,95,821,259,0.45337271801200196,1.1187505767388477,269,"Charles, MD"
24021751004,MD,Maryland,Frederick,24021,5749,4512,-77.4700084,39.3961113,7.0,21.1,16.7,29.5,71.7,6.6,9.7,3.9,77.2,89.3,10.8,69.5,3.9,8.1,69.2,21.0,8.7,20.0,23.2,10.0,7.0,12.7,4.2,35.1,10.4,5.1,5.9,32.9,17.5,76.7,15.6,7.6,34.4,9.2,2.3,6.6,35.9,2.2,7.1,3.0,3.5925,40,-0.31284999939420444,-0.06552040408564065,-0.18918520173992254,0.21180503675876006,0.4467073998642227,1217.6671563261116,2568.1208418194165,932,673,816,-0.13632186143637434,-0.20712331878710802,790,"Frederick, MD"
24017851301,MD,Maryland,Charles,24017,4900,3675,-76.8729416,38.4480974,7.4,29.5,15.3,40.1,77.2,8.8,10.8,6.6,78.7,88.4,14.2,67.4,8.1,14.8,62.4,22.1,12.9,29.3,22.9,14.0,11.2,19.2,7.0,40.0,11.4,8.2,7.6,33.2,23.9,76.4,17.6,14.0,39.7,14.3,4.0,7.8,35.9,3.6,11.4,4.8,4.380000000000001,40,1.1798178444604055,0.0939602043079337,0.6368890243841696,0.40282983547318024,0.8397827562797013,1973.8661938185833,4114.935505770536,136,534,237,0.5912093332357745,1.0884584621636153,200,"Charles, MD"
24017850906,MD,Maryland,Charles,24017,4750,3569,-76.8969636,38.5985749,8.9,24.5,13.0,41.2,75.6,5.5,11.5,4.7,80.6,89.0,13.8,67.5,5.6,12.8,56.2,17.9,13.6,27.5,30.1,21.0,16.6,19.2,4.3,34.6,18.9,7.9,10.5,38.2,25.5,83.2,17.8,12.8,44.2,12.3,3.9,12.3,44.0,3.4,10.5,5.1,4.6075,40,0.8688624170150638,-0.02279146211610321,0.42303547744948033,0.35337746247125684,0.7712152070604209,1678.54294673847,3663.2722335369995,241,626,338,0.24303639728666418,0.5088642566894316,420,"Charles, MD"
24021751201,MD,Maryland,Frederick,24021,5702,4244,-77.4266399,39.4521276,6.1,24.5,15.0,33.1,76.2,8.6,9.3,5.0,79.7,90.9,9.5,70.6,4.3,7.3,71.4,19.4,9.8,20.3,21.8,8.5,5.9,12.4,5.2,38.6,8.7,4.9,5.1,31.0,17.4,78.2,13.8,8.3,33.1,9.3,2.3,5.6,34.5,2.5,5.1,3.0,3.4,40,-0.01809038233608903,-0.45751060659140325,-0.23780049446374613,0.200563036689851,0.4147997284453496,1143.6104352055304,2365.1880515953835,693,1072,863,-0.17769845015652175,0.10211370627835974,831,"Frederick, MD"
24031704805,MD,Maryland,Montgomery,24031,2679,2378,-77.0933803,38.9865015,5.3,20.6,14.5,29.3,75.7,8.4,8.9,4.8,77.1,91.5,8.3,73.1,3.7,5.1,71.9,18.6,8.5,19.1,17.9,7.1,4.5,11.3,5.2,39.7,6.6,4.4,4.2,30.2,14.7,80.5,11.3,7.6,23.1,8.7,2.0,4.0,30.5,2.4,3.9,2.8,3.12,40,-0.507781365880291,-0.5817770281658777,-0.5447791970230844,0.1295760200132134,0.22335369993211135,347.1341576153987,598.3645621181263,1086,1187,1145,-0.42296395421670663,-0.2641508802675356,1113,"Montgomery, MD"
24031700832,MD,Maryland,Montgomery,24031,3206,2369,-77.2386096,39.1700922,17.0,19.6,13.5,32.5,72.5,5.1,9.6,5.3,74.0,87.2,14.1,63.5,5.2,10.4,59.1,17.7,12.6,27.8,27.0,22.7,15.6,22.1,5.3,39.3,18.8,7.5,10.2,36.6,26.8,79.3,14.7,12.1,31.2,13.0,4.0,10.2,37.7,3.1,10.3,6.1,4.0375,40,0.138835443038863,0.6504258671141886,0.3946306550765258,0.34680901461909325,0.7596741344195519,1111.869700868813,2435.5152749490835,603,227,355,0.3490995524199821,0.04777323772577553,332,"Montgomery, MD"
24031704502,MD,Maryland,Montgomery,24031,2786,2010,-77.1363213,39.0089751,3.5,22.6,14.0,31.1,78.1,9.9,8.7,5.0,79.9,93.9,6.7,72.1,3.4,4.3,79.3,17.2,8.7,17.2,16.1,4.6,2.6,9.9,5.2,43.7,4.5,3.6,3.0,27.5,12.7,82.7,9.6,7.1,22.1,8.4,1.8,2.8,28.0,2.4,2.4,2.4,2.775,40,-0.4608434939028492,-1.0360386756635718,-0.7484410847832105,0.08248040816037157,0.07399864222674814,229.79041713479518,206.16021724372033,1055,1421,1365,-0.5871533638469575,-0.1382680520303433,1330,"Montgomery, MD"
24033800516,MD,Maryland,Prince George's,24033,3889,3148,-76.7288343,38.9454867,7.0,23.8,12.8,36.3,76.2,6.3,11.5,4.3,79.6,91.8,9.9,71.3,4.1,7.4,68.1,14.7,11.7,22.1,24.4,13.6,8.8,14.6,3.8,34.9,13.7,5.7,7.0,34.9,20.2,84.9,12.9,10.9,37.6,10.0,2.9,8.1,41.0,3.0,8.3,3.8,3.86,40,0.3786676952418212,-0.5476125364831992,-0.08447242062068899,0.23601925057097495,0.49626612355736593,917.8788654705215,1929.9789545145961,460,1153,743,-0.2274853674834934,0.09264180151621236,886,"Prince George's, MD"
24033800513,MD,Maryland,Prince George's,24033,6950,5120,-76.7593049,38.9606453,7.3,24.1,13.3,35.8,75.5,7.0,11.1,4.6,78.9,91.8,10.0,70.6,4.4,8.1,65.8,15.3,11.5,22.0,23.4,13.2,8.6,14.8,4.3,36.1,13.2,5.7,6.8,33.5,20.1,82.8,12.8,10.7,37.3,10.5,2.9,7.8,41.4,2.9,6.1,3.7,3.46,40,0.3602208815256518,-0.4419981258239847,-0.04088862214916644,0.2460977472325834,0.5220638153428377,1710.3793432664547,3628.343516632722,471,1061,705,-0.14771412698347972,0.14656987185702525,805,"Prince George's, MD"
24021752802,MD,Maryland,Frederick,24021,3654,2812,-77.5802262,39.5384807,5.3,27.5,16.1,34.0,76.9,9.9,9.7,5.5,79.4,91.0,10.4,69.7,5.2,8.9,73.5,21.7,9.8,21.8,20.6,7.4,5.3,13.1,5.8,40.6,7.3,5.3,4.6,30.3,17.7,76.2,14.7,9.3,33.5,10.4,2.5,4.8,32.8,2.7,6.3,3.0,3.595,40,0.25363191358539455,-0.4094270228123408,-0.07789755461347311,0.2375396496052066,0.4983027834351663,867.9698796574249,1820.7983706720977,533,1024,740,0.02317263758557145,0.4557722979834837,628,"Frederick, MD"
24031701422,MD,Maryland,Montgomery,24031,2902,1967,-76.9437971,39.0829685,11.5,16.2,13.4,32.4,67.9,3.1,11.7,3.3,75.9,87.7,14.4,58.3,3.9,10.9,56.1,18.1,10.3,24.8,31.0,25.4,20.5,19.4,2.8,32.1,23.8,7.7,12.1,40.4,23.8,79.8,17.3,9.6,36.0,11.0,3.6,14.4,44.7,2.6,11.9,5.1,4.529999999999999,40,-0.08759785112711603,0.7415907123475923,0.32699643061023814,0.33116899861774945,0.7284453496266123,961.0524339887089,2113.948404616429,747,209,401,0.21125722878745726,-0.3190762547726778,453,"Montgomery, MD"
24033800402,MD,Maryland,Prince George's,24033,5205,4061,-76.7438263,38.9837933,8.6,26.9,13.6,36.5,76.4,8.5,10.8,5.7,77.9,91.0,10.9,69.9,5.6,9.2,67.0,16.7,12.0,25.0,22.1,13.2,8.6,16.4,5.7,38.3,12.3,6.4,6.7,32.7,22.1,79.1,13.3,12.4,36.7,11.9,3.2,7.3,37.5,3.3,7.3,4.1,3.78,40,0.6587260805608057,-0.22532414684280708,0.2167009668589993,0.3056638223322602,0.6727766463000678,1590.9801952394143,3501.802443991853,327,834,483,0.13944188962085957,0.5042079260845262,515,"Prince George's, MD"
24031700713,MD,Maryland,Montgomery,24031,6081,4270,-77.2011707,39.1570998,21.7,17.2,13.6,31.1,67.4,3.6,10.1,4.9,71.4,83.4,17.3,54.3,5.6,12.8,49.7,19.2,12.8,30.9,27.9,32.0,25.4,26.8,5.0,36.6,25.4,9.5,14.7,38.0,30.5,70.4,16.8,12.9,34.3,14.3,5.0,15.2,40.5,3.1,11.4,8.1,4.9625,40,0.15951378457808965,1.7942067198513965,0.976860252214743,0.4814461792728643,0.9205702647657841,2927.674216158288,5597.987780040733,595,40,118,0.8966871549267555,-0.0008324099978852755,86,"Montgomery, MD"
24031706008,MD,Maryland,Montgomery,24031,5301,4060,-77.2227804,38.9966198,3.4,22.9,13.0,31.9,79.8,10.3,8.3,5.2,80.8,94.2,6.3,73.8,3.4,3.9,79.7,16.3,9.2,16.8,16.2,4.2,2.2,9.6,5.3,45.5,3.9,3.4,2.7,27.4,12.5,80.7,8.9,7.0,20.5,8.2,1.7,2.3,27.0,2.4,2.4,2.3,2.755,40,-0.46677068309985303,-1.0881616137205485,-0.7774661484102008,0.07576853317180829,0.05431093007467753,401.64899434375576,287.9022403258656,1061,1441,1394,-0.6039130620143903,-0.11966451030823212,1358,"Montgomery, MD"
24031701220,MD,Maryland,Montgomery,24031,3970,3087,-77.2056504,39.0686855,4.0,19.5,11.7,30.1,78.4,7.6,7.7,4.6,79.4,93.1,6.7,70.0,3.2,4.6,75.9,14.2,9.9,16.4,20.8,6.1,2.9,10.5,4.6,44.7,5.0,3.5,3.3,30.2,14.9,79.5,9.1,6.9,18.6,8.1,1.7,2.7,30.3,2.3,3.5,2.5,2.8600000000000003,40,-0.7218945879472207,-0.7665041882709621,-0.7441993881090914,0.08346127553010296,0.07942973523421588,331.3412638545088,315.33604887983705,1200,1295,1357,-0.6255508656143586,-0.4845975429577551,1385,"Montgomery, MD"
24031702402,MD,Maryland,Montgomery,24031,4665,3643,-77.0178539,38.9929711,6.9,18.2,14.8,30.3,71.9,5.7,10.1,3.8,77.0,91.0,9.8,66.8,3.5,6.6,67.2,18.1,9.0,19.4,21.6,11.6,8.3,13.4,3.6,36.5,11.6,5.0,6.4,32.8,16.0,81.5,12.8,7.7,29.2,9.2,2.5,7.2,36.3,2.3,8.0,3.4,3.53,40,-0.4243202569173382,-0.16769406223122568,-0.2960071595742819,0.18710308825549873,0.3822131704005431,872.8359067119015,1783.0244399185335,1023,768,911,-0.27457361663809465,-0.3814531710449636,945,"Montgomery, MD"
24031703221,MD,Maryland,Montgomery,24031,4694,3664,-77.0469507,39.1089671,7.8,21.1,13.0,33.1,76.4,6.7,9.7,4.8,78.4,91.5,9.9,71.3,4.2,7.1,70.1,16.9,11.0,21.6,23.4,12.3,8.0,15.0,4.5,40.8,11.3,5.4,6.2,33.5,18.9,82.5,12.4,9.5,27.3,10.3,2.7,6.4,35.2,2.8,5.2,3.8,3.395000000000001,40,-0.08946266255949034,-0.5108283863829779,-0.3001455244712341,0.18614611575055054,0.37949762389680924,873.7698673330842,1781.3618465716227,748,1124,915,-0.28199345696964395,-0.05315852755631006,954,"Montgomery, MD"
24031700811,MD,Maryland,Montgomery,24031,5010,3720,-77.1938227,39.1817227,14.2,19.4,13.8,31.4,72.6,5.3,10.1,4.7,74.8,88.3,13.2,66.0,4.7,9.3,60.9,18.0,11.4,25.7,26.4,19.5,13.3,19.7,4.6,38.4,17.0,6.9,9.2,36.7,23.4,77.9,14.5,11.0,30.2,12.0,3.5,9.2,37.8,2.9,8.5,5.2,3.785,40,-0.016575190117631124,0.436962062477322,0.21019343617984543,0.3041589941959972,0.6659877800407332,1523.8365609219459,3336.5987780040737,692,321,493,0.1853876027837328,-0.06618685690985637,478,"Montgomery, MD"
24031704000,MD,Maryland,Montgomery,24031,7285,5606,-77.0544179,39.021678,9.9,20.4,14.2,31.1,75.0,6.8,9.4,4.9,76.5,90.8,10.3,69.0,4.2,7.1,67.8,17.7,10.3,22.1,21.9,12.3,7.9,15.5,4.9,40.0,11.1,5.5,6.2,32.7,18.8,79.4,12.3,9.5,27.0,10.4,2.8,6.1,34.1,2.8,5.8,4.0,3.2375000000000007,40,-0.1969853521607917,-0.16428568680104194,-0.18063551948091683,0.21378210041835605,0.4480651731160896,1557.4026015477239,3264.154786150713,843,760,814,-0.14173532993035762,-0.1191849730596733,801,"Montgomery, MD"
24031700829,MD,Maryland,Montgomery,24031,3498,2788,-77.2211774,39.1269866,5.2,18.3,13.6,27.9,74.4,6.9,8.3,4.0,77.1,92.2,7.7,67.4,3.2,5.5,74.0,16.1,8.8,17.0,21.2,7.4,4.0,10.9,4.2,40.8,6.8,3.8,4.0,31.1,15.2,80.1,10.6,6.7,21.3,8.4,1.8,3.7,32.0,2.1,5.4,2.6,3.085,40,-0.8099536325523278,-0.45304392062647675,-0.6314987765894022,0.10952262806927136,0.164969450101833,383.1101529863112,577.0631364562119,1239,1070,1231,-0.5232871182130702,-0.5935303157996636,1243,"Montgomery, MD"
24033800217,MD,Maryland,Prince George's,24033,4776,3550,-76.8493195,39.0546111,9.7,22.4,13.0,35.8,73.3,5.5,11.3,4.5,77.8,90.1,11.4,69.1,4.5,9.2,64.7,15.2,12.3,23.7,25.3,18.2,12.7,17.1,4.0,34.3,17.3,6.5,8.9,35.2,22.8,82.0,14.0,11.3,40.2,11.0,3.4,10.6,42.1,3.0,7.3,4.5,4.077499999999999,40,0.4299468778216764,-0.10942868028819067,0.16025909876674288,0.2926119728126633,0.6388323150033944,1397.51478215328,3051.063136456212,433,714,533,-0.0030808127657119336,0.1032670547567668,655,"Prince George's, MD"
24031701221,MD,Maryland,Montgomery,24031,4491,3448,-77.2037745,39.087633,5.5,20.8,11.6,32.3,77.8,7.0,8.6,5.1,78.6,91.6,8.7,63.8,4.1,6.4,72.7,16.0,11.4,20.3,21.8,10.1,6.1,13.9,5.1,43.4,8.0,4.9,5.1,31.8,18.6,78.8,11.0,9.1,22.2,9.7,2.5,4.7,31.6,2.8,5.0,3.6,3.345,40,-0.2673309294888131,-0.38002224186146133,-0.32367658567513724,0.18070469645932927,0.3645621181262729,811.5447917988478,1637.2484725050917,892,990,937,-0.2639593671299912,-0.14789649239852107,934,"Montgomery, MD"
24031700710,MD,Maryland,Montgomery,24031,6718,5142,-77.156163,39.1446487,15.1,22.0,12.8,34.2,75.0,6.3,9.6,6.2,75.2,88.0,13.6,63.3,6.3,10.6,62.1,18.1,13.3,28.1,25.2,20.7,14.7,22.2,6.1,42.2,16.0,7.7,9.4,35.0,26.1,77.7,14.0,13.1,29.3,13.5,4.2,9.0,35.3,3.5,13.4,6.1,4.035,40,0.4385622379551991,0.5621036343232118,0.5003329361392055,0.37125204446447696,0.8024439918533605,2494.0712347123563,5390.818737270875,429,267,292,0.47041486885183265,0.37872610338045354,260,"Montgomery, MD"
24033800606,MD,Maryland,Prince George's,24033,4778,3835,-76.7622344,38.8278223,6.7,21.2,12.8,36.0,73.0,4.3,12.7,3.3,79.9,91.8,10.5,66.3,3.6,8.4,68.7,15.1,11.4,20.8,26.3,17.1,12.1,15.1,2.5,31.5,18.0,6.0,8.7,36.3,20.2,84.7,14.3,10.0,43.0,9.8,3.1,11.3,44.4,2.7,8.7,3.8,4.515,40,0.3412372469365977,-0.3516404682238646,-0.0052016106436334475,0.25435015842515774,0.5390359809911744,1215.2850569554037,2575.5139171758315,487,951,680,-0.20748638431645677,-0.063332300409049,857,"Prince George's, MD"
24031705903,MD,Maryland,Montgomery,24031,4616,3418,-77.1224382,38.9817886,3.6,22.3,13.5,31.1,78.8,9.9,8.4,5.0,80.3,94.0,6.5,73.2,3.3,4.0,81.1,16.5,8.9,17.0,16.4,4.5,2.3,9.8,5.2,44.4,4.3,3.5,2.9,27.6,12.7,81.6,9.2,7.0,21.0,8.3,1.7,2.6,26.9,2.4,2.5,2.4,2.8725000000000005,40,-0.514838042526578,-1.0707795993110516,-0.7928088209188149,0.07222063053181113,0.04752206381534284,333.3704305348402,219.36184657162255,1089,1433,1404,-0.6278427619358494,-0.18490592456064733,1388,"Montgomery, MD"
24031701222,MD,Maryland,Montgomery,24031,3784,3161,-77.1168941,39.0393872,4.7,23.6,13.0,32.1,78.8,10.3,8.9,5.4,79.8,93.3,7.5,74.3,3.9,4.8,77.0,17.6,9.2,19.4,17.2,6.0,3.7,11.3,5.8,43.5,5.6,4.2,3.6,28.7,14.4,82.6,10.1,8.2,22.5,9.0,2.0,3.4,29.2,2.6,4.4,2.8,3.12,40,-0.2738291798313184,-0.9584156699624065,-0.6161224248968624,0.11307831882216059,0.17379497623896809,427.88835842305565,657.6401900882553,896,1395,1218,-0.46879905421894835,0.020817561524509753,1173,"Montgomery, MD"
24031701001,MD,Maryland,Montgomery,24031,5503,4281,-77.1398562,39.0639542,7.9,23.3,13.0,33.3,77.1,8.4,9.3,5.9,77.8,91.1,10.2,70.3,5.2,7.7,71.5,18.2,11.1,23.3,21.0,11.3,7.5,15.7,5.9,43.1,9.3,5.8,5.7,31.7,19.5,79.7,12.2,10.4,25.5,11.1,2.9,5.4,31.7,3.1,5.8,4.0,3.3475,40,0.11229312064960467,-0.3919065216084536,-0.13980670047942445,0.22322352430601522,0.46911065852002715,1228.3990542560018,2581.5159538357093,617,1001,783,-0.07567143388922348,0.2405636538300066,738,"Montgomery, MD"
24031703301,MD,Maryland,Montgomery,24031,5064,3814,-77.0936023,39.0700877,17.6,18.4,14.2,29.3,71.9,5.4,8.8,5.0,72.9,88.0,12.8,63.9,4.5,8.9,65.5,16.9,11.2,25.6,26.5,18.5,10.6,20.0,5.2,39.9,15.6,6.4,8.2,36.0,24.4,78.8,13.3,10.8,27.3,12.2,3.3,7.4,34.2,2.7,8.4,5.2,4.090000000000001,40,-0.27734309690198766,0.5245108843195702,0.12358389370879125,0.2841310476821498,0.6211812627291242,1438.8396254624067,3145.661914460285,899,287,559,0.1342864686485232,-0.25593794702252376,520,"Montgomery, MD"
24033800218,MD,Maryland,Prince George's,24033,5612,4238,-76.8592109,39.0693303,15.3,22.8,13.0,37.5,70.8,4.5,12.3,5.0,75.3,86.5,15.7,60.6,6.2,13.8,54.8,17.3,14.2,30.0,28.4,29.9,24.1,23.9,4.5,33.4,26.2,9.4,14.0,38.1,30.3,78.4,17.4,14.6,45.9,13.9,5.0,16.9,45.1,3.5,12.5,6.7,4.67,40,0.9751145599579385,0.9106911601019512,0.9429028600299448,0.4735937323597061,0.9171758316361168,2657.8080260026704,5147.190767141888,201,152,123,0.709117832362935,0.5075445046239188,143,"Prince George's, MD"
24031700204,MD,Maryland,Montgomery,24031,2103,1671,-77.2187401,39.3075065,8.4,24.0,15.7,32.4,75.6,9.1,9.7,6.0,75.9,90.3,11.3,71.0,5.6,8.7,68.9,20.5,9.8,24.3,20.6,10.0,6.5,15.4,6.3,42.1,9.2,5.9,5.4,32.2,18.6,77.6,13.7,10.2,27.0,11.7,2.8,5.1,32.5,3.0,6.9,3.7,3.562499999999999,40,0.15023701400506428,-0.16569501611656043,-0.007729001055748072,0.25376571428021427,0.5376782077393075,533.6692971312906,1130.7372708757637,597,767,682,0.08902208796965651,0.34373919205587344,558,"Montgomery, MD"
24031703501,MD,Maryland,Montgomery,24031,6694,5085,-77.0882029,39.0533187,16.8,19.5,13.4,32.4,73.1,5.1,9.6,5.1,74.4,88.1,13.5,62.2,4.9,9.9,59.8,17.0,12.4,27.1,27.7,21.3,13.9,21.5,5.1,39.7,18.0,7.2,9.5,36.9,26.1,76.9,14.2,11.9,30.3,12.7,3.8,9.4,37.7,3.1,10.1,5.8,3.9675,40,0.07195214795487007,0.6699920555747395,0.3709721017648048,0.3413381135289448,0.7528852681602173,2284.917331962756,5039.813985064495,639,223,365,0.3279787839351325,-0.014034487704474442,350,"Montgomery, MD"
24031701425,MD,Maryland,Montgomery,24031,3717,3078,-76.9597374,39.0504895,7.6,30.8,8.5,44.0,84.3,12.7,9.4,8.6,84.8,94.3,9.0,73.7,5.6,5.3,72.4,13.6,13.3,29.4,21.9,10.7,7.4,16.8,9.2,45.9,9.5,6.7,5.6,32.3,21.8,81.0,9.9,14.7,25.4,11.4,3.4,5.7,31.4,4.7,8.2,4.8,4.3375,40,1.0526320220918228,-0.937436978282749,0.05759752190453693,0.26887208790205247,0.5811269517990496,999.3975507319291,2160.0488798370675,173,1389,618,0.03252904752015917,1.0024950733230673,621,"Montgomery, MD"
24033800212,MD,Maryland,Prince George's,24033,6374,5314,-76.8838574,39.0789014,8.5,23.2,11.9,36.1,76.7,6.1,10.9,4.7,78.9,90.8,10.1,71.5,4.3,7.6,65.5,14.1,12.6,22.8,25.0,15.0,9.6,15.8,4.1,36.1,13.6,6.0,7.3,35.1,21.9,83.0,12.5,11.4,35.3,10.2,3.0,7.8,40.5,3.2,8.8,4.1,3.777499999999999,40,0.3763137899057542,-0.35968022836144625,0.008316780772153975,0.25747620680855765,0.5465037338764427,1641.1533421977465,3483.414799728446,461,963,669,-0.13548718417047598,0.08870586002049428,789,"Prince George's, MD"
24033800410,MD,Maryland,Prince George's,24033,7030,5796,-76.7682859,39.0107193,6.5,18.9,14.1,30.2,71.4,5.0,11.6,3.4,78.0,89.6,10.6,72.7,3.3,6.2,68.6,15.4,9.5,20.4,24.8,13.0,7.3,12.8,3.1,30.9,12.9,5.4,7.5,37.6,17.4,82.7,14.1,8.3,34.9,8.9,2.4,7.3,40.6,2.3,6.2,3.2,3.54,40,-0.20042391528682812,-0.3421524409919951,-0.27128817813941164,0.19281920710256253,0.40122199592668023,1355.5190259310145,2820.590631364562,847,941,883,-0.38790396048845555,-0.43365547998491605,1069,"Prince George's, MD"
24031700902,MD,Maryland,Montgomery,24031,3816,3026,-77.1442283,39.0896147,12.7,19.6,14.1,31.3,73.1,5.8,9.3,5.1,74.3,88.3,12.4,65.2,4.9,9.3,62.7,17.9,11.4,24.9,24.8,16.9,11.2,18.7,5.2,39.9,14.1,6.5,8.0,34.8,22.8,78.6,13.8,10.6,28.1,11.8,3.3,7.7,35.4,2.9,6.7,4.9,3.757500000000001,40,-0.07645293311868234,0.315672452963831,0.11960975992257433,0.28321205265413857,0.6191446028513238,1080.7371929281928,2362.6558044806516,735,387,562,0.12534230538212748,-0.06498784219957601,527,"Montgomery, MD"
24031706013,MD,Maryland,Montgomery,24031,2980,2228,-77.1589988,39.0095058,4.0,23.7,13.2,32.5,79.2,10.4,8.6,5.4,80.4,93.9,7.0,72.2,3.8,4.6,78.5,16.9,9.4,18.6,17.0,5.1,2.9,10.7,5.7,44.7,4.9,3.9,3.2,28.1,13.8,82.4,9.6,7.9,21.9,8.9,1.9,3.0,28.3,2.6,4.8,2.6,3.0275000000000007,40,-0.30299244486310317,-0.9902314278365841,-0.6466119363498437,0.10602779890032023,0.14596062457569586,315.9628407229543,434.96266123557365,923,1405,1259,-0.49229111199575776,0.005649203845068648,1208,"Montgomery, MD"
24031701102,MD,Maryland,Montgomery,24031,6167,4945,-77.1243447,39.0723414,11.7,18.4,14.9,28.7,71.8,5.9,8.9,4.6,73.9,88.9,11.3,64.7,4.2,8.2,61.0,17.8,10.0,22.6,23.8,14.1,8.5,16.4,4.9,39.3,12.2,5.6,6.7,34.1,20.6,78.5,13.1,9.1,26.2,10.8,2.7,6.3,35.7,2.5,13.4,4.1,3.707500000000001,40,-0.42727182024574767,0.4420754491327923,0.007401814443522309,0.2572646262347666,0.5444670739986422,1586.5509499898055,3357.728445349627,1027,318,672,0.05555969559858315,-0.330956057935626,599,"Montgomery, MD"
24033800505,MD,Maryland,Prince George's,24033,2737,2165,-76.7307043,38.9581151,7.4,25.1,14.8,34.1,75.6,8.3,10.5,4.9,77.5,91.5,9.7,71.9,4.6,7.8,69.7,16.4,10.6,22.0,21.1,10.4,6.3,13.8,4.9,37.3,10.4,5.4,5.6,31.9,18.9,79.5,12.5,10.4,34.9,10.6,2.7,6.0,37.0,2.8,6.8,3.4,3.55,40,0.24713679182361079,-0.3673844455570194,-0.0601238268667043,0.24164971944864141,0.5125594025797692,661.3952821309316,1402.8750848608283,538,975,719,-0.0991446960483873,0.16909505346024478,751,"Prince George's, MD"
24033800511,MD,Maryland,Prince George's,24033,5222,4152,-76.729449,38.9112952,8.3,25.8,12.5,38.4,76.7,6.9,11.6,5.0,79.5,91.4,10.9,72.6,5.0,9.0,65.3,15.3,12.9,24.4,25.0,15.8,10.6,16.8,4.5,36.7,15.3,6.5,7.8,34.8,22.6,79.7,13.6,12.5,39.5,11.4,3.5,9.1,41.8,3.3,9.1,4.3,4.04,40,0.7212034917230505,-0.2932167527051907,0.21399336950892991,0.30503770639444255,0.6693822131704006,1592.906902791779,3495.513917175832,302,895,488,0.06186416523131116,0.41694508316781304,591,"Prince George's, MD"
24033800206,MD,Maryland,Prince George's,24033,4272,3228,-76.8264852,39.0425507,8.9,22.0,12.9,35.9,73.5,5.1,11.7,4.2,78.2,90.0,11.3,69.2,4.4,8.8,63.4,15.4,12.4,23.2,24.8,18.3,13.0,17.0,3.5,33.8,17.3,6.6,9.2,35.3,22.3,83.5,14.0,11.2,40.8,10.8,3.5,10.8,42.9,2.9,8.2,4.5,4.315,40,0.4291330938816355,-0.15117951551507422,0.13897678918328066,0.28769056408716204,0.6286490156143923,1229.0140897803562,2685.588594704684,434,749,548,-0.03359760003590391,0.0839843154432664,695,"Prince George's, MD"
24031700901,MD,Maryland,Montgomery,24031,5213,4552,-77.1522375,39.0865869,7.8,20.9,13.1,31.6,76.0,7.4,8.9,5.5,76.8,90.0,10.0,68.8,4.4,6.7,66.8,17.6,10.5,23.0,21.5,11.6,7.8,14.9,5.9,40.4,9.6,5.7,6.0,32.8,19.6,78.2,12.2,9.8,24.1,10.1,2.6,5.7,32.7,2.9,8.4,4.0,3.4799999999999995,40,-0.18368340571705188,-0.1092899174836136,-0.14648666160033275,0.221678822645816,0.4657162253903598,1155.6117024526388,2427.7786829599454,823,713,788,-0.09577852629422923,-0.08226713510484485,749,"Montgomery, MD"
24031700728,MD,Maryland,Montgomery,24031,2043,1752,-77.1761624,39.1271568,9.8,19.8,13.1,32.1,74.0,5.7,9.5,5.3,75.2,88.0,12.0,71.7,5.1,9.0,69.0,18.4,11.8,24.5,23.9,16.6,12.1,18.0,5.2,40.1,13.0,6.6,8.1,34.4,22.1,80.8,13.8,10.5,27.0,11.3,3.3,7.8,33.8,3.0,6.5,4.9,3.4775,40,0.006879633127079825,-0.06914378002601214,-0.031132073449466155,0.24835389164741678,0.528173794976239,507.3870006356725,1079.0590631364562,677,676,696,-0.029243996322554252,0.010655787380903635,687,"Montgomery, MD"
24031703223,MD,Maryland,Montgomery,24031,6420,4947,-77.0382996,39.0805511,7.1,20.0,12.7,32.6,76.3,6.3,9.2,4.5,78.4,91.9,9.1,67.6,3.7,6.6,69.8,15.7,10.8,20.1,23.8,11.2,6.9,13.9,4.3,40.8,10.4,4.8,5.7,33.2,18.0,80.4,11.6,8.7,25.9,9.6,2.5,5.9,35.1,2.7,6.8,3.5,3.135,40,-0.2817058834907661,-0.36802946903004746,-0.3248676762604068,0.18042926377772958,0.36320434487440595,1158.3558734530238,2331.771894093686,906,976,939,-0.3059095108712376,-0.24378955271242767,985,"Montgomery, MD"
24031701704,MD,Maryland,Montgomery,24031,3033,2256,-76.9981538,38.9758298,6.9,21.5,14.8,32.1,75.2,7.3,9.9,4.7,77.6,91.9,9.6,67.5,4.2,7.1,68.2,18.8,9.8,20.6,20.0,10.2,7.2,13.9,4.5,39.9,9.7,5.1,5.5,31.1,16.5,81.0,12.3,8.9,28.2,10.0,2.6,5.9,34.4,2.7,7.3,3.5,3.5175,40,-0.13388121633443134,-0.32108526102705187,-0.2274832386807416,0.2029488413147947,0.42023082145281737,615.5438357077724,1274.560081466395,783,923,855,-0.17236269264214588,-0.02364012425723989,825,"Montgomery, MD"
24031706005,MD,Maryland,Montgomery,24031,4664,3611,-77.1887353,39.0201034,4.2,24.2,11.9,33.7,80.9,10.9,8.3,5.8,81.4,94.1,6.9,74.5,3.9,4.4,79.8,15.5,9.9,19.3,17.7,5.3,2.9,11.1,6.2,46.1,4.6,4.0,3.1,28.4,14.6,83.3,9.0,8.4,20.3,8.9,2.0,2.6,27.0,2.8,2.1,2.7,3.085,40,-0.23627513330689845,-1.2045813767704265,-0.7204282550386625,0.0889582100262898,0.09708078750848609,414.90109156261565,452.7847929395791,871,1461,1331,-0.5731992699745796,0.058182836821267285,1314,"Montgomery, MD"
24031701409,MD,Maryland,Montgomery,24031,4361,3602,-76.9522476,39.1003467,6.6,22.9,12.3,34.8,79.0,7.9,9.1,5.5,79.4,92.2,9.1,74.0,4.4,6.6,71.7,16.0,11.6,21.7,23.1,10.0,5.9,14.1,5.3,43.6,9.0,5.0,5.2,32.7,18.5,81.1,11.5,9.7,25.1,10.2,2.6,5.0,33.5,3.0,4.9,3.5,2.95,40,0.015501420149486318,-0.6986233123996297,-0.3415609461250717,0.1765690434549809,0.3496266123557366,770.0175985071717,1524.7216564833673,672,1261,959,-0.30160454775025924,0.09541421689911127,978,"Montgomery, MD"
24031703502,MD,Maryland,Montgomery,24031,3108,2445,-77.0818199,39.0379826,8.6,22.4,14.2,31.9,76.0,8.2,9.4,5.4,77.0,91.1,10.2,70.4,4.7,7.3,72.8,18.4,10.2,22.8,20.8,10.5,6.7,15.0,5.7,41.6,9.5,5.5,5.6,31.8,18.4,79.5,12.3,9.8,26.0,10.8,2.7,5.3,31.4,2.9,4.9,3.8,3.325,40,-0.06036534701443046,-0.36265292244041536,-0.21150913472742291,0.20664275875686672,0.42973523421588594,642.2456942163418,1335.6171079429735,719,967,841,-0.13908531071919894,0.08448230100201748,795,"Montgomery, MD"
24031704600,MD,Maryland,Montgomery,24031,5255,3867,-77.1177739,38.9970312,4.5,20.8,14.9,28.7,76.0,9.1,8.7,4.5,78.1,93.0,7.4,71.7,3.4,4.8,78.8,17.6,8.0,17.3,17.2,5.4,3.0,10.2,4.9,41.8,5.2,3.8,3.3,28.8,13.0,82.2,10.2,6.9,21.8,8.4,1.8,3.0,28.3,2.2,2.8,2.4,2.935,40,-0.6492838059497826,-0.8424792022336847,-0.7458815040917337,0.08307229611779735,0.07739307535641547,436.54491609902504,406.7006109979633,1161,1348,1360,-0.5862826020812735,-0.33008600192886234,1329,"Montgomery, MD"
24033800520,MD,Maryland,Prince George's,24033,2440,1938,-76.722106,38.9394397,7.7,24.6,11.5,39.5,76.6,5.3,12.5,4.3,80.9,91.9,10.8,67.3,4.4,8.6,64.4,14.7,13.4,23.6,25.7,18.3,13.4,17.2,3.3,34.4,17.8,6.7,8.9,35.7,22.8,84.4,13.7,12.6,42.7,10.8,3.7,11.2,44.1,3.4,10.5,4.6,4.69,40,0.7795834995602858,-0.34621963989101945,0.2166819298346332,0.3056594201325152,0.6720977596741344,745.808985123337,1639.9185336048881,277,946,484,-0.004581708207051338,0.33705622347691677,657,"Prince George's, MD"
24031700606,MD,Maryland,Montgomery,24031,4192,3226,-77.2439621,39.0958132,5.6,22.5,11.9,33.1,78.4,8.2,8.5,5.5,79.1,92.5,8.3,67.6,4.5,6.7,71.1,16.3,11.3,20.0,21.0,8.7,5.1,13.6,5.4,45.6,6.9,4.6,4.4,30.4,17.9,79.2,10.6,8.9,22.2,10.0,2.4,3.9,31.7,2.8,6.0,3.3,3.4475000000000007,40,-0.16095222434772105,-0.5056599233434916,-0.33330607384560634,0.17847793404341722,0.35505770536320436,748.179499510005,1488.4019008825526,807,1119,951,-0.2398648284656156,0.025930266412260424,900,"Montgomery, MD"
24031703601,MD,Maryland,Montgomery,24031,4750,3731,-77.0693759,39.041529,9.2,19.8,14.8,29.6,73.9,6.9,8.9,4.5,75.9,91.0,9.7,69.9,3.9,6.8,71.1,17.6,9.6,20.8,21.3,10.7,6.4,14.1,4.8,40.0,10.1,4.9,5.5,32.0,18.1,80.4,12.0,8.5,26.1,10.0,2.4,5.4,32.7,2.5,5.8,3.5,3.1625,40,-0.42683771409455434,-0.25789770954306834,-0.3423677118188113,0.17638248364064146,0.34894772572980315,837.816797293047,1657.501697216565,1026,867,960,-0.27174140271571345,-0.2855850958883586,942,"Montgomery, MD"
24031701004,MD,Maryland,Montgomery,24031,5301,3975,-77.1659654,39.0986188,6.7,22.2,14.1,31.3,75.7,8.5,9.5,5.3,77.5,91.3,9.8,70.1,4.6,7.0,73.0,18.7,9.4,21.6,20.0,9.4,6.1,13.9,5.5,41.4,8.4,5.3,5.2,31.5,16.8,79.4,12.2,9.1,24.9,10.3,2.5,4.9,31.2,2.7,3.9,3.4,3.525000000000001,40,-0.15783522872538988,-0.44525531832971166,-0.3015452735275508,0.18582243202664575,0.3788187372708758,985.0447121732491,2008.1181262729126,804,1065,916,-0.20765991902712913,0.029935480275453407,859,"Montgomery, MD"
24031705901,MD,Maryland,Montgomery,24031,4501,3428,-77.1411785,38.9959383,4.0,25.3,12.4,33.7,80.7,11.9,8.5,6.1,81.4,94.2,7.0,72.9,3.9,4.2,78.4,16.3,9.3,19.9,16.2,4.7,2.6,10.9,6.6,45.6,4.3,4.1,3.0,27.7,14.0,81.5,9.1,8.6,20.9,9.0,2.0,2.6,27.3,2.8,2.4,2.7,3.2125,40,-0.17921444003999007,-1.094971827860142,-0.637093133950066,0.10822896588376603,0.15410726408689748,487.13857544283087,693.6367956551255,819,1444,1247,-0.47178595138389157,0.1513999250923588,1174,"Montgomery, MD"
24031700718,MD,Maryland,Montgomery,24031,5487,4772,-77.1823146,39.1146622,5.8,22.5,12.6,32.5,77.9,9.1,9.0,5.6,79.0,92.1,8.5,73.5,4.1,5.3,74.0,17.1,9.9,21.2,19.3,8.5,5.5,12.7,6.0,41.7,7.8,4.9,4.8,30.8,16.6,81.3,11.0,9.0,23.6,9.4,2.3,4.7,30.6,2.8,4.4,3.3,3.1500000000000004,40,-0.1786934151819819,-0.7253687005650716,-0.45203105787352676,0.15102348084891778,0.2858112695179905,828.6658394180118,1568.246435845214,818,1277,1053,-0.3650316168590633,-0.004694533153055055,1048,"Montgomery, MD"
24031701414,MD,Maryland,Montgomery,24031,7592,5891,-76.9660918,39.0726448,8.0,22.6,11.5,36.6,78.3,6.8,9.9,5.5,79.9,91.7,10.1,69.8,4.6,7.3,62.8,15.8,12.6,23.4,24.7,14.0,9.7,16.5,5.0,41.7,12.5,5.9,7.0,34.1,20.5,80.9,12.2,10.9,28.3,10.7,3.2,7.4,38.4,3.4,9.1,4.4,3.625,40,0.27871907035933685,-0.32387298582497404,-0.022576957732818592,0.25033221176208614,0.5315682281059063,1900.522151697758,4035.6659877800407,520,929,691,-0.060478560965572,0.20291586389383004,724,"Montgomery, MD"
24031700309,MD,Maryland,Montgomery,24031,5807,4485,-77.2703189,39.1881087,9.4,16.8,14.9,28.0,69.9,4.7,9.9,3.5,74.7,89.2,11.3,64.4,3.6,7.8,63.6,18.2,9.0,20.8,24.7,14.5,9.6,14.9,3.5,35.8,13.6,5.5,7.3,35.6,18.7,79.9,14.0,8.0,28.2,9.9,2.6,7.6,37.8,2.2,7.6,3.8,3.615,40,-0.5666463047815714,0.21813592762125297,-0.1742551885801592,0.21525751435514862,0.45213849287169044,1250.000385860348,2625.568228105906,1118,461,808,-0.15743357396025592,-0.5330030755417648,810,"Montgomery, MD"
24031700818,MD,Maryland,Montgomery,24031,6624,4694,-77.2556386,39.1798565,15.7,17.3,13.8,31.2,68.1,3.7,10.6,4.3,72.9,85.3,15.7,60.9,5.0,12.2,55.4,19.4,11.5,27.7,28.4,27.1,21.5,22.5,4.1,35.4,22.7,8.4,12.6,38.4,26.9,75.8,17.0,11.1,33.9,12.8,4.1,13.7,41.2,2.8,17.2,6.3,4.312499999999999,40,0.018431218319503985,1.212533825201053,0.6154825217602784,0.39787970783865184,0.8357094365241005,2635.55518472323,5535.739307535641,671,100,243,0.5478153381987817,-0.11690314880348951,219,"Montgomery, MD"
24031701315,MD,Maryland,Montgomery,24031,4394,3366,-77.0527544,39.1585226,6.1,22.2,13.9,32.2,76.2,7.5,9.8,4.9,77.8,91.5,9.9,70.2,4.5,7.3,71.0,18.9,10.3,21.4,21.0,10.2,6.8,14.1,4.9,41.4,9.2,5.4,5.5,32.1,17.7,81.2,12.7,9.3,26.2,10.5,2.6,5.5,33.4,2.8,5.8,3.5,3.3525,40,-0.08398829100993602,-0.4758215876961462,-0.2799049393530411,0.19082663182984544,0.3957909029192125,838.4922202603409,1739.1052274270196,743,1086,891,-0.21185499042609224,0.052111606843961725,866,"Montgomery, MD"
24031703902,MD,Maryland,Montgomery,24031,7469,5773,-77.0397148,39.0322535,13.0,19.4,14.2,31.0,72.3,5.6,9.8,4.8,74.8,88.7,12.5,65.8,4.7,9.2,64.0,18.4,10.9,24.6,24.7,17.5,12.1,18.5,4.8,38.7,15.2,6.6,8.3,35.1,22.3,77.3,14.1,10.4,29.4,11.6,3.3,8.4,35.9,2.8,5.5,4.9,3.85,40,-0.09066104356481249,0.3064983538937194,0.10791865516445345,0.2805085535465006,0.6109979633401222,2095.118386438813,4563.543788187373,750,392,574,0.10770820523681321,-0.09108194342009296,540,"Montgomery, MD"
24033800412,MD,Maryland,Prince George's,24033,4807,3550,-76.8433498,38.9839494,13.4,23.8,11.8,38.4,75.0,5.3,11.5,5.3,77.3,88.7,13.2,65.7,5.6,11.1,58.3,14.7,14.4,27.8,29.0,23.4,16.5,21.4,4.5,35.9,20.2,8.0,10.7,37.9,27.8,80.7,14.6,14.3,40.1,12.6,4.3,11.7,43.2,3.7,12.3,5.7,4.472499999999998,40,0.8571159040429809,0.34186772478633376,0.5994918144146573,0.39418195095991393,0.8309572301425662,1894.8326382643063,3994.4114052953155,249,366,250,0.3821461235383541,0.42242452229037447,311,"Prince George's, MD"
24031701201,MD,Maryland,Montgomery,24031,6144,4814,-77.0957459,39.0498578,12.2,19.5,14.6,29.9,71.9,6.1,9.3,5.0,73.9,88.1,12.4,64.1,4.9,9.3,63.3,18.9,10.5,24.6,23.5,16.0,10.9,18.1,5.3,39.4,13.3,6.5,7.7,34.2,22.0,76.1,13.8,10.3,27.3,11.7,3.2,7.3,34.5,2.8,7.8,4.7,3.95,40,-0.17494108395392505,0.45820846911277546,0.1416336925794252,0.2883049573467526,0.6300067888662594,1771.3456579384479,3870.761710794298,817,311,546,0.17651532443296797,-0.10517782024683951,484,"Montgomery, MD"
24031700611,MD,Maryland,Montgomery,24031,5816,4291,-77.32003,39.1576526,5.5,17.2,11.7,28.9,75.7,5.5,8.1,4.0,78.0,92.0,7.9,61.9,3.1,5.8,73.2,14.4,10.3,17.2,23.6,9.3,4.8,12.2,3.9,42.3,7.5,4.0,4.6,32.6,17.2,79.0,10.3,7.2,20.2,8.6,2.0,4.0,32.6,2.2,6.3,3.0,3.345,40,-0.7895755461457893,-0.2977253719565849,-0.543650459051187,0.12983703402026536,0.2240325865580448,755.1321898618634,1302.9735234215887,1226,902,1144,-0.47534814883640664,-0.6529709257162284,1182,"Montgomery, MD"
24033800519,MD,Maryland,Prince George's,24033,3994,3149,-76.7247516,38.9266468,6.6,24.3,12.6,37.6,76.8,6.3,11.5,4.4,80.0,92.1,9.9,68.7,4.3,7.8,67.3,14.6,12.5,21.9,24.5,13.8,8.7,15.1,3.7,36.3,13.7,5.7,7.1,34.3,20.2,83.2,12.8,11.1,38.6,10.4,3.1,8.1,41.7,3.1,8.2,3.8,4.0375,40,0.49940303587313883,-0.468064196624806,0.01566941962416643,0.25917646123159604,0.5498981670061099,1035.1507861589946,2196.293279022403,397,1079,664,-0.13177532757744687,0.2045135414699122,784,"Prince George's, MD"
24031705100,MD,Maryland,Montgomery,24031,5665,4315,-77.0730231,38.9954347,4.2,24.5,13.8,32.7,79.3,11.0,9.2,5.5,80.3,93.7,7.6,76.0,4.0,4.7,78.7,18.0,8.9,19.5,16.4,5.2,3.1,10.9,5.8,43.7,5.1,4.2,3.3,28.5,13.5,82.3,10.2,8.2,22.9,9.1,2.0,3.1,27.9,2.7,2.9,2.7,2.85,40,-0.18821267599523908,-1.0907678558343152,-0.6394902659147772,0.10767464323748353,0.15207060420909707,609.9768539403442,861.4799728445349,828,1443,1250,-0.4828150738081675,0.12513770821798023,1194,"Montgomery, MD"
24031700207,MD,Maryland,Montgomery,24031,5804,4224,-77.2179052,39.2710465,10.5,19.9,15.2,29.7,71.6,6.2,10.0,4.7,74.4,88.8,12.4,66.7,4.9,9.4,62.7,20.1,9.7,23.7,23.3,14.8,10.2,16.9,4.8,38.5,13.1,6.4,7.4,34.5,20.3,79.8,14.6,9.6,28.5,11.5,3.0,7.4,36.0,2.6,9.4,4.2,3.7625,40,-0.1643035524804044,0.2402438947469909,0.03797017113329325,0.2643333786531684,0.5682281059063137,1534.1909297029895,3297.9959266802443,811,442,637,0.08249073714180416,-0.07526242046338258,565,"Montgomery, MD"
24031700101,MD,Maryland,Montgomery,24031,4570,3611,-77.1626524,39.2286822,6.3,23.5,14.3,32.9,77.6,9.1,9.3,5.5,78.3,92.1,9.2,71.9,4.6,6.7,72.5,18.1,10.0,21.2,19.8,8.3,5.0,13.4,5.6,43.3,7.6,4.9,4.6,30.8,16.5,81.0,11.6,9.1,25.0,10.3,2.5,4.3,31.4,2.8,6.3,3.2,3.3974999999999995,40,-0.06160797535680512,-0.5924893801385616,-0.3270486777476833,0.17992492003121466,0.36116768499660556,822.2568845426509,1650.5363204344874,722,1195,942,-0.22563483366857295,0.14121971280141565,883,"Montgomery, MD"
24031703401,MD,Maryland,Montgomery,24031,5871,4437,-77.079775,39.061611,19.3,19.1,13.5,31.4,72.9,5.0,8.9,5.4,73.3,87.6,13.6,61.9,4.8,9.7,59.8,16.7,12.9,27.6,27.5,22.0,13.5,22.3,5.6,40.6,18.0,7.1,9.6,36.4,27.5,78.6,13.8,12.1,29.1,13.0,3.8,8.9,35.9,3.1,12.3,6.1,4.140000000000001,40,-0.006409128065166213,0.775686551030954,0.38463871148289386,0.34449843652165646,0.758316361167685,2022.550320818645,4452.075356415478,684,197,357,0.3546731291711862,-0.06634029268858152,329,"Montgomery, MD"
24031703402,MD,Maryland,Montgomery,24031,4035,3123,-77.0690635,39.0695576,15.5,18.3,14.0,30.1,73.1,5.2,8.6,4.9,73.8,88.5,12.0,65.4,4.2,8.2,61.1,16.3,11.7,24.5,25.7,17.4,10.2,19.0,5.0,40.1,14.8,6.0,7.9,35.1,23.6,79.4,12.8,10.4,27.5,11.6,3.2,7.3,36.3,2.8,9.3,5.1,3.9625,40,-0.28038857591449834,0.4238015580506815,0.07170649106809157,0.27213470391076344,0.5845213849287169,1098.0635302799305,2358.5437881873727,904,327,613,0.07205198824489259,-0.2796975815608963,578,"Montgomery, MD"
24031703403,MD,Maryland,Montgomery,24031,3970,3018,-77.0623465,39.061654,19.7,17.6,14.8,29.1,70.7,4.8,8.8,4.8,71.9,87.1,13.5,61.6,4.3,9.1,59.3,16.8,11.4,26.3,27.1,20.3,11.8,20.8,5.1,38.8,17.5,6.5,9.0,36.6,25.6,77.6,13.9,10.7,29.1,12.3,3.4,8.3,36.0,2.7,8.5,5.5,3.795,40,-0.2959591878493901,0.8390104357692513,0.2715256239599306,0.318341701336464,0.7026476578411406,1263.816554305762,2789.5112016293283,915,176,439,0.2613978505618241,-0.31621473464560307,407,"Montgomery, MD"
24031700824,MD,Maryland,Montgomery,24031,2872,2129,-77.2453973,39.1194939,4.2,20.4,15.5,28.5,74.7,8.2,9.0,4.2,77.7,92.7,7.6,72.3,3.3,5.0,77.0,18.5,8.0,16.8,17.1,5.6,3.2,10.1,4.3,40.9,5.7,3.8,3.5,28.8,12.7,83.0,10.8,6.6,23.6,8.5,1.8,3.5,30.2,2.1,4.2,2.4,2.920000000000001,40,-0.6504704305551934,-0.7882649942542841,-0.7193677124047387,0.08920345426314717,0.09775967413441955,256.1923206437587,280.76578411405296,1162,1308,1330,-0.5717448674864017,-0.3552247407185194,1312,"Montgomery, MD"
24031702602,MD,Maryland,Montgomery,24031,4769,3863,-77.0480743,38.9936755,7.8,13.6,16.8,23.7,64.4,3.9,10.2,2.7,73.0,87.9,11.2,66.5,2.9,6.6,68.6,20.1,6.6,18.8,22.7,12.7,8.8,12.5,2.9,30.7,12.4,5.2,7.0,36.0,15.3,81.6,14.6,6.1,27.1,8.4,2.1,7.2,35.3,1.7,6.8,3.1,3.5849999999999995,40,-0.9928861168289737,0.19100222619497428,-0.40094194531699967,0.1628375371818446,0.3150033944331297,776.5722148202169,1502.2511880515956,1295,475,1010,-0.36190909100356117,-0.9148204082020966,1043,"Montgomery, MD"
24021767600,MD,Maryland,Frederick,24021,3170,2460,-77.3112605,39.5459235,6.6,29.4,15.4,36.4,77.8,10.3,9.9,6.5,79.2,90.3,11.7,71.2,6.4,10.4,66.3,22.3,11.1,24.8,21.6,9.1,6.8,15.5,6.8,41.8,8.4,6.2,5.4,31.1,20.1,75.1,15.6,11.0,34.9,11.7,3.0,5.5,34.8,3.2,7.7,3.6,3.625,40,0.6799571483683114,-0.22590517378352187,0.2270259872923948,0.30805142248686834,0.6782077393075356,976.5230092833726,2149.918533604888,317,835,475,0.2980078361434485,0.8219208460704188,384,"Frederick, MD"
24031701006,MD,Maryland,Montgomery,24031,5550,4266,-77.182253,39.0802814,4.4,23.9,11.6,33.3,80.6,10.6,8.1,5.7,81.0,94.0,6.9,71.7,3.9,4.5,78.7,15.2,9.9,19.4,18.3,5.6,3.0,11.2,6.1,45.8,4.8,4.0,3.2,28.8,15.1,82.0,9.0,8.5,20.1,8.9,2.0,2.7,27.8,2.8,4.4,2.8,2.9399999999999995,40,-0.28232875098522336,-1.0153367449495343,-0.6488327479673788,0.10551424929568876,0.143245078071962,585.6040835910726,795.010183299389,907,1413,1263,-0.5083240897073561,-0.0013114344651778762,1225,"Montgomery, MD"
24031701306,MD,Maryland,Montgomery,24031,3000,2314,-77.0958669,39.1388468,4.8,22.9,14.9,31.3,77.4,9.7,8.9,5.1,78.6,93.0,7.9,73.8,4.0,5.5,77.3,18.2,8.9,18.9,17.5,5.9,3.5,11.2,5.3,43.1,5.8,4.2,3.6,28.9,13.9,82.4,10.7,7.9,23.6,9.3,2.0,3.4,28.8,2.5,4.3,2.7,2.9825000000000004,40,-0.33057008753029776,-0.8711217810937057,-0.6008459343120017,0.11661091728214132,0.18533604887983707,349.83275184642395,556.0081466395112,946,1361,1201,-0.4519450071183374,-0.032768233142969096,1149,"Montgomery, MD"
24031703210,MD,Maryland,Montgomery,24031,3760,2840,-77.0141838,39.0325523,8.7,19.6,14.5,29.9,74.7,6.9,9.1,4.5,76.7,91.5,9.4,70.5,3.6,6.2,73.8,17.0,9.5,20.3,21.7,10.2,6.0,13.6,4.6,39.6,9.8,4.8,5.3,32.4,17.0,81.9,11.7,8.4,25.7,9.6,2.4,5.2,32.3,2.5,5.2,3.4,3.12,40,-0.4397739457220223,-0.4376429138235473,-0.4387084297727848,0.15410426011887773,0.29327902240325865,579.4320180469803,1102.7291242362526,1037,1058,1042,-0.3791366442235038,-0.32063037462346033,1058,"Montgomery, MD"
24021752900,MD,Maryland,Frederick,24021,3094,2493,-77.4409586,39.642645,6.9,29.1,15.8,36.3,77.3,9.9,9.9,6.6,78.4,89.1,12.4,69.1,6.7,11.2,64.3,22.6,11.1,25.8,22.3,9.8,7.6,16.1,6.9,41.3,8.8,6.6,5.8,31.9,21.2,72.7,16.3,11.3,35.3,12.0,3.1,5.8,35.7,3.3,10.1,3.8,3.6625,40,0.7220109864647899,0.06046410510040265,0.3912375457825963,0.3460243780823378,0.7589952477936185,1070.5994257867533,2348.3312966734557,301,556,356,0.4486317336346927,0.8367993621689828,272,"Frederick, MD"
24031703215,MD,Maryland,Montgomery,24031,3357,2527,-77.0540058,39.0846638,14.8,22.4,12.6,35.4,75.6,6.2,10.2,6.1,76.3,88.6,13.5,65.2,5.9,9.9,61.6,17.9,13.3,28.4,25.5,21.2,15.8,21.9,5.9,40.7,17.4,7.9,9.9,35.6,25.7,78.8,14.3,13.4,31.1,13.1,4.3,10.1,36.6,3.7,10.8,6.2,3.9125,40,0.5444653390183966,0.381402938467639,0.4629341387430178,0.3626037928681429,0.7895451459606245,1217.2609326583558,2650.5030549898165,383,346,311,0.399224371530541,0.417045804593443,304,"Montgomery, MD"
24031700308,MD,Maryland,Montgomery,24031,6221,4969,-77.2779343,39.1979284,8.6,20.2,14.6,30.5,73.6,6.5,9.9,4.4,76.2,90.5,10.7,69.4,4.3,7.7,68.5,18.9,9.8,21.7,22.6,12.3,8.2,14.9,4.4,39.1,11.6,5.5,6.4,33.5,18.5,79.5,13.4,9.0,27.9,10.5,2.7,6.6,34.6,2.6,5.3,3.7,3.515,40,-0.22993143980682884,-0.1734600251034112,-0.20169573245512,0.20891205022546253,0.43856076035302105,1299.6418644526025,2728.286490156144,868,776,828,-0.15471345661421929,-0.13596688812502739,808,"Montgomery, MD"
24031703207,MD,Maryland,Montgomery,24031,5906,4193,-77.0334936,39.0540685,17.9,19.2,14.2,30.8,72.2,5.5,9.6,5.2,73.5,87.4,13.8,65.1,4.9,9.1,59.5,18.0,11.3,27.2,25.6,20.6,13.7,20.8,5.4,38.1,17.8,7.2,9.6,36.1,24.8,78.2,14.4,11.4,30.3,12.4,3.7,9.3,36.5,3.0,12.6,5.7,3.8875,40,-0.013092986254709404,0.7135164005456197,0.35021170714545513,0.33653739456449966,0.7399864222674813,1987.589852297935,4370.359809911745,688,214,384,0.32578295253953204,-0.061950495466555615,354,"Montgomery, MD"
24031704403,MD,Maryland,Montgomery,24031,1622,1450,-77.1050193,39.0165836,4.9,26.8,11.9,34.8,81.1,12.0,8.9,6.0,81.5,94.4,7.3,76.1,4.4,4.8,75.5,16.9,10.0,20.9,17.1,5.8,3.5,11.8,6.4,46.1,5.4,4.4,3.4,28.2,15.2,81.3,9.5,9.4,22.4,9.6,2.2,3.2,28.6,3.0,2.9,2.9,3.27,40,0.023857736940239477,-1.0960054906579826,-0.5360738768588715,0.13158907402158712,0.23217922606924643,213.4374780630143,376.5947046843177,666,1445,1132,-0.3827987459687624,0.33040799872045784,1065,"Montgomery, MD"
24031701308,MD,Maryland,Montgomery,24031,4234,3353,-77.0607673,39.1321116,6.2,22.4,13.0,33.1,78.3,8.3,8.9,5.4,78.8,92.3,8.7,71.8,4.3,6.4,73.0,16.6,10.6,20.6,21.3,8.7,5.2,13.3,5.4,43.6,7.6,4.7,4.5,31.4,17.4,80.7,11.0,9.0,23.5,9.8,2.4,4.2,31.3,2.8,5.7,3.3,2.985,40,-0.15510047280070105,-0.6381917743827814,-0.39664612359174123,0.16383092065082266,0.31771894093686354,693.6601180355832,1345.2219959266802,798,1225,1006,-0.31697135300445894,0.004249068373863468,1000,"Montgomery, MD"
24031701314,MD,Maryland,Montgomery,24031,2885,2261,-77.0606903,39.147117,6.0,20.7,14.4,30.4,76.0,7.7,9.1,4.5,77.9,92.2,8.5,72.8,3.7,5.7,75.8,17.6,9.3,18.8,19.8,8.0,4.8,12.0,4.5,41.1,7.7,4.3,4.5,30.8,15.3,83.3,11.3,7.7,24.7,9.2,2.1,4.4,31.0,2.4,2.2,2.9,3.0450000000000004,40,-0.4335188179697781,-0.7807456360875373,-0.6071322270286577,0.1151572491214805,0.17922606924643583,332.2286637154712,517.0672097759674,1033,1306,1210,-0.5099683192960143,-0.23919100250449132,1227,"Montgomery, MD"
24031701703,MD,Maryland,Montgomery,24031,3719,2762,-76.9911737,38.9844888,10.3,20.4,13.9,33.0,73.9,5.8,10.2,4.8,76.4,90.1,11.7,67.5,4.7,9.2,66.8,18.0,11.0,23.5,24.3,16.0,11.6,17.6,4.5,39.2,14.2,6.3,7.8,34.3,20.8,81.9,13.6,10.4,30.0,11.3,3.3,8.2,36.4,3.0,7.7,4.6,3.8325,40,0.04892124251957649,-0.07072481870231312,-0.010901788091368315,0.25303202596786156,0.5356415478615071,941.0261045744771,1992.0509164969449,652,679,685,-0.027535575246114125,0.01565366821008487,685,"Montgomery, MD"
24031700731,MD,Maryland,Montgomery,24031,4261,3199,-77.1966015,39.1334282,19.4,18.0,13.9,30.6,68.2,4.4,10.4,4.9,71.6,84.2,16.8,56.1,5.7,12.4,47.6,19.6,11.5,30.0,28.9,28.0,21.1,24.5,5.1,36.8,22.6,9.0,12.7,39.2,28.7,73.1,16.9,12.3,32.1,13.7,4.4,12.6,40.8,3.0,20.4,6.9,4.5975,40,0.10673232271615245,1.7195306607829268,0.9131314917495397,0.4667092788162263,0.9090291921249152,1988.6482370359404,3873.3733876442634,619,42,135,0.8630576829215734,0.006584705060219947,100,"Montgomery, MD"
24033800609,MD,Maryland,Prince George's,24033,3655,2931,-76.7119581,38.8418527,10.0,26.7,11.4,42.4,78.2,5.9,12.4,5.5,80.4,90.8,12.2,69.7,5.6,10.2,63.2,14.5,15.4,27.4,28.1,21.1,15.2,20.2,4.3,36.5,19.2,7.7,10.0,37.1,26.1,84.4,14.3,14.9,42.9,12.3,4.4,11.6,44.4,4.1,10.2,5.4,4.63,40,1.2420060859730018,-0.2836681808473752,0.4791689525628133,0.3663579979310989,0.7976917854718262,1339.0384824381665,2915.5634758995247,121,885,299,0.22339975594715145,0.7304676927416781,442,"Prince George's, MD"
24031704200,MD,Maryland,Montgomery,24031,2122,1527,-77.0737102,39.0268367,5.6,21.1,15.3,29.4,74.7,8.3,9.2,4.4,77.5,92.3,8.5,70.3,3.8,6.0,77.1,18.8,8.5,18.7,17.8,7.3,4.5,11.8,4.6,40.9,7.1,4.4,4.2,29.5,14.6,80.0,11.4,7.6,25.1,9.4,2.1,4.2,29.6,2.3,4.0,2.9,3.3024999999999998,40,-0.4720585999470736,-0.5824876591348253,-0.5272731295409494,0.13362419499713252,0.23693143245078072,283.5505417839152,502.7684996605567,1066,1188,1125,-0.3976269489184118,-0.21276623870199843,1077,"Montgomery, MD"
24031701216,MD,Maryland,Montgomery,24031,5986,5194,-77.1158425,39.0478603,5.5,18.3,14.7,27.0,73.1,7.4,8.8,4.1,76.3,91.4,8.1,72.2,3.1,5.0,71.3,17.5,7.6,17.7,19.5,7.4,4.4,10.7,4.5,37.9,7.2,4.1,4.3,31.2,14.1,81.8,11.1,6.7,22.4,8.1,1.8,4.1,31.8,2.1,3.4,2.6,3.0175000000000005,40,-0.8068401793409743,-0.527743699531851,-0.6672919394364126,0.10124567000427598,0.13102511880515955,606.056580645596,784.316361167685,1237,1137,1281,-0.5572511949263504,-0.5867586903208499,1291,"Montgomery, MD"
24031701211,MD,Maryland,Montgomery,24031,6350,4940,-77.1540952,39.1090766,6.5,18.3,13.7,28.2,73.8,6.4,8.9,4.1,76.6,91.1,8.9,70.0,3.5,6.2,71.3,17.0,9.0,18.6,22.0,9.5,5.6,12.4,4.3,39.8,8.5,4.5,5.0,32.7,16.4,80.4,11.6,7.4,22.9,9.0,2.1,4.7,32.6,2.2,3.8,3.0,2.9975000000000005,40,-0.6669644539806932,-0.39898145395852863,-0.5329729539696109,0.13230614417341752,0.23353699932111338,840.1440155012012,1482.95994568907,1167,1011,1130,-0.4498636573470586,-0.5007458607355885,1146,"Montgomery, MD"
24031705200,MD,Maryland,Montgomery,24031,3344,2489,-77.065309,38.9837902,3.8,24.0,14.4,31.8,78.6,10.9,9.1,5.3,79.9,93.6,7.3,75.8,3.8,4.6,80.8,18.4,8.5,18.5,15.5,4.7,2.9,10.4,5.6,43.7,4.6,4.0,3.1,27.6,12.6,82.2,10.1,7.7,22.9,8.9,1.9,2.9,26.7,2.5,2.7,2.5,2.920000000000001,40,-0.30095181599041293,-1.0980819102953754,-0.6995168631428942,0.0937938462214414,0.11133740665308893,313.6466217645,372.3122878479294,921,1446,1310,-0.523373563065711,0.05133478416395336,1244,"Montgomery, MD"
24033800210,MD,Maryland,Prince George's,24033,3689,2622,-76.8552654,39.0769091,13.4,19.7,13.2,33.7,69.2,3.9,12.1,3.7,75.5,87.3,14.0,63.5,4.6,11.3,54.0,16.1,11.7,25.9,29.2,25.4,18.6,19.9,3.3,31.1,23.1,7.8,11.8,39.2,26.5,78.2,16.3,11.7,42.3,11.6,3.8,13.7,46.5,2.8,13.9,5.3,4.74,40,0.3291083403450167,0.7888961718156322,0.5590022560803245,0.3848189791030849,0.8200950441276307,1419.59721391128,3025.3306177868294,492,192,266,0.36193122459735344,-0.06503372262092534,325,"Prince George's, MD"
24031701418,MD,Maryland,Montgomery,24031,3524,2670,-76.9467203,39.0709656,7.6,20.5,12.0,34.8,76.4,5.5,10.3,4.4,79.2,91.4,10.3,70.0,4.1,7.6,64.0,16.1,11.8,21.8,25.8,14.9,10.4,15.9,3.8,39.6,13.7,5.7,7.3,35.2,19.9,80.7,12.9,9.9,29.3,10.3,3.1,8.1,39.0,3.0,5.3,4.1,3.695,40,0.03472909601882935,-0.3459504706218755,-0.15561068730152308,0.21956894544844507,0.4589273591310251,773.7609637603205,1617.2600135777325,657,945,798,-0.20042571587583885,-0.05490096112980218,852,"Montgomery, MD"
24031700905,MD,Maryland,Montgomery,24031,4149,3077,-77.1311847,39.0573474,6.9,17.0,12.9,26.0,72.0,6.9,7.9,4.3,74.9,89.8,8.7,67.4,3.3,5.8,73.3,15.7,7.5,19.3,22.8,9.6,5.4,12.0,5.1,37.5,7.8,4.6,4.8,33.5,16.9,78.9,11.0,7.3,19.6,8.4,1.9,4.1,30.8,2.2,3.2,3.0,3.625,40,-0.9481868557331246,-0.19856615981019343,-0.573376507771659,0.12296306035806058,0.20502376103190767,510.17373742559334,850.6435845213849,1287,808,1172,-0.4841636755685117,-0.76976119132683,1197,"Montgomery, MD"
24031703209,MD,Maryland,Montgomery,24031,6618,5157,-77.0339921,39.0389118,10.2,19.5,13.6,31.8,73.8,5.9,9.6,4.9,76.3,89.5,11.1,67.4,4.2,7.4,64.6,17.4,10.8,23.3,23.0,15.1,10.6,16.5,4.9,38.4,13.4,6.0,7.7,33.9,20.4,80.0,13.1,9.8,28.5,10.5,3.0,7.9,36.3,2.8,8.0,4.5,3.4425000000000003,40,-0.14162954672240333,0.04667002867062878,-0.047479759025887275,0.24457358565562404,0.5173116089613035,1618.58798986892,3423.568228105906,787,571,712,-0.052937031697377734,-0.15254409206538425,715,"Montgomery, MD"
24033800706,MD,Maryland,Prince George's,24033,4011,3183,-76.8169711,38.7764948,8.9,26.5,11.2,43.1,78.3,5.7,12.4,5.3,81.0,91.6,11.7,69.3,5.4,10.2,57.9,14.2,15.7,26.2,27.8,20.5,14.7,19.8,4.0,36.9,19.0,7.4,9.8,36.3,25.2,81.9,14.0,14.5,43.6,12.2,4.4,11.7,46.7,4.0,16.5,5.3,4.475,40,1.2279250345158372,-0.07938979062533116,0.574267621945253,0.38834900503711267,0.8255261371350985,1557.6678592038588,3311.18533604888,125,689,258,0.3160554759242578,0.7115007424738468,365,"Prince George's, MD"
24031700730,MD,Maryland,Montgomery,24031,5343,4167,-77.1763166,39.1602733,11.4,20.6,13.2,32.5,74.5,5.9,9.5,5.1,76.0,89.4,11.8,66.5,4.9,8.9,64.7,17.8,12.0,24.2,24.0,16.6,11.3,18.2,5.0,40.8,14.0,6.3,7.9,34.0,22.4,77.8,13.4,10.7,28.7,11.7,3.3,8.0,35.6,2.9,6.7,4.8,3.6974999999999993,40,0.02276132553603037,0.14486586745616564,0.083813596496098,0.27493440072281694,0.5926680244399185,1468.9745030620109,3166.6252545824846,667,502,601,0.08509386918484704,0.025321870913528444,563,"Montgomery, MD"
24031704100,MD,Maryland,Montgomery,24031,4844,3653,-77.0745888,39.0169675,4.2,24.3,14.4,32.1,78.7,11.1,9.0,5.4,79.8,93.6,7.4,75.0,3.9,4.7,79.6,18.1,8.5,19.1,15.8,5.0,3.0,10.6,5.8,43.5,4.9,4.1,3.2,27.9,13.1,81.6,10.1,8.0,22.9,9.0,2.0,3.0,27.4,2.6,2.7,2.6,2.9700000000000006,40,-0.2690149060819128,-1.0338696466379178,-0.6514422763599153,0.1049108112266151,0.14052953156822812,508.1879695817235,680.725050916497,894,1420,1267,-0.48231325269493486,0.06924314124804812,1193,"Montgomery, MD"
24031700815,MD,Maryland,Montgomery,24031,8255,6166,-77.2672574,39.1616006,13.1,19.0,13.3,31.7,72.1,4.8,9.9,4.6,74.7,88.2,13.2,60.4,4.8,10.2,59.6,17.8,11.7,25.3,27.4,20.1,13.8,19.9,4.5,39.0,16.9,7.0,9.2,36.7,24.3,76.3,14.6,10.9,29.5,12.1,3.6,9.3,38.5,2.9,10.0,5.2,3.935,40,-0.040219194009171164,0.6434713804684609,0.30162609322964484,0.3253022575451176,0.7189409368635438,2685.370136034946,5934.857433808554,706,228,415,0.27348077245410196,-0.096509835560257,400,"Montgomery, MD"
24033800216,MD,Maryland,Prince George's,24033,4392,3484,-76.8696671,39.0652176,8.2,20.7,13.6,32.9,72.8,5.6,10.7,3.9,77.5,90.8,10.0,70.3,3.7,7.6,67.7,14.5,10.7,20.9,24.9,14.0,8.6,14.3,3.7,33.9,14.0,5.4,7.1,34.8,20.0,83.0,12.9,9.5,36.3,9.7,2.7,8.0,40.6,2.6,5.0,3.6,3.5400000000000005,40,-0.014149497159967956,-0.33463304506429215,-0.17439127111213004,0.21522604607123877,0.451459606245757,945.2727943448807,1982.8105906313647,689,937,809,-0.28960852554307936,-0.24458400602186658,966,"Prince George's, MD"
24031700733,MD,Maryland,Montgomery,24031,5480,4362,-77.2187548,39.1602123,13.0,17.9,13.9,30.0,70.4,4.6,9.9,4.4,73.9,87.1,13.3,63.6,4.6,9.5,59.0,18.6,10.9,24.9,26.1,19.9,14.1,19.1,4.3,37.2,16.9,6.9,9.5,36.6,23.2,78.4,15.0,10.1,29.6,11.6,3.4,9.6,38.2,2.7,10.0,5.1,3.8975,40,-0.18649704237425582,0.6105470238941433,0.21202499075994374,0.3045825304036807,0.6687033265444671,1669.1122666121703,3664.4942294636794,826,240,489,0.19462716973556793,-0.22129268442300745,470,"Montgomery, MD"
24031700314,MD,Maryland,Montgomery,24031,3839,2982,-77.2613337,39.209673,5.9,17.8,12.2,29.4,75.9,5.7,8.4,4.1,77.9,91.7,8.3,67.3,3.3,5.9,73.9,15.0,10.4,17.9,23.5,9.4,5.0,12.6,4.0,42.2,7.9,4.2,4.8,32.9,17.1,80.7,10.7,7.5,21.0,8.9,2.1,4.2,32.8,2.3,2.7,3.1,3.035000000000001,40,-0.6828213151915805,-0.523017526035694,-0.6029194206136372,0.1161314357889764,0.18397827562797012,445.8285819938804,706.2926001357773,1175,1135,1203,-0.5374360986549862,-0.5518546712742785,1264,"Montgomery, MD"
24031700723,MD,Maryland,Montgomery,24031,3756,3275,-77.2025986,39.1471102,10.9,32.5,8.8,44.0,84.9,14.0,8.7,10.1,83.6,93.3,9.6,74.7,6.7,5.3,64.1,14.5,14.1,32.5,19.3,10.8,7.5,18.6,11.3,47.6,8.7,7.6,5.7,30.7,24.1,80.8,9.8,16.6,24.2,12.5,3.7,5.2,30.6,5.1,8.0,5.7,4.585,40,1.3016047298506386,-0.7197620236275278,0.29092135311155537,0.32282684945020257,0.714867617107943,1212.537646534961,2685.042769857434,110,1274,421,0.28613151247822394,1.2920250485839757,391,"Montgomery, MD"
24031700209,MD,Maryland,Montgomery,24031,4451,3445,-77.221281,39.233428,6.7,22.8,15.6,31.0,75.3,8.6,9.7,5.2,76.6,91.3,10.2,71.9,4.9,7.7,73.0,20.0,9.3,21.4,20.0,8.7,5.4,13.8,5.2,42.2,8.0,5.2,4.8,31.4,16.4,79.3,12.8,8.9,25.7,10.8,2.5,4.5,31.5,2.6,6.1,3.2,3.472500000000001,40,-0.11895244462338504,-0.4097035292240082,-0.26432798692369663,0.19442871032146108,0.40393754243041413,865.4021896408233,1797.9260013577732,769,1025,879,-0.14674030130225665,0.1162229266194949,804,"Montgomery, MD"
24031703602,MD,Maryland,Montgomery,24031,2928,2197,-77.0621522,39.0315386,5.6,20.9,15.4,30.0,75.1,8.1,9.2,4.5,77.4,92.6,8.4,71.9,3.7,6.1,76.4,18.4,8.8,18.3,18.9,7.2,4.4,11.7,4.5,41.2,7.1,4.2,4.1,29.8,14.3,81.0,11.3,7.5,24.9,9.2,2.1,4.1,30.7,2.4,4.4,2.8,2.955,40,-0.44313401044862205,-0.6486596725937895,-0.5458968415212058,0.12931757130662483,0.22267481330617786,378.6418487857975,651.9918533604888,1040,1231,1146,-0.42701645391823634,-0.2053732352426831,1117,"Montgomery, MD"
24031706009,MD,Maryland,Montgomery,24031,5569,4187,-77.1938101,38.9959125,3.9,23.6,13.0,32.8,79.5,10.2,8.6,5.5,80.5,93.9,7.1,73.4,3.8,4.7,77.5,16.8,9.7,18.4,17.2,5.3,3.0,10.8,5.7,45.3,4.9,3.9,3.2,28.1,13.9,81.1,9.7,7.8,21.9,9.0,2.0,3.0,28.6,2.6,4.1,2.6,2.825,40,-0.279217832025893,-0.9840101538892845,-0.6316139929575888,0.10949598496282231,0.16361167684996605,609.7831402579575,911.153428377461,902,1404,1233,-0.47998137799022206,0.024047397908840362,1190,"Montgomery, MD"
24031700820,MD,Maryland,Montgomery,24031,3097,2212,-77.2296841,39.1446815,17.3,18.4,13.3,31.3,69.9,4.4,9.9,4.9,72.8,85.4,15.4,59.4,5.5,11.8,56.7,18.7,12.3,28.3,27.9,26.0,19.2,23.2,4.9,38.1,20.7,8.2,11.7,37.6,28.2,75.2,16.0,11.8,31.4,13.3,4.1,11.8,38.9,3.0,14.0,6.5,4.3100000000000005,40,0.08510248498236232,1.1642780038103941,0.6246902443963782,0.4000089394591951,0.8384249830278343,1238.8276855051272,2596.6021724372026,630,109,239,0.5766928200371094,-0.01089236373617538,209,"Montgomery, MD"
24033800109,MD,Maryland,Prince George's,24033,3892,2895,-76.8657097,39.0989194,20.3,23.0,13.3,35.3,71.2,5.2,11.6,5.4,73.5,85.5,16.3,62.9,6.5,13.1,56.4,16.9,13.9,31.5,28.3,29.0,20.7,25.2,5.3,35.0,24.3,9.5,13.2,38.4,31.5,80.3,16.5,15.4,42.2,14.6,5.0,13.9,42.8,3.6,11.5,7.1,4.647499999999999,40,0.869281844189264,0.931727512954258,0.900504678571761,0.463789402648431,0.9056347589952478,1805.0683551076934,3524.7304820095046,240,146,140,0.7037634832684718,0.4757994535826855,146,"Prince George's, MD"
24031700726,MD,Maryland,Montgomery,24031,3149,2497,-77.185443,39.1489719,13.3,16.5,14.3,28.4,69.5,4.3,9.7,4.0,73.4,87.9,12.7,58.6,4.0,9.1,58.0,17.5,10.1,23.4,27.6,18.5,11.9,17.9,4.0,36.8,16.2,6.3,8.6,37.3,22.2,75.9,14.4,9.2,28.0,11.0,3.0,8.4,39.0,2.4,10.8,4.6,3.9025000000000007,40,-0.4457712397810189,0.8149499955714558,0.18458937789521843,0.298238206541065,0.6510522742701969,939.1521123978137,2050.16361167685,1046,181,515,0.1766415150601975,-0.46166696545106073,483,"Montgomery, MD"
24031705602,MD,Maryland,Montgomery,24031,4965,4482,-77.0907661,38.9644227,5.5,28.8,11.2,36.9,82.6,13.2,8.9,7.3,82.0,93.7,7.9,77.2,5.0,4.6,75.7,17.0,10.6,24.2,16.7,6.3,4.0,13.0,8.1,46.1,5.5,5.2,3.8,28.8,16.8,81.5,9.8,11.1,22.2,10.2,2.4,3.3,27.0,3.5,3.2,3.5,3.212500000000001,40,0.35309093939407465,-1.1184401576481795,-0.3826746091270524,0.1670617510701122,0.3272233536999321,829.4615940631071,1624.663951120163,477,1450,992,-0.2503023074632878,0.6178355427216039,915,"Montgomery, MD"
24031701701,MD,Maryland,Montgomery,24031,3524,2759,-77.0074384,38.9767741,7.1,24.7,13.7,35.2,77.4,8.4,10.3,5.7,78.5,91.6,10.6,70.3,5.4,8.2,69.3,19.8,11.1,23.6,20.0,11.5,8.8,15.9,5.4,42.1,10.2,6.1,6.1,31.3,18.7,77.5,13.0,10.9,29.1,11.4,3.2,6.4,34.1,3.3,5.7,4.1,3.6825,40,0.36084307048709335,-0.3444083268418155,0.00821737182263893,0.2574532190745611,0.5458248472505092,907.2651440187533,1923.4867617107943,470,942,670,0.05267752242550916,0.4497633716928338,603,"Montgomery, MD"
24031705902,MD,Maryland,Montgomery,24031,4402,3271,-77.1410698,38.9798697,3.6,22.9,13.6,31.1,78.7,10.5,8.6,5.1,80.3,94.2,6.6,73.5,3.4,4.0,78.9,16.8,8.6,17.3,16.2,4.3,2.3,9.7,5.4,44.2,4.3,3.5,2.8,27.6,12.4,83.0,9.3,7.1,21.4,8.4,1.7,2.6,27.9,2.4,3.8,2.3,2.8525,40,-0.4701991754050904,-1.0790876739778807,-0.7746434246914855,0.0764212714042114,0.05634758995247793,336.4064367213386,248.04209097080786,1065,1436,1391,-0.6019692494759588,-0.12485082497403678,1357,"Montgomery, MD"
24031700833,MD,Maryland,Montgomery,24031,4600,3366,-77.2275649,39.1800898,15.5,18.8,13.1,31.5,72.5,4.9,9.5,5.1,74.1,87.3,13.5,62.2,5.1,10.0,60.7,17.4,12.4,26.4,26.5,21.4,14.7,21.4,5.0,40.0,17.0,7.2,9.7,36.2,25.5,77.3,14.1,11.5,28.8,12.5,3.8,9.2,36.6,3.0,9.2,5.8,3.984999999999999,40,0.007565487370278151,0.6508072692706242,0.32918637832045117,0.33167541112561977,0.7298031228784793,1525.7068911778508,3357.0943652410047,676,226,399,0.30009074093364485,-0.05062578740333445,381,"Montgomery, MD"
24031700812,MD,Maryland,Montgomery,24031,4669,3641,-77.1993066,39.1698064,12.8,22.7,12.9,33.9,76.1,7.4,9.5,6.0,76.5,89.8,12.0,66.5,5.5,8.8,64.6,17.6,12.1,26.4,24.1,16.2,10.6,19.1,6.2,41.9,13.8,6.8,7.7,34.2,23.5,78.5,13.2,12.0,28.3,12.4,3.5,7.5,35.0,3.3,10.9,5.1,3.5775,40,0.2710321895555877,0.17377803816728923,0.22240511386143846,0.30698287272569874,0.6754921928038018,1433.3030327562874,3153.8730482009505,529,486,479,0.22559712486156724,0.2774162115558453,440,"Montgomery, MD"
24033800701,MD,Maryland,Prince George's,24033,8802,6903,-76.8240372,38.8401423,6.6,21.8,12.7,36.9,75.0,5.0,11.8,3.6,80.4,92.5,9.4,71.6,3.4,7.3,67.0,13.7,11.7,20.1,25.7,14.3,9.2,14.1,2.8,33.3,15.2,5.3,7.4,35.0,19.1,85.3,12.7,9.8,40.7,9.4,2.9,9.1,44.6,2.8,5.8,3.6,3.8875,40,0.28164194072265575,-0.6295106579299824,-0.17393435860366332,0.21533170439733068,0.4528173794976239,1895.3496621053046,3985.6985743380856,516,1220,807,-0.35847234328813843,-0.0874340286462945,1036,"Prince George's, MD"
24031702301,MD,Maryland,Montgomery,24031,3551,2690,-77.0041516,39.0002187,16.5,18.2,14.4,31.2,70.0,4.6,10.3,4.5,73.5,86.8,14.4,64.0,4.9,10.5,57.1,18.5,10.9,26.7,27.2,23.0,17.2,21.0,4.4,36.1,19.9,7.6,10.7,37.4,24.6,76.7,15.4,11.0,32.4,12.2,3.8,11.3,39.0,2.9,11.2,5.7,4.489999999999999,40,-0.015536974875132066,0.8442447057182948,0.41435386542158137,0.35136989082975045,0.7657841140529531,1247.7144823364438,2719.2993890020366,691,170,346,0.3615245047062356,-0.12119569630582362,326,"Montgomery, MD"
24031701316,MD,Maryland,Montgomery,24031,6480,5095,-77.0066759,39.1586446,6.3,25.1,13.0,34.8,79.3,10.0,9.4,6.2,79.5,92.5,9.4,73.3,5.0,6.6,74.0,17.6,10.5,23.2,20.2,8.6,5.3,14.2,6.4,44.2,7.6,5.4,4.7,31.2,17.5,80.7,11.4,10.4,24.3,10.7,2.7,4.3,30.9,3.2,6.0,3.6,3.0725000000000007,40,0.17261875495769044,-0.7147155118773043,-0.27104837845980695,0.19287465936590598,0.4019008825526137,1249.8277926910707,2604.3177189409366,586,1271,882,-0.18346706747789354,0.3477813769215172,838,"Montgomery, MD"
24031703201,MD,Maryland,Montgomery,24031,7546,5864,-77.092528,39.080826,10.9,21.1,13.8,31.6,75.5,7.3,8.9,5.4,76.1,90.4,10.7,68.4,4.7,7.8,69.4,17.1,10.8,23.4,22.9,12.6,7.5,16.4,5.7,41.9,10.7,5.6,6.1,33.0,20.5,77.4,12.2,10.1,25.5,11.1,2.8,5.6,32.5,2.9,7.2,4.2,3.65,40,-0.1300742007495922,-0.039904071754250765,-0.08498913625192148,0.23589976312502,0.4942294636795655,1780.099612541401,3729.455532926001,779,648,746,-0.03643782401917167,-0.03297157628409257,698,"Montgomery, MD"
24031706007,MD,Maryland,Montgomery,24031,7270,5666,-77.210422,39.0439125,4.1,23.5,11.7,33.3,80.7,10.2,8.1,5.7,81.1,94.0,6.7,73.0,3.8,4.5,79.4,15.3,10.2,18.6,18.1,5.4,2.9,11.0,5.9,46.3,4.6,3.8,3.1,28.5,14.8,82.0,8.9,8.1,20.0,8.8,1.9,2.6,27.4,2.7,2.2,2.7,2.8675,40,-0.3019715666217683,-1.1085821237323084,-0.7052768451770384,0.0924618843058232,0.10454854039375425,672.1978989033346,760.0678886625934,922,1448,1320,-0.5632671056988995,-0.017952087665490533,1301,"Montgomery, MD"
24031702604,MD,Maryland,Montgomery,24031,2821,2559,-77.0349117,38.9940399,7.9,12.9,17.5,22.6,63.0,3.6,10.1,2.5,72.0,87.4,11.2,67.7,2.7,6.5,67.3,20.5,6.2,18.6,22.8,12.4,8.6,12.1,2.8,29.7,12.3,5.1,6.9,36.4,15.2,82.2,14.9,5.7,26.9,8.1,1.9,7.0,36.1,1.7,4.6,3.0,3.5925,40,-1.0915320599526064,0.19080313724411796,-0.45036446135424424,0.15140887147674045,0.28852681602172436,427.1244264358848,813.9341479972844,1328,476,1049,-0.40719569815489143,-1.0051945335539008,1091,"Montgomery, MD"
24021773500,MD,Maryland,Frederick,24021,4236,3151,-77.345378,39.4686515,8.7,27.4,15.0,35.6,76.0,8.6,10.3,6.0,78.4,88.7,12.9,69.1,6.3,11.0,63.6,22.4,11.5,25.9,23.4,12.8,10.1,17.1,6.1,39.5,11.7,6.9,7.2,32.9,22.4,72.7,16.8,11.3,37.1,11.9,3.3,7.7,37.1,3.2,9.1,4.2,3.87,40,0.6577681966833542,0.16128611344228078,0.40952715506281745,0.35025374249152935,0.7637474541751528,1483.6748531941184,3235.234215885947,330,493,349,0.4309330398614114,0.700579966280542,283,"Frederick, MD"
24031703208,MD,Maryland,Montgomery,24031,5425,3835,-77.014166,39.0527225,6.5,23.4,14.6,32.7,77.8,9.2,9.5,5.5,78.2,92.0,9.2,75.4,4.4,6.2,73.8,18.6,9.7,21.5,19.0,8.0,5.1,13.1,5.7,41.9,7.5,5.0,4.6,30.6,15.9,80.9,11.7,9.2,25.1,10.0,2.4,4.3,31.2,2.9,5.5,3.3,3.3625,40,-0.060916679272186844,-0.6858831837899186,-0.3733999315310527,0.16920646563072705,0.33265444670739985,917.9450760466942,1804.650373387644,720,1255,984,-0.27626784163997364,0.13334750050997138,947,"Montgomery, MD"
24031700400,MD,Maryland,Montgomery,24031,2352,1914,-77.3697452,39.2138172,6.8,25.2,14.5,33.8,77.9,10.2,9.5,6.2,78.2,91.9,9.8,73.1,5.4,7.3,73.9,19.2,9.9,22.8,19.0,8.2,5.3,14.2,6.3,43.9,7.4,5.3,4.5,30.5,17.0,79.5,12.1,9.9,25.5,11.0,2.6,4.2,30.2,3.0,5.2,3.4,3.24,40,0.16663121965504302,-0.5930733489159372,-0.2132210646304471,0.2062468850510948,0.428377460964019,485.092673640175,1007.5437881873727,590,1197,843,-0.10009292261536487,0.3928875036852075,752,"Montgomery, MD"
24033800211,MD,Maryland,Prince George's,24033,3008,2408,-76.8420634,39.0771053,10.8,22.4,13.0,35.4,72.8,5.7,11.6,4.6,77.2,88.9,12.4,66.2,4.9,9.5,59.4,15.9,12.0,25.5,25.6,20.1,14.6,18.2,4.4,33.5,18.3,7.3,9.8,36.4,24.2,81.3,14.7,12.1,39.9,11.3,3.6,11.2,43.0,3.1,11.5,4.9,4.03,40,0.4877994284255514,0.23617714232493073,0.3619882853752411,0.33926065890896984,0.748133061778683,1020.4960619981813,2250.3842498302783,403,447,372,0.19722794242534775,0.15827874252576477,467,"Prince George's, MD"
24031701408,MD,Maryland,Montgomery,24031,6706,5336,-76.9696305,39.1262319,8.2,23.2,12.6,34.7,78.2,8.1,9.3,6.0,78.4,91.3,10.1,70.7,5.0,7.5,66.0,17.0,11.8,23.4,22.8,11.6,7.3,15.9,5.8,43.5,9.9,5.6,5.9,32.8,19.7,78.5,12.1,10.5,25.7,11.0,2.9,5.5,34.5,3.2,7.9,4.0,3.155,40,0.17305075369939413,-0.2854795578031506,-0.056214402051878234,0.2425537509081935,0.515274949083503,1626.5654535903457,3455.433808553971,584,888,715,-0.020033990788871914,0.24541157622540677,675,"Montgomery, MD"
24033800518,MD,Maryland,Prince George's,24033,4176,3246,-76.7691425,38.929507,5.5,25.8,11.3,41.7,79.7,6.4,11.5,4.7,82.7,93.4,8.6,73.4,4.0,6.6,70.7,13.1,14.1,21.2,23.5,12.7,8.2,14.6,3.6,37.2,12.9,5.3,6.7,32.9,19.4,86.0,11.6,11.4,40.2,9.8,3.2,8.2,41.6,3.4,5.6,3.8,3.375,40,0.7414719819651223,-0.9678688059021945,-0.11319841196853608,0.22937653428524696,0.4813306177868296,957.8764071751913,2010.0366598778005,292,1398,765,-0.30546923774456924,0.35693033041305594,983,"Prince George's, MD"
24031701312,MD,Maryland,Montgomery,24031,6458,4864,-77.0801289,39.1527986,6.1,22.6,14.3,32.0,76.3,8.3,9.6,5.2,77.7,91.6,9.6,71.0,4.7,7.1,75.4,19.1,9.9,21.0,19.6,9.1,6.0,13.7,5.2,42.2,8.2,5.1,5.0,30.8,16.6,80.6,12.2,9.0,25.8,10.4,2.6,4.9,30.5,2.7,2.9,3.3,3.4800000000000004,40,-0.09203920939836445,-0.5978360311218103,-0.34493762026008734,0.1757882074519113,0.3469110658520027,1135.2402437244432,2240.3516632722335,751,1201,963,-0.2500765863488918,0.09768285842402671,914,"Montgomery, MD"
24033800203,MD,Maryland,Prince George's,24033,4883,3866,-76.899811,39.1017126,8.4,26.6,13.4,35.9,77.0,8.9,10.3,5.7,78.1,91.4,10.1,71.3,5.4,8.4,65.2,16.1,12.0,23.8,21.1,11.9,7.4,15.5,5.8,39.4,10.9,5.9,6.0,31.7,21.3,80.1,12.4,11.7,34.8,11.4,3.0,6.3,37.3,3.1,6.8,3.9,3.6425,40,0.5196435397138714,-0.3292037335752972,0.09521990306928713,0.27757204192782303,0.603530210454854,1355.3842807335598,2947.038017651052,391,934,585,0.04609868814666379,0.4214011098686248,611,"Prince George's, MD"
24031703222,MD,Maryland,Montgomery,24031,4737,3622,-77.0410781,39.0666172,13.3,21.7,12.3,35.7,75.2,5.6,10.2,5.7,76.5,88.8,13.2,67.4,5.6,10.3,60.7,17.6,13.6,27.3,26.5,21.6,16.2,21.3,5.2,40.5,17.8,7.6,10.0,35.8,25.9,77.2,14.5,12.7,31.8,12.8,4.1,10.6,38.2,3.5,10.9,5.9,3.9650000000000007,40,0.4733987676547512,0.3662592553863091,0.41982901152053015,0.35263598611321056,0.769857433808554,1670.4366662182783,3646.81466395112,411,352,340,0.3481507598529199,0.33004226431953065,335,"Montgomery, MD"
24031701205,MD,Maryland,Montgomery,24031,7090,5327,-77.1354132,39.0418495,4.3,21.8,14.6,30.1,77.0,9.6,8.8,4.8,78.9,93.3,7.3,73.7,3.5,4.7,79.4,17.6,8.3,17.6,17.0,5.2,3.0,10.3,5.1,42.5,5.2,3.8,3.3,28.6,12.8,82.3,10.1,7.1,22.3,8.6,1.8,3.1,28.1,2.3,3.7,2.4,2.95,40,-0.5235056164283922,-0.9345082714062214,-0.7290069439173068,0.08697443875676893,0.08961303462321792,616.6487707854917,635.3564154786151,1093,1387,1342,-0.5704222717590395,-0.20633627211185768,1308,"Montgomery, MD"
24031701002,MD,Maryland,Montgomery,24031,4089,3272,-77.1661876,39.0630609,5.2,24.9,12.9,33.8,79.6,10.7,8.9,5.9,80.2,93.4,7.9,75.2,4.4,5.5,77.0,17.3,10.0,20.5,17.9,6.5,3.9,12.3,6.2,45.3,5.8,4.5,3.7,29.0,15.4,80.9,10.2,9.0,22.8,9.7,2.2,3.4,28.4,2.9,2.4,3.0,3.0925,40,-0.0546749398554167,-0.976347227798378,-0.5155110838268974,0.13634409878294446,0.24507807196198234,557.5110199234599,1002.1242362525458,715,1400,1113,-0.37766086078376226,0.22102550623085354,1056,"Montgomery, MD"
24031705601,MD,Maryland,Montgomery,24031,3057,2198,-77.1006777,38.9566642,3.9,21.6,15.6,29.1,76.0,9.6,9.0,4.5,78.7,93.6,7.1,71.0,3.3,4.5,79.0,18.5,7.8,16.7,15.6,4.5,2.6,9.7,4.8,42.0,4.7,3.6,3.0,27.5,11.9,82.2,10.1,6.7,23.0,8.4,1.7,2.9,28.0,2.2,3.3,2.3,3.08,40,-0.5899265605821742,-0.8806698649159759,-0.735298212749075,0.0855196198988007,0.08486082824168364,261.43347803063375,259.4195519348269,1128,1364,1349,-0.5590547081091035,-0.23743955130223118,1292,"Montgomery, MD"
24031702800,MD,Maryland,Montgomery,24031,5264,4415,-77.0431441,39.0059732,5.0,16.9,16.7,26.0,71.1,6.4,9.4,3.3,76.0,91.7,8.0,74.0,2.7,4.7,73.4,18.5,6.9,16.0,18.9,6.7,4.1,9.6,3.4,35.6,7.4,3.7,4.2,31.3,12.1,83.5,11.6,5.7,24.7,7.6,1.6,4.3,32.4,1.9,4.6,2.3,2.91,40,-0.9158054743617199,-0.6023636753173806,-0.7590845748395503,0.08001916378143628,0.06449422946367957,421.2208781454806,339.4976238968092,1277,1207,1379,-0.6602299229120325,-0.7180961705066844,1410,"Montgomery, MD"
24031702501,MD,Maryland,Montgomery,24031,4116,3700,-77.02863,38.9908535,5.1,11.8,18.0,21.5,61.5,3.7,9.7,2.0,73.4,89.9,8.7,69.4,1.9,4.6,74.5,18.9,5.1,14.6,20.8,8.2,5.3,9.0,2.3,28.9,9.5,3.7,5.2,33.9,11.4,84.7,12.9,4.1,26.0,6.6,1.4,5.7,34.3,1.3,3.8,2.2,2.9225,40,-1.3919718911749754,-0.23802278785537498,-0.8149973395151752,0.06708966631019628,0.038696537678207736,276.14106653276787,159.27494908350303,1393,849,1417,-0.7605912075809469,-1.283159627306519,1454,"Montgomery, MD"
24033800103,MD,Maryland,Prince George's,24033,2454,1878,-76.8401149,39.0966921,15.8,20.3,14.3,33.5,68.1,4.4,11.3,4.6,73.1,85.4,15.2,61.0,5.5,12.9,51.9,17.0,12.3,28.1,28.2,26.1,18.9,22.0,4.4,32.9,22.6,8.3,12.2,38.1,28.1,74.9,16.6,12.5,41.8,13.0,4.2,13.3,44.1,3.0,12.7,5.9,4.5600000000000005,40,0.4489877964798008,1.1751871683936923,0.8120874824367466,0.4433434468729661,0.8832315003394433,1087.9648186262589,2167.450101832994,421,107,173,0.6388646091374102,0.10254204988112793,183,"Prince George's, MD"
24031700103,MD,Maryland,Montgomery,24031,5492,4468,-77.1154936,39.2251306,6.2,23.0,13.8,32.6,77.7,8.7,9.1,5.4,78.3,92.0,9.1,73.1,4.6,6.8,73.9,17.7,10.2,20.8,20.5,8.4,5.0,13.4,5.4,43.8,7.3,4.8,4.5,31.1,16.8,81.5,11.5,9.0,24.1,10.3,2.4,4.1,31.0,2.8,5.5,3.2,3.11,40,-0.11366963380837802,-0.6703150254312902,-0.3919923296198341,0.16490708309316524,0.3211133740665309,905.6697003476635,1763.5546503733876,766,1244,1001,-0.29211866058432034,0.08607770426264955,968,"Montgomery, MD"
24031701800,MD,Maryland,Montgomery,24031,4869,3664,-77.0121085,38.9824111,6.9,25.1,12.4,38.4,78.4,7.9,10.5,5.9,80.3,92.5,10.2,68.5,5.3,8.2,66.9,17.8,12.4,23.7,22.0,13.1,10.2,16.6,5.2,42.3,12.0,6.1,6.8,31.9,19.5,79.0,12.6,11.4,30.9,11.3,3.4,7.7,36.3,3.5,7.9,4.4,3.7475,40,0.5652166308716694,-0.37596914263384845,0.09462374411891047,0.2774341836822852,0.6021724372029871,1350.8270403490465,2931.977596741344,373,986,587,0.07392372985228887,0.5238166023384262,575,"Montgomery, MD"
24031700317,MD,Maryland,Montgomery,24031,6673,4952,-77.3037387,39.2378679,7.2,16.5,14.2,26.7,70.2,5.3,9.1,3.5,75.2,90.4,9.6,65.1,3.3,7.1,69.6,17.4,8.3,18.4,23.8,11.2,6.9,12.8,3.7,37.3,10.4,4.7,5.7,33.9,17.0,78.7,12.6,6.9,24.4,9.0,2.1,5.7,34.8,2.0,6.0,3.0,3.1475000000000004,40,-0.8143281010108263,-0.011189436918361002,-0.4127587689645937,0.1601049663215762,0.3061778682959946,1068.380440263878,2043.124915139172,1241,612,1023,-0.34836092528012197,-0.6855324136418829,1027,"Montgomery, MD"
24031701407,MD,Maryland,Montgomery,24031,5578,4484,-77.0147455,39.1081025,6.5,23.2,12.6,35.0,79.0,8.3,9.2,5.5,79.7,92.7,8.7,74.9,4.3,6.2,73.2,16.3,11.4,21.1,21.4,9.4,5.9,13.8,5.3,43.6,8.6,4.8,5.0,31.3,17.4,82.1,11.1,9.5,25.6,10.0,2.6,5.0,32.7,3.0,5.0,3.5,3.1925,40,0.02841798461831935,-0.800396231862958,-0.38598912362231935,0.16629528911757663,0.3251866938221317,927.5951226978424,1813.8913781398508,662,1319,995,-0.3358168017613425,0.12876262834027305,1019,"Montgomery, MD"
24031705300,MD,Maryland,Montgomery,24031,2049,1495,-77.0793222,38.9698497,3.1,25.5,14.2,32.6,79.8,12.6,8.8,5.5,81.3,94.8,6.3,77.3,3.7,3.9,81.3,17.8,8.2,17.3,14.0,3.3,1.9,9.2,5.8,45.8,3.4,3.4,2.4,25.9,11.1,83.8,9.0,7.1,21.8,8.4,1.7,2.2,25.7,2.5,1.8,2.1,2.975,40,-0.300392422322159,-1.346325660089969,-0.823359041206064,0.0651560720496581,0.03394433129667346,133.50479162974946,69.55193482688391,920,1468,1424,-0.6040843724838839,0.13815691512220105,1360,"Montgomery, MD"
24031700732,MD,Maryland,Montgomery,24031,3361,2592,-77.1930288,39.125288,22.0,20.6,12.6,34.3,73.0,4.8,10.0,6.1,73.1,85.6,16.6,63.4,6.4,12.7,53.6,18.0,14.5,32.1,29.8,29.1,20.7,27.4,5.9,40.9,22.7,9.2,12.6,38.7,31.6,74.4,15.8,14.9,32.2,15.1,5.1,12.2,39.0,3.7,14.0,7.8,4.615,40,0.5658565544585002,1.2022660355770378,0.8840612950177691,0.45998696706304393,0.8995247793618466,1546.0161962988907,3023.3027834351665,372,102,149,0.7946087781416636,0.3869515207062894,126,"Montgomery, MD"
24031704300,MD,Maryland,Montgomery,24031,4088,2908,-77.0894389,39.0231982,4.2,21.6,15.8,29.0,75.1,9.2,9.2,4.5,77.9,93.0,7.8,70.8,3.6,5.3,79.3,19.2,7.8,17.6,16.4,5.3,3.2,10.3,4.8,41.3,5.4,4.0,3.4,28.4,12.7,81.6,11.0,7.0,23.6,8.8,1.9,3.3,28.0,2.2,4.2,2.4,3.0,40,-0.5392566975859951,-0.7636236782448996,-0.6514401879154474,0.10491129416709608,0.14120841819416158,428.87737055508876,577.2600135777325,1103,1293,1266,-0.48592172375390696,-0.20821976926291424,1200,"Montgomery, MD"
24031700813,MD,Maryland,Montgomery,24031,6353,4896,-77.2135046,39.1729704,12.7,20.5,13.4,32.4,74.5,6.2,9.4,5.2,75.9,89.5,11.7,65.3,4.7,8.2,61.9,17.2,11.6,24.5,24.0,16.6,11.1,18.2,5.1,40.0,14.4,6.3,7.9,34.1,22.3,79.1,13.1,10.7,29.2,11.5,3.3,8.0,36.5,3.0,9.8,4.9,3.6125,40,0.006580796624265212,0.24961651084660647,0.12809865373543583,0.28517505934364445,0.6232179226069247,1811.7171520101733,3959.3034623217923,678,433,556,0.12052771246196688,-0.008561085922672705,531,"Montgomery, MD"
24031701215,MD,Maryland,Montgomery,24031,4662,3949,-77.116226,39.0295371,6.0,20.9,14.2,29.5,74.9,8.3,9.2,4.9,77.0,91.3,9.0,70.3,4.0,5.9,70.6,18.8,8.7,20.1,18.8,8.4,5.5,12.4,5.3,40.0,7.7,4.8,4.7,30.8,15.6,80.9,11.7,8.2,23.9,9.3,2.2,4.6,31.3,2.5,8.6,3.1,3.385,40,-0.40195514915273384,-0.37618012122362443,-0.3890676351881791,0.16558340145226647,0.3224711473183978,771.9498175704663,1503.3604887983706,1007,987,999,-0.27767534470359173,-0.17917056818355903,950,"Montgomery, MD"
24031705400,MD,Maryland,Montgomery,24031,2904,2178,-77.0836487,38.9786948,3.5,24.1,14.5,31.5,78.5,11.1,9.0,5.2,80.1,94.1,6.9,75.0,3.8,4.5,77.7,18.2,8.4,17.4,15.1,4.2,2.4,9.8,5.3,44.7,4.1,3.6,2.8,26.9,11.9,83.0,9.7,7.2,22.4,8.7,1.8,2.5,27.7,2.4,2.0,2.3,3.0825000000000005,40,-0.34743235455356214,-1.1202882975930786,-0.7338603260733203,0.08585212272254689,0.08689748811948404,249.31456438627615,252.35030549898167,958,1451,1346,-0.5409531742481272,0.03838194909682425,1268,"Montgomery, MD"
24031701509,MD,Maryland,Montgomery,24031,7181,5138,-76.9767518,39.0331015,15.7,20.4,12.5,35.6,73.0,4.6,10.9,5.3,75.8,87.3,15.1,62.1,5.7,11.6,56.2,18.2,13.5,29.1,27.9,27.4,22.4,23.9,4.7,37.7,22.8,8.8,12.7,37.6,27.7,78.3,15.9,13.3,35.2,13.3,4.8,14.1,40.9,3.6,16.6,6.9,4.422499999999999,40,0.5464232644472635,0.8406322956780858,0.6935277800626747,0.41592721408731026,0.8628649015614392,2986.773324360975,6196.232858112695,380,175,203,0.5750468573838469,0.3094614190896079,210,"Montgomery, MD"
24031701218,MD,Maryland,Montgomery,24031,3050,2694,-77.1197203,39.05568,7.1,23.4,12.6,33.2,78.6,9.6,8.9,6.1,78.6,91.7,9.1,72.1,4.4,5.7,69.8,16.8,9.9,23.2,20.4,8.9,5.6,13.7,6.6,41.6,8.0,5.4,4.9,31.8,18.0,80.7,11.1,10.1,23.2,9.8,2.4,4.5,32.1,3.2,6.5,3.6,3.425,40,-0.04316950276670271,-0.5391239896655082,-0.2911467462161055,0.1882270302138029,0.3890020366598778,574.0924421520989,1186.4562118126273,708,1146,901,-0.21869599394699152,0.10173200177152518,876,"Montgomery, MD"
24031700210,MD,Maryland,Montgomery,24031,9416,6323,-77.2461554,39.224043,6.2,15.2,13.2,26.3,70.8,4.8,8.3,3.2,76.1,91.4,8.1,63.8,2.7,6.1,70.6,15.3,8.5,16.2,23.4,10.0,5.8,11.7,3.3,38.1,8.9,4.0,5.0,32.6,16.2,81.1,11.0,6.2,22.3,8.1,1.9,5.0,34.8,1.9,3.1,2.8,3.225,40,-1.0419912039107266,-0.24690561982213963,-0.6444484118664331,0.1065281011926413,0.14731839782756279,1003.0686008299106,1387.1500339443312,1317,858,1257,-0.5819928250038411,-0.9170800301855426,1326,"Montgomery, MD"
24031701602,MD,Maryland,Montgomery,24031,6790,4712,-76.9847238,39.0107123,26.0,17.9,12.9,32.1,69.7,3.7,9.7,5.4,71.2,83.6,17.5,51.8,5.7,12.9,46.2,17.7,14.1,32.4,30.5,33.7,24.6,28.7,5.4,38.6,26.1,9.5,14.5,39.4,33.3,71.7,16.2,14.2,33.1,14.9,5.1,14.1,40.7,3.4,15.9,8.5,5.045,40,0.27711926689830096,1.9823784855247426,1.1297488762115218,0.5168007729656617,0.9545145960624576,3509.077248436843,6481.154107264087,522,28,68,1.0323483925663295,0.08231829960791627,53,"Montgomery, MD"
24031701202,MD,Maryland,Montgomery,24031,2785,2119,-77.1001237,39.0386325,4.0,23.1,14.7,30.6,77.7,10.5,8.8,5.0,79.4,93.8,7.1,75.4,3.6,4.5,79.1,18.0,8.3,17.6,15.8,4.5,2.6,10.0,5.4,43.4,4.6,3.7,3.0,27.5,12.4,82.5,9.9,7.2,22.4,8.6,1.8,2.8,27.6,2.4,2.4,2.4,2.815,40,-0.44417142296595125,-1.0578522911697579,-0.7510118570678546,0.08188593221295111,0.06924643584521385,228.05232121306884,192.85132382892058,1044,1430,1372,-0.5717063948376417,-0.08556049850552572,1311,"Montgomery, MD"
24031700822,MD,Maryland,Montgomery,24031,1771,1317,-77.2271642,39.138353,15.3,20.7,12.6,33.2,73.2,5.3,10.0,5.4,74.6,87.4,14.4,61.5,5.8,11.4,57.2,18.5,13.0,28.3,27.4,23.3,17.1,22.4,5.5,40.3,18.7,8.0,10.4,36.8,27.7,76.0,15.3,12.7,30.4,13.4,4.0,10.6,38.3,3.3,10.4,6.2,4.095,40,0.301345737446765,0.7576771184933937,0.5295114279700793,0.37799939882140343,0.8099117447386287,669.4369353127055,1434.3536999321113,504,203,281,0.48716944222028985,0.21666176594718597,247,"Montgomery, MD"
24031701417,MD,Maryland,Montgomery,24031,6168,4801,-76.9381795,39.0769598,10.4,17.9,12.9,32.9,70.5,3.9,11.3,4.0,76.4,88.2,13.5,64.3,4.4,10.1,61.2,18.4,11.0,24.7,27.9,22.6,18.4,19.2,3.5,34.7,20.1,7.5,11.0,38.2,22.9,80.5,16.0,10.3,33.5,11.1,3.7,12.6,41.6,2.9,8.7,5.2,4.1925,40,0.04778439298678186,0.33776963072050875,0.19277701185364532,0.30013154866383557,0.659877800407332,1851.2113921585378,4070.1262729124237,653,372,502,0.10317088624408112,-0.1314278582323465,545,"Montgomery, MD"
24031704804,MD,Maryland,Montgomery,24031,1886,1689,-77.093526,38.9834063,4.6,19.1,16.0,26.9,73.8,8.1,9.0,4.1,76.3,91.5,7.9,74.9,3.1,4.6,77.0,19.2,7.3,17.3,17.0,5.8,3.5,9.9,4.5,38.2,5.9,3.9,3.7,29.9,12.6,81.7,11.3,6.4,23.0,8.0,1.7,3.6,28.6,2.1,3.1,2.4,2.892499999999999,40,-0.7724631584472359,-0.7060895490871655,-0.7392763537672007,0.0845996982220156,0.0835030549898167,159.55503084672142,157.4867617107943,1219,1267,1351,-0.5925293294484443,-0.47896910980972307,1338,"Montgomery, MD"
24021767500,MD,Maryland,Frederick,24021,2792,2305,-77.3204795,39.6455539,7.5,31.9,14.5,38.8,79.6,11.3,10.0,7.4,79.7,90.2,12.3,69.3,7.5,11.3,64.4,22.0,12.1,27.4,22.8,9.7,7.1,17.1,7.7,43.9,8.4,6.8,5.4,32.0,22.4,72.0,15.7,12.6,34.7,12.7,3.3,5.3,34.7,3.6,9.8,3.9,3.82,40,1.0439637648069537,-0.04296573149834462,0.5004990166543045,0.3712904496052789,0.803122878479294,1036.6429352979387,2242.3190767141887,176,652,291,0.556403333616023,1.1557723987303907,217,"Frederick, MD"
24021765100,MD,Maryland,Frederick,24021,4288,3466,-77.4251109,39.4049463,11.8,27.0,14.5,36.9,76.1,7.9,10.0,6.3,77.8,87.9,13.7,69.6,6.6,11.8,63.9,21.0,12.8,27.9,25.7,16.2,12.6,19.6,6.4,39.5,14.2,7.6,8.3,34.0,25.6,77.8,16.7,12.8,38.4,12.6,3.8,9.0,36.8,3.5,10.8,5.0,4.3025,40,0.8029243171377708,0.15069706173641434,0.4768106894370926,0.36581266347487196,0.7970128988458928,1568.604700980251,3417.591310251188,266,499,300,0.44440381651310534,0.7381105712897963,274,"Frederick, MD"
24031701507,MD,Maryland,Montgomery,24031,5133,4140,-77.013595,39.0833905,5.6,24.0,11.3,36.7,81.2,8.9,8.8,5.8,81.5,93.7,7.6,75.9,4.0,5.2,75.0,14.7,11.8,20.8,21.0,8.1,4.9,13.0,5.6,45.0,7.3,4.5,4.3,30.6,17.2,82.5,9.8,9.6,23.9,9.4,2.4,4.2,31.4,3.2,4.8,3.3,2.9399999999999995,40,0.05651673430150155,-1.0283618717250171,-0.4859225687117578,0.14318626860907221,0.2654446707399864,734.9751167703677,1362.5274949083503,648,1417,1083,-0.4386857044710987,0.1509904627828197,1131,"Montgomery, MD"
24031700725,MD,Maryland,Montgomery,24031,6270,4474,-77.1884889,39.1450647,24.3,16.2,14.6,29.0,65.4,3.5,10.2,4.5,69.8,82.6,18.0,55.4,5.2,12.5,56.1,19.6,11.6,31.0,28.8,31.7,23.7,26.6,4.8,35.4,25.8,9.4,14.5,39.3,30.0,72.6,17.2,12.3,33.7,14.2,4.7,14.3,38.4,2.8,13.3,7.7,5.0475,40,-0.054537762458655284,1.8221758437661988,0.8838190406537717,0.4599309471683942,0.8988458927359131,2883.767038745832,5635.763747454175,714,38,150,0.825336941347973,-0.17150196107025287,113,"Montgomery, MD"
24031700615,MD,Maryland,Montgomery,24031,2895,2153,-77.2599373,39.0993888,4.8,22.5,14.3,31.6,77.0,8.9,9.1,5.1,78.6,92.9,8.2,70.9,4.1,6.2,76.7,18.2,9.5,18.7,18.6,6.7,4.1,11.8,5.1,43.6,6.3,4.2,3.9,29.3,14.7,82.4,11.0,7.9,23.9,9.5,2.1,3.7,30.0,2.5,3.3,2.7,3.3075,40,-0.2781835671317965,-0.8052650722802037,-0.5417243197060001,0.13028244239771425,0.22606924643584522,377.1676707413827,654.4704684317719,900,1324,1141,-0.4101369636454082,-0.0150088550106127,1094,"Montgomery, MD"
24031701317,MD,Maryland,Montgomery,24031,4494,3447,-77.0496568,39.1984774,5.4,23.2,14.2,32.5,77.2,8.9,9.4,5.3,78.3,92.1,9.2,72.0,4.6,6.9,72.0,18.6,9.9,20.7,19.7,8.0,5.0,13.1,5.4,43.2,7.2,4.9,4.5,30.7,16.3,79.6,11.8,8.9,24.7,10.2,2.4,4.2,31.8,2.7,6.4,3.1,3.1275,40,-0.10501127891302706,-0.5549781693914296,-0.32999472415222836,0.17924366415415863,0.3591310251188052,805.5210267087889,1613.9348268839105,759,1163,945,-0.21991631106059817,0.11514554727023331,878,"Montgomery, MD"
24031700729,MD,Maryland,Montgomery,24031,2579,1938,-77.1725951,39.1562999,13.3,18.8,13.3,31.7,72.4,4.8,9.5,4.7,74.4,87.9,12.9,62.3,4.8,10.2,60.8,17.5,12.0,25.2,27.2,19.9,13.5,19.8,4.7,39.4,16.4,6.8,9.1,36.3,24.8,78.2,14.4,10.8,29.0,12.0,3.5,9.1,37.8,2.9,7.5,5.2,3.4799999999999995,40,-0.07189114454807025,0.4923349451418502,0.21022190029688997,0.3041655763553928,0.6666666666666666,784.4430214205581,1719.3333333333333,732,297,492,0.18578242340853338,-0.12077009832478346,477,"Montgomery, MD"
24031701304,MD,Maryland,Montgomery,24031,6045,4582,-77.0758148,39.169024,5.6,24.4,14.3,33.1,77.9,10.0,9.3,5.7,78.7,92.5,8.9,74.2,4.7,6.5,76.4,18.9,9.7,21.1,18.0,7.3,4.7,12.8,5.9,43.4,6.7,4.8,4.2,29.5,15.8,82.0,11.5,9.1,25.1,10.2,2.4,4.1,29.3,2.8,3.8,3.1,3.1325,40,-0.02214227795512458,-0.8274774627926356,-0.42480987037388007,0.15731822010895416,0.30074677528852684,950.9886405586279,1818.0142566191448,695,1341,1031,-0.29899730922744366,0.22948284433774824,975,"Montgomery, MD"
24031703216,MD,Maryland,Montgomery,24031,3889,3487,-77.0705409,39.0976145,10.1,40.6,6.6,54.0,87.8,14.6,10.0,13.0,86.8,94.6,11.1,77.2,10.8,8.4,63.1,15.9,20.6,38.0,20.1,15.7,13.6,25.4,12.5,53.6,10.6,9.8,7.4,30.2,30.5,80.1,10.7,23.0,30.0,16.3,5.8,7.3,32.5,7.0,12.5,8.0,4.5825000000000005,40,2.969396904173534,-0.8159961226249383,1.0767003907742978,0.504533623195965,0.9443312966734555,1962.1312606091078,3672.5044127630686,3,1333,83,0.9345902597916769,2.685176642208292,74,"Montgomery, MD"
24031701214,MD,Maryland,Montgomery,24031,3718,3142,-77.0984854,39.0295353,5.5,15.8,16.9,23.9,69.1,6.1,8.9,3.3,74.2,90.4,8.5,71.4,2.7,5.2,73.2,18.8,6.5,16.3,19.4,7.1,4.2,9.9,3.7,35.3,7.3,3.9,4.3,31.8,12.9,82.4,12.0,5.5,22.9,7.7,1.6,4.1,31.6,1.7,3.6,2.3,2.8425,40,-1.1005725706850673,-0.37967238771115003,-0.7401224791981087,0.08440403670030863,0.08214528173794976,313.8142084517475,305.41615750169717,1330,989,1353,-0.6201182706483609,-0.8605641535855717,1378,"Montgomery, MD"
24033800209,MD,Maryland,Prince George's,24033,4788,3487,-76.8499027,39.0865559,17.3,20.5,13.8,33.8,69.5,4.3,11.5,4.4,74.2,86.3,14.8,63.7,5.0,11.3,50.1,16.2,12.5,28.3,27.9,26.8,19.3,21.8,4.2,32.1,23.8,8.4,12.5,38.3,28.5,79.5,16.2,12.9,42.8,12.6,4.2,14.0,46.0,3.1,16.2,6.1,4.387499999999999,40,0.45999303970741245,1.00719686511018,0.7335949524087961,0.4251925116724743,0.869653767820774,2035.8217458878069,4163.902240325866,418,135,193,0.5373288427254376,0.06746082034069517,221,"Prince George's, MD"
24031701900,MD,Maryland,Montgomery,24031,3395,2530,-76.9999195,38.9927913,23.3,18.6,14.7,31.3,66.1,4.1,11.0,5.4,69.9,81.5,19.8,53.9,7.0,15.3,51.1,22.3,12.2,33.8,27.0,33.7,29.1,28.9,5.6,36.1,26.6,11.2,16.0,38.3,31.1,73.0,18.8,14.1,36.1,15.7,5.7,16.5,39.1,3.4,18.3,8.8,4.8825,40,0.47970149926135813,2.037639455888056,1.258670477574707,0.5466131338546985,0.9674134419551935,1855.7515894367014,3284.368635437882,408,27,49,1.1856447692573593,0.3336500826266623,31,"Montgomery, MD"
24031704501,MD,Maryland,Montgomery,24031,3742,2769,-77.1345988,39.01776,4.5,20.9,14.5,29.7,76.8,8.9,8.5,4.6,78.7,93.5,7.1,72.9,3.2,4.5,76.3,16.7,8.5,17.3,17.8,5.3,2.9,10.1,4.9,42.0,5.4,3.7,3.3,28.9,13.3,81.1,9.9,7.0,22.0,8.3,1.8,3.1,29.8,2.3,4.8,2.5,2.9025,40,-0.6190027647389471,-0.8104164120043621,-0.7147095883716545,0.09028061800663024,0.10047522063815342,337.8300725808104,375.9782756279701,1148,1331,1326,-0.5744894941419297,-0.33856257627949743,1318,"Montgomery, MD"
24031700616,MD,Maryland,Montgomery,24031,4573,3518,-77.2504363,39.1126374,4.4,20.4,13.3,30.2,77.4,8.0,8.4,4.6,79.0,93.1,7.2,71.5,3.3,4.9,76.6,16.2,9.4,17.0,19.1,6.1,3.3,10.6,4.6,43.2,5.6,3.7,3.5,29.6,14.2,81.6,10.0,7.0,21.4,8.4,1.8,3.2,30.1,2.3,2.6,2.5,2.9375000000000004,40,-0.5972590554289257,-0.8496649896268489,-0.7234620225278873,0.0882566691651318,0.09504412763068568,403.59774809214775,434.6367956551256,1137,1351,1334,-0.5989517033717842,-0.3482384171167193,1349,"Montgomery, MD"
24031700836,MD,Maryland,Montgomery,24031,1521,1210,-77.214609,39.1044461,5.8,16.7,14.4,26.4,72.5,5.7,8.6,3.5,76.2,91.6,8.2,69.9,2.8,5.4,75.0,16.7,8.4,16.7,21.6,8.2,4.4,10.9,3.6,38.4,8.0,3.9,4.5,32.2,15.1,81.7,11.3,6.3,22.8,8.3,1.8,4.4,32.1,1.9,3.1,2.7,2.91,40,-0.937605568266846,-0.5078514858730432,-0.7227285270699446,0.08842628566904921,0.09572301425661914,134.49638050262385,145.59470468431772,1283,1123,1333,-0.6338404598887427,-0.7598294339044422,1393,"Montgomery, MD"
24031701212,MD,Maryland,Montgomery,24031,2723,2170,-77.1290395,39.1206316,6.2,23.4,13.8,32.7,77.9,9.4,9.0,5.6,78.5,92.5,8.8,74.0,4.5,6.5,72.6,17.7,9.9,20.9,19.8,7.7,4.6,13.0,5.8,43.9,7.0,4.7,4.2,30.5,16.3,80.4,11.2,8.9,23.7,10.1,2.3,3.9,30.7,2.8,4.9,3.1,3.25,40,-0.12118600468512052,-0.6824239587336485,-0.4018049817093845,0.16263796509991188,0.3143245078071962,442.86317896706004,855.9056347589952,771,1249,1011,-0.2868151963465164,0.10879356604061562,962,"Montgomery, MD"
24031703206,MD,Maryland,Montgomery,24031,3951,3210,-77.0546839,39.0724469,8.6,21.0,13.2,33.0,77.0,7.2,9.0,5.1,78.0,91.6,9.3,72.6,4.1,6.5,70.6,15.9,11.0,21.4,22.6,11.1,6.7,14.7,5.0,41.7,10.1,5.0,5.6,32.4,18.5,79.7,11.4,9.3,25.9,10.0,2.6,5.5,33.6,2.8,6.5,3.7,3.3975,40,-0.16718551824704317,-0.42328526317169235,-0.2952353907093678,0.18728155525932477,0.38357094365241007,739.9494248295922,1515.4887983706722,812,1044,909,-0.2633393526039325,-0.10339344203617268,933,"Montgomery, MD"
24031700310,MD,Maryland,Montgomery,24031,6962,5438,-77.283306,39.1826275,10.5,17.6,14.5,28.7,69.6,5.0,10.1,3.9,74.2,88.4,12.3,65.6,4.2,9.0,63.7,18.8,9.3,22.5,25.7,16.4,11.3,16.5,4.0,36.4,14.7,6.2,8.1,36.2,20.3,80.6,14.6,8.8,28.4,10.6,2.9,8.3,37.4,2.4,5.7,4.1,3.7325,40,-0.39336795983092954,0.22375682232985974,-0.0848055687505349,0.23594221202839205,0.4955872369314325,1642.6296801416654,3450.278343516633,1001,456,744,-0.07123713968466237,-0.3662311016991845,733,"Montgomery, MD"
24031700306,MD,Maryland,Montgomery,24031,7833,5611,-77.2864135,39.1703788,7.4,17.7,13.9,28.9,72.3,5.3,9.2,3.7,76.2,90.9,9.7,66.2,3.5,7.4,71.3,16.9,9.5,19.2,24.3,11.7,7.1,13.7,3.7,38.8,10.9,4.8,5.9,33.9,18.0,81.4,12.5,7.7,25.6,9.5,2.3,6.0,35.0,2.2,5.3,3.3,3.3275,40,-0.6098498786020181,-0.2344466025458315,-0.4221482405739248,0.15793370632158465,0.30210454854039376,1237.0947216169725,2366.384928716904,1145,845,1029,-0.37860525063230366,-0.5227638987187758,1057,"Montgomery, MD"
24031705000,MD,Maryland,Montgomery,24031,5311,4260,-77.0906078,38.9984654,5.2,18.3,16.8,25.4,73.0,8.0,8.8,4.1,75.3,89.9,8.6,71.6,3.1,4.5,75.2,18.5,6.6,18.2,18.0,5.9,3.2,9.9,4.7,36.7,5.6,4.1,3.9,31.8,12.5,81.0,11.5,6.4,21.1,8.0,1.7,3.2,28.6,2.0,3.4,2.5,2.952500000000001,40,-0.9100526091331506,-0.47024259457046913,-0.6901476018518098,0.09596043270438942,0.11473183978275628,509.64585809301224,609.3408010862186,1275,1081,1305,-0.5514507552288586,-0.632658915887248,1281,"Montgomery, MD"
24021775302,MD,Maryland,Frederick,24021,5722,4187,-77.623296,39.3408448,6.8,24.7,16.5,32.4,74.6,8.2,9.8,4.9,78.1,90.1,10.9,69.0,4.9,9.3,70.3,21.4,9.6,21.5,22.5,9.1,6.5,13.6,5.1,38.2,9.1,5.4,5.4,31.8,18.3,76.2,15.3,8.8,34.3,10.2,2.5,5.8,34.9,2.6,7.1,3.1,3.5749999999999997,40,0.08486655744093217,-0.17477589756624742,-0.044954670062657624,0.24515749760406982,0.5193482688391039,1402.7912012904876,2971.7107942973525,631,779,709,0.0195916070389517,0.21395911164415082,634,"Frederick, MD"
24031700810,MD,Maryland,Montgomery,24031,5277,4045,-77.2051429,39.1885123,10.6,20.3,13.7,31.5,74.4,6.5,9.5,4.8,76.3,90.2,11.0,69.9,4.4,7.8,68.6,17.4,10.6,22.8,23.8,14.0,8.9,16.2,4.8,39.9,12.6,5.7,6.9,34.1,20.3,80.3,13.0,9.7,27.8,10.8,2.9,6.9,34.7,2.7,6.1,4.1,3.2625,40,-0.16327958850067845,-0.146634720523074,-0.15495715451187622,0.21972007105634753,0.46028513238289204,1159.4628149643459,2428.924643584521,810,742,796,-0.13172149800191274,-0.11680827548075151,783,"Montgomery, MD"
24031706010,MD,Maryland,Montgomery,24031,3147,2334,-77.1669436,39.0254825,4.6,22.5,12.7,32.0,78.5,9.4,8.7,5.1,80.0,93.6,7.4,71.0,3.6,4.9,75.8,16.2,9.5,18.8,18.9,6.3,3.6,11.3,5.4,43.5,6.0,4.1,3.7,29.5,14.7,83.2,9.9,8.0,22.3,8.9,2.0,3.5,30.3,2.6,4.0,2.8,3.0024999999999995,40,-0.3615792090765926,-0.9139535667805316,-0.6377663879285621,0.10807327986711189,0.15342837746096402,340.10661174180115,482.8391038696538,966,1382,1248,-0.5162458797955545,-0.11853819281057741,1238,"Montgomery, MD"
24031704803,MD,Maryland,Montgomery,24031,4318,3661,-77.0964429,38.9779198,5.5,17.2,16.2,25.0,70.6,6.6,9.3,3.5,75.2,90.7,8.7,70.2,3.0,5.0,76.1,19.8,7.0,17.2,18.1,7.3,4.6,10.5,3.8,36.1,7.4,4.2,4.5,31.3,13.2,82.3,12.2,6.1,23.9,8.1,1.8,4.4,30.1,1.9,2.7,2.6,2.98,40,-0.905549496136868,-0.46735481682662766,-0.6864521564817478,0.09681498267780812,0.11608961303462322,418.0470952027755,501.27494908350303,1270,1077,1303,-0.5610146104782446,-0.6546744041298616,1296,"Montgomery, MD"
24031702700,MD,Maryland,Montgomery,24031,7380,5315,-77.0552841,38.9992707,9.4,21.3,13.7,33.2,74.2,6.5,10.1,5.2,76.8,89.8,11.4,66.9,5.0,8.5,65.1,18.8,11.1,23.8,21.5,15.2,11.7,17.5,5.0,39.6,13.0,6.5,7.7,32.5,20.3,80.0,13.4,10.5,30.0,11.3,3.4,8.3,35.5,3.0,6.8,4.7,3.6125,40,0.1255144237303224,-0.02313844791170154,0.05118798790931043,0.26738992092168784,0.5763747454175153,1973.3376164020563,4253.645621181263,609,627,625,0.05303815434915748,0.1292147566100165,602,"Montgomery, MD"
24031703213,MD,Maryland,Montgomery,24031,6321,4517,-77.0755351,39.0891297,21.6,17.7,13.9,31.0,66.9,3.6,11.0,4.6,71.2,83.4,18.3,55.6,5.7,13.6,52.1,20.1,12.1,31.6,30.0,32.5,25.6,26.5,4.7,35.4,26.7,9.9,15.0,39.9,30.4,75.3,18.2,13.0,35.1,14.5,5.0,15.6,41.1,3.1,14.4,7.8,4.6875,40,0.22523444795084616,1.6545715617652137,0.9399030048580299,0.4729000335221619,0.9144602851323829,2989.2011118935857,5780.303462321792,549,49,127,0.8526071743053845,0.05064278684555517,103,"Montgomery, MD"
24031701427,MD,Maryland,Montgomery,24031,3468,2575,-76.9157945,39.1002506,7.7,18.6,12.6,32.3,74.3,4.9,9.9,4.1,77.7,90.7,10.3,68.0,3.8,7.7,67.7,16.0,10.9,20.9,26.3,14.5,9.7,15.3,3.6,38.6,13.3,5.5,7.1,35.5,19.6,81.5,12.9,9.0,27.9,9.9,2.8,7.6,37.6,2.7,6.1,3.9,3.61,40,-0.24188806779753752,-0.2549362094540136,-0.24841213862577555,0.19810915648638341,0.41004752206381534,687.0425546947777,1422.0448065173116,875,864,870,-0.2779095145373544,-0.30088281962069524,951,"Montgomery, MD"
24031703100,MD,Maryland,Montgomery,24031,4481,3422,-77.0220358,39.0264084,11.4,22.2,13.8,32.8,75.1,7.0,9.7,5.5,76.3,90.1,11.7,69.2,5.2,8.9,68.6,18.8,11.5,24.9,22.5,15.0,10.3,18.2,5.5,41.4,12.8,6.5,7.2,33.0,21.6,80.2,13.3,11.2,28.8,12.0,3.4,7.2,33.6,3.1,6.3,4.8,3.535,40,0.15074497071326828,-0.10812657100318057,0.021309199855043856,0.26048062718827014,0.5532926001357773,1167.2136904306385,2479.304141208418,596,710,659,0.046482580309913785,0.20109173162300814,610,"Montgomery, MD"
24031700206,MD,Maryland,Montgomery,24031,5708,4369,-77.1784846,39.2473445,6.9,22.0,15.5,30.4,74.8,8.3,9.6,5.0,76.5,91.1,10.1,72.3,4.6,7.5,77.5,19.7,9.1,21.0,19.9,8.9,5.6,13.6,5.1,41.5,8.2,5.1,4.9,31.4,16.2,81.1,12.7,8.6,25.7,10.5,2.5,4.6,29.8,2.6,4.0,3.2,3.4275,40,-0.20723605355729988,-0.5488151189730424,-0.37802558626517113,0.168136810221366,0.3292600135777325,959.7249127435572,1879.4161575016972,852,1155,989,-0.26526373835034983,0.01828764227234266,936,"Montgomery, MD"
24031700604,MD,Maryland,Montgomery,24031,6725,5236,-77.3117792,39.0887088,4.5,22.7,14.2,31.3,77.7,9.4,8.9,5.1,79.0,93.1,7.9,74.8,4.0,5.6,77.8,17.6,9.3,18.6,18.4,6.0,3.4,11.3,5.2,44.1,5.6,4.1,3.5,29.4,14.2,80.4,10.6,7.8,22.6,9.3,2.0,3.2,29.2,2.5,3.3,2.6,2.93,40,-0.33521342777902025,-0.8815111373855907,-0.6083622825823055,0.11487280602047054,0.17718940936863545,772.5196204876644,1191.5987780040734,949,1366,1213,-0.4637472679988611,-0.04598339861213156,1167,"Montgomery, MD"
24031700104,MD,Maryland,Montgomery,24031,5486,4200,-77.17381,39.1893001,10.0,20.8,13.9,32.2,74.4,6.5,9.8,4.9,76.6,90.3,11.1,68.5,4.6,8.1,67.6,18.0,10.8,22.9,23.4,14.2,9.5,16.5,4.7,40.1,12.8,5.9,7.1,33.7,20.1,79.6,13.2,9.8,28.7,11.1,3.0,7.2,35.5,2.8,6.3,4.2,3.5275000000000007,40,-0.04958670832023371,-0.09883979261350134,-0.07421325046686753,0.23839162323632954,0.5003394433129668,1307.816445074504,2744.8621860149356,711,702,737,-0.0555946864244717,-0.012349580235442052,716,"Montgomery, MD"
24031702503,MD,Maryland,Montgomery,24031,4014,3700,-77.0281693,38.997102,7.1,15.5,15.9,26.4,67.9,4.6,10.2,3.2,74.5,88.8,10.6,73.3,3.1,6.4,70.6,19.5,7.4,19.5,22.4,12.3,8.9,12.6,3.3,32.1,12.1,5.3,6.8,35.2,15.8,82.9,14.1,6.9,27.8,8.5,2.2,7.3,34.6,2.1,4.5,3.3,3.4925000000000006,40,-0.7449703332114092,-0.22274514911792773,-0.48385774116466845,0.14366374781625363,0.26748133061778684,576.6662837344421,1073.6700610997964,1208,829,1080,-0.4609363622807525,-0.6991275754435773,1159,"Montgomery, MD"
24033800401,MD,Maryland,Prince George's,24033,2592,2086,-76.7251021,38.9947113,7.4,26.3,13.7,35.9,77.1,8.6,10.5,5.4,78.4,91.5,10.1,72.8,5.0,8.2,67.0,16.0,11.7,23.5,21.9,11.4,7.0,14.9,5.4,38.6,10.8,5.8,5.9,32.5,20.6,80.5,12.6,11.5,34.7,11.1,2.9,6.2,37.9,3.1,7.8,3.7,3.6025000000000005,40,0.4620883335015221,-0.41497738185139055,0.023555475825065786,0.2610000652744137,0.5560081466395111,676.5121691912803,1441.173116089613,417,1035,655,-0.032563047035510634,0.3498512877803693,691,"Prince George's, MD"
24031700315,MD,Maryland,Montgomery,24031,6324,4280,-77.2450077,39.2433948,6.0,15.8,13.3,27.2,72.2,4.9,8.4,3.4,76.6,91.6,8.2,64.0,2.9,6.3,75.4,15.3,9.1,16.5,23.7,9.7,5.4,11.9,3.4,39.4,8.7,4.0,4.9,32.8,16.6,81.5,11.0,6.5,22.3,8.4,1.9,4.7,32.8,2.0,4.2,2.8,3.2300000000000004,40,-0.9317530899547837,-0.35466333056108656,-0.6432082102579351,0.10681489050906896,0.1493550577053632,675.4973675793522,944.5213849287169,1282,955,1254,-0.5813516015770599,-0.8080398725930332,1324,"Montgomery, MD"
24031701313,MD,Maryland,Montgomery,24031,3785,2869,-77.0777344,39.1351468,7.4,23.0,13.6,32.8,76.8,8.5,9.5,5.4,78.1,91.7,9.8,72.0,4.8,7.3,73.0,18.2,10.5,21.9,20.7,10.1,6.6,14.7,5.4,42.9,8.9,5.3,5.3,31.5,17.9,82.4,12.0,9.6,25.8,10.7,2.7,5.1,31.6,2.9,6.2,3.6,3.56,40,-0.0030416039472964257,-0.5735157310238028,-0.28827866748554964,0.1888902565255257,0.39035980991174474,714.9496209491148,1477.5118805159539,681,1181,899,-0.20847299432379018,0.15656974237622245,861,"Montgomery, MD"
24033800517,MD,Maryland,Prince George's,24033,5622,4528,-76.7643572,38.912238,6.0,26.3,11.1,42.1,79.9,6.3,11.8,4.9,82.5,93.1,9.2,77.0,4.3,7.0,72.1,13.4,14.6,22.3,24.4,13.9,9.2,15.5,3.6,37.5,13.7,5.7,7.2,33.8,20.4,85.4,12.0,12.1,40.5,10.3,3.4,8.5,40.9,3.6,6.7,4.1,3.4925000000000006,40,0.8812082157313328,-0.9803798104761164,-0.04958579737239183,0.24408657669383438,0.5166327223353699,1372.2547341727368,2904.50916496945,235,1402,713,-0.2554112671918247,0.46955727609246695,923,"Prince George's, MD"
24031705800,MD,Maryland,Montgomery,24031,6489,4866,-77.1596982,38.9660822,3.9,23.1,14.5,31.0,77.8,10.3,9.0,5.0,79.6,93.8,7.2,74.5,3.7,4.7,78.6,18.0,8.5,17.6,16.1,4.7,2.7,10.2,5.2,43.7,4.7,3.8,3.1,27.7,12.5,81.9,10.0,7.2,22.8,8.8,1.9,2.9,27.9,2.4,2.7,2.4,2.8274999999999992,40,-0.39487307238738817,-1.0149245874350474,-0.7048988299112178,0.09254929810930568,0.10522742701968771,600.5523954312846,682.8207739307535,1005,1412,1319,-0.5331677948041242,-0.051411002173201,1254,"Montgomery, MD"
24033800411,MD,Maryland,Prince George's,24033,4877,3797,-76.8124995,39.0245929,7.7,23.4,12.4,37.5,76.0,5.9,11.1,4.5,79.6,91.5,9.9,72.8,4.3,8.0,65.4,14.0,12.8,22.1,25.3,15.2,9.9,15.5,3.8,36.1,14.7,5.7,7.5,34.6,21.2,83.0,12.7,10.9,38.5,10.3,3.1,8.7,42.4,3.0,9.1,3.9,3.525,40,0.4428404184859847,-0.42493799467341753,0.00895121190628359,0.25762291527114206,0.5471826205023761,1256.4269577773598,2668.609640190088,425,1045,668,-0.1491670018623224,0.12660399094877273,806,"Prince George's, MD"
24031700105,MD,Maryland,Montgomery,24031,6406,4887,-77.1631963,39.1753881,9.6,18.7,14.5,29.6,72.7,5.6,9.6,4.1,75.5,90.0,10.9,68.4,4.0,7.9,68.6,17.7,9.9,21.4,24.6,13.3,8.2,15.4,4.1,38.9,12.2,5.4,6.6,34.8,19.2,78.8,13.3,8.7,27.0,10.4,2.7,6.5,35.2,2.5,5.7,3.8,3.265,40,-0.3838622188303721,-0.04069539790471402,-0.21227880836754304,0.20646477626143214,0.4290563475899525,1322.6133567307343,2748.5349626612356,989,649,842,-0.18102201738953144,-0.32134863687434884,835,"Montgomery, MD"
24031702000,MD,Maryland,Montgomery,24031,5438,3853,-76.9932806,38.9951964,31.0,19.2,13.1,33.7,69.5,3.9,10.1,6.1,70.2,82.1,19.8,52.8,6.7,14.7,46.3,18.4,15.3,36.3,31.4,38.7,29.4,33.2,6.1,39.4,29.6,11.0,16.7,40.2,36.6,72.8,17.1,16.6,35.5,16.9,6.3,16.2,40.2,3.8,21.4,10.2,4.775,40,0.6520448868930587,2.2850408007096803,1.4685428438013695,0.5951448822694527,0.9837067209775967,3236.397869781284,5349.397148676171,334,18,25,1.34194127629872,0.39884175188775955,21,"Montgomery, MD"
24031700828,MD,Maryland,Montgomery,24031,2258,1821,-77.2239047,39.1085173,4.0,20.5,13.1,29.9,77.5,8.0,8.5,4.6,79.0,92.9,7.4,70.8,3.4,4.9,78.9,16.5,9.5,17.2,19.2,6.1,3.2,10.7,4.6,43.7,5.3,3.8,3.5,30.0,14.3,82.0,10.1,7.1,20.6,8.6,1.9,3.0,28.6,2.3,2.8,2.6,3.0075,40,-0.5915699250046845,-0.8763600572047322,-0.7339649911047084,0.08582791955057872,0.08621860149355058,193.79944234520676,194.6816021724372,1131,1362,1347,-0.6009230753359798,-0.3254860934672274,1353,"Montgomery, MD"
24031700839,MD,Maryland,Montgomery,24031,4931,4091,-77.1998813,39.1151984,5.7,14.4,16.0,23.4,68.0,5.0,8.7,3.0,73.9,90.0,8.6,68.1,2.6,5.3,73.5,17.8,6.9,16.0,21.1,8.1,4.7,10.3,3.3,35.0,7.9,3.9,4.7,32.8,13.7,82.8,11.9,5.4,22.4,7.7,1.6,4.4,32.5,1.7,2.6,2.5,2.8225000000000007,40,-1.188144320324835,-0.29116383724139816,-0.7396540787831165,0.08451235153711385,0.08282416836388323,416.7304054295084,408.40597420230824,1352,893,1352,-0.6461555814719948,-1.0011473257025916,1399,"Montgomery, MD"
24031701426,MD,Maryland,Montgomery,24031,5398,4075,-76.9207785,39.1131808,9.0,19.4,12.4,33.9,74.2,4.7,10.8,4.3,77.8,89.9,12.0,67.4,4.3,8.9,67.8,16.9,11.5,23.5,28.1,18.1,13.0,17.6,3.7,37.8,16.4,6.6,8.8,37.4,21.6,80.5,14.4,10.3,30.5,10.9,3.4,9.5,38.7,3.0,9.3,4.6,3.7675,40,0.0554651279089914,-0.04862076994736062,0.0034221789808153887,0.25634435897647523,0.5424304141208418,1383.7468497550133,2928.039375424304,649,656,675,-0.06467007285762551,-0.08071937576789039,726,"Montgomery, MD"
24031701702,MD,Maryland,Montgomery,24031,2274,1766,-77.0027324,38.9896313,11.2,18.8,14.4,31.7,70.8,5.0,10.5,4.3,75.5,89.0,12.6,66.3,4.4,9.3,62.5,18.7,10.6,23.9,24.9,18.4,13.9,18.1,4.1,36.7,17.1,6.7,9.1,35.2,21.3,79.5,14.8,9.9,32.4,11.3,3.4,10.3,38.8,2.7,6.7,4.8,3.915,40,-0.06582456267879788,0.2397635475759616,0.08696949244858186,0.27566418307169305,0.594704684317719,626.86035230503,1352.3584521384928,727,443,598,0.05727862085628836,-0.12520630586338488,595,"Montgomery, MD"
24021775400,MD,Maryland,Frederick,24021,3929,2993,-77.6088179,39.3128573,8.4,27.1,15.9,34.9,74.8,8.4,10.4,5.9,77.2,87.9,13.7,67.9,6.7,12.5,59.8,23.4,11.0,26.3,24.1,12.7,10.1,17.2,6.1,39.1,11.5,7.2,7.1,33.6,22.7,74.0,17.8,11.2,37.3,12.2,3.3,7.5,38.1,3.1,11.1,4.1,4.335,40,0.6402744381155671,0.30470556765867574,0.4724900028871214,0.36481353016164797,0.7942973523421588,1433.3523600051149,3120.794297352342,336,394,304,0.5035912349264243,0.7024769021941729,237,"Frederick, MD"
24031700715,MD,Maryland,Montgomery,24031,6117,4562,-77.1862379,39.1728726,15.5,19.8,13.7,31.6,73.0,5.4,9.7,5.0,74.2,88.1,13.4,65.0,5.0,9.8,61.9,17.7,12.0,26.3,27.2,19.7,12.6,20.4,5.0,40.0,16.6,6.9,8.9,36.7,24.8,77.8,14.4,11.3,29.3,12.5,3.6,8.5,36.9,3.0,10.4,5.3,3.9225,40,0.028484196563353638,0.5261625696356921,0.27732338309952287,0.31968239898518713,0.7060420909708078,1955.4972345923898,4318.859470468432,661,286,434,0.25922748480898944,-0.007707600017713201,408,"Montgomery, MD"
24031703214,MD,Maryland,Montgomery,24031,7345,5186,-77.0677793,39.0850135,19.7,19.6,13.2,33.3,70.5,4.4,10.9,5.2,73.3,85.3,16.9,57.2,6.0,12.6,53.1,19.3,13.0,31.1,28.4,29.8,23.7,25.9,5.1,37.3,24.5,9.6,13.8,38.5,29.5,74.9,16.9,13.7,34.8,14.4,5.0,14.6,41.1,3.4,15.1,7.6,4.68,40,0.4473778525477393,1.370557962627731,0.9089679075877353,0.46574647450483775,0.9083503054989817,3420.9078552380333,6671.832993890021,422,78,136,0.8127954136603329,0.2550328646929347,119,"Montgomery, MD"
24031703218,MD,Maryland,Montgomery,24031,1963,1933,-77.071024,39.1071892,5.3,46.4,3.6,56.6,91.3,21.7,8.5,13.7,92.0,98.2,7.5,82.9,9.0,4.0,73.4,12.6,17.4,38.0,16.1,5.7,3.9,19.2,14.9,58.5,3.2,7.9,3.0,27.0,25.7,82.9,6.6,21.4,20.7,14.2,4.0,2.0,23.9,6.8,9.0,5.8,5.0,40,2.625657196322233,-1.7932486303409871,0.41620428299062295,0.35179778899251274,0.7678207739307535,690.5790597923025,1507.232179226069,6,1472,343,0.4521805066785147,2.6976096436980166,270,"Montgomery, MD"
24033800607,MD,Maryland,Prince George's,24033,6200,4963,-76.7754842,38.8552574,7.5,27.1,11.0,43.4,79.4,6.1,12.2,5.2,82.1,92.4,10.5,74.3,5.0,8.6,66.6,13.7,15.5,24.8,26.3,17.5,12.2,17.9,3.8,37.3,16.7,6.7,8.6,35.3,23.3,82.6,13.1,13.8,42.6,11.4,4.0,10.3,43.2,3.9,7.0,4.8,3.725,40,1.1516227177043699,-0.6434487986957439,0.254086959504313,0.31430911290538244,0.6958587915818059,1948.7165000133712,4314.324507807196,144,1229,449,0.010181882039461299,0.6638125627746665,647,"Prince George's, MD"
24033800213,MD,Maryland,Prince George's,24033,4826,3906,-76.8633956,39.0861685,10.2,20.6,13.5,33.7,71.6,4.7,11.1,4.0,76.3,89.1,11.6,67.3,4.3,9.3,64.9,15.6,11.9,23.2,25.2,19.0,13.2,17.2,3.7,33.5,17.5,6.5,9.2,35.3,23.3,81.8,14.2,10.7,39.5,10.8,3.3,10.7,41.8,2.7,7.0,4.6,3.84,40,0.20459950214230685,0.0562752669109366,0.13043738452662174,0.28571587706256746,0.6238968092328581,1378.8648227039505,3010.926001357773,563,561,555,-0.01893216282432016,-0.09413959255957692,672,"Prince George's, MD"
24031705702,MD,Maryland,Montgomery,24031,4565,3434,-77.1108685,38.9542113,3.9,25.5,13.6,33.0,80.0,12.3,8.7,5.8,81.0,94.4,6.8,75.2,3.9,4.2,80.1,17.4,8.6,19.1,15.1,4.2,2.4,10.2,6.3,45.1,4.2,3.9,2.8,27.0,12.8,81.3,9.3,8.0,22.0,8.9,1.9,2.5,26.3,2.7,2.7,2.5,3.1000000000000005,40,-0.21677534159002398,-1.1391093380186934,-0.6779423398043587,0.09878282765648766,0.12355736591989137,450.9436082518662,564.0393754243041,860,1455,1292,-0.488426913436011,0.16225551114667133,1203,"Montgomery, MD"
24031702101,MD,Maryland,Montgomery,24031,6021,4467,-76.9944183,39.0084284,19.7,21.8,11.8,37.3,75.0,4.9,10.2,6.5,75.3,86.6,15.6,64.2,6.5,12.1,56.4,17.3,15.5,31.9,28.6,29.3,23.1,26.9,5.9,40.6,22.9,9.4,13.1,37.5,31.1,80.0,15.3,15.6,33.8,14.6,5.4,13.6,39.4,4.1,11.9,8.1,4.174999999999999,40,0.8285816735973425,0.7467513974583428,0.7876665355278427,0.4376962467544284,0.878479293957909,2635.3691017084134,5289.32382892057,257,204,180,0.6509179630734384,0.555084528688534,175,"Montgomery, MD"
24031706012,MD,Maryland,Montgomery,24031,3522,2888,-77.1523847,39.0301126,7.7,25.4,11.5,36.5,79.8,9.1,9.3,6.8,79.9,92.0,9.8,71.8,5.4,7.0,70.7,17.4,12.6,25.1,20.1,11.5,8.2,16.6,7.0,44.6,9.4,6.1,5.8,31.0,21.0,80.1,11.5,12.1,25.7,11.4,3.2,5.8,32.0,3.6,3.9,4.6,3.5725,40,0.4414049730136676,-0.611054821759285,-0.08482492437280872,0.23593773615475755,0.49490835030549896,830.9727067370561,1743.0672097759673,427,1214,745,-0.0498920909082593,0.5112706399427664,708,"Montgomery, MD"
24033800108,MD,Maryland,Prince George's,24033,4351,3473,-76.8603976,39.0957097,11.1,19.6,13.7,33.8,68.7,4.0,11.9,3.8,75.8,87.7,13.1,67.9,4.4,10.5,62.7,16.5,11.5,24.6,26.1,23.0,17.8,18.6,3.4,31.0,21.4,7.4,11.3,36.7,24.4,82.1,15.8,10.9,42.9,11.1,3.7,13.8,43.9,2.7,10.8,5.0,4.5925,40,0.2906219681747041,0.3229921685110985,0.3068070683429013,0.32650032752098146,0.7196198234894773,1420.6029250437903,3131.0658520027155,511,385,414,0.12186276520822559,-0.07926663809464735,529,"Prince George's, MD"
24031702302,MD,Maryland,Montgomery,24031,4434,3229,-77.0189819,39.0094941,9.2,22.0,13.7,34.1,74.4,6.9,10.3,5.1,77.5,90.8,11.3,67.3,5.0,8.9,67.1,18.8,10.9,23.5,22.5,15.1,11.7,17.0,4.9,39.7,13.9,6.3,7.5,32.9,20.3,78.6,13.6,10.4,31.2,11.3,3.3,8.6,35.6,3.0,8.9,4.4,3.8475,40,0.18106326832141928,-0.03524992778848953,0.07290667026646487,0.27241223828060596,0.5858791581805839,1207.8758645362068,2597.7881873727088,578,642,611,0.07564809943417251,0.18654612665683457,574,"Montgomery, MD"
24031700904,MD,Maryland,Montgomery,24031,4141,3433,-77.1290436,39.0656133,11.4,16.4,13.8,27.6,68.4,4.7,9.2,4.3,72.8,86.1,12.6,60.7,4.4,8.9,59.6,18.7,9.6,23.8,24.2,18.1,13.2,17.7,4.7,36.0,14.4,6.7,8.8,35.5,22.3,76.8,14.4,9.2,26.4,10.7,3.0,8.5,36.8,2.5,12.3,4.9,3.9725,40,-0.4883471280652924,0.8116863966959915,0.16166963431534956,0.2929381508493712,0.639511201629328,1213.056882667246,2648.215885947047,1075,183,532,0.17720816906550085,-0.4572700585649898,482,"Montgomery, MD"
24031701423,MD,Maryland,Montgomery,24031,5118,3685,-76.9382912,39.0864582,10.1,20.1,12.1,35.9,73.5,4.4,11.5,4.5,78.0,89.1,13.3,63.6,4.9,10.2,62.4,17.8,12.6,25.6,28.0,22.8,18.5,20.1,3.7,36.8,20.3,7.7,11.1,37.6,23.8,82.2,15.7,11.6,34.7,11.9,4.1,13.0,41.4,3.3,9.8,5.5,4.01,40,0.3912686579313985,0.16533808266444114,0.2783033702979198,0.31990901525209914,0.7067209775967414,1637.2943400602435,3616.997963340122,454,491,433,0.16256592492560432,0.1597937671867675,498,"Montgomery, MD"
24033800608,MD,Maryland,Prince George's,24033,8212,6177,-76.7424353,38.8558523,6.1,21.5,12.5,37.3,74.4,4.5,12.0,3.4,80.7,92.5,9.5,70.4,3.4,7.6,67.7,13.8,11.9,19.8,25.5,15.0,10.2,14.4,2.6,32.8,16.0,5.5,7.8,34.8,19.2,84.9,13.0,9.8,42.1,9.4,3.0,10.1,44.9,2.7,5.9,3.7,4.1625,40,0.3020129599118672,-0.597291489555207,-0.14763926482166986,0.22141228994041184,0.46435845213849286,1818.2377249906622,3813.3116089613036,503,1200,790,-0.3476679826575758,-0.0980444757599447,1025,"Prince George's, MD"
24031701005,MD,Maryland,Montgomery,24031,3281,2511,-77.1673715,39.083326,5.5,22.2,13.7,31.4,77.1,8.7,8.8,5.2,78.3,92.4,8.6,68.9,4.2,6.3,76.8,17.5,9.7,20.0,19.8,7.6,4.5,12.6,5.4,43.2,6.7,4.6,4.2,30.4,16.2,80.6,11.1,8.5,22.9,9.8,2.3,3.8,29.3,2.6,4.8,3.0,3.3575000000000004,40,-0.2973995521760756,-0.627400228154102,-0.4623998901650888,0.14862574946018703,0.2769857433808554,487.64108397887367,908.7902240325866,917,1219,1066,-0.34625316348469326,-0.06510609881528445,1023,"Montgomery, MD"
24031704404,MD,Maryland,Montgomery,24031,5733,4405,-77.0997918,39.0120658,4.8,22.8,13.7,31.3,78.0,10.1,8.7,5.3,79.3,93.2,7.6,71.6,3.7,4.8,76.9,17.1,8.7,19.5,17.5,5.8,3.4,11.0,5.8,42.4,5.7,4.2,3.5,29.0,14.3,83.1,10.1,8.1,22.3,8.9,2.0,3.3,28.7,2.6,4.6,2.7,3.0899999999999994,40,-0.37457688661318705,-0.8809118132627594,-0.6277443499379732,0.11039081711657078,0.16768499660556688,632.8705545293003,961.3380855397149,978,1365,1227,-0.48852109919236825,-0.09613038512197716,1204,"Montgomery, MD"
24031700724,MD,Maryland,Montgomery,24031,3279,2330,-77.2078144,39.1396063,22.2,18.3,13.5,32.4,69.5,4.0,10.1,5.1,72.3,84.9,16.7,54.4,5.5,12.4,46.5,18.4,12.9,30.9,29.1,30.4,23.2,26.1,5.2,37.3,24.9,9.1,13.6,38.6,30.8,76.1,16.5,13.2,34.1,14.1,4.7,14.2,41.4,3.2,16.3,7.5,4.612500000000001,40,0.23273559726716436,1.6037016071794592,0.9182186022233118,0.467885643147129,0.911744738628649,1534.197023879436,2989.61099796334,545,55,131,0.8303838244911955,0.05706604180293193,110,"Montgomery, MD"
24031701007,MD,Maryland,Montgomery,24031,3129,2466,-77.1865835,39.0987809,6.1,18.9,14.0,28.0,74.3,7.1,9.0,4.2,76.9,91.6,8.7,70.0,3.4,5.8,73.4,17.5,8.5,18.5,21.3,8.5,4.9,11.7,4.4,39.5,8.0,4.3,4.6,32.4,15.6,80.7,11.6,7.2,22.8,8.8,1.9,4.4,32.2,2.2,4.0,2.8,3.147500000000001,40,-0.6673447537841538,-0.48438152179357985,-0.5758631377888668,0.12238804181433593,0.20366598778004075,382.95218283705714,637.2708757637475,1168,1093,1174,-0.4750129639589667,-0.46564440612435354,1179,"Montgomery, MD"
24031702102,MD,Maryland,Montgomery,24031,3406,2437,-77.0047129,39.0219894,4.6,19.9,16.7,27.5,73.4,8.4,9.2,4.1,76.9,92.6,7.9,72.5,3.3,5.3,75.6,18.9,7.2,16.8,17.2,5.6,3.3,10.1,4.3,39.7,5.8,3.9,3.5,29.1,12.2,82.2,11.1,6.4,23.6,8.4,1.8,3.4,30.4,2.1,2.4,2.3,3.2749999999999995,40,-0.701623539935071,-0.7234388265585004,-0.7125311832467858,0.09078436135963254,0.10183299389002037,309.21153479090844,346.8431771894094,1186,1275,1324,-0.5598057121728627,-0.39617259778722497,1293,"Montgomery, MD"
24021770700,MD,Maryland,Frederick,24021,3638,2949,-77.548239,39.475432,5.6,30.0,15.2,36.7,79.0,11.1,9.7,6.3,80.4,91.6,10.4,70.7,5.9,9.0,71.9,21.3,10.9,23.2,20.7,7.2,5.1,13.8,6.6,42.8,7.0,5.5,4.5,30.0,18.5,73.2,14.4,10.2,33.7,11.0,2.6,4.6,33.5,3.1,7.5,3.1,3.7475,40,0.5841631054307689,-0.37121970325948817,0.10647170108564036,0.2801739539392097,0.6096401900882552,1019.2728444308449,2217.871011541072,362,980,576,0.2002528613560426,0.7717254259715733,463,"Frederick, MD"
24021753001,MD,Maryland,Frederick,24021,4527,3680,-77.4043582,39.6040079,7.1,29.4,15.5,36.3,77.4,10.0,10.1,6.6,78.6,89.1,12.6,70.3,6.8,11.1,65.9,23.1,11.2,26.3,21.9,10.3,8.1,16.4,7.1,41.1,9.1,6.9,6.0,31.9,21.7,74.1,16.5,11.7,35.5,12.1,3.2,6.1,35.4,3.3,8.7,3.9,4.0975,40,0.763791249434856,-0.05699846637176355,0.35339639153154623,0.3372738340690662,0.7427019687712152,1526.8386468306626,3362.2118126272912,283,665,380,0.41249822247801304,0.8819949113277896,296,"Frederick, MD"
24031700316,MD,Maryland,Montgomery,24031,3851,2734,-77.2720944,39.2214431,8.1,16.8,12.8,29.2,71.4,4.6,9.0,3.9,75.6,89.7,10.3,58.8,3.7,8.2,65.0,16.7,10.3,20.2,24.7,14.8,10.0,15.3,3.9,38.6,12.4,5.4,7.0,34.0,20.2,76.8,12.8,8.3,25.7,9.9,2.7,7.4,36.9,2.4,7.5,3.9,3.6349999999999993,40,-0.5534240115796485,0.3115285363287281,-0.12094773762546018,0.22758454837529793,0.4772572980312288,876.4280957932723,1837.917854718262,1115,389,771,-0.10314118029863645,-0.517810896926001,756,"Montgomery, MD"
24031700614,MD,Maryland,Montgomery,24031,5624,4346,-77.2653454,39.1532437,10.8,19.2,13.7,31.0,72.7,5.5,9.9,4.4,75.6,89.3,11.8,66.6,4.4,8.7,64.5,18.1,10.7,23.3,24.6,16.5,11.5,17.3,4.4,38.4,14.6,6.3,8.0,34.9,21.3,77.7,13.8,9.9,29.0,11.1,3.1,8.3,36.8,2.7,7.4,4.5,3.7525,40,-0.17021661349281045,0.19956489721405096,0.014674141860620257,0.2589463091115639,0.548540393754243,1456.3140424434355,3084.991174473863,815,472,666,0.016061847489794903,-0.16744120223446116,639,"Montgomery, MD"
24031700903,MD,Maryland,Montgomery,24031,2377,1730,-77.1278026,39.0963997,14.6,17.4,15.0,28.8,68.5,4.7,9.9,4.4,72.5,86.4,14.2,65.1,4.7,10.2,60.4,19.7,10.2,25.8,25.3,20.7,14.9,19.8,4.6,36.3,17.7,7.3,9.8,36.4,23.6,78.0,15.6,10.1,30.5,12.0,3.5,10.0,37.2,2.6,9.9,5.3,3.87,40,-0.23938005341881505,0.7184243281222128,0.23952213735169886,0.31094108357820127,0.6877121520706042,739.1069556653845,1634.6917854718263,873,212,461,0.23893274113291318,-0.2405588458563864,421,"Montgomery, MD"
24033800408,MD,Maryland,Prince George's,24033,7307,5703,-76.8073698,38.9726945,8.8,24.2,12.3,38.5,77.3,6.1,11.2,4.7,79.7,91.6,10.2,69.6,4.4,8.1,64.0,13.8,13.3,23.0,25.9,15.5,9.7,16.4,3.9,36.5,14.8,5.9,7.6,35.1,21.8,83.5,12.6,11.7,38.9,10.7,3.3,8.4,42.8,3.3,9.5,4.2,3.8175,40,0.5800049965335874,-0.3527501867647749,0.11362740488440626,0.28182866829125136,0.6130346232179226,2059.322079204174,4479.44399185336,365,952,571,-0.05856569214831901,0.23561880246813685,719,"Prince George's, MD"
24031706011,MD,Maryland,Montgomery,24031,5578,4264,-77.1759645,39.0379466,4.1,23.3,11.9,32.9,80.3,10.4,8.1,5.6,81.0,94.0,6.7,71.5,3.6,4.3,79.5,15.2,9.8,18.6,17.8,5.2,2.8,10.8,6.0,45.8,4.5,3.8,3.0,28.3,14.4,81.0,8.8,8.0,20.0,8.6,1.9,2.6,27.3,2.7,3.6,2.7,3.0725,40,-0.3541572841398174,-1.0099025515746747,-0.682029917857246,0.09783759931006424,0.11948404616429056,545.7381289515383,666.4820095044128,960,1410,1298,-0.5354764939484254,-0.06105043632217613,1259,"Montgomery, MD"
24031701210,MD,Maryland,Montgomery,24031,3977,2997,-77.1836415,39.0628456,3.8,23.2,13.0,32.2,79.6,10.5,8.3,5.3,80.8,94.3,6.4,73.1,3.5,4.2,79.5,16.1,9.2,17.3,16.7,4.5,2.4,9.9,5.5,45.3,4.3,3.5,2.8,27.5,13.0,81.6,9.0,7.2,21.0,8.4,1.7,2.5,27.6,2.5,3.0,2.4,2.6675,40,-0.4169915108820698,-1.0778625950851104,-0.7474270529835901,0.08271489704077323,0.07535641547861507,328.9571455311551,299.6924643584521,1018,1435,1363,-0.5818288772584959,-0.08579515943188128,1325,"Montgomery, MD"
24031700720,MD,Maryland,Montgomery,24031,3150,2387,-77.1778676,39.1493064,12.3,19.1,13.4,31.0,74.3,5.6,9.2,4.9,75.6,89.6,11.4,67.1,4.3,8.2,67.3,16.7,11.3,23.4,25.7,15.3,9.2,17.4,4.8,40.6,13.1,5.8,7.1,35.3,21.9,78.6,12.9,9.9,26.4,11.0,2.9,6.6,34.4,2.8,6.3,4.4,3.465,40,-0.21117908263618299,0.07455515389301062,-0.06831196437158618,0.23975626088371935,0.506449422946368,755.2322217837159,1595.315682281059,855,548,728,-0.05910426807948764,-0.1927636900519859,720,"Montgomery, MD"
24031700826,MD,Maryland,Montgomery,24031,5822,4467,-77.2340947,39.1174039,3.9,20.3,15.0,27.9,75.3,8.8,8.8,4.1,78.2,93.3,7.1,68.1,3.1,4.5,77.8,17.9,7.6,16.4,17.2,4.9,2.7,9.4,4.5,40.8,5.1,3.6,3.1,28.8,12.4,81.9,10.3,6.4,21.9,8.0,1.6,3.0,29.5,2.1,2.3,2.2,2.8824999999999994,40,-0.7508253640675375,-0.7747889627077742,-0.7628071633876559,0.07915833710798471,0.06109979633401222,460.859838642687,355.72301425661914,1211,1300,1384,-0.600169897412108,-0.42555083211644185,1352,"Montgomery, MD"
24031701206,MD,Maryland,Montgomery,24031,6579,4909,-77.1676408,39.0497416,4.6,21.6,13.1,30.6,78.0,9.3,8.3,5.0,79.2,93.3,7.2,72.2,3.5,4.8,78.2,16.1,9.1,18.2,18.8,5.8,3.1,10.8,5.4,43.6,5.3,3.9,3.4,29.4,14.3,82.3,9.7,7.5,20.8,8.7,1.9,3.0,28.6,2.4,2.1,2.6,3.045,40,-0.530270524258016,-0.9385455964010038,-0.7344080603295099,0.08572546240228907,0.0855397148676171,563.9878171446597,562.765784114053,1097,1390,1348,-0.5922855731913037,-0.24602554998160364,1337,"Montgomery, MD"
24031703404,MD,Maryland,Montgomery,24031,3118,2374,-77.0701459,39.0548319,27.8,19.8,13.2,33.0,71.7,4.4,9.7,6.0,71.2,84.5,17.8,57.3,6.1,12.7,53.5,18.1,15.0,34.0,30.0,32.3,21.9,30.0,6.1,40.8,25.1,9.5,13.6,39.1,34.2,76.2,16.0,15.7,33.3,16.1,5.4,12.7,38.3,3.6,11.2,8.8,4.915,40,0.4859829232877226,1.4880106654508765,0.9869967943692995,0.48379019493574194,0.923285811269518,1508.4578278096433,2878.805159538357,404,63,114,0.9014624326280424,0.31491419980520835,84,"Montgomery, MD"
24033800522,MD,Maryland,Prince George's,24033,3841,3020,-76.7487053,38.8843063,5.3,23.9,11.9,40.2,78.2,5.4,11.9,4.0,82.3,93.4,8.7,75.7,3.5,6.6,70.9,13.1,13.1,20.1,25.0,12.9,8.1,14.0,2.8,35.3,13.9,5.2,6.9,34.2,18.6,86.2,12.1,10.5,41.1,9.4,3.0,8.5,43.4,3.1,7.2,3.6,3.6625,40,0.5453563817150916,-0.9528363788331183,-0.20373999855901337,0.20843932573090085,0.43584521384928715,800.6154501323902,1674.0814663951119,382,1392,832,-0.40637265342189144,0.14009107198933543,1088,"Prince George's, MD"
24031702603,MD,Maryland,Montgomery,24031,2186,1948,-77.0314179,38.9907396,6.8,14.0,16.8,24.1,65.3,4.2,10.2,2.8,73.7,88.9,10.3,72.0,2.7,5.8,73.3,20.1,6.6,18.1,21.2,11.2,8.0,11.6,3.0,30.8,11.4,4.9,6.5,34.7,14.4,84.5,14.0,5.9,27.3,7.9,1.9,6.9,33.4,1.8,4.5,3.0,3.4125,40,-0.9668626971634272,-0.22838789896233688,-0.597625298062882,0.11735567044325501,0.19076714188730481,256.53949558895545,417.0169721656483,1291,838,1193,-0.5555500038769676,-0.8827121087915983,1286,"Montgomery, MD"
24031700610,MD,Maryland,Montgomery,24031,1938,1520,-77.2520748,39.1387592,5.3,22.1,14.0,31.2,77.6,9.2,8.7,5.1,78.7,92.9,7.8,73.5,3.8,5.4,72.5,17.1,9.3,18.6,18.6,6.4,3.6,11.4,5.2,43.6,5.9,4.0,3.7,29.4,14.5,81.9,10.4,7.7,22.6,9.1,2.0,3.3,31.2,2.5,4.9,2.7,3.2075000000000005,40,-0.3864960363840814,-0.7684819616000634,-0.5774889989920724,0.12201207098840039,0.20162932790224034,236.45939357551995,390.75763747454175,992,1296,1177,-0.4419231258907478,-0.11536429018143211,1135,"Montgomery, MD"
24033800102,MD,Maryland,Prince George's,24033,3129,2599,-76.8569904,39.1061029,12.5,23.2,14.6,33.6,72.5,6.4,11.1,4.8,75.0,88.6,12.7,67.1,5.3,10.4,57.9,17.0,11.5,25.6,25.0,17.6,11.5,18.0,4.8,35.4,16.3,6.9,8.5,35.6,24.0,79.4,14.8,11.8,38.4,12.0,3.4,9.1,41.3,3.0,12.8,4.5,4.0225,40,0.4152165917557489,0.41461830915696324,0.4149174504563561,0.35150021654918534,0.7664630006788866,1099.844177582401,2398.262729124236,444,333,345,0.30795099766695455,0.20128368617694592,373,"Prince George's, MD"
24031703302,MD,Maryland,Montgomery,24031,4446,3412,-77.0819211,39.0736794,21.1,19.8,13.3,32.3,72.5,5.2,9.2,5.8,72.7,86.3,15.1,58.9,5.6,11.0,52.8,17.5,13.4,29.9,28.0,24.9,16.4,24.6,6.1,40.7,19.8,8.0,10.8,37.1,29.6,75.5,14.7,13.3,30.3,14.1,4.3,10.1,37.7,3.3,12.2,6.9,4.08,40,0.2174779261130339,1.1640678142214875,0.6907728701672607,0.4152901574020811,0.8615071283095723,1846.3800398096525,3830.2606924643587,555,110,205,0.6469325179458173,0.12979722167014715,177,"Montgomery, MD"
24031705501,MD,Maryland,Montgomery,24031,2377,2008,-77.0902928,38.9607393,5.8,18.3,15.5,26.0,72.5,7.6,8.9,4.2,75.4,90.5,8.8,71.1,3.4,5.4,75.8,18.8,7.2,18.5,18.9,7.4,4.4,11.1,4.7,37.7,6.7,4.4,4.3,31.7,14.1,79.5,11.7,6.8,21.9,8.5,1.8,3.8,29.3,2.1,3.5,2.7,3.0425000000000004,40,-0.807679621527958,-0.40460872945591675,-0.6061441754919374,0.11538573021912595,0.18126272912423624,274.2718807308624,430.86150712830954,1238,1018,1207,-0.4747697806606555,-0.5449308318653943,1178,"Montgomery, MD"
24031700721,MD,Maryland,Montgomery,24031,3200,2462,-77.205747,39.1632023,14.2,18.7,13.9,31.1,71.1,5.0,9.8,4.6,74.2,88.0,13.1,60.9,4.7,9.8,58.3,18.3,11.2,25.1,25.5,20.4,14.7,19.6,4.6,37.9,17.5,6.9,9.5,35.6,23.9,77.2,14.6,10.5,31.0,11.9,3.5,10.0,38.1,2.8,13.8,5.3,3.9675,40,-0.08505789925713582,0.7659976492815831,0.34046987501222364,0.3342846532689727,0.7338764426340801,1069.7108904607128,2348.4046164290567,745,198,393,0.31902456331274753,-0.12794852265608803,362,"Montgomery, MD"
24031700835,MD,Maryland,Montgomery,24031,4388,3492,-77.2273849,39.1980942,7.7,19.4,12.6,31.1,76.0,6.1,8.9,4.7,77.3,91.0,9.6,69.7,4.0,7.0,70.9,16.0,11.1,20.4,24.3,11.6,6.7,14.6,4.5,42.2,9.8,4.9,5.7,33.7,19.0,81.2,11.7,8.8,23.8,10.0,2.5,5.2,33.5,2.6,5.1,3.6,3.3574999999999995,40,-0.34731883050874446,-0.4019685853105524,-0.3746437079096484,0.1689188496697719,0.33061778682959947,741.215912350959,1450.7508486082825,957,1013,987,-0.3324866410083849,-0.2630046967062174,1016,"Montgomery, MD"
24031700617,MD,Maryland,Montgomery,24031,2546,1906,-77.2254127,39.09442,4.6,19.3,11.4,30.2,77.6,7.0,7.8,4.4,79.1,93.1,7.0,68.4,3.3,5.3,75.5,14.2,10.3,16.7,21.8,7.3,3.7,11.3,4.4,44.5,6.0,3.6,3.7,30.6,16.1,81.5,9.4,7.2,19.5,8.4,1.8,3.2,30.8,2.3,5.5,2.7,3.0625,40,-0.693989911967939,-0.7083051393760279,-0.7011475256719835,0.09341676511717797,0.10930074677528853,237.83908398833512,278.2797012898846,1182,1268,1313,-0.599486362282708,-0.4906675851893882,1350,"Montgomery, MD"
24031703800,MD,Maryland,Montgomery,24031,4126,3384,-77.054713,39.03606,11.1,15.9,15.0,28.1,66.6,4.1,10.5,3.6,73.8,87.5,12.9,64.6,3.9,8.9,60.4,19.5,8.9,22.8,24.7,18.6,14.3,17.0,3.6,33.7,17.0,6.6,9.5,36.1,20.1,79.7,15.3,8.4,31.0,10.4,3.0,10.3,39.2,2.3,6.6,4.5,3.9,40,-0.44153962897543125,0.47679765046445305,0.017629010744510898,0.2596296051349989,0.551255940257977,1071.2317507870055,2274.482009504413,1039,304,662,0.005254973892460185,-0.4662877026795327,649,"Montgomery, MD"
24031703702,MD,Maryland,Montgomery,24031,4147,3221,-77.0563037,39.0486516,15.9,19.2,14.0,31.2,72.5,5.4,9.1,5.2,73.8,88.1,12.9,60.8,4.9,9.5,61.6,17.6,11.9,25.9,25.2,19.2,12.5,20.3,5.3,39.9,16.0,6.7,8.8,34.9,24.6,78.5,13.8,11.1,29.2,12.3,3.6,8.5,36.1,2.9,9.8,5.5,4.005,40,-0.06148700984527658,0.609529175053686,0.2740210826042047,0.3189187614481918,0.7040054310930075,1322.5561037256514,2919.510522742702,721,241,437,0.26573554715819736,-0.07805808073729127,401,"Montgomery, MD"
24021753002,MD,Maryland,Frederick,24021,2746,2156,-77.3861778,39.6336537,9.2,30.9,14.8,38.3,77.3,9.6,10.7,7.5,77.8,87.3,15.1,66.4,8.6,14.2,59.6,24.4,12.7,30.5,24.0,14.2,12.1,20.3,7.8,41.6,11.7,8.6,7.6,33.9,26.2,70.9,18.5,14.2,38.0,14.1,4.0,7.9,37.1,3.9,10.2,5.0,4.4025,40,1.2889747908328428,0.41140054281455823,0.8501876668237005,0.4521538900793214,0.8893414799728445,1241.6145821578166,2442.131704005431,112,336,164,0.8544048938875123,1.2974092449604664,102,"Frederick, MD"
24031704806,MD,Maryland,Montgomery,24031,4531,4053,-77.0980578,38.9906261,5.0,12.8,18.5,20.0,63.4,4.9,8.9,2.5,72.1,89.4,8.4,71.1,2.2,4.5,75.1,20.0,5.0,14.8,18.6,6.4,3.7,8.6,3.0,31.4,6.8,3.6,4.2,32.4,11.3,83.0,12.4,4.3,22.1,6.8,1.3,3.9,30.9,1.3,3.8,2.0,2.8675,40,-1.4752620416249713,-0.22633828117729982,-0.8508001614011356,0.05881047464934129,0.02376103190767142,266.4702606361654,107.6612355736592,1405,836,1439,-0.721968746135927,-1.2175992110945542,1439,"Montgomery, MD"
24021766800,MD,Maryland,Frederick,24021,5872,4830,-77.344928,39.6979835,8.5,21.4,17.2,28.5,69.4,6.6,10.9,5.1,74.6,81.2,16.8,64.4,5.9,10.3,60.2,25.3,8.6,28.3,25.2,14.3,10.6,16.8,5.8,32.9,11.5,8.4,9.1,38.7,21.4,69.1,20.8,9.9,33.1,11.3,3.0,7.5,36.9,2.7,15.6,4.3,4.2525,40,0.09156750237224345,1.074242800388896,0.5829051513805698,0.3903463828387576,0.8268839103869654,2292.113960029185,4855.462321792261,625,122,256,0.6235411120985536,0.17283942380821113,189,"Frederick, MD"
24031700608,MD,Maryland,Montgomery,24031,5800,4511,-77.2582656,39.0580546,4.3,20.8,12.1,31.4,79.0,8.1,8.1,5.0,79.6,93.0,7.3,70.8,3.6,5.0,75.4,15.2,10.4,17.9,20.4,6.5,3.3,11.3,5.0,44.9,5.4,3.9,3.6,30.4,15.5,81.6,9.7,7.6,19.8,8.7,1.9,3.0,29.9,2.5,6.0,2.7,2.8875,40,-0.49745203343593664,-0.7972170733074939,-0.6473345533717153,0.1058606979706637,0.1446028513238289,613.9920482298495,838.6965376782077,1079,1316,1261,-0.5330606598015837,-0.26890424629567344,1253,"Montgomery, MD"
24031701101,MD,Maryland,Montgomery,24031,4705,3753,-77.1194308,39.0801609,11.8,19.9,14.6,30.1,73.0,6.5,9.1,5.1,74.3,89.1,11.6,65.0,4.7,8.7,67.5,18.2,10.4,23.6,23.7,14.0,8.6,17.0,5.3,40.5,12.1,5.9,6.8,33.9,21.1,77.3,13.3,9.8,26.6,11.4,2.9,6.3,33.7,2.7,8.4,4.3,3.6675,40,-0.21643622433810175,0.26346837449309646,0.023516075077497353,0.26099095408363276,0.5553292600135777,1227.962438963492,2612.8241683638835,859,419,656,0.07173579494524629,-0.11999678460260386,579,"Montgomery, MD"
24031701503,MD,Maryland,Montgomery,24031,7440,6013,-76.9902806,39.0601655,11.0,23.6,11.8,36.7,78.7,7.4,9.6,6.2,78.6,90.8,11.1,71.2,5.3,8.2,68.7,15.9,13.0,26.0,25.7,15.2,9.8,18.5,5.9,43.1,12.7,6.4,7.1,35.0,23.0,82.3,12.4,12.3,27.5,11.8,3.4,6.8,34.8,3.6,6.7,4.9,3.4400000000000004,40,0.41768474170247616,-0.38561443467242307,0.016035153515026546,0.2592610350394636,0.5505770536320435,1928.9021006936093,4096.293279022403,439,994,663,-0.01454929824215731,0.35651583818810845,668,"Montgomery, MD"
24031700313,MD,Maryland,Montgomery,24031,3713,2863,-77.2570537,39.1946701,7.8,17.0,13.5,28.1,71.7,5.0,9.4,3.7,75.6,89.9,10.2,66.9,3.5,7.3,70.8,16.9,9.3,19.8,25.2,12.8,8.0,14.0,3.7,37.5,11.4,5.1,6.4,35.2,18.5,79.8,12.9,7.9,24.9,9.4,2.4,6.3,34.6,2.3,6.1,3.5,3.39,40,-0.6277346719253083,-0.08916957703224845,-0.3584521244787784,0.172663057959942,0.34012219959266804,641.0979342052647,1262.8737270875765,1155,695,973,-0.3306538253139944,-0.5721380735957403,1013,"Montgomery, MD"
24031701506,MD,Maryland,Montgomery,24031,5144,4155,-77.0050149,39.0548604,7.4,24.1,12.2,36.2,79.2,8.5,9.6,5.9,80.0,92.4,9.3,72.9,4.8,6.6,70.7,16.5,11.7,22.6,21.4,10.9,7.3,15.2,5.6,43.4,9.6,5.4,5.7,31.7,18.2,81.1,11.3,10.5,26.7,10.5,2.9,5.6,33.2,3.3,5.4,3.9,3.14,40,0.25256081874073066,-0.6526750014717111,-0.2000570913654902,0.2092909763248524,0.4392396469789545,1076.5927822150409,2259.448744059742,535,1233,827,-0.1756469371184875,0.3013811272347361,828,"Montgomery, MD"
24031700837,MD,Maryland,Montgomery,24031,7443,5416,-77.210064,39.125196,9.8,14.0,14.6,24.6,67.4,4.2,8.3,3.1,73.0,88.8,9.8,66.3,2.8,6.7,68.8,16.1,8.1,18.4,24.4,13.0,7.6,13.4,3.4,35.2,11.7,4.5,6.3,34.4,18.1,79.0,12.3,6.5,24.4,8.7,2.1,6.1,34.7,1.8,4.8,3.3,3.390000000000001,40,-1.0981995319816202,0.1846895409651064,-0.45675499550825693,0.149931098097736,0.28105906313645623,1115.937163141449,2091.922606924644,1329,479,1060,-0.4139605865638817,-1.0126107140928697,1097,"Montgomery, MD"
24033800413,MD,Maryland,Prince George's,24033,4348,3274,-76.8288898,38.9864764,8.8,21.5,12.5,37.0,72.6,4.3,12.3,3.8,78.9,90.2,11.7,70.9,4.2,9.5,65.5,14.9,12.4,23.3,27.4,20.7,15.3,17.4,3.0,32.2,20.0,6.8,10.1,37.0,23.1,82.0,14.7,11.3,43.2,10.6,3.6,12.6,44.5,3.0,6.3,4.6,4.5775,40,0.4983422636552135,-0.190941223619276,0.15370052001796874,0.2910953401110045,0.6354378818737271,1265.6825388026477,2762.8839103869655,398,801,538,-0.06623021241833628,0.05848079878260346,729,"Prince George's, MD"
24033800605,MD,Maryland,Prince George's,24033,4867,3956,-76.7484697,38.7982387,9.2,20.8,14.1,35.7,72.0,4.5,11.8,3.7,77.4,89.4,11.7,70.1,4.0,9.4,64.1,14.3,11.5,23.1,29.4,18.4,11.9,16.6,3.0,32.2,18.2,6.3,9.1,38.2,21.8,83.2,14.5,10.7,40.8,10.4,3.2,10.3,44.5,2.9,7.5,4.1,4.19,40,0.2971685585521574,-0.10681766517866896,0.09517544668674421,0.277561761651235,0.6028513238289206,1350.8930939565605,2934.0773930753567,507,707,586,-0.10252688251973885,-0.09823609986080874,755,"Prince George's, MD"
24031701415,MD,Maryland,Montgomery,24031,7916,6121,-76.9894825,39.0843083,8.7,22.3,12.1,35.5,78.2,6.9,9.6,5.5,79.0,91.5,10.0,72.9,4.5,7.1,70.1,16.1,12.3,23.1,23.7,13.2,8.7,16.2,5.1,41.9,11.7,5.7,6.6,33.4,20.2,81.2,12.0,10.6,27.7,10.7,3.1,6.7,34.5,3.2,5.4,4.3,3.26,40,0.16655168877731155,-0.5170302791945848,-0.17523929520863663,0.2150299454942964,0.45010183299389,1702.1770485328504,3563.0061099796335,591,1130,811,-0.18956105167437287,0.13790817584583903,845,"Montgomery, MD"
24033800106,MD,Maryland,Prince George's,24033,3161,2421,-76.8795704,39.0953558,8.9,22.9,12.9,36.5,74.4,5.4,11.4,4.3,78.2,90.8,11.0,66.9,4.5,9.5,60.0,15.1,12.7,23.0,25.8,17.6,12.0,16.9,3.7,35.2,16.8,6.3,8.5,35.0,22.9,80.5,13.8,11.4,40.2,11.0,3.4,10.2,44.6,3.0,10.2,4.3,4.0600000000000005,40,0.4634841833814528,0.017891031938364138,0.2406876076599085,0.3112105917216498,0.6883910386965377,983.7366804321349,2176.0040733197557,416,586,460,0.0781013371791305,0.13831164241989685,572,"Prince George's, MD"
24031703000,MD,Maryland,Montgomery,24031,1829,1382,-77.0213915,39.0183846,6.1,20.9,15.5,30.1,74.1,7.7,9.4,4.6,76.7,91.8,9.2,69.8,4.0,6.7,74.9,19.2,9.0,19.6,18.7,8.5,5.7,12.8,4.8,40.5,8.1,4.8,4.8,30.0,15.4,81.5,12.0,8.1,26.2,9.8,2.4,4.9,31.0,2.4,5.4,3.2,3.1925000000000003,40,-0.36104755775286,-0.48819324445887297,-0.4246204011058665,0.15736203376109373,0.3014256619144603,287.81515974904045,551.3075356415479,965,1099,1030,-0.3192567328839733,-0.15032022130907371,1004,"Montgomery, MD"
24031704503,MD,Maryland,Montgomery,24031,4247,2901,-77.1190762,39.00658,4.5,20.6,15.5,28.6,74.6,8.6,8.9,4.3,77.7,93.0,7.7,67.7,3.5,5.4,78.5,18.2,7.9,17.1,17.3,5.7,3.3,10.5,4.6,41.4,5.6,3.9,3.4,28.6,13.2,79.6,10.7,6.8,23.1,8.7,1.8,3.3,28.6,2.2,2.2,2.4,3.2725,40,-0.6288244481310764,-0.640328105400765,-0.6345762767659207,0.1088109742817887,0.1561439239646979,462.1202077747566,663.1432450780719,1156,1226,1244,-0.48205211001052584,-0.32377611462028666,1192,"Montgomery, MD"
24031700208,MD,Maryland,Montgomery,24031,2433,1860,-77.1777758,39.2905405,8.1,22.2,15.6,31.0,74.4,8.0,9.8,5.2,75.9,90.6,11.1,69.0,5.0,8.4,66.0,20.1,9.5,22.7,21.3,10.4,6.6,14.8,5.4,41.0,9.6,5.6,5.6,32.7,18.0,77.4,13.6,9.3,26.8,11.2,2.7,5.3,34.3,2.7,5.1,3.6,3.4325,40,-0.07715869343902543,-0.10808814158346623,-0.09262341751124584,0.23413438055433483,0.49015614392396467,569.6489478886966,1192.549898167006,736,709,752,-0.0020850194694600616,0.10391810264454611,653,"Montgomery, MD"
24033800704,MD,Maryland,Prince George's,24033,5406,4181,-76.7828533,38.7781062,7.9,24.3,12.0,39.3,75.0,5.2,12.8,4.4,80.1,91.0,11.9,72.1,4.8,9.9,61.5,15.6,13.4,24.7,27.2,20.3,15.1,18.0,3.5,33.9,19.9,7.2,10.0,36.8,23.6,83.8,15.1,12.6,44.1,11.4,3.9,12.6,46.7,3.4,6.2,4.7,4.4625,40,0.860232736195003,-0.3589318204909287,0.2506504578520371,0.3135144421413667,0.6945010183299389,1694.8590742162285,3754.47250509165,245,961,451,0.025115610475665434,0.40916304144225957,627,"Prince George's, MD"
24031701601,MD,Maryland,Montgomery,24031,2128,1557,-76.9763685,39.0147267,15.2,18.3,12.8,33.5,71.3,3.7,10.8,4.5,74.7,86.5,14.9,61.0,4.9,11.3,54.6,17.8,12.4,27.7,29.6,26.8,20.9,22.6,4.0,35.9,22.5,8.3,12.4,38.9,26.9,79.8,16.1,12.0,33.8,12.5,4.3,13.5,42.1,3.2,13.5,6.4,4.482499999999999,40,0.19977539961283972,0.8433211814816818,0.5215482905472607,0.3761579702000719,0.8078750848608283,800.464160585753,1719.1581805838425,567,171,284,0.4101041134084903,-0.02311295466470118,297,"Montgomery, MD"
24031701505,MD,Maryland,Montgomery,24031,7010,5418,-76.9933235,39.0300467,11.6,21.3,12.7,35.8,74.3,5.6,10.7,5.3,77.1,88.9,13.2,66.4,5.4,10.1,61.1,17.8,12.5,26.7,26.9,20.8,16.0,20.3,4.8,38.8,17.9,7.6,10.0,36.6,23.9,80.1,14.9,12.1,32.5,12.2,4.0,10.9,39.2,3.4,8.8,5.5,3.635,40,0.41979576642731037,0.19874517521826085,0.3092704708227856,0.3270699748335243,0.7202987101154107,2292.760523583005,5049.293957909029,438,473,413,0.23146390153087631,0.2641826278434918,431,"Montgomery, MD"
24031700711,MD,Maryland,Montgomery,24031,6733,5301,-77.1658884,39.1342913,8.0,18.4,14.4,28.6,73.4,6.4,8.9,4.3,75.9,90.7,9.4,68.8,3.6,6.5,70.6,17.1,9.2,19.5,22.7,10.3,6.0,13.1,4.4,39.2,9.6,4.6,5.3,33.1,17.2,80.4,12.0,7.7,24.5,9.3,2.2,5.1,33.6,2.3,4.4,3.2,3.027499999999999,40,-0.5859893616747015,-0.2701398034844117,-0.4280645825795566,0.1565655870836147,0.2987101154107264,1054.1560978339778,2011.2152070604209,1126,875,1034,-0.36030116159845926,-0.4504625197125069,1038,"Montgomery, MD"
24031700834,MD,Maryland,Montgomery,24031,5105,3876,-77.2317358,39.1886162,13.9,19.6,13.0,33.1,71.8,4.6,10.5,4.9,74.9,87.2,14.5,59.3,5.4,11.2,58.3,18.9,12.7,27.3,27.0,23.8,18.3,22.0,4.6,38.4,19.8,8.0,11.1,36.9,26.1,75.9,15.8,12.0,32.5,12.9,4.2,11.9,39.3,3.1,14.7,6.1,4.2125,40,0.24482628336819123,0.887605336143704,0.5662158097559475,0.386487070898379,0.8221317040054311,1973.016496936225,4196.982348947726,539,157,263,0.5060708143390034,0.1245362925343027,235,"Montgomery, MD"
24031703901,MD,Maryland,Montgomery,24031,3109,2301,-77.0362582,39.0202612,6.6,21.2,14.7,30.7,74.8,7.7,9.4,4.7,77.4,91.9,9.2,68.0,4.1,6.8,73.6,18.5,9.3,19.9,19.8,9.1,6.0,13.2,4.7,40.7,8.6,4.8,5.0,30.7,16.2,79.2,11.9,8.4,26.0,9.8,2.4,5.1,32.3,2.5,7.5,3.2,3.26,40,-0.30484030088582087,-0.3387282676244551,-0.321784284255138,0.18114228001590435,0.36591989137813985,563.1713485694466,1137.6449422946368,925,938,935,-0.23259997950931094,-0.12647169139416675,892,"Montgomery, MD"
24031705701,MD,Maryland,Montgomery,24031,4652,3450,-77.115724,38.9658091,4.8,21.8,14.8,29.8,76.3,9.3,9.0,4.8,78.2,92.5,8.0,73.6,3.8,5.3,79.0,18.3,8.3,18.5,17.5,6.0,3.6,10.9,5.1,41.8,5.7,4.1,3.6,29.4,13.7,82.2,10.8,7.4,23.0,8.9,1.9,3.4,27.9,2.4,2.8,2.6,3.1825,40,-0.4621027843475556,-0.8623314745660262,-0.6622171294567909,0.10241918991836364,0.13509843856076034,476.45407150022766,628.4779361846571,1056,1358,1275,-0.5139460673069027,-0.1655606600477793,1230,"Montgomery, MD"
24031701223,MD,Maryland,Montgomery,24031,3158,2645,-77.1111259,39.0325195,5.5,15.8,17.2,23.1,68.5,6.1,9.2,3.0,74.4,90.9,8.5,70.3,2.7,5.0,75.2,19.5,6.2,15.9,18.9,6.9,4.0,9.7,3.4,35.1,7.2,3.8,4.2,31.7,12.4,81.2,12.1,5.4,23.2,7.7,1.6,4.0,31.6,1.6,3.2,2.3,3.085,40,-1.1315629965831133,-0.3634899902583698,-0.7475264934207415,0.08269190202544628,0.0746775288526816,261.1410265963594,235.8316361167685,1340,968,1364,-0.6147815801634267,-0.8660731700684835,1374,"Montgomery, MD"
24031703202,MD,Maryland,Montgomery,24031,5780,4547,-77.0938453,39.0951706,6.8,24.2,13.6,33.4,78.0,9.4,9.2,5.8,78.7,92.4,9.2,71.0,4.7,6.5,69.8,18.0,10.3,22.1,19.2,8.5,5.3,13.9,6.1,43.5,7.8,5.1,4.7,30.2,17.2,77.8,11.4,9.8,25.1,10.5,2.6,4.5,32.4,3.0,4.8,3.5,3.417499999999999,40,0.027082955974570503,-0.47977380039491624,-0.22634542221017287,0.2032119546711866,0.4215885947046843,1174.5650979994587,2436.7820773930753,663,1091,853,-0.13096107302369003,0.2178516543475362,781,"Montgomery, MD"
24031703701,MD,Maryland,Montgomery,24031,4053,3105,-77.0624733,39.0532841,25.6,20.0,13.5,32.7,71.4,4.7,9.9,6.0,71.4,84.6,17.4,56.6,6.3,12.7,53.1,18.7,14.2,33.0,29.4,30.2,20.8,28.4,6.0,40.4,23.6,9.3,13.0,38.8,32.4,73.5,16.1,14.9,32.7,15.6,5.2,12.1,37.8,3.5,15.4,8.2,4.512499999999999,40,0.46601441428268175,1.612283249383191,1.0391488318329363,0.4958500463921674,0.9389002036659878,2009.6802380274544,3805.3625254582485,414,53,91,0.9670527630744392,0.3218222767656876,66,"Montgomery, MD"
24033800507,MD,Maryland,Prince George's,24033,3967,3205,-76.7062714,38.9064512,8.2,23.7,13.1,37.0,75.5,5.8,11.8,4.6,78.4,90.3,11.4,71.0,4.8,9.2,65.9,15.9,12.6,23.9,25.4,16.9,11.6,16.8,3.9,35.0,15.9,6.6,8.4,35.7,22.3,82.8,14.3,11.7,39.9,11.1,3.4,9.6,42.0,3.2,6.2,4.3,3.6225,40,0.5971096081077303,-0.3222699628162234,0.13741982264575345,0.28733052474683335,0.626612355736592,1139.840191670688,2485.7712152070603,355,926,551,-0.025880888957092008,0.2705081849020394,683,"Prince George's, MD"
24031700727,MD,Maryland,Montgomery,24031,1793,1368,-77.1877298,39.1376131,20.8,22.0,13.4,33.8,73.3,6.1,9.8,6.7,73.0,85.9,16.2,58.7,7.0,12.4,55.4,19.2,13.6,32.0,26.4,25.2,17.9,26.1,6.7,41.6,19.5,9.1,11.3,36.6,29.6,70.9,15.5,14.8,31.4,15.2,4.9,10.5,36.9,3.7,16.9,7.4,4.735,40,0.6190400963185603,1.3802217682572098,0.999630932287885,0.48671176490670176,0.9280380176510523,872.6741944777162,1663.9721656483368,343,76,107,0.9519724111337474,0.5237230540102851,69,"Montgomery, MD"
24031700500,MD,Maryland,Montgomery,24031,7196,5390,-77.4397368,39.1234371,6.1,22.8,15.5,31.0,75.2,8.6,9.8,5.1,76.9,91.4,10.0,71.0,4.8,7.6,74.6,20.3,9.2,21.1,19.1,8.5,5.5,13.6,5.2,41.9,7.8,5.2,4.8,30.8,16.0,79.8,12.7,8.9,25.8,10.6,2.6,4.6,31.1,2.6,7.4,3.2,3.45,40,-0.1277793537787406,-0.4258171681171481,-0.27679826094794435,0.19154503291080943,0.39646978954514595,1378.3580568261846,2852.99660556687,776,1046,890,-0.15642781091875763,0.11296154627963283,809,"Montgomery, MD"
24031700706,MD,Maryland,Montgomery,24031,4691,3396,-77.2356765,39.1538746,10.9,16.5,14.0,28.7,69.8,4.4,9.3,3.8,74.1,88.5,11.6,62.7,3.8,8.7,64.0,17.5,10.0,21.7,25.6,16.9,11.4,16.5,3.9,37.0,14.8,5.8,8.0,35.3,21.2,79.7,13.9,8.4,28.0,10.4,2.8,8.3,37.0,2.3,7.4,4.2,3.5675,40,-0.5292352468207816,0.3468806089200091,-0.09117731895038625,0.23446878232813856,0.4908350305498982,1099.8930579012979,2302.507128309572,1095,363,751,-0.08393663607968296,-0.514753881079375,743,"Montgomery, MD"
24031700618,MD,Maryland,Montgomery,24031,5093,3891,-77.2263638,39.0890223,4.1,18.3,11.1,29.8,78.0,6.5,7.4,4.2,79.4,93.2,6.4,68.9,3.0,4.7,74.5,13.4,10.5,15.6,21.5,6.7,3.2,10.6,4.1,45.0,5.3,3.3,3.4,30.2,15.6,81.0,8.8,6.6,18.2,8.0,1.7,2.9,31.5,2.2,3.1,2.6,2.8600000000000003,40,-0.830500949994992,-0.7764371074171805,-0.8034690287060863,0.06975552027607546,0.04276985743380855,355.2648647660523,217.82688391038695,1247,1302,1411,-0.699676839079993,-0.6229165707428055,1428,"Montgomery, MD"
24021772200,MD,Maryland,Frederick,24021,1566,1302,-77.383808,39.4123663,11.7,29.2,13.8,40.1,75.4,7.8,11.0,7.7,77.7,85.3,16.8,62.5,9.3,16.1,53.5,24.3,14.7,32.6,24.3,22.9,23.1,24.3,7.6,39.6,17.8,10.3,11.9,33.8,29.8,65.9,19.5,15.6,43.3,14.8,5.3,13.7,40.0,4.2,21.4,7.0,5.0725,40,1.5859991128147037,1.2258098665997597,1.4059044897072317,0.5806601318629707,0.9809911744738629,909.3137664974122,1536.2321792260693,56,94,29,1.3150549593158847,1.4043000520320097,22,"Frederick, MD"
24031704401,MD,Maryland,Montgomery,24031,3664,2773,-77.1147298,39.0218818,4.3,22.2,13.5,31.7,78.0,9.2,8.7,5.0,79.7,93.8,7.1,73.0,3.5,4.8,77.2,16.6,9.3,17.9,17.8,5.8,3.3,10.8,5.1,43.7,5.5,3.9,3.4,28.5,13.7,81.6,9.8,7.6,22.5,8.7,2.0,3.2,29.3,2.5,3.5,2.6,3.04,40,-0.4082184766754256,-0.9309545738379664,-0.669586525256696,0.10071506054983362,0.12898845892735913,369.01998185459036,472.6137135098439,1012,1384,1284,-0.5375544722427789,-0.14415437064759126,1265,"Montgomery, MD"
24031705502,MD,Maryland,Montgomery,24031,4097,3077,-77.101874,38.9703808,4.3,26.0,13.5,33.9,79.7,11.4,9.2,6.0,80.5,93.7,7.8,73.8,4.5,5.2,77.5,18.4,9.6,20.3,16.1,5.5,3.4,11.7,6.2,45.3,5.2,4.4,3.4,27.8,14.4,82.4,10.4,8.8,23.7,9.8,2.2,3.2,27.9,2.8,4.0,2.9,3.0050000000000003,40,0.004623131246727528,-1.0208871609699257,-0.5081320148615991,0.13805046501399085,0.24915139171758316,565.5927551623205,1020.7732518669382,680,1414,1107,-0.34882635565912556,0.3232344496516746,1029,"Montgomery, MD"
24031702900,MD,Maryland,Montgomery,24031,5439,4288,-77.0277748,39.0056401,4.2,22.6,14.5,31.5,77.5,9.5,9.2,4.8,79.6,93.8,7.2,75.8,3.5,4.6,79.1,17.7,8.6,17.6,17.2,5.4,3.3,10.3,4.8,42.0,5.8,3.8,3.5,28.6,12.6,82.9,10.3,7.3,24.3,8.6,1.9,3.6,29.7,2.4,2.3,2.5,2.8725,40,-0.38238899701472434,-1.0668406969187993,-0.7246148469667618,0.08799008530447522,0.09368635437881874,478.57807397104074,509.5600814663951,987,1432,1336,-0.590486148427785,-0.11413159993677079,1335,"Montgomery, MD"
24031703220,MD,Maryland,Montgomery,24031,5055,4057,-77.0511748,39.0960373,11.2,25.1,11.3,38.5,79.4,7.6,10.1,6.4,79.5,91.2,11.6,71.9,5.6,8.4,66.0,16.4,13.7,27.5,25.5,16.5,11.5,19.5,6.0,42.9,14.1,7.1,7.8,35.0,24.2,79.9,12.9,13.5,29.4,12.4,3.8,8.0,36.1,4.0,9.8,5.3,3.605,40,0.6859811975178858,-0.25711851187080387,0.21443134282354095,0.30513898514351867,0.6707399864222675,1542.477569900487,3390.5906313645623,315,865,486,0.15654097957250399,0.5702004710158118,502,"Montgomery, MD"
24031700830,MD,Maryland,Montgomery,24031,2376,1814,-77.2448532,39.1851226,9.0,15.0,14.5,27.4,68.4,3.9,9.6,3.3,74.3,88.6,11.0,65.5,3.2,7.6,65.5,17.1,8.9,20.1,26.2,15.2,10.1,14.6,3.3,34.5,14.2,5.3,7.6,36.3,18.9,80.8,13.9,7.4,27.6,9.3,2.5,8.1,38.0,2.1,6.3,3.7,3.497500000000001,40,-0.724474045488212,0.17411176189290176,-0.2751811417976551,0.19191898218850403,0.3998642226748133,455.9995016798856,950.0773930753564,1201,485,885,-0.28081259120329793,-0.7357369442994977,952,"Montgomery, MD"
24021775600,MD,Maryland,Frederick,24021,5172,3566,-77.3351285,39.4259707,5.1,21.7,18.2,28.0,71.2,7.5,9.6,3.7,77.4,90.7,9.6,66.1,3.7,7.7,74.4,21.9,7.6,17.8,20.3,6.7,4.6,10.8,4.1,36.0,7.4,4.5,4.4,30.3,14.7,76.2,14.7,6.6,32.7,8.8,2.0,4.8,34.1,2.0,3.6,2.4,3.73,40,-0.46575638501898065,-0.23449406012349724,-0.35012522257123896,0.17458860497557238,0.34351663272233535,902.9722649336603,1776.6680244399183,1059,846,968,-0.2374099147655446,-0.24032576940759195,894,"Frederick, MD"
24031702200,MD,Maryland,Montgomery,24031,4361,3315,-77.0065074,39.0093138,7.3,21.1,14.9,30.5,74.7,7.6,9.5,4.6,77.0,91.7,9.4,71.2,4.2,6.8,73.2,18.7,9.3,20.1,19.5,9.4,6.2,13.5,4.7,40.7,8.8,4.9,5.0,30.6,16.2,79.0,11.9,8.4,26.4,9.9,2.5,5.1,31.9,2.5,7.1,3.3,3.5275,40,-0.29550676286367344,-0.36496350634798486,-0.33023513460582915,0.17918807065292638,0.35845213849287166,781.439176117412,1563.2097759674134,914,971,946,-0.24121379918638627,-0.1174640920247877,902,"Montgomery, MD"
24031704700,MD,Maryland,Montgomery,24031,3816,2983,-77.1073449,38.9850986,3.8,23.4,14.6,30.9,78.5,10.8,8.8,5.1,79.6,93.6,7.1,77.3,3.7,4.4,79.5,17.9,8.3,17.6,15.7,4.3,2.4,9.9,5.3,44.1,4.2,3.7,2.9,27.7,12.1,83.3,9.8,7.2,21.8,8.6,1.8,2.5,27.6,2.4,3.1,2.3,3.085,40,-0.42474385639400025,-1.1362653852904658,-0.780504620842233,0.07506590432034103,0.05227427019687712,286.45149088642137,199.47861507128312,1025,1454,1397,-0.5929534666270524,-0.04964154796363898,1339,"Montgomery, MD"
24031700823,MD,Maryland,Montgomery,24031,3509,2613,-77.2359227,39.1335903,6.9,21.4,13.8,31.2,75.2,7.6,9.2,5.0,77.1,91.4,9.5,67.7,4.4,7.3,70.7,18.1,10.0,20.7,21.2,10.0,6.3,13.9,5.1,41.8,8.9,5.0,5.2,31.6,17.6,78.2,12.1,8.8,25.2,10.3,2.5,5.1,32.6,2.6,4.6,3.4,3.4200000000000004,40,-0.23356759849697717,-0.2904942084439966,-0.26203090347048685,0.1949598973388051,0.4059742023082145,684.114279761867,1424.5634758995247,870,892,876,-0.17978382510013444,-0.0690734417562723,834,"Montgomery, MD"
24033800514,MD,Maryland,Prince George's,24033,6586,4941,-76.7834766,38.9592889,5.7,22.5,12.1,37.7,76.7,5.2,11.4,3.8,81.0,92.9,8.7,71.8,3.5,6.7,70.0,13.3,12.4,19.5,24.3,13.0,8.3,13.8,3.0,35.0,13.5,5.1,6.8,33.6,18.7,85.8,11.9,9.9,39.2,9.3,2.9,8.4,42.3,2.8,6.3,3.5,3.9375,40,0.30248362414518937,-0.774447203484498,-0.23598178966965433,0.20098360146021363,0.41683638832315,1323.677999216967,2745.284453496266,502,1299,860,-0.4091587729969284,-0.04387034250935875,1093,"Prince George's, MD"
24021752801,MD,Maryland,Frederick,24021,2192,1756,-77.5145169,39.581793,6.0,30.7,15.1,37.3,78.9,10.8,9.9,6.5,80.0,90.8,11.2,71.9,6.5,10.2,66.3,22.0,11.3,24.5,21.4,8.3,6.2,15.0,6.8,42.9,7.7,6.0,5.0,30.8,20.0,73.5,15.2,11.0,34.6,11.7,2.9,5.1,35.4,3.2,9.3,3.4,3.77,40,0.7383422610456165,-0.24045615932351305,0.24894305086105173,0.3131196143323611,0.693143245078072,686.3581946165355,1519.3699932111338,296,850,453,0.3274875764250788,0.8954313121736707,351,"Frederick, MD"
24031702401,MD,Maryland,Montgomery,24031,2722,2090,-77.0086375,38.9891295,5.9,22.3,14.7,32.0,76.2,8.4,9.6,4.8,78.3,92.7,8.6,73.6,4.1,6.2,78.2,18.8,9.5,19.4,18.2,8.0,5.4,12.5,4.7,41.5,7.8,4.6,4.6,29.4,15.0,82.9,11.5,8.2,26.9,9.6,2.3,4.8,30.0,2.6,4.8,3.1,3.2300000000000004,40,-0.1911883279482226,-0.7934531375727527,-0.49232073276048766,0.14170673086185911,0.2606924643584521,385.7257214059805,709.6048879837067,835,1313,1090,-0.39330380750007954,0.006845522572593607,1073,"Montgomery, MD"
24031703219,MD,Maryland,Montgomery,24031,3363,3327,-77.0631981,39.1059788,5.8,47.4,3.7,58.3,91.4,21.1,8.8,14.8,91.7,97.9,8.4,81.7,10.3,4.9,69.7,13.1,19.0,40.4,17.3,7.4,5.3,21.8,15.8,58.9,3.9,8.9,3.7,28.0,28.4,79.7,7.2,23.7,22.1,15.5,4.7,2.5,25.8,7.5,10.9,6.7,5.2625,40,3.0816230024869267,-1.5311272189365144,0.7752478917752061,0.43482450853995336,0.8771215207060421,1462.3148222198631,2949.7596741344196,2,1469,182,0.749123010724964,3.0293732403864424,133,"Montgomery, MD"
24031702502,MD,Maryland,Montgomery,24031,1731,1556,-77.0247984,38.9879974,9.0,16.5,15.2,28.2,68.9,4.7,10.6,3.6,74.8,88.4,11.8,71.6,3.6,7.4,60.6,19.2,8.4,21.9,24.8,15.2,11.0,14.7,3.6,32.8,14.5,6.0,8.1,37.0,18.0,83.8,14.9,8.1,29.0,9.3,2.5,8.4,38.6,2.4,6.3,3.8,3.6775000000000007,40,-0.47775557990640605,0.00048563723291011266,-0.23863497133674796,0.2003700688285428,0.41412084181941616,346.8405891422076,716.8431771894094,1070,601,864,-0.2479918996437956,-0.4964694365205013,910,"Montgomery, MD"
24031700819,MD,Maryland,Montgomery,24031,6585,5057,-77.248836,39.166638,10.0,18.3,14.6,29.2,71.9,5.5,9.7,4.0,75.4,90.1,11.0,67.7,3.8,7.8,67.1,17.8,9.6,21.3,24.7,13.7,8.6,15.3,4.0,38.1,12.9,5.4,6.8,34.9,19.0,80.8,13.4,8.6,27.7,10.3,2.6,6.8,36.0,2.4,5.8,3.8,3.51,40,-0.42861031380517983,-0.045161639661683656,-0.23688597673343176,0.20077451352792372,0.41615750169721655,1322.1001715813777,2740.397148676171,1028,653,861,-0.2076380806043409,-0.3701145215469982,858,"Montgomery, MD"
24033801411,MD,Maryland,Prince George's,24033,3359,2706,-77.001109,38.7700808,11.6,25.6,11.2,40.8,78.6,5.8,10.8,5.6,79.2,90.8,11.2,70.6,5.2,9.5,65.6,13.2,15.9,26.2,28.1,19.4,12.3,19.6,4.5,38.5,17.0,6.8,8.8,36.1,27.0,83.7,12.9,14.2,39.1,12.0,3.9,9.6,41.5,3.9,8.9,5.2,4.069999999999999,40,0.9395313692598974,-0.298260921822615,0.3206352237186412,0.3296980069954233,0.725050916496945,1107.4556054976267,2435.446028513238,210,904,406,0.10415707294535737,0.5065750677133297,543,"Prince George's, MD"
24033801907,MD,Maryland,Prince George's,24033,3605,3044,-76.935807,38.8268937,12.3,32.8,9.3,50.3,81.5,6.6,13.0,7.7,82.3,90.6,14.1,71.7,8.3,13.0,52.8,14.7,20.8,34.5,29.3,29.3,24.6,26.9,5.6,39.8,23.6,10.5,13.1,37.6,34.1,80.7,15.2,21.6,47.4,15.3,6.4,15.5,46.8,6.0,14.4,8.1,4.7475,40,2.52135788696738,0.027772450820777332,1.2745651688940787,0.5502886875929587,0.9687712152070604,1983.790718772616,3492.420230821453,8,578,47,0.8923280367808718,1.7568836227409663,89,"Prince George's, MD"
24033801213,MD,Maryland,Prince George's,24033,3888,3090,-76.9393047,38.7747752,12.8,28.0,11.1,44.3,79.3,6.0,11.9,6.2,80.0,90.6,12.5,70.5,6.2,10.9,57.5,14.1,17.4,29.1,28.7,23.1,16.4,22.3,4.7,38.4,20.2,8.0,10.4,36.7,28.9,83.2,14.1,16.4,43.9,13.3,4.8,12.0,45.5,4.5,9.9,6.0,4.1125,40,1.5122599017715568,-0.12488580144128542,0.6936870501651357,0.4159640443603071,0.8635437881873728,1617.268204472874,3357.458248472505,68,727,202,0.4153251654561454,0.9555361323535763,294,"Prince George's, MD"
24033801305,MD,Maryland,Prince George's,24033,6143,5051,-76.9718128,38.7642507,10.6,26.8,11.4,42.6,78.8,6.0,11.6,5.7,80.1,91.1,11.5,69.1,5.5,9.8,58.1,13.9,16.3,27.0,27.7,20.0,13.6,20.0,4.5,37.9,18.2,7.2,9.4,36.0,26.4,82.2,13.6,14.9,42.1,12.3,4.3,10.8,44.6,4.1,8.2,5.4,4.2225,40,1.201625501014365,-0.18867300417930527,0.5064762484175299,0.3726726492410149,0.8058384249830278,2289.3280842875547,4950.26544467074,130,797,287,0.26265861456134154,0.7139902333019884,404,"Prince George's, MD"
24033800800,MD,Maryland,Prince George's,24033,3446,2890,-76.7300104,38.7107792,7.8,30.1,12.8,40.8,79.6,9.4,11.1,6.6,79.8,92.1,10.7,72.5,6.2,9.2,65.2,16.1,13.9,26.2,22.4,12.6,8.1,17.1,6.2,41.0,11.7,6.5,6.5,32.4,22.5,79.0,12.9,13.8,37.6,12.5,3.6,6.9,39.0,3.8,8.8,4.3,3.5200000000000005,40,1.1219840229515345,-0.4006474657709784,0.36066827859027806,0.33895541511558536,0.7474541751527495,1168.0403604883072,2575.7270875763747,155,1012,373,0.25424139515651023,0.9091302560839989,413,"Prince George's, MD"
24033805906,MD,Maryland,Prince George's,24033,3816,2743,-76.974639,39.0070815,26.5,18.0,14.5,31.6,64.6,3.2,11.2,4.3,69.8,81.7,18.3,55.0,5.4,14.0,41.5,17.0,12.7,32.1,29.8,36.1,26.9,27.3,4.3,31.0,30.2,10.0,16.4,40.0,33.9,74.9,17.7,13.8,44.4,14.3,5.0,17.5,46.9,3.0,20.6,7.9,5.295,40,0.3733459666809418,2.2153037200994268,1.2943248433901844,0.5548579959237504,0.9721656483367278,2117.3381124450316,3709.784114052953,463,21,42,1.0905618652520146,-0.03417998959539747,43,"Prince George's, MD"
24033806706,MD,Maryland,Prince George's,24033,4083,3363,-76.8990044,38.9885501,12.6,24.5,12.2,37.5,76.2,6.1,11.0,5.6,77.1,88.8,12.3,67.9,5.6,9.8,59.9,15.0,14.2,27.0,26.2,20.2,13.6,20.0,4.9,36.9,17.1,7.4,9.5,36.1,26.2,79.2,13.8,13.8,38.3,12.3,4.0,9.8,41.2,3.6,9.6,5.4,3.9025,40,0.7837402430427565,0.20666849848881397,0.4952043707657852,0.37006609393222517,0.8010862186014935,1510.9798615252753,3270.835030549898,273,467,294,0.31700215886861366,0.42733581924841335,364,"Prince George's, MD"
24033806400,MD,Maryland,Prince George's,24033,3934,3263,-76.9459129,38.9751066,6.7,21.3,15.4,29.0,72.8,7.5,9.5,4.4,75.0,89.1,9.2,72.3,4.0,6.4,68.4,16.6,9.0,19.7,19.1,9.0,5.1,12.1,4.6,35.3,8.0,4.7,5.1,31.6,16.6,78.2,12.0,8.3,30.3,9.2,2.2,4.7,34.5,2.3,3.5,3.0,3.2475,40,-0.3269366152201134,-0.20298313270519155,-0.26495987396265247,0.19428259016589935,0.40325865580448067,764.307709712648,1586.419551934827,941,813,880,-0.25703407047451443,-0.3110850082438373,927,"Prince George's, MD"
24033801908,MD,Maryland,Prince George's,24033,3781,2865,-76.9437961,38.8436057,12.4,22.6,12.1,39.0,71.9,3.9,13.5,4.3,77.6,87.8,15.4,63.1,5.5,13.2,54.8,16.1,13.7,28.9,33.1,29.3,22.4,22.5,3.3,31.9,26.5,9.1,13.5,41.9,29.1,81.4,17.7,14.2,46.0,12.8,4.6,15.9,49.0,3.6,15.6,6.0,5.1625,40,0.9972157549369347,0.6061031969986801,0.8016594759678074,0.4409320318042886,0.8805159538357095,1667.164012252015,3329.2308214528175,191,244,177,0.5212111800971257,0.43631916319557135,225,"Prince George's, MD"
24033802803,MD,Maryland,Prince George's,24033,5939,4615,-76.9054707,38.8738924,12.5,25.5,11.4,42.4,75.4,4.7,13.1,5.3,78.8,88.8,14.6,67.3,6.2,13.0,52.1,15.5,15.9,30.2,30.9,28.6,22.7,23.7,4.0,34.5,25.1,9.4,13.1,39.5,30.0,82.1,16.5,16.3,46.3,13.5,5.2,15.7,48.7,4.3,13.6,6.6,4.225,40,1.4119125391228584,0.3477695512560556,0.8798410451894569,0.4590110591500705,0.8981670061099797,2726.0666802922688,5334.213849287169,88,361,151,0.5740058655601261,0.8002421798641968,211,"Prince George's, MD"
24033805907,MD,Maryland,Prince George's,24033,3346,2509,-76.9784818,39.0048847,22.2,21.7,12.9,37.1,70.7,3.8,11.4,5.2,73.5,84.9,16.7,58.7,6.1,14.1,49.3,16.0,15.7,32.1,29.6,34.8,26.7,27.4,4.6,34.2,29.0,9.8,15.5,38.6,34.6,77.9,16.8,15.9,46.1,14.8,5.5,17.6,45.4,3.7,15.8,8.1,4.7225,40,0.9509468330965158,1.4014700628181154,1.1762084479573156,0.5275442752569016,0.9592668024439919,1765.1631450095929,3209.706720977597,206,71,61,0.9209209717692787,0.440371880720442,78,"Prince George's, MD"
24033801407,MD,Maryland,Prince George's,24033,6575,5302,-76.949994,38.792036,10.8,25.4,11.8,40.4,77.9,5.8,11.8,5.1,79.8,91.2,11.2,72.9,4.9,8.8,60.7,13.9,14.7,25.4,27.3,18.7,12.3,18.6,3.9,36.4,17.6,6.8,8.9,36.3,24.3,85.2,13.4,13.5,41.3,11.5,3.9,10.1,44.8,3.7,9.5,4.9,4.015,40,0.9215106639005263,-0.36075023822683333,0.28038021283684644,0.32038927285536734,0.7087576374745418,2106.55946902404,4660.081466395112,217,965,430,0.056519474665422426,0.4737891875576782,597,"Prince George's, MD"
24033801704,MD,Maryland,Prince George's,24033,5506,4319,-76.9807272,38.8234411,12.2,24.5,11.5,42.0,74.2,4.3,13.2,5.1,78.7,88.3,15.0,67.0,6.1,13.3,52.3,16.0,15.9,29.9,30.1,30.5,25.4,23.8,3.8,33.6,26.8,9.5,14.2,39.1,30.1,80.7,17.1,15.7,48.1,13.4,5.3,17.7,49.5,4.1,9.9,6.8,5.21,40,1.368774951456872,0.3885672902051766,0.8786711208310243,0.45874052103374496,0.8968092328581126,2525.8253088118,4937.831636116768,94,344,153,0.5699859497548015,0.7514046093044264,214,"Prince George's, MD"
24033805909,MD,Maryland,Prince George's,24033,5024,4036,-76.9604189,38.9777773,12.3,13.2,16.1,23.8,61.3,3.1,10.2,2.5,71.0,85.3,12.0,66.5,2.7,7.5,59.2,15.5,7.4,20.5,26.9,17.4,10.1,14.2,2.7,26.7,16.3,5.6,8.7,39.0,20.0,79.4,14.6,6.9,33.8,8.7,2.2,8.4,41.3,1.7,8.8,3.6,3.6375,40,-0.8945694408013782,0.7638520131478302,-0.065358713826774,0.2404391826757754,0.5098438560760353,1207.9664537630956,2561.4555329260015,1267,199,723,-0.16202474651968618,-1.0879015061872026,816,"Prince George's, MD"
24033806501,MD,Maryland,Prince George's,24033,5316,3771,-76.9318346,38.9592228,28.6,21.0,14.0,33.6,68.2,4.1,10.8,5.5,70.0,82.2,18.6,55.1,6.6,14.9,44.7,17.2,14.8,34.4,28.5,36.1,26.3,29.8,5.5,34.6,28.7,10.5,15.9,38.5,36.3,74.1,17.1,16.4,44.0,16.0,5.8,16.3,43.2,3.6,19.1,8.9,5.18,40,0.7922449416985222,2.119427561494878,1.4558362515967,0.5922065576716357,0.9830278343516633,3148.1700605824153,5225.775967413442,270,25,26,1.2495879581127092,0.37974835473054047,28,"Prince George's, MD"
24033801310,MD,Maryland,Prince George's,24033,7058,5606,-76.9831879,38.6633112,7.4,25.0,12.0,40.3,77.7,5.8,11.7,4.7,80.6,92.1,10.3,72.8,4.5,8.6,66.2,14.0,14.0,23.1,26.3,16.1,10.7,16.6,3.7,36.5,15.8,6.1,7.9,35.0,22.3,84.9,13.1,12.1,41.0,10.9,3.5,9.5,43.7,3.4,8.6,4.3,4.0525,40,0.7637517230216483,-0.5854163112910489,0.0891677058652997,0.27617250697550266,0.5953835709436525,1949.2255542330977,4202.217243720299,284,1191,597,-0.11072201142962651,0.36397228843179585,761,"Prince George's, MD"
24033802408,MD,Maryland,Prince George's,24033,2320,1934,-76.919751,38.8651094,11.1,27.0,11.0,44.0,77.2,5.1,12.9,5.6,80.1,89.9,13.7,71.2,6.2,12.1,57.3,15.2,16.9,29.6,30.1,26.7,20.9,22.8,4.0,36.1,23.7,8.8,12.3,38.6,29.6,82.9,16.0,16.4,46.5,13.3,5.0,14.9,47.7,4.4,11.2,6.3,4.225,40,1.539017911061829,-0.03147016169477677,0.7537738746835261,0.4298587685824498,0.8723693143245078,997.2723431112836,2023.8968092328582,64,633,189,0.449085592751201,0.9296413471971788,271,"Prince George's, MD"
24033802404,MD,Maryland,Prince George's,24033,4687,3402,-76.8909924,38.8641336,13.0,26.4,10.6,44.4,74.0,4.2,14.3,5.6,79.0,86.6,17.6,62.6,7.7,16.3,45.3,17.5,17.5,34.2,31.3,39.0,36.2,28.0,4.1,33.4,32.4,12.1,18.2,40.8,35.0,78.8,19.5,18.7,51.5,15.2,6.6,23.0,51.6,4.7,25.5,8.5,4.81,40,1.9288245702688385,1.1101465510390836,1.519485560653961,0.6069250854582037,0.9857433808553971,2844.657875542601,4620.179226069246,19,118,22,1.1530089194761812,1.1958712879132787,34,"Prince George's, MD"
24033806800,MD,Maryland,Prince George's,24033,4183,3266,-76.9129902,38.9895238,13.6,21.7,15.3,30.9,71.6,6.5,10.0,4.9,73.3,87.8,12.1,65.6,5.0,9.4,62.1,16.5,10.9,24.6,23.6,15.6,9.1,17.4,5.1,35.9,13.7,6.3,7.5,34.4,23.1,77.6,13.6,11.0,34.7,11.6,3.1,7.2,37.5,2.7,8.7,4.4,3.815,40,0.08481927176804946,0.46862229459395865,0.27672078318100407,0.3195430513037076,0.7053632043448744,1336.6485836034087,2950.53428377461,632,307,435,0.2140517025908878,-0.040518889412183096,451,"Prince George's, MD"
24033803527,MD,Maryland,Prince George's,24033,3043,2433,-76.8189558,38.8973278,8.0,27.1,10.8,43.5,78.8,5.7,12.7,5.1,81.9,91.9,11.2,71.8,5.2,9.4,61.7,14.2,15.6,25.8,27.6,19.8,14.4,18.8,3.7,36.4,18.9,7.2,9.5,36.6,24.7,84.5,14.1,14.3,44.1,11.7,4.1,11.7,45.7,4.0,9.0,5.0,4.55,40,1.2505335587757043,-0.4885264748297104,0.3810035419729969,0.34365782498583963,0.7576374745417516,1045.75076143191,2305.49083503055,118,1100,358,0.11487823277889145,0.7182829403874933,535,"Prince George's, MD"
24033803610,MD,Maryland,Prince George's,24033,3527,2677,-76.880049,38.9630071,19.0,23.9,12.5,38.0,74.9,5.1,11.3,5.6,75.5,87.4,14.6,67.4,6.0,11.8,55.3,15.2,15.4,30.3,29.0,26.9,18.3,24.1,4.9,36.1,22.8,8.5,11.9,38.1,31.0,80.4,15.2,15.6,42.4,13.8,4.8,12.6,43.7,3.9,13.4,6.7,4.1825,40,0.9911965066557817,0.6316818275066551,0.8114391670812184,0.44319352776596976,0.8825526137135098,1563.1435724305754,3112.763068567549,196,236,174,0.5814538039315362,0.5312257803564173,205,"Prince George's, MD"
24033801701,MD,Maryland,Prince George's,24033,4441,3378,-76.9437236,38.8066469,11.1,24.2,12.2,40.3,74.9,4.7,12.7,4.8,78.7,89.4,13.4,70.8,5.3,11.2,57.0,15.4,14.6,27.5,29.7,24.4,18.0,20.6,3.7,33.8,22.8,8.0,11.5,38.7,27.1,82.8,16.0,14.0,45.2,12.3,4.3,13.9,47.4,3.7,10.6,5.5,4.2375,40,1.0435536673947634,0.052244366036192064,0.5478990167154777,0.38225142040475885,0.8167006109979633,1697.578558017534,3626.967413441955,177,568,271,0.28403993518175497,0.5158355043273178,393,"Prince George's, MD"
24033802107,MD,Maryland,Prince George's,24033,3976,2879,-76.902819,38.8430099,11.9,22.3,11.7,39.6,70.7,3.6,13.7,4.2,78.0,87.2,15.8,65.1,5.8,13.8,52.3,16.9,14.2,29.3,30.2,32.7,28.6,23.6,3.2,31.1,28.9,9.9,15.6,40.0,29.5,83.0,18.2,14.5,48.8,13.0,5.2,19.7,50.1,3.6,16.8,6.7,5.76,40,1.1001940199162754,0.6373441047569476,0.8687690623366116,0.456450728336025,0.8947725729803123,1814.8480958640355,3557.6157501697217,160,232,156,0.5728641442366087,0.5083841837162697,212,"Prince George's, MD"
24033801217,MD,Maryland,Prince George's,24033,3927,3269,-76.890362,38.7651558,11.0,28.9,10.7,45.7,79.8,6.3,12.2,6.5,80.8,90.8,12.7,72.6,6.6,11.4,56.3,14.2,17.6,29.8,29.1,23.2,17.0,22.6,4.9,38.7,20.2,8.4,10.7,37.1,28.9,82.4,14.4,17.1,43.9,13.5,5.0,12.3,46.3,4.7,17.2,6.2,4.6625000000000005,40,1.6795678970993815,-0.055270548751031406,0.812148674174175,0.4433575971017901,0.8839103869653768,1741.0652838187298,3471.116089613035,43,660,172,0.5209876253860809,1.0972457995231932,226,"Prince George's, MD"
24033803900,MD,Maryland,Prince George's,24033,4654,3282,-76.921979,38.9492635,37.1,20.4,13.7,33.9,66.3,3.5,11.0,5.8,68.1,79.4,21.6,51.5,7.1,16.8,43.8,17.4,16.2,38.8,31.1,45.3,33.8,35.6,5.8,34.6,35.7,12.2,19.9,40.7,41.8,71.8,18.4,18.6,46.5,18.1,7.0,20.0,44.5,3.7,22.2,11.1,5.489999999999999,40,0.9763924790193933,2.821572666442788,1.8989825727310905,0.6946815340341307,0.9932111337406653,3233.047859394844,4622.404616429056,199,9,11,1.6593579514719998,0.497143236501212,13,"Prince George's, MD"
24033803601,MD,Maryland,Prince George's,24033,3663,2845,-76.8471941,38.9398413,11.8,26.5,11.4,42.9,78.6,5.7,11.9,5.6,80.0,91.0,12.1,73.2,5.4,9.9,60.9,13.5,15.9,27.8,29.9,20.8,13.7,20.5,4.2,37.0,19.2,7.5,9.6,37.9,26.9,84.0,13.8,15.3,42.2,12.4,4.3,10.7,44.8,4.2,9.4,5.5,4.105,40,1.2119293507369935,-0.30273081367893073,0.4545992685290314,0.36067640322858474,0.7841140529531568,1321.157665026306,2872.2097759674134,128,909,319,0.18908757805614657,0.6809059697912239,475,"Prince George's, MD"
24033801807,MD,Maryland,Prince George's,24033,4557,3665,-76.9705827,38.8364528,9.9,26.0,11.1,43.5,77.2,5.2,12.5,5.4,80.5,90.2,12.6,71.5,5.6,10.7,54.8,14.4,15.9,28.0,28.9,24.2,18.8,20.9,4.0,35.1,21.6,8.1,11.4,37.7,27.4,82.1,14.9,15.2,45.3,12.2,4.6,13.8,48.6,4.2,14.9,5.8,4.635,40,1.3182202576996889,0.01906417413043846,0.6686422159150637,0.41017257396919804,0.8553971486761711,1869.1564195776355,3898.044806517312,107,584,214,0.3743381447872598,0.7296121154440811,316,"Prince George's, MD"
24033801707,MD,Maryland,Prince George's,24033,6882,5036,-76.9848028,38.8130945,21.7,23.2,12.3,39.1,71.8,4.0,12.6,5.6,74.6,84.6,17.8,63.5,6.9,14.9,51.7,16.5,16.0,34.0,31.8,36.4,28.8,28.5,4.5,33.8,30.1,10.9,16.4,41.0,35.0,79.3,17.9,17.3,46.8,15.1,5.9,18.2,46.4,4.2,25.4,8.3,5.19,40,1.3257993589995551,1.3834220822333996,1.3546107206164772,0.5687987499120547,0.978275627970129,3914.4729968947604,6732.492871690428,106,75,33,1.055554886703932,0.7276876911744643,49,"Prince George's, MD"
24033801905,MD,Maryland,Prince George's,24033,6771,5656,-76.9093403,38.8259053,9.3,22.2,12.9,37.4,73.3,4.6,12.2,4.1,78.4,89.9,12.0,69.8,4.4,9.7,62.8,15.2,12.7,24.3,28.1,20.2,14.4,17.6,3.3,32.6,19.8,6.9,9.9,37.6,23.7,85.4,15.1,11.7,43.0,10.9,3.6,12.0,45.3,3.2,10.4,4.6,4.225,40,0.5881394888187467,-0.1489515525421667,0.21959396813829,0.3063328118365691,0.6734555329260014,2074.179468945409,4559.967413441956,360,747,482,0.001384561640142265,0.15172067582245122,651,"Prince George's, MD"
24033805908,MD,Maryland,Prince George's,24033,3492,2887,-76.9551963,38.9710564,11.8,15.1,14.4,27.5,62.1,2.9,12.0,2.7,73.8,85.5,14.1,62.4,3.5,9.0,60.7,17.1,8.8,23.7,27.3,23.0,16.1,16.9,2.7,26.8,21.0,7.3,11.8,40.1,22.8,79.8,16.9,8.6,39.4,10.0,3.0,12.4,43.9,2.1,12.0,4.6,4.2925,40,-0.32746988278378936,0.8408058165380845,0.25666796687714755,0.31490595565665613,0.6978954514596063,1099.6515971530432,2437.0509164969453,942,174,446,0.10376460263930859,-0.6332766112594673,544,"Prince George's, MD"
24033801409,MD,Maryland,Prince George's,24033,2719,2153,-76.9821766,38.7901087,13.3,26.3,11.5,41.3,79.0,6.0,11.1,5.7,79.1,90.7,11.5,70.0,5.3,9.4,59.6,13.3,15.7,27.2,28.1,19.9,12.7,20.2,4.5,38.0,17.5,7.1,9.0,36.5,27.1,82.4,13.0,14.9,40.1,12.2,4.0,9.6,43.2,4.1,13.6,5.4,4.31,40,1.0449614591729208,-0.03497024428033894,0.5049956074462909,0.37233025973828665,0.8051595383570944,1012.3659762284015,2189.2287847929397,174,639,288,0.2745528794758656,0.5840760032320701,398,"Prince George's, MD"
24033805904,MD,Maryland,Prince George's,24033,3717,2968,-76.968443,38.9957928,23.5,22.2,13.7,34.8,73.2,5.2,10.0,5.9,72.8,86.0,14.7,64.2,5.7,11.0,51.4,14.9,14.8,30.5,27.7,25.8,15.8,24.6,5.7,36.9,21.3,8.1,11.3,37.0,31.3,76.9,14.3,15.0,39.5,14.0,4.5,10.9,41.8,3.6,15.9,6.9,4.735,40,0.6568837691666913,1.1569530576344234,0.9069184134005573,0.46527254104681315,0.9063136456211812,1729.4180350710044,3368.7678207739305,331,112,139,0.7276472555957318,0.2983414535570404,138,"Prince George's, MD"
24033807405,MD,Maryland,Prince George's,24033,6459,5168,-76.928309,39.0383526,15.3,21.4,14.5,31.7,71.9,6.0,10.2,4.8,73.8,87.8,12.5,68.2,4.9,9.5,60.7,15.9,11.6,25.4,25.0,18.3,11.0,18.6,4.9,35.6,16.2,6.6,8.5,35.5,24.7,78.4,13.9,11.5,36.3,11.9,3.3,8.5,39.3,2.8,9.7,4.8,3.93,40,0.16233757903634008,0.46671718989471256,0.3145273844655263,0.3282856051470075,0.7216564833672776,2120.3967236445214,4661.179226069246,594,308,411,0.22006002117354398,-0.026597147547624576,444,"Prince George's, MD"
24033805500,MD,Maryland,Prince George's,24033,3716,2763,-76.9817825,38.9797221,32.7,21.1,13.6,34.0,68.9,4.0,10.9,5.7,69.5,81.9,19.2,54.9,6.7,15.1,43.2,16.6,15.6,35.8,30.8,38.4,26.8,31.9,5.5,35.5,30.4,10.7,16.4,40.1,38.3,71.5,17.0,17.5,43.7,16.7,6.0,16.1,43.9,3.7,24.4,9.4,4.8375,40,0.8768712746489257,2.450480157754452,1.6636757162016889,0.6402682095613978,0.9891378139850645,2379.2366667301544,3675.6361167684995,236,14,17,1.4437523706614364,0.43702458356842083,18,"Prince George's, MD"
24033806000,MD,Maryland,Prince George's,24033,6345,4901,-76.961756,38.9626564,23.5,18.2,14.9,30.2,65.8,3.7,10.8,4.3,70.3,83.7,16.4,60.2,5.0,12.2,52.1,16.8,12.1,29.5,28.2,29.4,20.0,24.4,4.3,32.2,24.9,8.6,13.3,38.7,30.3,77.9,16.3,12.8,41.1,13.5,4.3,13.4,42.6,2.8,10.4,6.7,4.9675,40,0.17939456216110652,1.4270925943949446,0.8032435782780256,0.4412983461322059,0.8811948404616429,2800.0380062088466,5591.181262729124,579,69,176,0.6439112399545448,-0.13927011448585513,179,"Prince George's, MD"
24033803606,MD,Maryland,Prince George's,24033,6167,4653,-76.8587387,38.9724116,20.3,24.7,12.6,38.9,74.9,5.4,11.2,6.2,75.0,86.7,15.3,65.2,6.6,12.6,50.0,15.2,16.1,32.0,29.2,28.4,19.6,25.8,5.5,37.0,23.4,9.1,12.6,38.1,32.5,78.4,15.3,16.7,42.4,14.7,5.2,13.1,44.3,4.1,19.4,7.3,4.5175,40,1.1684765309406278,1.013122514352013,1.0907995226463205,0.5077939643889567,0.9456890699253224,3131.565378386696,5832.064494229463,138,133,81,0.8509589908867605,0.6887954674215079,104,"Prince George's, MD"
24033807000,MD,Maryland,Prince George's,24033,9219,8360,-76.9282772,38.9977381,13.0,13.2,16.3,22.9,56.4,3.0,10.8,3.3,68.1,75.5,17.6,64.1,4.4,9.7,54.9,19.9,7.6,28.3,25.7,24.0,16.3,18.7,4.0,25.8,17.1,9.0,13.1,41.3,24.1,74.8,19.0,8.5,32.4,10.8,3.0,10.5,38.7,2.0,18.9,5.4,4.845,40,-0.6275462213535249,1.8457901236938907,0.6091219511701829,0.39640886335729975,0.8343516632722335,3654.493311290946,7691.887983706721,1153,34,245,0.5311399819315321,-0.7835101598308264,224,"Prince George's, MD"
24033806711,MD,Maryland,Prince George's,24033,4794,3586,-76.8582378,38.9843628,11.5,23.8,12.1,38.4,74.5,5.2,12.0,5.1,78.0,89.1,13.0,68.3,5.3,10.6,55.4,15.4,14.1,27.1,27.6,22.8,16.7,20.2,4.4,34.6,20.7,7.8,10.9,37.3,26.6,81.0,15.2,13.7,42.3,12.3,4.2,12.7,45.4,3.6,13.1,5.5,4.0375000000000005,40,0.8763529282831191,0.2653553665068964,0.5708541473950077,0.3875596591547979,0.823489477257298,1857.961005988101,3947.8085539714866,237,418,261,0.34689854461385883,0.42844172272082126,337,"Prince George's, MD"
24033805202,MD,Maryland,Prince George's,24033,3865,2940,-76.9858458,38.971338,18.7,23.0,12.5,39.5,72.6,4.2,11.8,5.4,75.4,86.1,16.0,61.2,6.2,13.8,47.5,15.5,16.0,31.7,30.1,32.9,25.8,26.2,4.5,34.0,27.8,9.8,14.9,38.8,33.1,77.2,16.6,16.2,46.6,14.3,5.5,17.4,47.9,4.1,21.0,7.7,4.682500000000001,40,1.1620488856793822,1.2712652679449556,1.216657076812169,0.5368977824127005,0.9619823489477257,2075.1099290250872,3718.06177868296,141,88,57,0.9306889451522031,0.5901126223594506,75,"Prince George's, MD"
24033802407,MD,Maryland,Prince George's,24033,3611,2982,-76.9089053,38.8593834,11.1,26.8,11.0,44.4,76.2,4.8,13.4,5.5,79.9,89.3,14.6,66.9,6.6,13.5,54.2,15.8,16.9,30.3,30.5,29.4,24.3,24.0,3.9,35.2,26.0,9.5,13.6,38.9,30.3,80.7,16.8,16.8,48.3,13.8,5.5,17.1,49.1,4.4,15.4,6.7,4.8575,40,1.6421622976531483,0.3303028238074109,0.9862325607302795,0.4836134704085169,0.9226069246435845,1746.3282416451545,3331.5336048879835,47,381,115,0.6621141640812331,0.9939255043550553,171,"Prince George's, MD"
24033801408,MD,Maryland,Prince George's,24033,3329,2679,-76.9634017,38.7998494,11.0,24.5,11.9,40.3,75.5,4.9,12.5,4.7,79.1,90.1,12.7,72.4,5.2,10.9,60.2,14.7,14.3,26.7,30.0,23.1,16.6,20.2,3.6,34.5,21.5,7.7,10.6,38.5,26.6,83.8,15.1,14.0,43.8,12.1,4.1,12.6,46.9,3.7,12.5,5.3,4.225,40,0.9802947365107345,-0.08795766912391917,0.4461685336934077,0.3587268454599736,0.780040733197556,1194.201668536252,2596.755600814664,198,693,325,0.1910011493869032,0.4699599678977256,474,"Prince George's, MD"
24033804801,MD,Maryland,Prince George's,24033,2648,2073,-76.9695724,38.9445014,17.3,19.4,13.9,34.1,68.0,3.4,12.1,3.9,73.6,85.7,15.8,66.2,4.9,12.8,51.3,16.6,12.5,28.3,30.7,30.0,22.1,22.6,3.4,30.9,26.9,8.6,13.7,40.2,29.2,80.3,17.4,12.6,44.9,12.8,4.3,15.7,47.4,3.0,15.8,6.1,4.825000000000001,40,0.4688429741318918,1.0035651329880293,0.7362040535599605,0.4257958509444974,0.8703326544467074,1127.5074133010291,2304.640868974881,413,137,192,0.516233147988582,0.02890116298913472,228,"Prince George's, MD"
24033807404,MD,Maryland,Prince George's,24033,5617,4368,-76.9073024,39.0368587,17.8,20.9,14.3,32.1,71.0,5.2,10.2,4.9,72.8,86.8,13.6,62.4,5.1,10.8,56.0,15.7,12.6,27.0,27.0,21.7,13.0,20.8,4.9,35.5,18.8,7.1,9.8,36.6,27.5,79.1,14.5,12.4,37.7,12.7,3.7,9.7,41.6,2.9,12.1,5.4,4.0775,40,0.2570871891655637,0.837899173154058,0.5474931811598109,0.3821575733231278,0.8160217243720299,2146.579089356009,4583.594025797692,532,177,272,0.42115443963894417,0.004409706123830262,289,"Prince George's, MD"
24033802502,MD,Maryland,Prince George's,24033,2318,1813,-76.930274,38.8693278,12.0,26.2,11.5,42.8,77.0,5.3,12.6,5.5,79.4,90.1,13.3,69.9,5.8,11.4,57.5,14.5,15.8,29.0,30.7,24.3,17.4,22.0,4.1,35.7,22.2,8.3,11.2,38.8,28.3,81.2,15.2,15.8,44.6,13.0,4.7,13.0,46.2,4.3,9.1,5.9,4.717499999999999,40,1.3416084247058704,0.01864493850517353,0.6801266816055219,0.41282828900966817,0.8587915818058385,956.9359739244109,1990.6788866259335,99,585,209,0.3917969527618868,0.7649489670186,306,"Prince George's, MD"
24033801802,MD,Maryland,Prince George's,24033,3896,3132,-76.950463,38.8348674,10.2,24.9,11.7,41.4,75.9,5.0,12.6,4.8,79.7,90.3,12.6,69.1,5.2,10.8,57.1,14.8,14.8,26.8,29.4,23.0,16.9,20.0,3.6,34.4,21.5,7.7,10.8,38.2,26.5,84.0,15.3,14.1,44.8,12.0,4.2,13.1,48.0,3.8,10.5,5.3,4.450000000000001,40,1.07738404431166,-0.07354610221204748,0.5019189710498063,0.3716188056948486,0.8038017651052274,1447.8268669871302,3131.611676849966,166,683,290,0.2359135178354439,0.5453731378829353,426,"Prince George's, MD"
24033801404,MD,Maryland,Prince George's,24033,6585,5507,-77.0222938,38.7909435,10.0,23.9,12.7,37.8,76.0,5.8,11.1,4.8,78.4,91.0,10.8,68.8,4.7,9.0,61.8,14.4,13.5,23.9,25.6,17.1,11.3,17.5,4.1,36.4,16.0,6.3,8.2,34.7,23.2,81.5,13.1,12.2,39.4,11.2,3.5,9.4,42.6,3.3,7.0,4.6,3.94,40,0.5977526929168557,-0.1649081351037539,0.2164222789065509,0.3055993773848971,0.6714188730482009,2012.3719000795475,4421.293279022403,354,764,485,0.04417236251484388,0.25325286013344167,613,"Prince George's, MD"
24033801313,MD,Maryland,Prince George's,24033,3229,2614,-76.9832014,38.745892,10.3,26.5,11.6,41.5,79.5,6.2,11.2,5.2,80.3,91.9,10.5,72.2,4.9,8.7,64.2,13.3,15.3,25.0,27.5,16.9,10.5,17.9,4.1,38.3,15.8,6.3,7.9,35.7,24.7,84.3,12.7,13.5,40.1,11.5,3.6,8.8,42.8,3.8,10.8,4.6,3.707500000000001,40,0.9349148378130858,-0.4368744431641706,0.2490201973244576,0.31313745399758436,0.6938221317040054,1011.1208389581999,2240.3516632722335,213,1056,452,0.040231970694351665,0.517338384552874,616,"Prince George's, MD"
24033802002,MD,Maryland,Prince George's,24033,3714,2895,-76.914964,38.8478842,9.5,25.3,11.3,41.5,77.2,5.2,12.3,4.7,80.5,91.1,11.7,72.1,4.9,9.8,59.2,14.0,14.5,25.8,28.8,21.0,15.0,18.9,3.5,34.9,19.7,7.2,9.7,37.6,25.7,84.1,14.3,13.7,43.6,11.5,3.9,11.7,46.4,3.8,9.9,5.0,4.117500000000001,40,0.9961661981669124,-0.2958642574920225,0.35015097033744497,0.33652334953542384,0.7393075356415478,1249.847720174564,2745.7881873727088,193,898,385,0.09186168279257695,0.4795876230771764,553,"Prince George's, MD"
24033802103,MD,Maryland,Prince George's,24033,3202,2547,-76.8906618,38.8487846,12.8,29.7,10.4,47.4,78.7,5.4,13.1,6.8,80.3,89.3,14.9,69.4,7.8,14.2,52.5,15.5,19.7,32.9,29.4,31.4,26.6,26.9,4.9,38.1,26.1,10.4,14.3,37.6,33.1,80.6,16.2,19.7,48.9,15.2,6.5,17.6,48.0,5.2,17.0,8.0,4.5425,40,2.16533021226683,0.3335116627070518,1.2494209374869407,0.5444742321947875,0.9653767820773931,1743.4064914877097,3091.136456211813,14,378,52,0.8887494190549475,1.4439871754028433,91,"Prince George's, MD"
24033802804,MD,Maryland,Prince George's,24033,5689,4357,-76.8789655,38.8807289,11.0,27.5,10.7,44.3,77.8,5.4,13.1,5.8,80.6,90.2,13.6,67.2,6.2,11.7,54.4,14.9,16.6,30.0,30.4,26.3,20.4,22.8,4.2,35.8,23.3,9.0,12.1,39.0,29.4,81.1,15.7,16.8,45.8,13.3,5.0,14.5,47.6,4.6,18.1,6.3,4.75,40,1.59592575578358,0.2393070306410097,0.9176163932122948,0.46774638586070655,0.9110658520027155,2661.0091891615593,5183.0536320434485,54,444,132,0.6034176880382034,0.967528345435397,199,"Prince George's, MD"
24033803403,MD,Maryland,Prince George's,24033,6119,4549,-76.8718709,38.91772,17.8,27.5,10.9,44.5,76.3,4.8,13.2,6.4,77.8,87.2,16.9,67.7,7.8,15.4,48.3,16.0,18.4,35.0,31.9,35.7,29.5,29.0,4.8,36.2,29.3,11.3,15.9,40.3,36.1,79.1,17.5,19.9,48.3,15.8,6.5,18.5,49.4,5.1,17.1,8.6,4.970000000000001,40,1.9607259160924506,0.8149272796365513,1.387826597864501,0.5764797258640553,0.9796334012219959,3527.4794425621544,5994.376782077393,17,182,31,1.0329128759982202,1.2508984723598893,52,"Prince George's, MD"
24033801216,MD,Maryland,Prince George's,24033,3724,3031,-76.9148895,38.7523033,12.2,29.0,10.6,45.8,79.3,6.2,12.3,6.7,80.5,90.2,13.3,71.2,7.0,12.1,56.8,14.5,18.0,30.8,28.8,25.5,19.6,23.8,5.1,38.6,21.5,8.9,11.6,37.1,30.1,83.4,14.6,17.8,44.7,13.9,5.3,13.4,44.8,4.8,15.9,6.7,4.8725000000000005,40,1.7833355364002004,-0.0033523372573685973,0.8899915995714159,0.4613583150579945,0.9015614392396469,1718.0983652759717,3357.4147997284454,28,603,146,0.5863165690023363,1.1759854752620411,203,"Prince George's, MD"
24033803602,MD,Maryland,Prince George's,24033,2220,1595,-76.8672051,38.9418591,14.9,27.5,10.9,44.2,77.2,5.2,12.8,6.3,79.2,88.6,15.0,61.5,6.9,12.8,45.7,15.3,17.6,32.7,29.2,30.6,25.1,25.9,4.9,35.9,25.7,10.2,14.0,38.3,32.8,79.1,16.1,18.6,47.0,14.4,5.9,16.7,49.5,4.9,24.6,7.8,4.709999999999999,40,1.759043517993896,0.9021930738540108,1.3306182959239534,0.5632506430317998,0.9762389680923286,1250.4164275305957,2167.2505091649696,33,154,36,0.9973618677747162,1.0925306616954218,58,"Prince George's, MD"
24033806708,MD,Maryland,Prince George's,24033,4248,3550,-76.8791652,39.0029852,8.2,27.0,13.0,36.8,76.2,8.1,11.3,5.6,78.4,90.6,11.1,74.7,5.8,9.2,65.8,17.2,12.5,24.8,21.8,14.9,10.6,16.8,5.3,38.0,13.5,6.7,7.6,33.0,22.2,77.0,13.7,12.5,37.9,11.9,3.4,8.4,38.3,3.3,6.2,4.3,3.872500000000001,40,0.7620720119190914,-0.24662623036927092,0.25772289077491023,0.315149900593874,0.6985743380855397,1338.7567777227766,2967.5437881873727,285,856,445,0.16343501587905018,0.5734962621273713,496,"Prince George's, MD"
24033804001,MD,Maryland,Prince George's,24033,5339,3945,-76.9137092,38.9465843,16.5,23.7,12.0,40.1,73.3,4.2,12.4,5.1,76.6,87.0,15.6,65.1,6.1,13.6,55.3,15.9,15.7,30.9,30.1,32.2,25.9,25.2,4.1,33.8,27.5,9.7,14.5,39.1,32.3,79.3,16.9,16.0,47.1,13.9,5.3,17.3,46.7,4.0,19.6,7.2,4.9625,40,1.19871324135007,0.8589984113954318,1.028855826372751,0.49346984951152656,0.9361846571622539,2634.63552654204,4998.289884589273,132,165,95,0.7419255428554495,0.6248526743154673,135,"Prince George's, MD"
24033801906,MD,Maryland,Prince George's,24033,2352,1775,-76.888256,38.8301626,12.9,23.8,12.7,38.6,73.8,5.0,12.1,5.0,77.2,88.5,13.8,65.0,5.6,11.7,56.7,15.9,14.2,27.9,28.4,24.7,18.3,21.3,4.2,34.4,22.2,8.1,11.5,37.7,27.8,80.4,15.8,14.0,44.0,12.7,4.4,13.4,45.9,3.6,13.7,5.8,4.1450000000000005,40,0.935619379201003,0.4546635761345936,0.6951414776677983,0.41630037215284027,0.8649015614392397,979.1384753034803,2034.2484725050917,212,314,200,0.4648839863160745,0.4751043964975554,262,"Prince George's, MD"
24033806100,MD,Maryland,Prince George's,24033,4574,3628,-76.9549813,38.9569825,12.4,22.2,14.4,32.7,74.1,6.6,10.0,4.7,76.0,90.3,10.5,69.8,4.3,7.8,64.9,15.0,11.2,22.9,22.4,14.2,8.4,16.1,4.6,35.8,13.2,5.7,6.9,33.0,21.5,81.7,12.2,10.8,35.9,10.7,2.9,7.0,38.0,2.8,10.4,4.1,3.69,40,0.10269730573482465,-0.010809483028533746,0.04594391135314545,0.2661772591088571,0.571622539035981,1217.4947831639124,2614.6014935505773,622,611,632,-0.04064012497875555,-0.07047076692897734,702,"Prince George's, MD"
24033801410,MD,Maryland,Prince George's,24033,3416,2786,-77.023794,38.7564194,10.7,27.6,10.8,43.3,80.3,6.5,10.9,6.3,80.5,91.5,10.9,70.4,5.6,9.3,60.4,13.3,17.0,27.1,26.7,18.8,12.6,19.9,5.1,39.7,16.2,7.0,8.6,34.8,27.1,82.1,12.6,15.2,39.6,12.2,4.1,9.6,42.7,4.3,7.9,5.4,4.1225000000000005,40,1.2374161527187877,-0.31735263296055816,0.46003175987911477,0.3619326348526321,0.7861507128309573,1236.3618806565912,2685.49083503055,123,919,316,0.22914291669214287,0.7756384663448439,436,"Prince George's, MD"
24033804900,MD,Maryland,Prince George's,24033,3983,3228,-76.9774185,38.9508937,17.1,27.2,11.6,42.8,77.8,5.8,11.8,6.8,77.8,88.2,14.5,67.8,6.9,11.8,49.9,14.9,17.4,32.4,28.7,27.6,20.6,25.2,5.5,37.3,22.8,9.4,12.5,37.8,31.7,77.3,15.1,18.0,44.1,14.3,5.5,13.6,45.7,4.8,16.3,7.4,4.665000000000001,40,1.6029628098010016,0.672939226321047,1.1379510180610244,0.5186974699527833,0.9558723693143245,2065.9720228219358,3807.2396469789546,52,221,66,0.8447833310421449,1.0166274357632428,106,"Prince George's, MD"
24033807409,MD,Maryland,Prince George's,24033,4002,2924,-76.9471923,39.0378008,19.1,21.7,12.9,34.8,71.9,4.7,11.0,5.1,74.1,86.2,15.1,59.6,5.6,11.7,54.9,15.5,13.9,29.8,28.8,27.5,18.7,23.7,4.9,34.6,23.1,8.7,12.3,38.5,30.7,78.1,15.5,14.5,40.5,13.5,4.5,12.9,43.0,3.4,16.4,6.6,4.495000000000001,40,0.6218493336862889,1.0843084740391102,0.8530789038626996,0.4528224716134552,0.890020366598778,1812.1955313970477,3561.8615071283098,342,120,163,0.6559456524022539,0.2275828307653976,173,"Prince George's, MD"
24033806710,MD,Maryland,Prince George's,24033,5256,4295,-76.8729085,38.986222,7.6,22.5,12.3,35.9,75.5,5.4,11.3,4.1,79.2,91.3,10.1,70.6,4.0,7.9,63.6,14.2,12.3,21.6,25.8,15.3,9.8,15.2,3.4,35.2,14.8,5.7,7.6,35.5,21.3,82.8,13.0,10.6,37.7,10.1,3.0,8.6,43.0,2.9,9.1,3.9,3.795,40,0.30857078779274744,-0.3220424341788787,-0.006735823193065621,0.2539953808105413,0.538357094365241,1334.999721540205,2829.6048879837067,499,925,681,-0.16162915332833708,-0.0012158724777954514,815,"Prince George's, MD"
24033801702,MD,Maryland,Prince George's,24033,3984,2992,-76.9586498,38.8103778,13.4,25.4,11.1,42.5,73.6,4.3,13.8,5.3,78.3,87.1,16.7,64.3,7.0,15.2,48.5,17.2,16.4,32.4,30.7,35.4,31.4,26.3,4.0,33.5,30.1,11.0,16.4,40.1,33.2,80.4,18.5,17.3,49.5,14.5,5.9,20.5,50.9,4.3,18.0,7.7,4.78,40,1.6133923579615426,0.8083216114867754,1.210856984724159,0.5355565452833982,0.9613034623217923,2133.657276409059,3829.8329938900206,50,186,58,0.8857576761918842,0.9631937408969928,93,"Prince George's, MD"
24033807301,MD,Maryland,Prince George's,24033,3693,2984,-76.9438518,39.0107603,11.8,17.1,14.3,28.1,67.9,4.5,9.8,3.9,72.5,85.6,12.0,67.5,3.9,8.3,57.3,15.4,9.7,22.9,25.6,17.7,10.9,16.0,4.0,31.4,15.0,6.2,8.7,37.0,22.3,79.5,14.0,9.2,33.0,9.9,2.7,8.3,40.7,2.3,8.1,4.2,3.6775,40,-0.39290891035853986,0.5649039451339908,0.08599751738772546,0.27543941956439094,0.5940257976917854,1017.1977764512958,2193.7372708757634,1000,265,599,-0.008915214312755493,-0.5827343737595018,661,"Prince George's, MD"
24033805700,MD,Maryland,Prince George's,24033,6610,4893,-76.979425,38.993184,34.3,19.9,13.9,33.2,67.1,3.5,10.7,5.5,68.5,80.8,20.0,54.9,6.4,15.3,44.3,16.6,15.5,36.4,31.3,40.5,28.1,32.6,5.5,34.6,32.2,10.9,17.4,40.6,39.3,73.3,17.5,17.1,44.4,16.8,6.1,17.2,44.1,3.5,18.3,9.7,5.045,40,0.7549487606940467,2.4172267887828984,1.5860877747384725,0.6223264551379271,0.9877800407331976,4113.577868461698,6529.226069246436,286,16,19,1.3647208120726373,0.3122148353623764,19,"Prince George's, MD"
24033803612,MD,Maryland,Prince George's,24033,3834,2946,-76.8756757,38.9506525,14.0,21.0,13.1,36.1,70.4,3.9,12.1,4.2,75.6,87.0,14.5,63.5,5.1,12.0,54.6,16.3,13.3,27.5,28.2,27.5,21.5,21.7,3.6,32.1,24.4,8.4,13.0,38.0,27.9,77.9,16.4,13.0,44.7,12.5,4.4,15.4,45.9,3.2,14.9,6.1,4.255000000000001,40,0.6394911032630821,0.8427489562491015,0.7411200297560918,0.42693264148177995,0.8716904276985743,1636.8597474411442,3342.061099796334,337,173,190,0.514369244263328,0.1859895322775545,230,"Prince George's, MD"
24033805802,MD,Maryland,Prince George's,24033,4387,3259,-76.9744218,38.9742915,30.5,20.4,14.0,33.2,70.0,4.0,10.2,5.3,70.3,83.9,16.9,58.2,5.5,12.4,45.3,15.2,15.0,32.7,29.5,32.8,20.7,28.4,5.2,35.4,26.9,9.1,13.9,38.8,35.3,75.0,15.4,15.8,42.2,15.2,5.2,13.5,42.7,3.4,18.4,8.2,5.0275,40,0.5627173759670354,1.895815529994025,1.2292664529805302,0.5398136263747826,0.9633401221995926,2368.1623789061714,4226.173116089613,376,31,55,1.030322617770831,0.1648297055476369,54,"Prince George's, MD"
24033803519,MD,Maryland,Prince George's,24033,6212,4962,-76.8585764,38.8973034,8.9,22.1,12.7,37.4,73.3,4.5,12.4,3.9,78.9,90.4,11.7,68.3,4.1,9.3,62.6,14.8,12.3,23.7,28.5,19.6,13.7,17.0,3.0,32.0,19.6,6.7,9.6,38.0,23.0,84.7,14.9,11.5,42.9,10.6,3.4,11.7,45.5,3.1,9.2,4.4,4.4125,40,0.5347670277990046,-0.16502913574282738,0.18486894602808862,0.29830285502496584,0.6517311608961304,1853.057335415088,4048.553971486762,387,765,514,-0.0397032399215449,0.08562265589973758,700,"Prince George's, MD"
24033801709,MD,Maryland,Prince George's,24033,5577,4332,-76.9628854,38.8189496,16.1,26.4,11.1,43.7,75.4,4.6,12.9,6.1,77.8,87.1,16.4,64.7,7.5,15.1,49.2,16.2,18.0,33.3,30.4,35.0,29.8,27.8,4.7,35.7,28.8,10.8,15.9,39.0,34.4,81.3,17.3,18.5,48.6,15.2,6.3,19.1,48.4,4.7,17.3,8.3,4.5725,40,1.7786347580292323,0.7782759487741059,1.2784553534016692,0.5511882698447995,0.9701289884589274,3073.9769809244467,5410.409368635438,30,195,45,0.9427768301013753,1.1072777114286445,73,"Prince George's, MD"
24033803508,MD,Maryland,Prince George's,24033,3971,2759,-76.8616682,38.9257902,16.5,26.5,11.0,43.8,75.3,4.6,13.0,6.4,77.6,86.8,16.7,64.6,7.7,15.4,47.6,16.3,18.2,34.0,30.3,35.4,30.6,28.5,4.8,35.8,28.9,11.2,16.3,39.0,34.7,78.9,17.3,19.1,48.3,15.4,6.6,19.3,48.3,4.9,23.1,8.6,4.7,40,1.8628778989824981,1.0323639682163837,1.447620933599441,0.5903068137779608,0.9823489477257298,2344.1083575122825,3900.907671418873,25,130,27,1.1029131472894433,1.173462326362503,42,"Prince George's, MD"
24033801901,MD,Maryland,Prince George's,24033,5125,4137,-76.9269322,38.8083563,10.2,27.9,11.2,43.7,79.5,6.5,11.8,6.0,80.7,91.4,11.5,74.1,5.7,9.6,58.5,13.9,16.3,27.5,27.2,19.6,13.6,20.0,4.6,38.2,17.8,7.4,9.3,35.8,26.0,84.5,13.5,15.3,42.3,12.4,4.3,10.6,45.1,4.3,8.9,5.4,4.1925,40,1.3379155171235884,-0.41356862267799277,0.4621734472227978,0.36242788743502513,0.7875084860828242,1857.4429231045037,4035.980991174474,103,1034,314,0.21204400654230038,0.8376566357625935,452,"Prince George's, MD"
24033803528,MD,Maryland,Prince George's,24033,7396,5979,-76.8159207,38.9122985,7.0,27.2,10.6,43.7,80.0,6.1,12.1,5.2,82.7,92.8,9.9,74.7,4.7,8.0,67.1,13.3,15.4,24.2,25.8,16.6,11.6,17.2,3.7,37.3,15.8,6.4,8.2,34.9,22.8,85.9,12.6,13.5,42.1,10.9,3.8,9.8,43.4,3.9,10.4,4.6,4.050000000000001,40,1.114513714385426,-0.7659448745482216,0.17428441991860222,0.2958552457114071,0.6449422946367956,2188.1453972815666,4769.99321113374,158,1294,524,-0.07052994495558484,0.6248849846370519,732,"Prince George's, MD"
24033803608,MD,Maryland,Prince George's,24033,6581,4834,-76.8506247,38.9550751,18.8,24.5,12.4,39.1,75.6,5.1,11.4,5.7,76.1,88.1,14.3,64.9,5.9,11.6,56.3,14.8,15.8,30.3,29.5,26.9,18.3,24.1,4.7,36.3,23.2,8.5,11.9,38.2,31.0,79.9,15.0,15.9,43.1,13.8,4.9,12.9,43.9,4.0,13.7,6.7,4.532500000000001,40,1.076508467696256,0.6356991955948933,0.8561038316455747,0.4535219683445911,0.8906992532247114,2984.628073675754,5861.691785471826,167,234,162,0.6104474862562514,0.5851957769176095,194,"Prince George's, MD"
24033801209,MD,Maryland,Prince George's,24033,4523,3561,-76.903318,38.7344628,9.3,26.6,11.2,43.1,77.8,5.4,12.7,5.3,80.7,90.9,12.3,70.9,5.6,10.7,63.5,14.7,16.0,27.1,28.4,22.2,16.4,20.5,3.9,36.3,20.4,7.8,10.5,37.0,26.5,84.8,14.8,15.0,44.6,12.5,4.6,12.8,45.3,4.1,9.9,5.6,4.734999999999999,40,1.3161782903719421,-0.3394321103010387,0.4883730900354517,0.3684864005037104,0.8004073319755601,1666.663989478282,3620.2423625254587,108,939,295,0.21416714607875265,0.767766402458544,450,"Prince George's, MD"
24033804802,MD,Maryland,Prince George's,24033,2970,2182,-76.963964,38.9497841,23.6,19.3,14.3,32.3,68.9,3.8,10.8,4.6,71.8,84.3,15.9,59.8,4.9,11.3,51.3,16.0,13.0,30.0,28.0,30.0,20.8,24.3,4.3,32.0,25.5,8.7,13.6,38.6,31.1,78.8,16.0,13.5,42.7,13.2,4.5,14.1,43.6,3.2,16.1,7.0,4.512500000000001,40,0.37522046329771613,1.4156187385970422,0.8954196009473792,0.4626135084019752,0.9042769857433809,1373.9621199538662,2685.702647657841,462,70,142,0.6973874626897772,-0.02084381321748783,148,"Prince George's, MD"
24033803525,MD,Maryland,Prince George's,24033,2354,1809,-76.8719606,38.9096918,11.1,25.3,10.9,43.2,73.9,4.2,13.8,5.2,79.4,87.8,15.6,65.4,6.7,14.0,49.9,16.8,16.5,31.1,29.2,33.8,30.9,25.1,3.8,33.2,29.0,10.6,16.2,38.9,31.2,79.1,17.9,16.8,50.0,13.9,5.9,20.9,50.7,4.3,15.3,7.5,5.445000000000001,40,1.6041981091990447,0.6394144109690154,1.1218062600840302,0.5149640897729917,0.9531568228105907,1212.2254673256225,2243.7311608961304,51,231,70,0.7872179799841585,0.9350215489993018,128,"Prince George's, MD"
24033801312,MD,Maryland,Prince George's,24033,3940,3198,-76.9768917,38.7183053,10.2,26.5,11.3,41.4,79.2,6.4,11.3,5.6,80.4,91.8,10.8,72.1,5.1,8.7,66.0,13.5,15.2,25.8,26.9,17.4,11.1,18.5,4.5,38.1,16.1,6.7,8.2,35.6,24.8,83.3,12.8,14.0,39.6,11.7,3.8,9.1,42.0,3.9,9.9,4.9,4.1325,40,0.9936297755797351,-0.42975780726141743,0.2819359841591588,0.3207490358092181,0.7094365241004752,1263.7512010883192,2795.179904955872,194,1049,429,0.06994393941813726,0.569645686097692,581,"Prince George's, MD"
24033803520,MD,Maryland,Prince George's,24033,4351,3573,-76.821443,38.941721,7.1,28.5,10.5,44.9,81.6,7.1,11.4,5.9,83.1,93.1,9.3,77.8,4.8,7.1,67.9,12.7,15.9,24.6,24.6,14.5,9.7,16.8,4.5,38.9,13.7,6.1,7.3,33.7,22.2,84.4,11.6,13.8,40.3,10.8,3.7,8.4,41.1,4.2,11.7,4.5,4.039999999999999,40,1.1959760749617707,-0.8365847206124132,0.17969567717467877,0.297106567076297,0.6490156143923965,1292.7106733489684,2823.8669382213175,134,1345,518,-0.05097484455082496,0.7346350315107633,712,"Prince George's, MD"
24033804400,MD,Maryland,Prince George's,24033,2922,2218,-76.9438421,38.9268332,21.6,22.4,13.4,35.1,72.7,4.8,10.6,5.3,73.4,86.7,14.7,62.6,5.5,11.6,52.6,15.2,14.7,29.8,28.8,26.4,16.6,24.2,4.9,36.4,22.3,8.1,11.4,37.7,31.3,76.6,14.9,14.8,40.7,14.0,4.5,11.6,43.2,3.5,13.5,6.6,4.1775,40,0.6618266383530231,1.066197474377542,0.8640120563652826,0.4553506987267973,0.8927359131025119,1330.5347416797017,2608.5743380855397,324,125,159,0.6762138242310652,0.28623017408458845,164,"Prince George's, MD"
24033806712,MD,Maryland,Prince George's,24033,3300,2591,-76.8555957,39.0010037,10.3,24.7,11.7,39.6,74.6,4.9,12.7,4.8,78.6,89.0,13.5,65.9,5.8,11.7,53.4,16.4,14.8,27.4,26.9,25.1,20.2,21.2,3.9,34.6,22.2,8.5,12.0,36.8,27.4,82.1,15.9,14.4,44.5,12.8,4.7,14.8,47.7,3.7,13.1,6.0,4.5875,40,1.0779006806627285,0.2876951916604206,0.6827979361615746,0.41344600089045047,0.8601493550577054,1364.3718029384866,2838.492871690428,165,404,207,0.44065751258412356,0.5936198335078265,275,"Prince George's, MD"
24033980000,MD,Maryland,Prince George's,24033,15052,14733,-76.9445325,38.9936953,12.4,7.2,16.8,16.5,27.0,1.1,13.1,1.7,65.3,62.5,27.4,57.2,4.1,10.3,42.9,27.6,3.5,37.0,25.4,35.7,28.3,22.0,3.5,17.2,21.3,14.9,22.3,46.9,26.3,68.6,27.8,6.2,32.5,12.0,2.8,15.0,42.5,1.0,25.4,7.3,4.71,40,-1.1119486585872134,3.717803174557835,1.3029272579853108,0.5568472536254488,0.9735234215885947,8381.664861570256,14653.474541751528,1332,7,40,1.287210616202144,-1.1433819421535472,24,"Prince George's, MD"
24033803509,MD,Maryland,Prince George's,24033,4175,2827,-76.8810467,38.9336796,16.4,19.1,12.9,35.2,66.2,3.1,12.7,3.8,74.4,85.0,16.6,58.6,5.2,14.3,49.0,16.7,12.4,29.3,31.3,33.6,27.6,24.1,3.3,29.7,29.4,9.7,15.6,40.7,30.6,80.2,18.1,13.2,46.2,13.0,4.8,18.7,49.4,3.1,27.3,6.8,5.34,40,0.5856880931413391,1.4785551807703878,1.0321216369558635,0.4942250489712719,0.9375424304141209,2063.3895794550604,3914.2396469789546,361,65,93,0.7804922178643798,0.08242925495837174,129,"Prince George's, MD"
24033803001,MD,Maryland,Prince George's,24033,3119,2353,-76.9110876,38.9025631,16.4,28.6,10.4,47.5,77.4,4.9,12.9,7.1,78.9,87.5,16.6,61.5,8.4,16.2,45.7,15.5,20.4,35.4,31.1,37.3,32.8,30.0,5.2,37.3,30.0,11.5,16.6,38.8,37.0,80.1,17.2,20.8,50.4,16.1,7.1,20.4,49.4,5.5,23.1,9.2,4.647499999999999,40,2.2839579422968033,0.9837009146419204,1.6338294284693617,0.633366431335982,0.988458927359131,1975.469899336928,3083.0033944331294,12,139,18,1.2398780234322953,1.4960551322226698,29,"Prince George's, MD"
24033802106,MD,Maryland,Prince George's,24033,4576,3445,-76.8948117,38.8403665,12.1,22.9,12.0,39.7,72.0,3.9,13.6,4.5,77.8,87.6,15.7,69.1,5.7,13.6,51.4,16.5,14.3,29.5,32.1,30.7,24.5,23.1,3.4,31.9,27.8,9.5,14.3,41.2,29.7,80.3,18.2,14.6,47.5,13.1,4.9,17.5,50.5,3.7,13.8,6.3,4.967499999999999,40,1.1205082185996034,0.5369626705913382,0.8287354445954708,0.4471931900556058,0.8859470468431772,2046.3560376944522,4054.093686354379,156,281,169,0.5374441460872529,0.5379256215831676,220,"Prince George's, MD"
24033801405,MD,Maryland,Prince George's,24033,4865,3683,-76.9902698,38.7978743,20.3,23.1,12.4,36.9,73.9,4.7,11.2,5.5,74.5,86.5,15.1,63.5,6.1,12.4,49.5,15.1,15.5,30.7,30.3,28.2,18.9,25.0,4.9,36.6,23.2,8.8,12.3,39.1,32.0,78.5,15.3,15.6,40.5,14.1,4.8,12.6,45.3,3.8,21.5,6.9,4.604999999999999,40,0.9020569069611203,1.1246821329451686,1.0133695199531445,0.48988873237570296,0.9314324507807196,2383.308683007795,4531.418873048201,224,116,102,0.7913772691894531,0.45807240543373756,127,"Prince George's, MD"
24033801302,MD,Maryland,Prince George's,24033,2852,2324,-77.0360274,38.6741134,8.2,27.2,12.6,39.0,78.4,8.3,11.0,5.7,79.7,92.2,10.1,71.1,5.3,8.5,68.3,15.0,13.2,24.1,23.4,13.0,8.1,16.2,5.2,39.3,12.3,6.0,6.6,33.0,21.3,80.5,12.4,12.4,37.0,11.4,3.3,7.1,39.5,3.5,7.9,4.0,3.835,40,0.7872622123493139,-0.4448399855105421,0.1712111134193859,0.29514456168709724,0.6442634080108622,841.7522899316014,1837.439239646979,272,1063,525,0.0569638870181782,0.5587677595468985,596,"Prince George's, MD"
24033807304,MD,Maryland,Prince George's,24033,2266,1790,-76.9594342,39.024978,18.5,22.1,13.8,33.6,74.2,5.8,9.8,5.3,74.2,88.1,12.6,69.6,4.9,9.1,57.7,14.6,13.3,27.0,26.2,19.7,11.1,20.3,5.2,36.9,17.1,6.8,8.9,35.9,27.0,79.0,13.2,12.9,36.7,12.4,3.6,8.4,39.8,3.2,12.1,5.4,4.285,40,0.3432126477128558,0.5190915476598166,0.4311520976863362,0.35525438308922785,0.7752885268160217,805.0064320801903,1756.8038017651052,485,289,332,0.3014271730728986,0.0837627984859807,379,"Prince George's, MD"
24033802600,MD,Maryland,Prince George's,24033,3318,2552,-76.9241902,38.8755529,13.9,25.0,12.0,42.1,75.4,4.6,12.3,5.3,77.9,88.6,14.3,66.3,5.8,12.8,51.5,14.9,15.9,29.8,31.1,28.0,21.1,23.3,4.2,34.6,25.0,8.8,12.6,39.0,30.7,81.2,16.1,15.8,46.5,13.3,4.9,15.2,48.0,4.2,18.4,6.4,4.5725,40,1.2747923759594268,0.5540767512715175,0.9144345636154722,0.46701060650934195,0.9097080787508486,1549.5411923979966,3018.4114052953155,114,270,134,0.6174341983433064,0.6807916454150953,192,"Prince George's, MD"
24033803613,MD,Maryland,Prince George's,24033,6943,5129,-76.8855778,38.9583217,14.5,21.3,13.2,36.2,71.6,4.2,11.9,4.2,76.2,88.1,13.6,64.3,4.8,10.9,55.9,15.2,13.1,26.6,28.8,25.0,17.9,20.7,3.5,32.5,23.0,7.8,11.7,38.1,26.8,80.7,15.5,12.8,43.8,12.0,4.1,13.6,46.5,3.2,13.7,5.6,4.2475,40,0.5831446976580582,0.5927913998139567,0.5879680487360075,0.3915171480286752,0.8289205702647657,2718.303558763092,5755.195519348268,363,253,253,0.3619736449513071,0.13115589008865755,324,"Prince George's, MD"
24033803512,MD,Maryland,Prince George's,24033,6711,5465,-76.8295131,38.8768597,7.7,24.9,11.6,41.3,77.5,5.4,12.1,4.7,80.9,91.6,10.6,73.9,4.6,8.5,63.6,13.9,14.4,23.9,26.5,18.2,12.9,17.3,3.5,35.1,17.4,6.5,9.0,35.7,22.8,83.6,13.5,12.7,42.9,10.8,3.7,10.9,44.8,3.6,9.0,4.6,4.365,40,0.8991737397573096,-0.47971436613646556,0.20972968681042203,0.3040517548860822,0.6653088934147997,2040.4913270404977,4464.887983706721,227,1090,494,-0.031143650553081687,0.4174270650303022,688,"Prince George's, MD"
24033801105,MD,Maryland,Prince George's,24033,1367,1063,-76.8897501,38.8072697,11.1,9.2,21.3,17.2,44.5,2.0,10.7,1.6,65.4,78.8,15.2,56.7,2.5,8.1,59.9,20.0,4.1,21.7,26.1,16.0,9.1,12.7,2.5,20.8,15.0,6.2,9.4,41.6,17.3,77.8,18.5,4.7,31.8,8.4,1.7,8.0,39.8,1.1,18.1,3.2,4.1075,40,-1.3956866822048246,1.8710243163642761,0.23766881707972576,0.3105125141824847,0.6856754921928038,424.4706068874566,937.3183978275628,1396,33,464,0.19887367827539593,-1.4732769598134843,464,"Prince George's, MD"
24033801005,MD,Maryland,Prince George's,24033,4217,3385,-76.835778,38.7565957,8.0,25.5,11.8,41.5,77.6,5.6,12.2,4.8,80.7,91.6,11.1,72.5,4.8,9.4,63.2,14.2,14.5,24.6,27.9,18.3,12.5,17.8,3.7,36.0,17.7,6.7,8.9,36.4,23.7,82.8,13.9,13.1,42.6,11.4,3.8,10.7,45.0,3.6,11.2,4.6,4.0025,40,0.9502247840055338,-0.3667126702180592,0.2917560568937373,0.32301986978292213,0.7162253903598099,1362.1747908745826,3020.3224711473185,207,973,419,0.060842781022010795,0.4883982322620808,593,"Prince George's, MD"
24033802201,MD,Maryland,Prince George's,24033,4215,3255,-76.8539783,38.8479982,11.1,20.7,13.4,34.9,71.4,4.3,12.0,3.8,77.0,89.6,12.1,67.7,4.2,9.8,64.2,15.4,11.7,23.7,27.2,20.7,14.9,17.8,3.2,31.8,20.1,6.8,9.9,36.9,23.5,84.0,14.8,11.1,42.4,10.9,3.5,12.0,44.1,2.9,8.9,4.6,4.0225,40,0.35721469403281425,0.02302708763127632,0.19012089083204528,0.2995173363237497,0.6544467073998642,1262.465572604605,2758.492871690428,474,582,510,-0.006967311538491559,-0.03696171070825944,659,"Prince George's, MD"
24033803514,MD,Maryland,Prince George's,24033,5436,4590,-76.8387812,38.9042525,6.4,21.1,12.8,35.8,73.4,4.4,12.4,3.3,79.9,91.6,10.1,72.1,3.4,7.3,68.9,14.9,11.3,20.6,25.4,15.8,11.0,14.3,2.5,31.3,16.9,5.8,8.3,36.0,19.4,86.2,13.9,9.8,42.1,9.4,3.0,10.6,43.1,2.7,7.6,3.7,3.69,40,0.2717101070982492,-0.5645054701435732,-0.146397681522662,0.2216993987646309,0.4663951120162933,1205.1579316845337,2535.3238289205706,527,1177,787,-0.34224334047650695,-0.11998121080944063,1021,"Prince George's, MD"
24033803526,MD,Maryland,Prince George's,24033,3496,2783,-76.8055873,38.8844633,7.4,26.9,10.9,43.1,78.9,5.7,12.7,4.9,82.1,92.5,10.9,73.9,4.9,9.1,63.2,14.2,15.2,24.9,27.8,18.5,12.9,17.8,3.5,36.2,18.2,6.8,9.0,36.6,23.9,85.3,14.0,13.7,43.8,11.4,3.9,11.1,46.2,3.9,11.2,4.6,4.345,40,1.1644088688458176,-0.5875124316234088,0.2884482186112044,0.3222549516652543,0.7141887304820095,1126.603311021729,2496.803801765105,140,1192,422,0.032135112279741196,0.6517826561828912,622,"Prince George's, MD"
24033807407,MD,Maryland,Prince George's,24033,6708,5292,-76.9228098,39.0676225,14.3,23.5,12.2,37.0,74.8,5.5,10.6,5.5,76.2,88.4,12.9,65.5,5.7,11.0,57.8,14.8,14.7,27.6,27.5,22.4,14.9,21.3,5.1,37.4,18.7,7.6,10.1,36.4,28.5,79.4,14.1,14.0,38.3,12.8,4.1,10.6,42.0,3.5,12.6,5.7,4.172500000000001,40,0.7175525289591452,0.4544407461808038,0.5859966375699746,0.3910612708093341,0.8275627970128988,2623.2390045890133,5551.291242362525,303,315,255,0.40741529963770606,0.3603898530946083,300,"Prince George's, MD"
24033807305,MD,Maryland,Prince George's,24033,4075,3119,-76.963551,39.0121779,25.7,22.7,12.9,36.0,72.0,4.6,11.1,6.1,72.4,84.1,17.3,61.3,6.8,13.7,50.9,16.1,15.9,34.0,30.0,33.3,23.1,28.8,5.7,36.5,26.4,10.1,14.6,39.4,35.1,77.7,16.3,17.1,41.9,15.6,5.6,14.4,43.1,3.9,12.6,8.3,4.6725,40,1.0227111005023515,1.3627487863510888,1.1927299434267202,0.5313647737626015,0.9606245756958588,2165.311453082601,3914.5451459606247,185,80,59,0.9663678095167084,0.5699868326823281,67,"Prince George's, MD"
24033801210,MD,Maryland,Prince George's,24033,4253,3462,-76.9235417,38.7684717,10.3,28.5,10.7,45.4,80.0,6.2,11.9,6.2,81.3,91.3,11.6,68.6,6.0,10.2,57.3,13.7,17.4,28.0,27.4,21.3,15.5,21.0,4.6,38.6,18.6,7.6,9.8,35.7,27.4,82.7,13.5,16.0,43.7,12.6,4.6,11.5,45.8,4.5,11.3,5.8,4.4825,40,1.5258512609112804,-0.1867287539295617,0.6695612534908594,0.4103850959949137,0.8560760353021045,1745.3678132663679,3640.8913781398505,67,792,213,0.3890585029464317,0.964845759822425,307,"Prince George's, MD"
24033801311,MD,Maryland,Prince George's,24033,8300,6485,-76.9495856,38.7120864,7.5,24.2,12.2,39.6,76.9,5.6,11.7,4.5,80.5,92.1,10.2,72.6,4.2,8.4,66.7,13.8,13.5,22.7,26.4,15.9,10.5,16.2,3.5,35.5,16.0,6.0,7.9,35.2,21.6,85.0,13.1,11.7,41.0,10.6,3.4,9.6,44.0,3.3,7.9,4.1,3.745,40,0.6586545273670261,-0.5852332966674728,0.036710615349776654,0.26404211379777554,0.5661914460285132,2191.549544521537,4699.38900203666,328,1190,640,-0.16524286870720034,0.25474755925307213,819,"Prince George's, MD"
24033801308,MD,Maryland,Prince George's,24033,3761,3036,-77.0005143,38.7161564,8.1,25.9,11.1,41.3,79.5,6.2,11.2,5.2,81.2,92.5,9.7,74.7,4.5,7.8,64.7,13.1,14.8,23.6,26.0,15.3,9.8,16.6,4.0,37.8,14.6,6.0,7.5,34.7,22.7,82.8,12.2,12.7,39.2,10.7,3.5,8.6,43.6,3.7,10.3,4.3,4.067500000000001,40,0.8389321742779413,-0.5620453536710524,0.13844341030344448,0.28756722336312407,0.6279701289884589,1081.5403270687095,2361.7956551255943,253,1171,549,-0.06507125691322951,0.4319028398445933,727,"Prince George's, MD"
24033801809,MD,Maryland,Prince George's,24033,4107,3430,-76.9570032,38.8434318,11.8,28.6,10.6,46.6,78.7,5.7,12.5,6.7,80.5,89.7,13.6,70.1,6.9,12.2,51.7,14.5,18.5,31.3,28.9,27.3,22.3,24.3,4.9,37.4,23.0,9.3,12.6,37.2,30.7,80.7,15.1,18.1,46.7,13.8,5.6,15.1,48.0,5.0,20.7,7.1,5.01,40,1.8782927274650807,0.3111460508581462,1.0947193891616134,0.5087004104302338,0.9463679565512559,2089.2325856369703,3886.7331975560082,21,390,80,0.7571281266816523,1.2031102025051585,132,"Prince George's, MD"
24033802204,MD,Maryland,Prince George's,24033,6185,4936,-76.8613977,38.871171,10.7,27.2,10.9,44.0,78.4,5.6,12.6,5.6,80.7,90.8,12.7,70.7,5.8,10.8,58.5,14.1,16.2,28.6,30.4,23.2,16.6,21.3,4.1,36.4,21.0,8.1,10.7,38.6,27.9,84.3,14.8,15.9,44.3,12.7,4.6,12.4,46.4,4.4,15.3,5.7,4.19,40,1.42016837210801,-0.12276068545248625,0.6487038433277619,0.40556194275745716,0.8479293957909029,2508.4006159548726,5244.443312966734,85,725,225,0.35607909545944805,0.8349188763713823,328,"Prince George's, MD"
24033805602,MD,Maryland,Prince George's,24033,5555,3753,-76.98076,38.9893628,48.5,15.1,15.3,28.1,55.9,2.2,10.2,4.5,61.9,73.1,24.8,40.8,5.7,17.9,32.9,17.6,13.5,40.7,33.4,52.1,37.4,38.7,5.5,31.4,40.7,12.6,22.9,43.1,44.5,70.1,19.4,16.3,45.6,18.3,6.6,21.5,44.9,2.8,25.3,12.0,6.32,40,0.20662945243762895,4.207546733435285,2.207088092936457,0.7659291206537749,0.9952477936184657,4254.73626523172,5528.601493550577,562,5,8,2.020127568427613,-0.16729159658005852,6,"Prince George's, MD"
24033806900,MD,Maryland,Prince George's,24033,4393,3475,-76.9194234,39.0128373,16.1,19.7,15.7,29.1,68.9,5.5,9.9,4.5,71.4,86.2,13.1,62.2,4.7,10.0,58.6,16.4,10.6,25.3,25.3,18.0,10.2,18.5,4.8,34.4,15.7,6.6,8.5,36.0,24.4,77.1,14.3,10.8,35.1,11.8,3.1,7.9,38.9,2.5,12.2,4.7,4.0925,40,-0.09460232735028476,0.9093505322626227,0.407374102456169,0.34975586175902385,0.7630685675492193,1536.4775007073918,3352.16021724372,753,153,350,0.3344384826422723,-0.24047356697807815,345,"Prince George's, MD"
24033806713,MD,Maryland,Prince George's,24033,4036,2777,-76.9025767,39.0013909,19.5,17.7,14.1,32.2,63.9,2.8,12.4,3.5,71.9,83.2,17.7,60.2,5.0,14.1,52.1,17.4,11.6,30.0,31.6,34.3,26.3,24.5,3.3,29.1,30.0,9.7,16.0,41.7,31.0,76.6,18.8,12.5,45.2,13.2,4.6,17.9,46.8,2.8,15.1,6.8,5.125,40,0.3395815632898934,1.5454813038815471,0.9425314335857202,0.47350784218240555,0.9164969450101833,1911.0776510481887,3698.9816700611,488,59,124,0.723487535813249,-0.09850623225504923,139,"Prince George's, MD"
24033806602,MD,Maryland,Prince George's,24033,5814,4050,-76.9105793,38.9665203,22.4,20.2,13.3,33.4,68.9,3.9,10.9,4.9,71.6,83.4,16.8,58.4,5.9,13.6,47.8,16.4,14.0,31.4,29.5,32.0,22.7,26.2,4.8,33.9,25.7,9.4,14.3,39.1,33.2,77.3,16.6,14.6,41.4,14.4,5.0,14.6,44.5,3.3,16.6,7.5,4.742500000000001,40,0.5620254292243236,1.5752290624197989,1.0686272458220611,0.5026667559814665,0.9436524100475221,2922.5045192762464,5486.395112016294,377,56,84,0.8713210201775063,0.1674129779352138,97,"Prince George's, MD"
24033806714,MD,Maryland,Prince George's,24033,5649,4124,-76.910219,39.0046859,17.4,16.6,13.2,30.7,62.7,2.6,11.6,3.4,71.5,81.6,17.0,53.6,5.0,13.7,52.4,17.4,11.3,28.9,29.0,33.7,27.1,24.0,3.4,28.9,27.3,9.7,16.0,39.9,30.5,78.3,18.0,11.9,42.4,12.8,4.6,17.8,45.2,2.6,18.0,7.0,5.0175,40,0.115803150775264,1.718298249891492,0.917050700333378,0.4676155727147302,0.9103869653767821,2641.5603702655108,5142.775967413442,616,43,133,0.7228399332673671,-0.27261838335675787,140,"Prince George's, MD"
24033804300,MD,Maryland,Prince George's,24033,3677,2739,-76.9304323,38.9256205,16.9,22.7,12.9,38.0,73.2,4.4,11.7,5.0,75.7,87.6,14.5,63.9,5.5,12.0,49.4,15.3,14.8,29.1,29.3,27.6,20.0,23.3,4.2,34.1,24.4,8.5,12.5,38.2,29.9,78.4,15.7,14.6,44.5,13.2,4.7,14.3,46.9,3.7,16.0,6.4,4.340000000000001,40,0.8959808965173771,0.8809245093396276,0.8884527029285023,0.4610024542743526,0.90020366598778,1695.1060243667946,3310.048879837067,228,159,148,0.6404978376140323,0.400071165888437,182,"Prince George's, MD"
24033806601,MD,Maryland,Prince George's,24033,4939,3367,-76.9138813,38.9570351,32.5,18.3,14.8,30.7,65.4,3.4,10.6,4.6,68.2,81.6,18.7,55.1,5.4,13.7,45.0,16.3,13.4,33.4,30.6,36.3,23.9,29.3,4.7,32.9,30.0,9.7,15.6,40.2,36.0,74.8,16.9,14.9,43.2,15.4,5.2,15.4,43.5,3.1,17.8,8.4,5.4475,40,0.3518550710562665,2.2702779568889007,1.3110665139725837,0.5587294086273655,0.9742023082145281,2759.564549210558,4811.585200271555,479,20,39,1.1218920301112285,-0.026493896666443518,38,"Prince George's, MD"
24033801211,MD,Maryland,Prince George's,24033,3253,2623,-76.9058928,38.7827065,10.9,26.4,11.6,41.8,78.1,5.9,11.9,5.5,79.7,91.0,11.9,71.1,5.5,10.1,61.9,14.2,15.4,27.1,28.6,20.3,13.7,20.0,4.4,37.3,18.5,7.3,9.4,37.0,26.4,81.5,13.9,14.6,41.7,12.3,4.1,10.6,44.8,4.0,9.1,5.2,4.37,40,1.1346481472686025,-0.1996071339304563,0.46752050666907313,0.3636643634345624,0.7922606924643585,1183.0001742526315,2577.224032586558,153,810,307,0.2296421165823958,0.6588913670952479,434,"Prince George's, MD"
24033805201,MD,Maryland,Prince George's,24033,4254,3200,-76.9954638,38.9664183,23.3,21.3,13.7,34.7,72.5,4.4,10.7,5.0,73.1,86.5,14.7,63.2,5.0,10.7,54.6,14.5,14.0,29.8,29.3,26.8,16.7,24.1,4.6,34.6,23.2,8.1,11.7,38.5,30.6,78.8,14.6,14.6,41.2,13.4,4.5,11.8,42.7,3.5,19.1,6.6,4.920000000000001,40,0.5538732775989292,1.1315065016324597,0.8426898896156945,0.45042007326641215,0.8873048200950441,1916.0869916753172,3774.5947046843175,379,114,167,0.6342770337493947,0.13704756586632977,184,"Prince George's, MD"
24033801214,MD,Maryland,Prince George's,24033,4234,3381,-76.8505009,38.7923197,12.9,30.1,10.8,45.7,79.9,6.8,12.2,7.0,80.3,90.4,13.3,69.7,7.2,11.8,53.9,14.9,18.2,31.6,27.9,24.5,18.4,24.0,5.6,39.3,20.8,9.0,11.1,36.5,30.6,79.1,14.6,18.4,44.5,14.3,5.4,12.8,45.9,5.0,12.3,6.8,4.245,40,1.8693010446041238,0.12733930236664304,0.9983201734853835,0.4864086596547854,0.9273591310251188,2059.4542649783616,3926.438560760353,23,516,108,0.7069045382690984,1.2864697741715538,144,"Prince George's, MD"
24033801801,MD,Maryland,Prince George's,24033,2000,1543,-76.947898,38.8291686,13.1,25.1,11.5,41.9,73.6,4.4,13.5,5.3,78.2,87.5,16.0,65.8,6.6,13.9,47.2,16.8,16.0,31.7,30.7,32.5,27.3,24.9,4.0,33.4,28.4,10.3,15.3,40.0,31.5,80.4,18.1,16.6,48.6,14.1,5.6,18.8,50.7,4.3,21.2,7.2,5.0825000000000005,40,1.5042521880850246,0.8103737301731458,1.1573129591290852,0.52317480477123,0.957909029192125,1046.34960954246,1915.81805838425,71,184,63,0.842035775635751,0.8736978210983561,107,"Prince George's, MD"
24033801406,MD,Maryland,Prince George's,24033,3216,2582,-76.9800136,38.7771595,11.4,25.9,11.4,41.5,76.9,5.4,12.6,5.2,79.6,90.2,12.9,68.4,5.7,11.0,58.2,14.9,15.2,27.8,29.3,23.4,17.1,21.0,3.9,35.7,21.1,8.0,10.7,38.2,27.4,83.7,15.0,15.0,43.6,12.5,4.4,12.5,46.4,4.0,11.9,5.6,4.72,40,1.1984603972770627,-0.021859534988411065,0.5883004311443258,0.39159400950266543,0.8295994568906992,1259.366334560572,2667.9918533604887,133,624,252,0.32733551106631564,0.6765305571210424,352,"Prince George's, MD"
24033805101,MD,Maryland,Prince George's,24033,4031,2866,-76.9758623,38.9626634,35.0,18.3,14.2,31.4,64.2,3.1,10.9,4.8,67.6,79.8,20.6,52.7,5.9,15.6,48.4,17.1,14.1,36.0,31.8,41.9,29.6,32.5,5.0,33.0,33.7,11.0,18.1,41.4,39.0,74.3,18.1,16.1,44.6,16.5,5.9,18.0,43.5,3.2,17.7,9.6,4.9125,40,0.5134501460978913,2.513896874659675,1.513673510378783,0.60558108306856,0.9843856076035302,2441.097345849365,3968.0583842498304,394,13,24,1.309743531581972,0.10559018850426928,23,"Prince George's, MD"
24033802001,MD,Maryland,Prince George's,24033,5576,4231,-76.9194955,38.8401426,12.2,23.6,11.8,40.3,73.2,4.2,13.2,4.8,78.1,87.9,15.1,68.2,5.7,12.8,51.8,16.0,14.7,29.4,31.2,29.3,23.3,22.8,3.6,32.8,26.1,9.2,13.6,40.3,29.6,82.0,17.4,14.8,46.7,13.0,4.8,16.4,49.5,3.8,14.4,6.3,4.9675,40,1.1504771400957872,0.4486499994086724,0.7995635697522298,0.44044736583809135,0.879837067209776,2455.934511913197,4905.97148676171,146,316,178,0.5110429727324626,0.5734359460562527,233,"Prince George's, MD"
24033802104,MD,Maryland,Prince George's,24033,2178,1792,-76.87917,38.8374123,12.2,28.0,10.8,45.0,78.0,5.4,12.8,6.3,79.8,89.3,14.2,66.9,7.0,12.9,52.6,15.4,18.0,31.0,29.0,28.2,22.8,24.7,4.7,37.3,23.8,9.5,13.0,37.6,30.9,79.4,15.7,17.8,46.3,14.2,5.7,15.5,46.8,4.7,9.6,7.1,4.992500000000001,40,1.7725881755408088,0.25834492699912026,1.0154665512699645,0.490373658514935,0.9327902240325866,1068.0338282455284,2031.6171079429737,31,424,100,0.6991300714603071,1.139915215921494,147,"Prince George's, MD"
24033803513,MD,Maryland,Prince George's,24033,4894,3944,-76.8264489,38.8866395,7.7,24.9,11.3,41.0,76.7,5.1,12.8,4.5,81.1,91.4,11.3,71.6,4.7,9.0,60.6,14.7,14.3,24.5,26.5,20.0,15.1,18.0,3.2,34.3,19.0,7.1,9.8,36.4,23.5,81.9,14.3,13.1,44.0,11.1,3.9,12.2,46.2,3.6,13.0,4.9,4.8500000000000005,40,0.9669136364039885,-0.22446824990702594,0.3712226932484813,0.3413960613334095,0.7535641547861507,1670.792324165706,3687.9429735234216,202,831,364,0.11969796570101938,0.4638641813090647,532,"Prince George's, MD"
24033803002,MD,Maryland,Prince George's,24033,2791,2159,-76.8954348,38.9032756,12.4,26.9,11.0,44.1,77.0,5.1,13.1,5.7,79.7,89.5,14.4,67.3,6.4,12.7,56.8,15.1,16.8,30.9,30.9,28.2,22.0,24.1,4.3,35.6,24.7,9.4,12.9,39.3,30.7,80.3,16.1,17.3,46.4,13.8,5.3,15.4,47.5,4.6,14.8,6.8,4.2925,40,1.602464783335198,0.2879803079341859,0.9452225456346919,0.4741301459914528,0.9178547182620502,1323.2972374621447,2561.732518669382,53,403,122,0.6255598333801177,0.9631393588260494,187,"Prince George's, MD"
24033801207,MD,Maryland,Prince George's,24033,4722,3829,-76.8669781,38.7540356,10.3,28.2,10.9,44.6,79.3,6.2,11.9,6.1,80.8,91.3,12.0,71.3,6.0,10.6,63.9,14.2,17.2,28.3,27.4,21.7,15.8,21.4,4.8,38.6,19.4,7.8,10.1,35.6,27.8,82.8,13.9,16.1,44.1,13.1,4.7,12.1,43.9,4.4,12.1,5.9,4.55,40,1.4808419124224312,-0.2728971870051804,0.6039723627086254,0.3952180513597549,0.8323150033944331,1866.2196385207626,3930.191446028513,74,878,248,0.3370692581491663,0.9470357033035129,343,"Prince George's, MD"
24033801003,MD,Maryland,Prince George's,24033,6009,4539,-76.8631539,38.6794572,8.6,23.9,12.5,39.0,74.6,5.4,12.2,4.6,79.2,90.7,11.8,66.5,4.9,10.3,63.4,15.4,13.3,24.5,26.4,19.9,14.8,18.1,3.8,34.3,19.1,7.0,9.7,35.6,23.8,81.8,14.7,12.3,43.4,11.5,3.8,12.2,44.8,3.3,7.8,4.8,4.227500000000001,40,0.7827708080071949,-0.113349110200415,0.33471084890339,0.33295291240545155,0.7318397827562797,2000.7140506443584,4397.625254582485,275,718,396,0.12436836911318219,0.3620858484267794,528,"Prince George's, MD"
24033807500,MD,Maryland,Prince George's,24033,7321,5613,-76.9413648,38.9527218,12.9,21.7,14.5,33.0,71.0,5.6,11.0,4.6,74.8,88.3,12.5,64.9,5.0,10.0,59.8,17.2,11.8,25.0,22.7,19.1,13.6,18.7,4.5,34.2,17.2,7.1,9.4,33.8,23.8,79.4,14.5,11.7,40.1,11.8,3.6,10.5,40.8,2.9,14.6,5.1,4.045,40,0.3445579890749703,0.5481710178464688,0.44636450346071954,0.35877216231428405,0.7807196198234895,2626.5710003028735,5715.648336727766,483,274,324,0.3254255421664702,0.1026800664864715,355,"Prince George's, MD"
24033802203,MD,Maryland,Prince George's,24033,4691,3737,-76.8703467,38.8520844,12.7,28.1,11.1,45.3,78.4,5.7,12.5,6.4,79.9,89.9,13.7,69.3,6.7,12.3,54.5,14.6,17.7,30.9,30.1,26.4,20.1,23.8,4.8,37.3,23.0,8.9,12.0,38.0,30.5,81.8,15.3,17.5,46.0,13.9,5.3,14.2,47.2,4.8,19.9,6.6,4.472499999999999,40,1.7323196562653687,0.2633586012948064,0.9978391287800875,0.4862974209003299,0.9260013577732519,2281.2212014434476,4343.872369314325,34,420,110,0.6806796500925776,1.0980006988903488,159,"Prince George's, MD"
24033802700,MD,Maryland,Prince George's,24033,2675,2112,-76.9143548,38.8840144,15.8,26.3,11.5,43.3,76.5,5.0,12.4,6.1,78.0,88.1,15.1,69.3,6.8,13.2,54.4,15.0,17.3,32.0,30.9,29.6,22.5,25.7,4.7,36.3,25.1,9.6,13.3,39.1,32.1,81.6,16.0,17.6,46.0,14.4,5.6,15.2,46.5,4.7,14.2,7.3,4.577499999999999,40,1.595922622816212,0.41420371863482763,1.0050631707255198,0.4879679380462351,0.9293957909029192,1305.314234273679,2486.133740665309,55,334,105,0.6896874082237476,0.9651710978126675,153,"Prince George's, MD"
24033803801,MD,Maryland,Prince George's,24033,2872,2085,-76.9052779,38.945753,24.2,21.4,13.9,34.9,71.9,4.4,10.5,5.1,72.6,86.0,15.2,59.0,5.4,11.7,44.9,14.9,14.6,30.3,29.2,28.5,18.1,25.0,4.8,35.2,24.3,8.3,12.3,38.1,32.1,75.1,15.1,14.7,42.4,14.0,4.6,12.6,45.4,3.4,13.7,6.9,4.7425,40,0.6098929635768428,1.4314858491844284,1.0206894063806355,0.4915814129935024,0.9341479972844535,1411.8218181173388,2682.8730482009505,347,67,98,0.8164033275808386,0.2013208059772487,116,"Prince George's, MD"
24033802805,MD,Maryland,Prince George's,24033,5264,3984,-76.8877306,38.8939623,12.8,26.2,11.3,42.7,76.9,5.2,12.5,5.7,79.3,89.5,13.8,66.0,6.0,11.6,51.1,14.7,16.1,30.1,30.2,26.1,19.5,22.9,4.4,35.4,23.0,8.9,12.0,39.0,29.7,81.9,15.5,16.4,44.8,13.2,4.9,13.8,48.0,4.4,15.1,6.4,4.8025,40,1.39051031460561,0.33512468676819446,0.8628175006869022,0.45507446476282715,0.8920570264765784,2395.511982511522,4695.788187372708,91,375,160,0.5660310086146069,0.7969373304610193,216,"Prince George's, MD"
24033801808,MD,Maryland,Prince George's,24033,3761,2950,-76.9625289,38.8327451,11.5,25.7,11.3,42.9,75.6,4.8,13.1,5.5,79.4,89.0,14.3,64.8,6.1,12.4,49.8,15.6,16.2,30.0,30.0,28.1,22.7,23.1,4.0,34.3,25.0,9.3,13.2,39.0,29.7,79.2,16.6,16.1,47.1,13.2,5.1,16.1,50.4,4.3,15.6,6.5,4.9275,40,1.460054202554104,0.5154569093510601,0.987755555952582,0.4839656540823114,0.9239646978954514,1820.1948250035732,3475.031228784793,77,292,113,0.6767909496746329,0.8381249899982056,162,"Prince George's, MD"
24033801309,MD,Maryland,Prince George's,24033,3605,3036,-77.0317003,38.7102524,6.6,28.0,11.3,42.3,80.7,7.9,10.9,5.8,82.1,93.4,8.8,73.8,4.6,6.9,71.0,13.4,14.6,23.3,22.4,12.2,7.8,15.4,4.9,39.5,12.0,5.6,6.4,31.7,20.8,84.5,11.2,12.6,38.5,10.6,3.3,7.4,38.6,3.7,6.8,4.1,3.6875,40,0.9175139231572106,-0.8871725540244243,0.015170684566393144,0.259061131687337,0.5492192803801765,933.9153797328499,1979.9355057705363,219,1371,665,-0.14628455855488076,0.5946034369146628,803,"Prince George's, MD"
24033803300,MD,Maryland,Prince George's,24033,5004,3737,-76.8909427,38.9166861,17.6,23.0,12.9,37.8,74.5,4.6,11.5,5.0,75.8,87.9,14.1,66.3,5.3,11.2,54.0,14.7,14.6,28.9,29.9,25.9,17.3,22.7,4.2,34.6,22.9,8.1,11.5,38.8,29.6,81.5,15.2,14.6,42.9,13.0,4.5,12.5,45.4,3.7,10.6,6.2,4.527500000000001,40,0.8306647637993784,0.5176334104641973,0.6741490871317879,0.4114460054992637,0.858112695179905,2058.8758115183155,4293.995926680244,256,290,210,0.43472677504139656,0.35182013961859576,278,"Prince George's, MD"
24033805601,MD,Maryland,Prince George's,24033,6373,4365,-76.9845267,38.990467,52.1,16.2,14.5,30.4,56.7,2.1,10.5,5.1,61.9,71.6,27.2,36.7,6.7,20.9,28.4,18.4,15.5,44.3,33.7,59.3,46.6,43.8,6.1,32.4,45.9,14.6,26.8,43.2,49.4,64.5,20.6,19.0,48.6,20.5,8.1,26.2,46.2,3.1,30.9,14.6,5.845000000000001,40,0.6000219642375066,4.863568088997124,2.7317950266173154,0.8872645082263074,0.9986422267481331,5654.536710926257,6364.3469110658525,352,1,3,2.5109146287897137,0.1582611685823029,3,"Prince George's, MD"
24033803700,MD,Maryland,Prince George's,24033,2950,2095,-76.8881511,38.9433616,23.4,21.0,14.2,33.2,70.5,4.5,10.8,4.8,72.2,86.1,15.3,61.1,5.3,11.7,54.2,15.8,13.5,29.7,28.8,27.3,17.1,24.2,4.7,34.7,23.8,8.2,11.9,38.2,30.9,77.8,15.5,14.0,41.7,13.9,4.4,12.2,42.5,3.2,14.8,6.5,4.244999999999999,40,0.4842692430811746,1.2130817034988073,0.8486754732899909,0.4518042042323855,0.8886625933469111,1332.8224024855372,2621.5546503733876,405,99,165,0.6719963500001152,0.13091099650142296,167,"Prince George's, MD"
24033801215,MD,Maryland,Prince George's,24033,2860,2252,-76.8483924,38.7650152,8.7,24.2,12.3,39.7,76.6,5.3,12.0,4.5,80.0,91.4,11.1,70.7,4.5,9.0,64.0,14.0,13.8,24.0,27.7,17.9,11.7,17.5,3.5,35.3,17.4,6.5,8.8,36.5,23.0,83.9,13.7,12.4,41.7,11.1,3.7,10.3,44.5,3.4,9.1,4.5,4.369999999999999,40,0.7493657168789684,-0.3580743367832205,0.19564569004787394,0.30079491359800153,0.6612355736591989,860.2734528902844,1891.133740665309,290,960,500,-0.023249823175084727,0.311574690433051,678,"Prince George's, MD"
24033801004,MD,Maryland,Prince George's,24033,5725,4490,-76.8513765,38.7250838,8.5,26.4,11.8,42.1,77.6,5.9,12.2,5.3,80.3,91.2,11.7,69.2,5.4,10.2,60.7,14.9,15.2,25.9,26.8,19.8,14.3,19.1,4.2,36.6,18.6,7.3,9.6,35.6,24.7,81.9,14.2,14.0,43.5,12.1,4.2,11.8,45.4,3.8,9.9,5.1,4.2475000000000005,40,1.1399239219061295,-0.20769730995173918,0.46611330597719514,0.3633389565638287,0.7909029192124916,2080.1155263279193,4527.919212491514,151,817,309,0.23120004702374208,0.6700974039992234,433,"Prince George's, MD"
24033801006,MD,Maryland,Prince George's,24033,3930,3096,-76.8230132,38.7571595,7.1,24.4,12.0,39.9,77.3,5.5,12.1,4.4,81.0,92.2,10.2,72.6,4.2,8.1,65.4,14.0,13.5,22.5,26.1,16.0,10.6,16.1,3.3,35.5,16.1,6.0,8.1,35.3,21.2,85.4,13.2,11.7,41.6,10.5,3.4,9.7,45.2,3.3,5.2,4.1,4.357500000000001,40,0.7094780500432374,-0.6663925035848911,0.02154277322917314,0.26053463965514906,0.5539714867617108,1023.9011338447358,2177.1079429735237,307,1241,658,-0.18623140533428764,0.2939296929163158,843,"Prince George's, MD"
24033807408,MD,Maryland,Prince George's,24033,5930,4762,-76.8891889,39.0394986,9.9,25.7,13.3,36.0,75.8,7.6,10.8,5.5,77.3,90.2,11.2,70.4,5.7,9.4,65.8,16.4,12.6,24.9,22.7,15.2,10.0,17.4,5.3,38.1,13.4,6.6,7.5,33.2,22.8,79.0,13.3,12.5,36.9,11.9,3.5,7.9,38.1,3.2,5.5,4.5,3.635,40,0.6259747535645699,-0.147863290861665,0.23905573135145244,0.31083322993805773,0.6870332654446707,1843.2410535326824,4074.1072640868974,339,745,462,0.14297831211783502,0.43381991509733503,513,"Prince George's, MD"
24033801500,MD,Maryland,Prince George's,24033,2680,2108,-77.0119692,38.8034632,16.8,26.0,12.0,41.0,77.0,5.5,11.8,5.9,77.5,89.3,13.7,68.5,6.0,11.4,56.1,14.5,16.2,30.0,30.1,25.0,16.8,23.5,4.7,37.3,21.8,8.3,11.0,38.3,30.1,82.8,14.6,16.3,42.9,13.7,4.8,11.9,44.5,4.2,10.4,6.3,4.44,40,1.2502000032462022,0.2240910327281705,0.7371455179871863,0.4260135590474985,0.8710115410726409,1141.7163382472959,2334.310930074678,119,455,191,0.48048719250998173,0.7368833522917929,251,"Prince George's, MD"
24033804002,MD,Maryland,Prince George's,24033,4532,3262,-76.9328205,38.9413687,27.6,22.2,13.4,36.3,70.6,4.0,11.1,5.7,71.8,83.8,18.1,61.2,6.5,14.8,50.2,16.7,16.5,34.6,29.4,37.2,27.5,30.1,5.4,35.3,30.6,10.4,16.2,38.6,37.5,77.0,17.2,17.2,46.6,16.2,6.0,17.6,45.2,3.8,16.6,9.0,4.78,40,1.0448337720832406,1.6142759402640374,1.329554856173639,0.5630047288538429,0.9755600814663951,2551.537431165616,4421.238289205702,175,52,37,1.0862878621845717,0.5582997841051063,45,"Prince George's, MD"
24033803100,MD,Maryland,Prince George's,24033,2688,2104,-76.916304,38.9092635,15.8,26.9,11.2,44.6,76.2,4.8,12.6,6.5,78.1,87.4,15.8,67.4,7.6,14.5,55.0,15.8,18.7,33.3,28.8,33.8,29.1,27.8,5.0,36.3,27.6,10.7,15.6,37.5,33.8,81.0,16.5,18.9,48.8,15.2,6.6,18.8,47.2,4.9,8.7,8.6,4.8725,40,1.8764016475650054,0.4443180200526815,1.1603598338088434,0.5238793765929896,0.9585879158180584,1408.1877642819559,2576.6843177189407,22,317,62,0.8149261093292444,1.1855341986058072,118,"Prince George's, MD"
24033805801,MD,Maryland,Prince George's,24033,4745,3580,-76.9673917,38.9783801,29.9,21.8,13.6,35.1,71.3,4.2,10.5,5.8,71.1,84.2,17.1,58.0,6.1,13.0,51.6,15.4,16.2,33.8,29.8,33.7,21.9,29.4,5.5,36.4,27.5,9.5,14.4,38.7,36.0,76.4,15.6,16.9,43.1,15.8,5.6,14.2,42.9,3.8,15.7,8.5,4.665,40,0.863739238481937,1.6657535805432027,1.2647464095125698,0.5480181573244156,0.9680923285811269,2600.346156504352,4593.598099117447,244,48,48,1.0411493410385195,0.4165451015338366,50,"Prince George's, MD"
24033807102,MD,Maryland,Prince George's,24033,2763,2250,-76.9265842,38.9740059,10.0,19.6,16.5,28.5,69.6,6.0,9.9,4.1,73.4,87.8,10.9,66.9,4.0,7.8,67.3,16.9,9.4,21.5,21.1,12.6,7.6,14.3,4.3,33.4,11.8,5.5,6.7,33.1,19.2,78.6,13.4,8.9,34.1,10.0,2.5,6.7,36.1,2.3,7.3,3.6,3.5025000000000004,40,-0.2861322957276349,0.24889231563748485,-0.018619990045075016,0.2512472372309441,0.5336048879837068,694.1961164690986,1474.3503054989817,909,434,688,-0.0582611587111201,-0.36541463305972505,718,"Prince George's, MD"
24033803200,MD,Maryland,Prince George's,24033,2860,2233,-76.8954776,38.9233213,14.5,22.8,12.2,39.7,71.7,4.0,12.8,4.8,76.8,86.7,15.7,65.4,5.9,13.6,52.7,16.2,14.9,30.4,30.2,32.2,26.8,24.3,3.8,32.4,27.8,9.7,14.9,39.5,31.1,81.6,17.4,15.2,47.6,13.4,5.2,18.1,48.4,3.9,13.6,7.1,5.130000000000001,40,1.1315062401444596,0.6860030900722687,0.9087546651083641,0.4656971634376104,0.9076714188730483,1331.8938874315659,2595.940257976918,154,218,137,0.618191631612315,0.5503801731523613,190,"Prince George's, MD"
24033803803,MD,Maryland,Prince George's,24033,6062,4329,-76.8973349,38.9548118,23.2,21.3,13.9,34.6,71.5,4.3,10.8,4.9,72.7,86.1,15.4,63.6,5.3,11.9,52.7,15.3,14.3,30.1,29.6,28.4,18.1,24.7,4.5,34.7,24.6,8.3,12.4,38.6,31.7,77.8,15.5,14.5,42.5,13.9,4.6,12.8,43.9,3.4,16.2,6.7,4.13,40,0.5963429055544728,1.1823359305089969,0.8893394180317349,0.4612075019186869,0.9008825526137135,2795.83987663108,5461.150033944331,356,104,147,0.6861654807049097,0.18999503090082245,157,"Prince George's, MD"
24033804700,MD,Maryland,Prince George's,24033,3537,2860,-76.9626213,38.9398245,11.7,21.6,15.2,32.5,72.4,5.8,10.5,4.3,75.0,89.7,11.2,67.8,4.3,9.0,64.8,16.2,11.3,22.8,23.4,15.2,9.4,16.3,4.1,34.9,14.5,5.9,7.5,33.7,21.8,80.6,13.5,10.5,37.9,11.0,3.0,8.1,39.0,2.7,7.4,4.1,3.825,40,0.12290164319902422,0.09220111605587561,0.10755137962744991,0.2804236232420435,0.6103190767141887,991.8583554071079,2158.6985743380856,612,536,575,0.012426558526513976,-0.06734799900284766,643,"Prince George's, MD"
24033802405,MD,Maryland,Prince George's,24033,3916,3119,-76.936699,38.8556709,10.5,25.7,11.4,42.5,76.9,5.1,12.6,5.1,79.9,90.3,12.9,67.6,5.4,11.2,54.6,14.6,15.3,27.8,30.4,24.0,17.6,20.7,3.8,34.9,22.0,8.0,10.9,38.8,28.0,82.6,15.4,14.8,45.0,12.3,4.3,13.2,48.1,4.1,12.6,5.5,4.425,40,1.219645660712614,0.06159187575941935,0.6406187682360167,0.403692316768473,0.8458927359131025,1580.8591124653403,3312.5159538357098,126,555,228,0.3589344004280167,0.6562769250966141,327,"Prince George's, MD"
24033805000,MD,Maryland,Prince George's,24033,5906,4644,-76.9828138,38.9614009,16.8,22.0,13.5,35.3,74.1,4.9,10.9,4.8,75.6,88.4,12.8,70.0,4.6,9.0,54.9,14.4,13.3,27.0,27.5,21.9,13.9,20.2,4.2,33.9,19.8,7.2,10.1,37.4,26.8,84.3,14.0,13.2,40.4,11.9,3.8,10.6,43.4,3.4,15.4,5.5,4.459999999999999,40,0.49968723500947254,0.37327634793085795,0.43648179147016525,0.35648684338161873,0.7793618465716226,2105.4112970118404,4602.911065852003,396,349,326,0.2365783700885489,0.09988039224623985,424,"Prince George's, MD"
24033802901,MD,Maryland,Prince George's,24033,4006,3111,-76.9033623,38.8936958,15.0,27.1,11.1,44.1,77.1,5.2,12.4,6.4,78.6,88.4,14.9,69.9,7.0,13.1,52.8,15.2,17.9,32.4,29.2,30.2,24.4,25.9,4.9,36.4,25.1,9.9,13.8,37.9,32.5,79.9,15.9,18.2,46.7,14.4,5.8,16.1,47.2,4.9,12.1,7.7,4.8075,40,1.7317047662123393,0.3929046788151618,1.0623047225137505,0.5012047097099056,0.9422946367956552,2007.8260670978818,3774.832315003395,35,343,86,0.7361140870523745,1.0793234952895872,137,"Prince George's, MD"
24033804102,MD,Maryland,Prince George's,24033,6888,5049,-76.9009524,38.9375103,18.9,21.5,13.3,36.0,71.6,4.1,11.6,4.7,74.4,86.6,15.1,62.2,5.4,12.3,53.1,15.5,14.0,29.2,30.2,28.7,20.1,23.7,4.0,33.5,25.1,8.6,12.8,39.2,30.3,78.8,16.0,14.2,43.6,13.3,4.6,14.1,45.9,3.5,19.1,6.5,4.6000000000000005,40,0.7151331792112929,1.073705051705028,0.8944191154581604,0.4623821520260579,0.902919212491514,3184.888263155487,6219.307535641548,305,123,144,0.6626888349245732,0.2516726181441185,170,"Prince George's, MD"
24033801208,MD,Maryland,Prince George's,24033,4433,3492,-76.8905647,38.7471805,8.3,25.9,11.5,42.4,77.7,5.5,12.2,4.9,81.0,91.8,11.1,71.3,4.9,9.7,63.2,13.9,15.0,25.0,28.3,19.5,13.6,18.4,3.6,36.1,18.8,6.9,9.2,36.4,24.6,83.3,13.9,13.5,43.7,11.6,3.9,11.4,45.4,3.7,10.1,4.8,4.4325,40,1.043034908152845,-0.38372379054503625,0.32965555880390435,0.3317839063486615,0.7304820095044128,1470.7980568436165,3238.226748133062,179,993,398,0.08070017173431693,0.5451241340136701,568,"Prince George's, MD"
24033802501,MD,Maryland,Prince George's,24033,3231,2576,-76.9448553,38.8623009,11.6,26.6,11.0,44.5,76.3,4.7,13.3,5.7,79.7,88.8,14.8,68.1,6.6,13.4,53.7,15.6,17.2,30.8,30.2,30.4,25.6,24.4,4.1,35.1,26.2,9.7,14.0,38.9,30.9,81.7,16.8,17.1,48.4,13.8,5.6,17.4,48.4,4.5,16.0,7.0,4.53,40,1.672993273581673,0.3322587439347591,1.0026260087582162,0.48740435869765414,0.9287169042769857,1574.8034829521205,3000.6843177189407,44,379,106,0.6684775314151896,1.0046963188956202,168,"Prince George's, MD"
24033801212,MD,Maryland,Prince George's,24033,3337,2705,-76.9156495,38.7925306,11.7,27.7,11.2,43.6,79.2,6.2,11.9,5.9,80.2,91.0,12.2,72.2,5.8,10.4,59.4,13.9,16.2,28.5,29.4,21.0,14.0,21.0,4.6,38.0,18.9,7.6,9.5,37.5,27.8,82.1,14.0,15.8,42.4,12.8,4.3,10.6,44.2,4.3,11.4,5.5,4.237500000000001,40,1.3379756750942924,-0.18247366844296148,0.5777510033256654,0.38915451646211,0.8262050237610319,1298.6086214340612,2757.0461642905634,102,788,257,0.32005623475839584,0.8225861379597532,360,"Prince George's, MD"
24033804200,MD,Maryland,Prince George's,24033,2980,2380,-76.918844,38.925195,7.8,25.4,14.2,35.4,76.0,8.0,10.7,5.1,78.0,91.6,9.8,74.5,4.8,8.2,71.4,16.3,11.5,22.2,21.1,11.5,7.4,14.6,4.8,37.7,11.1,5.5,6.0,31.7,19.4,81.7,12.5,10.8,36.4,10.7,2.9,6.5,36.9,3.0,4.8,3.6,3.5975,40,0.41630870046824375,-0.5623806150628325,-0.0730359572972944,0.23866386534682454,0.5016972165648337,711.2183187335371,1495.0577053632044,441,1173,735,-0.138379030039738,0.28562255498335654,794,"Prince George's, MD"
24033804600,MD,Maryland,Prince George's,24033,3576,2793,-76.9552428,38.943613,22.4,23.3,13.3,36.3,71.6,4.9,11.5,5.9,72.9,84.9,17.1,60.7,6.9,14.2,50.4,17.1,15.1,33.1,28.8,31.2,22.6,27.3,5.5,35.7,25.4,9.9,13.9,38.6,33.6,77.9,16.8,16.5,43.2,15.4,5.4,14.4,43.5,3.9,19.9,7.8,4.665,40,1.0613042627353173,1.3931674507782588,1.227235856756788,0.5393440629594821,0.9626612355736592,1928.6943691431081,3442.4765784114056,171,72,56,1.0084317933579514,0.6236961359376441,57,"Prince George's, MD"
24033803607,MD,Maryland,Prince George's,24033,3672,2813,-76.8352854,38.9655063,13.6,24.7,12.6,38.8,77.1,5.6,11.2,5.2,77.8,89.8,12.0,71.1,5.1,9.4,60.0,14.3,14.7,26.6,27.0,20.2,13.1,19.8,4.3,36.4,18.2,7.1,9.4,36.2,26.2,81.9,13.6,13.9,40.9,12.1,4.0,10.2,42.4,3.7,9.1,5.3,4.1375,40,0.8336013396249904,-0.01295400136558447,0.410323669129703,0.35043793167754705,0.7644263408010862,1286.8080851199527,2806.9735234215887,254,614,348,0.20067013780366932,0.4142942769729231,462,"Prince George's, MD"
24033800707,MD,Maryland,Prince George's,24033,3617,2933,-76.7912595,38.805245,9.1,30.0,10.7,45.8,80.8,6.9,12.1,6.4,81.8,92.1,11.5,70.5,6.2,10.1,61.8,14.3,17.2,28.2,26.4,19.5,14.2,20.6,4.9,39.3,17.3,7.7,9.2,35.1,26.7,81.7,13.5,16.4,43.2,12.9,4.6,10.8,43.5,4.6,12.6,5.7,3.9825,40,1.6180327334781053,-0.3192353442479257,0.6493986946150898,0.4057226230245574,0.8486082824168364,1467.498727479824,3069.4161575016974,49,922,224,0.38516752810470745,1.0895704004573405,308,"Prince George's, MD"
24033802406,MD,Maryland,Prince George's,24033,2450,1869,-76.9211247,38.8553465,13.4,24.4,12.0,41.1,74.5,4.7,12.4,5.3,78.0,88.4,14.2,68.4,5.8,12.3,54.2,15.2,15.5,29.4,30.3,27.5,21.0,22.8,4.1,34.3,24.4,8.7,12.7,38.8,29.5,82.1,16.1,15.2,45.8,13.1,4.8,15.0,47.7,4.0,11.7,6.3,4.2625,40,1.1991022822008452,0.3255193556067255,0.7623108189037854,0.4318328866456204,0.8750848608282417,1057.99057228177,2143.9579090291923,131,384,185,0.47908594219412953,0.6326525287815336,253,"Prince George's, MD"
24033803516,MD,Maryland,Prince George's,24033,4887,3832,-76.8174928,38.9536716,7.1,24.0,11.8,39.3,77.3,5.4,11.9,4.2,80.9,92.2,10.0,73.4,4.1,8.0,65.2,13.9,13.4,22.2,26.2,15.8,10.5,15.8,3.2,35.1,15.8,5.9,7.8,35.5,21.4,85.4,13.1,11.5,40.9,10.3,3.3,9.5,44.9,3.2,11.4,4.1,4.23,40,0.6162311000359825,-0.5627381872983376,0.026746456368822447,0.26173796072835226,0.5573659198913782,1279.1134140794575,2723.847250509165,344,1174,653,-0.17554379375995482,0.2116505997784279,827,"Prince George's, MD"
51153900100,VA,Virginia,Prince William,51153,3271,2799,-77.2499428,38.6261299,6.1,26.2,13.9,35.6,80.1,9.0,9.6,5.4,82.7,92.1,9.7,73.4,4.6,8.4,75.5,19.1,11.3,25.1,18.7,7.6,5.0,13.2,5.7,40.9,7.3,5.3,4.6,29.8,18.6,80.0,12.3,11.3,31.5,10.8,2.5,4.5,34.7,2.8,4.6,3.3,4.319999999999999,40,0.22875390082859592,-0.8540897806511246,-0.31266793991126435,0.18325038094464363,0.3727087576374745,599.4119960699293,1219.1303462321791,548,1352,925,-0.26098477562688815,0.33212022939734837,931,"Prince William, VA"
51153900504,VA,Virginia,Prince William,51153,5065,3578,-77.2720178,38.6434388,25.6,22.4,13.5,35.7,73.0,4.7,10.3,6.4,76.0,81.1,20.6,54.8,7.2,17.5,49.9,21.2,15.8,41.2,27.2,32.1,25.8,30.1,6.9,36.7,24.4,11.7,15.4,38.5,38.1,71.7,18.8,19.1,41.5,17.0,5.8,14.6,42.4,3.8,19.8,9.5,5.9925000000000015,40,0.9643832869770169,1.8306389028227572,1.397511094899887,0.5787192087559437,0.9803122878479293,2931.212792348855,4965.281737949762,204,36,30,1.2590223210012765,0.6874057391797957,27,"Prince William, VA"
51153900701,VA,Virginia,Prince William,51153,7608,5778,-77.2768035,38.6208833,10.2,17.2,15.4,30.0,69.6,3.5,10.9,3.2,78.2,86.1,14.4,61.6,3.7,11.9,64.6,20.8,9.8,27.2,25.5,17.1,13.2,16.4,3.3,30.4,16.1,7.1,9.5,37.4,23.1,78.3,17.3,10.1,37.3,10.8,3.0,10.1,43.0,2.3,9.3,4.4,4.6575,40,-0.249586690508816,0.41517980783617076,0.08279655866367738,0.27469921671503755,0.5906313645621182,2089.911640768006,4493.523421588595,877,332,604,0.02051903266464511,-0.37414174250688054,632,"Prince William, VA"
51153900804,VA,Virginia,Prince William,51153,5423,3835,-77.2771532,38.5814189,7.4,19.7,15.0,32.0,73.9,4.9,10.7,3.6,80.6,89.6,11.8,64.7,3.6,10.0,70.4,19.4,10.0,24.6,23.4,12.4,9.1,14.2,3.6,33.0,12.3,6.0,7.1,34.7,19.9,80.2,14.9,10.1,35.4,10.1,2.7,7.7,41.5,2.4,9.3,3.7,4.59,40,-0.15595675900932993,-0.17367256710883158,-0.16481466305908077,0.21744058027149332,0.45417515274949083,1179.1802668123082,2462.9918533604887,802,777,805,-0.2093863383755995,-0.24510010964236742,862,"Prince William, VA"
51153901011,VA,Virginia,Prince William,51153,6654,4855,-77.3253145,38.6127626,8.6,21.5,15.1,32.5,75.1,5.8,10.3,4.3,79.6,88.4,12.7,66.1,4.5,11.4,70.0,20.5,10.9,26.9,23.0,12.7,9.1,15.6,4.5,35.7,11.6,6.5,7.1,34.4,22.1,79.1,15.4,11.2,34.3,11.3,2.9,7.0,38.7,2.6,8.0,4.0,4.507499999999999,40,0.030129523132359354,-0.10996744555434121,-0.03991896121099093,0.24632197561264715,0.5227427019687713,1639.0264257265542,3478.329938900204,660,715,704,-0.05049148154875085,0.008984482456839516,711,"Prince William, VA"
51153901203,VA,Virginia,Prince William,51153,4013,2974,-77.3343473,38.6527058,13.6,21.4,14.6,32.7,75.6,5.7,9.5,4.9,78.7,87.4,13.6,64.3,4.7,11.1,67.0,19.3,12.3,29.7,23.0,15.5,10.4,18.5,5.2,36.8,13.3,6.9,8.1,34.3,25.3,79.3,14.8,12.8,34.8,12.3,3.3,7.5,37.9,2.8,9.5,5.0,4.869999999999999,40,0.10890449539473478,0.17533357066369507,0.14211903302921491,0.28841718946681766,0.6313645621181263,1157.4181813303392,2533.6659877800407,618,484,544,0.11164703742757061,0.04796050419144615,537,"Prince William, VA"
51177020106,VA,Virginia,Spotsylvania,51177,8064,6253,-77.5817765,38.3103641,8.5,30.4,13.7,39.6,79.9,10.0,10.5,7.2,80.3,89.3,13.2,71.3,7.0,11.9,69.6,22.2,13.6,30.6,19.7,10.8,8.1,18.5,7.6,41.1,8.9,7.5,6.2,31.6,24.3,81.8,15.0,14.9,38.3,13.6,3.5,5.6,38.2,3.7,6.5,4.5,5.317500000000001,40,1.1470669029101699,-0.4943967693237683,0.3263350667932008,0.3310160621308924,0.7277664630006789,2669.3135250235164,5868.708757637475,149,1105,402,0.319740422303717,1.1338776139312023,361,"Spotsylvania, VA"
51177020108,VA,Virginia,Spotsylvania,51177,4225,3201,-77.5220283,38.2811368,12.8,29.2,13.1,40.3,77.8,7.9,11.3,7.5,78.7,85.5,17.1,67.1,8.3,15.2,63.4,23.4,15.5,36.0,22.6,19.3,16.6,24.4,7.7,38.8,14.7,10.3,10.1,35.0,30.8,75.7,17.8,18.0,42.8,15.7,4.8,9.7,41.5,4.3,12.6,6.7,5.827499999999999,40,1.561761225871698,0.402075916756749,0.9819185713142234,0.4826158857680606,0.921928038017651,2039.052117370056,3895.1459606245753,61,340,116,0.8750893187416509,1.3481027207265528,96,"Spotsylvania, VA"
51610500200,VA,Virginia,Falls Church,51610,6692,5001,-77.1844491,38.8845752,5.5,22.1,16.3,28.2,74.4,7.5,9.4,4.0,79.0,90.3,9.7,71.0,3.5,7.3,77.7,21.1,8.7,21.0,17.4,6.2,4.0,11.2,4.6,35.6,6.3,4.6,4.2,30.0,16.3,79.7,13.1,8.1,30.0,9.3,1.9,3.9,32.5,2.1,4.0,2.7,4.734999999999999,40,-0.4482355137985335,-0.578002383777834,-0.5131189487881838,0.13689726591952492,0.24711473183978275,916.1165035334608,1653.691785471826,1047,1185,1110,-0.41859620885561755,-0.2591900339334012,1102,"Falls Church, VA"
51177020202,VA,Virginia,Spotsylvania,51177,5418,4022,-77.4697839,38.2596703,10.3,26.3,14.9,36.6,75.6,7.5,11.0,6.0,77.9,86.7,15.2,68.1,6.5,13.6,64.8,23.2,12.7,30.9,22.1,14.7,11.7,19.7,6.4,37.0,12.5,8.2,8.1,34.2,25.6,78.8,17.1,14.0,41.0,13.6,3.6,7.9,41.6,3.3,11.1,4.9,5.42,40,0.8578933238760211,0.1486226361867689,0.503257980031395,0.3719284436342683,0.8044806517311609,2015.1083076104658,4358.67617107943,248,500,289,0.4645371850870814,0.780451733987394,264,"Spotsylvania, VA"
51177020204,VA,Virginia,Spotsylvania,51177,4572,3578,-77.4903394,38.2315022,9.0,26.5,14.7,36.2,76.7,8.1,10.7,5.8,78.7,87.9,13.8,69.2,6.0,12.1,66.2,22.5,12.2,29.2,20.9,12.4,9.4,18.1,6.2,37.6,10.6,7.5,6.9,33.1,24.1,79.4,15.9,13.3,39.2,12.9,3.3,6.6,40.2,3.2,10.8,4.4,5.32,40,0.7082263425799742,-0.06161572411904956,0.3233053092304623,0.3303154485416135,0.7257298031228785,1510.2022307322568,3318.0366598778005,309,668,405,0.3115931596138556,0.6848020433467608,371,"Spotsylvania, VA"
51177020304,VA,Virginia,Spotsylvania,51177,4351,3445,-77.5209704,38.2616661,9.0,27.7,14.8,36.6,77.5,8.7,10.7,5.9,78.9,88.5,13.5,72.5,6.1,11.9,70.7,22.5,12.2,29.2,20.9,11.1,8.1,17.5,6.3,38.5,9.8,7.2,6.3,33.1,23.8,80.1,15.7,13.4,38.6,12.9,3.1,5.9,38.9,3.2,11.3,4.2,5.025,40,0.7507747841493035,-0.25366394690619065,0.24855541862155645,0.3130299766603661,0.6924643584521385,1361.9934284492529,3012.9124236252546,289,862,454,0.25098564043743077,0.7556352277810522,415,"Spotsylvania, VA"
51179010205,VA,Virginia,Stafford,51179,6821,4955,-77.4916174,38.4660558,8.8,23.6,16.3,30.8,74.6,6.3,10.7,4.6,76.7,87.4,14.0,66.7,5.0,12.2,69.8,23.3,10.7,27.4,22.3,11.8,8.4,16.5,4.9,36.0,11.0,6.8,6.9,34.2,22.4,78.7,16.7,11.3,36.1,12.4,3.0,6.6,38.4,2.6,9.4,3.9,5.3525,40,0.1727706255245648,0.05707454037224085,0.11492258294840282,0.28212817058916845,0.6143923964697895,1924.396251588718,4190.770536320434,585,559,569,0.13895944087208473,0.22084434137192863,516,"Stafford, VA"
51685920202,VA,Virginia,Manassas Park,51685,7210,5609,-77.4318584,38.7648316,10.8,20.3,15.0,30.4,72.3,4.9,10.0,4.2,76.8,85.8,14.2,63.4,4.5,11.6,69.1,20.8,11.2,27.7,24.3,15.1,10.8,17.7,4.6,34.5,12.8,7.0,8.1,35.6,24.4,78.3,16.1,11.1,34.7,11.6,3.0,7.5,37.3,2.5,10.8,4.5,5.535,40,-0.06997374411549126,0.33803347061410294,0.13402986324930583,0.28654661660531583,0.6252545824847251,2066.0011057243273,4508.085539714868,728,371,553,0.11311740028609135,-0.11179867004192022,536,"Manassas Park, VA"
51059420203,VA,Virginia,Fairfax,51059,2718,2100,-77.1291703,38.7922052,5.2,22.3,14.9,29.5,76.5,7.9,9.5,4.5,78.9,91.3,9.5,71.1,3.7,7.1,79.4,19.1,9.6,20.6,19.4,6.6,4.3,11.5,4.7,37.6,6.6,4.7,4.3,30.9,16.1,82.0,11.8,8.6,24.6,9.5,2.1,4.1,32.8,2.3,4.3,2.8,3.7475,40,-0.375328062705067,-0.739951655344515,-0.5576398590247911,0.12660206768239565,0.21249151391717583,344.1044199607514,577.5519348268839,980,1284,1161,-0.4760862754374836,-0.21222089553045215,1185,"Fairfax County, VA"
51059420201,VA,Virginia,Fairfax,51059,3732,2848,-77.1460645,38.7895063,6.7,20.2,14.3,28.7,74.9,6.4,9.5,4.2,77.9,90.1,10.4,69.0,3.6,8.0,75.8,18.3,9.9,21.2,21.9,9.0,6.0,12.9,4.3,36.2,8.3,5.0,5.3,32.8,18.0,83.9,12.3,8.8,24.9,9.7,2.3,5.0,35.5,2.3,5.3,3.2,3.94,40,-0.4565026105084643,-0.538305712266914,-0.49740416138768917,0.14053121793628767,0.2545824847250509,524.4625053382256,950.10183299389,1050,1145,1099,-0.4583703020786387,-0.3784348918903634,1157,"Fairfax County, VA"
51059416100,VA,Virginia,Fairfax,51059,4129,3213,-77.1167623,38.7048315,4.6,27.5,13.5,34.1,80.5,10.8,9.4,6.3,81.2,92.5,9.1,73.8,4.7,6.9,79.5,19.3,11.0,22.9,16.5,5.8,4.0,12.4,6.5,41.8,5.3,5.0,3.9,28.2,16.6,83.1,10.9,10.5,24.8,10.5,2.4,3.7,30.7,2.9,5.9,3.1,3.972499999999999,40,0.1910585910666828,-1.009886005774935,-0.40941370735412613,0.16087849211456096,0.3088934147997284,664.2672939410222,1275.4209097080786,570,1409,1019,-0.30716083292744134,0.39556433992005235,988,"Fairfax County, VA"
51059415300,VA,Virginia,Fairfax,51059,3908,3117,-77.0698878,38.7668046,9.0,24.2,14.5,31.5,77.2,8.4,9.6,5.8,78.0,89.9,11.8,68.5,4.8,9.0,74.0,19.5,11.0,26.0,21.0,9.8,6.5,15.3,6.3,38.3,8.9,6.2,5.7,32.5,20.6,81.3,12.9,11.5,26.3,11.5,2.8,5.3,34.4,2.9,6.7,4.0,4.130000000000001,40,0.07329682846997794,-0.3670636548661218,-0.14688341319807194,0.22158707617594567,0.4650373387644263,865.9622936955957,1817.365919891378,638,974,789,-0.10439900364471902,0.15826564757668377,758,"Fairfax County, VA"
51013101601,VA,Virginia,Arlington,51013,1362,1193,-77.0805264,38.8994834,4.3,15.0,19.3,20.1,65.6,5.3,8.8,2.7,74.7,87.3,9.0,73.8,2.2,4.7,79.5,22.4,5.3,16.6,16.3,4.4,2.6,8.0,3.4,29.5,4.8,3.7,3.7,33.1,10.6,80.6,13.1,4.8,21.9,6.8,1.2,3.1,24.6,1.3,2.9,1.9,3.5525,40,-1.4053558867960199,-0.35967071215867474,-0.8825132994773472,0.05147699827877974,0.019687712152070606,70.111671655698,26.814663951120163,1398,962,1445,-0.7382515306231694,-1.116832349087664,1447,"Arlington, VA"
51013101805,VA,Virginia,Arlington,51013,3760,3503,-77.0857667,38.8889631,4.3,11.9,21.7,16.7,57.5,4.0,8.8,1.9,72.2,86.0,9.3,69.5,1.8,4.8,79.6,23.5,4.0,15.5,16.4,4.4,2.6,7.3,2.7,26.1,5.0,3.5,3.8,33.7,9.7,80.6,13.9,3.7,21.8,6.3,1.0,3.1,25.0,1.0,2.7,1.7,3.7875,40,-1.7334045530349544,-0.009005073418742966,-0.8712048132268487,0.05409201911038448,0.02172437202987101,203.38599185504563,81.683638832315,1446,607,1442,-0.7230131834712896,-1.4370212935238362,1441,"Arlington, VA"
51013101801,VA,Virginia,Arlington,51013,3399,3099,-77.0926147,38.8853358,3.9,11.5,22.1,16.1,57.2,3.9,8.6,1.7,72.5,87.3,8.6,67.4,1.6,4.5,80.0,23.0,3.8,14.1,16.2,3.7,2.2,6.6,2.5,26.2,4.5,3.1,3.3,33.1,9.0,81.3,13.3,3.3,21.3,5.9,0.9,2.8,24.9,0.9,2.7,1.5,3.6675,40,-1.8352019448774757,-0.06199552049567111,-0.9485987326865734,0.036195131132314234,0.010862186014935505,123.02725071873608,36.920570264765786,1458,669,1458,-0.7948966286066755,-1.52779773671768,1468,"Arlington, VA"
51047930501,VA,Virginia,Culpeper,51047,5742,4679,-78.0684367,38.3621033,10.3,27.7,16.2,38.1,76.2,8.2,10.2,6.6,77.8,87.1,14.7,67.9,6.8,14.5,66.0,21.4,12.6,31.0,23.2,12.6,9.7,19.1,6.9,39.4,11.2,7.7,7.2,33.1,25.3,76.2,16.4,14.0,38.7,13.7,3.6,6.9,38.0,3.5,10.6,4.6,5.365,40,0.8995045906412441,0.17151289381090554,0.5355087422260748,0.3793862424152944,0.8112695179904956,2178.4358039486206,4658.309572301426,226,487,279,0.5005604530216952,0.8296080122324848,240,"Culpeper, VA"
51013101602,VA,Virginia,Arlington,51013,1654,1477,-77.0838062,38.8940355,8.1,17.4,17.2,24.6,67.0,4.7,9.9,3.4,74.4,84.8,13.0,66.8,3.7,9.2,68.8,23.9,7.9,23.2,19.5,11.1,8.7,13.9,4.1,31.4,9.7,6.2,6.8,35.2,17.3,76.3,16.0,8.1,27.0,9.7,2.3,6.2,29.0,1.9,5.2,3.6,5.1875,40,-0.7180725371217881,0.3362192958502276,-0.19092662063578025,0.2114023438971034,0.44331296673455534,349.65947680580905,733.2396469789545,1199,373,821,-0.11089469502140048,-0.5580086858930285,762,"Arlington, VA"
51013101701,VA,Virginia,Arlington,51013,5507,5052,-77.0813675,38.8898621,6.0,9.9,21.4,15.8,51.9,2.8,9.0,1.6,70.9,83.9,10.8,65.2,1.8,5.7,75.1,23.6,3.9,16.8,18.4,6.7,4.3,8.5,2.5,23.9,6.8,4.1,5.0,36.0,11.3,79.8,15.0,3.7,22.8,6.5,1.1,4.1,26.7,0.9,4.9,2.1,4.2175,40,-1.804268749226155,0.48050387024179625,-0.6618824394921794,0.10249658500115374,0.1364562118126273,564.4486936013536,751.4643584521385,1455,302,1273,-0.5462881181118042,-1.5730801064654047,1274,"Arlington, VA"
51059420800,VA,Virginia,Fairfax,51059,3640,2827,-77.0977278,38.7797043,9.5,20.9,15.5,28.0,74.1,6.9,9.5,4.6,76.4,89.4,11.7,68.6,4.0,8.8,71.4,19.5,9.9,23.4,21.9,9.8,6.0,14.2,4.9,36.4,9.2,5.5,5.6,33.2,19.5,81.6,13.1,9.6,25.8,10.7,2.4,5.1,36.3,2.4,6.0,3.5,4.220000000000001,40,-0.36054996828029084,-0.2310907366188898,-0.2958203524495903,0.1871462863026767,0.38289205702647655,681.2124821417432,1393.7270875763747,964,843,910,-0.24065496736830302,-0.25021919811771626,901,"Fairfax County, VA"
51047930203,VA,Virginia,Culpeper,51047,6844,4818,-78.044639,38.476237,9.3,24.2,16.4,33.1,74.4,7.0,10.6,4.9,77.8,87.6,13.8,66.1,5.1,11.6,68.5,22.1,10.7,27.3,21.9,11.7,8.7,16.2,5.3,36.0,11.1,6.9,6.9,33.4,22.4,76.3,16.4,11.4,37.4,12.0,2.9,6.7,37.5,2.8,6.8,4.0,5.1225000000000005,40,0.2996229251208907,0.08547532919682549,0.1925491271588581,0.3000788516705447,0.658520027155465,2053.739660833208,4506.911065852002,505,541,504,0.19450424624118517,0.30353316328554486,471,"Culpeper, VA"
51059415100,VA,Virginia,Fairfax,51059,3633,2791,-77.071946,38.7753905,7.6,22.9,15.0,29.9,76.5,8.2,9.4,5.0,78.1,90.5,10.7,70.5,4.2,8.1,77.5,19.5,10.0,22.8,19.4,8.2,5.4,13.4,5.4,38.0,7.6,5.3,4.9,31.1,18.2,82.7,12.3,9.6,25.7,10.5,2.4,4.6,32.1,2.5,6.7,3.3,3.98,40,-0.22286478553546452,-0.5601602390231021,-0.3915125122792833,0.16501803802675327,0.32179226069246436,599.5105321511946,1169.071283095723,865,1166,1000,-0.31529057197098476,-0.07042090491886745,997,"Fairfax County, VA"
51013102301,VA,Virginia,Arlington,51013,1734,1389,-77.1054262,38.8664141,7.8,23.1,15.9,30.4,73.5,6.9,9.8,4.6,77.7,88.8,11.9,65.8,4.6,10.0,70.8,21.9,10.0,24.3,20.0,10.1,7.5,14.9,5.1,36.9,9.3,6.1,6.1,33.2,18.1,76.2,14.5,10.3,28.6,11.0,2.8,5.9,29.9,2.5,6.5,3.7,4.9125,40,-0.1265363402070543,-0.012072750150240544,-0.06930454517864741,0.23952673241898767,0.5044127630685675,415.33935401452464,874.6517311608961,775,613,731,-0.005402290525434016,0.001268169099372511,658,"Arlington, VA"
51059415700,VA,Virginia,Fairfax,51059,4187,2830,-77.05275,38.7212071,4.3,23.9,16.1,28.6,76.3,9.6,9.7,4.9,78.9,91.9,9.3,69.1,3.9,6.9,82.8,20.8,8.4,20.3,16.4,4.9,3.3,10.7,5.3,38.4,4.9,4.6,3.5,28.8,14.1,82.9,11.7,8.4,23.7,9.6,2.0,3.2,30.0,2.3,11.2,2.5,4.19,40,-0.34695881530061284,-0.689888117387888,-0.5184234663442504,0.1356706274815009,0.24236252545824846,568.0529172650444,1014.7718940936863,956,1256,1117,-0.3757640068824387,-0.06163989637698946,1053,"Fairfax County, VA"
51059416200,VA,Virginia,Fairfax,51059,5201,2786,-77.1510948,38.6904794,7.3,12.3,20.2,19.1,56.1,3.2,10.4,1.9,71.3,85.9,12.9,54.2,2.4,9.4,73.3,23.5,5.2,19.2,22.0,9.8,7.1,11.1,2.6,25.6,10.6,5.2,6.4,35.4,15.2,81.2,16.3,5.2,27.2,8.6,1.7,6.7,38.4,1.2,4.7,2.6,4.3575,40,-1.3151768707571623,0.5971533579991914,-0.3590117563789854,0.17253364637958946,0.3394433129667346,897.3474948202447,1765.4446707399866,1376,250,974,-0.2876814941062952,-1.1725163462117818,964,"Fairfax County, VA"
51059420100,VA,Virginia,Fairfax,51059,4106,3170,-77.164436,38.7859377,10.2,21.0,12.8,30.2,76.7,6.1,8.8,5.0,77.3,88.7,11.6,64.2,4.2,9.0,69.7,16.8,12.3,24.8,25.0,12.0,7.0,16.0,5.3,38.7,9.9,5.8,6.3,34.8,23.3,78.4,12.5,10.9,24.1,11.2,2.7,5.4,37.1,2.7,8.7,4.2,4.1625,40,-0.22933614022633797,0.023174890107509907,-0.10308062505941404,0.2317162129080976,0.48540393754243044,951.4267702006488,1993.0685675492193,867,581,759,-0.09888417289108567,-0.22094323588968123,750,"Fairfax County, VA"
51013100300,VA,Virginia,Arlington,51013,6199,4587,-77.1286948,38.9154001,4.2,26.5,15.1,31.5,78.2,9.9,9.3,5.3,80.8,91.3,9.2,71.2,4.2,6.7,79.6,21.3,9.4,22.1,15.5,4.9,3.3,11.3,6.0,40.0,4.8,4.8,3.7,29.8,14.3,77.3,12.2,9.4,24.7,9.8,2.1,3.2,24.6,2.5,6.0,2.8,4.295,40,-0.13214116308794968,-0.6838302590310475,-0.4079857110594986,0.16120870784593178,0.31160896130346233,999.332779936931,1931.663951120163,782,1251,1015,-0.26607592446848893,0.15167841009406974,937,"Arlington, VA"
51047930204,VA,Virginia,Culpeper,51047,1520,1328,-78.0091787,38.465479,7.9,32.6,13.6,40.0,81.6,11.4,10.3,7.6,81.7,90.3,12.6,72.5,7.0,10.7,67.3,21.1,12.7,31.2,19.7,9.0,6.7,17.1,8.3,42.7,7.7,7.3,5.4,31.4,23.7,70.5,14.2,15.1,34.3,13.2,3.2,4.6,34.5,3.9,8.2,4.3,5.55,40,1.1471247924708394,-0.22131430916796016,0.46290524165143965,0.3625971105859368,0.7888662593346911,551.147608090624,1199.0767141887304,148,826,312,0.48159311109358116,1.1845005313551225,249,"Culpeper, VA"
51059420503,VA,Virginia,Fairfax,51059,3505,2803,-77.0749248,38.7895702,7.7,15.7,16.7,24.1,67.8,4.5,9.5,3.1,74.7,87.9,11.2,67.2,2.8,7.5,75.2,19.5,8.0,20.1,21.9,9.8,6.5,12.1,3.4,31.0,9.9,4.9,6.1,33.9,17.0,83.6,13.6,7.0,26.3,8.9,2.0,6.1,36.0,1.8,4.3,3.1,3.85,40,-0.9224176886995926,-0.16145521803143048,-0.5419364533655116,0.13023338773854776,0.22539035980991173,456.46802402360987,789.9932111337406,1280,757,1142,-0.5073191266904129,-0.8531830353493952,1223,"Fairfax County, VA"
51013103404,VA,Virginia,Arlington,51013,1438,1347,-77.0476975,38.8632307,4.8,18.6,17.9,24.6,70.9,6.5,9.0,3.5,76.6,88.8,9.3,74.7,2.8,5.9,78.9,21.2,7.0,18.7,17.4,5.5,3.5,9.6,4.2,33.3,5.8,4.2,4.1,32.5,12.3,80.4,12.9,6.5,23.8,8.0,1.6,3.6,26.1,1.8,5.8,2.3,4.0775,40,-0.9394881019100935,-0.48729214819885325,-0.7133901250544734,0.09058573612629148,0.1011541072640869,130.26228854960715,145.45960624575696,1284,1097,1325,-0.5913550058813848,-0.6954178635639164,1336,"Arlington, VA"
51013101603,VA,Virginia,Arlington,51013,4482,4172,-77.074845,38.8961541,6.2,15.2,18.5,20.9,64.4,4.9,9.2,3.0,73.6,84.8,11.2,70.9,2.9,6.7,75.6,23.4,5.9,19.8,18.1,7.6,5.2,10.6,3.8,29.5,6.9,4.9,5.3,35.0,13.6,80.4,14.7,6.0,23.3,8.0,1.6,4.3,26.1,1.5,3.2,2.6,4.4425,40,-1.1943824843917472,-0.018588492019745256,-0.6064854882057462,0.11530680366459597,0.18058384249830278,516.8050940247192,809.376782077393,1353,618,1208,-0.4835688732237387,-0.9485492544277322,1196,"Arlington, VA"
51047930202,VA,Virginia,Culpeper,51047,6283,4928,-78.1122668,38.5123826,9.6,32.5,14.3,41.1,79.1,9.4,11.3,8.0,79.4,87.4,16.4,69.0,9.1,16.6,66.9,24.1,14.5,34.9,21.6,14.3,12.6,22.1,8.2,42.2,11.4,9.5,8.0,32.9,28.2,75.2,17.6,17.4,39.9,15.9,4.5,7.5,36.4,4.2,12.1,5.6,5.57,40,1.6603986729641904,0.09489817004966093,0.8776484215069257,0.4585040278393647,0.8954514596062457,2880.7808069147286,5626.121520706042,46,533,155,0.8287859176220403,1.5626736651944197,112,"Culpeper, VA"
51013101503,VA,Virginia,Arlington,51013,1793,1429,-77.1007202,38.8902535,4.4,20.7,17.8,25.5,73.7,8.0,8.9,3.9,77.7,90.0,8.6,74.4,3.0,5.5,79.6,21.2,7.0,18.3,15.9,4.3,2.7,9.1,4.6,35.5,4.5,3.9,3.3,30.9,11.5,78.8,12.0,6.7,22.4,8.0,1.6,2.8,24.5,1.8,2.4,2.1,4.0875,40,-0.8555407187777597,-0.6563874291043565,-0.7559640739410581,0.08074076123257512,0.0658520027155465,144.76818489000718,118.07264086897489,1255,1236,1377,-0.5959982643381266,-0.5356090995718967,1347,"Arlington, VA"
51013102803,VA,Virginia,Arlington,51013,2748,2291,-77.1084793,38.8496208,9.4,19.5,15.9,27.3,71.2,5.2,9.4,3.8,76.5,88.4,11.7,68.2,3.5,9.0,72.4,20.4,9.7,22.8,22.2,10.8,7.1,14.2,4.2,34.8,10.6,5.5,6.3,35.1,18.4,79.5,14.5,9.0,27.8,10.2,2.4,6.0,30.3,2.1,5.2,3.5,4.467499999999999,40,-0.5385544169698763,-0.08517698452708106,-0.31186570074847864,0.183435894025364,0.37338764426340804,504.0818367817003,1026.0692464358453,1102,692,924,-0.26632724422971216,-0.44747750393234326,938,"Arlington, VA"
51013101406,VA,Virginia,Arlington,51013,3641,3406,-77.1045769,38.883756,4.7,13.0,20.4,18.2,61.5,4.6,8.8,2.4,72.9,85.6,9.7,71.6,2.0,4.8,77.8,23.2,4.6,17.1,16.7,4.9,3.0,7.9,3.4,26.9,5.2,3.9,4.0,34.3,10.7,80.0,14.0,4.4,21.4,6.6,1.1,3.3,24.9,1.2,3.2,1.9,3.642500000000001,40,-1.5778770945721032,-0.06624484128384699,-0.8220609679279751,0.06545624384877952,0.035302104548540394,238.3261838534062,128.53496266123557,1424,674,1422,-0.6805764373675708,-1.2949080334512946,1421,"Arlington, VA"
51059415900,VA,Virginia,Fairfax,51059,3216,2555,-77.0863636,38.7186601,5.3,26.2,14.1,32.2,79.5,10.2,9.5,5.8,80.2,92.0,9.6,70.5,4.5,7.3,78.1,19.6,10.3,23.2,17.5,6.0,4.0,12.4,6.3,40.5,5.6,5.1,3.9,29.4,17.1,82.8,11.5,10.3,24.2,10.5,2.3,3.6,31.6,2.8,5.4,3.1,4.0175,40,0.026223263599155888,-0.8427506812192667,-0.40826370881005536,0.1611444225036904,0.3102511880515954,518.2404627718684,997.7678207739308,664,1349,1017,-0.3028646629161612,0.23702135538694424,980,"Fairfax County, VA"
51013101703,VA,Virginia,Arlington,51013,2352,2163,-77.0748886,38.8893216,6.1,16.9,18.4,23.2,68.5,5.7,8.9,3.4,74.9,86.9,10.1,72.6,2.8,6.0,74.2,22.0,6.8,19.4,17.4,6.5,4.2,10.2,4.2,31.5,6.5,4.4,4.7,33.2,13.2,79.8,13.6,6.3,24.1,8.0,1.6,4.0,26.9,1.7,5.6,2.5,4.154999999999999,40,-1.0401977238514626,-0.16823758634952235,-0.6042176551004925,0.11583122671127738,0.1826205023761032,272.4350452249244,429.5234215885947,1315,769,1205,-0.488898988214502,-0.8095603900794817,1205,"Arlington, VA"
51013103504,VA,Virginia,Arlington,51013,2571,2380,-77.0553661,38.8623832,4.8,11.6,19.9,17.5,57.1,3.4,8.7,1.7,73.1,87.5,9.1,65.5,1.7,5.5,76.3,21.5,4.4,15.0,18.6,5.6,3.4,7.8,2.4,26.5,6.4,3.5,4.2,34.0,10.9,80.2,13.5,3.8,23.1,6.4,1.1,3.9,28.2,1.0,3.3,1.8,3.85,40,-1.7237504462251625,0.0901759161981392,-0.8167872650135116,0.06667575658244966,0.0373387644263408,171.42337017347808,95.9979633401222,1444,537,1419,-0.7071460914937732,-1.5044680991856856,1432,"Arlington, VA"
51059420501,VA,Virginia,Fairfax,51059,980,888,-77.0699833,38.7889176,5.7,33.3,10.4,39.5,84.6,14.1,9.4,8.2,84.1,93.5,9.0,79.3,5.8,6.3,77.9,17.7,12.9,27.6,16.9,6.1,4.2,14.0,8.8,45.2,5.2,5.8,3.9,28.6,19.3,82.5,10.0,13.6,23.7,11.5,2.7,3.5,29.9,3.8,4.7,3.7,4.0675,40,0.8505567460046308,-1.2835062319848463,-0.21647474299010772,0.20549449109655657,0.4256619144602851,201.38460127462542,417.1486761710794,251,1466,847,-0.1333110513010547,1.0168841293827369,786,"Fairfax County, VA"
51059421200,VA,Virginia,Fairfax,51059,2024,1491,-77.1344966,38.748636,4.8,24.6,15.0,30.4,77.9,9.6,9.5,5.3,79.5,91.7,9.5,71.5,4.1,7.1,79.3,19.8,9.3,22.0,17.9,5.6,3.7,11.4,5.8,38.7,5.5,4.9,3.8,30.1,16.0,82.8,11.7,9.3,23.8,9.9,2.1,3.6,32.0,2.6,4.0,2.8,3.945,40,-0.1908680593881935,-0.858874279960085,-0.5248711696741393,0.1341796340673361,0.2396469789545146,271.57957935228825,485.0454854039375,834,1356,1121,-0.4155227188453043,0.027828842269476493,1098,"Fairfax County, VA"
51013102400,VA,Virginia,Arlington,51013,3617,2875,-77.0890693,38.8706341,8.0,18.0,18.0,24.8,68.7,5.4,9.3,3.5,74.9,86.9,11.5,69.7,3.4,8.4,73.7,22.0,7.9,21.4,19.9,8.9,6.1,12.5,4.1,32.9,8.5,5.2,5.6,34.3,15.8,79.1,14.5,7.7,26.0,9.3,2.1,5.0,27.9,1.9,5.1,3.0,4.705,40,-0.7900553975005546,-0.02611846994305122,-0.40808693372180294,0.1611853007015366,0.31093007467752887,583.007232637458,1124.634080108622,1227,629,1016,-0.3189791242975105,-0.6118397786519698,1002,"Arlington, VA"
51013102002,VA,Virginia,Arlington,51013,1243,1079,-77.1048667,38.8788638,7.4,14.0,19.7,20.2,62.6,4.2,9.1,2.6,72.7,84.3,11.5,66.2,2.6,6.8,74.4,22.5,5.8,19.7,19.3,8.1,5.3,10.8,3.4,28.5,7.7,4.8,5.5,35.7,13.5,79.8,14.8,5.8,23.7,7.9,1.7,4.5,26.6,1.4,4.4,2.7,4.48,40,-1.3136245026017523,0.2456144145722946,-0.5340050440147288,0.1320674794301185,0.2328581126951799,164.1598769316373,289.44263408010863,1375,440,1131,-0.4310452527490127,-1.10770492007032,1121,"Arlington, VA"
51013101405,VA,Virginia,Arlington,51013,2176,2023,-77.1066078,38.8804443,4.5,14.6,19.2,19.6,65.6,5.4,8.7,2.7,74.2,87.1,9.3,70.0,2.1,5.0,77.9,22.2,5.1,17.3,17.3,4.8,2.8,8.0,3.7,28.8,5.0,3.9,3.7,34.1,11.4,80.7,13.4,5.0,20.7,6.7,1.2,3.0,25.7,1.3,3.3,2.0,3.8925,40,-1.4687953303436436,-0.22957971678153774,-0.8491875235625906,0.059183387650092664,0.024439918533604887,128.78305152660164,53.181262729124235,1403,839,1438,-0.7041469629849342,-1.1787142091883307,1430,"Arlington, VA"
51013101000,VA,Virginia,Arlington,51013,3319,2404,-77.1411664,38.8882158,5.2,23.7,16.4,28.7,74.4,8.2,9.5,4.4,78.8,90.7,9.7,69.7,3.9,7.6,79.7,22.1,8.7,20.8,16.6,6.1,4.3,11.5,4.9,37.7,6.1,4.8,4.2,30.5,14.3,80.7,13.0,8.5,26.1,9.7,2.1,4.0,25.5,2.2,3.2,2.7,4.430000000000001,40,-0.3751843142659964,-0.6369611968010587,-0.5060727555335276,0.13852665660332455,0.2505091649694501,459.7699732664342,831.4399185336048,979,1224,1105,-0.3731756406693805,-0.10939008453770237,1049,"Arlington, VA"
51013103200,VA,Virginia,Arlington,51013,5520,4715,-77.0833651,38.8597977,6.4,16.8,17.5,23.4,68.0,5.2,8.9,3.0,75.6,88.0,9.9,69.1,2.7,6.6,74.8,21.0,7.1,19.0,18.7,7.2,4.8,10.6,3.7,31.7,7.4,4.4,4.9,33.2,14.1,81.1,13.4,6.5,25.0,8.1,1.7,4.5,28.0,1.6,5.1,2.6,4.157500000000001,40,-1.0674384468478784,-0.19393165889646677,-0.6306850528721726,0.1097107968855559,0.16632722335369993,605.6035988082685,918.1262729124236,1322,804,1229,-0.534018769830742,-0.8741058807650174,1256,"Arlington, VA"
51013102802,VA,Virginia,Arlington,51013,1317,951,-77.103158,38.8465841,5.8,22.3,16.7,27.7,73.9,8.0,9.0,4.2,78.4,91.1,9.1,70.4,3.5,7.0,75.7,20.8,8.2,19.8,16.7,5.8,3.9,11.0,4.8,37.3,5.8,4.4,3.8,30.1,13.8,81.0,12.0,8.0,24.9,9.1,1.9,3.6,26.9,2.1,4.1,2.6,4.495,40,-0.5762991346058818,-0.5841584961858554,-0.5802288153958686,0.1213785045841981,0.19891378139850646,159.8554905373889,261.969450101833,1121,1189,1181,-0.44692235234630406,-0.3096862085067528,1143,"Arlington, VA"
51059421101,VA,Virginia,Fairfax,51059,5912,4439,-77.1731098,38.7514882,6.1,18.8,15.3,26.7,73.0,5.8,9.7,3.5,77.3,90.4,10.1,65.8,3.2,7.8,76.3,19.0,9.0,19.5,21.6,8.2,5.3,11.8,3.6,34.8,8.1,4.7,4.9,32.6,16.6,82.4,12.5,7.7,25.0,9.2,2.0,4.9,35.5,2.0,4.3,2.8,3.9175,40,-0.6708630559134025,-0.42807057701877294,-0.5494668164660876,0.12849203562993233,0.21928038017651053,759.6449146441599,1296.3856076035302,1170,1048,1151,-0.4955297909912516,-0.5629890049637303,1212,"Fairfax County, VA"
51013102001,VA,Virginia,Arlington,51013,2802,2342,-77.1106161,38.8753997,9.9,17.7,16.8,25.0,69.2,5.3,9.1,4.0,74.5,84.4,12.5,66.8,3.6,7.7,58.6,21.8,8.4,24.2,19.5,11.1,7.9,14.2,4.9,32.0,9.6,6.0,6.9,35.3,17.9,76.3,14.7,8.8,25.8,9.6,2.3,5.8,30.8,2.1,11.0,3.9,4.9350000000000005,40,-0.7123435309818655,0.5871142611010419,-0.0626146349404118,0.2410737347539625,0.5105227427019687,675.4886047806029,1430.4847250509165,1194,254,722,0.0023419529255092053,-0.5824303552500235,650,"Arlington, VA"
51013100100,VA,Virginia,Arlington,51013,5125,3591,-77.158098,38.8957185,5.0,24.0,16.3,28.8,75.5,8.7,9.2,4.5,79.2,91.0,9.3,69.6,3.9,7.2,79.1,21.3,8.6,20.5,16.4,5.4,3.6,11.2,5.1,38.7,5.2,4.6,3.7,30.3,13.9,79.6,12.2,8.5,24.3,9.5,2.0,3.3,25.0,2.2,5.8,2.6,4.209999999999999,40,-0.4199578177222589,-0.5990196065613388,-0.5094887121417988,0.13773673675971213,0.24779361846571624,705.9007758935246,1269.9422946367956,1021,1204,1109,-0.3633898806195796,-0.1277601546778204,1045,"Arlington, VA"
51059415600,VA,Virginia,Fairfax,51059,2754,2124,-77.0496127,38.7491985,3.3,27.0,14.4,31.9,80.3,11.7,9.2,5.6,81.6,93.7,7.8,75.5,3.9,5.6,81.8,19.2,9.4,20.0,15.0,3.6,2.2,9.9,5.9,42.1,3.7,4.0,2.8,26.9,13.4,83.3,10.1,8.6,22.8,9.4,1.9,2.5,29.6,2.5,2.3,2.4,3.45,40,-0.15048366589419912,-1.2568798287321434,-0.7036817473131712,0.09283074129075138,0.10658520027155464,255.65586151472928,293.5356415478615,794,1464,1317,-0.5365740662403311,0.18373169625148114,1262,"Fairfax County, VA"
51013101704,VA,Virginia,Arlington,51013,1990,1853,-77.0696004,38.8928523,5.8,12.7,17.4,19.6,60.9,3.7,8.6,2.4,73.3,84.5,10.5,68.6,2.3,6.1,75.2,21.2,5.7,18.3,19.6,7.8,5.0,9.9,3.2,28.1,7.1,4.4,5.4,35.6,13.7,79.7,14.1,5.0,22.3,7.3,1.4,4.5,27.4,1.3,4.4,2.5,4.1075,40,-1.4844079689270886,0.15491607239891103,-0.6647459482640887,0.10183441546544814,0.13238289205702647,202.6504867762418,263.44195519348267,1410,496,1279,-0.5711379540324546,-1.2971919804638203,1309,"Arlington, VA"
51059421300,VA,Virginia,Fairfax,51059,3658,2946,-77.1137802,38.7575006,6.8,22.5,15.0,29.9,76.1,7.6,9.8,4.9,78.0,90.3,10.9,69.8,4.1,8.4,74.6,20.0,10.1,22.7,20.7,8.3,5.5,13.1,5.1,37.2,8.0,5.3,5.1,32.2,18.0,82.2,13.0,9.5,25.8,10.4,2.4,4.9,35.2,2.5,7.4,3.2,4.0175,40,-0.20347884937967706,-0.47544843016337907,-0.33946363977152805,0.17705403319483506,0.351663272233537,647.6636534267067,1286.3842498302783,849,1085,956,-0.2774016237851116,-0.07935481740684412,949,"Fairfax County, VA"
51013101200,VA,Virginia,Arlington,51013,3897,2769,-77.1383001,38.87293,6.7,23.9,15.6,29.6,75.8,8.6,8.9,4.9,78.9,90.7,9.7,69.6,3.9,7.4,77.6,20.1,9.1,22.3,17.7,6.5,4.2,12.1,5.8,38.2,6.4,4.9,4.3,31.1,15.8,79.0,12.3,9.3,24.9,9.8,2.1,3.9,25.9,2.4,4.7,3.0,4.2025,40,-0.34759003448139036,-0.5150133490190373,-0.4313016917502138,0.15581702465643096,0.296673455532926,607.2189450861115,1156.1364562118126,959,1128,1037,-0.31968521219313883,-0.12435707536724042,1005,"Arlington, VA"
51013101407,VA,Virginia,Arlington,51013,3812,3585,-77.1089384,38.8819613,4.9,10.6,21.1,16.2,53.5,3.2,8.8,1.8,71.2,83.8,10.4,69.8,1.8,5.3,77.8,23.6,3.9,16.7,17.5,5.8,3.7,8.1,2.7,24.7,5.9,4.0,4.7,35.2,10.8,80.1,14.7,3.7,22.1,6.4,1.1,3.8,25.5,0.9,2.8,2.0,3.7875,40,-1.7940627219658551,0.23447308934207958,-0.7797948163118877,0.07523004243680544,0.05295315682281059,286.77692176910233,201.85743380855396,1454,448,1396,-0.6503638651203453,-1.5352008195827702,1404,"Arlington, VA"
51013102903,VA,Virginia,Arlington,51013,1625,1386,-77.0956433,38.8415196,4.9,19.7,18.5,23.2,68.9,6.6,10.0,3.0,76.5,89.8,10.0,73.2,3.1,7.0,79.5,24.5,6.3,18.5,16.6,5.6,3.9,9.7,3.6,32.8,6.3,4.4,4.1,32.0,12.4,81.8,14.2,6.5,25.5,8.5,1.6,4.0,26.7,1.6,2.8,2.2,4.325000000000001,40,-0.8869267782713619,-0.5614637124888784,-0.7241952453801201,0.08808711569967899,0.0943652410047522,143.14156301197835,153.34351663272233,1262,1170,1335,-0.5630334949984712,-0.564603277508064,1300,"Arlington, VA"
51059421400,VA,Virginia,Fairfax,51059,8188,5915,-77.0875449,38.7687048,18.4,19.3,14.0,30.9,70.4,4.0,10.6,4.8,73.6,83.1,18.1,59.5,5.4,14.7,65.7,20.3,12.9,32.0,28.1,25.7,20.5,24.0,4.9,33.6,20.7,9.4,12.7,38.5,30.7,79.8,17.1,13.7,33.4,14.1,4.4,12.7,39.9,3.0,11.0,7.0,5.2925,40,0.20764555064709245,0.9287097389461204,0.5681776447966065,0.3869407336951366,0.8228105906313645,3168.2707274957784,6737.173116089612,560,147,262,0.4763765145834634,0.02404329022080642,255,"Fairfax County, VA"
51013102600,VA,Virginia,Arlington,51013,3688,2957,-77.0936975,38.8554206,9.2,18.4,16.3,26.4,69.9,5.1,8.9,3.7,75.8,87.2,11.4,67.0,3.4,8.3,70.5,20.2,9.1,22.2,20.6,10.6,7.2,13.8,4.2,33.8,9.9,5.3,6.3,34.1,17.9,77.9,13.9,8.4,27.3,9.7,2.3,5.8,29.0,2.0,9.7,3.6,4.5775,40,-0.6918073737559112,0.18468747321199713,-0.253559950271957,0.1969187553669278,0.40801086218601496,726.2363697932298,1504.7440597420232,1179,480,873,-0.20164354865208886,-0.5879745705161749,853,"Arlington, VA"
51013101501,VA,Virginia,Arlington,51013,3136,2825,-77.0905137,38.8965348,6.0,12.8,20.3,18.6,60.3,4.0,9.0,2.3,72.6,85.3,10.6,70.6,2.2,5.8,76.9,23.3,5.0,17.8,17.8,6.5,4.2,9.1,3.1,27.0,6.6,4.2,4.8,34.8,12.0,77.9,14.6,4.7,23.3,7.1,1.3,4.0,25.9,1.2,3.6,2.2,4.2925,40,-1.5022957065477853,0.13384565722842917,-0.684225024659678,0.09732999379250842,0.11812627291242363,305.2268605333064,370.4439918533605,1414,509,1300,-0.5618387119627883,-1.257523081154006,1297,"Arlington, VA"
51043010300,VA,Virginia,Clarke,51043,2900,2407,-77.9404684,39.0705762,6.2,29.1,15.4,35.1,78.6,10.0,10.1,6.3,80.1,90.0,12.3,72.1,6.3,11.6,73.1,23.6,11.2,28.2,19.1,7.9,5.8,15.4,6.8,41.2,7.0,6.4,4.9,30.6,20.8,77.5,14.8,12.5,32.1,12.8,2.9,4.4,34.5,3.1,7.5,3.5,4.9625,40,0.5902271883285604,-0.4675556064302684,0.061335790949145985,0.2697365405979529,0.581805838424983,782.2359677340634,1687.2369314324508,358,1078,617,0.15253349248322257,0.7726225913967135,507,"Clarke, VA"
51013101502,VA,Virginia,Arlington,51013,3284,2760,-77.0928398,38.8907435,4.6,14.8,20.2,19.8,64.6,5.1,9.0,2.5,74.1,87.3,9.5,71.7,2.2,5.3,79.1,23.1,5.3,16.8,16.6,4.8,2.9,8.2,3.3,29.4,5.2,3.8,3.9,33.2,10.8,80.2,13.7,4.8,22.5,7.1,1.3,3.2,25.2,1.3,3.0,2.0,3.960000000000001,40,-1.403482024504649,-0.2466772704228557,-0.8250796474637524,0.06475819198797908,0.031907671418873046,212.6659024885233,104.78479293957908,1397,857,1427,-0.6753426655544035,-1.1040080606859513,1417,"Arlington, VA"
51059421102,VA,Virginia,Fairfax,51059,3514,2749,-77.1557476,38.7541324,6.4,23.4,13.6,31.5,77.5,7.6,9.9,4.9,79.4,90.8,10.6,69.4,4.2,8.1,72.9,18.8,10.9,23.1,21.0,8.9,6.2,13.7,5.1,38.1,8.1,5.6,5.3,32.3,18.9,80.6,12.3,10.3,25.6,10.4,2.5,5.1,35.8,2.7,6.2,3.5,4.032500000000001,40,-0.08037073594414501,-0.506607958627042,-0.2934893472855935,0.18768531751582085,0.38560760353021045,659.5262057505945,1355.0251188051595,740,1122,906,-0.2574292907783289,-0.008250622929615809,928,"Fairfax County, VA"
51013102904,VA,Virginia,Arlington,51013,3125,2664,-77.0903914,38.8395976,7.6,16.6,18.2,23.1,66.0,4.7,9.9,2.9,74.9,86.9,11.8,66.9,3.0,7.8,72.9,23.2,7.0,20.8,19.8,9.1,6.3,11.8,3.5,30.2,9.5,5.2,6.0,35.3,15.0,77.2,15.5,6.9,27.2,8.9,2.0,5.8,29.1,1.7,10.1,2.9,4.65,40,-0.9203563769276814,0.25294416213001925,-0.33370610739883105,0.1783854286406736,0.35369993211133743,557.454464502105,1105.3122878479294,1279,431,953,-0.2481292706087861,-0.7492027033475914,911,"Arlington, VA"
51047930300,VA,Virginia,Culpeper,51047,7819,5475,-77.9632862,38.4895139,15.1,25.9,14.7,36.4,74.6,6.3,11.3,6.0,76.9,84.5,17.9,64.6,7.2,15.9,60.9,23.0,13.6,34.3,24.8,20.5,17.2,23.5,6.3,37.1,16.9,9.8,10.7,35.9,30.2,73.8,18.6,15.8,41.4,15.1,4.5,10.4,39.7,3.6,16.0,6.3,5.7975,40,1.009443262730316,0.8280974413125559,0.918770352021436,0.4680132320378052,0.9124236252545825,3659.395461303599,7134.24032586558,188,179,130,0.8348646838598681,0.8416319264071802,109,"Culpeper, VA"
51013103300,VA,Virginia,Arlington,51013,2492,2035,-77.0730769,38.8627679,7.0,15.3,17.1,23.5,66.4,3.9,9.4,2.8,74.9,86.4,11.3,67.6,2.7,7.7,73.6,20.8,7.3,20.3,21.9,9.6,6.6,11.8,3.2,29.7,9.5,5.1,6.1,36.4,15.6,80.6,14.8,6.9,25.8,8.4,2.0,5.7,30.1,1.7,5.8,3.0,4.3325000000000005,40,-1.0351492390182127,0.02948529550871241,-0.5028319717547501,0.13927606876199047,0.25390359809911744,347.0759633548803,632.7277664630006,1311,575,1100,-0.45724951902340544,-0.9439843335555232,1155,"Arlington, VA"
51059420300,VA,Virginia,Fairfax,51059,6184,4720,-77.1007551,38.7971322,7.1,21.2,15.5,28.3,74.7,7.2,9.4,4.5,77.2,90.1,10.6,67.5,3.8,8.1,76.7,19.5,9.6,21.9,20.1,8.1,5.2,12.9,4.9,36.7,7.7,5.1,4.9,31.6,17.8,81.5,12.5,9.0,25.2,10.1,2.3,4.7,34.1,2.3,6.2,3.2,3.790000000000001,40,-0.41621546383584473,-0.39508069429978854,-0.40564807906781664,0.16174927147394208,0.31296673455532925,1000.2574947948578,1935.3862864901562,1017,1006,1013,-0.3343687835470157,-0.27365687279424283,1018,"Fairfax County, VA"
51013100700,VA,Virginia,Arlington,51013,5827,4494,-77.120587,38.8906898,6.5,21.1,17.1,26.7,72.3,7.0,9.3,4.0,76.9,88.7,10.7,70.1,3.7,8.1,76.5,22.0,8.2,21.6,18.6,7.2,4.9,11.9,4.7,35.4,7.0,5.1,4.7,32.9,15.4,79.3,13.9,8.3,25.2,9.5,2.0,4.2,26.6,2.1,3.3,2.9,4.299999999999999,40,-0.5904633609899381,-0.3531394706884275,-0.4718014158391828,0.14645170202872476,0.2722335369993211,853.3740677213792,1586.304820095044,1130,953,1073,-0.35575951472697653,-0.3583795587655256,1034,"Arlington, VA"
51059420202,VA,Virginia,Fairfax,51059,1943,1686,-77.1414206,38.7925317,5.6,15.4,17.3,23.4,67.6,4.4,10.1,2.6,75.4,88.8,10.5,65.0,2.5,7.0,74.8,20.4,7.0,18.3,21.5,8.2,5.6,10.4,2.9,29.5,8.8,4.6,5.3,34.2,14.8,84.1,13.7,6.2,26.1,8.1,1.8,5.6,37.3,1.6,3.3,2.6,3.82,40,-1.0181100932861076,-0.2632901421255949,-0.6407001177058512,0.1073948721375564,0.1513917175831636,208.66823656327207,294.1541072640869,1302,869,1251,-0.5959677781106194,-0.928645414095644,1346,"Fairfax County, VA"
51013102003,VA,Virginia,Arlington,51013,4820,3941,-77.1066295,38.8720429,12.3,20.8,15.6,29.0,72.2,5.9,9.3,4.8,75.8,85.5,13.3,66.6,4.4,9.3,62.1,21.2,10.6,27.2,20.7,13.8,10.4,17.1,5.5,34.6,12.0,6.9,7.9,35.1,21.2,75.2,14.9,11.3,28.9,11.2,3.0,7.3,31.2,2.6,12.0,4.8,5.075,40,-0.2130370469395319,0.5553380257023149,0.17115048938139152,0.29513054273542333,0.6435845213849287,1422.5292159847404,3102.077393075356,857,269,526,0.19543247281777892,-0.16447308006675712,469,"Arlington, VA"
51013103100,VA,Virginia,Arlington,51013,6207,4890,-77.0829912,38.8511188,8.2,17.4,16.5,26.5,70.1,4.3,9.6,3.1,76.4,87.8,11.2,68.3,2.9,7.7,73.3,20.2,8.7,21.4,21.4,10.4,7.3,12.9,3.4,31.4,10.4,5.3,6.4,35.4,16.7,80.8,14.4,8.1,28.4,9.0,2.2,6.3,30.1,2.0,6.0,3.4,4.235,40,-0.7329679143786305,-0.10795727424816565,-0.42046259431339805,0.15832350208985554,0.3027834351663272,982.7139774717334,1879.376782077393,1204,708,1028,-0.40111840544948973,-0.6942795366508139,1082,"Arlington, VA"
51043010101,VA,Virginia,Clarke,51043,4595,3582,-77.985989,39.1493529,8.0,31.2,13.9,38.2,80.0,10.0,10.5,7.4,80.4,88.6,14.3,67.9,7.6,13.2,66.0,23.8,13.1,33.4,20.5,11.3,9.2,19.1,8.0,41.2,9.1,8.3,6.5,32.4,25.6,74.8,16.0,16.1,33.9,14.4,3.7,6.0,35.9,3.9,17.0,4.9,5.715000000000001,40,1.1392803031753398,0.07655904999970602,0.6079196765875229,0.396130844442184,0.8336727766463,1820.2212302118355,3830.7264086897485,152,545,246,0.6272313018461798,1.1779035536926536,186,"Clarke, VA"
51013102701,VA,Virginia,Arlington,51013,3579,2741,-77.1020908,38.8558721,17.4,20.6,13.9,32.8,70.4,3.9,10.1,4.9,74.9,83.5,17.2,59.4,5.4,15.4,60.9,20.3,13.6,32.0,28.1,24.9,20.1,24.3,5.1,35.3,20.5,9.1,12.4,39.0,29.1,76.1,17.5,14.3,34.4,14.1,4.6,12.6,34.9,3.1,12.2,6.9,5.6775,40,0.28950835480687176,1.0505217017149944,0.6700150282609331,0.4104900287374854,0.856754921928038,1469.1438128514603,3066.325865580448,513,127,212,0.5815983920397697,0.11267508236454495,204,"Arlington, VA"
51013103602,VA,Virginia,Arlington,51013,1241,1139,-77.0537786,38.854059,6.1,10.5,18.7,17.3,54.6,2.8,8.6,1.9,71.6,82.5,11.2,62.8,2.0,6.2,71.3,21.9,4.6,18.2,19.9,8.0,5.1,9.7,2.8,25.1,7.3,4.5,5.7,36.8,13.1,77.7,14.9,4.3,22.3,7.0,1.4,4.6,28.2,1.1,4.6,2.5,4.36,40,-1.7148608986635403,0.6363597268735334,-0.5392505858950034,0.13085447876971903,0.22810590631364563,162.39040815322133,283.0794297352342,1443,233,1138,-0.44962663160135813,-1.5356129900762496,1144,"Arlington, VA"
51013103405,VA,Virginia,Arlington,51013,3874,3565,-77.0509711,38.8557771,4.7,15.6,17.7,21.4,67.1,5.3,8.7,2.7,75.6,88.1,8.9,72.5,2.3,5.2,76.3,20.4,5.9,16.9,18.2,5.4,3.2,8.6,3.4,30.4,5.7,3.8,4.0,33.7,11.6,80.7,12.7,5.3,22.3,7.1,1.4,3.5,26.7,1.4,2.8,2.1,3.7925,40,-1.325994608219728,-0.3637744389496404,-0.8448845235846842,0.060178431047711325,0.025797691785471828,233.13124187883366,99.94025797691786,1379,970,1436,-0.7325984488163264,-1.1014224586830124,1444,"Arlington, VA"
51013103700,VA,Virginia,Arlington,51013,2626,2049,-77.0628271,38.8499615,4.3,25.4,15.7,30.9,77.5,9.8,8.8,5.0,80.4,92.1,8.3,74.2,3.7,6.2,80.7,20.2,9.0,20.4,15.5,4.5,2.9,10.4,5.7,40.0,4.6,4.2,3.3,28.7,13.3,79.9,11.3,8.5,24.5,9.1,1.9,3.0,24.1,2.3,4.3,2.5,4.092500000000001,40,-0.3280062486705474,-0.8888733024483573,-0.6084397755594524,0.11485488622598583,0.17651052274270196,301.6089312294388,463.5166327223353,945,1372,1214,-0.4581125474454153,-0.027351792442473346,1156,"Arlington, VA"
51013102804,VA,Virginia,Arlington,51013,5339,4058,-77.1132806,38.8524166,10.9,17.9,15.5,26.5,69.0,4.5,9.3,3.6,75.6,86.6,12.4,65.3,3.5,9.0,69.2,20.0,9.4,23.5,22.2,13.2,9.4,15.4,4.1,33.1,12.0,5.9,7.4,35.6,19.5,76.1,14.5,9.1,28.3,10.1,2.6,7.1,30.8,2.1,6.8,4.1,4.795,40,-0.6222935751886177,0.3466107360257571,-0.1378414195814303,0.22367798393698332,0.4697895451459606,1194.216756239554,2508.2063815342835,1151,364,782,-0.11640133394310875,-0.5794134039119746,771,"Arlington, VA"
51013101705,VA,Virginia,Arlington,51013,4175,3660,-77.0755724,38.8927606,5.3,15.5,18.3,21.6,66.1,5.0,8.9,2.9,74.7,87.0,9.8,69.9,2.5,5.9,74.0,21.9,6.2,18.2,17.8,6.2,4.0,9.5,3.6,30.3,6.3,4.2,4.5,33.5,12.7,80.4,13.6,5.7,23.3,7.5,1.5,4.0,28.0,1.5,8.7,2.3,4.0025,40,-1.2314902045199565,-0.04659932188010322,-0.6390447632000299,0.10777766311598844,0.15274949083503056,449.9717435092517,637.7291242362526,1359,655,1249,-0.5238507179172236,-1.001102113954344,1245,"Arlington, VA"
51013102702,VA,Virginia,Arlington,51013,1912,1528,-77.0982611,38.8510432,8.6,15.6,18.0,22.5,64.8,4.3,9.1,2.7,74.4,87.7,11.1,64.3,2.6,8.1,73.3,21.1,7.1,19.8,20.7,9.3,6.0,12.0,3.3,31.0,9.5,4.8,5.6,34.5,15.9,78.3,14.3,6.7,26.8,8.8,1.9,5.4,29.2,1.5,7.1,2.9,4.555000000000001,40,-1.1104162233058037,0.22865691187781628,-0.4408796557139937,0.15360217690980707,0.29124236252545826,293.6873622515511,556.8553971486762,1331,451,1045,-0.3604977753808385,-0.9496524626394932,1039,"Arlington, VA"
51013101408,VA,Virginia,Arlington,51013,788,764,-77.1100679,38.8788633,5.0,8.8,23.9,13.6,47.2,2.8,8.7,1.4,69.4,84.4,10.0,69.0,1.5,5.0,76.7,23.7,2.9,15.0,17.9,4.8,2.7,6.9,2.3,22.6,5.5,3.5,4.0,35.8,9.2,77.2,14.7,2.8,21.2,5.8,0.9,3.2,26.1,0.7,2.7,1.6,4.215,40,-2.0322678365676947,0.49213874716937234,-0.7700645446991612,0.07748011043006407,0.058384249830278345,61.05432701889049,46.006788866259335,1470,298,1388,-0.6344455119101394,-1.7610297709896512,1394,"Arlington, VA"
51013102302,VA,Virginia,Arlington,51013,4668,3569,-77.1030117,38.8616135,10.0,18.4,16.9,25.2,68.7,5.3,9.5,3.5,75.4,87.1,12.1,65.5,3.5,8.5,71.6,21.4,8.3,22.6,20.4,10.8,7.4,14.0,4.2,33.2,10.2,5.6,6.4,34.7,17.2,76.8,14.5,8.4,27.1,9.9,2.4,5.8,28.4,1.9,5.7,3.5,4.842499999999999,40,-0.7121802989271431,0.21755995103805795,-0.24731017394454258,0.19836397932768016,0.4107264086897488,925.9630555016109,1917.2708757637474,1193,462,869,-0.17675301281758504,-0.571065976673228,829,"Arlington, VA"
51059415500,VA,Virginia,Fairfax,51059,6306,4597,-77.0703824,38.7407429,6.2,27.4,12.9,35.1,80.1,9.5,10.1,6.3,80.8,91.5,10.9,68.6,5.3,8.7,74.0,19.6,12.0,25.9,19.5,8.9,6.7,15.0,6.4,40.4,7.8,6.3,5.3,31.0,20.2,81.9,12.4,12.4,26.7,11.6,2.9,5.2,34.1,3.3,6.4,4.0,4.032500000000001,40,0.44451761839255016,-0.6608213798330096,-0.10815188072022971,0.23054351490929675,0.48336727766463,1453.8074050180253,3048.1140529531567,424,1240,762,-0.07388413077868772,0.5130531182756342,736,"Fairfax County, VA"
51013102100,VA,Virginia,Arlington,51013,2325,1905,-77.1247567,38.8635511,7.6,29.2,12.2,37.3,81.5,9.5,8.7,7.1,81.6,91.0,10.3,69.5,5.6,8.6,72.6,18.6,13.8,27.6,18.9,8.7,6.2,16.2,7.8,44.0,6.8,6.2,5.0,31.2,21.3,80.0,11.8,13.7,24.9,11.7,3.0,4.3,26.5,3.6,6.2,4.4,4.735000000000001,40,0.5631350230167407,-0.6156126664609939,-0.026238821722126604,0.24948542728515213,0.5295315682281059,580.0536184379787,1231.1608961303461,375,1217,694,0.011707127143480933,0.6390269207479558,645,"Arlington, VA"
51059415200,VA,Virginia,Fairfax,51059,3218,2731,-77.0516104,38.776663,4.8,24.7,15.2,29.6,76.8,9.2,10.2,4.9,79.1,91.5,10.0,72.0,4.3,7.4,78.5,21.8,9.2,21.7,17.0,6.1,4.4,11.7,5.2,38.2,6.1,5.1,4.2,29.8,15.7,83.1,12.6,9.2,25.5,10.2,2.2,4.1,32.3,2.4,4.5,2.9,4.015000000000001,40,-0.15563971123624817,-0.810308248967459,-0.4829739801018536,0.14386811235614247,0.2695179904955872,462.96758556206646,867.3088934147996,800,1330,1077,-0.36091161595729443,0.08848501705287011,1041,"Fairfax County, VA"
51059420400,VA,Virginia,Fairfax,51059,3835,3440,-77.068124,38.7952432,6.7,13.0,18.8,20.4,62.0,3.8,9.6,2.4,72.7,86.5,11.3,66.5,2.3,7.1,77.8,20.9,6.0,18.5,21.4,8.6,5.8,10.4,2.9,27.6,9.0,4.6,5.7,34.7,14.6,83.7,14.2,5.3,25.0,7.9,1.6,5.5,34.7,1.4,2.8,2.5,3.854999999999999,40,-1.2957738206763214,-0.03309500809879754,-0.6644344143875595,0.10190645583927259,0.13374066530889342,390.81125814361036,512.8954514596063,1372,635,1277,-0.6039816285153649,-1.1748682489319322,1359,"Fairfax County, VA"
51047930103,VA,Virginia,Culpeper,51047,5342,4231,-77.9826291,38.6331974,6.9,30.1,15.6,37.2,78.5,9.8,10.6,6.7,79.7,89.1,13.4,69.4,6.8,12.5,68.6,23.4,11.9,29.3,19.1,9.1,7.1,16.8,7.2,41.2,8.0,7.2,5.6,30.9,22.3,73.3,15.8,13.4,36.3,13.4,3.2,5.1,35.7,3.3,12.6,4.0,5.342499999999999,40,0.8957699873952751,-0.0376867609325759,0.4290416132313496,0.35476634599104206,0.7746096401900883,1895.1618202841466,4137.9646978954515,229,645,333,0.47183955027126806,0.9813658614751121,257,"Culpeper, VA"
51013103601,VA,Virginia,Arlington,51013,2612,2042,-77.0595087,38.8536932,4.5,19.2,18.1,24.5,71.2,7.0,8.9,3.5,77.0,90.0,8.7,70.7,2.8,5.7,79.0,21.5,6.9,17.7,16.0,4.5,2.8,9.1,4.2,34.4,4.9,3.8,3.5,30.6,11.7,80.9,12.4,6.2,23.6,7.9,1.5,3.1,25.5,1.7,2.6,2.1,3.9425,40,-0.9570937545636615,-0.5648735884989695,-0.7609836715313155,0.0795800088582936,0.06313645621181263,207.86298313786287,164.9124236252546,1289,1178,1381,-0.6120690894890748,-0.6592645904791801,1368,"Arlington, VA"
51059415800,VA,Virginia,Fairfax,51059,5047,3595,-77.066409,38.723418,4.4,25.2,15.5,30.2,77.6,9.9,9.8,5.2,79.5,91.9,9.6,69.3,4.3,7.4,80.3,20.7,9.2,21.7,16.9,5.3,3.5,11.5,5.7,39.4,5.1,4.9,3.7,29.2,15.3,82.8,11.9,9.2,24.1,10.2,2.2,3.4,31.3,2.5,4.4,2.7,4.2675,40,-0.1559249739771544,-0.8298996045544099,-0.4929122892657822,0.14156993690463532,0.25865580448065173,714.5034715576944,1305.4358452138492,801,1342,1093,-0.3625098839116039,0.10487983673120217,1044,"Fairfax County, VA"
51013102200,VA,Virginia,Arlington,51013,7880,5727,-77.1182708,38.8577759,18.1,20.7,13.9,31.2,71.9,4.3,9.7,4.8,75.3,84.3,16.1,59.9,5.0,12.8,62.3,20.2,13.4,30.9,25.2,22.3,17.1,23.0,5.2,35.8,18.3,8.5,11.2,37.6,28.1,74.6,16.3,13.8,32.8,13.6,4.2,10.8,32.7,2.9,12.9,6.7,5.6125,40,0.1239276264734937,1.0055131424089772,0.5647203844412354,0.38614126260331133,0.8214528173794976,3042.793149314093,6473.048200950441,611,136,264,0.509720788182293,0.013928433955609028,234,"Arlington, VA"
51013100600,VA,Virginia,Arlington,51013,3285,2586,-77.1086306,38.8935957,5.3,21.9,16.9,27.4,74.8,7.8,9.1,4.3,78.0,89.6,9.6,71.0,3.4,6.3,77.3,21.5,8.2,20.8,16.7,5.6,3.6,10.8,5.0,36.1,5.5,4.6,4.0,31.6,13.7,79.1,12.7,8.1,23.9,8.9,1.9,3.4,25.3,2.1,4.8,2.7,4.2875,40,-0.5964940028754617,-0.49834474977109067,-0.5474193763232762,0.12896549410229682,0.22131704005431094,423.6516481260451,727.0264765784115,1135,1112,1148,-0.41625472957220266,-0.3341647093733147,1099,"Arlington, VA"
51013101803,VA,Virginia,Arlington,51013,4722,3950,-77.0886623,38.8789158,6.4,14.4,19.9,20.3,62.4,4.4,9.2,2.6,72.9,85.1,11.2,68.8,2.6,6.8,73.2,23.5,5.7,19.2,18.3,7.3,4.9,10.2,3.4,28.7,7.2,4.7,5.2,34.8,13.1,78.9,15.0,5.5,24.3,7.9,1.6,4.4,27.6,1.4,5.6,2.5,4.484999999999999,40,-1.2868806897127587,0.20159731775194248,-0.5426416859804081,0.13007030685059953,0.22471147318397827,614.1919889485309,1061.0875763747454,1369,470,1143,-0.42272265581740537,-1.0470426293867532,1111,"Arlington, VA"
51013101402,VA,Virginia,Arlington,51013,2878,2605,-77.1124038,38.8857788,4.5,14.2,20.9,19.3,63.3,5.0,8.8,2.5,73.3,86.3,9.5,71.4,2.2,5.0,75.5,22.9,5.0,16.9,16.4,4.7,2.9,8.1,3.4,28.5,5.0,3.8,3.9,33.4,10.5,78.4,13.6,4.7,22.1,6.8,1.2,3.2,26.1,1.2,5.7,1.9,4.055000000000001,40,-1.477931981523888,-0.004754857002354402,-0.7413434192631212,0.08412170150234986,0.08078750848608282,242.1022569237629,232.50644942294636,1406,604,1355,-0.59500831933879,-1.1852617816752256,1344,"Arlington, VA"
51013103503,VA,Virginia,Arlington,51013,5102,4734,-77.0534309,38.860739,5.3,13.0,18.5,19.3,60.5,3.8,8.9,2.2,73.5,85.8,10.1,69.3,2.2,6.0,76.4,22.0,5.3,17.4,19.0,6.8,4.4,9.2,2.9,27.5,7.0,4.2,5.0,35.0,12.4,79.1,14.2,4.8,23.4,7.2,1.4,4.4,27.2,1.2,3.2,2.3,3.974999999999999,40,-1.4894565018959924,0.05963232128275404,-0.7149120903066192,0.09023379062702855,0.09979633401221996,460.37279977909964,509.16089613034626,1413,557,1327,-0.6125976496208189,-1.2848276205243918,1369,"Arlington, VA"
51013101100,VA,Virginia,Arlington,51013,5948,4484,-77.1525714,38.8853426,4.3,21.0,17.3,26.0,73.0,7.6,8.9,3.7,78.0,90.5,8.7,72.4,3.1,6.3,79.9,21.2,7.4,18.4,16.3,4.7,3.0,9.6,4.3,36.1,4.9,4.0,3.5,30.5,12.5,81.0,12.2,6.9,23.6,8.3,1.6,3.1,25.5,1.8,3.3,2.2,3.9425,40,-0.8135130763303707,-0.6850003694884553,-0.749256722909413,0.08229179664828906,0.0726408689748812,489.47160646402335,432.06788866259336,1240,1253,1367,-0.5967258050013922,-0.5084512405143291,1348,"Arlington, VA"
51013101401,VA,Virginia,Arlington,51013,1938,1750,-77.1181079,38.8817173,5.5,9.4,21.3,14.5,50.4,2.6,9.4,1.5,71.0,82.6,11.7,65.1,1.7,5.6,74.6,24.4,3.6,17.5,19.3,6.7,4.1,8.3,2.4,22.7,6.8,4.4,5.2,38.4,11.3,79.7,16.3,3.6,21.2,6.5,1.1,4.0,27.1,0.8,3.8,2.0,4.0825000000000005,40,-1.8672687673830437,0.5283610234032703,-0.6694538719898867,0.1007457358363753,0.1296673455532926,195.24523605089533,251.29531568228106,1462,285,1283,-0.5486718995033444,-1.625704822409959,1276,"Arlington, VA"
51047930400,VA,Virginia,Culpeper,51047,5143,3920,-77.8361379,38.4456315,11.0,30.8,14.6,39.9,77.7,8.4,11.4,7.6,78.4,86.0,17.4,65.2,9.0,17.2,62.8,24.4,14.5,35.5,22.2,16.7,15.0,23.2,7.9,40.7,13.1,10.1,9.1,33.6,29.4,73.2,18.3,17.6,40.9,16.1,4.8,8.7,37.8,4.1,12.7,6.1,5.5200000000000005,40,1.568846609686848,0.46422133094810136,1.0165339703174747,0.490620492881928,0.93346911065852,2523.2611948917556,4800.831636116768,59,309,99,0.9513923238196831,1.4385633166912648,70,"Culpeper, VA"
51059421001,VA,Virginia,Fairfax,51059,2855,2215,-77.1573266,38.7708647,7.4,20.4,14.1,28.6,75.0,6.3,9.5,4.3,77.7,90.1,10.7,68.4,3.7,8.1,74.0,18.4,10.2,21.9,22.6,9.4,6.0,13.3,4.4,36.5,8.8,5.2,5.5,33.3,18.8,82.0,12.6,9.2,24.9,10.1,2.4,5.2,36.0,2.4,5.1,3.3,3.7825,40,-0.4124770893507017,-0.41879572126447,-0.41563640530758583,0.15943952986827764,0.30414120841819414,455.19985777393265,868.3231500339443,1013,1041,1026,-0.3800905322535607,-0.3413853432426514,1061,"Fairfax County, VA"
51047930101,VA,Virginia,Culpeper,51047,4385,3455,-78.0122937,38.5398536,9.4,28.7,15.7,36.7,77.1,8.5,10.9,6.5,78.3,87.4,15.1,68.2,7.1,14.0,66.8,23.4,12.3,31.1,21.7,12.0,9.3,18.9,6.8,39.9,10.3,8.0,6.9,33.2,24.8,72.8,16.9,14.3,37.5,14.1,3.6,6.3,36.7,3.4,10.9,4.6,5.465,40,0.9370579471398766,0.2062887249659077,0.5716733360528922,0.387749091706417,0.8241683638832314,1700.2797671326387,3613.97827562797,211,468,260,0.5719073988998453,0.9375260728337829,213,"Culpeper, VA"
51013103403,VA,Virginia,Arlington,51013,1328,1247,-77.0523089,38.8447159,5.4,15.0,19.0,21.7,64.5,4.6,9.2,2.4,75.2,88.7,9.4,69.1,2.2,6.1,74.6,21.3,5.9,16.9,18.7,6.3,4.1,9.1,3.0,29.6,7.3,3.9,4.5,33.4,12.1,80.5,13.5,5.2,25.5,7.3,1.5,4.5,29.5,1.4,3.3,2.1,4.08,40,-1.2677177358648786,-0.1882456778268001,-0.7279817068458393,0.08721151879027941,0.09029192124915139,115.81689695349107,119.90767141887305,1367,796,1341,-0.6310642770007312,-1.0738828761746624,1392,"Arlington, VA"
51047930502,VA,Virginia,Culpeper,51047,6267,4572,-77.9641375,38.4211213,11.5,26.1,15.1,35.2,75.8,7.6,10.8,5.9,78.1,86.5,15.3,68.1,6.3,12.5,65.8,22.4,12.0,31.2,22.3,14.6,11.6,19.1,6.5,37.0,12.7,8.3,8.2,34.2,25.8,73.7,16.9,13.9,38.1,13.3,3.6,7.8,37.5,3.3,11.5,5.0,5.392500000000001,40,0.709243692550102,0.3405552632189722,0.5248994778845371,0.37693291253129696,0.8092328581126952,2362.238562833638,5071.462321792261,308,368,282,0.4963848922878805,0.6522145213567888,241,"Culpeper, VA"
51013103000,VA,Virginia,Arlington,51013,3390,2684,-77.0893538,38.8336744,4.3,21.0,18.1,24.7,71.7,7.9,9.3,3.4,77.8,91.2,8.5,75.3,2.9,5.9,79.6,22.7,6.6,17.4,15.1,4.2,2.9,8.9,4.0,35.0,4.9,3.8,3.3,29.7,11.3,82.2,12.4,6.4,24.4,8.1,1.5,3.1,25.4,1.7,2.2,2.0,4.1,40,-0.8713992807361043,-0.8021961494874982,-0.8367977151118012,0.062048457870872965,0.027834351663272233,210.34427218225935,94.35845213849286,1257,1321,1433,-0.6589885514243523,-0.5157809533612066,1409,"Arlington, VA"
51013103505,VA,Virginia,Arlington,51013,3813,3574,-77.0598298,38.8613937,8.2,19.9,15.7,27.8,71.5,5.7,9.6,4.4,75.8,85.4,12.6,70.7,4.2,9.0,69.1,22.0,9.1,25.0,20.6,11.4,8.9,14.7,5.0,33.1,9.6,6.5,6.9,35.6,18.7,79.9,15.1,9.8,26.5,10.0,2.6,6.1,29.1,2.5,10.5,4.0,4.7875000000000005,40,-0.3876660100021886,0.09756228639667845,-0.14505186180275506,0.22201061164716732,0.46707399864222676,846.526462210649,1780.9531568228106,993,530,786,-0.10325820796474558,-0.3040787023261696,757,"Arlington, VA"
51059421002,VA,Virginia,Fairfax,51059,5348,4203,-77.1802056,38.7572597,12.1,21.2,13.2,31.3,73.6,5.4,10.2,5.3,75.8,85.4,15.3,61.9,5.6,12.7,67.3,20.1,12.6,29.2,25.8,18.6,14.4,20.2,5.5,36.2,14.5,8.2,9.5,36.6,26.8,80.4,15.6,12.9,28.6,13.0,3.7,9.1,38.0,3.0,10.7,5.6,4.765000000000001,40,0.19042328992351376,0.40846799225724384,0.2994456410903788,0.32479804083209407,0.7175831636116768,1737.019922370039,3837.634758995248,571,337,417,0.25837538772137775,0.10828278318551163,410,"Fairfax County, VA"
51013102500,VA,Virginia,Arlington,51013,5291,4415,-77.0800458,38.8661713,6.9,16.3,17.9,23.3,67.1,4.9,9.0,3.0,75.2,87.7,10.3,69.6,2.6,6.8,75.2,21.2,7.1,19.2,19.0,7.7,5.1,10.8,3.6,31.2,8.0,4.5,5.1,33.7,14.3,80.0,13.8,6.4,25.8,8.2,1.7,4.8,27.7,1.6,3.8,2.7,4.195,40,-1.066229942458983,-0.1433404076910315,-0.6047851750750073,0.11569999106020672,0.18194161575016973,612.1686526995537,962.6530889341481,1321,739,1206,-0.5157541191472017,-0.8881678306033719,1234,"Arlington, VA"
51059420600,VA,Virginia,Fairfax,51059,4911,3786,-77.0806525,38.788465,11.6,18.2,16.0,26.8,69.8,5.0,10.0,4.1,74.2,86.3,13.9,63.4,4.1,10.6,68.1,20.7,9.7,25.0,23.3,14.1,10.2,16.5,4.4,33.1,12.5,6.6,7.7,35.1,21.6,79.8,14.9,9.7,28.3,11.1,2.8,7.4,37.4,2.3,6.8,4.3,4.272499999999999,40,-0.41341131623975336,0.3410378117218741,-0.036186752258939636,0.24718502694784117,0.5261371350984385,1213.925667340848,2583.8594704684315,1015,367,699,-0.023408714629125082,-0.38785524098012425,679,"Fairfax County, VA"
51013101409,VA,Virginia,Arlington,51013,2120,1994,-77.1128394,38.8811748,5.1,20.0,16.6,24.9,73.7,8.1,8.8,4.4,76.7,87.7,9.8,73.5,3.2,5.3,75.4,21.7,6.7,22.0,16.8,5.3,3.4,9.9,5.8,32.8,5.0,4.9,4.0,33.6,13.8,80.6,13.1,7.9,20.6,8.1,1.6,3.1,25.1,2.1,6.3,2.6,4.317500000000001,40,-0.8368091803026935,-0.42991055502201003,-0.6333598676623517,0.10909226172160373,0.15885947046843177,231.27559484979992,336.7820773930753,1251,1050,1240,-0.49269432004046465,-0.5554780850589193,1209,"Arlington, VA"
51013103501,VA,Virginia,Arlington,51013,3535,3377,-77.0656784,38.8627351,5.5,14.7,17.5,20.7,65.4,5.0,8.6,2.9,74.5,86.4,9.5,72.8,2.3,5.1,75.4,20.8,5.8,18.0,18.2,6.2,3.8,9.2,3.6,29.4,6.1,4.1,4.6,34.3,12.5,80.4,13.1,5.4,22.0,7.1,1.4,3.8,26.8,1.4,3.4,2.3,3.9025,40,-1.3617640506975777,-0.18378954090709587,-0.7727767958023368,0.07685291833925399,0.05770536320434488,271.67506632926285,203.98845892735915,1385,790,1389,-0.6649288804179441,-1.1460682199287922,1412,"Arlington, VA"
51013100200,VA,Virginia,Arlington,51013,6660,4574,-77.1421557,38.9038595,4.7,25.1,16.1,29.8,76.2,9.3,9.4,4.8,79.7,91.5,9.3,69.2,4.1,7.4,79.9,21.5,8.8,21.1,16.4,5.2,3.5,11.2,5.4,39.4,5.2,4.7,3.7,30.1,14.0,77.2,12.4,8.8,24.7,9.7,2.1,3.3,25.2,2.3,4.4,2.6,4.540000000000001,40,-0.2872077317582296,-0.5985986432928811,-0.44290318752555535,0.15313424709820955,0.2905634758995248,1019.8740856740757,1935.1527494908353,911,1203,1046,-0.2939094788215153,0.010779685649850525,970,"Arlington, VA"
51013101900,VA,Virginia,Arlington,51013,3183,2629,-77.0979879,38.8779202,4.0,19.2,18.5,24.0,71.6,7.2,9.0,3.5,76.8,89.0,8.8,72.9,2.8,5.3,81.4,22.2,6.5,17.8,15.6,4.2,2.6,8.6,4.2,33.6,4.5,3.8,3.5,31.3,11.1,81.2,12.7,6.0,22.8,7.6,1.4,2.9,23.8,1.7,4.6,2.0,3.7525,40,-0.9851991462914287,-0.5893442014247365,-0.7872716738580826,0.07350106317246059,0.04955872369314324,233.95388407794206,157.74541751527494,1294,1193,1401,-0.6280559856426019,-0.6667677698604673,1389,"Arlington, VA"
51047930104,VA,Virginia,Culpeper,51047,3207,2497,-77.9218097,38.5889117,7.3,28.0,16.0,35.7,77.9,9.1,10.4,5.9,79.4,89.5,12.7,71.8,5.8,11.3,73.5,22.1,11.2,27.4,20.3,8.7,6.2,15.4,6.2,39.8,8.2,6.5,5.3,31.6,21.3,76.5,15.3,12.1,35.7,12.3,2.8,4.9,34.2,3.1,7.0,3.6,5.007499999999999,40,0.5893287931072185,-0.3565039828676454,0.11641240511978657,0.28247268319034735,0.6157501697216565,905.889894991444,1974.7107942973525,359,957,567,0.15494692670018118,0.6663978362680077,504,"Culpeper, VA"
51059416000,VA,Virginia,Fairfax,51059,5569,4232,-77.1052972,38.7234341,9.9,24.1,13.5,33.5,76.8,7.0,10.3,5.6,78.3,89.1,13.1,65.2,5.3,10.7,68.2,19.6,12.6,27.3,22.9,13.8,10.4,17.8,5.6,37.9,12.0,7.1,7.5,33.7,23.3,79.8,14.0,12.6,29.7,12.4,3.5,7.6,38.6,3.1,10.6,4.8,4.5200000000000005,40,0.3425626326738686,-0.0104920556476801,0.16603528851309426,0.2939476826662562,0.6408689748811949,1636.9946447683808,3568.999321113374,486,610,530,0.14317964900618443,0.29685135366004894,512,"Fairfax County, VA"
51013103401,VA,Virginia,Arlington,51013,923,880,-77.0791393,38.877879,10.5,7.8,28.7,15.4,37.2,1.9,8.3,1.5,62.9,73.5,16.0,62.7,2.2,10.0,66.0,22.6,2.9,22.5,26.8,9.6,5.5,10.7,2.9,20.5,10.0,5.2,7.3,42.5,13.7,73.8,19.1,3.5,25.1,7.6,1.3,5.3,31.7,0.8,,2.4,5.148717948717949,39,-1.9244229384965228,2.1719016692225774,0.12373936536302732,0.2841669995863698,0.6218601493550577,262.28614061821935,573.9769178547183,1465,23,558,0.19107393770947234,-1.7897537938036328,473,"Arlington, VA"
51059420700,VA,Virginia,Fairfax,51059,4241,3246,-77.1052402,38.7857532,7.9,23.2,14.5,30.4,76.6,7.9,9.6,5.2,77.9,90.0,11.3,70.3,4.5,8.9,76.4,19.4,10.7,24.0,21.3,9.1,5.9,14.3,5.5,38.4,8.2,5.6,5.3,32.5,19.6,79.7,12.8,10.4,25.4,11.0,2.6,4.8,33.6,2.7,7.4,3.6,4.182499999999999,40,-0.09743623923574332,-0.39008712779658905,-0.24376168351616617,0.19918454683648754,0.4120841819416157,844.7416631335436,1747.6490156143923,754,999,867,-0.187896942812504,0.014293242171581061,844,"Fairfax County, VA"
51059420502,VA,Virginia,Fairfax,51059,2516,2241,-77.0694402,38.7911821,8.1,24.2,14.5,31.8,76.4,8.4,10.0,5.9,77.7,88.6,12.2,71.6,5.1,9.0,71.4,20.8,10.9,26.4,19.8,10.4,8.1,15.4,6.4,37.3,9.3,6.5,6.3,32.1,20.3,81.4,13.5,11.5,27.3,11.4,2.9,6.1,34.9,3.0,11.3,4.1,4.4,40,0.17497350576742607,-0.25073423804381617,-0.03788036613819505,0.24679338871467335,0.5234215885947047,620.9321660061181,1316.928716904277,583,859,703,0.00047989642321188963,0.25169403089023995,652,"Fairfax County, VA"
51013102901,VA,Virginia,Arlington,51013,2904,2533,-77.0993186,38.8391008,4.4,18.9,18.5,22.9,68.7,6.4,9.6,2.8,76.8,90.4,9.0,70.6,2.7,6.1,79.2,23.6,6.2,17.1,15.6,4.8,3.3,8.9,3.4,32.7,5.6,4.0,3.7,30.7,11.6,80.0,13.3,5.9,25.3,7.9,1.5,3.7,26.0,1.5,2.8,2.1,4.0375,40,-1.019085068287315,-0.4907931474372642,-0.7549391078622896,0.08097777860062028,0.06788866259334692,235.1594690562013,197.14867617107944,1304,1103,1374,-0.5939034569221455,-0.6970137664070267,1341,"Arlington, VA"
51059416300,VA,Virginia,Fairfax,51059,2025,1574,-77.1567574,38.6432916,5.9,27.6,14.3,33.6,79.3,10.4,9.9,6.3,79.7,91.2,11.0,71.3,5.4,9.2,76.1,20.4,10.9,25.4,19.2,7.1,4.9,14.0,6.7,41.3,6.4,5.8,4.5,30.7,18.9,80.6,12.6,11.4,25.3,11.7,2.6,4.0,33.1,3.0,7.0,3.4,4.3,40,0.30454154683594503,-0.6550070473421618,-0.17523275025310836,0.21503145897670856,0.45078071961982347,435.4387044278348,912.8309572301425,501,1235,810,-0.08436865896601417,0.4862697294101334,744,"Fairfax County, VA"
51043010200,VA,Virginia,Clarke,51043,3118,2549,-78.0625801,39.0765553,6.9,30.5,14.4,37.0,80.0,10.4,10.3,6.9,81.0,90.1,12.5,73.1,6.7,11.2,72.5,23.2,12.2,30.0,19.1,8.7,6.5,16.5,7.4,41.6,7.5,6.9,5.3,30.9,21.9,79.2,14.7,13.9,32.5,13.1,3.2,4.8,34.3,3.5,9.0,4.0,5.03,40,0.8585202751329482,-0.5396362588637309,0.15944200813460863,0.2924230254171402,0.6374745417515275,911.7749932506432,1987.6456211812629,247,1147,535,0.2194488974245099,0.9785340537127507,447,"Clarke, VA"
51013100900,VA,Virginia,Arlington,51013,4406,3228,-77.1323332,38.8867432,6.0,23.5,16.1,29.3,74.7,8.0,9.3,4.6,78.5,90.2,10.0,70.1,4.1,8.0,76.0,21.5,9.0,21.6,17.5,6.8,4.8,12.3,5.2,37.9,6.5,5.0,4.5,31.1,15.2,80.5,12.9,9.0,25.8,9.9,2.2,4.1,26.5,2.3,4.5,2.9,4.5775,40,-0.3358499912265249,-0.5220629247759767,-0.4289564580012508,0.15635934614603353,0.2973523421588595,688.9192791194238,1310.1344195519348,950,1134,1036,-0.31219548481621423,-0.10232804485645174,993,"Arlington, VA"
51013101300,VA,Virginia,Arlington,51013,6940,5351,-77.1228324,38.8738117,4.6,19.1,18.4,24.4,70.9,6.8,8.8,3.5,76.7,89.2,9.0,69.4,2.8,5.7,79.2,21.6,7.0,18.2,16.0,4.7,2.9,9.3,4.2,34.0,5.0,4.0,3.7,31.0,12.0,78.9,12.6,6.4,23.6,8.0,1.6,3.3,25.2,1.7,4.3,2.2,3.8050000000000006,40,-0.9672070397043375,-0.3914550519934386,-0.679331045848888,0.09846169756400869,0.12219959266802444,683.3241810942203,848.0651731160896,1292,1000,1294,-0.5351591583589521,-0.6788632647244657,1257,"Arlington, VA"
51013103800,VA,Virginia,Arlington,51013,4964,4085,-77.0720389,38.8464071,6.8,14.2,18.5,21.2,61.7,3.7,9.9,2.4,73.8,84.9,12.2,67.1,2.6,7.5,71.7,23.9,6.1,20.4,19.5,9.5,7.2,11.3,3.1,27.5,9.5,5.3,6.5,36.1,14.7,78.9,16.1,6.0,26.8,8.3,1.8,6.2,29.5,1.4,5.7,2.9,4.42,40,-1.1670661744181894,0.2893211312009464,-0.4388725216086215,0.15406631484844063,0.2919212491513917,764.7851869076593,1449.0970807875085,1350,402,1044,-0.3540397867618224,-0.9974007047245912,1032,"Arlington, VA"
51013100400,VA,Virginia,Arlington,51013,3780,2775,-77.1060829,38.9115768,3.9,26.6,15.0,31.5,78.8,10.6,8.9,5.2,81.4,92.7,7.9,74.7,3.8,5.6,81.8,20.1,9.1,20.2,14.6,3.9,2.5,10.2,5.9,41.2,4.0,4.1,3.0,28.1,12.8,81.3,10.8,8.6,23.7,9.1,1.9,2.7,23.3,2.4,5.0,2.5,4.1775,40,-0.24960482131324493,-1.037184062797294,-0.6433944420552694,0.1067718255029533,0.14867617107942974,403.5975004011635,561.9959266802445,878,1422,1255,-0.4786581436540671,0.07986777548915965,1188,"Arlington, VA"
51059421103,VA,Virginia,Fairfax,51059,5913,4550,-77.1678766,38.7395362,6.3,22.9,14.1,30.4,76.6,7.4,10.0,4.7,78.8,90.7,10.8,69.7,4.3,8.6,76.1,19.5,10.5,22.4,21.3,8.7,5.8,13.5,4.7,38.2,8.0,5.4,5.2,32.4,18.3,82.5,12.7,9.8,25.4,10.6,2.5,4.9,35.0,2.5,6.6,3.3,3.7875,40,-0.15702063903174815,-0.5734213474598115,-0.36522099324577983,0.17109779693030355,0.33740665308893414,1011.701273248885,1995.0855397148675,803,1180,977,-0.31104586445841464,-0.048670381457017735,992,"Fairfax County, VA"
51013100500,VA,Virginia,Arlington,51013,5029,3735,-77.1138532,38.9017722,4.6,22.0,17.0,27.0,73.7,8.0,9.3,4.2,78.1,89.5,9.6,71.0,3.6,6.7,80.6,22.1,7.8,20.2,16.2,5.4,3.6,10.5,4.8,36.2,5.3,4.6,4.0,31.2,13.2,76.7,13.0,7.7,24.2,9.0,1.9,3.4,24.4,2.0,7.1,2.5,4.3425,40,-0.5989581845815489,-0.40852159167077523,-0.5037398881261621,0.13906611844927796,0.253224711473184,699.3635096814189,1273.4670739986423,1138,1023,1101,-0.35856873668610806,-0.3086158817014409,1037,"Arlington, VA"
51059415401,VA,Virginia,Fairfax,51059,5352,3961,-77.0779752,38.7569882,17.3,22.1,12.9,34.0,71.9,4.7,11.5,5.9,74.9,82.3,19.7,59.5,7.0,16.5,56.2,21.9,14.3,35.3,27.6,28.8,25.8,26.6,5.7,34.8,22.3,11.3,14.7,38.7,32.5,77.0,18.5,16.1,35.1,15.5,5.4,15.0,43.0,3.6,13.7,8.1,5.4625,40,0.7986048370360175,1.1771897107402909,0.9878972738881542,0.4839984255201081,0.924643584521385,2590.359573383618,4948.6924643584525,268,106,112,0.8641067689803313,0.5510238272203718,98,"Fairfax County, VA"
51013100800,VA,Virginia,Arlington,51013,1596,1185,-77.1281268,38.894648,7.8,21.0,15.6,30.2,74.8,5.7,9.5,4.3,77.9,88.4,11.1,68.8,3.6,8.1,73.3,19.8,10.4,23.2,20.7,9.9,7.0,14.0,4.5,35.2,9.2,5.6,6.0,34.2,17.7,80.8,13.7,9.8,27.8,9.8,2.6,5.6,28.9,2.5,8.2,3.7,4.535,40,-0.30934918829098934,-0.2442269130823015,-0.2767880506866454,0.1915473939735902,0.3971486761710794,305.70964078184994,633.8492871690428,928,853,889,-0.25822002979884895,-0.27221314651539646,929,"Arlington, VA"
51043010102,VA,Virginia,Clarke,51043,4170,3355,-77.9811063,39.1717811,6.3,30.2,14.8,36.1,79.6,10.6,10.2,6.8,80.6,89.9,12.5,76.0,6.6,11.2,74.2,23.6,11.6,29.6,18.7,8.0,6.0,15.9,7.4,41.5,6.9,6.8,5.1,30.7,21.1,82.5,14.8,13.4,31.7,13.0,3.1,4.5,34.5,3.3,10.2,3.8,5.4975000000000005,40,0.7461006297255304,-0.6991822576574585,0.02345918603403596,0.26097779882744315,0.5546503733876442,1088.277421110438,2312.8920570264763,291,1262,657,0.10754963082252489,0.9142815193025082,541,"Clarke, VA"
51013101804,VA,Virginia,Arlington,51013,2215,1806,-77.0879512,38.8866986,10.2,15.5,17.7,22.7,63.0,4.0,9.6,3.1,72.8,82.9,14.0,64.4,3.5,9.6,68.4,23.7,7.4,23.9,20.5,13.0,10.0,14.7,3.9,29.7,11.2,6.5,7.7,36.4,18.4,78.4,16.5,7.8,27.3,9.8,2.3,6.9,29.1,1.7,12.2,3.9,5.2175,40,-0.9100415313367903,0.7113046104512384,-0.09936846044277597,0.23257462910880056,0.48676171079429736,515.1528034759932,1078.1771894093686,1274,215,757,-0.025691488687482666,-0.7626875878262037,682,"Arlington, VA"
51059415402,VA,Virginia,Fairfax,51059,2801,2237,-77.0661035,38.7504589,5.7,27.3,12.9,34.8,80.8,10.1,9.6,6.2,81.2,92.4,9.6,72.2,4.8,7.5,77.0,18.7,11.8,24.1,18.3,7.1,4.9,13.6,6.4,41.5,6.3,5.4,4.4,29.5,18.4,82.8,11.2,11.3,25.3,10.8,2.6,4.2,33.0,3.1,5.4,3.5,3.7625,40,0.28391046611353565,-0.910896950991777,-0.3134932424391207,0.18305953459660787,0.3713509843856076,512.7497564050987,1040.1541072640869,514,1379,927,-0.2488796261018436,0.4131376987880898,912,"Fairfax County, VA"
51059421500,VA,Virginia,Fairfax,51059,7103,4866,-77.0874676,38.7507061,21.5,21.5,12.7,33.5,73.0,4.3,10.7,5.7,74.5,83.4,19.1,50.6,6.3,15.6,52.4,20.0,15.4,35.0,28.3,29.8,24.3,27.7,5.6,35.9,23.2,10.5,14.2,38.4,34.8,74.6,17.2,16.5,35.0,15.8,5.4,14.4,43.4,3.5,16.2,8.5,5.675,40,0.6542423108692255,1.5748838709267388,1.114563090897982,0.513289149565365,0.9524779361846571,3645.8928293627873,6765.45078071962,333,57,71,0.9852290893543791,0.39557430778201946,61,"Fairfax County, VA"
51059440300,VA,Virginia,Fairfax,51059,2765,2139,-77.2273479,38.8444043,4.5,25.2,13.5,31.5,79.6,10.0,9.0,5.6,80.5,92.2,8.7,73.4,4.1,6.5,80.1,18.6,10.2,21.5,17.6,5.3,3.3,11.4,6.0,40.9,4.9,4.6,3.6,29.2,16.1,81.2,10.7,9.4,22.3,9.8,2.1,3.1,31.0,2.6,3.3,2.8,3.785,40,-0.16787315946497852,-0.9585213217292237,-0.5631972405971011,0.12531695593013734,0.20977596741344195,346.5013831468297,580.030549898167,813,1396,1165,-0.4461404040114019,0.06624051370641983,1142,"Fairfax County, VA"
51059491405,VA,Virginia,Fairfax,51059,2761,2040,-77.4270519,38.8098819,4.2,22.6,14.9,28.7,77.1,8.5,9.1,4.6,79.2,91.7,8.8,70.0,3.7,6.6,79.6,19.0,9.3,19.2,18.2,5.2,3.1,10.6,4.7,39.4,4.9,4.2,3.5,29.8,14.8,82.2,11.1,7.9,22.4,9.2,1.9,3.1,31.6,2.2,3.4,2.5,3.850000000000001,40,-0.4739175972224293,-0.8205101402208393,-0.6472138687216343,0.10588860558508935,0.1452817379497624,292.3584400204317,401.122878479294,1068,1337,1260,-0.5250698988986001,-0.2296296575763609,1250,"Fairfax County, VA"
51059430101,VA,Virginia,Fairfax,51059,4718,3655,-77.3165912,38.8096896,4.5,24.0,14.4,30.0,78.5,9.4,9.1,5.1,79.7,91.7,8.8,71.4,3.9,6.3,80.1,18.7,9.7,20.6,17.6,5.2,3.1,11.0,5.5,39.9,4.9,4.4,3.6,29.5,15.3,83.2,10.9,8.7,22.4,9.5,2.0,3.1,31.0,2.4,2.8,2.7,3.5725,40,-0.31664790701747825,-0.9325425085452357,-0.624595207781357,0.11111903768993647,0.1690427698574338,524.2596198211203,797.5437881873727,937,1386,1225,-0.5066689722743071,-0.08079543600337856,1222,"Fairfax County, VA"
51059430500,VA,Virginia,Fairfax,51059,1716,1330,-77.2064204,38.7961973,8.4,23.1,13.2,31.1,77.6,7.5,9.0,5.5,78.0,89.7,11.2,68.8,4.7,9.2,73.7,18.1,11.9,24.5,22.8,10.1,6.3,15.3,5.7,40.2,8.2,5.7,5.5,32.9,21.5,80.4,12.3,11.0,23.7,11.3,2.7,4.7,35.0,2.8,7.1,3.8,4.222500000000001,40,-0.0711632986271095,-0.35058417672462283,-0.21087373767586617,0.2067896905821663,0.4304141208418194,354.8511090389974,738.5906313645621,729,949,840,-0.16810430165537535,0.014375573413872139,822,"Fairfax County, VA"
51059421600,VA,Virginia,Fairfax,51059,6409,4522,-77.0986647,38.7393673,17.9,20.2,13.2,32.2,72.7,4.1,10.9,4.8,75.4,85.3,17.1,60.8,5.1,13.1,59.4,19.2,13.9,31.4,28.5,24.7,18.9,23.8,4.5,34.6,20.8,9.0,12.2,38.6,29.9,78.7,16.4,14.2,33.9,14.0,4.6,12.4,42.6,3.1,14.7,6.8,5.325,40,0.3202928407119335,0.8939903497529298,0.6071415952324316,0.3959509177121888,0.8329938900203666,2537.649431617418,5338.65784114053,496,156,247,0.4950984366471142,0.09620652354129863,243,"Fairfax County, VA"
51059471201,VA,Virginia,Fairfax,51059,3050,2503,-77.2151023,38.9175553,4.7,17.9,14.0,24.5,73.5,6.7,8.2,3.7,76.9,89.8,8.4,70.8,2.7,5.4,77.4,17.1,7.9,18.2,20.2,6.0,3.3,9.7,4.3,34.6,5.5,3.9,3.9,31.9,15.2,82.7,10.8,6.8,19.9,7.9,1.6,3.3,32.8,1.9,3.2,2.4,3.4800000000000004,40,-1.0407879053562505,-0.6108201978576728,-0.8258040516069617,0.06459067779704043,0.031228784792939578,197.00156728097332,95.2477936184657,1316,1213,1428,-0.734835275754737,-0.8588503536518012,1445,"Fairfax County, VA"
51059480204,VA,Virginia,Fairfax,51059,3823,3360,-77.2230232,38.9299115,5.0,12.3,17.2,19.0,63.3,4.1,8.3,2.4,72.9,87.2,9.1,65.9,2.0,5.5,75.2,18.7,5.7,16.0,20.7,6.2,3.5,8.6,3.0,29.0,6.0,3.7,4.2,33.6,13.4,81.6,12.1,4.6,19.9,6.9,1.2,3.6,34.0,1.2,4.1,2.1,3.5700000000000003,40,-1.6089030914639628,-0.022059599548247828,-0.8154813455061053,0.06697774277588169,0.03801765105227427,256.05591063219566,145.34147997284452,1426,625,1418,-0.7260123841095096,-1.4299651686707715,1442,"Fairfax County, VA"
51059480302,VA,Virginia,Fairfax,51059,4621,3677,-77.2439024,38.9539886,4.8,22.5,13.6,29.4,78.6,8.7,8.8,5.1,79.4,91.0,8.9,71.0,3.8,6.3,79.3,17.7,9.9,20.6,19.2,5.9,3.4,11.4,5.4,40.0,4.9,4.5,3.7,30.8,16.0,77.9,10.6,8.7,20.4,9.3,2.0,3.0,31.1,2.4,7.2,2.8,3.955000000000001,40,-0.42445085919768477,-0.6100591679800109,-0.5172550135888478,0.13594082529829438,0.2437202987101154,628.1825537034183,1126.2315003394433,1024,1212,1115,-0.41171147424656807,-0.21336378051312518,1096,"Fairfax County, VA"
51059482301,VA,Virginia,Fairfax,51059,5387,4523,-77.3429557,38.9425862,4.9,21.7,15.9,27.6,75.4,8.4,9.3,4.5,77.9,90.7,9.2,72.6,3.5,6.3,80.1,19.9,8.4,19.9,17.7,5.6,3.6,10.5,4.9,36.6,5.5,4.4,3.9,30.2,14.6,83.2,11.7,7.8,23.4,9.0,1.8,3.6,31.3,2.2,2.4,2.6,3.655,40,-0.5399400893005006,-0.8034966836188219,-0.6717183864596612,0.10022208020459969,0.12763068567549218,539.8963460621785,687.5465037338764,1104,1322,1286,-0.5560637756165064,-0.30863086761419106,1288,"Fairfax County, VA"
51059471402,VA,Virginia,Fairfax,51059,3550,2638,-77.2054531,38.8828957,12.5,21.1,13.4,30.1,74.2,5.6,9.6,5.3,75.6,86.5,14.2,58.7,5.2,11.8,59.6,19.4,12.5,27.8,24.8,16.1,11.3,19.4,5.6,37.6,12.4,7.4,8.1,35.4,26.0,77.6,14.3,12.4,26.5,12.6,3.4,7.2,39.2,2.9,13.2,5.2,4.65,40,0.02524299412859779,0.6431526629724961,0.3341978285505469,0.33283427947085675,0.7311608961303462,1181.5616921215415,2595.621181262729,665,229,397,0.32247989598026483,0.0018071289880335969,358,"Fairfax County, VA"
51061930401,VA,Virginia,Fauquier,51061,7315,5119,-77.6729203,38.7302699,5.6,24.5,17.7,29.6,75.1,8.1,9.9,4.6,79.0,89.9,11.1,70.0,4.4,9.3,76.0,22.3,9.1,23.7,17.7,6.7,4.8,12.5,5.2,37.0,6.7,5.4,4.6,29.8,16.4,81.5,14.5,9.4,30.7,10.6,2.3,4.3,31.2,2.4,5.6,2.9,4.7975,40,-0.12932274047228715,-0.5518008855495543,-0.3405618130109207,0.17680008710213002,0.35098438560760353,1293.2926371520812,2567.45078071962,778,1159,957,-0.24684374616202337,0.05811339322550757,908,"Fauquier, VA"
51059440501,VA,Virginia,Fairfax,51059,5006,3915,-77.2732524,38.8295203,5.5,23.7,13.2,30.7,79.1,8.8,8.8,5.4,79.6,91.1,9.4,71.0,4.2,7.1,78.1,17.8,10.7,22.0,19.9,6.6,3.9,12.3,5.8,40.6,5.5,4.8,4.0,31.0,17.8,80.9,11.0,9.5,21.5,9.9,2.1,3.3,31.8,2.6,4.7,3.0,3.91,40,-0.24010810213050715,-0.7407943138392823,-0.4904512079848947,0.1421390474535834,0.26272912423625255,711.5480715526386,1315.2219959266804,874,1285,1087,-0.400881679548582,-0.06096904525788167,1081,"Fairfax County, VA"
51059490502,VA,Virginia,Fairfax,51059,6585,5038,-77.3713933,38.8417093,4.6,23.4,12.9,30.7,79.2,8.6,8.7,5.2,80.0,91.6,8.9,70.4,3.9,6.8,78.0,17.5,10.8,21.2,19.9,6.1,3.6,11.7,5.6,40.8,5.3,4.6,3.8,30.7,17.4,81.5,10.8,9.2,21.2,9.7,2.1,3.2,32.7,2.5,4.5,2.9,3.5750000000000006,40,-0.3110740903321107,-0.8070900378333363,-0.5590820640827235,0.12626856625820876,0.21181262729124237,831.4785088103047,1394.786150712831,930,1327,1162,-0.4661305212598447,-0.12517100468635312,1169,"Fairfax County, VA"
51059451100,VA,Virginia,Fairfax,51059,2314,1856,-77.1577285,38.841836,8.7,24.6,14.3,30.9,77.8,9.0,9.4,5.7,78.3,90.5,11.1,69.1,4.9,8.6,76.5,19.2,10.7,24.7,20.2,8.6,5.4,14.7,6.1,40.1,7.4,5.7,4.9,31.7,19.5,83.3,12.1,10.9,24.4,11.3,2.6,4.2,32.3,2.8,6.6,3.6,4.4125,40,-0.004081806188266953,-0.5463087515287062,-0.27519527885848655,0.1919157130764626,0.39918533604887985,444.09296005893447,923.714867617108,682,1151,886,-0.1979976815266094,0.1503133884754874,849,"Fairfax County, VA"
51059491403,VA,Virginia,Fairfax,51059,3711,2734,-77.4259416,38.8220549,4.5,22.1,15.0,28.2,76.6,8.2,9.2,4.4,78.8,91.3,9.0,71.5,3.7,6.8,80.8,19.4,9.3,19.2,18.2,5.6,3.4,10.8,4.6,38.8,5.2,4.3,3.7,30.0,15.0,82.7,11.4,7.9,22.6,9.3,1.9,3.3,30.9,2.1,3.0,2.5,3.7925,40,-0.5119545609874692,-0.8442302924917346,-0.6780924267396019,0.09874812093681548,0.12287847929395791,366.45427679652227,456.00203665987783,1088,1350,1293,-0.5562132627785042,-0.2681962330652739,1289,"Fairfax County, VA"
51059471204,VA,Virginia,Fairfax,51059,2692,2333,-77.2070218,38.9258503,7.0,14.7,15.6,21.9,67.3,4.6,8.7,3.0,73.7,86.3,10.8,64.7,2.8,7.1,72.4,18.9,7.3,19.5,22.2,9.3,5.8,11.6,3.6,31.2,7.9,4.8,5.5,34.7,17.1,81.4,12.8,6.6,21.5,8.3,1.8,4.6,34.7,1.6,5.5,2.9,4.050000000000001,40,-1.204628446627001,0.08280407042283405,-0.5609121881020834,0.12584536085926906,0.2111337406653089,338.7757114331523,568.3720298710116,1354,542,1163,-0.4929588951203687,-1.0687218606635716,1210,"Fairfax County, VA"
51059431500,VA,Virginia,Fairfax,51059,5733,4240,-77.2169257,38.7691619,5.4,23.7,14.0,30.5,77.7,8.8,9.3,5.0,79.6,91.8,9.4,70.3,4.0,7.3,77.2,18.7,9.9,21.5,19.2,6.5,4.2,11.9,5.4,39.0,6.2,4.8,4.1,30.4,16.9,81.5,11.5,9.2,23.9,9.8,2.1,3.9,33.3,2.5,4.3,2.9,3.7975,40,-0.25080483833813627,-0.7410008631663562,-0.4959028507522462,0.14087838717710627,0.25661914460285135,807.6557936863502,1471.1975560081469,880,1286,1096,-0.4068996471661326,-0.07279843116590902,1090,"Fairfax County, VA"
51059432201,VA,Virginia,Fairfax,51059,2393,1879,-77.2982493,38.7917832,6.8,17.5,15.7,25.0,71.8,5.4,9.1,3.6,75.8,88.4,10.6,64.4,3.1,7.4,74.1,19.2,8.8,20.2,21.0,8.4,5.2,11.9,4.0,33.9,7.8,4.8,5.2,33.2,17.4,80.4,12.8,7.5,23.7,9.1,2.0,4.7,35.2,1.9,7.3,3.0,3.88,40,-0.8331734444831509,-0.08869640886552593,-0.46093492667433844,0.1489645136379021,0.27834351663272233,356.47208113549976,666.0760353021045,1249,694,1064,-0.3980742606923202,-0.7074521125191144,1078,"Fairfax County, VA"
51059471301,VA,Virginia,Fairfax,51059,3973,3020,-77.2108042,38.9044018,9.2,12.9,16.1,20.1,64.2,3.7,8.5,2.6,72.3,86.0,11.4,61.3,2.5,7.8,71.9,18.2,7.0,19.3,24.7,10.4,5.8,12.0,3.2,30.4,9.1,4.7,5.7,36.2,18.0,79.9,13.2,6.2,21.3,8.5,1.7,4.7,35.9,1.5,4.8,2.9,4.112500000000001,40,-1.3859006588860199,0.35858917662726164,-0.5136557411293792,0.136773135852655,0.24643584521384929,543.3996687425982,979.0896130346232,1392,357,1111,-0.45603376730716266,-1.270656711241587,1154,"Fairfax County, VA"
51059480100,VA,Virginia,Fairfax,51059,4399,3420,-77.2702475,39.0056714,3.6,25.5,13.9,31.4,80.2,10.6,9.1,5.5,81.1,92.6,8.2,73.2,3.9,5.7,81.4,18.8,9.8,20.2,16.4,4.2,2.5,10.3,5.8,41.4,4.0,4.1,3.1,28.4,14.3,81.4,10.4,8.6,21.8,9.3,1.9,2.6,30.1,2.5,3.2,2.5,3.5925,40,-0.21359318169478733,-1.0548613274349912,-0.6342272545648893,0.10889168360982536,0.15682281059063136,479.01451619962177,689.8635437881874,858,1428,1243,-0.4918707808987336,0.07111976563752394,1207,"Fairfax County, VA"
51059430801,VA,Virginia,Fairfax,51059,4629,3474,-77.2235142,38.7820055,6.6,22.9,14.1,29.8,76.8,8.2,9.3,5.1,78.5,90.6,10.2,69.4,4.2,7.7,78.1,18.8,10.3,22.6,20.0,7.8,4.9,13.1,5.5,38.7,7.0,5.2,4.7,31.3,18.1,82.7,12.0,9.7,23.9,10.3,2.3,4.3,32.8,2.5,4.6,3.3,3.9875000000000007,40,-0.24267401920041237,-0.6349243095094567,-0.4387991643549345,0.1540832782812372,0.2926001357773252,713.2514951638469,1354.4460285132384,876,1223,1043,-0.3635605198579391,-0.0921967302064215,1046,"Fairfax County, VA"
51061930402,VA,Virginia,Fauquier,51061,6027,4602,-77.7240654,38.7177076,5.3,25.6,17.3,30.7,76.9,8.9,9.8,5.0,79.5,90.1,10.8,73.6,4.6,8.8,78.2,21.8,9.5,23.9,17.3,6.2,4.2,12.4,5.5,38.4,6.0,5.3,4.2,29.5,16.1,81.4,14.0,9.7,29.9,10.6,2.3,3.8,29.9,2.5,6.0,2.9,4.75,40,-0.02690173408110509,-0.7131320052427941,-0.3700168696619496,0.16998877875967677,0.3346911065852003,1024.5223695845718,2017.183299389002,700,1270,981,-0.2692026626737197,0.17472667989535473,940,"Fauquier, VA"
51059450701,VA,Virginia,Fairfax,51059,3055,2476,-77.2132808,38.8432133,6.7,21.4,13.0,29.5,77.5,7.5,8.4,5.0,78.3,90.2,9.5,69.0,3.8,7.1,76.5,16.9,10.8,21.7,21.4,7.9,4.6,12.7,5.4,39.1,6.6,4.8,4.6,31.9,18.8,82.6,11.1,9.2,21.6,9.7,2.1,3.9,33.0,2.5,4.5,3.2,3.85,40,-0.42880797349834715,-0.5992231769789877,-0.5140155752386675,0.1366899263345226,0.24575695858791582,417.58772495196655,750.7875084860829,1029,1205,1112,-0.45101163066073724,-0.3028000843424867,1147,"Fairfax County, VA"
51059482205,VA,Virginia,Fairfax,51059,2622,2300,-77.3446112,38.9538267,5.6,12.3,19.3,18.5,61.5,4.1,9.0,2.3,72.1,86.6,10.2,66.5,2.1,5.9,79.3,20.5,5.1,16.8,20.3,6.3,3.7,8.7,2.9,27.2,6.6,4.0,4.5,34.2,12.8,83.3,13.3,4.5,21.9,7.1,1.3,4.0,32.6,1.2,2.7,2.1,3.5775,40,-1.5419703019137427,-0.07080048237142068,-0.8063853921425818,0.06908112841053024,0.04073319755600815,181.13071869241028,106.80244399185337,1420,680,1414,-0.71656905945619,-1.3623376365409592,1436,"Fairfax County, VA"
51061930404,VA,Virginia,Fauquier,51061,2758,2170,-77.6709596,38.6607113,7.6,29.5,15.6,35.6,78.7,9.4,10.3,6.7,79.9,88.9,13.2,71.9,6.5,11.8,72.8,22.6,12.2,30.2,18.9,9.7,7.6,17.0,7.2,40.3,8.5,7.2,6.0,30.6,21.5,78.1,15.5,13.6,33.4,13.1,3.3,5.6,32.1,3.4,6.7,4.2,5.034999999999999,40,0.7777293655171518,-0.39564955941823976,0.191039903049456,0.2997298524854882,0.6558044806517311,826.6549331549766,1808.7087576374745,280,1007,508,0.22180067912017482,0.8392509176585894,443,"Fauquier, VA"
51059491803,VA,Virginia,Fairfax,51059,7003,5338,-77.3984158,38.8742071,6.9,21.3,14.0,28.6,75.5,7.1,9.2,4.8,77.3,89.3,10.9,64.7,4.2,8.8,74.7,19.0,10.2,22.7,22.0,9.0,5.7,13.5,5.2,37.6,7.7,5.4,5.2,33.0,19.5,80.2,12.7,9.4,23.2,10.4,2.3,4.5,34.4,2.4,5.8,3.3,4.085000000000001,40,-0.36636674048343315,-0.2651103375593211,-0.31573853902137716,0.18254032298811582,0.3699932111337407,1278.329881885775,2591.062457569586,972,870,929,-0.25189949273708656,-0.23868864791485195,917,"Fairfax County, VA"
51059450300,VA,Virginia,Fairfax,51059,5620,4420,-77.1724644,38.8746771,10.8,18.6,15.7,26.8,71.2,5.4,9.5,4.4,74.4,86.5,13.2,66.5,4.1,9.9,65.4,20.5,10.1,24.7,22.4,12.8,8.9,16.0,4.8,34.6,10.8,6.3,7.0,34.3,21.4,80.6,14.2,9.8,26.3,11.0,2.7,6.3,37.0,2.3,8.0,4.2,4.635,40,-0.44350526269024515,0.2326097004726776,-0.10544778110878378,0.23116882201566158,0.48404616429056346,1299.168779728018,2720.3394433129665,1041,450,761,-0.06956021010000096,-0.3717301206726795,731,"Fairfax County, VA"
51059480502,VA,Virginia,Fairfax,51059,5763,4457,-77.3831614,38.9942965,4.6,22.8,15.2,28.9,76.7,8.3,9.4,4.6,78.7,91.3,9.3,72.5,3.8,6.9,77.4,19.7,9.5,20.1,18.3,5.6,3.5,11.0,4.8,38.7,5.5,4.5,3.9,30.0,15.3,80.6,11.7,8.4,23.6,9.6,2.0,3.6,33.7,2.3,2.3,2.7,3.765,40,-0.3881378686230612,-0.7582151787479638,-0.5731765236855125,0.12300930549995476,0.20570264765784113,708.9026275962393,1185.4643584521384,994,1291,1171,-0.4627952689599701,-0.16737535917197635,1163,"Fairfax County, VA"
51059452801,VA,Virginia,Fairfax,51059,5627,4456,-77.1275939,38.8405835,9.5,23.1,13.1,33.5,75.5,6.4,10.2,5.9,77.3,86.9,13.9,63.9,5.7,11.6,61.9,20.1,13.0,28.4,23.2,15.9,13.0,18.8,5.9,37.1,12.8,7.7,8.7,34.2,24.8,78.4,14.8,12.9,29.6,12.5,3.7,8.8,40.6,3.2,14.4,5.3,4.432500000000001,40,0.39296614755322995,0.36387350429598303,0.3784198259246065,0.34306035586929945,0.756958587915818,1930.400622476548,4259.405974202308,453,353,359,0.3371745922698727,0.3104756802437624,342,"Fairfax County, VA"
51059460504,VA,Virginia,Fairfax,51059,3979,2997,-77.2302783,38.9018463,5.1,20.7,13.8,28.0,76.3,7.3,8.8,4.5,78.3,90.5,9.2,68.1,3.6,6.9,76.7,17.9,9.6,19.9,20.3,6.8,4.1,11.5,4.7,38.1,5.8,4.5,4.2,31.4,16.7,80.3,11.3,8.2,21.4,9.2,2.0,3.6,32.9,2.2,5.7,2.8,3.725000000000001,40,-0.5817034186995992,-0.5165231268513215,-0.5491132727754604,0.12857379052580373,0.219959266802444,511.59511250217304,875.2179226069246,1123,1129,1150,-0.4637463337083755,-0.4109695405654294,1166,"Fairfax County, VA"
51059432000,VA,Virginia,Fairfax,51059,3393,2500,-77.3222022,38.7953989,7.3,22.2,14.2,29.5,75.9,7.1,9.7,4.9,77.6,89.5,11.4,66.1,4.5,9.2,72.2,19.6,10.8,23.4,21.7,9.5,6.2,14.4,5.1,38.3,8.1,5.7,5.5,32.9,19.7,81.4,13.0,10.1,24.5,10.9,2.6,4.9,35.4,2.5,6.9,3.6,4.234999999999999,40,-0.1896460904827303,-0.28893175812580574,-0.239288924304268,0.20021884605698226,0.41276306856754924,679.3425446713408,1400.5050916496946,830,890,866,-0.18383148377990646,-0.07873120943400719,839,"Fairfax County, VA"
51059431802,VA,Virginia,Fairfax,51059,3259,2448,-77.2755187,38.8079685,6.3,22.6,13.5,30.0,77.9,8.1,8.8,5.1,79.1,91.0,9.4,67.9,3.9,6.8,77.9,17.8,10.7,21.4,19.4,7.1,4.3,12.5,5.4,39.5,6.4,4.7,4.4,30.5,17.6,83.3,11.1,9.2,23.1,9.9,2.2,3.9,32.3,2.5,4.3,3.2,3.83,40,-0.31543948162187513,-0.6937128285408827,-0.5045761550813789,0.1388727366420022,0.2525458248472505,452.5862487162852,823.0468431771894,935,1259,1102,-0.4284856876521167,-0.16325854676335075,1119,"Fairfax County, VA"
51059460600,VA,Virginia,Fairfax,51059,4173,3111,-77.234497,38.8882025,4.7,22.7,14.4,29.2,77.5,8.7,8.9,4.9,79.1,91.5,9.0,67.3,3.7,6.7,79.3,18.5,9.5,20.8,18.6,5.6,3.4,11.1,5.4,39.0,5.2,4.6,3.7,30.1,16.2,82.0,11.1,8.7,22.0,9.4,2.0,3.3,31.6,2.4,3.2,2.8,3.735,40,-0.42897606617216794,-0.7389981994497954,-0.5839871328109817,0.12050941582071568,0.1955193482688391,502.88579221984656,815.9022403258656,1030,1283,1186,-0.47554767288732824,-0.21209714632486112,1184,"Fairfax County, VA"
51059440702,VA,Virginia,Fairfax,51059,5397,4045,-77.2443509,38.8208175,4.6,24.3,13.6,30.7,79.2,9.5,8.9,5.3,80.2,92.1,8.7,69.4,3.9,6.5,77.9,18.0,10.1,21.2,18.5,5.4,3.2,11.2,5.8,40.4,5.0,4.5,3.6,29.8,16.4,80.3,10.7,9.1,21.8,9.6,2.0,3.1,32.6,2.5,4.2,2.8,3.8125,40,-0.27988747331326236,-0.7787502036275292,-0.5293188384703957,0.1331511368576608,0.23625254582484725,718.6166856207954,1275.0549898167005,903,1304,1126,-0.420147000198463,-0.061543796769396815,1107,"Fairfax County, VA"
51059491706,VA,Virginia,Fairfax,51059,2899,2484,-77.3588968,38.8629314,9.5,13.6,17.2,20.9,61.7,3.5,10.4,2.7,71.5,83.0,14.8,64.8,3.3,9.8,69.2,22.8,6.8,23.1,24.1,13.4,9.4,14.0,3.3,28.2,11.5,6.5,7.9,38.2,19.0,79.8,16.6,7.0,24.8,9.7,2.2,6.8,37.8,1.6,5.8,3.6,4.625000000000001,40,-1.0356105613678321,0.5726034183215483,-0.23150357152314194,0.20201916302718145,0.4195519348268839,585.6535536157991,1216.2810590631364,1312,261,856,-0.1780007974102984,-0.928605013142145,832,"Fairfax County, VA"
51059492400,VA,Virginia,Fairfax,51059,4873,3719,-77.2309157,38.7269219,9.6,19.6,14.8,27.6,72.2,5.5,10.0,4.2,75.4,87.5,13.2,64.9,4.3,10.7,71.9,20.1,10.2,24.3,24.4,12.7,8.5,15.9,4.3,35.5,10.8,6.3,6.9,35.4,21.5,79.2,14.4,9.9,26.0,11.3,2.8,6.3,36.9,2.4,10.4,4.0,4.242500000000001,40,-0.3451720385022509,0.17102483421761389,-0.08707360214231852,0.23541774266663038,0.49287169042769857,1147.1906600144898,2401.7637474541752,954,488,748,-0.059995367373499,-0.2910155689646119,722,"Fairfax County, VA"
51059430203,VA,Virginia,Fairfax,51059,2679,2060,-77.2999921,38.8183279,5.6,21.6,14.4,28.4,76.0,7.6,9.3,4.9,77.7,88.9,10.4,67.4,4.1,7.4,75.1,19.5,9.8,22.1,19.5,7.5,4.9,12.5,5.3,37.1,6.4,5.2,4.8,32.0,17.5,81.4,12.4,9.1,23.0,9.9,2.2,4.2,32.9,2.4,3.7,3.2,3.935,40,-0.37142881488862656,-0.45619060030271785,-0.4138097075956722,0.15986194295380343,0.3054989816700611,428.27014517323937,818.4317718940937,976,1071,1024,-0.337273467658423,-0.2183563350141281,1020,"Fairfax County, VA"
51059491705,VA,Virginia,Fairfax,51059,3341,2501,-77.3902011,38.847358,5.0,17.7,12.1,26.8,75.9,5.3,8.1,3.8,78.2,90.2,8.9,62.7,3.0,7.0,74.9,15.5,10.6,18.6,23.8,7.8,4.1,11.5,4.0,38.4,6.2,4.2,4.3,33.4,18.5,80.9,10.9,7.6,18.9,8.7,1.8,3.5,35.4,2.0,3.1,2.8,3.755,40,-0.8760488056056042,-0.4340459743102405,-0.6550473899579223,0.1040771499433753,0.1384928716904277,347.7217579608169,462.70468431771894,1259,1052,1270,-0.5999623135608483,-0.7658786528114561,1351,"Fairfax County, VA"
51059461500,VA,Virginia,Fairfax,51059,6940,5247,-77.2854059,38.8787455,4.6,19.8,14.4,26.8,75.1,7.1,8.7,4.1,78.1,90.8,8.7,67.4,3.2,6.4,79.4,18.1,9.0,18.6,19.4,6.0,3.6,10.5,4.4,37.2,5.5,4.1,3.9,30.7,15.6,80.8,11.1,7.3,21.6,8.7,1.8,3.5,32.4,2.0,3.4,2.6,3.535000000000001,40,-0.7468985075753374,-0.597999643907455,-0.6724490757413961,0.10005311261240026,0.12695179904955872,694.3686015300577,881.0454854039375,1209,1202,1287,-0.5740150936167564,-0.5500305433260578,1317,"Fairfax County, VA"
51059482601,VA,Virginia,Fairfax,51059,7321,5405,-77.4140799,38.8987586,5.2,19.7,13.5,27.2,75.6,6.6,8.6,4.1,78.1,90.7,9.1,66.1,3.4,7.3,76.5,17.2,9.7,19.2,21.6,7.1,4.0,11.4,4.3,38.1,6.1,4.3,4.1,31.9,17.4,82.6,11.2,7.9,21.1,9.1,1.9,3.6,34.3,2.1,4.4,2.8,3.555,40,-0.7033725477627739,-0.5636432915669423,-0.6335079196648581,0.10905802556813998,0.1581805838424983,798.4138051843528,1158.0400543109301,1190,1175,1241,-0.5551216664459615,-0.5466000413249809,1285,"Fairfax County, VA"
51059461100,VA,Virginia,Fairfax,51059,7442,5503,-77.2916371,38.8986765,5.1,23.2,14.2,29.3,78.0,9.1,9.0,5.0,79.4,91.5,9.0,71.5,3.8,6.4,77.9,18.5,9.5,20.7,18.2,5.7,3.4,11.2,5.5,39.3,5.2,4.5,3.7,30.0,15.8,81.5,10.9,8.7,22.0,9.4,2.0,3.2,31.9,2.4,3.0,2.7,3.6925,40,-0.38910480380118084,-0.8064566955035075,-0.5977807496523442,0.11731972317889576,0.19008825526137135,873.0933798973423,1414.6367956551255,995,1326,1194,-0.4843801018430185,-0.16230350818252942,1198,"Fairfax County, VA"
51059460200,VA,Virginia,Fairfax,51059,3970,2967,-77.2889423,38.9273764,3.7,25.2,14.0,30.9,79.5,10.4,9.2,5.4,80.9,92.7,8.2,72.0,3.8,5.8,82.5,19.0,9.5,20.2,16.2,4.3,2.7,10.3,5.8,40.8,4.1,4.2,3.2,28.2,14.4,83.2,10.4,8.6,22.2,9.3,1.9,2.8,29.4,2.4,3.3,2.5,3.4875000000000007,40,-0.25487234546001214,-1.0811601532039365,-0.6680162493319743,0.10107817760755065,0.13034623217922606,401.2803651019761,517.4745417515275,883,1439,1282,-0.526592249204366,0.027975654795204637,1251,"Fairfax County, VA"
51059432600,VA,Virginia,Fairfax,51059,4967,3664,-77.2326566,38.7487953,4.4,21.4,14.6,28.6,76.8,7.6,9.1,4.3,79.3,91.9,8.6,71.0,3.3,6.3,80.3,18.2,9.5,18.8,19.1,5.6,3.3,10.5,4.4,38.3,5.5,4.1,3.7,30.2,15.0,82.7,11.1,7.7,22.9,8.9,1.8,3.5,32.9,2.2,3.7,2.5,3.6175000000000006,40,-0.5448483607418637,-0.8552651731015124,-0.7000567669216881,0.09366899665295508,0.109979633401222,465.25390637522787,546.2688391038696,1108,1353,1312,-0.6076811885161794,-0.3600972039308464,1363,"Fairfax County, VA"
51059471203,VA,Virginia,Fairfax,51059,2420,1951,-77.1999828,38.9265086,5.0,16.8,15.4,23.4,71.2,5.8,8.9,3.2,76.4,89.4,9.0,65.8,2.6,5.8,77.1,18.6,7.6,17.7,19.8,6.3,3.7,9.8,3.6,33.4,6.0,4.0,4.2,32.3,14.6,82.6,11.7,6.3,21.4,7.9,1.6,3.7,34.0,1.7,3.5,2.4,3.5,40,-1.0824369750756992,-0.41054350609049695,-0.7464902405830981,0.08293152938999541,0.07671418873048201,200.6943011237889,185.64833672776646,1326,1029,1361,-0.6559236161608087,-0.9013037262311205,1408,"Fairfax County, VA"
51059432300,VA,Virginia,Fairfax,51059,5127,3862,-77.2891663,38.7800323,5.6,24.2,13.5,31.3,78.9,8.7,9.1,5.4,79.8,91.6,9.4,71.7,4.2,7.3,77.8,18.3,10.9,22.0,19.5,6.7,4.1,12.4,5.6,40.5,6.0,4.8,4.1,30.5,17.7,81.8,11.2,9.7,23.0,10.1,2.2,3.7,32.7,2.6,3.6,3.1,3.6475,40,-0.15563214977911977,-0.817843245714718,-0.4867376977469189,0.14299777482129422,0.26476578411405294,733.1495915087754,1357.4541751527495,799,1335,1084,-0.4040666634857098,0.009709918743298457,1085,"Fairfax County, VA"
51059440201,VA,Virginia,Fairfax,51059,4133,3516,-77.2221663,38.8732853,7.4,13.5,17.1,20.5,63.9,4.0,9.2,2.7,72.7,85.9,11.5,65.2,2.6,7.4,75.4,20.6,6.7,19.4,21.5,9.4,6.1,11.4,3.3,29.4,8.5,4.9,5.8,34.8,16.4,82.2,13.8,6.0,23.0,8.3,1.7,5.1,34.7,1.5,4.4,2.9,3.855,40,-1.2637071570479916,0.10902276871440046,-0.5773421941667956,0.12204601873947646,0.2023082145281738,504.4161954502562,836.1398506449423,1363,524,1176,-0.504600648026994,-1.1182240647683885,1219,"Fairfax County, VA"
51059481400,VA,Virginia,Fairfax,51059,6647,5315,-77.3413712,38.9276343,5.4,24.9,14.4,31.3,78.6,9.6,9.3,5.6,79.5,91.3,9.7,70.2,4.3,7.2,76.6,19.3,10.1,23.0,18.7,6.2,4.1,12.2,6.2,39.5,5.9,5.1,4.1,30.5,17.2,81.7,11.7,9.9,23.4,10.1,2.2,3.7,32.3,2.7,3.6,3.0,3.8875,40,-0.10718058824986915,-0.7485669530793927,-0.42787377066463095,0.1566097112149437,0.29938900203665986,1040.9847504457307,1990.038696537678,760,1288,1033,-0.32967096312541483,0.08922502682856302,1012,"Fairfax County, VA"
51059492100,VA,Virginia,Fairfax,51059,6592,5151,-77.3310034,38.7604956,4.4,27.0,13.5,33.3,80.5,10.6,9.3,6.1,80.9,92.1,9.3,74.2,4.8,7.2,80.8,19.1,10.9,22.6,17.5,5.6,3.6,12.3,6.3,42.4,4.8,4.9,3.7,29.1,16.6,82.4,11.0,10.2,23.1,10.5,2.3,3.2,30.4,2.8,3.8,3.0,3.555,40,0.10118993023153817,-1.0390300491194833,-0.4689200594439725,0.1471179987221854,0.2742701968771215,969.8018475766461,1807.989137813985,623,1423,1070,-0.35535098586871094,0.3283280773820614,1033,"Fairfax County, VA"
51059460100,VA,Virginia,Fairfax,51059,4544,3387,-77.275014,38.9478426,4.2,24.4,12.4,31.6,80.0,9.2,8.8,5.6,80.8,92.2,8.5,68.0,4.1,6.5,79.0,17.5,11.0,21.1,18.6,5.8,3.5,11.8,5.8,41.8,4.8,4.6,3.7,29.5,17.0,82.4,10.3,9.5,21.0,9.7,2.1,3.1,31.3,2.6,3.7,3.0,3.925,40,-0.19340036457801868,-0.8861763990868723,-0.5397883818324455,0.13073011662712888,0.22742701968771215,594.0376499536736,1033.428377460964,839,1368,1139,-0.4419727879929276,0.0022308231010170665,1136,"Fairfax County, VA"
51059431602,VA,Virginia,Fairfax,51059,6485,5057,-77.19041,38.7701117,8.8,21.0,12.2,30.9,76.5,5.8,8.9,5.1,77.6,88.6,11.7,64.6,4.4,9.6,67.9,17.2,12.8,24.6,24.7,12.7,8.1,16.3,5.2,39.0,10.0,6.0,6.6,34.3,23.5,80.3,12.7,10.9,24.3,11.2,2.8,5.9,37.7,2.7,7.8,4.3,4.1850000000000005,40,-0.15923675369367077,-0.07062571122595,-0.11493123245981038,0.2289758297540004,0.48065173116089616,1484.9082559546925,3117.0264765784113,805,678,766,-0.11705112343711116,-0.1634765356482723,772,"Fairfax County, VA"
51059482302,VA,Virginia,Fairfax,51059,4625,3496,-77.3547124,38.9367321,14.1,18.4,15.0,28.1,68.3,4.3,10.5,4.4,73.4,83.3,16.6,58.0,5.1,12.9,60.5,21.6,10.9,28.9,24.8,20.3,16.4,20.5,4.7,32.7,16.4,8.5,10.8,36.8,25.7,77.5,16.6,11.6,30.7,12.7,3.7,10.5,40.4,2.6,7.3,5.8,5.06,40,-0.10731730697215609,0.9178138297258845,0.4052482613768642,0.3492642735319242,0.7617107942973523,1615.3472650851493,3522.9124236252546,761,150,352,0.372728554214557,-0.17235672129677057,318,"Fairfax County, VA"
51059480902,VA,Virginia,Fairfax,51059,4211,3209,-77.38397,38.9604345,11.5,19.5,14.9,28.2,72.2,5.4,9.6,4.5,75.1,86.8,13.4,64.7,4.4,10.4,70.0,19.6,10.8,25.2,23.6,14.2,9.8,16.9,4.7,35.3,12.1,6.5,7.6,34.7,22.7,79.7,14.3,10.3,27.7,11.5,2.9,7.1,36.5,2.4,8.0,4.4,4.4825,40,-0.29147224080121736,0.2262509477072342,-0.032610646546991584,0.2480119803283038,0.526816021724372,1044.3784491624872,2218.4222674813304,913,453,698,-0.024124209219649723,-0.27449936614653364,681,"Fairfax County, VA"
51059422403,VA,Virginia,Fairfax,51059,3024,2275,-77.1214125,38.77322,6.7,23.4,14.5,30.8,76.7,7.9,9.7,5.2,78.5,90.6,10.8,69.1,4.5,8.7,76.2,19.5,10.6,23.1,20.3,8.5,5.8,13.9,5.3,38.6,7.6,5.6,5.1,31.4,18.4,81.9,12.4,10.2,25.4,10.8,2.6,4.7,33.8,2.7,5.7,3.5,3.9375,40,-0.07938890091598563,-0.5424296638406759,-0.31090928237833076,0.18365706013957808,0.3740665308893415,555.3789498620841,1131.1771894093688,739,1149,923,-0.25408106780681355,0.03426752822704879,920,"Fairfax County, VA"
51059491102,VA,Virginia,Fairfax,51059,3422,2685,-77.4679399,38.8563248,6.6,22.4,15.0,28.7,76.0,7.9,9.4,4.9,77.4,89.7,11.0,68.1,4.4,8.6,75.3,19.8,9.8,22.7,21.0,7.8,4.8,13.1,5.3,38.4,6.9,5.3,4.7,32.6,18.1,80.1,12.7,9.4,23.4,10.6,2.3,4.0,33.4,2.4,5.4,3.1,4.22,40,-0.30750025297209993,-0.3922033232237678,-0.3498517880979338,0.1746518350868298,0.34419551934826886,597.6585796671316,1177.837067209776,927,1002,967,-0.2593723485683044,-0.12654137391284095,930,"Fairfax County, VA"
51059452802,VA,Virginia,Fairfax,51059,3030,2528,-77.1159147,38.8426281,6.5,27.5,12.1,36.1,80.6,9.2,10.3,6.5,81.1,91.3,11.3,70.7,5.4,9.0,72.4,19.0,12.9,27.0,21.6,10.0,7.3,15.8,6.6,40.7,8.7,6.5,5.8,32.6,21.6,81.6,12.7,13.0,26.7,11.9,3.1,5.7,35.5,3.5,5.5,4.2,4.2475000000000005,40,0.5718015571998406,-0.6850569418677451,-0.05662769233395226,0.24245817996499355,0.5145960624575696,734.6482852939305,1559.2260692464358,369,1254,716,-0.05139819413937552,0.5822605535889941,714,"Fairfax County, VA"
51059470500,VA,Virginia,Fairfax,51059,5717,4278,-77.1813634,38.9451371,4.0,25.1,12.8,31.6,80.4,10.0,8.8,5.5,81.3,92.6,8.1,70.1,3.9,5.8,80.0,17.7,10.5,20.8,17.3,4.9,3.0,11.0,5.9,41.7,4.3,4.3,3.3,28.7,16.0,83.5,10.0,9.2,21.1,9.4,2.0,2.8,30.3,2.6,2.9,2.8,3.6675,40,-0.21929992882757546,-1.0460117114748793,-0.6326558201512273,0.10925506856128563,0.15953835709436523,624.61122696487,912.080787508486,862,1424,1239,-0.5142895637396674,0.01743258399554456,1231,"Fairfax County, VA"
51059480903,VA,Virginia,Fairfax,51059,4177,3186,-77.3936942,38.9585855,13.2,15.5,15.1,24.4,68.1,4.1,8.7,3.6,72.8,85.2,13.1,61.8,3.4,9.3,65.3,18.0,9.6,23.6,25.2,14.7,9.2,16.2,4.0,33.0,12.4,5.9,7.6,35.9,22.6,80.0,13.7,8.7,25.4,10.4,2.5,6.7,37.5,2.0,7.8,4.2,4.589999999999999,40,-0.836058324435496,0.5638243634690111,-0.13611698048324244,0.2240767503204501,0.47182620502376105,935.96858608852,1970.81805838425,1250,266,779,-0.12384129170204078,-0.8115069468730927,779,"Fairfax County, VA"
51059492500,VA,Virginia,Fairfax,51059,4139,3310,-77.3949078,38.7872701,4.3,25.5,14.2,31.3,79.5,10.1,9.3,5.5,80.2,91.9,9.1,74.2,4.3,6.9,80.5,19.4,10.0,21.3,17.5,5.2,3.2,11.4,5.8,41.2,4.7,4.6,3.5,29.4,15.6,82.5,11.2,9.2,22.6,10.0,2.1,3.0,30.4,2.6,3.8,2.7,3.6675,40,-0.1311577493030092,-0.9994980918112331,-0.5653279205571211,0.12482424874037625,0.208418194161575,516.6475655364172,862.6429056347589,780,1407,1167,-0.436565392005471,0.12636730780029104,1130,"Fairfax County, VA"
51059471304,VA,Virginia,Fairfax,51059,2073,1520,-77.2053067,38.8909877,4.6,23.0,15.1,28.9,76.5,8.7,9.4,4.8,78.9,91.5,9.1,71.2,3.8,6.7,76.5,19.9,9.2,20.2,17.3,5.5,3.6,11.0,5.1,38.4,5.3,4.5,3.8,29.4,15.1,80.8,11.5,8.4,23.4,9.5,2.0,3.5,33.2,2.3,4.3,2.7,3.9175,40,-0.38143095811321304,-0.699811748658456,-0.5406213533858345,0.13053749686211386,0.22674813306177868,270.604230995162,470.0488798370672,984,1263,1140,-0.4235679152459866,-0.14732408183351717,1114,"Fairfax County, VA"
51059481702,VA,Virginia,Fairfax,51059,4787,3681,-77.3542665,38.8713315,5.6,18.4,14.8,25.3,72.7,6.0,9.0,3.7,76.8,89.8,9.8,63.7,3.2,7.3,77.4,19.0,8.7,19.3,21.0,7.5,4.6,11.2,4.0,35.3,6.9,4.5,4.6,32.4,16.8,82.3,12.3,7.4,22.4,8.9,1.9,4.2,33.9,1.9,4.2,2.7,3.775,40,-0.8245897612944959,-0.374521467505359,-0.5995556143999274,0.11690929616104387,0.18737270875763748,559.644800722917,896.9531568228106,1244,984,1198,-0.5160756394540762,-0.6576298114027934,1237,"Fairfax County, VA"
51059460501,VA,Virginia,Fairfax,51059,2691,2102,-77.2334779,38.9101096,4.3,22.7,13.1,29.7,79.2,8.7,8.5,4.9,80.1,91.9,8.1,70.9,3.5,5.8,78.8,17.1,10.1,19.6,18.8,5.2,2.9,10.6,5.2,40.7,4.5,4.1,3.4,29.9,15.7,81.6,10.1,8.3,20.2,8.9,1.8,2.8,31.9,2.3,5.7,2.6,3.625,40,-0.49222540056644587,-0.8369484807156704,-0.6645869406410582,0.10187118504162289,0.13306177868295996,274.1353589470072,358.06924643584523,1078,1346,1278,-0.5519935718213544,-0.2670386629270386,1284,"Fairfax County, VA"
51059480504,VA,Virginia,Fairfax,51059,2017,1587,-77.3529986,38.9823873,4.6,22.5,16.0,27.8,75.8,8.4,9.7,4.4,78.4,91.4,9.3,71.3,3.7,6.7,77.2,20.6,8.6,19.5,17.4,5.5,3.6,10.7,4.6,37.6,5.5,4.4,3.8,29.8,14.3,81.7,11.8,7.9,23.8,9.3,2.0,3.5,32.6,2.1,3.3,2.5,3.8400000000000007,40,-0.469372935767499,-0.7284064107534941,-0.5988896732604966,0.1170632911267412,0.1887304820095044,236.116658202637,380.66938221317037,1063,1279,1196,-0.47275068031995476,-0.21709494988641545,1175,"Fairfax County, VA"
51059431801,VA,Virginia,Fairfax,51059,4263,3243,-77.2804249,38.8004471,7.7,20.0,14.5,27.4,74.1,6.2,9.4,4.2,76.9,89.2,11.2,65.7,3.8,8.3,73.2,19.3,10.3,22.2,21.7,9.7,6.1,13.7,4.5,36.5,8.7,5.3,5.6,33.0,19.4,82.0,13.0,9.1,24.7,10.3,2.3,5.1,35.9,2.2,5.9,3.5,4.045,40,-0.47984267757385013,-0.25737965979480715,-0.36861116868432864,0.17031383883032275,0.33536999321113375,726.0478949336659,1429.6822810590631,1072,866,980,-0.312322482619426,-0.3672653054440449,994,"Fairfax County, VA"
51059482204,VA,Virginia,Fairfax,51059,1975,1838,-77.3540586,38.9577858,5.1,22.6,15.3,28.7,76.6,9.0,9.1,5.0,78.0,90.2,9.4,74.2,3.8,6.4,76.6,19.5,8.9,21.3,18.0,5.9,3.9,11.1,5.6,37.4,5.6,4.7,4.0,30.4,15.6,80.8,11.6,8.6,22.7,9.2,1.9,3.6,31.9,2.4,3.3,2.7,3.9275,40,-0.41737976628704443,-0.6973255695885019,-0.5573526679377732,0.12666847892953934,0.2131704005431093,250.1702458858402,421.01154107264085,1019,1260,1160,-0.4454020393303353,-0.1934785090721687,1140,"Fairfax County, VA"
51059491303,VA,Virginia,Fairfax,51059,4269,3320,-77.438283,38.8343899,12.8,16.8,14.3,25.8,70.3,4.2,9.1,3.9,73.7,85.3,13.7,60.3,3.9,10.2,67.1,18.2,10.5,25.0,26.5,15.5,9.7,17.1,4.3,34.4,12.6,6.4,8.0,37.0,23.8,80.0,14.2,9.7,24.7,11.0,2.7,6.8,37.7,2.2,9.6,4.5,4.527500000000001,40,-0.6248319940141942,0.5400948751077456,-0.04236855945322432,0.24575552044874577,0.5207060420909708,1049.1303167956958,2222.8940936863546,1152,278,707,-0.040512129740521596,-0.6211191345887888,701,"Fairfax County, VA"
51059422201,VA,Virginia,Fairfax,51059,4071,3151,-77.2345178,38.7118565,5.4,22.6,12.2,31.4,79.0,7.4,9.2,5.1,80.0,90.8,9.7,70.0,4.0,7.2,76.8,17.0,11.7,22.2,21.9,8.3,5.1,13.1,5.2,39.7,7.0,5.1,4.9,32.6,19.1,83.3,11.5,9.9,22.5,9.9,2.3,4.3,34.1,2.7,4.1,3.4,3.7875,40,-0.18600773070745835,-0.7765680812907174,-0.4812879059990879,0.14425800706041086,0.2701968771215207,587.2743467429326,1099.9714867617106,825,1303,1076,-0.4459794819799139,-0.1153908826691104,1141,"Fairfax County, VA"
51059492201,VA,Virginia,Fairfax,51059,3097,2433,-77.3144427,38.7295885,4.5,25.6,13.3,32.4,80.3,10.0,9.1,5.7,80.9,92.3,8.8,72.5,4.3,6.6,78.6,18.2,10.7,21.5,18.1,5.6,3.4,11.8,5.9,41.9,4.9,4.6,3.6,29.3,16.1,83.6,10.6,9.6,22.5,9.9,2.2,3.1,31.5,2.7,3.3,2.9,3.6825,40,-0.07175213587175143,-1.0308339367739994,-0.5512930363228754,0.12806973304558955,0.21860149355057706,396.63196324219086,677.0088255261371,731,1418,1152,-0.4436528529046418,0.14352823096471579,1139,"Fairfax County, VA"
51061930705,VA,Virginia,Fauquier,51061,3988,2979,-77.7208395,38.5710913,10.8,25.6,16.7,32.7,74.4,6.8,11.0,5.6,76.7,85.3,16.5,66.5,6.6,15.0,69.3,24.1,11.6,32.1,22.9,14.5,11.5,19.6,6.0,36.9,12.3,8.4,8.1,34.8,24.6,78.6,18.4,13.5,35.3,13.9,3.6,7.5,34.3,3.1,11.4,4.8,5.359999999999999,40,0.5820259638159655,0.25613980180253226,0.4190828828092489,0.3524634482438762,0.7684996605566871,1405.6242315965783,3064.776646300068,364,427,342,0.4173208211728251,0.5785018405431179,293,"Fauquier, VA"
51059450601,VA,Virginia,Fairfax,51059,4192,3299,-77.208465,38.857657,6.7,21.9,13.8,29.4,77.5,7.9,8.5,5.0,78.4,90.9,9.4,69.2,3.8,7.2,74.0,17.4,10.4,21.3,20.5,7.1,4.1,12.2,5.4,39.4,6.3,4.6,4.2,31.1,18.3,79.9,11.1,8.9,22.1,9.7,2.0,3.6,33.8,2.4,7.5,3.0,3.7175,40,-0.42985276711844345,-0.4597112483322041,-0.4447820077253238,0.15269978099440035,0.2898845892735913,640.1174819285262,1215.1961982348946,1031,1073,1047,-0.36377540552644794,-0.26783956272069176,1047,"Fairfax County, VA"
51059431601,VA,Virginia,Fairfax,51059,1908,1894,-77.2054172,38.7665692,7.4,51.3,2.3,56.5,92.8,25.6,7.6,16.3,93.5,98.0,8.5,85.0,8.9,2.9,83.7,11.3,17.4,47.0,14.7,3.5,2.2,19.4,20.2,54.7,1.6,9.5,2.5,27.3,29.5,85.1,5.6,26.5,16.1,15.1,4.0,1.0,19.4,7.3,5.6,6.6,7.090000000000001,40,2.8569267683505855,-2.139559582846585,0.35868359275200024,0.3384964682064835,0.7447386286490156,645.8512613379705,1420.961303462322,4,1473,377,0.38013811864798996,2.899835820142565,313,"Fairfax County, VA"
51059461801,VA,Virginia,Fairfax,51059,1385,1068,-77.2915199,38.8740065,5.8,18.0,15.2,24.7,71.9,5.8,9.1,3.4,76.4,89.6,9.8,67.5,3.0,6.9,74.9,19.4,8.5,19.1,20.3,7.5,4.7,11.1,3.8,34.4,7.1,4.5,4.7,32.1,16.4,80.5,12.4,7.2,23.3,8.9,1.9,4.4,35.3,1.9,3.9,2.8,3.6775000000000007,40,-0.8701701058087502,-0.3283675773866331,-0.5992688415976917,0.11697561068229566,0.18805159538357094,162.0112207949795,260.45145960624575,1256,933,1197,-0.5160481220762558,-0.7037286667658786,1236,"Fairfax County, VA"
51059421702,VA,Virginia,Fairfax,51059,4000,3131,-77.1153294,38.7389962,10.9,21.9,14.0,31.5,76.1,6.3,9.6,5.0,77.3,88.9,12.4,68.1,4.3,9.3,70.9,18.0,12.0,25.7,24.3,12.7,8.2,16.4,5.0,37.0,11.6,6.2,6.9,34.6,22.6,82.1,13.4,11.3,28.2,11.5,3.0,6.6,37.5,2.8,6.1,4.3,4.192500000000001,40,-0.030999237421223354,-0.2123089511428125,-0.12165409428201793,0.22742120755933684,0.47657841140529533,909.6848302373473,1906.3136456211814,702,822,772,-0.13926735176080277,-0.06622575237879301,796,"Fairfax County, VA"
51059481105,VA,Virginia,Fairfax,51059,5332,3999,-77.3984538,38.9374167,3.9,19.5,13.4,27.1,76.5,6.9,8.3,3.9,79.1,91.6,7.9,68.8,3.0,5.8,79.3,16.7,9.5,17.2,19.8,5.4,2.9,9.9,4.0,38.9,4.8,3.7,3.5,30.3,15.0,82.5,10.2,7.0,19.9,8.3,1.7,2.9,32.4,1.9,2.5,2.4,3.5025,40,-0.8405083968601981,-0.8095498637430422,-0.8250291303016202,0.06476987378414552,0.032586558044806514,345.3529670170639,173.75152749490834,1252,1328,1426,-0.7220511979408613,-0.6345525321386802,1440,"Fairfax County, VA"
51059480901,VA,Virginia,Fairfax,51059,6969,5120,-77.397781,38.967678,15.7,19.2,14.6,27.8,72.7,5.5,9.0,4.7,74.1,86.5,13.7,62.0,4.4,10.3,71.2,18.0,11.2,26.6,25.7,15.1,9.0,18.3,5.1,36.3,12.6,6.5,7.6,36.0,24.8,79.2,13.6,11.0,26.1,11.9,2.9,6.4,35.3,2.5,11.1,4.7,4.6425,40,-0.34478084584468927,0.4714016767136915,0.06331041543450111,0.27019316087845885,0.5824847250509165,1882.9761381619796,4059.336048879837,953,305,616,0.06672316616794932,-0.33795534437779284,586,"Fairfax County, VA"
51059450800,VA,Virginia,Fairfax,51059,3483,2781,-77.1942345,38.8411784,10.1,23.1,12.1,31.9,78.4,7.3,8.7,5.9,78.2,89.4,11.6,62.3,4.9,9.4,68.3,17.0,12.9,25.9,23.9,11.7,7.1,16.8,6.2,41.1,9.0,6.1,5.9,33.7,23.8,79.5,12.0,12.0,23.1,11.7,2.8,4.9,35.3,3.0,10.3,4.4,4.3825,40,0.019934238573309244,-0.020239006428726773,-0.0001523839277087647,0.2555177623602164,0.5417515274949084,889.9683663006336,1886.920570264766,669,622,676,0.0187225383752512,0.05768408317922917,636,"Fairfax County, VA"
51059432402,VA,Virginia,Fairfax,51059,5100,3739,-77.2675605,38.7630373,4.8,23.1,14.5,29.6,77.4,8.7,9.2,4.8,79.3,91.6,9.1,71.1,3.8,6.9,77.4,18.9,9.6,20.4,18.7,5.9,3.7,11.2,5.1,38.9,5.7,4.5,3.9,30.2,15.9,80.8,11.4,8.5,23.2,9.5,2.0,3.6,33.5,2.4,6.5,2.7,3.645,40,-0.36018628344648,-0.6899664987690378,-0.5250763911077589,0.13413217781968992,0.23896809232858113,684.0741068804186,1218.7372708757637,963,1257,1122,-0.42101378657595184,-0.15206107438286587,1109,"Fairfax County, VA"
51059431001,VA,Virginia,Fairfax,51059,4948,3758,-77.2713144,38.7807414,8.1,21.9,13.3,30.2,76.5,6.9,9.2,5.1,77.9,89.4,11.2,65.8,4.4,8.9,71.5,18.2,11.6,23.8,22.3,10.4,6.7,15.0,5.3,38.8,8.6,5.7,5.7,32.9,21.0,79.7,12.4,10.4,24.4,10.9,2.6,5.1,35.8,2.6,7.3,3.8,4.130000000000001,40,-0.18052799562530775,-0.20368950510910588,-0.19210875036720682,0.21112898336017008,0.4419551934826884,1044.6662096661216,2186.7942973523423,821,814,823,-0.1577081593020001,-0.11172681349489434,811,"Fairfax County, VA"
51061930707,VA,Virginia,Fauquier,51061,3584,2665,-77.8291296,38.5865018,10.5,26.2,16.6,32.8,75.4,7.4,10.6,5.7,77.3,86.6,15.5,67.4,6.2,13.9,66.5,23.0,11.4,31.2,22.7,12.7,9.4,18.6,6.2,37.5,11.4,7.8,7.2,34.1,23.9,77.3,17.5,13.3,34.5,13.6,3.3,6.7,35.4,3.1,9.5,4.5,5.295,40,0.5154191147933269,0.16781145145986526,0.34161528312659606,0.3345495221482749,0.7345553292600135,1199.0254873794172,2632.6463000678887,392,490,392,0.34956587910049564,0.5313203067411261,331,"Fauquier, VA"
51059440504,VA,Virginia,Fairfax,51059,643,610,-77.310936,38.8450359,18.4,11.0,20.7,25.5,52.3,2.1,9.0,3.0,65.0,73.2,20.1,53.2,3.9,17.5,47.4,18.3,7.5,30.5,35.8,23.7,17.1,20.9,3.7,25.8,20.1,8.1,13.0,43.3,25.5,74.7,18.8,7.9,31.5,11.4,3.1,11.8,45.2,1.9,14.7,5.0,5.58,40,-0.9048294778529999,2.4438753515541682,0.7695229368505841,0.4335006464370813,0.8757637474541752,278.74091565904325,563.1160896130347,1269,15,184,0.6885987421252768,-1.0666778673036146,155,"Fairfax County, VA"
51059490101,VA,Virginia,Fairfax,51059,5064,3964,-77.439116,38.8630528,7.3,22.4,13.9,30.3,76.1,6.9,9.7,5.0,77.3,88.7,12.1,68.1,4.9,10.2,71.9,19.9,11.2,24.4,22.5,10.6,7.2,15.3,5.2,38.5,8.5,6.1,5.9,33.5,21.1,79.5,13.5,10.7,24.7,11.3,2.7,5.2,35.2,2.7,6.7,3.8,4.37,40,-0.08566784550948651,-0.22427653138152767,-0.1549721884455071,0.21971659454775436,0.4596062457569586,1112.644834789828,2327.446028513238,746,830,797,-0.11103435626554431,0.00220781885043906,763,"Fairfax County, VA"
51059451200,VA,Virginia,Fairfax,51059,1721,1357,-77.1634913,38.8518281,4.8,27.1,13.6,32.5,80.6,11.3,9.1,5.9,81.2,93.0,8.6,75.8,4.4,6.5,80.9,18.7,10.1,22.0,16.8,4.8,3.0,11.4,6.4,42.1,4.5,4.5,3.3,28.5,15.9,83.3,10.4,9.7,22.7,10.0,2.1,2.8,30.2,2.7,3.6,2.8,3.890000000000001,40,-0.030367037269713876,-1.150031058782853,-0.5901990480262834,0.11907294701911454,0.19280380176510523,204.92454181989612,331.8153428377461,701,1456,1190,-0.4544329834287467,0.24116509192535956,1150,"Fairfax County, VA"
51061930303,VA,Virginia,Fauquier,51061,3797,3024,-77.7846848,38.7600555,7.0,30.6,15.2,36.2,79.9,10.1,10.3,6.8,80.5,89.6,12.8,72.7,6.5,11.3,69.7,22.2,12.1,30.3,18.9,8.8,6.8,16.5,7.3,41.0,7.7,7.1,5.5,30.6,21.4,78.0,15.0,13.9,32.4,13.0,3.1,4.9,32.3,3.5,8.2,4.1,5.1775,40,0.8163931998086069,-0.4313341442398436,0.19252952778438165,0.3000743194306492,0.6578411405295316,1139.3821908781752,2497.8228105906314,261,1051,505,0.23193573254462674,0.8952056093290971,430,"Fauquier, VA"
51059451800,VA,Virginia,Fairfax,51059,3485,2774,-77.1438869,38.8325682,10.1,22.8,13.2,31.4,77.3,7.3,8.9,5.7,77.8,89.2,11.5,66.5,4.7,8.9,69.3,17.8,12.3,25.3,22.3,11.3,7.1,16.2,5.9,39.5,9.4,5.9,6.1,32.8,22.4,79.3,12.3,11.4,25.2,11.4,2.8,5.4,35.4,2.8,7.9,4.3,4.23,40,-0.025574816654012643,-0.11622923561723732,-0.07090202613562498,0.23915732435781553,0.5037338764426341,833.4632753869871,1755.5125594025799,698,721,732,-0.049338695782022005,0.01755184405319331,707,"Fairfax County, VA"
51061930205,VA,Virginia,Fauquier,51061,1847,1487,-77.8890661,38.7167858,6.3,32.0,14.8,38.1,80.8,10.5,10.3,7.3,81.3,90.1,12.5,73.4,7.0,11.6,69.4,22.3,13.0,30.3,18.0,8.8,7.2,16.9,7.6,42.4,7.5,7.1,5.5,29.4,21.2,78.0,14.8,14.3,33.4,13.3,3.4,5.1,32.7,3.6,9.1,4.1,5.2225,40,1.0310403586821268,-0.4976381666889147,0.2667010959966061,0.31722605766433265,0.7019687712152071,585.9165285060224,1296.5363204344874,182,1111,440,0.2993542150605403,1.0963465968099952,383,"Fauquier, VA"
51059430202,VA,Virginia,Fairfax,51059,4949,3850,-77.2865324,38.8167742,6.9,23.1,13.8,30.7,77.1,7.5,9.4,5.5,77.8,88.6,11.6,68.9,4.8,9.2,74.2,19.6,11.4,24.5,21.2,9.6,6.4,14.7,5.8,38.8,7.8,5.9,5.6,32.8,20.6,78.3,13.1,10.6,24.4,11.1,2.6,4.9,33.6,2.7,7.1,3.8,4.159999999999999,40,-0.05300340840204797,-0.2679813302437178,-0.16049236932288288,0.21844008523706498,0.45621181262729127,1081.0599818382345,2257.7922606924644,712,872,802,-0.11133777056364697,0.04530578911642384,764,"Fairfax County, VA"
51059460300,VA,Virginia,Fairfax,51059,2896,2110,-77.2756809,38.9228761,3.4,23.8,14.4,29.4,78.6,10.0,8.9,4.9,80.4,92.8,7.8,72.7,3.4,5.4,81.7,18.4,9.0,19.0,16.5,4.0,2.3,9.6,5.4,40.2,3.9,3.9,2.9,28.2,13.8,82.7,10.1,7.9,21.3,8.8,1.7,2.5,30.1,2.3,3.3,2.3,3.4275000000000007,40,-0.46644972777613175,-1.054965580250272,-0.7607076540132018,0.07964383628344728,0.06381534283774609,230.6485498768633,184.8092328581127,1060,1429,1380,-0.6126828894905936,-0.17040019873091522,1370,"Fairfax County, VA"
51059480205,VA,Virginia,Fairfax,51059,3268,2871,-77.2240394,38.9209595,4.9,11.2,17.9,17.6,59.8,3.5,8.7,2.0,72.1,86.4,9.7,64.5,1.9,5.7,77.6,19.7,5.1,15.9,20.9,6.5,3.8,8.5,2.6,27.2,6.4,3.8,4.5,34.5,13.1,82.5,12.9,4.2,20.4,6.8,1.2,3.9,33.6,1.1,3.0,2.1,3.5,40,-1.6922549802694462,0.044326270040024554,-0.8239643551147108,0.06501609677394853,0.03326544467073999,212.47260425726378,108.71147318397828,1438,572,1425,-0.736843972265955,-1.5180142145719346,1446,"Fairfax County, VA"
51061930306,VA,Virginia,Fauquier,51061,2900,2247,-77.835649,38.7324236,5.9,26.3,16.4,31.3,77.7,9.1,9.9,5.3,79.9,90.0,11.2,71.8,4.7,8.8,76.1,21.5,9.9,25.4,17.9,6.8,4.7,13.2,5.9,38.5,6.5,5.7,4.5,30.2,17.5,82.1,14.1,10.6,29.6,10.9,2.4,4.0,30.2,2.6,6.5,3.1,4.7,40,0.06820452048208568,-0.666811731485066,-0.29930360550149016,0.18634080455289193,0.38085539714867617,540.3883332033865,1104.4806517311608,643,1242,913,-0.21121956691395283,0.24437259765716038,865,"Fauquier, VA"
51059440505,VA,Virginia,Fairfax,51059,1346,1039,-77.2950675,38.8319832,4.3,23.9,13.1,31.1,79.3,8.8,8.9,5.2,80.3,91.9,8.8,69.9,4.0,6.7,76.1,18.0,10.8,20.7,19.0,5.8,3.5,11.5,5.4,40.9,5.1,4.5,3.8,29.9,16.7,81.6,10.8,9.1,22.1,9.6,2.1,3.3,33.9,2.5,3.5,2.8,3.770000000000001,40,-0.2500035201194858,-0.8247091932790572,-0.5373563566992715,0.1312925081130765,0.23150033944331297,176.71971592020097,311.59945689069923,879,1339,1133,-0.4405545405054435,-0.05639988773182985,1133,"Fairfax County, VA"
51059421701,VA,Virginia,Fairfax,51059,4517,3283,-77.1067237,38.7335134,19.5,19.6,13.5,30.8,72.0,4.1,10.4,4.9,74.2,84.4,17.3,62.9,5.1,13.1,63.6,19.0,13.4,31.5,28.6,24.3,17.8,23.9,4.8,34.8,19.8,8.8,11.8,38.7,30.1,78.4,16.1,13.9,32.1,14.0,4.4,11.2,40.7,3.0,16.4,6.8,5.339999999999999,40,0.17777525237611297,0.9479190682025398,0.5628471602893264,0.3857080905526055,0.8207739307535642,1742.2434450261192,3707.4358452138495,580,143,265,0.4691854883102765,-0.009548091581986795,261,"Fairfax County, VA"
51059491802,VA,Virginia,Fairfax,51059,2915,2290,-77.3962895,38.8672075,6.3,19.9,14.8,26.8,73.7,6.7,9.2,4.2,76.7,89.4,10.6,67.1,3.7,8.2,75.4,19.1,9.1,21.2,22.0,8.2,5.1,12.3,4.6,36.1,7.4,5.0,4.9,33.1,17.9,80.2,12.7,8.4,22.8,9.7,2.1,4.4,34.7,2.2,5.7,3.0,3.885,40,-0.599040216436543,-0.2987306614123182,-0.4488854389244306,0.1517508867012983,0.2892057026476578,442.35383473428453,843.0346232179226,1139,906,1048,-0.37381640629318774,-0.4489021511740573,1051,"Fairfax County, VA"
51059440202,VA,Virginia,Fairfax,51059,6032,4697,-77.2361249,38.8567708,8.2,18.8,14.6,27.1,72.7,5.6,9.1,4.3,75.8,87.8,11.5,63.7,3.7,8.5,67.8,19.0,10.1,22.6,22.1,10.7,7.0,14.0,4.6,35.2,9.3,5.5,6.2,33.5,20.1,79.4,13.2,8.9,24.8,10.1,2.4,5.7,37.6,2.2,7.9,3.7,3.98,40,-0.5489973270168452,0.10825255350051216,-0.22037238675816653,0.20459318393467193,0.4243041412084182,1234.106085493941,2559.4025797691784,1110,525,849,-0.18293930347682316,-0.4741311604541585,837,"Fairfax County, VA"
51059482604,VA,Virginia,Fairfax,51059,4210,3111,-77.3928605,38.8890989,4.2,19.6,11.8,28.5,77.6,6.4,8.1,4.3,79.4,91.1,8.2,64.9,3.3,6.4,80.1,15.6,10.9,18.4,21.3,6.8,3.7,11.3,4.3,39.9,5.3,4.1,4.0,31.2,17.4,81.4,10.1,7.9,19.5,8.8,1.9,3.3,32.5,2.2,3.0,2.8,3.6825,40,-0.686256591721095,-0.6843920370585806,-0.6853243143898378,0.09707578951789032,0.11676849966055669,408.6890738703183,491.5953835709437,1177,1252,1302,-0.6195118563464111,-0.5546316756342416,1377,"Fairfax County, VA"
51059461901,VA,Virginia,Fairfax,51059,3756,2863,-77.2862942,38.8692112,9.0,19.3,13.3,28.4,74.0,5.4,9.1,4.7,76.2,87.2,12.2,63.3,4.2,9.5,69.7,18.3,11.3,24.4,24.0,12.7,8.5,15.9,5.0,36.5,10.0,6.1,6.8,34.8,22.7,81.1,13.3,10.2,23.8,10.8,2.7,5.9,36.5,2.5,8.5,4.2,4.325,40,-0.36943822777777663,0.06550423235262565,-0.1519669977125755,0.2204115272023539,0.4623217922606925,827.8656961720412,1736.4806517311608,974,552,793,-0.14065761630924836,-0.34681946497112237,799,"Fairfax County, VA"
51059432800,VA,Virginia,Fairfax,51059,2225,1723,-77.2049112,38.7390623,6.8,20.0,14.2,28.4,75.0,6.2,9.6,4.1,77.9,89.9,10.6,69.2,3.6,7.8,74.1,18.6,10.0,21.5,22.2,9.2,6.0,12.9,4.3,36.0,8.6,5.1,5.4,33.5,18.4,81.7,12.7,8.8,24.8,9.7,2.3,5.2,36.1,2.3,4.8,3.3,3.912500000000001,40,-0.4630791949185108,-0.44857499121752376,-0.4558270930680173,0.15014567007113488,0.2817379497623897,334.07411590827513,626.866938221317,1057,1069,1059,-0.41710132962487423,-0.38562766803222465,1101,"Fairfax County, VA"
51059470600,VA,Virginia,Fairfax,51059,2849,2252,-77.1936696,38.9357929,5.5,28.2,11.4,35.3,82.4,10.9,9.0,7.0,82.0,92.4,9.3,70.8,5.2,7.2,79.3,17.6,12.6,24.9,18.7,6.8,4.3,14.0,7.3,44.2,5.2,5.4,4.0,29.7,19.6,83.3,10.4,12.0,21.8,11.0,2.6,3.3,30.0,3.3,4.1,3.6,4.0200000000000005,40,0.3566882234788599,-1.021469930528892,-0.33239085352501596,0.17868957335135258,0.35709436524100474,509.08659447800346,1017.3618465716226,475,1415,948,-0.2530347701434425,0.5154003902420069,919,"Fairfax County, VA"
51059491101,VA,Virginia,Fairfax,51059,3765,2901,-77.4842191,38.8569742,4.6,22.4,14.8,29.0,77.4,8.0,9.1,4.6,78.8,91.1,9.3,71.4,3.8,7.1,79.3,19.1,9.8,20.0,19.1,5.8,3.5,11.2,4.7,39.3,5.2,4.4,3.8,30.7,15.9,82.7,11.5,8.3,22.4,9.6,2.0,3.2,32.3,2.3,2.8,2.7,3.8675,40,-0.43249703825238983,-0.8305750861832293,-0.6315360622178096,0.10951400598733707,0.16429056347589951,412.32023254232405,618.5539714867617,1032,1344,1232,-0.5238890712607255,-0.21720305633822168,1246,"Fairfax County, VA"
51059490105,VA,Virginia,Fairfax,51059,2761,2163,-77.4514548,38.8803573,6.3,20.8,15.0,27.7,75.0,7.0,9.2,4.3,77.3,89.8,10.2,68.7,3.8,7.9,72.9,19.2,9.6,20.9,20.6,7.6,4.6,12.1,4.6,37.2,7.0,4.8,4.6,32.0,17.6,81.1,12.4,8.4,23.7,9.8,2.1,4.2,35.1,2.2,5.3,3.0,3.885,40,-0.5104545876238754,-0.4031548278150206,-0.45680470771944803,0.14991960244173302,0.2803801765105227,413.92802234162485,774.1296673455532,1087,1015,1061,-0.3760716788586002,-0.3489885299021798,1054,"Fairfax County, VA"
51059481102,VA,Virginia,Fairfax,51059,3656,2626,-77.398648,38.9482799,6.1,12.3,14.0,21.0,64.2,3.3,8.0,2.5,73.6,86.6,9.8,58.7,2.3,7.4,69.7,17.1,7.2,17.4,23.8,9.8,6.0,11.0,3.0,30.6,8.1,4.3,5.5,34.5,17.5,81.7,12.3,5.5,20.5,7.7,1.6,4.9,37.7,1.4,5.3,2.7,4.029999999999999,40,-1.474445394291346,0.25346746231448214,-0.6104889659884319,0.11438102301025521,0.1758316361167685,418.1770201254931,642.8404616429057,1404,430,1215,-0.5627771223025346,-1.3790217069195514,1299,"Fairfax County, VA"
51059482503,VA,Virginia,Fairfax,51059,4832,3603,-77.4081196,38.9208387,4.0,19.6,13.9,26.9,75.8,6.8,8.5,3.9,78.6,91.4,8.3,67.2,3.1,6.3,78.8,17.3,9.4,17.7,19.9,5.6,3.1,10.2,4.1,38.5,5.0,3.9,3.6,30.5,15.4,81.9,10.7,7.2,20.6,8.6,1.7,3.1,33.2,2.0,3.0,2.4,3.5375,40,-0.7943518427493954,-0.7003384748925326,-0.7473451588209641,0.08273383458347436,0.07603530210454854,399.7698887073481,367.40257976917854,1229,1264,1362,-0.6474460561923536,-0.5945536374921745,1401,"Fairfax County, VA"
51059480301,VA,Virginia,Fairfax,51059,3145,2412,-77.2733799,38.9747821,3.5,23.7,12.9,30.4,80.1,9.6,8.6,5.2,81.2,92.8,7.6,71.4,3.4,5.1,82.4,17.3,10.0,19.2,17.4,4.3,2.4,10.0,5.5,41.5,3.9,3.9,3.0,28.8,14.6,81.3,9.7,8.2,20.0,8.7,1.8,2.5,29.8,2.4,3.6,2.5,3.3725,40,-0.4220360071486301,-1.031103942600453,-0.7265699748745416,0.08753797349268692,0.09164969450101833,275.30692663450037,288.23828920570264,1022,1419,1339,-0.5959596373353012,-0.16081533207014956,1345,"Fairfax County, VA"
51059432100,VA,Virginia,Fairfax,51059,3573,2762,-77.3069348,38.7883684,6.2,23.6,14.4,29.9,77.1,8.4,9.6,5.0,78.7,90.7,10.3,71.2,4.3,7.9,75.7,19.8,10.2,22.3,19.4,7.5,4.9,12.9,5.3,38.8,6.8,5.2,4.6,31.1,17.8,80.6,12.2,9.6,24.3,10.4,2.3,4.2,32.9,2.5,6.4,3.2,4.135,40,-0.19308437456526079,-0.5637299072777101,-0.3784071409214854,0.168048577954681,0.32858112695179903,600.4375690320752,1174.0203665987779,837,1176,990,-0.2902906347383053,-0.01685136219890052,967,"Fairfax County, VA"
51059480505,VA,Virginia,Fairfax,51059,3263,2752,-77.3558162,38.9710405,4.7,16.3,18.5,21.5,68.0,5.9,9.4,3.0,74.3,88.5,9.7,71.0,2.6,6.0,77.4,21.5,6.2,17.4,18.1,5.4,3.3,9.0,3.5,31.2,5.6,4.0,4.0,32.0,12.8,82.4,12.8,5.6,22.5,7.8,1.5,3.6,33.5,1.5,2.8,2.1,3.6475,40,-1.1614084641888618,-0.3876197108964211,-0.7745140875426415,0.07645117985800755,0.05702647657841141,249.46019987667862,186.07739307535644,1347,996,1390,-0.6492767661210888,-0.9109338213457563,1402,"Fairfax County, VA"
51059450602,VA,Virginia,Fairfax,51059,4814,3674,-77.1976333,38.8632892,15.1,18.3,14.5,27.1,70.9,4.8,9.1,4.5,73.6,84.8,14.6,58.5,4.4,11.0,66.1,19.4,11.3,27.2,24.5,17.4,11.8,19.0,5.0,34.9,13.8,7.1,8.7,35.7,26.0,78.9,14.6,11.0,27.2,12.1,3.1,7.7,36.4,2.5,12.5,5.2,4.7975,40,-0.36481532908016634,0.7616136998076514,0.19839918536374251,0.30143164317004345,0.6619144602851323,1451.0919302205891,3186.4562118126273,971,201,499,0.19878790083481143,-0.3640378981380285,465,"Fairfax County, VA"
51059491202,VA,Virginia,Fairfax,51059,2102,1768,-77.4384615,38.8406498,10.6,13.6,17.2,21.5,63.0,3.4,9.6,3.0,71.3,82.6,14.5,61.7,3.2,9.5,68.1,21.1,7.7,23.6,24.4,13.8,9.2,14.7,3.6,29.2,11.7,6.3,8.0,37.6,20.1,79.1,15.8,7.4,24.8,9.8,2.3,6.8,37.6,1.7,7.8,3.8,4.55,40,-1.036768817450544,0.7368576301954853,-0.14995559362752936,0.22087665254863434,0.4636795655125594,464.2827236572294,974.6544467073999,1313,210,791,-0.113880353168264,-0.9646183365320133,766,"Fairfax County, VA"
51059482506,VA,Virginia,Fairfax,51059,5298,4280,-77.4141302,38.9545964,7.4,13.0,16.1,22.2,62.3,3.1,9.5,2.5,73.1,85.2,12.2,58.0,2.7,8.8,66.6,19.5,7.1,20.2,24.5,12.3,8.8,12.5,2.9,28.1,11.2,5.4,7.2,36.4,18.3,79.5,14.7,6.3,25.6,8.6,2.0,7.2,39.9,1.5,8.7,3.2,4.17,40,-1.1663585994215344,0.6145653268925634,-0.2758966362644855,0.19175352830774464,0.3985064494229464,1015.9101929744311,2111.28716904277,1349,239,887,-0.2622799392681578,-1.139125205428879,932,"Fairfax County, VA"
51059440100,VA,Virginia,Fairfax,51059,7503,5596,-77.2575052,38.8517375,5.5,24.2,13.2,31.0,78.8,9.1,9.1,5.6,79.6,91.0,9.7,70.2,4.3,7.2,77.0,18.4,10.5,22.8,19.1,6.9,4.3,12.7,6.1,39.9,5.8,5.2,4.3,30.6,18.0,83.3,11.3,10.0,22.3,10.2,2.3,3.7,32.3,2.7,4.2,3.2,3.935,40,-0.15057913238187712,-0.7848530374392397,-0.46771608491055844,0.1473964107408993,0.2756279701289885,1105.9152697889674,2068.0366598778005,795,1307,1068,-0.3825378474223179,0.019777342594603967,1064,"Fairfax County, VA"
51059470900,VA,Virginia,Fairfax,51059,7993,5716,-77.1658514,38.9072006,4.4,25.6,13.0,31.7,79.9,10.5,8.9,5.8,80.9,92.4,8.7,68.1,4.2,6.4,80.2,18.2,10.1,22.3,17.5,5.4,3.4,11.7,6.5,41.0,4.7,4.8,3.5,29.1,16.7,82.4,10.4,9.9,21.5,9.8,2.1,3.0,30.1,2.7,4.5,3.0,3.67,40,-0.14357469772088086,-0.8959291122500718,-0.5197519049854763,0.13536343387102442,0.241683638832315,1081.9599269310982,1931.7773251866938,790,1374,1118,-0.4016369787094665,0.09265515483113873,1083,"Fairfax County, VA"
51059460701,VA,Virginia,Fairfax,51059,3501,2537,-77.2537963,38.8827853,9.3,20.7,15.0,27.8,74.0,6.9,9.1,4.8,75.9,88.6,11.7,65.8,4.3,9.2,74.7,19.1,10.0,23.7,21.9,10.0,6.2,14.7,5.3,37.1,8.6,5.7,5.6,33.0,20.2,80.2,12.8,9.8,24.1,10.8,2.5,4.8,34.2,2.4,4.5,3.7,4.3625,40,-0.3912342394499544,-0.15602478944338985,-0.2736295144466721,0.1922777868733954,0.40054310930074677,673.1645318437572,1402.3014256619144,999,754,884,-0.21348726098415138,-0.2709497325249129,867,"Fairfax County, VA"
51059471100,VA,Virginia,Fairfax,51059,7030,5276,-77.1975824,38.910538,6.1,19.1,15.1,26.1,74.1,6.8,8.6,4.0,77.0,90.2,9.3,66.8,3.2,6.8,74.4,18.0,8.8,19.4,20.1,6.7,3.8,11.1,4.5,36.3,6.2,4.3,4.1,31.3,16.5,79.9,11.4,7.6,22.1,8.9,1.8,3.6,34.7,2.0,6.1,2.7,3.735,40,-0.7949441033168209,-0.3308109971957822,-0.5628775502563015,0.1253908824382778,0.21045485403937542,881.497903541093,1479.4976238968093,1230,935,1164,-0.47370367765226773,-0.6165963581087532,1177,"Fairfax County, VA"
51059491501,VA,Virginia,Fairfax,51059,7696,5802,-77.4170951,38.8448545,5.6,15.9,12.0,25.5,73.5,4.3,7.9,3.4,76.9,89.0,9.2,59.1,2.8,7.5,71.5,15.3,10.4,18.5,24.9,9.2,5.0,11.9,3.7,36.8,7.1,4.3,4.9,34.1,19.6,81.6,11.2,7.3,19.0,8.6,1.8,4.1,37.4,1.9,6.2,3.0,3.915,40,-1.0315327033465607,-0.12850892013967322,-0.5800208117431169,0.1214266042036296,0.19959266802443992,934.4991459511334,1536.0651731160897,1308,730,1180,-0.5409249446052076,-0.9533409690707418,1267,"Fairfax County, VA"
51059491000,VA,Virginia,Fairfax,51059,2206,1702,-77.5079088,38.8524412,4.5,23.4,13.9,30.3,78.5,8.4,9.2,5.0,79.5,91.2,9.3,70.8,4.1,7.1,79.4,18.8,10.4,20.8,19.1,6.2,3.8,11.7,5.1,40.2,5.4,4.7,4.0,30.5,16.6,80.3,11.4,9.0,22.6,9.8,2.1,3.4,32.0,2.4,3.1,2.9,3.9275,40,-0.277311980245132,-0.775042335630742,-0.526177157937937,0.1338776319743936,0.23761031907671418,295.33405613551224,524.1683638832315,898,1301,1124,-0.42797457301317504,-0.08090681039560811,1118,"Fairfax County, VA"
51059452400,VA,Virginia,Fairfax,51059,7283,5588,-77.1981593,38.8054579,11.4,20.4,13.5,28.9,74.9,6.1,9.0,4.9,76.0,87.7,12.5,66.3,4.5,9.8,67.7,17.9,11.5,25.2,24.8,12.9,7.8,16.5,5.2,37.9,10.5,6.1,6.7,35.0,23.4,80.0,13.1,10.7,24.3,11.4,2.7,5.6,36.8,2.6,7.8,4.2,4.2075000000000005,40,-0.2748950205408452,0.07509534852055107,-0.09989983601014707,0.23245175163896944,0.4860828241683639,1692.9461071866144,3540.1412084181943,897,547,758,-0.0808026847807515,-0.2367007180820541,742,"Fairfax County, VA"
51059482303,VA,Virginia,Fairfax,51059,3617,3026,-77.3361848,38.9337358,4.4,23.7,15.6,29.0,77.1,9.4,9.5,4.8,78.9,91.7,8.9,72.1,3.8,6.4,78.1,20.2,8.9,20.2,16.9,5.0,3.2,10.5,5.1,38.4,5.1,4.4,3.6,29.2,14.4,81.4,11.4,8.3,23.6,9.3,1.9,3.3,32.1,2.3,4.8,2.5,3.7275,40,-0.3619541237690713,-0.7744261470985024,-0.5681901354337868,0.1241623784103239,0.20773930753564154,449.09532271014155,751.3930753564155,968,1298,1168,-0.4361903045732556,-0.09795446204800871,1129,"Fairfax County, VA"
51059460400,VA,Virginia,Fairfax,51059,5134,3944,-77.2523996,38.9232301,4.5,22.4,13.5,29.4,78.2,8.3,8.6,4.9,79.5,91.4,8.6,68.8,3.6,6.2,78.8,17.7,10.0,20.4,18.8,5.8,3.4,11.1,5.3,39.3,5.0,4.4,3.7,30.1,16.5,83.0,10.6,8.6,21.0,9.1,1.9,3.2,31.5,2.4,4.5,2.8,3.5575,40,-0.4656761812591371,-0.7985054623732434,-0.6320908218161903,0.10938572109808108,0.16157501697216564,561.5862921175483,829.5261371350985,1058,1317,1236,-0.5351879719301129,-0.27187048148698256,1258,"Fairfax County, VA"
51059432401,VA,Virginia,Fairfax,51059,3615,2705,-77.2786229,38.7671156,4.7,24.0,14.1,30.6,78.4,9.1,9.2,5.1,79.8,91.9,8.9,70.4,4.1,6.9,79.4,18.8,10.2,20.5,18.1,5.8,3.7,11.5,5.3,40.6,5.1,4.5,3.7,29.4,15.9,83.0,10.9,8.9,22.7,9.7,2.1,3.3,31.5,2.4,2.6,2.8,3.9675,40,-0.2553913371626864,-0.9014848282632685,-0.5784380827129775,0.12179260096861819,0.20095044127630685,440.28025250155474,726.4358452138492,884,1375,1178,-0.4662354101726917,-0.030985992082114968,1170,"Fairfax County, VA"
51059452000,VA,Virginia,Fairfax,51059,3061,2452,-77.1741137,38.8340559,9.8,27.8,10.5,38.2,82.0,8.2,9.1,7.8,80.7,89.9,12.3,69.2,6.4,10.4,73.3,17.1,16.2,30.8,23.5,13.5,9.7,20.0,8.0,43.8,9.6,7.6,6.8,33.4,28.0,80.8,12.2,16.0,24.7,13.3,3.8,6.0,33.6,4.1,6.3,5.7,4.565,40,0.8652643407478599,-0.4896516075245704,0.18780636661164474,0.2989821162317295,0.6530889341479973,915.184257785324,1999.1052274270196,243,1102,512,0.13585954423408586,0.7613706959927421,517,"Fairfax County, VA"
51059432702,VA,Virginia,Fairfax,51059,4502,3418,-77.2129918,38.7280475,8.3,20.2,14.1,29.1,74.6,5.8,9.6,4.5,77.1,88.8,11.7,67.6,3.9,8.8,70.8,18.9,11.0,23.4,22.7,11.3,7.7,14.7,4.6,36.2,10.1,5.7,6.4,33.7,20.6,81.6,13.3,9.8,26.2,10.6,2.6,6.1,37.2,2.5,7.5,3.9,4.117500000000001,40,-0.2998998147151782,-0.1906571671281981,-0.24527849092168813,0.19883379405887355,0.41140529531568226,895.1497408530487,1852.1466395112016,919,800,868,-0.22989525222660273,-0.2691333373250074,890,"Fairfax County, VA"
51059440503,VA,Virginia,Fairfax,51059,6817,4791,-77.307044,38.830907,9.4,6.9,19.7,13.8,37.9,1.5,11.2,1.3,68.6,77.7,18.0,59.2,1.9,7.5,63.5,24.9,3.1,23.9,28.0,14.6,8.7,11.6,2.2,18.4,13.8,6.9,10.2,45.7,16.7,76.5,21.0,3.7,23.9,7.9,1.4,7.6,41.5,0.8,9.1,3.1,4.0875,40,-1.7400370293018268,1.6675564288077827,-0.03624030024702207,0.24717264429102717,0.5254582484725051,1684.9759161319323,3582.0488798370675,1447,46,700,0.0124891382379273,-1.642578152331928,642,"Fairfax County, VA"
51059422302,VA,Virginia,Fairfax,51059,5788,4721,-77.1437691,38.7719875,6.3,21.7,14.3,29.9,75.3,6.7,9.9,4.5,78.1,90.0,10.9,68.0,4.1,8.7,72.7,19.6,10.5,22.4,21.2,9.5,6.8,13.6,4.6,36.8,8.8,5.5,5.6,32.4,19.0,80.5,13.0,9.6,26.4,10.4,2.5,5.7,36.3,2.5,7.2,3.5,3.845000000000001,40,-0.22126541234091093,-0.3394553423466516,-0.2803603773437813,0.19072131447729196,0.3937542430414121,1103.8949681945658,2279.0495587236933,864,940,894,-0.24258182754180108,-0.14570831273695056,903,"Fairfax County, VA"
51059452700,VA,Virginia,Fairfax,51059,5398,4042,-77.1356196,38.8455017,13.3,21.5,13.2,32.1,74.3,5.3,10.2,5.2,76.3,86.7,14.7,60.2,5.2,12.0,61.6,19.2,13.1,28.7,25.4,18.7,14.3,20.4,5.2,36.3,15.3,7.8,9.5,35.7,26.7,79.1,14.8,13.1,30.3,12.9,3.8,9.5,40.2,3.1,9.8,5.7,4.674999999999999,40,0.2327303244785742,0.49438508756796534,0.36355770602326976,0.3396235781889897,0.7488119484046164,1833.2880750641664,4042.086897488119,546,296,371,0.30237771733520025,0.11037034710243519,378,"Fairfax County, VA"
51059481106,VA,Virginia,Fairfax,51059,5362,4044,-77.3832159,38.9242274,4.3,22.5,14.4,28.8,77.4,8.4,9.0,4.6,79.2,91.6,8.7,72.0,3.6,6.5,80.9,18.6,9.5,19.3,18.6,5.4,3.2,10.7,4.8,39.5,4.9,4.2,3.6,29.9,15.2,81.4,11.0,8.0,21.9,9.2,1.9,3.1,31.2,2.2,4.3,2.5,3.825,40,-0.49200695161621755,-0.830142950212853,-0.6610749509145353,0.10268331197813788,0.13713509843856075,550.5879188267753,735.3183978275628,1077,1343,1272,-0.5433428376356008,-0.2565427250583486,1270,"Fairfax County, VA"
51059430901,VA,Virginia,Fairfax,51059,4326,3237,-77.2446555,38.7836547,8.2,20.5,13.7,29.1,75.0,6.0,9.4,4.5,77.1,88.9,11.7,65.8,4.1,9.3,74.0,18.4,11.1,23.4,24.0,11.1,7.0,14.9,4.7,37.4,9.5,5.7,6.1,34.3,21.0,80.2,13.1,10.0,24.6,10.8,2.6,5.5,36.1,2.5,8.3,3.8,4.2275,40,-0.31857298886949986,-0.14940413204497635,-0.2339885604572381,0.20144452397425938,0.418194161575017,871.4490107126461,1809.1079429735234,938,748,858,-0.20817851483853406,-0.2669528976320918,860,"Fairfax County, VA"
51059422102,VA,Virginia,Fairfax,51059,6677,4791,-77.218254,38.6906011,8.8,18.4,13.7,29.1,73.2,4.5,10.2,3.8,77.2,88.3,12.4,62.0,3.6,9.5,68.4,18.0,10.8,23.2,25.9,13.7,9.5,15.4,3.6,33.9,12.5,6.1,7.5,36.3,21.4,81.2,14.0,9.6,27.8,10.4,2.8,7.5,40.0,2.4,7.4,4.0,4.3875,40,-0.36172679285558773,0.04330072643754748,-0.15921303320902014,0.21873592417733234,0.45689069925322473,1460.499765732048,3050.6591989137814,967,573,801,-0.1954245195963359,-0.4341497656302193,848,"Fairfax County, VA"
51059461606,VA,Virginia,Fairfax,51059,3069,2441,-77.2240807,38.8803925,8.3,13.1,15.3,21.0,65.1,3.7,8.3,2.8,72.7,85.7,11.0,62.8,2.7,7.6,75.6,18.0,7.5,19.2,23.5,10.6,6.4,12.2,3.3,31.2,8.6,4.7,5.9,35.1,18.0,78.0,12.7,6.3,21.0,8.4,1.8,4.8,34.2,1.5,4.2,3.1,4.2925,40,-1.3364080339518472,0.30133783036946027,-0.5175351017911934,0.13587605655139087,0.24304141208418195,417.0036175562186,745.8940936863544,1382,398,1116,-0.4619186331524997,-1.2251750966744597,1160,"Fairfax County, VA"
51061930101,VA,Virginia,Fauquier,51061,3182,2486,-77.8843126,38.9414757,11.7,29.6,14.9,36.5,77.8,8.4,10.9,7.2,78.6,86.4,16.4,68.7,8.0,14.8,64.9,23.8,13.8,34.7,20.8,15.5,13.1,21.8,7.5,40.0,12.3,9.3,8.6,32.8,26.4,77.4,17.4,16.3,36.3,15.2,4.3,7.9,33.9,3.8,13.6,5.8,5.5225,40,1.1765434787606668,0.2236973541488266,0.7001204164547467,0.4174517224183615,0.8655804480651731,1328.3313807352263,2754.276985743381,137,457,199,0.6727579867521766,1.1218186193555266,166,"Fauquier, VA"
51059492000,VA,Virginia,Fairfax,51059,6550,5116,-77.3516158,38.803927,3.8,25.1,14.1,31.1,79.9,10.4,9.0,5.4,80.9,92.7,8.2,74.9,3.8,5.6,81.8,18.5,9.7,20.1,16.8,4.3,2.5,10.3,5.7,41.2,4.1,4.1,3.1,28.6,14.3,82.4,10.3,8.6,21.8,9.3,1.9,2.7,29.8,2.5,4.5,2.5,3.3725,40,-0.2588126573560032,-1.0897864019523538,-0.6742995296541785,0.09962520604536199,0.12627291242362526,652.545099597121,827.0875763747455,888,1442,1288,-0.5359360757489213,0.01791425045451103,1260,"Fairfax County, VA"
51059451501,VA,Virginia,Fairfax,51059,5868,4497,-77.1443728,38.8642756,16.4,21.2,13.3,31.3,73.5,5.3,9.7,5.8,74.6,84.9,16.1,57.5,5.7,13.2,58.0,19.5,13.7,31.0,26.4,20.8,15.1,22.6,6.0,37.4,16.1,8.4,10.2,36.5,29.5,75.8,15.4,13.9,29.3,14.0,4.1,9.4,40.0,3.2,13.5,6.4,4.8875,40,0.27239716746825865,0.9915170491405578,0.6319571083044082,0.4016893589317038,0.8391038696537678,2357.113158211238,4923.861507128309,526,138,238,0.5804716108988851,0.16942617265721235,207,"Fairfax County, VA"
51059490104,VA,Virginia,Fairfax,51059,3504,2525,-77.463638,38.9019912,13.2,19.8,15.7,27.6,71.8,5.7,9.3,4.5,74.3,86.7,13.7,62.7,4.4,10.6,71.5,19.7,10.7,25.8,23.3,13.7,8.8,17.2,4.9,35.8,12.0,6.4,7.3,34.3,23.1,80.4,14.2,10.4,27.8,11.9,2.9,6.7,36.4,2.4,5.2,4.4,4.6175,40,-0.32760354569054206,0.2362946500729707,-0.04565444780878568,0.2449956781223918,0.5186693822131704,858.4648561408609,1817.417515274949,943,446,710,-0.02029337876677588,-0.27688140760652247,676,"Fairfax County, VA"
51061930706,VA,Virginia,Fauquier,51061,6071,4294,-77.7710901,38.5410081,14.6,25.0,16.4,32.7,72.3,6.0,11.2,5.7,75.4,83.1,18.8,63.2,7.3,17.4,61.7,24.8,12.4,35.0,23.7,19.9,16.9,23.2,6.1,36.1,16.1,9.9,10.6,35.5,28.3,75.4,19.8,14.9,38.2,15.4,4.3,10.1,36.7,3.2,13.0,6.1,5.665,40,0.7413016407347125,0.8548373007868928,0.7980694707608027,0.44010186424747055,0.8791581805838425,2671.858417846394,5337.369314324508,293,167,179,0.762306379757133,0.6697754587273732,131,"Fauquier, VA"
51059491402,VA,Virginia,Fairfax,51059,4323,3222,-77.4317689,38.8238977,7.2,17.4,13.9,26.1,72.2,4.7,8.9,3.7,76.1,88.2,11.1,61.4,3.4,8.6,70.7,18.3,10.3,21.1,23.6,10.6,6.5,13.5,4.0,35.6,8.9,5.2,5.9,34.2,20.1,79.7,13.0,8.3,23.2,9.8,2.2,5.3,37.1,2.0,4.8,3.4,4.04,40,-0.7382541551095128,0.005725740965745667,-0.36626420707188356,0.1708565598781774,0.3367277664630007,738.6129083533609,1455.6741344195518,1206,597,978,-0.32648119347866905,-0.6586881279230837,1008,"Fairfax County, VA"
51061930207,VA,Virginia,Fauquier,51061,1734,1344,-77.7708466,38.6429971,7.3,28.7,16.2,34.7,77.3,8.7,10.7,6.2,79.2,88.8,13.9,66.4,6.5,13.0,70.7,23.6,11.9,29.8,19.9,10.1,7.9,17.1,6.6,39.5,9.1,7.3,6.2,31.4,21.4,78.3,16.5,13.2,34.4,13.4,3.3,5.9,33.8,3.2,11.2,4.1,5.205,40,0.7169947978040342,-0.12429288549488667,0.29635095615457374,0.32408241317025505,0.7169042769857433,561.9589044372223,1243.1120162932789,304,726,418,0.3294643215495179,0.7832215285939225,348,"Fauquier, VA"
51059440701,VA,Virginia,Fairfax,51059,2895,2184,-77.2532501,38.8144058,4.7,24.7,13.5,31.0,79.2,9.7,9.0,5.5,80.1,91.8,9.1,72.2,4.2,6.8,78.4,18.4,10.2,21.6,18.6,5.7,3.5,11.7,5.9,40.9,5.0,4.7,3.7,29.9,16.5,82.3,10.9,9.4,21.7,9.8,2.1,3.1,32.1,2.6,3.2,2.8,3.975,40,-0.19935602874350639,-0.9120619783234586,-0.5557090035334825,0.12704856664085418,0.2152070604209097,367.8056004252728,623.0244399185336,846,1381,1157,-0.4429689029219136,0.026124172479631426,1138,"Fairfax County, VA"
51059450702,VA,Virginia,Fairfax,51059,4568,3331,-77.2033775,38.837048,22.1,18.5,14.1,28.7,70.4,4.3,9.6,4.9,72.1,82.7,17.6,57.8,5.1,13.4,59.8,18.9,12.6,31.8,29.4,23.6,15.8,23.8,5.3,35.4,18.6,8.5,11.2,39.3,31.2,77.3,15.9,13.2,29.1,13.9,3.9,9.8,39.7,2.8,12.2,6.5,5.2975,40,-0.07173361693326097,1.2448544674088748,0.5865604252378069,0.39119164338647006,0.8282416836388323,1786.9634269893952,3783.408010862186,730,91,254,0.5349765419093202,-0.17490138359023455,222,"Fairfax County, VA"
51059431300,VA,Virginia,Fairfax,51059,4419,3131,-77.2436285,38.7674808,6.1,23.5,14.2,30.5,76.8,8.2,9.6,5.2,78.6,90.5,10.6,67.9,4.6,8.7,74.1,19.7,10.5,23.0,19.8,8.1,5.6,13.6,5.5,38.9,7.1,5.5,4.9,31.1,18.6,80.2,12.4,10.1,24.5,10.7,2.5,4.5,34.8,2.6,7.9,3.4,4.35,40,-0.11592032896910177,-0.41202188856501326,-0.26397110876705754,0.1945112362929557,0.4046164290563476,859.5451531785712,1788.0,767,1031,878,-0.19065337175721803,0.030715145050577212,846,"Fairfax County, VA"
51059482505,VA,Virginia,Fairfax,51059,3528,2611,-77.4263608,38.9218618,4.5,17.7,12.4,25.8,74.6,6.3,7.9,3.9,77.6,90.3,8.2,66.6,2.8,6.0,74.5,15.6,8.7,18.3,22.1,6.7,3.7,10.1,4.4,35.7,5.7,4.0,4.0,32.3,16.7,82.3,10.5,7.1,18.8,7.9,1.6,3.4,35.3,2.0,4.1,2.5,3.5175,40,-0.9988190551382012,-0.517184150307161,-0.7580016027226811,0.08026959470410155,0.06517311608961303,283.19113011607027,229.93075356415477,1299,1131,1378,-0.6920155415149782,-0.8668469327227956,1424,"Fairfax County, VA"
51059430400,VA,Virginia,Fairfax,51059,7217,5427,-77.2331389,38.8028289,6.8,21.8,14.1,28.9,76.6,7.8,8.8,4.9,78.0,90.5,10.0,67.9,3.9,7.7,72.4,18.1,10.1,21.9,21.1,7.5,4.4,12.6,5.3,38.6,6.8,4.9,4.5,31.9,18.5,80.7,11.7,9.2,22.7,10.0,2.1,3.9,35.1,2.4,8.3,3.1,3.7775000000000007,40,-0.41511932816709063,-0.3726373994060393,-0.39387836378656493,0.16447094880199056,0.31907671418873046,1186.986837503966,2302.7766463000676,1016,982,1004,-0.3140373656336629,-0.25543733186128653,995,"Fairfax County, VA"
51061930304,VA,Virginia,Fauquier,51061,2564,2086,-77.7224372,38.806579,4.7,31.1,14.6,35.6,81.6,12.1,9.6,6.7,82.6,92.1,9.9,77.3,5.3,7.9,79.2,20.6,10.9,26.5,15.8,5.3,3.7,12.9,7.4,42.6,4.9,5.5,3.7,27.8,17.0,80.7,12.5,11.7,28.7,11.2,2.4,3.2,27.9,3.1,5.0,3.1,4.5175,40,0.4882077271557069,-1.0725146134655814,-0.29215344315493724,0.18799423747675184,0.38764426340801084,482.01722489039173,993.9198913781398,402,1434,903,-0.1789161705535835,0.7146822723584144,833,"Fauquier, VA"
51059480802,VA,Virginia,Fairfax,51059,3910,3012,-77.3721513,38.9698035,6.1,18.9,14.5,26.6,73.5,6.3,8.7,4.0,76.8,89.3,9.6,68.6,3.3,6.8,74.0,18.1,9.2,19.7,20.0,7.8,4.9,11.8,4.3,35.7,7.0,4.5,4.8,31.4,16.8,81.6,11.6,7.7,23.3,9.0,2.0,4.4,35.2,2.0,4.4,3.0,3.7625,40,-0.737687337100649,-0.38950445372747594,-0.5635958954140625,0.12522476935203297,0.2090970807875085,489.6288481664489,817.5695858791582,1205,998,1166,-0.4959086670744889,-0.6023128804215018,1213,"Fairfax County, VA"
51059450900,VA,Virginia,Fairfax,51059,1704,1346,-77.1846865,38.8518932,6.3,23.1,14.3,29.9,77.8,8.6,8.9,5.2,78.7,91.1,9.6,71.5,4.0,7.3,77.8,18.5,10.3,21.8,19.4,6.6,4.0,12.2,5.6,39.6,6.0,4.7,4.1,30.7,17.4,82.7,11.4,9.2,22.9,9.9,2.1,3.6,32.2,2.5,3.8,3.0,3.86,40,-0.29844966219020436,-0.7532772583268001,-0.5258634602585023,0.13395017271489382,0.23828920570264767,228.25109430617906,406.0448065173116,918,1290,1123,-0.4313018534760495,-0.10932644862529886,1122,"Fairfax County, VA"
51059460702,VA,Virginia,Fairfax,51059,4649,3346,-77.2632296,38.8926878,4.8,23.4,14.4,30.0,77.2,8.5,9.2,5.0,79.1,91.4,9.4,68.4,4.0,7.4,80.0,19.2,10.0,21.1,18.3,6.2,4.0,11.8,5.3,39.2,5.7,4.8,4.1,29.7,16.7,82.1,11.5,9.1,23.6,9.9,2.2,3.7,32.1,2.4,4.9,2.9,3.925,40,-0.29070007079364735,-0.7185993851680996,-0.5046497279808735,0.13885572334238294,0.25186693822131706,645.5402578187383,1170.929395790903,912,1272,1103,-0.40643723632223794,-0.09427508747637621,1089,"Fairfax County, VA"
51059491301,VA,Virginia,Fairfax,51059,6797,5073,-77.4688671,38.8153258,7.5,18.4,14.1,26.6,73.4,5.3,9.2,3.9,76.4,88.5,11.2,63.1,3.6,8.5,70.3,18.3,10.1,21.5,23.6,10.2,6.2,13.6,4.1,36.1,8.7,5.3,5.7,34.5,19.6,78.8,12.9,8.6,23.2,10.0,2.3,5.0,37.1,2.1,6.6,3.4,4.03,40,-0.638186468519978,0.0019861077146533144,-0.3181001804026623,0.18199420733018962,0.36795655125594023,1237.014627223299,2501.000678886626,1159,600,932,-0.2758824748625884,-0.5537510574398301,946,"Fairfax County, VA"
51059452102,VA,Virginia,Fairfax,51059,3354,2738,-77.1961058,38.8184488,11.0,24.5,12.0,33.8,78.9,7.7,9.1,6.7,78.1,88.3,12.8,65.6,5.7,10.1,67.8,17.6,13.8,28.9,24.1,13.5,8.9,18.7,7.1,40.8,10.2,7.1,7.0,34.4,25.8,78.6,12.8,13.7,24.7,12.6,3.4,5.9,35.2,3.4,8.0,5.1,4.495000000000001,40,0.3711873373913124,-0.01901873334967389,0.17608430202081923,0.2962714578451507,0.6476578411405295,993.6944696126354,2172.244399185336,465,620,520,0.16061744264889136,0.3402536186474566,499,"Fairfax County, VA"
51059452501,VA,Virginia,Fairfax,51059,3912,3177,-77.170137,38.8091897,10.0,22.9,13.0,31.7,77.0,7.1,9.2,5.8,77.3,88.5,12.4,65.5,5.1,10.2,68.0,18.1,12.5,26.6,24.2,12.4,8.0,17.2,6.1,39.5,9.9,6.5,6.5,34.3,23.8,79.0,13.0,12.1,24.7,12.0,3.0,5.6,36.5,3.0,7.8,4.5,4.205,40,0.07729914734164117,-0.019001580644817297,0.029148783348411936,0.26229348469122354,0.5594025797691785,1026.0921121120666,2188.3828920570263,636,619,650,0.03741101609039978,0.09382361282561687,618,"Fairfax County, VA"
51059422000,VA,Virginia,Fairfax,51059,3979,3192,-77.1937315,38.7241216,8.9,29.1,10.8,38.1,82.0,10.7,9.6,8.0,81.5,91.0,11.8,66.8,5.9,8.5,69.9,17.0,13.4,31.2,22.5,11.0,7.8,17.6,8.9,41.1,9.3,7.6,6.2,33.3,24.5,81.4,12.0,15.5,25.4,12.6,3.4,5.8,35.4,4.1,6.9,5.0,4.5825000000000005,40,0.8212794225117438,-0.504520049488638,0.15837968651155288,0.2921773697995254,0.636795655125594,1162.5737544323117,2533.8099117447387,259,1117,536,0.1317308491062668,0.7679817477011717,522,"Fairfax County, VA"
51059482002,VA,Virginia,Fairfax,51059,3545,3003,-77.345466,38.972905,4.1,24.0,15.0,29.5,77.7,9.4,9.6,4.9,79.4,91.7,9.0,73.6,3.8,6.3,80.9,20.5,9.1,20.2,16.6,5.1,3.4,10.6,5.1,38.7,5.1,4.4,3.6,29.2,14.5,83.1,11.5,8.4,23.8,9.4,2.0,3.4,30.8,2.3,2.3,2.6,3.725000000000001,40,-0.3159403031863436,-0.9793060236383277,-0.6476231634123357,0.10579395859885792,0.14392396469789545,375.0395832329513,510.21045485403937,936,1401,1262,-0.5145226303613148,-0.04973923708430186,1232,"Fairfax County, VA"
51059482603,VA,Virginia,Fairfax,51059,3501,2604,-77.3772411,38.8788529,4.6,21.8,12.7,29.1,78.1,8.1,8.5,4.7,79.8,91.6,8.5,65.2,3.4,6.3,76.9,16.6,10.1,20.1,20.4,6.1,3.4,11.0,5.1,39.3,5.3,4.3,3.8,31.1,17.1,81.5,10.5,8.6,20.4,9.0,1.9,3.2,33.4,2.3,3.6,2.8,3.59,40,-0.5463380649619626,-0.6781041553977762,-0.6122211101798694,0.11398047486936215,0.17447386286490157,399.0456425176369,610.8329938900204,1109,1248,1217,-0.5244853634632389,-0.37086657152870167,1248,"Fairfax County, VA"
51059440800,VA,Virginia,Fairfax,51059,6397,4863,-77.2410705,38.8280602,5.2,25.1,12.8,31.7,80.1,9.7,8.8,5.7,80.5,91.8,9.1,70.4,4.2,6.7,76.2,17.6,10.8,22.6,19.1,6.1,3.6,12.2,6.2,41.3,5.2,4.9,3.8,30.3,17.8,81.0,10.7,10.1,21.4,10.0,2.2,3.2,32.2,2.7,5.7,3.1,3.687500000000001,40,-0.14746850292074534,-0.7703677807202739,-0.4589181418205096,0.14943088325526754,0.2790224032586558,955.9093601839464,1784.9063136456211,791,1297,1063,-0.36132867892574266,0.0477104228687886,1042,"Fairfax County, VA"
51061930704,VA,Virginia,Fauquier,51061,3920,3180,-77.6242992,38.5493987,7.7,29.9,15.7,36.2,78.8,9.3,10.4,6.8,79.6,88.6,13.9,70.5,6.9,12.9,70.4,22.8,12.6,31.1,19.8,10.2,7.9,17.7,7.2,40.7,8.8,7.5,6.1,31.3,22.4,77.7,16.1,14.1,34.0,13.7,3.4,5.7,33.1,3.5,10.3,4.3,5.102500000000001,40,0.8861136240676628,-0.23033924374129303,0.3278871901631849,0.3313749815172559,0.7291242362525459,1298.9899275476432,2858.16700610998,233,840,400,0.3488422265456091,0.9280236968325112,333,"Fauquier, VA"
51059432500,VA,Virginia,Fairfax,51059,5758,4230,-77.2526381,38.7551834,4.5,23.1,14.6,29.7,77.6,8.7,9.3,4.7,79.6,92.0,8.8,70.8,3.7,6.7,80.5,19.0,9.6,19.8,18.3,5.5,3.4,10.8,4.9,39.1,5.4,4.3,3.7,29.8,15.2,80.7,11.2,8.3,23.3,9.3,1.9,3.4,31.9,2.3,4.8,2.6,3.707500000000001,40,-0.3760162908844886,-0.7894231082981527,-0.5827196995913206,0.12080250228681413,0.19619823489477256,695.5808081674758,1129.7094365241005,981,1310,1185,-0.47307398313378135,-0.15672485796941,1176,"Fairfax County, VA"
51059452301,VA,Virginia,Fairfax,51059,3568,2866,-77.2152908,38.8296645,14.2,22.8,10.7,34.3,77.1,5.3,9.3,6.3,77.0,86.1,15.0,57.3,6.2,13.4,58.9,17.6,16.6,31.0,27.3,22.0,16.2,23.6,6.2,40.7,15.2,8.5,10.2,36.3,32.2,73.9,14.3,15.4,27.4,14.3,4.3,9.2,39.4,3.5,9.5,6.9,4.955,40,0.5321602430720068,0.7416951567070732,0.63692769988954,0.40283877895597503,0.8404616429056347,1437.328763314919,2998.7671418873047,388,208,236,0.5535435413025852,0.3653919258980972,218,"Fairfax County, VA"
51059481500,VA,Virginia,Fairfax,51059,2289,1767,-77.3370658,38.9189251,4.0,27.0,13.7,32.9,80.6,11.3,9.2,6.0,81.4,93.1,8.4,73.1,4.3,6.2,79.9,18.8,10.2,21.6,16.5,4.6,2.9,11.1,6.4,41.8,4.3,4.5,3.2,28.1,15.3,83.3,10.4,9.5,22.9,9.9,2.1,2.9,30.5,2.7,3.9,2.7,3.6750000000000007,40,-0.007392218504519434,-1.1059182935330054,-0.5566552560187624,0.1268297513276326,0.21384928716904278,290.31330078895104,489.5010183299389,685,1447,1159,-0.42542782929724055,0.2550626349385243,1116,"Fairfax County, VA"
51059461802,VA,Virginia,Fairfax,51059,5448,4338,-77.3040196,38.8720349,5.5,18.3,15.0,25.0,72.4,6.2,9.1,3.6,76.5,89.4,9.7,67.5,3.1,6.9,75.7,19.2,8.3,19.3,20.5,7.3,4.5,10.9,4.0,34.5,6.8,4.5,4.6,32.5,16.3,82.5,12.3,7.3,22.4,8.7,1.8,4.2,34.8,1.9,4.4,2.7,3.6,40,-0.8549308799645887,-0.410036945177512,-0.6324839125710504,0.10929482117656193,0.16021724372029872,595.4381857699094,872.8635437881874,1254,1028,1238,-0.5458599671508585,-0.681682989124205,1273,"Fairfax County, VA"
51059482100,VA,Virginia,Fairfax,51059,3258,2680,-77.3374464,38.9680419,6.6,24.2,14.4,30.7,77.2,8.7,9.9,5.2,78.8,90.6,10.6,68.9,4.5,7.8,76.2,20.2,10.2,23.4,18.9,8.0,5.6,13.3,5.6,38.2,7.5,5.5,5.0,31.1,18.0,80.3,12.5,10.2,25.7,10.6,2.5,4.8,33.2,2.7,4.7,3.4,4.05,40,-0.05377976129681748,-0.5278951867031201,-0.2908374739999688,0.1882985475919841,0.3896809232858113,613.4766680546842,1269.5804480651732,713,1138,900,-0.2159186130209871,0.09605796066114586,871,"Fairfax County, VA"
51059431400,VA,Virginia,Fairfax,51059,4405,3245,-77.2299357,38.7681302,6.1,21.6,14.2,29.2,76.0,7.3,9.2,4.7,78.3,90.5,10.0,65.8,3.8,7.8,74.5,18.6,10.1,21.5,20.6,8.0,5.1,12.6,5.0,37.8,7.3,5.0,4.8,31.6,18.0,81.1,12.0,9.0,24.0,9.9,2.2,4.5,34.5,2.4,6.2,3.1,3.9474999999999993,40,-0.37892415770259213,-0.41602534135448754,-0.39747474952853984,0.1636393057840459,0.3170400543109301,720.8311419787221,1396.561439239647,982,1036,1007,-0.3322108268489299,-0.24839631234337223,1014,"Fairfax County, VA"
51059491602,VA,Virginia,Fairfax,51059,5310,4105,-77.4181238,38.8816575,9.8,21.0,13.0,30.0,76.0,6.2,8.8,5.2,76.8,88.0,12.0,62.3,4.6,9.7,68.6,17.5,12.3,24.9,24.4,12.2,7.5,16.4,5.4,39.0,9.6,6.0,6.4,34.3,23.3,79.4,12.7,10.9,23.8,11.4,2.8,5.4,37.0,2.7,11.7,4.3,4.3675,40,-0.18973053624587896,0.1466084419923922,-0.02156104712674338,0.2505671351054132,0.5322471147318398,1330.511487409744,2826.2321792260695,831,501,690,-0.007545421842283226,-0.16169928567695865,660,"Fairfax County, VA"
51061930206,VA,Virginia,Fauquier,51061,2220,1770,-77.8194688,38.6476043,6.8,30.3,15.5,35.3,79.1,10.1,10.4,6.6,80.4,89.9,12.7,72.0,6.5,11.6,72.7,22.7,11.7,29.2,18.7,8.5,6.5,16.2,7.0,41.3,7.5,6.8,5.3,30.4,20.3,80.4,15.1,13.1,32.2,13.0,3.0,4.7,32.0,3.2,7.6,3.8,5.3475,40,0.7275912980864725,-0.547502815928326,0.09004424107907327,0.27637520058036524,0.5974202308214528,613.5529452884108,1326.2729124236253,298,1152,594,0.15191991318415754,0.851342642296641,508,"Fauquier, VA"
51059450200,VA,Virginia,Fairfax,51059,4330,3096,-77.1914399,38.8712906,19.7,20.5,14.0,30.0,71.6,5.0,9.8,5.7,73.0,82.8,17.8,57.8,6.0,14.1,61.9,20.5,13.3,32.7,26.0,23.3,17.5,24.5,6.2,36.5,17.5,9.3,11.3,37.1,30.9,78.2,16.1,14.4,29.8,14.6,4.4,10.1,38.7,3.1,14.9,7.1,5.492500000000001,40,0.23534316882129752,1.1396054970609553,0.6874743329411264,0.41452739009891665,0.8608282416836388,1794.903599128309,3727.386286490156,544,113,206,0.6416462884860206,0.1436870799110858,180,"Fairfax County, VA"
51059422401,VA,Virginia,Fairfax,51059,2447,1953,-77.1453114,38.7606985,7.0,18.1,16.0,26.3,69.5,4.9,10.5,3.5,75.5,87.2,12.7,66.8,3.7,9.4,72.8,21.7,8.8,22.5,21.9,11.6,8.9,13.7,3.7,31.7,10.9,6.0,7.0,34.6,18.6,81.4,15.2,8.4,28.2,10.1,2.5,7.3,37.7,2.1,6.0,3.5,4.1775,40,-0.5212780963510664,-0.04126886393612385,-0.2812734801435951,0.19051016483356273,0.39307535641547864,466.178373347728,961.8553971486763,1091,651,895,-0.2542618494472515,-0.46725483495837916,921,"Fairfax County, VA"
51059481101,VA,Virginia,Fairfax,51059,2376,2080,-77.3970252,38.9530276,6.0,10.7,15.8,17.9,60.4,3.1,8.0,2.0,72.1,86.0,9.6,63.7,1.9,6.2,74.7,17.3,5.5,16.1,23.8,8.2,4.5,9.3,2.6,27.8,7.2,3.9,4.9,35.9,15.2,82.6,12.3,4.5,19.0,6.8,1.3,4.0,35.3,1.1,3.2,2.3,3.8675000000000006,40,-1.7740071389975527,0.13356928505341048,-0.8202189269720711,0.06588220496909707,0.03598099117447386,156.53611900657464,85.4908350305499,1452,510,1421,-0.7594720082839886,-1.6525133016213878,1452,"Fairfax County, VA"
51059490501,VA,Virginia,Fairfax,51059,3326,2686,-77.4130304,38.8368365,7.6,16.1,15.3,24.2,70.2,4.6,9.0,3.6,74.6,86.7,11.6,60.9,3.2,8.2,69.3,19.2,9.0,21.2,23.4,10.2,6.2,12.8,4.0,33.5,8.7,5.2,5.9,35.2,19.0,78.7,13.6,7.6,22.6,9.3,2.0,5.0,37.1,1.9,7.5,3.2,3.9325,40,-0.8927644673230154,0.2605457177859476,-0.3161093747685339,0.18245456940603264,0.3693143245078072,606.8438978444645,1228.3394433129668,1265,422,930,-0.263986943598533,-0.7885196049830135,935,"Fairfax County, VA"
51059491801,VA,Virginia,Fairfax,51059,2324,1886,-77.3946652,38.8575252,6.9,16.9,15.1,24.8,69.6,4.8,9.5,3.5,74.9,87.0,11.8,62.1,3.5,8.9,70.2,20.1,8.7,21.4,22.7,10.5,7.1,13.1,3.9,33.1,9.0,5.5,6.2,34.7,18.8,80.7,14.0,7.8,23.8,9.6,2.2,5.6,36.9,1.9,7.5,3.3,4.194999999999999,40,-0.7915465060127622,0.1414810939318083,-0.32503270604047696,0.18039110161321356,0.3625254582484725,419.2289201491083,842.50916496945,1228,505,940,-0.273395222288595,-0.6882715385089982,943,"Fairfax County, VA"
51059491703,VA,Virginia,Fairfax,51059,5035,4231,-77.3569829,38.8547254,5.8,13.9,17.7,20.6,64.7,4.1,9.6,2.5,73.7,86.8,11.0,64.0,2.4,6.6,74.7,21.1,6.4,18.4,20.8,7.9,5.0,10.1,2.9,28.9,7.9,4.6,5.3,34.8,14.8,81.7,14.0,5.6,23.3,7.9,1.6,4.9,35.2,1.4,6.6,2.5,3.7575,40,-1.2655360698702511,0.07872071439482226,-0.5934076777377144,0.11833097029911561,0.19212491513917176,595.7964354560471,967.3489477257299,1366,543,1191,-0.5159098922690115,-1.1105404989328453,1235,"Fairfax County, VA"
51059430700,VA,Virginia,Fairfax,51059,2923,2334,-77.2015728,38.7857498,10.0,20.4,13.6,28.8,75.2,6.4,8.6,4.9,76.5,88.5,11.5,62.5,4.2,9.1,70.8,17.6,11.2,24.0,23.6,11.3,6.8,15.4,5.3,38.0,9.4,5.6,5.9,33.9,22.3,80.7,12.5,10.2,24.0,10.9,2.5,5.2,35.5,2.5,9.0,4.0,4.2175,40,-0.36913454893800735,0.017594130309890862,-0.17577020931405823,0.2149071747348228,0.44942294636795654,628.173671749887,1313.6632722335369,973,587,812,-0.1417083298273473,-0.30101078996458547,800,"Fairfax County, VA"
51059422301,VA,Virginia,Fairfax,51059,3133,2443,-77.1283467,38.7801378,6.1,19.0,15.6,27.0,73.0,5.9,9.6,3.7,77.0,89.9,10.3,67.0,3.3,7.7,76.0,19.5,9.1,20.1,20.9,8.3,5.5,11.9,3.9,34.6,8.2,4.8,5.1,32.4,16.8,82.2,12.8,7.9,25.6,9.3,2.1,5.1,35.8,2.1,6.3,2.9,3.74,40,-0.6191734802864057,-0.37180207844744373,-0.49548777936692473,0.14097436998994037,0.2572980312287848,441.6727011784832,806.1147318397828,1149,981,1095,-0.4411943807054815,-0.5105866829635193,1134,"Fairfax County, VA"
51059491201,VA,Virginia,Fairfax,51059,6558,5016,-77.4481326,38.8418714,9.5,18.3,14.3,27.2,71.2,4.7,9.5,4.0,74.9,86.3,13.2,58.8,4.1,10.7,66.0,19.6,10.7,24.2,24.4,14.1,9.8,16.1,4.3,34.9,11.5,6.4,7.5,35.3,23.0,76.4,14.5,9.6,26.0,11.0,2.7,7.0,38.8,2.3,10.6,4.2,4.414999999999999,40,-0.4582609434823569,0.5526371627383274,0.04718810962798525,0.2664649726308335,0.5723014256619144,1747.4772905130062,3753.152749490835,1052,271,631,0.06142919473962524,-0.42977877325907693,592,"Fairfax County, VA"
51059470800,VA,Virginia,Fairfax,51059,3255,2322,-77.183044,38.920754,3.9,23.5,12.9,30.0,79.3,9.3,8.6,5.0,80.9,93.0,7.7,68.3,3.5,5.6,81.5,17.2,10.0,19.3,17.9,4.8,2.7,10.3,5.4,41.0,4.3,4.0,3.2,28.9,15.4,81.0,9.8,8.4,20.6,8.9,1.8,2.7,30.8,2.4,4.0,2.6,3.65,40,-0.43406470847557643,-0.9063587030188422,-0.6702117057472093,0.10057049124409359,0.12830957230142567,327.35694899952466,417.6476578411406,1034,1376,1285,-0.549908726347691,-0.19345874967653964,1277,"Fairfax County, VA"
51059480503,VA,Virginia,Fairfax,51059,3259,2543,-77.3712001,38.9879209,4.5,21.3,15.8,27.5,75.7,7.8,9.2,4.2,78.1,91.1,8.9,72.7,3.4,6.4,81.1,19.4,8.9,18.9,18.1,5.3,3.2,10.3,4.5,37.6,5.2,4.1,3.7,30.0,14.4,82.0,11.4,7.5,23.0,9.0,1.8,3.3,31.4,2.1,3.6,2.5,3.53,40,-0.5938366290817588,-0.7922315871612889,-0.6930341081215239,0.09529294513278563,0.11405295315682282,310.55970818774836,371.69857433808556,1132,1311,1306,-0.5790817144770974,-0.36593184179290605,1321,"Fairfax County, VA"
51059452101,VA,Virginia,Fairfax,51059,5091,3971,-77.184375,38.8234565,8.4,22.1,13.0,30.6,77.1,6.9,9.2,5.1,78.2,89.8,11.1,66.8,4.3,8.8,67.7,17.7,11.7,23.9,23.2,10.5,6.6,15.0,5.2,39.0,9.0,5.6,5.7,33.5,21.3,79.4,12.4,10.5,24.4,10.9,2.6,5.1,37.3,2.7,8.6,3.8,4.085,40,-0.15925552289267525,-0.16937830435821388,-0.16431691362544457,0.21755568189597652,0.4548540393754243,1107.5759765324165,2315.661914460285,806,770,804,-0.13834704881428922,-0.10731579327036454,793,"Fairfax County, VA"
51061930703,VA,Virginia,Fauquier,51061,2541,2022,-77.722683,38.4595467,7.8,29.4,16.4,34.8,77.6,9.1,10.6,6.3,78.7,88.3,14.3,70.6,6.9,13.7,70.8,23.5,11.6,30.7,20.6,9.9,7.5,17.4,6.8,40.2,8.7,7.4,5.9,32.2,22.2,76.3,16.6,13.6,33.5,13.7,3.2,5.4,32.8,3.3,8.2,4.1,5.272499999999999,40,0.7515685569196116,-0.17492902277741454,0.2883197670710985,0.3222252480032621,0.7135098438560761,818.774355176289,1813.0285132382894,288,781,423,0.3294884517221121,0.8339059262216387,347,"Fauquier, VA"
51059480501,VA,Virginia,Fairfax,51059,3537,2731,-77.3611812,38.9992939,4.3,21.8,14.6,28.4,77.3,8.1,9.0,4.5,79.1,91.4,8.7,70.8,3.5,6.3,79.7,18.5,9.4,19.2,18.5,5.4,3.2,10.6,4.7,39.0,5.0,4.2,3.6,30.1,15.1,83.3,11.0,7.9,21.9,9.1,1.9,3.1,31.5,2.2,3.6,2.6,3.725,40,-0.5362813953810128,-0.8569799083825027,-0.6966306518817578,0.09446126557404937,0.11337406653088934,334.1094963354126,401.0040733197556,1101,1355,1307,-0.5848087500464749,-0.3126375917104471,1327,"Fairfax County, VA"
51059421900,VA,Virginia,Fairfax,51059,2916,1687,-77.1530607,38.7275332,8.9,12.2,19.8,20.0,54.7,2.9,10.5,2.2,70.2,83.2,15.1,55.0,2.9,11.0,68.1,23.9,5.7,22.5,24.2,13.1,10.0,13.1,3.0,25.2,13.4,6.3,8.2,37.5,17.9,78.9,18.0,5.9,28.7,9.5,2.0,8.4,40.5,1.4,8.5,3.2,4.3325000000000005,40,-1.1569801077843611,1.025477603745365,-0.06575125201949805,0.24034841053099532,0.5084860828241684,700.8559651083823,1482.745417515275,1346,131,725,-0.01951286712701672,-1.0645033379993984,673,"Fairfax County, VA"
51059450100,VA,Virginia,Fairfax,51059,5524,4375,-77.2096115,38.8691906,13.1,20.1,13.9,29.0,71.5,5.3,9.6,5.1,74.1,84.8,15.2,60.9,5.4,12.8,58.8,20.6,11.9,28.3,24.7,18.1,13.5,19.9,5.5,36.1,13.9,7.8,9.1,35.5,26.6,75.5,15.3,12.0,27.9,12.9,3.5,8.4,39.1,2.7,9.4,5.4,4.8775,40,-0.04792161019163456,0.7928967829759309,0.3724875863921482,0.34168856042189694,0.7549219280380176,1887.4876077705587,4170.188730482009,709,190,362,0.3685398641843893,-0.05581705460715238,322,"Fairfax County, VA"
51059481000,VA,Virginia,Fairfax,51059,6231,4593,-77.4109061,38.9636519,17.6,16.5,14.0,26.7,67.7,3.6,9.6,4.2,72.0,81.7,17.0,57.2,4.7,12.9,58.9,19.6,11.4,29.4,27.6,23.1,16.9,21.9,4.6,33.2,17.5,8.4,11.4,38.5,28.6,76.9,16.1,11.5,28.3,12.8,3.7,10.1,40.1,2.5,11.3,6.2,5.1675,40,-0.34635369568495766,1.2529459320820706,0.4532961181985565,0.36037505739100595,0.7834351663272233,2245.496982603358,4881.584521384929,955,90,320,0.41522931445399375,-0.4224873031740831,295,"Fairfax County, VA"
51059480402,VA,Virginia,Fairfax,51059,6028,4615,-77.3294905,39.0203972,3.7,23.6,13.4,30.3,79.6,9.4,8.7,5.1,80.7,92.4,8.0,71.7,3.6,5.6,79.9,17.7,10.0,19.4,17.4,4.6,2.6,10.3,5.3,41.0,4.1,4.0,3.2,28.9,14.9,83.6,10.1,8.2,20.9,9.0,1.8,2.6,30.4,2.3,3.1,2.5,3.64,40,-0.40801522095491927,-1.0465437848835504,-0.7272795029192348,0.08737389931190088,0.09097080787508487,526.6898650521385,548.3720298710116,1011,1425,1340,-0.6011917016453571,-0.1558396184071638,1355,"Fairfax County, VA"
51059480203,VA,Virginia,Fairfax,51059,2828,2386,-77.23499,38.9269191,5.5,23.8,13.0,30.6,78.3,8.9,9.0,5.5,79.1,90.5,9.8,69.5,4.3,7.1,74.6,18.5,10.4,23.3,19.7,7.3,4.8,12.6,6.2,38.8,6.3,5.3,4.5,31.3,18.7,81.3,11.6,10.1,22.3,10.0,2.2,4.0,33.3,2.7,4.6,3.3,3.812499999999999,40,-0.18992100640291412,-0.619852034522486,-0.4048865204627001,0.16192537741533453,0.3136456211812627,457.92496733056606,886.989816700611,832,1218,1012,-0.3272275164903677,-0.03460299845824935,1010,"Fairfax County, VA"
51059430600,VA,Virginia,Fairfax,51059,7152,5347,-77.18676,38.7874596,15.6,18.0,13.5,27.6,72.9,4.7,8.5,4.6,74.5,86.4,13.4,60.7,4.0,9.9,66.6,16.8,12.1,26.1,26.4,16.4,9.6,18.6,5.0,36.6,13.2,6.3,7.9,36.1,26.3,76.5,13.2,10.9,25.5,11.7,3.0,6.8,37.6,2.5,9.5,5.0,4.675,40,-0.4393857141144867,0.605072579049718,0.08284343246761566,0.2747100560060833,0.5913102511880516,1964.7263205555075,4229.050916496945,1036,245,603,0.06914600117284314,-0.4667805767040317,582,"Fairfax County, VA"
51061930305,VA,Virginia,Fauquier,51061,4677,3745,-77.8141732,38.7052922,8.1,30.1,14.7,36.6,79.4,9.4,10.5,6.9,80.2,88.3,13.8,72.8,6.9,12.1,71.6,22.7,12.7,31.7,19.3,11.4,9.6,18.2,7.4,40.0,9.4,8.0,6.7,31.3,23.2,80.5,15.8,14.8,33.9,13.5,3.6,6.3,31.9,3.6,8.4,4.7,5.46,40,0.9319965977475977,-0.41990771015301864,0.2560444437972895,0.31476176961736696,0.6972165648336728,1472.1407965004253,3260.8818737270876,215,1042,447,0.26436307106491375,0.9486338522828461,402,"Fauquier, VA"
51059482001,VA,Virginia,Fairfax,51059,4874,3841,-77.3264962,38.9792048,3.9,22.8,15.0,28.7,77.4,8.9,9.2,4.6,79.4,91.9,8.5,72.7,3.5,5.9,81.1,19.2,9.0,19.1,17.1,4.7,2.9,10.1,4.9,39.0,4.6,4.1,3.4,29.2,14.1,82.3,10.9,7.8,22.5,9.0,1.8,3.0,30.7,2.2,2.9,2.4,3.4075,40,-0.48517100478343445,-0.9352771033936212,-0.7102240540885278,0.09131787138709366,0.10319076714188731,445.0833051406945,502.95179904955876,1073,1388,1322,-0.5799248030872428,-0.22457250278086435,1322,"Fairfax County, VA"
51059461605,VA,Virginia,Fairfax,51059,3829,3529,-77.2334479,38.8776507,5.3,10.0,19.4,15.9,55.5,3.1,8.8,1.7,70.9,86.2,9.9,65.2,1.7,5.6,75.2,20.5,4.3,15.4,20.8,6.3,3.6,8.0,2.4,25.5,6.4,3.7,4.4,34.8,12.3,81.5,13.2,3.7,20.3,6.5,1.1,3.8,34.8,1.0,3.9,1.9,3.5074999999999994,40,-1.829905558918297,0.23630773186370588,-0.7967989135272956,0.07129794512015852,0.04480651731160896,272.999831865087,171.5641547861507,1456,445,1408,-0.7028914746061531,-1.642090681076012,1429,"Fairfax County, VA"
51059480201,VA,Virginia,Fairfax,51059,4646,3501,-77.2176342,38.9460081,3.5,24.2,12.8,30.8,80.4,10.0,8.5,5.2,81.4,92.9,7.5,72.4,3.5,5.2,83.0,17.1,10.0,19.3,17.3,4.3,2.4,10.0,5.6,41.8,3.8,3.9,2.9,28.6,14.8,84.1,9.6,8.3,20.1,8.8,1.8,2.4,29.1,2.4,2.2,2.5,3.4850000000000003,40,-0.40335917231180574,-1.1984466286333695,-0.8009029004725876,0.07034892231402481,0.04412763068567549,326.8410930709593,205.01697216564833,1009,1460,1409,-0.6654260288603394,-0.13240542908730932,1413,"Fairfax County, VA"
51059481701,VA,Virginia,Fairfax,51059,6196,4623,-77.3603143,38.8976539,3.6,23.7,14.3,29.6,78.9,9.6,8.9,4.9,80.4,92.6,7.9,72.2,3.5,5.7,81.0,18.3,9.3,18.8,17.0,4.2,2.4,9.8,5.1,40.6,4.0,3.9,3.0,28.6,14.0,83.0,10.2,7.8,21.3,8.9,1.7,2.6,30.6,2.3,2.6,2.3,3.3974999999999995,40,-0.445373627312073,-1.05183450279483,-0.7486040650534515,0.0824427199329307,0.07331975560081466,510.81509270443865,454.2892057026476,1045,1427,1366,-0.6085816383213035,-0.16532877384777708,1364,"Fairfax County, VA"
51059480801,VA,Virginia,Fairfax,51059,5388,4003,-77.3858773,38.9776181,13.2,20.1,15.0,28.2,72.1,5.6,9.7,4.7,74.5,86.3,14.2,61.1,4.8,11.2,71.6,20.0,10.9,26.6,24.3,15.0,10.1,18.1,5.0,35.8,12.6,6.9,7.8,35.3,23.9,79.1,14.6,11.1,27.7,12.2,3.1,7.1,36.0,2.5,4.3,4.7,4.590000000000001,40,-0.20246176110152975,0.3085491894599869,0.05304371417922857,0.2678190466902564,0.5777325186693822,1443.0090235671016,3112.8228105906314,848,391,623,0.06394218178303408,-0.18066482589391872,589,"Fairfax County, VA"
51059491401,VA,Virginia,Fairfax,51059,4934,3916,-77.4267685,38.8313107,8.2,18.1,14.0,26.8,72.3,4.9,9.0,3.9,75.5,87.3,11.9,62.2,3.8,9.8,74.1,18.7,10.5,22.6,24.5,11.8,7.5,14.5,4.3,35.7,9.7,5.6,6.3,34.9,21.8,80.6,13.6,9.0,23.8,10.4,2.4,5.7,35.3,2.2,7.3,3.7,4.12,40,-0.607485068396188,0.04683549170000819,-0.2803247883480899,0.1907295442229049,0.39443312966734556,941.0595711958127,1946.133061778683,1143,570,893,-0.2476882460540468,-0.5422119838081018,909,"Fairfax County, VA"
51059491704,VA,Virginia,Fairfax,51059,5062,3997,-77.3661498,38.8517642,6.1,14.6,15.7,22.1,68.0,4.3,8.9,2.8,74.6,88.1,10.2,63.9,2.6,7.2,73.8,18.7,7.5,18.1,22.9,8.3,4.9,10.7,3.2,31.9,7.6,4.4,5.0,34.6,16.3,81.6,12.8,6.1,21.5,8.1,1.6,4.4,36.3,1.6,5.5,2.6,3.890000000000001,40,-1.2081252031198486,-0.056339703708373615,-0.6322324534141112,0.10935296962535762,0.16089613034623218,553.5447322435602,814.4562118126273,1355,664,1237,-0.5656499288845578,-1.0749601540607419,1304,"Fairfax County, VA"
51059470300,VA,Virginia,Fairfax,51059,3418,2498,-77.1381524,38.929091,3.9,25.8,13.8,31.6,80.1,10.8,9.1,5.6,81.2,92.9,8.2,71.6,3.9,5.8,82.2,18.8,9.7,20.7,16.0,4.4,2.7,10.6,6.0,41.2,4.1,4.3,3.1,28.0,14.7,82.2,10.3,8.9,22.4,9.4,1.9,2.8,29.3,2.5,2.3,2.6,3.67,40,-0.18866883619858477,-1.0805255973395265,-0.6345972167690557,0.108806132029413,0.15546503733876443,371.89935927653363,531.3794976238968,829,1438,1245,-0.49382155619880486,0.09288248494191674,1211,"Fairfax County, VA"
51059481103,VA,Virginia,Fairfax,51059,3664,2525,-77.4061185,38.9473416,9.4,16.9,11.9,27.6,71.9,4.2,8.8,3.9,75.7,87.0,11.9,59.3,3.6,10.1,64.6,16.2,10.9,23.1,27.8,15.0,9.9,16.0,4.1,34.8,11.8,6.0,7.4,36.6,23.8,80.9,13.1,9.5,23.4,10.2,2.6,6.8,40.2,2.3,9.3,4.1,4.57,40,-0.6337478933889054,0.3166456303357497,-0.15855113152657782,0.21888898504239593,0.4575695858791582,802.0092411953386,1676.5349626612356,1157,386,800,-0.18146278149859588,-0.6795711933329415,836,"Fairfax County, VA"
51059491601,VA,Virginia,Fairfax,51059,5421,4021,-77.4307098,38.8863942,10.9,18.4,12.9,27.7,72.7,4.7,9.2,4.3,75.3,86.2,13.2,63.5,4.3,10.6,71.1,18.2,11.6,25.0,26.1,15.3,10.0,17.4,4.5,36.4,11.7,6.5,7.7,36.3,24.5,80.1,13.9,10.4,24.3,11.4,2.9,6.6,37.1,2.4,6.1,4.6,4.512500000000001,40,-0.4132964778318816,0.18032067713550248,-0.11648790034818957,0.22861585947452803,0.4792939579090292,1239.3265742114165,2598.252545824847,1014,482,768,-0.11478140665621714,-0.40988349044793676,770,"Fairfax County, VA"
51059491701,VA,Virginia,Fairfax,51059,4127,3485,-77.3794583,38.8611759,5.3,17.8,15.1,24.5,72.1,6.0,9.1,3.5,76.5,89.4,9.7,67.2,3.0,6.7,75.4,19.0,8.2,18.9,20.9,7.1,4.3,10.6,3.9,34.3,6.7,4.4,4.5,32.9,16.0,81.0,12.3,7.0,21.9,8.5,1.7,4.1,35.0,1.8,4.7,2.6,3.5475000000000003,40,-0.917146177604876,-0.3458465879618484,-0.6314963827833622,0.10952318162281716,0.16564833672776647,452.0021705573664,683.6306856754923,1278,944,1230,-0.5450554435250796,-0.7442642990883107,1272,"Fairfax County, VA"
51059492202,VA,Virginia,Fairfax,51059,6831,5171,-77.2669774,38.7405861,3.8,23.5,14.2,30.1,78.5,8.9,9.2,4.8,80.3,92.3,8.4,72.9,3.6,6.2,81.3,18.6,9.8,19.3,17.7,5.0,3.0,10.5,4.9,40.1,4.8,4.1,3.5,29.2,14.7,82.4,10.8,8.2,22.7,9.2,1.9,3.1,31.1,2.3,3.6,2.5,3.3824999999999994,40,-0.36973536451217154,-0.992403480989959,-0.6810694227510653,0.09805970814547146,0.12152070604209098,669.8458663417156,830.1079429735234,975,1406,1295,-0.564839402785857,-0.13727532458175487,1303,"Fairfax County, VA"
51059432701,VA,Virginia,Fairfax,51059,3132,2461,-77.2207466,38.7540026,5.7,23.1,14.1,30.5,78.0,8.3,9.3,5.0,79.4,91.4,9.5,73.4,3.9,7.0,78.9,18.6,10.4,21.4,19.7,6.8,4.2,11.9,5.2,39.1,6.5,4.7,4.3,31.0,16.9,82.2,11.6,9.1,23.7,9.8,2.1,4.0,32.8,2.5,4.4,2.9,3.7475,40,-0.2559134073826845,-0.8212050932498379,-0.5385592503162612,0.13101434604991852,0.2308214528173795,410.3369318283448,722.9327902240326,885,1338,1134,-0.45876087448818004,-0.09631665572652212,1158,"Fairfax County, VA"
51059470100,VA,Virginia,Fairfax,51059,2769,2046,-77.1630928,38.959448,3.5,24.7,13.2,30.9,80.6,10.4,8.7,5.3,81.6,93.2,7.4,71.8,3.5,4.9,82.8,17.5,9.8,19.1,16.2,3.9,2.1,9.8,5.6,42.0,3.5,3.8,2.8,27.8,14.0,83.3,9.4,8.2,20.4,8.7,1.7,2.3,28.9,2.4,2.4,2.4,3.5825,40,-0.3645544066773795,-1.1751176660613885,-0.7698360363693839,0.07753295163527281,0.059063136456211814,214.68874307807042,163.54582484725051,970,1458,1387,-0.6242489759730031,-0.0733802858846177,1384,"Fairfax County, VA"
51059431900,VA,Virginia,Fairfax,51059,3173,2386,-77.2579344,38.7974708,5.4,24.2,13.8,31.1,78.9,9.1,9.0,5.4,79.9,91.7,9.2,70.9,4.2,7.1,78.0,18.5,10.6,21.5,18.6,6.2,3.8,12.1,5.6,40.8,5.5,4.7,3.9,29.9,17.0,81.0,11.0,9.3,22.8,9.9,2.1,3.4,31.9,2.5,3.6,3.0,3.92,40,-0.19726391223088965,-0.7930943249775149,-0.4951791186042023,0.1410457459731214,0.25797691785471827,447.53815197271416,818.560760353021,845,1312,1094,-0.3934480445959856,0.006198235785543707,1074,"Fairfax County, VA"
51059482502,VA,Virginia,Fairfax,51059,3090,2227,-77.4139956,38.9121866,4.2,20.8,14.6,27.2,75.6,7.5,8.9,4.0,78.7,91.7,8.5,68.7,3.3,6.5,78.7,18.4,9.0,18.0,18.8,5.5,3.2,10.3,4.2,38.4,5.1,4.0,3.6,29.9,14.8,83.2,10.9,7.3,21.9,8.9,1.8,3.2,33.1,2.0,2.5,2.4,3.7025,40,-0.6921334801049596,-0.7888370608609022,-0.7404852704829309,0.08432014335275356,0.0814663951120163,260.5492429600085,251.73116089613035,1181,1309,1354,-0.6259495352419202,-0.46306200962293825,1386,"Fairfax County, VA"
51059491103,VA,Virginia,Fairfax,51059,6548,4944,-77.4613994,38.8395675,10.6,18.6,14.3,27.5,71.7,4.8,9.5,4.2,75.0,86.4,13.5,61.4,4.2,10.8,67.0,19.6,11.0,25.1,24.6,14.5,9.8,16.8,4.5,35.2,12.0,6.5,7.7,35.5,23.8,74.9,14.6,10.1,26.5,11.4,2.8,7.1,38.3,2.3,8.0,4.4,4.4725,40,-0.40077274720134987,0.49970082160154017,0.04946403720009515,0.2669912674752941,0.5743380855397149,1748.258819428226,3760.765784114053,1006,294,628,0.06063894953761648,-0.3784229225263072,594,"Fairfax County, VA"
51059491707,VA,Virginia,Fairfax,51059,4568,3684,-77.3765851,38.8694037,6.6,17.5,15.3,25.1,71.6,5.6,9.3,3.7,75.6,87.7,11.0,66.3,3.2,7.5,74.7,19.2,8.6,21.1,22.3,8.9,5.6,12.0,4.2,33.4,8.1,5.1,5.5,34.5,17.6,80.5,13.2,7.8,22.8,9.1,2.0,4.8,34.9,2.0,6.4,3.1,3.8775,40,-0.8046755463774482,-0.12043946718156212,-0.46255750677950513,0.14858930154656042,0.27630685675492195,678.7559294646879,1262.1697216564835,1236,724,1067,-0.40466306607729163,-0.6888866649730212,1086,"Fairfax County, VA"
51059432202,VA,Virginia,Fairfax,51059,4741,3539,-77.282473,38.7921787,6.2,23.3,14.0,29.7,77.4,8.6,9.2,5.2,78.8,90.9,10.1,66.6,4.2,7.6,75.5,18.9,10.0,22.6,19.8,7.2,4.5,12.7,5.6,38.8,6.5,5.2,4.4,31.3,18.0,80.4,11.8,9.7,23.1,10.2,2.2,3.9,33.4,2.5,6.0,3.2,4.085,40,-0.26110778479488667,-0.4872899284329713,-0.374198856613929,0.16902171891146384,0.33129667345553293,801.33196935925,1570.6775288526817,889,1096,986,-0.28648801012556097,-0.08568609181815065,961,"Fairfax County, VA"
51059440600,VA,Virginia,Fairfax,51059,3002,2260,-77.331492,38.838332,7.6,20.7,14.4,28.2,75.4,6.9,9.0,4.7,77.2,89.2,10.7,64.7,3.9,7.9,73.1,18.5,10.3,22.3,21.1,8.8,5.4,13.4,5.0,37.5,7.7,5.2,5.2,32.4,18.9,81.8,12.2,9.2,23.5,10.2,2.3,4.5,34.1,2.3,7.0,3.4,4.0375,40,-0.4436205482193964,-0.2523591518671158,-0.3479898500432561,0.17508239729403283,0.3455532926001358,525.5973566766866,1037.3509843856077,1042,861,965,-0.2857942720130958,-0.3192293921590758,960,"Fairfax County, VA"
51059431002,VA,Virginia,Fairfax,51059,2368,1707,-77.254875,38.7771746,7.8,20.1,13.2,30.0,75.0,5.3,9.5,4.5,77.6,88.9,11.5,65.5,4.0,9.4,72.6,18.5,11.8,23.2,23.1,12.2,8.7,15.2,4.5,36.7,10.4,5.8,6.7,33.5,21.7,81.4,13.2,10.0,26.3,10.6,2.7,6.7,36.8,2.5,7.1,4.0,4.125,40,-0.2541405234077476,-0.1993541873052617,-0.22674735535650464,0.20311900999872667,0.42090970807875083,480.98581567698477,996.714188730482,882,809,854,-0.22811852929011234,-0.256882871274963,887,"Fairfax County, VA"
51059452200,VA,Virginia,Fairfax,51059,6982,5287,-77.2091592,38.8220023,14.8,21.4,11.8,32.5,75.5,5.1,9.4,5.8,76.1,85.8,15.1,57.6,5.5,12.5,58.1,17.9,14.8,30.3,27.3,20.4,14.5,22.2,6.0,38.6,15.2,8.1,9.8,36.7,30.2,74.7,14.5,14.1,27.8,13.6,4.0,8.9,40.2,3.2,10.3,6.4,4.8775,40,0.2743741461524681,0.8032652067763556,0.5388196764644119,0.3801518764545049,0.8126272912423625,2654.220401405353,5673.763747454175,524,187,277,0.471028570776047,0.1387919347757384,259,"Fairfax County, VA"
51059461902,VA,Virginia,Fairfax,51059,1839,1283,-77.306651,38.8680135,17.2,14.3,15.1,23.9,63.7,3.1,9.3,3.3,71.0,82.5,16.2,49.8,3.5,12.2,53.7,19.2,9.7,27.1,28.8,20.8,13.7,19.5,4.0,30.9,17.4,7.3,10.2,39.3,27.3,74.5,16.2,9.5,28.1,11.8,3.0,9.4,42.7,2.0,16.1,5.2,4.9625,40,-0.7854104282523902,1.6801708889321902,0.44738023033990004,0.35900704317184895,0.781398506449423,660.2139523930302,1436.991853360489,1223,45,323,0.4316212674331518,-0.8169283540658866,282,"Fairfax County, VA"
51059482504,VA,Virginia,Fairfax,51059,5277,3954,-77.3959131,38.9097905,3.7,21.5,13.8,28.0,77.8,8.2,8.6,4.3,79.8,92.1,7.9,69.3,3.2,5.7,79.1,17.6,9.3,17.7,18.3,4.7,2.5,9.8,4.4,39.8,4.3,3.8,3.2,29.5,14.3,82.1,10.2,7.3,20.5,8.6,1.7,2.6,32.7,2.1,2.3,2.3,3.53,40,-0.6698341281017457,-0.8821091044131725,-0.775971616257459,0.0761141349284316,0.055668703326544465,401.65429001733355,293.76374745417513,1169,1367,1392,-0.649766282429519,-0.41742346044586537,1403,"Fairfax County, VA"
51059492203,VA,Virginia,Fairfax,51059,4014,3066,-77.2643325,38.7212462,4.2,23.7,14.3,30.1,78.3,8.8,9.4,4.8,80.0,92.0,9.0,73.6,3.8,6.6,79.9,19.0,9.9,20.1,18.3,5.5,3.3,11.0,4.9,40.1,5.1,4.4,3.7,30.0,15.3,81.6,11.2,8.5,22.9,9.6,2.0,3.2,31.6,2.4,3.3,2.7,3.585,40,-0.3097261883290445,-0.9321032092531496,-0.6209146987910971,0.11197013371351028,0.17040054310930075,449.44811672603026,683.9877800407332,929,1385,1223,-0.5087731594250835,-0.0854431095970175,1226,"Fairfax County, VA"
51059422202,VA,Virginia,Fairfax,51059,6444,4688,-77.2400878,38.6924058,5.8,17.3,13.7,26.9,72.9,4.6,9.8,3.3,78.0,89.9,10.2,62.3,2.9,7.3,71.5,17.7,9.6,19.5,23.5,9.5,6.2,12.1,3.3,33.8,9.2,4.9,5.7,34.4,17.5,82.4,12.7,7.7,24.9,8.9,2.1,5.8,39.5,2.0,5.0,3.1,3.705000000000001,40,-0.71066570062999,-0.2743056355737392,-0.4924856681018646,0.1416685905357346,0.26001357773251865,912.9123974122738,1675.5274949083503,1192,881,1091,-0.4846828000441396,-0.69505996451454,1199,"Fairfax County, VA"
51059421800,VA,Virginia,Fairfax,51059,5933,4561,-77.1264136,38.7240814,14.4,21.3,13.3,32.9,73.2,4.6,10.9,5.1,75.7,85.0,16.8,63.3,5.6,13.9,60.4,20.2,13.6,30.9,27.6,22.8,18.4,22.5,4.9,35.1,18.5,9.0,11.5,38.0,28.9,77.8,16.7,14.0,32.8,13.8,4.4,11.8,43.0,3.2,11.5,6.4,5.0225,40,0.40705615996515,0.6927859014666073,0.5499210307158786,0.38271899923146624,0.8173794976238968,2270.6718224402894,4849.51255940258,445,216,270,0.45517579393284635,0.21756568639908533,268,"Fairfax County, VA"
51059481202,VA,Virginia,Fairfax,51059,6301,4601,-77.3709877,38.9456001,12.8,20.2,14.0,29.6,73.0,5.4,9.9,4.9,75.4,86.1,14.5,60.2,4.8,11.2,64.3,19.6,11.8,27.5,24.7,16.6,12.0,18.9,5.0,35.6,13.6,7.3,8.7,35.8,25.0,77.2,14.8,11.7,28.4,12.3,3.4,8.1,38.9,2.7,12.7,5.1,4.772499999999999,40,-0.06435095658071262,0.6217399872980341,0.27869451535866074,0.31999946524331446,0.7073998642226749,2016.3166304981244,4457.326544467074,724,237,432,0.25910797802944724,-0.10352403123913963,409,"Fairfax County, VA"
51061930204,VA,Virginia,Fauquier,51061,3468,2814,-77.8966685,38.7915771,6.0,31.9,15.0,37.2,80.4,10.6,10.4,7.1,81.2,90.3,12.6,72.4,6.9,11.7,74.1,22.6,12.6,29.9,18.2,8.2,6.5,16.5,7.4,42.6,7.1,7.0,5.2,29.7,20.7,79.9,14.9,13.9,32.7,13.4,3.2,4.7,30.3,3.5,9.1,3.9,5.1475,40,0.9569904324935867,-0.6080079790691258,0.17449122671223044,0.29590306856421655,0.6463000678886626,1026.191841780703,2241.368635437882,205,1211,522,0.22552635771679758,1.059060694502721,441,"Fauquier, VA"
51059422402,VA,Virginia,Fairfax,51059,5236,3969,-77.1329366,38.7648774,5.8,18.4,15.9,26.0,71.5,5.7,10.0,3.4,77.1,90.1,10.2,67.4,3.1,7.4,76.8,20.0,8.4,19.4,20.3,8.1,5.6,11.4,3.5,33.4,8.3,4.8,5.1,32.3,15.8,83.0,12.9,7.4,26.1,9.0,2.0,5.3,35.6,1.9,6.8,2.8,3.8075,40,-0.6992956378462597,-0.39708236948918463,-0.5481890036677222,0.12878752231246418,0.22063815342837745,674.3314668280625,1155.2613713509843,1184,1009,1149,-0.49085032124160094,-0.5846182729940173,1206,"Fairfax County, VA"
51059451000,VA,Virginia,Fairfax,51059,2707,2193,-77.1826546,38.8416805,7.7,24.9,13.2,32.4,79.4,8.9,9.0,6.0,79.3,91.0,10.4,68.8,4.7,8.1,71.5,18.0,11.6,24.9,20.5,8.3,5.2,14.5,6.4,40.6,7.0,5.6,4.7,31.4,20.4,80.6,11.5,11.4,23.5,11.0,2.6,4.1,33.9,3.0,7.3,3.7,4.1675,40,0.048930574468219606,-0.4792970618357184,-0.21518324368374941,0.20579314270343996,0.4263408010862186,557.082037298212,1154.1045485403938,651,1089,846,-0.16016826005288942,0.15896054172993954,813,"Fairfax County, VA"
51059460900,VA,Virginia,Fairfax,51059,2631,1916,-77.259836,38.9113136,4.6,24.2,14.0,30.3,78.5,9.5,9.0,5.2,79.9,91.9,8.9,69.4,4.0,6.7,81.1,18.7,9.8,21.1,17.7,5.5,3.4,11.4,5.7,40.1,4.9,4.6,3.6,29.3,16.0,83.4,10.9,9.1,22.2,9.7,2.1,3.1,30.3,2.5,4.9,2.8,3.9725,40,-0.2862579328918678,-0.8790519644239514,-0.5826549486579096,0.12081747555874328,0.19687712152070605,317.87077819505356,517.9837067209776,910,1363,1184,-0.46506571033132277,-0.05107945623869415,1168,"Fairfax County, VA"
51059482400,VA,Virginia,Fairfax,51059,2344,1761,-77.3106466,38.9404043,3.7,23.9,14.6,29.6,78.6,9.6,9.1,5.0,80.1,92.3,8.3,72.2,3.6,5.9,81.2,19.0,9.3,19.5,16.8,4.4,2.6,10.1,5.3,40.0,4.2,4.1,3.2,28.8,14.2,81.7,10.6,8.2,22.0,9.1,1.8,2.8,30.5,2.3,3.0,2.4,3.4200000000000004,40,-0.3934242814926162,-0.9704350991486987,-0.6819296903206575,0.09786077633749951,0.12016293279022404,229.38565973509884,281.6619144602852,1002,1399,1297,-0.5443406738252865,-0.11824624850187421,1271,"Fairfax County, VA"
51061930203,VA,Virginia,Fauquier,51061,2703,2247,-77.9881263,38.885797,6.9,31.7,14.5,37.6,81.2,10.9,10.0,7.2,81.7,90.9,11.8,75.0,6.6,10.6,75.2,21.2,12.6,29.3,18.1,8.2,6.1,16.3,7.5,42.9,7.0,6.6,5.0,29.3,20.5,79.1,13.8,13.7,31.8,12.8,3.1,4.4,30.4,3.5,6.5,3.9,4.86,40,0.8911913514910267,-0.7351974303518575,0.0779969605695846,0.2735893379283141,0.5885947046843177,739.5119804202329,1590.9714867617108,231,1282,607,0.1256342334215419,0.9864658971949413,526,"Fauquier, VA"
51059470700,VA,Virginia,Fairfax,51059,5753,4129,-77.170277,38.9222237,3.8,22.7,13.6,29.3,78.5,8.9,8.7,4.8,80.2,92.3,8.0,68.9,3.4,5.7,81.4,17.6,9.6,19.3,17.8,4.8,2.8,10.2,5.2,39.9,4.4,4.1,3.3,29.3,15.1,83.4,10.2,8.1,20.8,8.8,1.8,2.8,30.4,2.3,3.1,2.5,3.5375000000000005,40,-0.5066248956809251,-0.9561051627887007,-0.7313650292348128,0.08642914541764428,0.08893414799728445,497.22687358770753,511.63815342837745,1085,1394,1343,-0.6133243431655497,-0.27054352354239886,1371,"Fairfax County, VA"
51059461201,VA,Virginia,Fairfax,51059,4633,3500,-77.3126083,38.8870961,3.5,24.8,13.8,30.6,79.6,10.3,9.0,5.2,81.1,93.0,7.9,73.0,3.6,5.5,80.8,18.4,9.6,19.4,16.6,4.1,2.4,9.9,5.5,41.3,4.0,4.0,3.0,28.3,13.9,83.7,10.1,8.2,21.6,9.1,1.8,2.6,30.6,2.4,3.4,2.4,3.5149999999999992,40,-0.3278422266874804,-1.123920226564768,-0.7258812266261243,0.0876972424679897,0.09300746775288526,406.30132435419625,430.9035980991174,944,1452,1337,-0.5805060317861158,-0.03709183700746365,1323,"Fairfax County, VA"
51059482201,VA,Virginia,Fairfax,51059,2481,1842,-77.34107,38.9591868,11.5,20.0,15.2,28.4,71.7,5.7,10.0,4.8,74.6,85.5,14.5,62.4,4.8,10.8,67.5,21.1,10.6,27.1,22.8,15.0,11.3,17.6,5.2,34.4,12.5,7.3,8.3,35.0,23.1,78.3,15.2,11.0,28.2,11.9,3.2,7.7,36.9,2.6,13.2,4.8,4.7125,40,-0.15404448974663432,0.5394602428831361,0.1927078765682509,0.30011556153633673,0.6591989137813985,744.5867081716514,1635.4725050916497,797,279,503,0.20177091151277443,-0.1359184198575872,461,"Fairfax County, VA"
51059460800,VA,Virginia,Fairfax,51059,3162,2385,-77.250557,38.9020666,4.9,24.3,14.0,30.6,78.3,9.2,9.2,5.3,79.5,91.4,9.4,68.8,4.2,7.1,77.0,19.2,10.2,21.5,18.0,6.0,3.9,12.0,5.6,40.2,5.3,4.8,3.9,29.6,16.6,81.6,11.3,9.3,22.9,10.0,2.2,3.4,32.7,2.5,3.7,3.0,3.9650000000000007,40,-0.20737877454125062,-0.7332871391014203,-0.47033295682133547,0.14679127452649024,0.27359131025118805,464.15401005276215,865.0957230142566,853,1281,1071,-0.3606969747778699,0.011893189545680548,1040,"Fairfax County, VA"
51059430102,VA,Virginia,Fairfax,51059,3117,2459,-77.3022141,38.802432,6.0,20.3,14.2,28.0,75.5,6.4,9.3,4.3,77.5,89.2,10.6,66.8,3.7,7.8,71.1,19.0,10.4,21.5,21.5,8.5,5.2,12.7,4.5,37.0,7.5,5.1,5.1,33.0,18.4,79.9,12.7,8.8,23.4,9.9,2.2,4.5,36.3,2.3,5.2,3.2,3.92,40,-0.4744829260466973,-0.2929330095442724,-0.3837079677954849,0.1668227929651447,0.32654446707399865,519.9866456723561,1017.8391038696537,1069,894,993,-0.3240471445525851,-0.3551612795608977,1007,"Fairfax County, VA"
51059430201,VA,Virginia,Fairfax,51059,4379,3296,-77.2964263,38.8082895,6.2,21.7,14.5,28.5,76.1,7.5,9.3,4.7,77.9,89.9,10.4,67.6,4.0,7.8,77.1,19.2,9.9,21.8,20.4,7.7,4.8,12.6,5.0,37.8,6.8,5.1,4.7,32.1,17.8,81.9,12.3,9.1,23.2,10.0,2.2,4.1,33.7,2.4,3.7,3.1,3.9875,40,-0.3849185618394773,-0.5309450597124564,-0.4579318107759669,0.1496589664992317,0.27970128988458925,655.3566143001356,1224.8119484046163,991,1141,1062,-0.37914602595798425,-0.22734699220351207,1059,"Fairfax County, VA"
51059492300,VA,Virginia,Fairfax,51059,3402,2529,-77.242462,38.7363597,6.5,19.9,15.2,27.0,74.3,6.7,9.2,4.2,77.2,90.0,10.0,68.9,3.5,7.3,75.4,18.9,9.3,20.3,20.6,7.6,4.6,11.8,4.4,36.2,7.2,4.6,4.7,32.1,16.7,80.9,12.2,8.0,23.8,9.4,2.0,4.3,34.5,2.1,5.4,2.9,3.820000000000001,40,-0.5997547237734864,-0.4126219988992742,-0.5061883613363802,0.13849992344240297,0.24983027834351662,471.17673955105494,849.9226069246436,1140,1033,1106,-0.4330406623898879,-0.4534593258805016,1125,"Fairfax County, VA"
51059430802,VA,Virginia,Fairfax,51059,4276,3402,-77.2270784,38.7885941,7.3,22.1,14.4,29.1,75.8,7.3,9.6,4.8,77.6,89.6,11.2,67.9,4.2,8.5,75.7,19.9,10.2,23.2,20.7,9.2,6.1,13.8,5.1,37.2,8.3,5.6,5.4,32.5,19.4,81.8,13.0,9.8,25.2,10.6,2.4,5.0,34.2,2.5,6.0,3.5,4.062500000000001,40,-0.25395408887438337,-0.4038500829239602,-0.3289020858991718,0.17949633031387782,0.35980991174473864,767.5263084221416,1538.5471826205023,881,1017,944,-0.2670745357101088,-0.13029898849625743,939,"Fairfax County, VA"
51059481900,VA,Virginia,Fairfax,51059,5821,4502,-77.3127711,38.9599681,5.8,22.8,14.5,29.8,77.0,8.2,9.5,5.1,78.4,90.0,10.5,69.8,4.2,7.7,75.2,19.4,9.9,22.8,19.9,7.5,5.0,12.7,5.5,37.8,6.7,5.3,4.7,31.9,17.8,80.8,12.3,9.6,23.6,10.1,2.3,4.2,32.9,2.6,4.2,3.2,3.8,40,-0.2331572826438053,-0.5509542389397175,-0.3920557607917614,0.164892415008305,0.32043448744059744,959.8387477633435,1865.2491513917178,869,1156,1002,-0.3178547726983293,-0.08475530645694107,1001,"Fairfax County, VA"
51059452600,VA,Virginia,Fairfax,51059,6347,5037,-77.1521699,38.8009935,8.0,19.4,14.2,28.9,73.6,5.5,9.8,4.1,77.4,89.1,11.3,66.3,3.7,8.3,70.9,18.5,10.3,22.4,22.5,11.3,8.0,14.2,4.2,34.7,10.4,5.6,6.5,33.7,19.5,81.5,13.1,9.2,27.0,10.0,2.5,6.5,37.7,2.4,6.5,3.7,4.119999999999999,40,-0.3806182993395153,-0.18741463983301776,-0.28401646958626653,0.18987586468281165,0.39171758316361166,1205.1421131418056,2486.2315003394433,983,794,897,-0.28371137011668185,-0.38000810040034594,957,"Fairfax County, VA"
51059450400,VA,Virginia,Fairfax,51059,2726,2215,-77.168111,38.8613778,7.2,23.2,14.3,30.1,77.4,8.3,9.3,5.2,78.4,90.7,10.4,68.9,4.3,7.9,77.4,18.8,10.6,22.8,20.2,7.8,4.8,13.4,5.5,39.5,6.9,5.2,4.6,31.5,18.3,81.6,11.9,9.9,23.7,10.5,2.4,4.0,32.8,2.6,6.0,3.3,4.090000000000001,40,-0.19203817813502985,-0.5513495535508367,-0.3716938658429333,0.169600983271346,0.3333333333333333,462.3322803976892,908.6666666666666,836,1157,983,-0.29375679945297933,-0.03616404535512199,969,"Fairfax County, VA"
51059451502,VA,Virginia,Fairfax,51059,4924,3916,-77.1269418,38.8533565,12.1,23.7,12.6,32.7,77.4,7.8,9.5,6.4,77.9,88.0,13.2,64.8,5.2,9.2,69.1,18.5,12.5,29.3,22.4,14.2,10.3,18.4,7.1,37.8,11.7,7.5,7.6,34.0,25.1,80.8,13.3,13.4,27.0,12.3,3.3,7.1,35.3,3.3,6.5,5.3,4.3575,40,0.2787837621524474,-0.03939032270494949,0.11969671972374894,0.28323216159591436,0.6198234894772573,1394.6351636982822,3052.010862186015,519,647,561,0.10315588309289983,0.24570208889074915,546,"Fairfax County, VA"
51059471000,VA,Virginia,Fairfax,51059,2247,1706,-77.1870281,38.9017568,3.9,20.2,15.0,26.2,75.6,7.8,8.7,3.9,78.6,91.9,7.9,69.3,2.9,5.4,80.8,18.2,8.3,17.4,18.1,4.5,2.5,9.1,4.3,37.3,4.6,3.7,3.2,29.7,13.6,82.9,10.6,6.7,20.9,8.1,1.6,2.9,31.7,1.9,3.1,2.2,3.2900000000000005,40,-0.8409131145854544,-0.825038705050861,-0.8329759098181577,0.06293222783228354,0.028513238289205704,141.4087159391411,64.06924643584522,1253,1340,1432,-0.7061381958370421,-0.5872376866232233,1431,"Fairfax County, VA"
51059481600,VA,Virginia,Fairfax,51059,3480,2622,-77.3352284,38.9025047,3.7,25.4,14.0,30.8,79.6,10.5,9.1,5.3,81.1,93.0,8.1,73.9,3.8,5.8,82.4,18.7,9.6,19.8,16.4,4.3,2.5,10.3,5.6,41.4,4.1,4.1,3.1,28.2,14.2,83.6,10.3,8.5,22.1,9.3,1.9,2.7,29.3,2.4,2.6,2.5,3.7,40,-0.26806426841775005,-1.1672876972942166,-0.7176759828559833,0.08959465675598671,0.09843856076035302,311.7894055108338,342.56619144602854,893,1457,1329,-0.571259052401954,0.02476959249030858,1310,"Fairfax County, VA"
51059481201,VA,Virginia,Fairfax,51059,1156,943,-77.384211,38.9476928,4.6,22.7,13.8,30.2,78.5,8.1,9.0,4.8,79.7,91.4,8.9,73.8,3.8,6.7,77.9,18.0,10.4,19.8,19.5,6.0,3.6,11.3,4.8,40.1,5.3,4.4,3.8,30.6,15.9,82.9,10.9,8.5,22.2,9.3,2.0,3.3,33.1,2.4,3.2,2.7,3.8875,40,-0.3622059382390378,-0.9207905493059708,-0.6414982437725043,0.10721031018608809,0.15071283095723015,123.93511857511784,174.22403258655805,969,1383,1252,-0.550249510126552,-0.17970847094713316,1279,"Fairfax County, VA"
51059470400,VA,Virginia,Fairfax,51059,4994,3681,-77.1540845,38.9362124,3.7,24.9,13.6,30.7,79.9,10.2,9.0,5.2,81.1,92.9,8.0,71.8,3.7,5.4,82.9,18.4,9.7,19.8,16.3,4.3,2.5,10.3,5.6,41.0,4.0,4.1,3.1,28.2,14.4,82.5,10.1,8.5,21.6,9.1,1.9,2.6,29.1,2.4,3.1,2.5,3.6475,40,-0.3118911370022227,-1.0849046338137183,-0.6983978854079704,0.09405260323118693,0.11269517990495587,469.6987005365475,562.7997284453496,931,1440,1308,-0.5599709658801522,-0.03503729794658615,1294,"Fairfax County, VA"
51059491502,VA,Virginia,Fairfax,51059,7014,5307,-77.4116361,38.8641311,3.8,21.1,12.9,28.8,78.2,7.5,8.5,4.4,79.8,91.7,8.1,67.2,3.3,6.0,77.4,16.8,10.3,18.4,19.7,5.5,3.0,10.5,4.5,40.2,4.7,4.0,3.5,30.3,15.8,82.4,10.3,7.8,20.3,8.8,1.8,2.9,33.1,2.2,3.1,2.6,3.4075,40,-0.6083651240389795,-0.7961471899844001,-0.7022561570116899,0.09316040065037992,0.10726408689748812,653.4270501617648,752.3503054989817,1144,1314,1316,-0.6056331462589978,-0.4151191025335954,1362,"Fairfax County, VA"
51059481104,VA,Virginia,Fairfax,51059,2948,2180,-77.4102485,38.9442444,6.7,12.9,13.7,22.0,66.1,3.5,8.1,2.7,73.8,86.9,10.2,60.8,2.4,8.0,75.6,16.3,7.6,18.2,26.3,10.4,6.0,11.4,3.1,31.2,8.7,4.4,5.6,36.0,18.7,83.1,12.5,6.0,20.3,7.9,1.6,4.9,35.8,1.6,5.8,2.8,4.0725,40,-1.3684020904309397,0.06866088361217437,-0.6498706034093826,0.10527425133832158,0.14188730482009504,310.348492945372,418.2837746096402,1387,550,1265,-0.6190121688998864,-1.306685221411947,1375,"Fairfax County, VA"
51059451602,VA,Virginia,Fairfax,51059,2885,2244,-77.1453706,38.8515749,9.1,21.4,13.8,30.3,75.0,6.4,9.6,5.1,77.1,88.2,12.4,64.7,4.5,9.4,68.5,19.3,11.7,25.3,22.4,12.4,8.7,16.3,5.3,37.1,10.5,6.3,6.9,33.6,21.8,80.8,13.5,10.9,26.7,11.3,3.0,6.5,37.1,2.7,7.6,4.4,4.245,40,-0.08975556280969169,-0.030846619933719264,-0.06030109137170547,0.24160872807605505,0.5118805159538357,697.0411804994188,1476.775288526816,749,632,720,-0.047659849337150874,-0.06447307874058249,705,"Fairfax County, VA"
51059451900,VA,Virginia,Fairfax,51059,6015,4724,-77.1543577,38.8234282,7.0,18.4,15.0,26.3,73.2,6.1,9.1,3.8,77.0,89.6,10.0,67.8,3.1,6.6,70.6,18.2,8.9,20.2,21.1,8.2,5.1,11.7,4.1,34.5,8.1,4.7,5.1,32.9,16.9,82.4,12.1,7.7,24.0,8.9,1.9,4.8,36.7,2.0,5.1,3.0,3.767500000000001,40,-0.7489899866281604,-0.32825200134015975,-0.5386209939841601,0.13100006819042445,0.23014256619144602,787.9654101654031,1384.3075356415477,1210,932,1135,-0.48324256629169204,-0.6382331312432243,1195,"Fairfax County, VA"
51059451400,VA,Virginia,Fairfax,51059,3263,2452,-77.146627,38.8705495,24.0,21.4,12.4,32.7,74.1,4.6,9.3,6.6,73.6,82.5,18.4,56.6,6.5,14.7,53.9,18.7,16.2,35.7,28.6,27.7,20.5,28.0,6.9,38.8,19.8,10.0,12.7,38.2,36.4,77.1,15.7,16.9,29.7,15.7,4.9,11.2,39.9,3.7,17.7,8.5,5.5925,40,0.564609018302877,1.4310887852960217,0.9978489017994494,0.4862996808534883,0.9266802443991853,1586.7958586249324,3023.7576374745418,374,68,109,0.8949765128524095,0.3588642404087974,88,"Fairfax County, VA"
51059482206,VA,Virginia,Fairfax,51059,1154,1001,-77.3478597,38.9667029,6.0,31.3,10.6,40.0,84.4,11.2,9.2,8.3,83.2,92.5,9.7,71.5,6.0,7.4,73.3,17.9,15.4,28.1,18.1,7.7,5.7,15.8,8.5,45.8,5.9,6.2,4.6,29.1,22.3,82.2,10.6,14.4,23.8,11.9,3.0,4.1,31.2,4.0,7.6,4.4,4.257500000000001,40,0.9440735139944398,-0.9080088035817925,0.01803235520632368,0.2597228761658503,0.5519348268839104,299.72019909539125,636.9327902240326,209,1377,661,0.04284928474482891,0.9937073730714503,615,"Fairfax County, VA"
51059422101,VA,Virginia,Fairfax,51059,6872,5190,-77.2112298,38.7084014,10.0,20.9,12.9,32.5,74.1,4.8,10.6,4.9,77.2,86.5,14.4,60.9,5.0,11.7,66.3,19.7,13.1,27.7,24.6,18.4,15.2,19.3,4.6,35.3,14.9,7.9,9.8,35.5,25.4,79.6,15.3,12.4,31.0,12.3,3.8,10.3,40.2,3.0,10.2,5.6,4.717499999999999,40,0.22262180381406632,0.33066811899089044,0.2766449614024784,0.31952551796405965,0.7046843177189409,2195.779359449018,4842.590631364562,551,380,436,0.20526996390363908,0.07987180881638774,458,"Fairfax County, VA"
51059451300,VA,Virginia,Fairfax,51059,2491,1983,-77.153342,38.8675675,6.3,23.5,14.5,30.3,77.1,8.3,9.4,5.3,78.4,90.2,10.5,71.7,4.4,8.0,75.6,19.8,10.5,23.1,19.0,7.7,5.2,13.2,5.7,38.7,6.9,5.4,4.8,30.9,18.3,81.7,12.4,9.9,24.7,10.5,2.4,4.4,32.9,2.6,5.0,3.4,4.025,40,-0.14312726602482004,-0.604055797895139,-0.3735915319599795,0.16916215916018015,0.3319755600814664,421.3829384680088,826.9511201629327,789,1209,985,-0.29512841244144483,0.013798973012249294,972,"Fairfax County, VA"
51061930405,VA,Virginia,Fauquier,51061,4932,3561,-77.7754716,38.7179146,6.9,25.3,16.7,31.4,75.4,7.6,10.5,5.0,78.7,88.3,13.0,66.1,5.2,11.1,70.9,22.8,10.4,27.0,19.4,9.7,7.4,15.3,5.4,36.9,8.8,6.6,6.0,31.5,19.6,77.0,15.9,11.3,32.8,11.8,2.9,5.7,33.8,2.7,7.2,3.7,5.077500000000001,40,0.20245476788226655,-0.10496887976456637,0.04874294405885009,0.26682451893405584,0.572980312287848,1315.9785273827633,2825.938900203666,564,704,630,0.09433950862400944,0.29364789701258526,550,"Fauquier, VA"
51059471401,VA,Virginia,Fairfax,51059,3759,2851,-77.1976624,38.8849109,9.0,20.5,14.7,27.9,74.2,6.5,9.2,4.6,76.2,88.6,11.6,65.3,4.2,9.1,71.8,19.2,10.3,23.3,21.9,10.3,6.6,14.6,5.0,37.0,8.7,5.6,5.7,33.1,20.3,80.6,12.9,9.7,24.5,10.7,2.5,5.0,34.9,2.4,6.0,3.7,4.265,40,-0.3907477970987193,-0.11169788647400998,-0.25122284178636467,0.19745919793723865,0.4086897488119484,742.24912504608,1536.2647657841142,997,717,872,-0.19812062503290645,-0.28454336359180293,850,"Fairfax County, VA"
51059482507,VA,Virginia,Fairfax,51059,3656,2890,-77.4217944,38.9505903,6.4,11.6,15.7,19.6,62.8,3.0,8.5,2.2,72.9,86.4,10.3,60.1,2.1,6.9,71.4,17.5,6.5,17.2,25.1,9.0,5.1,10.1,2.6,28.7,8.4,4.2,5.4,36.4,16.3,79.9,13.0,5.1,20.8,7.4,1.5,4.7,38.3,1.3,5.7,2.5,3.8325,40,-1.5447927225238447,0.3297767671210296,-0.6075079777014075,0.11507035899180579,0.17854718262050237,420.697232474042,652.7684996605567,1421,382,1211,-0.5682134558261999,-1.4662036787734294,1305,"Fairfax County, VA"
51059482203,VA,Virginia,Fairfax,51059,4695,4335,-77.3624427,38.959634,4.6,22.1,15.8,28.0,76.1,8.6,9.3,4.6,78.1,90.8,9.2,72.5,3.6,6.2,78.6,19.9,8.6,20.1,17.6,5.3,3.4,10.5,5.0,37.2,5.3,4.4,3.8,30.1,14.6,81.1,11.6,8.0,23.1,9.1,1.9,3.4,31.8,2.2,4.6,2.6,3.7624999999999993,40,-0.5035282920094521,-0.7004814639039325,-0.6020048779566923,0.11634291839118557,0.1846571622539036,546.2300018466162,866.9653767820774,1083,1265,1202,-0.4817692587611887,-0.26305705361844495,1191,"Fairfax County, VA"
51059461603,VA,Virginia,Fairfax,51059,5056,4090,-77.2721415,38.8712084,5.3,16.0,15.2,23.4,70.9,5.3,8.5,3.3,75.5,88.6,9.3,65.7,2.7,6.3,74.9,18.1,8.0,18.2,21.2,7.1,4.2,10.2,3.8,33.4,6.4,4.1,4.4,33.0,15.8,82.5,11.9,6.4,20.6,8.0,1.6,3.8,34.7,1.7,4.7,2.5,3.645,40,-1.1213247439798895,-0.2823936645966161,-0.7018592042882528,0.09325219362938314,0.1079429735234216,471.48309099016114,545.7596741344196,1335,883,1315,-0.6228267956598619,-0.9632599267231076,1382,"Fairfax County, VA"
51059480401,VA,Virginia,Fairfax,51059,4717,3424,-77.3068139,38.99028,3.3,22.5,13.8,28.7,78.6,9.1,8.6,4.7,80.3,92.6,7.6,70.0,3.2,5.1,80.7,17.6,9.2,18.3,17.4,4.0,2.2,9.4,5.1,39.9,3.8,3.7,2.9,28.9,13.9,79.7,9.9,7.5,20.2,8.4,1.7,2.5,31.2,2.2,2.5,2.3,3.4200000000000004,40,-0.5948143989951237,-0.8945579753072226,-0.7446861871511732,0.0833487061191623,0.07875084860828242,393.15584676408855,371.46775288526817,1133,1373,1358,-0.6108696253940544,-0.3271812754808862,1367,"Fairfax County, VA"
51059430902,VA,Virginia,Fairfax,51059,3415,2611,-77.2587998,38.7916693,7.8,22.4,13.0,31.1,77.2,6.8,9.1,5.3,78.2,89.4,11.1,67.4,4.5,8.9,71.8,18.4,12.3,24.0,21.3,10.6,7.1,15.3,5.4,39.3,8.6,5.7,5.8,32.1,21.6,80.0,12.4,10.7,25.2,11.1,2.7,5.3,35.9,2.7,4.8,4.0,4.09,40,-0.08344736359141139,-0.3258909416263715,-0.20466915260889146,0.20822446433014583,0.4351663272233537,711.0865456874479,1486.0930074677528,741,931,833,-0.17756686109763356,-0.029242780568895645,830,"Fairfax County, VA"
51059491404,VA,Virginia,Fairfax,51059,4006,3051,-77.4383709,38.8131237,6.0,18.1,14.5,26.0,73.6,5.5,8.9,3.6,76.8,89.6,9.9,65.5,3.1,7.5,75.5,18.1,9.5,19.4,22.1,8.1,4.8,11.7,3.8,35.9,7.3,4.5,4.8,33.0,17.7,82.4,12.2,7.6,22.5,9.1,1.9,4.3,34.9,2.0,4.8,2.9,3.7425000000000006,40,-0.7984588060880573,-0.375507922661151,-0.5869833643746042,0.11981655492124392,0.19484046164290564,479.98511901450314,780.53088934148,1234,985,1187,-0.5240771818071742,-0.6726464409531974,1247,"Fairfax County, VA"
51059461000,VA,Virginia,Fairfax,51059,2530,1884,-77.2747173,38.9020855,4.2,23.0,14.4,29.2,77.8,8.8,9.2,4.7,79.8,92.0,8.6,69.8,3.5,6.1,79.7,18.9,9.3,19.7,17.6,5.1,3.1,10.5,5.0,38.9,4.9,4.3,3.5,29.5,14.9,82.4,11.0,8.2,22.5,9.1,1.9,3.1,31.8,2.3,6.8,2.6,3.69,40,-0.4377373922630896,-0.7985508216332176,-0.6181441069481536,0.11261081675672943,0.17175831636116767,284.90536639452546,434.5485403937542,1035,1318,1221,-0.5016313340506673,-0.20471184646811694,1215,"Fairfax County, VA"
51059471303,VA,Virginia,Fairfax,51059,4153,3368,-77.2091642,38.8962791,6.9,18.7,14.8,25.7,72.2,6.1,9.1,4.0,75.6,87.9,11.0,67.4,3.7,8.1,75.4,19.5,9.0,21.4,21.5,9.2,5.9,12.7,4.5,34.8,7.9,5.2,5.4,33.4,18.4,81.0,13.0,8.2,23.0,9.6,2.1,4.7,34.2,2.1,4.7,3.2,4.0225,40,-0.6885352121719176,-0.214974474496067,-0.4517548433339923,0.15108735383411445,0.28716904276985744,627.4657804730773,1192.613034623218,1178,825,1051,-0.3823209193244448,-0.5496673641528226,1063,"Fairfax County, VA"
51059491302,VA,Virginia,Fairfax,51059,3405,2784,-77.4453462,38.8317317,7.5,16.9,15.4,25.0,70.1,4.7,9.3,3.6,74.4,86.4,12.3,63.0,3.5,9.4,71.0,19.9,9.3,22.2,24.1,10.9,7.0,13.5,4.0,33.6,9.3,5.6,6.3,35.7,20.0,81.8,14.4,8.1,23.8,9.9,2.2,5.5,37.0,2.0,9.7,3.4,4.1,40,-0.7622000289077718,0.16262469921923714,-0.29978766484426733,0.18622886868127697,0.3801765105227427,634.109297859748,1294.501018329939,1215,492,914,-0.25218161101794745,-0.6669879212551321,918,"Fairfax County, VA"
51059461202,VA,Virginia,Fairfax,51059,6502,5064,-77.336499,38.8591863,5.5,17.0,14.2,25.1,71.7,5.1,8.9,3.5,76.4,88.6,10.2,62.5,3.1,7.5,74.2,18.3,9.1,19.5,22.4,8.6,5.4,11.7,3.8,34.5,7.5,4.7,5.2,33.7,17.6,80.3,12.6,7.3,21.9,8.8,1.9,4.7,35.7,1.9,3.4,2.9,3.735,40,-0.8881238984900287,-0.17712477962088016,-0.5326243390554545,0.13238675931876348,0.2348947725729803,860.7787090906002,1527.285811269518,1263,783,1128,-0.4755308753232131,-0.773936971025546,1183,"Fairfax County, VA"
51061930102,VA,Virginia,Fauquier,51061,2744,2262,-77.7615866,38.8867425,7.3,30.2,15.1,35.4,79.9,10.3,10.0,6.7,80.8,90.3,12.1,72.2,6.2,10.5,75.6,21.8,11.8,28.8,17.9,8.1,5.9,15.8,7.2,41.6,7.1,6.5,5.0,29.7,20.2,80.6,14.3,13.0,31.6,12.6,3.0,4.5,29.6,3.2,4.9,3.8,5.154999999999999,40,0.6673513199342517,-0.6837991706245643,-0.008223925345156313,0.253651265953692,0.5369993211133741,696.0190737769308,1473.5261371350987,322,1250,683,0.05508281951898325,0.7939648096625308,601,"Fauquier, VA"
51059452502,VA,Virginia,Fairfax,51059,5011,3580,-77.1493966,38.8153416,15.1,18.4,13.8,30.3,70.4,3.9,10.2,4.5,74.4,83.9,16.4,58.7,4.8,13.2,59.3,19.1,12.3,29.4,28.3,22.8,17.7,21.4,4.5,33.4,18.6,8.4,11.5,38.3,28.4,77.7,16.4,12.2,31.6,12.8,3.8,11.6,42.6,2.8,10.6,6.0,4.925,40,-0.014779039701349101,0.9286135493534952,0.45691725482607304,0.3612124239054345,0.7854718262050238,1810.0354561901324,3935.999321113374,690,148,317,0.3737308422380232,-0.18115186487744878,317,"Fairfax County, VA"
51059450500,VA,Virginia,Fairfax,51059,3065,2439,-77.181402,38.8637809,13.2,19.5,14.0,27.8,74.7,5.9,8.4,4.8,75.5,87.9,12.0,61.9,4.0,8.7,71.8,17.0,11.5,24.8,24.2,12.4,6.9,16.5,5.3,37.9,10.2,5.7,6.3,34.5,23.4,80.1,12.3,10.5,23.8,11.1,2.6,5.1,34.1,2.5,10.7,4.3,4.4525,40,-0.44398658256600937,0.21307624533600178,-0.1154551686150038,0.22885467260441275,0.47997284453496264,701.4395715325251,1471.1167684996606,1043,465,767,-0.09048172503468588,-0.39403969540537354,746,"Fairfax County, VA"
51059461604,VA,Virginia,Fairfax,51059,2520,2010,-77.2528744,38.8770696,5.7,18.7,14.7,26.2,74.3,6.3,8.6,4.1,76.8,89.4,9.7,63.4,3.3,7.1,72.4,18.0,9.3,19.9,21.2,7.3,4.3,11.5,4.4,36.4,6.3,4.5,4.4,32.6,17.1,79.0,11.8,7.7,21.1,8.9,1.9,3.7,34.0,2.1,8.1,2.8,3.725000000000001,40,-0.7692913416494759,-0.13832051238131973,-0.4538059270153978,0.15061305281491275,0.2837746096401901,379.54489309358013,715.112016293279,1217,736,1056,-0.37653920757372045,-0.6147579027661212,1055,"Fairfax County, VA"
51059452302,VA,Virginia,Fairfax,51059,5762,4014,-77.2178285,38.8220254,26.8,17.8,13.4,29.1,67.5,3.4,9.7,5.3,70.8,79.0,20.8,51.2,5.9,16.1,49.4,20.4,14.3,36.0,28.4,34.1,27.4,29.6,5.8,34.5,25.1,10.9,16.2,39.0,36.8,72.0,17.6,15.3,33.2,16.0,5.3,15.1,42.2,3.0,19.6,9.4,6.42,40,0.18409217944252804,2.2798242340602703,1.2319582067513992,0.5404360785782385,0.9640190088255262,3113.9926847678103,5554.6775288526815,576,19,54,1.1423055270807763,0.004786820101282265,35,"Fairfax County, VA"
51059451601,VA,Virginia,Fairfax,51059,6129,4140,-77.1390073,38.8502385,37.7,16.6,14.2,27.8,63.9,2.9,9.8,5.4,67.3,74.3,25.2,43.6,6.0,17.7,46.4,20.9,14.1,41.5,31.3,41.4,32.1,35.2,6.3,33.6,30.4,12.7,19.6,42.2,41.5,67.2,19.2,16.8,34.5,17.9,6.1,17.0,41.8,3.0,24.3,11.5,6.8575,40,0.1704811862245498,3.3843394847210946,1.7774103354728221,0.6665686703021567,0.9904955872369314,4085.3993802819186,6070.747454175153,587,8,15,1.6790062934035284,-0.02632689791403772,12,"Fairfax County, VA"
51059461700,VA,Virginia,Fairfax,51059,6937,5482,-77.2532257,38.8689851,6.8,17.4,13.9,26.0,72.2,5.2,8.6,4.0,75.8,87.6,10.4,66.9,3.3,7.5,73.8,17.9,9.7,20.8,21.8,9.7,6.1,12.9,4.3,35.0,8.0,5.0,5.6,33.1,18.9,81.6,12.2,8.0,22.6,9.2,2.1,5.0,34.7,2.1,4.1,3.4,3.9,40,-0.7724531858641337,-0.21123510529638817,-0.4918441455802609,0.14181693883989982,0.26137135098438563,983.784104732385,1813.1330617786832,1218,819,1089,-0.449788367130563,-0.6883416289647378,1145,"Fairfax County, VA"
51059460503,VA,Virginia,Fairfax,51059,3778,2969,-77.2200457,38.9019952,5.4,18.2,14.8,25.8,72.9,5.9,8.9,3.9,76.6,89.2,9.8,64.7,3.3,7.1,75.9,18.8,9.0,19.5,20.5,7.5,4.7,11.5,4.2,35.7,6.6,4.6,4.7,32.1,16.6,81.5,12.1,7.5,22.0,8.9,1.9,4.1,33.6,2.0,4.5,2.9,3.665000000000001,40,-0.7865476704030665,-0.32383628213429183,-0.5551919762686792,0.12716812615023668,0.2158859470468432,480.4411805955942,815.6171079429736,1225,928,1156,-0.47789523328316635,-0.6319541844320409,1186,"Fairfax County, VA"
51153901235,VA,Virginia,Prince William,51153,3262,2389,-77.3364202,38.6980298,5.2,21.1,15.8,30.4,75.9,6.6,9.9,3.8,81.0,90.8,9.8,68.4,3.5,8.0,77.5,20.2,9.3,21.9,18.9,7.3,4.8,11.4,4.0,36.0,7.4,4.8,4.7,31.0,16.5,79.5,13.3,8.8,31.3,9.4,2.1,4.7,34.7,2.2,3.3,2.9,3.995,40,-0.3411947349239129,-0.6300347082441088,-0.48561472158401087,0.14325745644395796,0.2661235573659199,467.30582292019085,868.0950441276308,951,1221,1082,-0.43213107349334495,-0.2342274387425811,1124,"Prince William, VA"
51153901228,VA,Virginia,Prince William,51153,6336,4682,-77.3642237,38.6397935,12.4,21.8,14.7,33.2,75.1,5.6,10.0,4.7,78.8,87.4,13.9,65.9,5.0,12.4,65.5,20.0,12.1,29.4,23.7,15.7,11.2,18.5,4.9,36.7,13.5,7.2,8.2,34.7,25.2,76.2,15.5,12.8,35.5,12.5,3.4,7.9,39.4,2.8,11.0,4.9,4.915,40,0.1862830483679195,0.27579162105760224,0.2310373347127609,0.3089790229485658,0.6802443991853361,1957.6910894021128,4310.02851323829,574,412,472,0.19761947514581812,0.11944732923403402,466,"Prince William, VA"
51107611202,VA,Virginia,Loudoun,51107,4735,3648,-77.3749149,39.0517538,5.2,25.1,13.6,32.4,79.0,9.5,9.1,5.3,81.4,91.5,9.6,67.5,4.0,6.8,79.6,18.6,9.3,23.8,16.8,5.9,3.6,12.3,6.3,38.4,5.4,5.0,3.9,30.4,17.2,79.6,12.0,9.9,26.9,10.0,2.1,3.5,27.0,2.6,4.5,2.9,4.3100000000000005,40,-0.13990365723153,-0.7268160601046465,-0.43335985866808824,0.15534108568052035,0.29463679565512557,735.5400406972639,1395.1052274270196,785,1278,1040,-0.353643043892391,0.01952997231986452,1031,"Loudoun, VA"
51107611502,VA,Virginia,Loudoun,51107,6550,5077,-77.4032175,39.0156284,14.0,21.6,13.5,31.4,74.9,6.0,9.2,5.0,77.3,87.2,13.7,60.6,4.7,10.6,66.9,18.2,11.5,28.6,23.2,14.4,8.8,19.0,5.6,37.0,11.8,6.7,7.4,35.4,25.5,77.0,14.4,12.1,30.8,12.3,3.1,6.3,32.7,2.7,11.7,4.7,4.81,40,-0.04005400105443931,0.42877592316943997,0.19436096105750034,0.3004978275868083,0.6605566870332654,1968.2607706935944,4326.646300067889,705,324,501,0.17534219560577957,-0.07809153195788084,485,"Loudoun, VA"
51107611300,VA,Virginia,Loudoun,51107,6349,4771,-77.3859529,39.0114479,13.2,19.3,14.0,29.4,71.5,4.9,9.2,4.3,76.2,86.0,14.0,65.0,4.3,11.2,69.2,18.9,10.7,27.2,23.2,15.5,10.3,18.6,4.8,34.9,12.8,6.7,8.0,35.6,25.0,75.0,15.2,10.7,31.7,11.9,3.0,7.2,33.3,2.4,9.1,4.6,4.955,40,-0.2787382871600943,0.4574825385996751,0.08937212571979039,0.276219777862697,0.5960624575695859,1753.7193696502634,3784.4005431093005,901,313,596,0.0724360723559564,-0.3126103938877623,577,"Loudoun, VA"
51153901420,VA,Virginia,Prince William,51153,4546,3138,-77.5594319,38.7715293,6.3,17.8,17.3,27.0,71.4,5.1,9.5,3.2,78.5,89.0,10.7,60.2,3.1,9.0,71.9,20.6,8.4,21.6,20.1,8.3,5.3,11.7,3.6,33.5,8.3,4.9,5.2,32.2,17.2,76.2,14.2,7.8,30.9,9.3,2.0,5.1,37.4,1.9,6.1,2.9,4.3775,40,-0.6851617923498527,0.029026619500972836,-0.32806758642443995,0.17968930340170297,0.3604887983706721,816.8675732641417,1638.7820773930753,1176,576,943,-0.2739859039624472,-0.5769984274258673,944,"Prince William, VA"
51153900904,VA,Virginia,Prince William,51153,6853,4995,-77.2885287,38.5604161,7.7,19.2,14.7,31.8,73.9,4.6,10.4,3.6,80.2,88.8,12.0,63.2,3.6,10.1,71.0,19.1,10.5,24.9,24.0,12.8,9.1,14.5,3.6,33.5,12.4,6.0,7.3,35.1,20.8,78.2,15.1,10.0,35.0,10.2,2.7,7.7,40.7,2.4,7.9,3.8,4.6,40,-0.1875333473965848,-0.059738281415248534,-0.12363581440591667,0.22696294645421528,0.47522063815342835,1555.3770720507373,3256.6870332654444,827,666,774,-0.16917366473681772,-0.2786090480583869,823,"Prince William, VA"
51153901219,VA,Virginia,Prince William,51153,5662,4442,-77.3683538,38.7037012,5.1,25.8,15.4,34.1,79.2,9.2,9.7,5.3,82.0,91.5,9.9,72.1,4.6,8.7,78.4,20.7,10.4,24.5,17.5,6.5,4.3,12.4,5.7,40.2,6.3,5.2,4.3,29.4,17.2,79.6,12.9,10.5,31.0,10.6,2.4,4.0,32.6,2.7,4.7,3.0,4.09,40,0.13598208969779493,-0.8186650289941485,-0.3413414696481768,0.17661979609741366,0.35030549898167007,1000.0212855035561,1983.429735234216,605,1336,958,-0.25614140097329524,0.306382227047558,925,"Prince William, VA"
51107611204,VA,Virginia,Loudoun,51107,5768,4399,-77.3725977,39.0390863,13.5,21.4,14.5,30.5,73.6,5.9,9.5,4.7,76.9,87.0,14.0,64.3,4.7,10.8,69.0,19.5,10.9,28.1,22.0,14.0,8.9,18.7,5.3,36.2,11.9,6.7,7.4,34.9,24.4,75.1,15.0,11.5,32.2,12.4,3.1,6.5,31.6,2.6,11.3,4.6,5.069999999999999,40,-0.07212176541145919,0.41366630158506185,0.17077226808680132,0.2950430812890015,0.6429056347589952,1701.8084928749604,3708.2797012898845,733,335,527,0.16592428992403552,-0.08181772173699083,491,"Loudoun, VA"
51107611206,VA,Virginia,Loudoun,51107,4311,3334,-77.392009,39.0575376,6.0,20.1,15.5,27.8,73.1,6.2,9.5,3.7,78.4,89.3,10.7,67.3,3.5,8.0,75.8,20.2,8.4,21.4,18.3,7.6,4.8,12.3,4.2,34.6,7.1,4.9,4.8,32.2,17.0,79.1,13.8,7.9,29.0,9.6,2.0,4.5,30.5,2.0,4.5,2.8,4.2475000000000005,40,-0.5595059652694606,-0.3470702016503192,-0.4532880834598899,0.15073280108671222,0.28445349626612354,649.8091054848164,1226.2790224032585,1116,948,1055,-0.3910593020521569,-0.4350484024539946,1070,"Loudoun, VA"
51153901416,VA,Virginia,Prince William,51153,4984,3444,-77.542824,38.7240552,6.8,20.1,16.4,30.1,72.3,5.3,10.2,3.9,78.8,87.8,12.5,58.8,4.2,11.3,68.9,22.5,9.9,25.2,19.7,11.1,8.5,14.5,4.3,34.4,10.0,6.3,6.7,32.1,20.0,77.0,15.7,9.9,34.2,10.9,2.8,6.9,38.3,2.3,8.8,3.8,4.657500000000001,40,-0.19504408762037378,0.18499402839388562,-0.005025029613244081,0.25439099174826624,0.5403937542430414,1267.884702873359,2693.322471147318,842,478,678,0.023022412086211072,-0.13894920422146348,630,"Prince William, VA"
51153901009,VA,Virginia,Prince William,51153,7488,5428,-77.355868,38.6215185,6.3,22.7,15.9,31.7,76.3,7.4,10.1,4.4,80.7,90.4,10.7,69.8,4.2,9.1,73.2,20.9,9.7,24.0,19.2,8.3,5.8,12.8,4.7,36.9,8.1,5.4,5.2,31.3,17.7,79.0,13.8,9.9,32.1,10.3,2.4,5.1,36.0,2.4,4.1,3.1,4.2025,40,-0.099446302000574,-0.5214303959758788,-0.3104383489882264,0.18376596071195725,0.37474541751527496,1376.039513811136,2806.093686354379,755,1133,922,-0.2557791197463491,0.009872156483180633,924,"Prince William, VA"
51107611805,VA,Virginia,Loudoun,51107,5069,3416,-77.4967137,38.8951302,5.1,18.7,15.3,26.7,71.9,5.6,9.3,3.2,78.6,89.9,10.0,60.7,3.1,8.0,77.0,19.6,8.1,19.6,18.6,7.0,4.4,11.5,3.6,34.5,6.5,4.5,4.4,31.7,16.4,76.8,13.3,7.2,27.8,9.1,1.9,4.2,30.5,1.8,6.3,2.6,4.4425,40,-0.7633996817788004,-0.14717635121248587,-0.4552880164956431,0.15027032835300938,0.28241683638832316,761.7202944214046,1431.57094365241,1216,744,1058,-0.3864260950375349,-0.6256758388625839,1067,"Loudoun, VA"
51153901015,VA,Virginia,Prince William,51153,3726,2602,-77.3147366,38.5841196,9.3,18.6,14.6,32.2,71.9,3.8,11.0,3.4,79.8,87.7,13.6,59.9,3.7,11.4,64.1,19.7,10.8,27.0,25.6,16.7,12.9,16.4,3.4,31.6,16.2,7.0,9.3,36.8,22.8,77.1,16.7,10.8,38.4,10.9,3.1,10.4,44.5,2.5,12.9,4.4,5.014999999999999,40,-0.06543625669572534,0.39942971631458796,0.1669967298094313,0.29417001030256346,0.6415478615071283,1096.0774583873515,2390.40733197556,726,342,529,0.08040885410899783,-0.2386120080965923,569,"Prince William, VA"
51107610506,VA,Virginia,Loudoun,51107,5646,4079,-77.5260435,39.0894872,9.2,19.5,14.2,29.3,71.6,4.9,9.7,3.9,77.4,87.0,13.3,57.9,4.1,10.7,68.7,20.3,10.1,25.4,21.4,13.2,9.4,16.5,4.3,34.1,11.3,6.4,7.3,34.6,22.6,75.2,15.5,9.9,32.1,11.2,2.8,7.1,33.9,2.2,8.2,4.1,4.67,40,-0.3195249921491171,0.40710942284217155,0.04379221534652722,0.2656796920821174,0.5695858791581806,1500.0275414956348,3215.8818737270876,939,338,635,0.045583314395815255,-0.31594279405054104,612,"Loudoun, VA"
51107610703,VA,Virginia,Loudoun,51107,5364,4071,-77.6503433,39.0966955,5.5,26.4,14.5,33.4,78.1,9.1,9.8,5.4,80.6,90.7,10.9,68.9,4.9,9.0,77.2,20.8,10.0,24.6,16.9,6.9,4.7,13.9,5.9,39.5,6.1,5.6,4.5,30.4,18.0,78.2,13.4,10.5,29.8,11.2,2.5,4.0,28.7,2.7,5.1,3.2,4.275,40,0.14375683602496953,-0.5777991843170333,-0.21702117414603186,0.2053681321105591,0.42498302783435166,1101.594660641039,2279.6089613034624,600,1184,848,-0.14002616943371582,0.2977468454496016,798,"Loudoun, VA"
51153901900,VA,Virginia,Prince William,51153,8748,6357,-77.4478916,38.7873394,15.9,18.5,15.3,29.4,70.7,4.5,9.6,4.4,75.8,84.0,15.7,56.5,4.7,13.1,61.6,20.5,11.2,30.9,25.2,19.0,12.9,19.9,5.0,34.3,15.7,7.7,9.6,36.7,27.4,71.5,16.6,12.2,34.5,12.7,3.4,8.7,39.4,2.5,16.0,5.4,5.3225,40,-0.14119209679554948,1.1719842202137372,0.5153960617090938,0.37473530352159434,0.8071961982348947,3278.1844352069074,7061.352342158859,786,108,285,0.4902858460698125,-0.19141252807411216,245,"Prince William, VA"
51157950100,VA,Virginia,Rappahannock,51157,2729,2251,-78.1897421,38.7499605,7.9,33.6,13.9,40.0,80.7,11.0,10.7,8.1,80.7,89.1,14.3,72.4,8.5,14.0,67.5,23.7,13.6,33.3,19.6,10.6,8.7,19.2,8.6,42.8,8.4,8.3,6.1,31.9,24.6,73.7,15.9,16.3,35.2,15.0,3.8,5.5,35.2,4.0,11.7,4.7,5.4275,40,1.4323530654124625,-0.1538433468603979,0.6392548592760323,0.4033769208557252,0.8438560760353021,1100.815617015274,2302.8832315003397,81,752,231,0.6513163713752101,1.4564760896108182,174,"Rappahannock, VA"
51153901505,VA,Virginia,Prince William,51153,7669,5456,-77.61703,38.8344415,5.3,21.9,15.7,30.8,76.3,7.0,9.6,4.2,80.7,90.4,10.1,64.5,3.9,8.7,72.9,20.4,9.6,22.7,18.6,7.4,4.9,12.2,4.5,37.5,6.9,5.1,4.7,30.6,17.2,76.7,13.2,9.3,30.1,9.9,2.3,4.4,36.0,2.3,5.7,3.0,4.317500000000001,40,-0.2735306128564836,-0.3342736342407278,-0.3039021235486057,0.1852774243425488,0.3774609640190088,1420.8925672830067,2894.7481330617784,895,936,918,-0.23466998174222392,-0.13506632924372,893,"Prince William, VA"
51153901602,VA,Virginia,Prince William,51153,8294,6092,-77.4982233,38.7964637,14.7,19.1,16.0,29.7,71.2,4.9,9.7,4.3,76.5,85.3,14.9,60.7,4.5,12.3,67.6,20.6,10.7,29.8,24.1,16.7,11.4,18.5,4.9,34.2,14.6,7.3,8.8,35.7,25.5,77.7,16.2,11.7,35.0,12.2,3.2,8.2,38.2,2.5,11.6,4.9,4.9475,40,-0.1476310562475987,0.5965449195499077,0.22445693165115452,0.3074573435031229,0.6761710794297352,2550.0512070149016,5608.162932790224,792,251,478,0.2082511895833002,-0.18004254038330736,457,"Prince William, VA"
51107611011,VA,Virginia,Loudoun,51107,3833,2932,-77.4959445,39.0813289,6.3,17.9,15.7,26.5,70.1,5.0,9.7,3.2,77.3,87.8,11.5,62.0,3.3,8.7,71.2,20.8,8.1,21.5,19.4,9.0,6.1,12.8,3.7,32.4,8.3,5.2,5.6,33.5,17.7,77.6,14.7,7.6,29.6,9.5,2.1,5.3,33.0,1.8,5.6,3.0,4.467499999999999,40,-0.7023574001527251,0.05450235587187602,-0.32392752214042453,0.18064666887989914,0.36388323150033947,692.4186818166534,1394.7644263408013,1187,566,938,-0.2770175999133776,-0.6085375556986312,948,"Loudoun, VA"
51107611006,VA,Virginia,Loudoun,51107,5950,4146,-77.4598859,39.0182207,7.0,19.4,14.6,28.0,72.6,5.6,9.4,3.7,78.1,88.9,11.3,62.5,3.7,9.3,75.8,19.5,9.0,22.1,20.6,9.3,5.8,13.7,4.1,35.1,8.1,5.2,5.4,33.3,18.9,77.5,14.0,8.4,28.5,10.1,2.2,4.9,31.1,2.0,5.0,3.1,4.61,40,-0.5507234907388564,-0.1145371113351711,-0.33263030103701374,0.17863420252469375,0.3564154786150713,1062.873505021928,2120.672097759674,1112,719,949,-0.2884658607573508,-0.4623946101795305,965,"Loudoun, VA"
51107610601,VA,Virginia,Loudoun,51107,7193,5440,-77.5952768,39.0965719,7.2,24.3,15.2,31.8,75.8,7.9,9.9,5.0,79.0,89.0,12.2,64.2,4.9,9.9,76.5,21.4,9.6,25.6,17.8,8.9,6.4,14.9,5.6,36.9,7.8,6.1,5.4,31.8,19.4,77.4,14.5,10.5,31.3,11.4,2.6,5.0,28.6,2.6,8.5,3.5,4.805,40,0.03502629489028647,-0.1695245503115128,-0.06724912771061317,0.24000203560081865,0.5078071961982349,1726.3346420766886,3652.6571622539036,656,771,726,-0.014089977400292539,0.14134459551092773,667,"Loudoun, VA"
51153901417,VA,Virginia,Prince William,51153,3427,2581,-77.6157075,38.72553,7.0,24.1,16.1,32.1,76.3,8.1,9.9,5.1,79.7,89.1,12.0,66.8,5.0,10.9,73.6,22.0,9.8,26.7,19.2,8.8,6.2,14.2,5.7,37.8,7.9,6.1,5.3,31.7,19.7,78.0,14.6,11.1,31.7,11.4,2.6,4.9,34.5,2.6,9.0,3.5,4.527500000000001,40,0.06653818086828116,-0.2410122025770873,-0.08723701085440308,0.23537995536453699,0.4921928038017651,806.6471070342683,1686.744738628649,645,851,749,-0.0169761638462895,0.2070598748845083,671,"Prince William, VA"
51153901016,VA,Virginia,Prince William,51153,5440,3805,-77.3065775,38.6011606,10.1,17.5,14.5,30.5,72.0,3.8,10.2,3.4,78.9,87.3,13.0,61.9,3.6,10.9,65.9,18.6,10.4,25.9,25.8,15.4,10.8,16.0,3.5,32.6,14.1,6.4,8.2,36.7,22.9,77.1,15.5,10.2,34.5,10.5,2.8,8.4,41.7,2.3,9.8,4.2,4.58,40,-0.31357894140148673,0.30328202568835094,-0.005148457856567895,0.2543624496940646,0.539714867617108,1383.7317263357113,2936.0488798370675,933,396,679,-0.06465474616932607,-0.4325915180270031,725,"Prince William, VA"
51153901230,VA,Virginia,Prince William,51153,4419,3280,-77.389239,38.6634529,10.8,22.1,14.6,33.9,75.5,5.4,10.4,4.7,79.3,87.5,14.0,65.4,5.1,12.6,68.5,20.5,12.3,29.4,23.8,15.4,11.3,18.2,4.8,36.5,13.4,7.3,8.3,34.9,24.5,76.6,15.9,12.8,35.9,12.5,3.5,8.2,39.5,2.9,9.0,4.8,4.845000000000001,40,0.2808777024886657,0.13832004595377934,0.20959887422122253,0.3040215052453951,0.6646300067888663,1343.471031679401,2937.0,517,506,495,0.1650616438287691,0.19180324170375887,494,"Prince William, VA"
51107611205,VA,Virginia,Loudoun,51107,6018,4491,-77.3786571,39.0252724,11.3,20.0,13.9,29.7,73.2,5.4,9.1,4.3,77.2,87.2,12.9,63.1,4.2,10.1,69.8,18.5,10.6,25.9,22.2,13.2,8.4,17.1,4.8,35.7,11.0,6.1,7.1,34.7,23.1,75.6,14.4,10.3,30.5,11.4,2.8,6.3,32.8,2.4,6.7,4.2,4.7675,40,-0.2973350372850746,0.2557705906293127,-0.02078222332788096,0.2507472335211569,0.5329260013577732,1508.9968513303222,3207.1486761710794,916,428,689,-0.024048584299241144,-0.30386775922779496,680,"Loudoun, VA"
51153901102,VA,Virginia,Prince William,51153,3607,2253,-77.3313676,38.5267349,11.2,7.9,23.4,15.6,38.3,1.7,10.2,1.3,68.8,74.9,18.2,52.8,2.4,11.2,62.0,26.8,3.1,26.9,23.2,14.4,10.5,12.7,2.7,19.4,13.2,7.1,9.5,40.5,18.0,73.7,21.6,4.4,31.3,8.8,1.5,7.9,38.7,0.8,12.2,3.3,5.13,40,-1.6255170265419434,2.068813730496437,0.22164835197724686,0.3068078759977646,0.6748133061778683,1106.656008723937,2434.0515953835707,1428,26,480,0.2965274546685023,-1.4757588211594326,385,"Prince William, VA"
51153901415,VA,Virginia,Prince William,51153,4224,2840,-77.572052,38.7409926,5.9,17.8,18.2,25.8,70.2,5.3,9.7,3.0,78.2,89.1,10.8,60.4,3.1,8.9,75.5,21.7,7.6,21.2,19.4,7.5,4.8,11.2,3.6,32.9,7.8,4.9,4.9,32.0,16.2,74.9,14.5,7.5,30.6,9.3,2.0,4.8,36.5,1.8,5.7,2.7,4.455,40,-0.7544202242148152,0.027843644049807388,-0.3632882900825039,0.17154472315202066,0.3380855397148676,724.6049105941353,1428.0733197556008,1213,577,976,-0.28539204416612013,-0.5986277323820477,959,"Prince William, VA"
51107611102,VA,Virginia,Loudoun,51107,6225,4645,-77.4124143,39.0522021,6.3,21.7,15.3,29.1,74.9,7.2,9.3,4.0,79.1,90.3,10.2,69.6,3.7,7.8,78.4,19.8,8.7,21.5,17.7,7.0,4.4,12.3,4.5,36.3,6.7,4.7,4.4,31.1,16.7,74.7,13.0,8.3,28.9,9.8,2.0,4.0,29.0,2.1,2.8,2.8,4.4225,40,-0.45288721334712745,-0.4025063455141915,-0.4276967794306595,0.1566506393952142,0.3000678886625934,975.1502302352084,1867.9226069246438,1048,1014,1032,-0.35080373233565654,-0.2991011191571215,1030,"Loudoun, VA"
51107611901,VA,Virginia,Loudoun,51107,7388,5047,-77.5001788,38.9705643,4.6,14.8,12.0,25.1,72.0,4.0,7.5,2.7,78.9,90.3,7.9,57.7,2.2,6.4,75.5,14.6,8.6,16.4,21.8,7.1,3.6,10.2,3.1,34.9,6.0,3.5,4.1,32.6,17.1,78.7,10.9,5.8,21.9,7.5,1.4,3.5,32.1,1.5,4.3,2.3,3.9300000000000006,40,-1.2881947606078432,-0.21355109244638715,-0.7508729265271152,0.08191805908211217,0.06992532247114731,605.2106204986446,516.6082824168363,1370,823,1371,-0.711204243861701,-1.2088573952770147,1433,"Loudoun, VA"
51107611028,VA,Virginia,Loudoun,51107,6439,4121,-77.5539788,39.0202945,4.3,16.6,14.2,25.5,71.4,5.0,8.3,2.8,79.1,91.0,8.1,58.1,2.4,6.6,78.0,16.9,7.7,16.6,19.0,6.0,3.3,9.9,3.2,34.3,5.6,3.6,3.8,30.9,15.2,78.8,11.5,5.9,25.0,7.8,1.5,3.5,30.8,1.5,3.8,2.2,3.895,40,-1.1217381250659328,-0.29840695540585677,-0.7100725402358948,0.09135290807300682,0.10386965376782077,588.221375082091,668.8167006109979,1336,905,1321,-0.6458233024148656,-0.9932396494238744,1398,"Loudoun, VA"
51107611207,VA,Virginia,Loudoun,51107,4325,3349,-77.3944404,39.0372878,5.9,19.7,15.1,27.9,73.0,6.1,9.3,3.7,78.3,89.1,10.6,66.6,3.5,8.1,76.4,19.6,8.5,21.3,18.9,7.8,4.9,12.4,4.2,34.8,7.1,4.9,4.9,32.4,17.3,77.3,13.6,7.9,28.2,9.5,2.0,4.4,30.5,2.0,4.5,2.8,4.315,40,-0.5956064554586119,-0.2674391970753749,-0.4315228262669934,0.1557658886020417,0.2953156822810591,673.6874682038305,1277.2403258655806,1134,871,1039,-0.37326860393468975,-0.47909801079400455,1050,"Loudoun, VA"
51153901303,VA,Virginia,Prince William,51153,5107,3713,-77.4863504,38.7272124,7.4,20.7,16.3,29.7,74.0,6.1,9.9,4.0,79.1,88.7,11.8,67.3,4.2,10.0,74.0,21.4,9.6,24.7,19.9,9.8,6.7,13.9,4.4,35.8,9.0,5.8,5.9,32.3,18.9,76.1,14.6,9.8,31.9,10.7,2.6,5.5,35.9,2.3,6.4,3.5,4.4575000000000005,40,-0.25796069856025605,-0.14668229657998466,-0.20232149757012036,0.20876734572875366,0.4378818737270876,1066.174834636745,2236.262729124236,886,743,829,-0.1535862860699746,-0.1604902755599645,807,"Prince William, VA"
51107610701,VA,Virginia,Loudoun,51107,5640,3905,-77.7329499,39.1281225,4.4,21.9,16.6,28.2,74.1,7.8,9.5,3.9,79.2,90.6,9.8,67.1,3.4,7.3,78.3,21.0,7.6,20.4,15.9,5.1,3.3,10.8,4.5,35.5,5.3,4.5,3.7,30.0,14.4,78.3,13.1,7.6,28.5,9.3,1.9,3.5,29.2,2.0,4.7,2.4,4.0725,40,-0.5400572177001015,-0.4919376885635751,-0.5159974531318383,0.13623162874618622,0.24439918533604887,768.3463861284903,1378.4114052953157,1105,1104,1114,-0.4057869582972845,-0.31963622803099384,1087,"Loudoun, VA"
51107611808,VA,Virginia,Loudoun,51107,5569,3786,-77.5296094,38.9115884,6.0,17.8,12.9,27.8,73.5,4.8,8.6,3.4,78.9,89.5,9.9,56.7,3.1,8.3,76.0,17.0,9.6,20.1,21.5,8.9,5.3,12.8,3.7,35.8,7.4,4.6,5.0,33.3,19.3,77.6,12.6,7.7,25.6,9.2,2.0,4.4,31.0,1.9,5.8,2.9,4.492500000000001,40,-0.7784974221917861,-0.07780631884898546,-0.4281518705203858,0.15654540226147673,0.29803122878479293,871.8013451941639,1659.7359131025119,1221,687,1035,-0.39847526813052214,-0.7191442174120588,1079,"Loudoun, VA"
51107611701,VA,Virginia,Loudoun,51107,4797,3638,-77.405117,38.9907295,15.2,22.6,13.8,32.2,75.1,6.4,9.1,5.3,77.2,87.2,14.0,65.2,5.0,11.1,66.0,18.6,11.8,29.5,22.7,14.6,9.1,19.7,5.9,37.5,12.3,6.9,7.5,34.9,26.3,77.2,14.6,12.5,32.4,12.9,3.2,6.6,33.2,2.8,10.1,4.9,5.045,40,0.08776546738268066,0.33440068184837307,0.21108307461552686,0.30436471784374003,0.6673455532926001,1460.037551496421,3201.256619144603,628,376,491,0.1929342389392667,0.05146779603016036,472,"Loudoun, VA"
51153901012,VA,Virginia,Prince William,51153,3721,3119,-77.3236699,38.5975118,7.1,32.4,11.2,43.0,84.2,11.6,10.0,8.1,85.1,92.0,10.9,75.3,6.6,9.3,71.1,19.2,14.4,32.0,18.5,9.7,7.6,16.7,8.5,43.9,8.1,7.0,5.6,30.2,23.2,79.2,12.5,16.0,32.8,12.6,3.4,5.4,33.9,4.2,5.9,4.6,4.612500000000001,40,1.2630406778890388,-0.8865019891656225,0.18826934436170817,0.2990891771092128,0.6537678207739308,1112.9108280233809,2432.6700610997964,116,1370,511,0.17813734599631836,1.2427766811582592,481,"Prince William, VA"
51153901013,VA,Virginia,Prince William,51153,3494,2493,-77.3277781,38.5735915,11.0,19.0,15.2,31.5,72.5,4.3,10.6,3.7,78.9,87.2,13.9,59.3,4.0,11.5,60.8,19.9,10.8,27.7,24.9,16.1,11.7,17.0,3.8,32.8,15.1,7.0,8.8,36.3,23.4,74.3,16.3,11.1,36.9,11.3,3.1,9.1,43.4,2.5,9.5,4.5,4.8100000000000005,40,-0.0834699841848045,0.5371139825518861,0.22682199918354082,0.3080042514383092,0.6775288526816021,1076.1668545254522,2367.285811269518,742,280,476,0.1666455952009752,-0.20382279214993576,489,"Prince William, VA"
51153900202,VA,Virginia,Prince William,51153,4127,3057,-77.2665481,38.6628993,17.8,18.7,16.1,29.4,71.5,4.7,9.2,4.3,75.8,85.4,15.0,61.0,4.2,11.8,62.8,19.4,11.1,30.5,25.6,17.2,10.2,19.1,5.0,34.6,15.3,7.0,8.6,36.7,27.4,72.4,15.9,11.9,35.1,12.5,3.1,7.7,39.6,2.5,9.1,5.1,5.0475,40,-0.21773092562518442,0.8533213115872678,0.31779519298104164,0.329041266616852,0.7230142566191446,1357.9533073277482,2983.87983706721,861,168,409,0.2933538176258672,-0.26661367633553334,386,"Prince William, VA"
51107611027,VA,Virginia,Loudoun,51107,2163,1647,-77.534131,38.9979761,6.7,16.3,15.8,24.5,67.5,4.4,9.4,2.7,76.4,88.0,11.2,59.1,2.9,8.8,73.7,20.3,7.3,20.4,20.4,9.0,5.9,12.2,3.3,31.2,8.4,5.0,5.4,33.7,17.6,75.0,14.5,6.9,28.4,9.0,1.9,5.2,32.3,1.6,5.8,2.8,4.565,40,-0.9575635887838804,0.24742729870419014,-0.35506814503984513,0.17344558327150988,0.3408010862186015,375.1627966162759,737.152749490835,1290,436,972,-0.30366192766503286,-0.8547511540342558,981,"Loudoun, VA"
51153900601,VA,Virginia,Prince William,51153,3950,2869,-77.2572448,38.6362957,19.2,19.6,14.9,31.5,71.8,4.6,9.5,4.8,76.3,84.1,16.4,54.3,5.1,13.6,54.8,19.9,12.7,33.2,24.9,22.1,15.7,22.6,5.4,35.2,18.1,8.4,10.9,36.1,30.3,70.6,16.5,13.9,37.5,13.8,4.0,10.3,40.8,2.8,26.8,6.5,5.5600000000000005,40,0.12538227048243736,1.6116948459272762,0.8685385582048568,0.4563974256133655,0.8940936863543788,1802.7698311727936,3531.6700610997964,610,54,157,0.8086922292460175,0.00568961256475868,121,"Prince William, VA"
51107611018,VA,Virginia,Loudoun,51107,4004,3257,-77.443079,39.0325747,8.0,37.0,7.8,45.3,86.6,15.8,8.7,10.4,86.4,93.0,10.4,71.0,6.9,6.3,77.1,15.4,13.6,36.7,17.5,7.7,5.3,17.8,12.8,44.7,6.1,7.9,4.7,30.9,25.8,79.1,10.5,18.5,25.7,13.0,3.3,3.9,25.2,4.9,11.0,5.0,5.464999999999999,40,1.451424087171248,-0.8864855798030624,0.2824692536840928,0.3208723512455791,0.7101154107264087,1284.7728943872987,2843.3021045485407,78,1369,428,0.2764163641938532,1.4393183081907688,397,"Loudoun, VA"
51153900702,VA,Virginia,Prince William,51153,8133,5981,-77.2636848,38.6182696,11.9,19.1,15.5,30.2,73.4,5.1,9.5,4.0,78.4,87.6,12.6,61.2,3.9,9.9,65.9,19.0,10.6,26.7,22.4,13.7,9.1,16.0,4.4,34.3,12.5,6.2,7.5,34.0,22.6,77.3,14.5,10.7,34.3,10.9,2.8,7.2,38.8,2.4,12.2,4.3,4.7875,40,-0.2582487473560641,0.3617369301384514,0.051744091391193625,0.26751851657608755,0.5770536320434487,2175.72809531332,4693.177189409368,887,354,624,0.03146022659936423,-0.2988164769397229,624,"Prince William, VA"
51107611813,VA,Virginia,Loudoun,51107,13108,8428,-77.5552326,38.8946146,5.2,16.3,13.9,25.6,70.7,4.6,8.4,2.9,78.4,90.1,9.0,59.4,2.5,7.4,75.4,17.1,8.0,17.9,20.5,7.4,4.3,10.8,3.3,33.7,6.8,4.0,4.4,32.2,16.7,77.6,12.2,6.3,25.5,8.2,1.6,4.2,32.3,1.6,5.1,2.4,3.995,40,-1.067969251284908,-0.12835603291669975,-0.5981626421008038,0.11723141279976694,0.1894093686354379,1536.6693589793451,2482.77800407332,1323,729,1195,-0.5515570081741844,-0.974757983431669,1282,"Loudoun, VA"
51153900502,VA,Virginia,Prince William,51153,4323,3517,-77.2842706,38.6271336,6.5,17.6,16.2,28.9,71.0,4.4,10.6,2.9,79.6,89.3,11.3,64.6,3.0,8.8,71.9,20.3,8.6,22.6,22.0,10.5,7.6,12.4,3.2,31.1,11.2,5.4,6.5,34.2,17.7,81.5,15.1,8.3,34.6,9.2,2.3,7.2,40.4,2.0,6.3,3.2,4.4025,40,-0.49957752013809,-0.23577633636135126,-0.36767692824972065,0.1705298764275847,0.3360488798370672,737.2006557964486,1452.7393075356415,1081,847,979,-0.37968939311777816,-0.523602449874205,1060,"Prince William, VA"
51153901226,VA,Virginia,Prince William,51153,6345,4619,-77.368372,38.6710656,9.9,20.0,14.7,31.5,74.5,5.0,10.0,4.1,79.2,88.0,12.8,64.6,4.1,10.8,70.0,19.5,11.2,26.8,23.8,13.5,9.2,16.1,4.3,35.2,12.2,6.4,7.5,35.0,22.6,78.0,15.1,11.0,33.6,11.1,2.9,7.2,38.9,2.5,9.6,4.2,4.592499999999999,40,-0.11364300191402388,0.06516460275627765,-0.024239199578873112,0.24994782812679575,0.5302104548540394,1585.918969464519,3364.18533604888,765,553,693,-0.0499607106010019,-0.16508602395828145,709,"Prince William, VA"
51153901223,VA,Virginia,Prince William,51153,6777,5008,-77.2946313,38.6895771,9.1,21.8,15.5,31.4,74.9,6.6,10.0,4.5,79.5,88.8,12.1,67.3,4.5,10.2,74.6,20.7,10.3,26.4,20.8,11.3,7.9,15.0,4.9,36.1,10.5,6.1,6.5,32.8,20.7,77.6,14.6,10.8,33.3,11.0,2.7,6.3,35.2,2.5,8.3,3.8,4.645,40,-0.04846971971164548,-0.1453926815962894,-0.09693120065396744,0.23313823107802836,0.4874405974202308,1579.9777920157983,3303.384928716904,710,741,756,-0.07493655601913217,-0.004480430441974947,737,"Prince William, VA"
51153901508,VA,Virginia,Prince William,51153,6034,4296,-77.6532602,38.8005563,8.5,19.8,15.5,30.5,72.6,5.1,9.8,4.1,78.2,87.0,13.1,60.9,4.4,12.2,69.7,21.1,10.5,26.6,22.7,13.2,9.7,15.8,4.5,35.0,11.3,6.6,7.3,34.1,22.6,75.5,15.8,10.6,32.9,11.2,2.8,7.1,37.8,2.4,12.0,4.1,4.717500000000001,40,-0.18548148337834977,0.3388201666055428,0.07666934161359652,0.2732823338652204,0.5872369314324508,1648.9856025427398,3543.387644263408,824,369,609,0.0845653554562587,-0.1696894556930254,564,"Prince William, VA"
51107610602,VA,Virginia,Loudoun,51107,2807,1939,-77.579475,39.0746768,4.6,19.5,15.9,27.1,73.4,6.4,9.2,3.4,78.9,90.4,9.5,63.7,3.0,7.0,78.1,19.7,7.8,19.2,17.2,5.7,3.4,10.6,3.9,34.7,5.6,4.2,3.9,30.8,15.0,77.3,12.9,6.9,27.5,8.7,1.7,3.6,29.6,1.8,4.3,2.4,3.955,40,-0.754303651408179,-0.35514308687478413,-0.5547233691414816,0.12727648878802175,0.21656483367277665,357.26510402797703,607.897488119484,1212,956,1155,-0.46867720360604914,-0.5822113203373142,1172,"Loudoun, VA"
51107611602,VA,Virginia,Loudoun,51107,4316,3172,-77.4158044,39.0016438,23.1,19.3,14.2,29.8,69.4,4.3,9.7,4.7,73.8,82.3,18.4,53.8,5.2,13.7,55.2,19.9,12.0,33.9,25.5,24.3,16.6,25.5,5.4,34.4,19.2,8.9,11.8,38.5,31.7,71.2,17.2,13.7,35.9,14.6,4.1,10.4,35.8,2.7,18.2,6.8,6.0325,40,0.039381994034958095,1.7177730814347734,0.8785775377348657,0.4587188804940193,0.8961303462321792,1979.8306882121874,3867.6985743380856,655,44,154,0.8171051755628889,-0.08356273030899569,115,"Loudoun, VA"
51107611009,VA,Virginia,Loudoun,51107,5542,3724,-77.4851543,39.0908089,5.0,20.9,14.7,29.2,74.8,6.5,9.4,3.7,79.8,90.8,9.9,63.3,3.4,8.0,76.0,19.2,9.0,20.4,18.5,6.8,4.2,12.0,4.1,36.6,6.3,4.6,4.3,31.3,16.7,79.1,12.9,8.0,28.1,9.6,2.1,4.0,31.0,2.0,3.5,2.7,4.4575000000000005,40,-0.5225642313370743,-0.44496163113102116,-0.48376293123404773,0.14368567205422186,0.2681602172437203,796.3059945244976,1486.143923964698,1092,1064,1079,-0.41654989224913475,-0.3881381533672484,1100,"Loudoun, VA"
51153901703,VA,Virginia,Prince William,51153,2762,2075,-77.4872922,38.7760558,16.5,20.5,15.9,30.4,73.1,5.6,9.3,4.9,76.4,85.8,14.9,62.6,4.8,12.3,64.7,20.0,11.2,30.9,24.6,16.1,9.9,19.2,5.6,36.2,13.9,7.2,8.1,35.9,26.6,76.1,15.7,12.6,34.0,12.8,3.2,7.1,37.8,2.7,11.5,5.0,4.9750000000000005,40,-0.03666145980241254,0.6185757413303218,0.2909571407639546,0.322835125134009,0.7155465037338764,891.6706156201329,1976.3394433129665,704,238,420,0.2831106224462015,-0.05235449643791883,394,"Prince William, VA"
51107611208,VA,Virginia,Loudoun,51107,4384,3222,-77.3506348,39.0572316,4.6,20.7,15.0,28.4,74.7,6.7,9.3,3.7,79.6,90.7,9.6,63.6,3.3,7.4,76.6,19.5,8.6,19.9,17.6,6.2,3.8,11.4,4.1,36.6,5.7,4.4,4.0,30.9,15.8,78.5,12.7,7.6,27.3,9.3,1.9,3.6,30.6,1.9,5.2,2.6,4.415,40,-0.6013380294703303,-0.4099359157647254,-0.5056369726175278,0.1386274288356246,0.25118805159538354,607.7426480153782,1101.2084181941614,1141,1026,1104,-0.41945481320935785,-0.4289737106539903,1104,"Loudoun, VA"
51153901221,VA,Virginia,Prince William,51153,5646,4206,-77.3154418,38.6920592,9.0,21.9,15.8,32.2,73.8,5.9,10.6,4.4,78.9,87.4,13.7,65.4,4.9,12.3,69.6,22.2,10.6,28.2,22.1,13.5,10.5,16.2,4.8,34.9,12.4,7.0,7.7,34.2,22.5,78.4,16.5,11.5,35.9,11.8,3.0,8.0,38.8,2.7,8.9,4.2,4.675,40,0.12950804463062052,0.0530526318381673,0.09128033823439391,0.27666104076617337,0.5994568906992532,1562.0282361658149,3384.5336048879835,608,567,591,0.0866737520304341,0.12029487222270091,561,"Prince William, VA"
51107611020,VA,Virginia,Loudoun,51107,6892,5100,-77.4597804,38.9989021,6.4,15.8,15.9,24.3,68.0,4.4,9.1,2.7,76.6,88.1,10.8,59.8,2.7,7.8,72.7,19.3,7.3,19.8,20.5,8.3,5.1,11.6,3.3,31.3,8.0,4.6,5.2,34.0,16.8,78.7,14.0,6.5,27.7,8.6,1.8,4.8,32.7,1.6,5.9,2.6,4.1775,40,-1.0293638327933659,0.09240211235144874,-0.4684808602209586,0.14721956095535835,0.27494908350305497,1014.6372141043297,1894.949083503055,1307,535,1069,-0.4212416790721145,-0.9348854704956778,1110,"Loudoun, VA"
51107611029,VA,Virginia,Loudoun,51107,7139,4542,-77.5916968,39.0064293,4.6,19.9,15.4,27.4,72.5,6.5,9.2,3.5,79.2,90.9,9.3,62.2,3.1,7.6,79.0,19.7,7.8,19.1,17.2,6.0,3.8,10.9,4.0,35.0,5.9,4.3,4.0,30.2,15.2,78.4,12.7,7.1,28.1,9.0,1.8,3.9,29.7,1.8,3.6,2.4,4.0175,40,-0.7134282162267186,-0.3932388161140606,-0.5533335161703896,0.12759788410051223,0.2172437202987101,910.9212945935568,1550.9029192124915,1195,1004,1154,-0.4680881468955014,-0.5429374776769422,1171,"Loudoun, VA"
51107611810,VA,Virginia,Loudoun,51107,8135,5144,-77.5903265,38.9401988,5.0,17.2,14.1,26.0,71.1,5.2,8.5,3.1,78.4,90.2,9.0,62.2,2.8,7.5,75.7,17.8,8.0,18.2,19.4,7.0,4.3,11.0,3.6,34.3,6.3,4.1,4.2,31.4,16.4,78.9,12.2,6.5,25.7,8.4,1.7,4.0,31.1,1.7,2.9,2.4,4.18,40,-0.9729927468860027,-0.2970721409069304,-0.6350324438964665,0.10870548831995024,0.15478615071283094,884.3191474827952,1259.1853360488797,1293,901,1246,-0.5738850188111004,-0.8506978967152705,1315,"Loudoun, VA"
51153901601,VA,Virginia,Prince William,51153,4130,3075,-77.4939559,38.787528,21.5,24.1,14.2,35.5,75.0,6.2,9.8,6.7,76.8,83.7,17.9,55.4,7.1,15.6,57.0,20.9,14.6,38.2,24.5,23.7,17.9,26.0,7.5,38.2,18.4,10.0,11.5,35.8,33.8,69.3,17.0,17.7,38.4,15.9,4.9,10.7,40.0,3.7,13.8,7.7,5.795,40,0.8592578278805921,1.3559383358598802,1.1075980818702362,0.5116785322558142,0.9504412763068567,2113.2323382165123,3925.322471147318,246,81,74,1.0215831985434805,0.6872280612270808,56,"Prince William, VA"
51107611032,VA,Virginia,Loudoun,51107,2991,2128,-77.4829189,38.9932441,6.8,15.4,14.2,25.4,68.4,3.8,9.1,2.8,77.1,87.6,11.1,57.0,2.8,8.5,72.2,18.5,8.2,20.5,21.9,10.4,6.7,12.8,3.2,31.6,9.3,4.9,6.0,34.7,19.0,77.0,14.2,6.9,28.2,8.9,2.0,5.8,33.1,1.7,6.4,3.0,4.265,40,-0.9452968522141956,0.24619541004525702,-0.3495507210844693,0.17472145506022668,0.3448744059742023,522.591872085138,1031.5193482688392,1286,437,966,-0.3340664246181399,-0.9143282592815368,1017,"Loudoun, VA"
51153901409,VA,Virginia,Prince William,51153,8502,6042,-77.539587,38.7587015,8.2,16.5,17.9,25.6,67.7,4.3,10.0,3.0,76.6,86.4,12.9,60.7,3.4,10.4,69.5,22.2,7.9,23.9,21.9,11.2,7.7,13.2,3.5,31.1,10.6,5.9,6.7,34.9,19.0,75.7,16.2,8.2,32.1,9.9,2.2,6.4,38.1,1.8,6.8,3.3,4.355,40,-0.7001280592727549,0.3695526546976413,-0.1652877022875568,0.2173311927363954,0.45349626612355737,1847.7498006448336,3855.6252545824846,1185,351,806,-0.12347175482018807,-0.6164961643380175,778,"Prince William, VA"
51107610900,VA,Virginia,Loudoun,51107,2404,1985,-77.6799069,38.9857195,6.3,31.1,12.7,38.6,81.4,10.8,10.1,6.9,82.5,91.5,11.4,72.6,6.1,9.7,75.3,20.6,12.0,28.7,17.1,8.0,6.0,16.1,7.4,41.9,7.0,6.5,5.0,30.3,20.8,78.8,13.5,13.4,31.9,12.6,3.0,4.7,29.0,3.4,8.2,3.9,4.387500000000001,40,0.8058291374045558,-0.7050247063763252,0.05040221551411528,0.26720821568397357,0.5756958587915818,642.3685505042724,1383.9728445349626,264,1266,626,0.08918999887349682,0.8834047041233188,557,"Loudoun, VA"
51107611101,VA,Virginia,Loudoun,51107,4716,3589,-77.4323803,39.0638765,9.1,21.2,14.9,30.0,72.9,6.2,9.7,4.4,77.6,87.6,13.0,64.1,4.3,10.2,73.2,20.6,9.6,26.1,20.4,11.3,7.9,15.7,5.2,34.4,10.2,6.3,6.6,34.0,21.6,77.6,15.3,10.1,31.9,11.2,2.6,6.3,31.0,2.4,7.9,3.8,4.495,40,-0.20546025448616329,0.0685049743821322,-0.06847764005201554,0.23971794935855,0.5057705363204344,1130.5098491749218,2385.213849287169,850,551,729,-0.05049028619879214,-0.16948554677971647,710,"Loudoun, VA"
51107610300,VA,Virginia,Loudoun,51107,8911,6526,-77.5613225,39.1928396,5.6,24.6,15.2,31.4,76.8,8.6,9.8,4.8,80.1,90.8,10.6,69.4,4.3,8.4,79.6,20.6,9.1,23.1,17.0,6.5,4.3,12.8,5.3,38.0,6.2,5.1,4.3,30.6,16.8,76.4,13.3,9.4,29.5,10.5,2.3,4.0,28.0,2.4,3.9,2.9,4.2675,40,-0.1130894343603252,-0.5478472038116984,-0.3304683190860118,0.17913414811548176,0.3577732518669382,1596.264393857058,3188.117447386286,764,1154,947,-0.245299259573117,0.05724868466546441,906,"Loudoun, VA"
51107610604,VA,Virginia,Loudoun,51107,6964,5102,-77.547947,39.0783208,6.0,20.3,16.2,27.6,72.3,6.3,9.8,3.6,78.0,89.2,11.2,63.1,3.6,8.7,75.7,21.0,8.0,21.8,18.4,7.6,5.1,12.5,4.1,34.1,7.3,5.1,4.8,32.4,17.1,76.8,14.3,8.1,29.7,9.8,2.1,4.6,30.6,2.0,6.5,2.8,4.4350000000000005,40,-0.5345193359147186,-0.1116607624720331,-0.3230900491933758,0.18084032956568202,0.3652410047522064,1259.3720550954097,2543.5383570943654,1098,716,936,-0.25528448876625714,-0.3989082150604812,922,"Loudoun, VA"
51153900408,VA,Virginia,Prince William,51153,4700,3346,-77.3366721,38.6270493,11.4,20.5,14.7,32.4,73.7,4.9,10.4,4.2,78.8,87.0,14.1,65.9,4.6,12.4,70.4,20.2,11.5,28.8,24.7,16.5,12.1,17.9,4.4,34.8,14.5,7.3,8.7,35.9,24.5,80.1,16.1,12.1,35.9,12.0,3.3,8.7,39.0,2.7,5.7,4.8,4.96,40,0.07597794573936897,0.009709755675823427,0.0428438507075962,0.2654603883458058,0.5689069925322471,1247.6638252252874,2673.8628649015614,637,593,636,-0.004027414927918359,-0.017764585531660146,656,"Prince William, VA"
51153901418,VA,Virginia,Prince William,51153,4138,3098,-77.5487966,38.7897864,14.5,17.2,16.1,28.0,67.6,4.0,10.4,3.7,75.7,83.4,16.1,59.0,4.5,12.8,63.3,21.8,9.7,30.0,24.3,19.1,14.5,19.0,4.3,31.4,16.1,8.0,10.1,37.0,25.2,75.3,17.4,11.2,35.4,11.9,3.3,9.5,40.0,2.3,12.5,5.2,5.33,40,-0.26563623992428437,0.9617107536845071,0.34803725688011133,0.33603456574946605,0.736591989137814,1390.5110330712905,3048.0176510522742,891,141,389,0.3219077719122223,-0.3178952098600624,359,"Prince William, VA"
51153900203,VA,Virginia,Prince William,51153,5392,3584,-77.2626427,38.6546809,21.9,18.5,14.5,32.5,68.1,3.2,11.0,4.5,75.4,80.1,20.7,55.8,5.7,17.3,55.8,22.1,13.0,37.8,27.8,32.1,27.2,27.0,4.9,32.1,25.5,11.2,16.1,39.6,34.4,74.9,20.1,15.4,42.2,15.1,5.1,16.2,43.9,3.0,16.9,8.3,5.959999999999999,40,0.3994498142708886,1.648758100401506,1.0241039573361972,0.4923710077882058,0.9348268839103869,2654.8644739940055,5040.586558044806,450,50,97,0.9035202423781072,0.15828238435470865,82,"Prince William, VA"
51107610507,VA,Virginia,Loudoun,51107,6297,4801,-77.4945191,39.1018593,5.3,25.2,14.0,33.0,78.2,8.6,9.6,5.1,80.9,90.9,10.4,68.2,4.5,8.4,77.4,19.7,10.0,23.7,17.7,6.9,4.5,13.3,5.5,39.1,6.2,5.2,4.4,30.9,17.9,76.7,13.0,9.9,29.0,10.7,2.4,4.0,28.6,2.6,3.8,3.0,4.3925,40,0.005948866994437179,-0.566206921728092,-0.2801290273668274,0.1907748127966713,0.395112016293279,1201.3089961806393,2488.020366598778,679,1179,892,-0.21399767538874373,0.1382115709506045,868,"Loudoun, VA"
51107610702,VA,Virginia,Loudoun,51107,6207,4485,-77.6972893,39.1319347,7.1,23.2,16.1,30.0,74.0,7.2,10.4,4.6,77.9,87.5,13.3,64.6,4.9,10.6,74.9,22.9,9.0,26.0,18.6,9.1,6.5,14.9,5.2,35.4,8.1,6.4,5.7,33.4,19.3,77.6,16.0,10.2,31.3,11.6,2.6,5.2,30.0,2.4,9.9,3.4,4.665,40,-0.05893831547721651,-0.016436724280057227,-0.03768751987863687,0.2468379832762151,0.5241004752206382,1532.123362195467,3253.091649694501,718,617,702,0.023055341134343807,0.06254740654874484,629,"Loudoun, VA"
51107610504,VA,Virginia,Loudoun,51107,7094,5297,-77.5497896,39.1208762,7.7,20.4,16.3,28.0,72.2,6.2,9.7,3.8,77.4,88.4,11.9,66.6,3.8,9.0,73.0,20.9,8.4,23.2,19.3,8.7,5.6,13.4,4.3,34.0,8.4,5.4,5.4,33.3,18.3,76.9,14.8,8.5,30.7,10.3,2.2,5.0,32.0,2.0,8.9,3.0,4.4875,40,-0.47010586502994234,-0.007382551539511268,-0.2387442082847268,0.20034480842779437,0.4134419551934827,1421.2460709867732,2932.9572301425665,1064,606,865,-0.18405575817105188,-0.3607289648025925,840,"Loudoun, VA"
51153900503,VA,Virginia,Prince William,51153,3368,2577,-77.2801936,38.6447685,21.1,21.5,13.7,34.4,72.4,4.7,10.7,5.6,76.6,82.4,19.3,58.3,6.5,16.5,60.9,21.3,13.9,38.0,27.3,28.0,22.6,26.7,6.1,35.4,21.9,10.8,13.7,38.7,34.1,76.3,18.5,17.1,39.3,15.5,5.1,13.2,40.5,3.5,16.3,8.0,5.92,40,0.6862900679923862,1.2071334022593556,0.9467117351258709,0.4744745122890611,0.9185336048879837,1598.0301573895579,3093.6211812627294,314,101,121,0.8350786905872376,0.4630239789151196,108,"Prince William, VA"
51153901704,VA,Virginia,Prince William,51153,6821,4793,-77.4996021,38.7797454,21.0,18.2,15.5,29.5,69.7,4.3,9.5,4.5,74.7,82.5,17.2,54.2,4.8,13.5,58.1,20.1,11.4,33.5,26.2,22.4,15.3,22.3,5.3,33.6,18.4,8.5,11.0,37.7,30.2,76.2,17.0,13.2,36.2,13.4,3.7,9.9,40.5,2.6,16.7,6.3,5.51,40,-0.09211473050748621,1.3682405078207227,0.6380628886566182,0.4031012846714135,0.8418194161575017,2749.5538627437113,5742.050237610319,752,79,234,0.589778408887474,-0.18868369004577457,201,"Prince William, VA"
51107611015,VA,Virginia,Loudoun,51107,3771,3013,-77.4573225,39.0541295,6.0,22.8,13.1,30.9,77.5,8.3,8.8,4.9,80.2,90.4,9.8,67.4,3.8,7.0,76.5,17.7,9.3,23.5,19.1,7.1,4.2,12.6,5.8,37.2,6.3,5.0,4.4,32.2,18.3,78.1,12.2,9.5,25.6,9.6,2.1,3.8,29.2,2.5,5.0,3.0,4.0875,40,-0.33507805786096395,-0.49556189198857925,-0.4153199749247716,0.1595127025303371,0.3048200950441276,601.5224012419012,1149.4765784114052,948,1107,1025,-0.3565127269348572,-0.21746356188113516,1035,"Loudoun, VA"
51107610603,VA,Virginia,Loudoun,51107,3587,2873,-77.5611851,39.1036546,10.8,22.1,14.8,31.0,72.9,6.1,10.2,4.8,77.1,86.1,14.5,65.5,5.2,11.3,68.3,21.9,10.3,28.5,19.9,14.0,10.7,18.1,5.3,34.6,11.6,7.4,7.9,34.3,23.1,75.0,16.2,11.6,33.7,12.2,3.2,7.4,32.6,2.6,11.2,4.6,5.25,40,0.07005988109580807,0.38741585040789783,0.22873786575185295,0.3084472842966186,0.6795655125594026,1106.400408771971,2437.601493550577,641,345,473,0.2286125675413347,0.06980928467477154,437,"Loudoun, VA"
51153901005,VA,Virginia,Prince William,51153,6501,4477,-77.3882838,38.6207175,6.0,19.9,16.7,29.7,73.5,5.7,10.1,3.5,79.9,90.0,10.8,63.6,3.5,9.3,76.0,20.8,9.1,22.5,20.2,8.7,5.9,12.3,3.7,34.5,8.9,5.2,5.4,32.1,17.5,78.5,14.4,8.8,33.0,9.8,2.3,5.6,36.7,2.1,5.1,3.0,4.19,40,-0.3823070768091089,-0.30343233586291163,-0.34286970633601027,0.1762664003655905,0.34826883910386963,1145.9078687767037,2264.0957230142567,986,910,961,-0.30619112298823525,-0.30894991011355893,986,"Prince William, VA"
51153900302,VA,Virginia,Prince William,51153,6165,4653,-77.2785698,38.6677907,13.1,20.1,14.5,32.6,72.2,4.3,10.8,4.4,77.9,84.8,16.1,59.7,5.2,14.1,61.4,21.6,12.2,31.5,24.9,20.7,16.7,20.6,4.5,34.0,17.2,8.6,10.8,36.7,27.2,75.4,17.6,13.2,37.8,13.0,3.9,10.9,41.4,2.9,10.4,5.8,5.11,40,0.2572705911683016,0.7170116994659611,0.4871411453171314,0.36820152054449823,0.7990495587236931,2269.9623741568316,4926.140529531568,531,213,297,0.4174633813299864,0.11791506319401174,292,"Prince William, VA"
51153901509,VA,Virginia,Prince William,51153,7056,5321,-77.6682758,38.8657722,5.7,22.9,16.8,30.7,75.5,7.9,9.8,4.5,79.9,90.0,10.8,69.3,4.4,9.6,73.6,21.9,9.1,24.0,18.1,7.2,5.0,12.3,5.1,37.2,6.9,5.3,4.7,30.5,17.2,78.2,14.0,9.6,31.1,10.4,2.3,4.4,35.4,2.3,5.0,3.0,4.1875,40,-0.17165767715331992,-0.44473438908760116,-0.3081960331204605,0.18428448304778156,0.3754243041412084,1300.3113123851467,2648.9938900203665,816,1062,921,-0.2164925876941909,0.011749213699219309,873,"Prince William, VA"
51107611702,VA,Virginia,Loudoun,51107,2461,1883,-77.4154898,38.9833544,7.4,14.3,14.3,24.3,69.8,3.8,7.9,2.7,76.7,88.2,9.5,62.2,2.3,6.8,74.2,15.7,8.1,18.6,22.1,8.6,4.6,11.5,3.1,32.5,7.6,4.0,4.9,34.2,17.7,79.3,12.1,6.3,24.8,8.0,1.6,4.2,31.6,1.6,6.1,2.7,4.1975,40,-1.2285734003804516,-0.015571235424780906,-0.6220723179026163,0.11170244111304811,0.1697216564833673,274.8997075792114,417.6849966055669,1357,616,1224,-0.6010523148719605,-1.18653339431914,1354,"Loudoun, VA"
51153901304,VA,Virginia,Prince William,51153,2789,2168,-77.4819401,38.7039294,8.2,24.8,16.6,32.5,76.3,8.2,10.1,5.3,79.1,88.7,12.8,66.0,5.5,11.7,69.6,22.9,10.2,28.2,19.6,9.3,6.4,15.0,5.9,38.3,8.5,6.4,5.6,32.1,20.7,77.4,15.4,11.7,32.7,12.1,2.8,5.1,35.7,2.8,11.7,3.7,4.8025,40,0.22371556532705525,-0.03577538141305858,0.09397009195699833,0.27728303047024955,0.6014935505770537,773.342371981526,1677.5655125594026,550,643,588,0.16293447262022956,0.3616443266535177,497,"Prince William, VA"
51153901224,VA,Virginia,Prince William,51153,4459,3263,-77.3081957,38.674409,7.9,22.8,15.3,31.9,77.3,7.7,9.3,4.8,80.6,90.3,10.4,71.2,4.2,8.5,72.0,19.6,10.2,24.5,18.7,8.5,5.5,13.3,5.2,38.0,8.0,5.2,5.1,30.6,18.7,81.0,12.8,10.2,31.3,10.4,2.4,4.7,35.4,2.5,5.5,3.3,4.375,40,-0.11806940220826229,-0.5541236704921878,-0.3360965363502251,0.1778326560267359,0.3530210454854039,792.9558132232154,1574.120841819416,768,1162,954,-0.2820475598926822,-0.009971449293176596,955,"Prince William, VA"
51153901306,VA,Virginia,Prince William,51153,5777,4513,-77.4659808,38.6721551,6.8,26.5,15.7,34.7,78.2,8.9,10.0,5.7,80.7,89.9,11.9,69.9,5.6,11.0,74.2,22.2,10.9,27.8,18.3,8.6,6.2,14.8,6.2,39.8,7.7,6.3,5.3,30.6,20.0,78.5,14.4,12.1,32.9,12.0,2.8,5.0,34.3,2.9,6.9,3.7,4.49,40,0.3809002601078499,-0.4666298610269293,-0.04286480045953972,0.24564076763919496,0.5200271554650373,1419.0667146516294,3004.1968771215206,458,1076,708,0.021834160986692636,0.5102981830003146,631,"Prince William, VA"
51107611811,VA,Virginia,Loudoun,51107,8098,5546,-77.5498926,38.928686,5.4,17.2,14.3,26.5,71.3,4.8,8.8,3.0,78.4,89.7,9.7,60.5,2.8,7.7,74.1,18.0,8.3,19.1,20.2,7.9,4.8,11.5,3.4,33.7,7.3,4.3,4.8,32.6,17.3,79.5,12.9,6.8,27.2,8.6,1.8,4.6,33.0,1.7,4.9,2.6,4.092499999999999,40,-0.9067666605690738,-0.18565732719256978,-0.5462119938808219,0.1292446941799016,0.2219959266802444,1046.623533468843,1797.723014256619,1272,791,1147,-0.5044068834902161,-0.8231564397878625,1218,"Loudoun, VA"
51153901010,VA,Virginia,Prince William,51153,4416,3184,-77.3553713,38.6123227,6.4,22.0,16.1,31.1,75.3,6.9,10.1,4.2,80.2,89.8,11.1,69.6,4.1,9.5,76.8,21.1,9.5,24.2,19.6,8.7,6.2,12.9,4.5,36.0,8.5,5.5,5.4,31.7,18.2,80.3,14.2,9.8,32.5,10.3,2.4,5.4,34.8,2.4,3.7,3.2,4.35,40,-0.1536459667023254,-0.5516727962744129,-0.3526593814883692,0.17400259565371465,0.3428377460964019,768.3954624068039,1513.9714867617108,796,1158,969,-0.30569390033926896,-0.05971500440412498,984,"Prince William, VA"
51107610400,VA,Virginia,Loudoun,51107,4695,3738,-77.5641223,39.1353356,6.0,28.4,13.8,35.2,79.8,10.5,9.7,6.2,81.3,90.9,11.0,71.9,5.3,8.6,75.1,20.5,10.3,27.0,16.3,6.9,4.9,14.5,7.0,39.9,6.1,6.0,4.5,30.2,19.2,77.9,13.1,11.9,29.7,11.5,2.6,4.1,28.3,3.0,10.7,3.5,4.4075,40,0.3630655843366353,-0.5419908426282419,-0.0894626291458033,0.2348652942448884,0.49151391717583165,1102.692556479751,2307.6578411405294,468,1148,750,-0.016736181010850615,0.5085184806065407,669,"Loudoun, VA"
51153901233,VA,Virginia,Prince William,51153,7347,5510,-77.4247245,38.6801187,7.7,25.2,15.7,34.3,77.5,7.8,10.1,5.4,80.2,89.1,12.4,68.6,5.5,11.4,73.7,21.8,11.3,27.8,19.4,10.1,7.3,15.5,5.7,39.0,8.9,6.5,5.9,31.4,21.0,77.7,14.7,12.2,33.9,12.1,3.0,5.7,34.8,2.9,7.3,3.9,4.79,40,0.35107507337390903,-0.30895687171132,0.021059100831294503,0.2604227932622626,0.5526137135098439,1913.3262620978433,4060.052953156823,480,912,660,0.055502046206946626,0.4199609641252133,600,"Prince William, VA"
51153901231,VA,Virginia,Prince William,51153,7144,5514,-77.4178402,38.738969,6.9,23.0,15.6,31.9,77.0,7.6,9.5,4.8,80.2,89.6,10.9,68.3,4.4,9.2,74.4,20.4,10.2,25.3,19.1,8.4,5.6,13.3,5.3,37.8,7.7,5.6,5.1,31.3,19.1,78.5,13.6,10.5,30.7,10.6,2.4,4.7,34.6,2.6,7.1,3.4,4.347499999999999,40,-0.07478028697974111,-0.38832455624915746,-0.23155242161444928,0.20200786673132318,0.41887304820095045,1443.1441999285728,2992.42905634759,734,997,857,-0.1752743844372605,0.03777578737463642,826,"Prince William, VA"
51153900801,VA,Virginia,Prince William,51153,7324,5436,-77.274894,38.5982148,7.1,20.2,14.7,31.9,75.6,5.4,9.9,3.8,80.7,89.9,10.9,66.4,3.6,9.4,73.8,18.6,10.4,23.7,22.7,10.6,7.1,13.6,3.8,35.6,10.1,5.4,6.1,33.6,19.5,78.6,13.8,9.8,32.6,10.0,2.5,6.1,38.1,2.4,7.1,3.4,4.540000000000001,40,-0.23651505607207962,-0.3155627337553628,-0.27603889491372124,0.19172063183309834,0.3978275627970129,1404.1619075456122,2913.6890699253227,872,916,888,-0.28707252469436306,-0.2585823156333633,963,"Prince William, VA"
51153901507,VA,Virginia,Prince William,51153,2958,2112,-77.6226833,38.8023441,8.4,18.7,17.2,27.7,70.3,5.2,9.8,3.6,77.2,86.9,12.9,60.0,4.0,11.4,70.1,22.2,8.8,25.2,21.6,11.1,7.7,14.1,4.2,33.5,10.2,6.1,6.4,33.8,20.3,75.5,16.0,9.2,32.3,10.6,2.4,6.2,37.4,2.1,6.2,3.5,4.4750000000000005,40,-0.45334470197171084,0.28732650512743935,-0.08300909842213575,0.2363576352095377,0.49762389680923286,699.1458849498125,1471.9714867617108,1049,405,741,-0.034785396036982635,-0.3568972972014046,697,"Prince William, VA"
51107610201,VA,Virginia,Loudoun,51107,6225,4568,-77.7079581,39.1922482,5.1,24.6,15.6,31.1,76.4,8.6,9.8,4.7,79.8,90.4,10.8,70.6,4.3,8.5,77.6,21.5,8.8,23.1,16.6,6.2,4.2,12.5,5.3,37.5,6.0,5.1,4.2,30.6,16.6,77.7,13.8,9.2,29.7,10.5,2.2,3.9,28.7,2.3,7.5,2.8,4.180000000000001,40,-0.14890262305270127,-0.5050731180733377,-0.3269878705630195,0.17993898133447706,0.361846571622539,1120.1201588071197,2252.4949083503056,793,1118,941,-0.2283337634040667,0.04840559126520427,888,"Loudoun, VA"
51153900410,VA,Virginia,Prince William,51153,5663,4047,-77.3046167,38.6195144,9.7,18.5,14.4,32.0,72.1,3.8,10.9,3.5,79.6,87.3,13.7,60.5,3.9,11.3,65.8,19.9,11.0,27.1,24.7,17.0,13.3,16.9,3.4,32.1,15.8,7.1,9.4,36.2,23.1,79.3,16.4,10.9,37.8,11.0,3.2,10.2,42.8,2.5,9.7,4.6,4.765000000000001,40,-0.058907128091654014,0.2566770901847524,0.09888498104654918,0.27841956962053904,0.606245756958588,1576.6900227611127,3433.1697216564835,717,426,581,0.019221755241466396,-0.21823357970181959,635,"Prince William, VA"
51107610505,VA,Virginia,Loudoun,51107,6702,4486,-77.550885,39.1111887,19.7,17.9,14.6,28.9,67.5,3.8,9.7,4.1,74.2,82.7,17.5,55.4,4.6,13.1,57.5,20.5,11.0,31.6,23.5,23.2,17.4,23.3,4.8,32.1,19.0,8.5,11.7,36.9,29.6,71.1,17.4,12.1,37.4,13.5,3.8,11.4,36.3,2.4,12.9,6.3,5.7325,40,-0.16295392885298532,1.4854738564963417,0.6612599638216782,0.40846547165853203,0.8520027155465038,2737.5355910554817,5710.122199592668,809,64,219,0.6047393471860185,-0.2759951621243046,198,"Loudoun, VA"
51107611902,VA,Virginia,Loudoun,51107,6290,4073,-77.5169928,38.9789833,4.4,14.8,13.2,24.2,70.3,4.1,7.9,2.5,78.6,90.5,8.0,55.8,2.1,6.3,76.1,15.9,7.7,15.9,20.1,6.5,3.5,9.8,2.9,33.6,5.7,3.5,3.9,31.7,15.7,78.6,11.2,5.5,23.4,7.4,1.4,3.5,31.6,1.4,4.6,2.2,3.9375,40,-1.315205078271807,-0.14891701818754083,-0.7320610482296739,0.08626819512505547,0.08825526137135098,542.626947336599,555.1255940257977,1377,746,1344,-0.6799913783624758,-1.2110657385374108,1420,"Loudoun, VA"
51107611812,VA,Virginia,Loudoun,51107,3241,2181,-77.5340828,38.9444257,6.2,14.0,14.1,23.5,67.2,3.6,8.5,2.4,76.7,88.3,9.9,57.8,2.4,7.7,72.5,17.1,7.3,18.2,22.5,9.0,5.3,11.2,2.9,31.1,8.0,4.2,5.2,34.7,17.4,77.3,13.1,5.9,25.2,8.0,1.6,4.7,33.7,1.5,5.2,2.5,4.1625,40,-1.2476391816790384,0.1691901181330554,-0.5392245317729916,0.13086050363195975,0.2287847929395791,424.11889227118155,741.4915139171759,1361,489,1137,-0.5119855739063104,-1.1931612659456763,1229,"Loudoun, VA"
51153901237,VA,Virginia,Prince William,51153,3468,2531,-77.3277445,38.6855748,7.5,18.8,16.5,28.9,71.6,4.9,10.2,3.4,78.8,88.3,12.0,66.3,3.6,10.0,71.8,21.3,9.2,24.0,20.9,11.0,8.0,13.5,3.7,32.9,10.8,5.8,6.6,33.3,19.2,78.1,15.3,9.1,34.2,10.1,2.5,6.9,38.6,2.1,6.6,3.5,4.4725,40,-0.3910226832099201,-0.07740752949136664,-0.23421510635064338,0.20139213657090171,0.4175152749490835,698.4279296278871,1447.9429735234216,998,686,859,-0.21934274526868475,-0.36127796104600285,877,"Prince William, VA"
51153901503,VA,Virginia,Prince William,51153,6044,4577,-77.5766167,38.8519431,5.5,25.4,16.1,32.9,78.2,9.2,9.6,5.3,80.9,90.7,10.6,70.4,4.8,9.4,74.7,21.5,9.8,25.4,17.8,6.5,4.3,12.6,6.0,39.5,6.2,5.4,4.3,30.2,17.8,76.1,13.5,10.6,30.3,10.9,2.4,3.9,33.6,2.6,6.1,3.0,4.1325,40,0.06185597213258094,-0.5057836820508897,-0.2219638549591544,0.2042251662879037,0.42362525458248473,1234.33690504409,2560.3910386965376,646,1120,850,-0.12147872288519532,0.2628262362804991,776,"Prince William, VA"
51153900301,VA,Virginia,Prince William,51153,3301,2638,-77.2588703,38.6771114,10.8,23.7,14.8,34.2,74.6,6.3,10.8,5.4,78.8,86.5,15.2,61.9,6.2,14.4,64.0,22.8,12.1,31.5,22.3,16.6,13.6,19.5,5.7,36.8,13.9,8.3,9.0,34.2,25.5,75.1,17.0,13.8,36.9,13.5,3.8,9.0,39.8,3.1,12.0,5.2,4.992500000000001,40,0.5425514207139505,0.4577324497886368,0.5001419352512937,0.37120787663425814,0.801765105227427,1225.3572007696862,2646.6266123557366,384,312,293,0.4740204238783937,0.4903083979681506,256,"Prince William, VA"
51153900602,VA,Virginia,Prince William,51153,4332,3020,-77.256415,38.6469519,18.9,16.9,15.8,29.5,67.3,3.5,10.0,3.9,75.3,82.2,17.5,54.6,4.3,13.6,56.1,20.6,11.0,32.9,26.3,24.1,18.1,21.7,4.5,31.2,20.5,8.6,12.2,38.1,29.6,73.3,18.1,12.3,39.3,12.9,3.7,12.0,42.5,2.5,20.3,6.3,5.465,40,-0.14304857875114393,1.5703555983247235,0.7136535097867898,0.42058117053329236,0.8662593346911066,1821.9576307502225,3752.6354378818737,788,58,198,0.6415915485828484,-0.28717250115902676,181,"Prince William, VA"
51107611030,VA,Virginia,Loudoun,51107,6176,4249,-77.5149317,38.9942494,6.4,15.2,13.6,24.7,69.2,4.0,8.4,2.8,77.1,88.3,10.2,54.7,2.7,8.5,73.7,17.2,8.0,19.1,22.5,9.5,5.7,12.3,3.2,32.9,7.8,4.5,5.1,34.3,18.7,78.7,13.0,6.7,24.8,8.5,1.8,4.5,32.1,1.6,5.5,2.7,4.2575,40,-1.1149121949254714,0.13196108868417822,-0.4914755531206466,0.14190217367495314,0.2620502376103191,876.3878246165106,1618.4222674813307,1333,514,1088,-0.4559546023146892,-1.0438702933135566,1153,"Loudoun, VA"
51107611807,VA,Virginia,Loudoun,51107,7561,5087,-77.5341709,38.9246882,5.4,15.6,13.3,25.3,70.4,4.2,8.2,2.8,78.1,89.6,9.1,57.3,2.5,7.6,73.9,16.5,8.2,18.0,21.6,8.1,4.6,11.2,3.2,33.7,7.0,4.0,4.6,33.1,17.6,78.6,12.2,6.4,24.7,8.2,1.7,4.2,32.6,1.6,5.3,2.5,4.24,40,-1.1231657485553244,-0.055498598402586974,-0.5893321734789556,0.11927340665176876,0.19416157501697218,901.8262276940236,1468.0556687033265,1337,663,1188,-0.5516542221892691,-1.0478098459759513,1283,"Loudoun, VA"
51153900905,VA,Virginia,Prince William,51153,5628,4177,-77.3178651,38.5412028,8.5,22.0,14.5,34.6,75.6,5.5,10.7,4.6,80.6,88.6,13.1,64.0,4.6,11.3,71.3,20.0,11.8,28.2,23.4,14.0,10.4,16.6,4.5,35.3,13.1,7.0,8.0,34.7,22.6,79.8,15.7,12.1,36.6,11.6,3.3,8.4,39.4,2.9,6.3,4.4,4.705,40,0.2650856522051669,-0.1651204893144518,0.04998258144535754,0.26711117777747184,0.5750169721656483,1503.3017085316114,3236.1955193482686,530,766,627,-0.009580616157383703,0.1459592569996844,663,"Prince William, VA"
51107611803,VA,Virginia,Loudoun,51107,6838,4729,-77.5138979,38.9042311,5.8,18.3,13.2,28.2,73.5,5.0,8.6,3.5,78.8,89.4,10.1,59.6,3.2,8.6,74.8,17.5,9.5,20.5,21.2,8.8,5.3,12.7,3.9,35.7,7.4,4.7,5.0,33.0,19.4,78.3,12.9,7.8,26.5,9.3,2.0,4.6,31.7,1.9,4.4,2.9,4.2725,40,-0.7326274766908768,-0.1725879673989043,-0.4526077220448905,0.15089013065619064,0.285132382892057,1031.7867134270316,1949.7352342158858,1203,775,1054,-0.41894010686027683,-0.6652922463216494,1103,"Loudoun, VA"
51153900409,VA,Virginia,Prince William,51153,5517,3995,-77.3235485,38.6282075,15.8,19.5,15.1,30.7,72.6,4.8,9.9,4.4,77.2,85.7,15.1,61.5,4.4,11.8,62.0,19.5,11.4,30.7,25.8,17.7,11.6,19.4,4.9,34.6,15.6,7.4,9.1,37.0,26.5,78.6,16.0,12.5,35.2,12.5,3.4,8.4,40.1,2.7,9.7,5.2,5.06,40,-0.042117074863910156,0.5515303696776405,0.25470664740686516,0.3144524120825111,0.6965376782077393,1734.833957459214,3842.7983706720975,707,272,448,0.2096853474404109,-0.13215967479681867,455,"Prince William, VA"
51153901413,VA,Virginia,Prince William,51153,4504,3134,-77.5913334,38.7599442,6.4,17.9,18.1,26.0,70.1,5.2,9.8,3.1,77.8,88.4,11.4,61.4,3.3,9.5,73.6,21.9,7.8,22.0,20.0,8.3,5.4,11.7,3.6,33.1,8.2,5.1,5.2,32.7,17.0,78.0,15.0,7.8,30.8,9.6,2.0,5.0,36.3,1.8,7.3,2.8,4.41,40,-0.7032336137071323,0.013873915499068837,-0.34467984910403177,0.17584781551332115,0.34758995247793617,792.0185610719985,1565.5451459606245,1188,591,962,-0.27072173663426286,-0.5553173887675945,941,"Prince William, VA"
51157950200,VA,Virginia,Rappahannock,51157,4619,3888,-78.1387548,38.640675,7.4,35.6,13.0,42.7,82.3,11.6,10.6,9.1,81.9,89.8,13.9,71.7,9.1,13.7,70.5,23.3,15.2,34.2,18.3,10.8,9.5,20.2,9.4,44.4,8.2,8.6,6.3,30.4,25.2,74.7,15.2,17.6,36.0,15.4,4.2,5.8,33.4,4.4,10.8,5.2,5.534999999999999,40,1.780123958476182,-0.3219156889124151,0.7291041347818835,0.42415403654988254,0.868295994568907,1959.1674948239074,4010.6591989137814,29,924,195,0.714479424513314,1.7508745379390431,142,"Rappahannock, VA"
51107611804,VA,Virginia,Loudoun,51107,8852,6106,-77.4925558,38.9167021,6.8,18.1,12.9,28.1,72.6,4.9,8.7,3.6,78.2,88.5,10.7,57.9,3.5,9.3,71.6,17.5,9.7,21.5,22.0,10.4,6.5,14.0,4.0,35.6,8.2,5.1,5.6,33.7,20.5,75.8,13.1,8.3,26.2,9.7,2.2,4.9,33.0,2.0,8.0,3.2,4.6925,40,-0.681460823206675,0.1583662952717383,-0.26154726396746836,0.19507173612494896,0.406653088934148,1726.7750081780482,3599.693143245078,1174,494,875,-0.2376979733943767,-0.6337622420604917,895,"Loudoun, VA"
51107611014,VA,Virginia,Loudoun,51107,4472,3378,-77.4794238,39.0525593,6.3,20.1,15.7,27.8,72.6,6.2,9.5,3.7,78.1,89.1,10.9,62.3,3.6,8.3,76.2,20.3,8.3,21.7,18.3,7.8,5.1,12.6,4.2,34.6,7.3,5.0,4.9,32.1,17.3,77.8,13.9,8.1,29.3,9.8,2.1,4.6,30.1,2.0,3.4,2.9,4.452500000000001,40,-0.5509964906872581,-0.19205952240880814,-0.3715280065480331,0.1696393372562801,0.3340122199592668,758.6271162100846,1493.702647657841,1113,803,982,-0.308967206526939,-0.4258748906450698,990,"Loudoun, VA"
51107611501,VA,Virginia,Loudoun,51107,4242,3234,-77.4135613,39.0310742,10.3,16.3,15.5,26.0,67.3,4.0,9.4,3.2,75.6,85.5,13.2,54.8,3.3,9.6,62.5,19.9,8.5,24.1,21.6,13.2,9.0,15.3,3.7,30.7,11.8,5.9,7.5,35.4,21.3,72.4,15.6,8.2,31.8,10.1,2.4,7.2,35.6,1.9,14.8,3.8,4.7225,40,-0.7152828442739249,0.9814547795614738,0.13308596764377445,0.28632834630665266,0.6245756958587916,1214.6048450328205,2649.450101832994,1197,140,554,0.13315404438670675,-0.7151466907880603,521,"Loudoun, VA"
51107610102,VA,Virginia,Loudoun,51107,3866,2908,-77.6086565,39.261068,5.5,27.0,14.8,33.7,78.0,9.3,10.1,5.5,80.4,90.4,11.4,70.7,5.2,9.6,75.5,21.6,9.9,25.4,16.7,7.1,5.1,14.3,6.0,39.3,6.3,5.8,4.6,30.4,18.3,77.0,14.0,10.8,30.8,11.6,2.6,4.3,29.2,2.7,4.5,3.3,4.5925,40,0.23686244460796516,-0.545703214819688,-0.15442038510586142,0.21984419581959203,0.4609640190088255,849.9176610385427,1782.0868974881193,543,1150,795,-0.07636442636835755,0.3929743620829729,739,"Loudoun, VA"
51107611026,VA,Virginia,Loudoun,51107,14425,9366,-77.5389276,38.9742669,4.6,15.5,13.8,24.6,69.9,4.6,8.2,2.6,78.5,90.6,8.2,59.5,2.3,6.4,74.5,16.7,7.4,16.4,19.6,6.5,3.7,9.9,3.0,33.1,6.1,3.6,4.0,31.5,15.4,77.3,11.6,5.6,24.9,7.6,1.5,3.8,32.3,1.5,5.0,2.2,4.007499999999999,40,-1.2127985908548742,-0.14083195129212933,-0.6768152710735018,0.09904345566138187,0.12423625254582485,1428.7018479154335,1792.1079429735234,1356,737,1291,-0.622226006905378,-1.1036200625186265,1381,"Loudoun, VA"
51107611019,VA,Virginia,Loudoun,51107,6045,4389,-77.4942634,39.0241155,5.1,20.6,14.9,28.4,74.4,6.5,9.2,3.8,79.2,90.1,10.0,64.8,3.5,7.8,76.2,19.3,8.7,20.5,18.2,6.8,4.1,12.0,4.1,36.2,6.1,4.6,4.3,31.4,16.5,79.8,12.9,7.9,27.5,9.5,2.0,3.8,30.1,2.0,4.9,2.7,4.44,40,-0.569510899293893,-0.4230631433036488,-0.4962870212987709,0.1407895500012193,0.25594025797691783,851.0728297573706,1547.1588594704683,1120,1043,1097,-0.42504390851895113,-0.4270246737342535,1115,"Loudoun, VA"
51153900803,VA,Virginia,Prince William,51153,6016,4293,-77.3006221,38.5829842,12.5,19.5,14.3,33.5,71.2,3.7,11.5,3.9,78.7,85.0,16.5,60.9,4.8,14.1,62.1,21.3,12.0,31.7,26.2,22.7,19.3,20.6,3.9,31.9,19.9,9.0,12.2,37.9,27.2,77.4,18.5,13.1,40.7,12.7,4.1,13.2,44.1,2.8,12.6,5.9,5.2225,40,0.280492746545232,0.6693554347074219,0.4749240906263269,0.36537639861309035,0.7956551255940258,2198.1044140563517,4786.66123557366,518,224,302,0.3660655946871729,0.06277575466692394,323,"Prince William, VA"
51107611023,VA,Virginia,Loudoun,51107,5954,4160,-77.516482,39.0221353,4.4,18.4,16.3,25.7,71.4,5.9,9.2,3.1,78.4,90.0,9.4,64.9,2.9,7.0,80.2,19.8,7.2,18.4,17.3,5.8,3.5,10.3,3.5,33.8,5.6,4.1,3.9,31.1,14.5,79.4,12.9,6.5,27.3,8.6,1.7,3.6,28.6,1.6,5.3,2.3,4.2925,40,-0.8926296186191286,-0.39662075333980007,-0.6446251859794643,0.10648722322030928,0.14663951120162932,634.0249270537214,873.091649694501,1264,1008,1258,-0.5562934015237617,-0.7159660497077235,1290,"Loudoun, VA"
51153901419,VA,Virginia,Prince William,51153,4270,2881,-77.5270594,38.7881629,20.3,18.9,14.2,32.0,69.3,3.6,10.5,4.6,75.5,80.8,19.4,54.3,5.9,16.9,53.6,21.8,13.0,36.3,26.5,29.3,24.6,25.9,5.1,33.4,22.5,10.6,14.4,38.2,33.7,70.1,18.9,15.1,39.8,14.8,4.8,14.1,42.2,3.0,18.8,7.9,5.8950000000000005,40,0.33603938966221103,1.777891958743725,1.056965674202968,0.4999700862382605,0.9409368635437881,2134.8722682373723,4017.8004073319753,490,41,88,0.9606101741885043,0.1433283896332835,68,"Prince William, VA"
51153901412,VA,Virginia,Prince William,51153,8112,5394,-77.6107683,38.7676013,5.9,18.2,16.8,27.3,71.6,5.3,9.5,3.2,78.8,89.4,10.6,60.1,3.2,9.3,75.7,20.6,8.5,21.5,20.2,8.2,5.3,11.7,3.7,34.2,8.0,4.9,5.1,32.0,17.4,79.0,14.1,7.9,30.4,9.4,2.0,5.0,36.0,1.9,5.8,2.8,4.22,40,-0.6663606930112503,-0.152040091855122,-0.4092003924331862,0.16092781993347444,0.3095723014256619,1305.4464753003447,2511.250509164969,1166,750,1018,-0.3471702062887036,-0.5423003207222852,1024,"Prince William, VA"
51153901511,VA,Virginia,Prince William,51153,4691,3625,-77.666769,38.8529217,4.6,32.1,11.9,40.3,84.5,13.5,9.0,7.2,85.9,94.1,8.1,77.1,5.3,6.9,81.0,18.3,11.9,26.7,15.5,4.9,3.3,12.3,8.0,45.4,4.5,5.0,3.2,26.9,17.8,81.1,10.3,12.5,28.5,10.7,2.3,2.9,29.6,3.4,5.9,3.0,4.255,40,0.6580149832898193,-1.3247557085226496,-0.3333703626164151,0.17846306764386746,0.3543788187372709,837.1702503173823,1662.3910386965379,329,1467,952,-0.22431459688969885,0.8761265147432519,882,"Prince William, VA"
51153901234,VA,Virginia,Prince William,51153,3385,2552,-77.4083755,38.647253,7.4,25.5,15.1,34.3,78.1,8.5,10.0,5.4,81.0,90.3,11.5,70.0,5.2,10.4,76.0,20.9,10.9,27.1,19.4,9.1,6.3,14.7,5.8,39.4,8.3,6.1,5.4,31.2,20.1,77.2,13.9,11.9,32.7,11.7,2.8,5.1,34.2,2.9,9.2,3.7,4.5525,40,0.2899971570564612,-0.40647429671908786,-0.05823856983131334,0.24208567403277154,0.5139171758316361,819.4600066009317,1739.6096401900882,512,1021,717,-0.011909165065832505,0.38265596658742285,665,"Prince William, VA"
51153901702,VA,Virginia,Prince William,51153,4047,2875,-77.4693126,38.7909265,24.7,19.9,15.8,30.6,70.3,4.7,9.7,5.1,74.0,82.2,18.8,55.8,5.7,15.4,56.4,21.1,12.5,36.5,26.9,24.4,16.2,25.4,5.9,35.8,20.0,9.2,11.6,38.2,32.9,70.1,17.7,15.1,37.8,15.3,4.3,10.2,39.9,2.9,16.1,7.0,5.475,40,0.21730785517729276,1.6674327518053242,0.9423703034913085,0.47347058179722656,0.9158180583842498,1916.135444533376,3706.315682281059,556,47,125,0.8955687219339131,0.12370469206250206,87,"Prince William, VA"
51153901305,VA,Virginia,Prince William,51153,3642,2727,-77.5495714,38.6691098,7.1,25.8,16.5,33.5,76.9,8.5,10.2,5.4,79.7,89.2,12.6,68.0,5.6,12.1,73.2,23.1,10.4,28.0,19.0,8.8,6.4,14.9,6.0,39.0,8.0,6.5,5.4,31.4,20.4,76.6,15.3,11.9,33.2,12.3,2.8,5.1,35.1,2.8,8.3,3.6,4.54,40,0.3080595886032719,-0.23657983191020562,0.03573987834653315,0.2638176365840035,0.5641547861507128,960.8238324389407,2054.651731160896,500,848,643,0.10857491143149868,0.453729654773203,539,"Prince William, VA"
51153901510,VA,Virginia,Prince William,51153,6546,4577,-77.6545745,38.8296394,5.2,20.3,16.6,28.8,74.1,6.4,9.6,3.8,79.8,90.1,10.2,63.5,3.5,8.8,76.0,20.9,8.8,21.9,19.0,7.1,4.6,11.4,4.2,35.8,7.0,4.8,4.6,31.0,16.8,76.9,13.7,8.4,30.0,9.5,2.0,4.5,35.4,2.1,5.7,2.8,4.2675,40,-0.47299564429048707,-0.2850896938238589,-0.379042669057173,0.16790161581694835,0.32790224032586557,1099.083977137744,2146.448065173116,1067,887,991,-0.30282146647642383,-0.3205532391289888,979,"Prince William, VA"
51153901421,VA,Virginia,Prince William,51153,4884,3420,-77.5841256,38.7743603,6.5,18.6,16.4,28.2,72.6,5.3,9.6,3.5,78.6,88.6,11.2,62.6,3.5,9.9,72.8,20.3,8.9,22.9,21.5,9.1,5.9,12.5,3.9,34.4,8.6,5.3,5.5,33.2,18.7,77.4,14.5,8.6,30.4,9.8,2.2,5.2,37.4,2.0,7.9,3.1,4.295,40,-0.5525301464891954,-0.03507550255321121,-0.2938028245212033,0.18761282775165658,0.384928716904277,916.3010507390908,1879.991853360489,1114,640,907,-0.24984011712564314,-0.46460473169807504,913,"Prince William, VA"
51107611005,VA,Virginia,Loudoun,51107,5573,3994,-77.4955021,39.040569,5.1,19.4,16.0,26.8,72.4,6.1,9.3,3.3,78.6,90.1,9.8,66.0,3.1,7.2,78.2,19.9,7.8,19.5,17.6,6.4,3.9,11.1,3.7,34.4,6.3,4.4,4.2,31.2,15.4,73.6,13.1,7.1,28.4,9.0,1.8,4.0,29.7,1.8,5.4,2.5,4.235,40,-0.7388750723065487,-0.20249745511970532,-0.470686263713127,0.1467095743889547,0.2729124236252546,817.6124580696446,1520.9409368635438,1207,812,1072,-0.392282353351623,-0.5820672515835407,1072,"Loudoun, VA"
51153900201,VA,Virginia,Prince William,51153,2710,2062,-77.2518531,38.6642184,15.3,19.6,15.5,31.8,70.8,4.3,10.4,4.5,76.6,83.5,16.8,59.7,5.3,14.3,59.1,21.7,12.0,32.6,24.5,21.4,17.0,21.4,4.9,33.8,17.7,8.7,11.1,36.5,28.1,72.9,17.7,13.3,38.3,13.3,4.0,11.0,41.5,2.8,15.0,6.1,5.387499999999999,40,0.1944530416110082,1.0841137509763215,0.6392833962936648,0.40338351987295246,0.8445349626612356,1093.1693388557012,2288.6897488119484,569,121,230,0.5777319902656518,0.0713502295549821,208,"Prince William, VA"
51153901504,VA,Virginia,Prince William,51153,4713,4405,-77.5879954,38.8102603,5.2,41.0,7.8,49.0,89.0,18.4,8.7,10.6,89.5,95.7,8.2,81.3,7.3,6.3,76.0,16.6,14.9,34.7,15.1,4.7,3.2,15.0,12.1,51.0,3.6,6.3,3.0,26.5,22.3,80.6,9.0,17.9,26.6,12.7,2.9,2.3,28.9,4.8,5.9,4.0,4.817500000000001,40,1.7161474676177197,-1.5755791996818707,0.07028413396792454,0.2718057922098933,0.5838424983027835,1281.0206986852272,2751.6496945010185,36,1470,614,0.15565216673147508,1.8868835331448208,503,"Prince William, VA"
51153901225,VA,Virginia,Prince William,51153,4875,3588,-77.32198,38.6692765,8.9,21.4,14.6,31.8,75.8,6.4,9.7,4.4,80.1,89.1,11.6,66.8,4.2,9.6,72.7,19.2,10.4,26.0,21.6,11.2,7.6,14.7,4.8,36.1,10.3,5.9,6.3,33.3,20.9,77.0,13.9,10.8,32.3,10.7,2.6,6.1,37.0,2.5,7.4,3.8,4.335000000000001,40,-0.12385008333592551,-0.1645938857232669,-0.1442219845295962,0.22220251587810627,0.4677528852681602,1083.2372649057681,2280.295315682281,774,762,785,-0.13808425639138255,-0.11157462705949825,792,"Prince William, VA"
51153901014,VA,Virginia,Prince William,51153,3977,3067,-77.3919514,38.5879276,9.6,22.9,14.8,34.7,76.2,6.2,10.3,5.1,79.9,88.0,13.4,64.6,5.0,12.0,69.7,20.2,11.9,29.3,23.2,14.0,10.4,17.3,5.2,36.5,12.5,7.1,7.7,34.5,23.6,77.4,15.6,12.7,35.6,12.1,3.3,7.7,38.1,3.0,9.1,4.6,4.5200000000000005,40,0.3234147521713621,0.025356051836658455,0.1743854020040103,0.29587859722381216,0.6456211812627292,1176.709181159101,2567.6354378818737,494,580,523,0.13457059761115542,0.24378514338565235,519,"Prince William, VA"
51107611809,VA,Virginia,Loudoun,51107,6941,4588,-77.5622392,38.9305683,5.3,15.7,13.8,25.1,70.2,4.4,8.4,2.8,78.1,89.9,9.1,61.0,2.4,7.3,76.5,17.1,7.9,17.8,21.1,7.5,4.4,10.7,3.2,33.1,7.0,4.0,4.5,32.9,16.7,79.5,12.4,6.2,25.3,8.0,1.6,4.3,32.3,1.6,5.0,2.4,4.135,40,-1.1149190681448444,-0.21070715911673782,-0.6628131136307911,0.10228137208883331,0.13441955193482688,709.935003668592,933.0061099796334,1334,818,1276,-0.6193514853880357,-1.0279958116593337,1376,"Loudoun, VA"
51107611031,VA,Virginia,Loudoun,51107,2141,1541,-77.4927421,38.9982744,5.1,13.8,16.0,22.2,65.3,3.9,8.8,2.1,76.6,88.9,9.4,59.8,2.1,6.9,77.3,18.5,6.0,16.8,20.1,6.9,4.2,9.6,2.7,29.4,6.9,3.8,4.4,33.4,14.7,80.0,13.1,5.1,26.4,7.4,1.4,4.3,31.5,1.3,4.9,2.1,4.025,40,-1.3543534176480754,-0.055296895577262584,-0.704825156612669,0.0925663346256148,0.10590631364562118,198.1845224334413,226.74541751527497,1384,661,1318,-0.6529382056477068,-1.250579515718151,1406,"Loudoun, VA"
51153901506,VA,Virginia,Prince William,51153,5536,3846,-77.6231483,38.8151011,8.4,17.4,16.7,27.2,69.6,4.4,9.8,3.3,77.0,86.6,13.0,57.9,3.7,11.7,70.0,21.4,8.9,24.8,23.1,11.9,8.0,14.3,3.9,33.0,10.6,6.1,6.7,34.9,20.8,75.6,15.9,9.0,31.4,10.5,2.4,6.3,38.1,2.0,9.4,3.5,4.602500000000001,40,-0.5654514039504508,0.4284699170076636,-0.06849074347139358,0.2397149192700059,0.505091649694501,1327.0617930787528,2796.1873727087577,1117,325,730,-0.03674929553069231,-0.5019685080690482,699,"Prince William, VA"
51107610800,VA,Virginia,Loudoun,51107,6657,5162,-77.7905205,39.0477448,5.3,28.7,13.9,35.6,79.7,10.2,10.0,6.0,81.6,91.3,10.9,71.5,5.5,9.1,76.8,21.3,10.6,25.8,16.0,6.8,4.9,14.4,6.4,40.7,6.0,5.8,4.4,29.6,18.3,78.2,13.4,11.4,31.0,11.7,2.7,4.1,28.5,2.9,8.4,3.3,4.225,40,0.42537812843165007,-0.6486032627051777,-0.11161256713676379,0.22974325156100917,0.48268839103869654,1529.400825641638,3213.256619144603,436,1230,763,-0.03334083136089505,0.5819215999833875,693,"Loudoun, VA"
51107611010,VA,Virginia,Loudoun,51107,1951,1886,-77.4727067,39.0813513,4.9,48.4,4.7,55.5,91.4,21.2,8.7,13.0,91.9,97.0,8.5,80.2,8.8,5.5,80.5,14.7,17.3,39.8,13.8,4.7,3.4,18.5,15.1,53.9,2.9,7.7,3.0,26.5,26.6,79.9,8.0,22.0,25.4,14.5,3.6,2.0,21.4,6.0,5.7,5.1,5.3525,40,2.564658738676125,-1.7564429689020715,0.40410788488702665,0.3490005681861565,0.7610319076714189,680.9001085311913,1484.7732518669384,7,1471,353,0.425929746136244,2.6083024611745596,285,"Loudoun, VA"
51153901209,VA,Virginia,Prince William,51153,6645,4842,-77.2970196,38.6663535,12.8,24.0,13.7,35.8,76.6,6.2,10.1,5.8,79.3,86.9,14.7,63.8,6.0,13.8,65.8,20.6,13.7,32.3,23.3,17.6,13.6,20.6,6.0,38.2,14.2,8.1,9.0,34.3,28.0,77.0,15.9,14.8,36.4,13.6,3.9,8.8,38.4,3.3,9.1,5.7,4.7875,40,0.6106645641064494,0.25515532936620294,0.4329099467363262,0.35566087532724405,0.7766463000678887,2363.3665165495368,5160.814663951121,346,429,330,0.37631694030051466,0.49747855123482637,315,"Prince William, VA"
51107611601,VA,Virginia,Loudoun,51107,4317,3303,-77.423746,38.9978936,10.0,17.6,15.3,26.7,70.4,4.9,9.2,3.4,76.5,87.5,12.1,60.5,3.4,9.1,71.8,19.0,8.7,23.1,21.2,11.2,7.0,14.7,4.0,33.1,9.9,5.4,6.2,34.4,20.1,76.7,14.2,8.5,29.7,10.1,2.3,5.6,32.1,1.9,7.6,3.5,4.387500000000001,40,-0.6918677928776864,0.27586335866139083,-0.20800221710814779,0.20745371279845842,0.4331296673455533,895.577678150945,1869.8207739307536,1180,411,836,-0.18449868460427446,-0.6448607278699398,841,"Loudoun, VA"
51107611004,VA,Virginia,Loudoun,51107,8935,6283,-77.5230497,39.0563815,5.5,19.1,15.6,26.6,71.8,5.9,9.5,3.2,78.4,89.8,10.3,63.9,3.2,7.9,77.4,20.1,7.8,20.0,18.3,7.2,4.5,11.7,3.7,34.0,6.8,4.7,4.6,31.8,16.2,78.0,13.5,7.4,28.4,9.2,1.9,4.3,30.1,1.8,5.2,2.6,4.049999999999999,40,-0.7307384701540314,-0.25476841369391606,-0.49275344192397375,0.14160666941672162,0.2593346911065852,1265.2555912384078,2317.1554650373387,1202,863,1092,-0.4200884455983668,-0.5854084775028174,1106,"Loudoun, VA"
51107611400,VA,Virginia,Loudoun,51107,5767,4276,-77.3925179,39.000281,17.6,21.5,13.4,32.0,73.7,5.4,9.3,5.2,76.2,85.3,15.6,62.7,5.3,12.5,66.2,19.0,12.5,31.1,24.1,18.8,12.5,22.2,5.7,36.8,15.0,7.7,9.2,36.2,29.0,72.2,15.7,13.2,33.9,13.6,3.6,8.3,32.8,2.8,11.3,5.7,5.325,40,0.14430300430321072,0.7913191546469368,0.4678110794750738,0.3637315566843005,0.7929395790902919,2097.639887398361,4572.882552613713,599,191,306,0.4224097584537736,0.0535003622606104,287,"Loudoun, VA"
51153901222,VA,Virginia,Prince William,51153,2654,1924,-77.3053328,38.6995521,7.6,21.4,16.7,30.1,73.5,6.5,10.2,4.2,79.0,88.7,12.2,64.2,4.3,10.6,70.4,21.9,9.2,25.4,20.6,9.9,6.9,13.8,4.6,35.2,9.6,6.0,6.0,32.9,19.2,74.5,15.2,10.0,32.9,10.8,2.5,5.8,38.0,2.3,7.7,3.4,4.7325,40,-0.1795184008670634,0.059428742156688155,-0.060044829355187616,0.24166798715783655,0.5132382892057027,641.3868379168982,1362.134419551935,820,558,718,-0.012840437715539409,-0.08510961758776697,666,"Prince William, VA"
51153901208,VA,Virginia,Prince William,51153,3116,2517,-77.2770107,38.6846113,9.7,30.8,12.0,40.5,82.4,11.1,9.6,8.0,83.2,90.7,12.0,69.3,6.7,9.9,67.2,19.2,13.6,33.6,19.2,10.9,8.1,18.0,9.0,42.2,9.1,7.6,6.2,31.0,24.9,77.9,13.0,16.6,32.6,13.2,3.6,5.8,35.3,4.1,9.8,5.1,4.935,40,1.0903980405926754,-0.3859048902586052,0.3522465751670351,0.3370079458078868,0.7413441955193483,1050.1167591373753,2310.028513238289,161,995,382,0.3398590479841687,1.0656229862269426,341,"Prince William, VA"
51153901411,VA,Virginia,Prince William,51153,6810,4987,-77.6328876,38.7807416,5.3,22.8,15.0,32.0,77.7,7.6,9.3,4.6,81.3,90.8,9.8,67.4,4.0,8.4,74.5,19.7,10.2,23.4,18.6,7.1,4.5,12.2,5.0,38.5,6.6,5.0,4.5,30.3,17.8,80.2,12.8,9.8,29.5,10.0,2.3,4.2,34.6,2.4,4.8,3.1,4.28,40,-0.19031862931371382,-0.6111739034528904,-0.4007462663833021,0.16288278678259488,0.3163611676849966,1109.231777989471,2154.419551934827,833,1215,1008,-0.33239755565345847,-0.053621207854026624,1015,"Prince William, VA"
51153901414,VA,Virginia,Prince William,51153,4936,3571,-77.5997634,38.7483287,6.4,24.6,14.8,33.2,78.4,8.6,9.5,5.1,81.5,90.8,10.3,67.0,4.5,8.8,76.7,20.1,10.4,25.4,18.6,7.7,5.1,13.1,5.7,38.8,7.2,5.4,4.7,30.5,18.9,80.3,13.0,10.8,30.6,10.6,2.4,4.5,33.8,2.7,5.6,3.3,4.2775,40,0.0398873164938081,-0.606281251107976,-0.283196967307084,0.19006536975750857,0.3923964697895451,938.1626651230623,1936.8689748811946,654,1210,896,-0.21862208922687293,0.16903707265423015,875,"Prince William, VA"
51107611002,VA,Virginia,Loudoun,51107,4736,3788,-77.4557941,39.0642268,9.1,18.0,15.4,27.2,69.1,4.8,9.7,3.6,76.0,85.7,13.3,62.6,3.9,10.2,67.4,21.0,8.6,24.7,20.8,12.3,8.9,15.2,4.2,32.0,10.7,6.2,7.1,34.8,20.9,75.0,15.8,8.7,31.2,10.4,2.4,6.7,33.4,2.0,7.1,3.7,4.590000000000001,40,-0.5351384320653582,0.43335865892954956,-0.0508898865679043,0.24378501374924613,0.5159538357094365,1154.5658251164298,2443.5573659198913,1099,322,714,-0.03141192827696121,-0.496182515483472,689,"Loudoun, VA"
51107610503,VA,Virginia,Loudoun,51107,8097,5670,-77.5272113,39.1266106,5.6,19.0,15.6,27.0,71.9,5.7,9.4,3.3,78.3,89.6,10.4,62.3,3.2,8.0,75.8,19.9,8.0,20.4,18.8,7.4,4.7,11.8,3.8,34.0,7.1,4.7,4.7,32.2,16.5,77.6,13.7,7.4,28.7,9.3,1.9,4.4,30.8,1.8,4.6,2.7,4.135,40,-0.7142220670040454,-0.1878923373469087,-0.45105720217547707,0.15124867924249275,0.2878479293957909,1224.6605558264637,2330.704684317719,1196,795,1050,-0.387379279991747,-0.5868662226365853,1068,"Loudoun, VA"
51153901232,VA,Virginia,Prince William,51153,5839,4531,-77.4408887,38.7197605,8.4,21.1,16.6,30.9,73.1,6.3,9.8,4.4,78.4,87.6,12.5,66.7,4.6,11.3,69.4,20.8,9.7,26.3,21.9,10.9,7.6,14.7,4.9,35.6,10.0,6.1,6.4,33.5,20.3,76.7,15.1,10.4,32.7,11.0,2.6,6.1,37.7,2.5,9.7,3.6,4.380000000000001,40,-0.12843746980281673,0.0753078884919547,-0.026564790655431013,0.24941004888947962,0.5288526816021725,1456.3052754656715,3087.970807875085,777,546,695,-0.002628285397873076,-0.08056445928770085,654,"Prince William, VA"
51153901101,VA,Virginia,Prince William,51153,2191,1646,-77.300699,38.5287151,10.7,13.1,20.2,22.4,58.7,3.0,10.2,2.7,72.4,77.9,17.3,57.9,3.6,12.0,63.7,24.3,6.4,28.8,23.6,15.3,11.1,15.1,3.7,25.8,12.9,7.6,9.5,39.0,20.7,74.1,19.8,7.6,32.4,10.3,2.3,8.0,38.8,1.6,12.2,4.0,4.910000000000001,40,-0.9112557765126429,1.352444685834546,0.22059445466095157,0.3065641684514639,0.6741344195519349,671.6820930771573,1477.0285132382894,1276,82,481,0.24696581851601285,-0.8585130488025203,417,"Prince William, VA"
51107611209,VA,Virginia,Loudoun,51107,6639,5012,-77.3515373,39.0392626,5.0,23.1,14.4,30.5,76.7,8.0,9.3,4.4,80.3,91.0,9.7,68.0,3.8,7.4,77.7,19.4,9.1,21.6,17.3,6.2,3.8,11.9,5.0,37.7,5.7,4.7,4.0,30.6,16.5,76.1,12.5,8.7,27.6,9.7,2.0,3.6,28.8,2.2,5.9,2.7,4.27,40,-0.34360371631353137,-0.47873574630125343,-0.4111697313073924,0.1604724219194112,0.30685675492192804,1065.376409122971,2037.2219959266804,952,1087,1022,-0.32662393674063367,-0.17451212718001388,1009,"Loudoun, VA"
51153900407,VA,Virginia,Prince William,51153,6849,5013,-77.341737,38.6384548,14.0,19.8,14.6,32.9,72.6,4.3,10.5,4.3,78.1,85.9,15.4,61.3,4.7,13.4,61.2,20.1,12.1,30.9,26.3,19.8,14.8,19.9,4.5,33.9,17.4,7.9,10.2,37.1,27.2,77.8,17.0,12.8,38.0,12.6,3.7,10.4,42.9,2.8,11.1,5.4,5.182499999999999,40,0.1651615197886627,0.5743714654177805,0.3697664926032216,0.34105932351209567,0.7522063815342838,2335.915306734343,5151.861507128309,592,260,366,0.28929699734902503,0.004222529280269573,388,"Prince William, VA"
51153901229,VA,Virginia,Prince William,51153,3983,2951,-77.3839385,38.6498882,10.4,20.6,14.9,32.3,74.6,5.0,10.1,4.3,78.9,87.6,13.5,62.9,4.4,11.8,65.6,20.0,11.7,28.1,24.2,14.6,10.0,17.1,4.5,35.7,13.0,6.8,7.9,35.2,23.9,79.4,15.7,11.8,35.0,11.9,3.2,7.7,40.5,2.7,8.1,4.5,4.675,40,0.03359905366940152,0.11949990591359604,0.07654947979149877,0.27325461652491884,0.5865580448065173,1088.3731376187518,2336.2606924643583,658,519,610,0.04304169679124775,-0.033416512331100524,614,"Prince William, VA"
51107610101,VA,Virginia,Loudoun,51107,5055,3740,-77.6935906,39.2822227,6.2,25.8,15.4,32.6,76.4,8.6,10.1,5.2,79.4,90.0,11.9,66.7,5.1,10.5,74.6,22.0,9.6,25.4,17.8,7.7,5.5,14.5,5.7,38.2,7.0,5.9,4.8,31.4,18.8,78.0,14.6,10.5,31.3,11.6,2.6,4.6,30.2,2.6,5.0,3.2,4.437500000000001,40,0.13772483812269948,-0.3812839750262768,-0.12177956845178867,0.2273921923966961,0.47589952477936187,1149.4675325652988,2405.672097759674,604,992,773,-0.04798676099661245,0.2853104530330519,706,"Loudoun, VA"
51153901407,VA,Virginia,Prince William,51153,4247,3176,-77.5231001,38.794635,14.8,17.1,16.3,28.2,68.4,4.0,9.7,3.7,75.7,84.4,15.1,56.5,4.1,12.3,61.0,20.7,10.1,29.0,24.2,17.9,12.6,18.3,4.3,32.2,15.7,7.2,9.4,36.0,25.4,74.9,16.6,10.8,35.7,11.8,3.1,9.1,40.3,2.2,13.1,5.0,5.1875,40,-0.3565533481438019,1.0086630473315976,0.32605484959389786,0.33095126355420235,0.7270875763747454,1405.5500163146974,3087.940936863544,962,134,403,0.3036350276377632,-0.40139299205607126,377,"Prince William, VA"
51107611017,VA,Virginia,Loudoun,51107,3397,2757,-77.4640679,39.0390671,5.9,29.2,11.0,37.5,82.6,10.5,9.2,6.4,83.5,92.3,9.7,71.6,5.1,7.6,77.6,17.7,12.1,26.5,17.8,7.2,4.6,14.7,7.0,42.8,5.9,5.6,4.2,30.4,20.7,78.9,11.5,12.4,27.3,11.2,2.6,3.7,27.9,3.2,6.6,3.6,4.532500000000001,40,0.4363946862009268,-0.8567707376353891,-0.21018802571723116,0.20694825743334253,0.4317718940936864,703.0032305010645,1466.7291242362526,431,1354,838,-0.16123318383505847,0.5343043699652722,814,"Loudoun, VA"
51153901211,VA,Virginia,Prince William,51153,4659,3345,-77.3398683,38.6673898,18.7,21.7,14.5,33.3,74.3,5.2,9.8,5.4,77.2,85.3,16.2,58.1,5.6,13.8,58.4,20.0,13.3,33.9,25.7,20.7,14.2,22.6,5.8,36.9,17.1,8.4,10.1,36.5,30.3,71.6,16.4,14.9,36.9,14.2,4.1,9.3,40.7,3.2,17.5,6.3,5.415000000000001,40,0.39409084997195976,1.128244679043208,0.7611677645075838,0.4315685620497805,0.8744059742023083,2010.6779305899274,4073.857433808554,452,115,186,0.6938444818324115,0.25944428462161523,150,"Prince William, VA"
51107611022,VA,Virginia,Loudoun,51107,7320,4813,-77.5169756,39.008728,5.1,18.5,14.1,27.4,72.7,5.4,8.9,3.3,78.9,90.0,9.6,59.3,3.1,7.8,77.4,18.4,8.6,19.5,19.2,7.5,4.6,11.8,3.7,35.0,6.7,4.4,4.6,31.7,17.3,77.7,12.7,7.3,27.1,9.0,1.9,4.3,30.7,1.8,6.5,2.7,4.2825,40,-0.7772593870527493,-0.17064495578040162,-0.4739521714165755,0.14595435247070374,0.2708757637474542,1068.3858600855513,1982.8105906313647,1220,773,1075,-0.4200289600142031,-0.6694129642480046,1105,"Loudoun, VA"
51107611012,VA,Virginia,Loudoun,51107,4509,3161,-77.4984735,39.0656193,4.4,20.2,14.0,28.8,75.6,6.5,8.8,3.7,80.3,91.0,9.0,61.9,3.1,6.8,77.5,18.0,9.0,19.4,18.2,6.0,3.4,11.1,4.1,36.9,5.5,4.2,3.9,31.0,16.1,79.1,12.0,7.5,26.1,8.9,1.8,3.5,30.0,1.9,4.3,2.5,4.2375,40,-0.6737414929488359,-0.4788135081294458,-0.5762775005391408,0.12229222286918225,0.20298710115410726,551.4156329171427,915.2688391038696,1171,1088,1175,-0.5034600890012302,-0.5281066698730145,1217,"Loudoun, VA"
51153900403,VA,Virginia,Prince William,51153,5550,4227,-77.3005652,38.645467,13.7,23.1,13.8,34.9,76.9,6.0,9.9,5.3,79.6,87.6,13.9,64.3,5.2,11.6,64.1,19.0,13.2,31.4,24.0,16.7,11.7,19.5,5.6,37.3,14.1,7.6,8.6,35.0,26.8,75.9,15.0,14.3,35.6,12.8,3.7,8.2,39.5,3.2,11.9,5.5,4.985,40,0.40258475788309983,0.32886706752295886,0.36572591270302934,0.34012496321163543,0.7501697216564833,1887.6935458245766,4163.4419551934825,449,383,369,0.3011846381299039,0.27350220873684894,380,"Prince William, VA"
51153900404,VA,Virginia,Prince William,51153,5996,4244,-77.3214704,38.6406633,20.3,21.7,14.2,34.0,73.3,4.9,10.2,5.5,76.9,83.7,17.8,58.9,6.1,15.3,55.8,20.8,14.0,36.0,25.2,25.0,19.4,25.1,6.0,36.2,19.9,9.7,12.2,36.5,32.6,72.7,17.3,16.2,39.3,15.1,4.8,11.8,41.2,3.3,15.8,7.5,5.76,40,0.5729042529895725,1.2421402343879024,0.9075222436887375,0.4654121732440293,0.9069925322471147,2790.6113907711997,5438.3272233537,368,92,138,0.8153672201156509,0.3885942058433993,117,"Prince William, VA"
51153901212,VA,Virginia,Prince William,51153,7978,5764,-77.3530624,38.6684118,12.6,21.0,14.1,33.4,74.7,5.0,10.4,4.6,78.9,86.7,14.5,61.2,4.9,12.4,61.4,19.7,12.4,30.2,25.1,17.5,12.7,19.2,4.8,35.6,14.9,7.6,9.1,36.1,25.9,76.9,16.0,13.1,35.7,12.5,3.6,8.9,41.2,2.9,12.5,5.2,4.8100000000000005,40,0.22237310543397174,0.4834823159967631,0.35292771071536744,0.3371654543911383,0.7420230821452818,2689.9059951325016,5919.860149355058,553,300,381,0.2882347705141558,0.09298722503154845,390,"Prince William, VA"
51153901227,VA,Virginia,Prince William,51153,5282,3882,-77.3636473,38.6545058,15.7,20.8,15.0,32.4,74.1,5.1,9.9,4.7,77.5,86.0,15.0,62.8,4.9,12.9,65.1,19.7,12.2,31.1,25.6,17.8,12.0,19.9,5.0,35.9,15.1,7.5,8.9,36.5,27.3,75.5,16.0,13.2,35.7,12.9,3.5,8.2,39.8,2.9,10.8,5.3,5.07,40,0.1502089986075901,0.560061083821776,0.35513504121468303,0.3376758865665935,0.7440597420230821,1783.6040328447468,3930.1235573659196,598,268,378,0.30505578775399655,0.05005049168621714,375,"Prince William, VA"
51107611013,VA,Virginia,Loudoun,51107,4370,3116,-77.4901911,39.0590764,5.3,20.4,13.9,29.0,74.2,6.2,9.2,3.8,79.3,89.9,10.1,60.2,3.5,8.2,71.0,19.1,9.2,21.1,18.9,7.8,5.0,12.6,4.3,36.0,6.9,4.8,4.8,31.6,18.0,76.5,13.1,8.2,28.0,9.6,2.1,4.5,32.6,2.0,6.9,2.9,4.2575,40,-0.5351582954326476,-0.09027342654241849,-0.312715860987533,0.18323929947804063,0.37202987101154106,800.7557387190376,1625.7705363204345,1100,696,926,-0.2566991217377912,-0.42312481693316395,926,"Loudoun, VA"
51107611016,VA,Virginia,Loudoun,51107,4140,3429,-77.4636783,39.0469608,5.0,32.4,10.4,39.8,84.5,13.1,9.0,7.1,85.3,93.9,8.5,76.2,5.1,6.3,79.8,17.2,12.0,26.3,16.1,5.2,3.3,13.2,7.9,44.9,4.5,5.0,3.4,28.7,18.9,80.0,10.4,12.2,26.6,10.9,2.3,2.9,26.2,3.3,7.1,3.1,4.215,40,0.5926930882572026,-1.1904816553354165,-0.29889428353910696,0.18643545784553914,0.38153428377460963,771.842795480532,1579.5519348268838,357,1459,912,-0.20967765453773202,0.7711263462599525,863,"Loudoun, VA"
51153901403,VA,Virginia,Prince William,51153,6754,5242,-77.5182829,38.7706914,12.9,18.9,15.9,29.9,70.6,4.7,9.9,4.2,76.7,84.4,15.0,61.5,4.6,12.2,62.2,21.5,10.7,29.9,23.1,17.1,12.8,18.2,4.8,33.2,14.7,7.6,9.3,35.5,25.2,76.4,16.8,11.5,35.4,11.9,3.2,9.0,40.1,2.5,10.2,5.0,4.8025,40,-0.12334151857141942,0.6675414920893624,0.2720999867589715,0.318474519350398,0.703326544467074,2150.976903692588,4750.267481330618,773,225,438,0.2526032490951424,-0.16233499389907757,414,"Prince William, VA"
51153901236,VA,Virginia,Prince William,51153,6506,4617,-77.3412157,38.6851074,6.1,20.7,15.5,30.8,74.9,6.2,10.0,3.8,80.6,90.3,10.6,67.5,3.7,9.1,73.7,20.0,9.5,22.9,20.4,9.0,6.3,12.6,4.0,35.4,8.9,5.2,5.5,32.1,17.8,80.0,13.8,9.2,32.3,9.8,2.3,5.6,37.7,2.3,4.4,3.1,4.3375,40,-0.28110285027777054,-0.47291423122892173,-0.3770085407533461,0.16837199600496242,0.329938900203666,1095.4282060082855,2146.582484725051,905,1083,988,-0.34800033135516106,-0.22308643148140045,1026,"Prince William, VA"
51107610202,VA,Virginia,Loudoun,51107,5624,3892,-77.8010924,39.153846,5.1,22.5,16.6,28.8,74.0,7.7,9.8,4.1,78.9,90.2,10.7,66.8,3.8,8.4,76.1,21.6,7.9,21.8,16.8,6.0,4.0,11.8,4.7,35.5,6.1,4.9,4.2,30.9,15.7,78.2,14.0,8.2,29.6,9.9,2.0,3.9,29.6,2.1,5.1,2.6,4.3125,40,-0.394635798909428,-0.3947470295486737,-0.39469141422905085,0.16428293567652452,0.318397827562797,923.9272302447739,1790.6693822131704,1003,1005,1005,-0.29723172096376155,-0.19971641237884938,974,"Loudoun, VA"
51153900901,VA,Virginia,Prince William,51153,6221,4268,-77.3196575,38.5618028,18.3,21.1,14.0,35.3,71.9,4.0,11.2,5.1,77.3,82.9,19.0,58.8,6.2,16.9,57.5,21.9,14.1,36.7,26.4,28.6,25.0,25.9,5.1,34.0,23.1,10.8,14.5,37.8,32.7,74.2,19.1,16.3,42.6,15.1,5.3,15.2,43.4,3.4,17.9,7.9,5.4075,40,0.7245401107166277,1.270230589229633,0.9973853499731304,0.48619248722425273,0.9253224711473184,3024.603463022076,5756.431093007467,300,89,111,0.8628411681810462,0.45545174713245923,101,"Prince William, VA"
51179010503,VA,Virginia,Stafford,51179,2618,2019,-77.3790417,38.3353683,7.1,28.2,15.8,33.6,78.2,9.1,10.4,6.1,78.2,88.4,13.3,70.4,6.2,11.9,67.9,24.0,11.0,29.1,19.3,9.0,6.7,16.3,6.8,39.5,7.9,6.9,5.6,32.0,21.7,78.3,15.8,12.7,33.9,12.9,3.0,5.0,35.4,3.1,12.2,3.8,5.652500000000001,40,0.5665243524588316,-0.14393088476135585,0.21129673384873787,0.304414125282838,0.6680244399185336,796.9561799904699,1748.887983706721,371,740,490,0.2783984710336036,0.700727826828563,396,"Stafford, VA"
51600300400,VA,Virginia,Fairfax,51600,4129,3332,-77.3207879,38.8462945,8.6,21.5,14.7,29.9,75.1,6.8,9.1,4.8,78.0,87.1,11.9,69.3,4.3,8.8,68.6,19.3,10.6,24.9,21.0,10.2,6.6,14.7,5.5,36.0,8.4,5.9,5.9,33.5,20.7,78.2,14.0,10.2,30.6,10.6,2.5,4.9,35.0,2.5,7.4,3.8,5.030000000000001,40,-0.19311864282944935,-0.07934186988061878,-0.13623025635503405,0.22405055594236167,0.4711473183978276,925.1047454860113,1945.3672776646301,838,688,780,-0.11262038191246514,-0.1458988939443115,765,"Fairfax City, VA"
51510200900,VA,Virginia,Alexandria,51510,5078,3697,-77.0753683,38.8260244,3.8,24.5,16.5,29.9,76.7,9.4,9.3,4.4,80.5,92.3,8.2,72.0,3.5,6.0,80.8,20.7,8.5,19.8,15.2,4.3,2.8,10.1,4.9,39.1,4.4,4.0,3.1,27.8,13.6,83.2,11.6,7.9,27.4,8.9,1.8,2.9,29.0,2.1,3.6,2.3,4.2625,40,-0.38489096837615194,-0.9811689283969619,-0.683029948386557,0.09760634814094568,0.11880515953835709,495.64503585972216,603.2926001357773,990,1403,1299,-0.5336781028049183,-0.08618727721287484,1255,"Alexandria, VA"
51177020109,VA,Virginia,Spotsylvania,51177,3656,2838,-77.5427972,38.2804092,10.3,30.5,13.4,39.6,80.0,10.3,10.4,7.3,80.2,89.1,13.6,72.6,6.9,11.4,69.0,21.3,13.4,32.5,20.8,11.5,8.3,19.1,8.2,40.2,9.8,8.0,6.5,32.9,25.9,80.0,14.9,15.8,37.8,13.7,3.5,5.8,38.2,3.9,11.7,4.8,5.3025,40,1.1501491255173217,-0.29570515260960595,0.4272219864538579,0.3543455680174492,0.7725729803122878,1295.4873966717944,2824.5268160217242,147,897,336,0.403706148107421,1.103117448824448,301,"Spotsylvania, VA"
51510201000,VA,Virginia,Alexandria,51510,2831,2535,-77.0814867,38.8377946,4.4,21.9,17.5,26.1,72.7,7.8,10.0,3.5,78.6,91.0,9.3,73.8,3.3,6.5,80.3,23.0,7.3,19.6,15.9,5.3,3.7,10.1,4.0,35.5,5.6,4.4,3.8,29.6,13.9,83.0,13.3,7.2,28.4,8.9,1.7,3.7,30.3,1.8,3.1,2.3,4.3575,40,-0.6109396884946743,-0.8102970311045022,-0.7106183597995883,0.09122669051411003,0.10251188051595383,258.2627608454455,290.21113374066533,1146,1329,1323,-0.5608940432743631,-0.311491055444224,1295,"Alexandria, VA"
51177020104,VA,Virginia,Spotsylvania,51177,4945,3684,-77.6620008,38.2898382,7.0,25.8,16.0,34.6,76.2,8.0,10.6,5.3,78.5,88.8,12.8,68.7,5.3,11.4,71.1,22.8,11.2,26.5,20.4,9.4,6.5,15.6,5.6,37.4,8.6,6.5,5.7,32.6,21.1,79.8,15.7,11.6,37.7,12.1,2.8,5.3,39.5,2.8,9.9,3.6,4.835,40,0.4398103138435271,-0.2307525603681967,0.1045288767376652,0.27972468725315075,0.6089613034623218,1383.2385784668304,3011.3136456211814,428,842,577,0.13008902719034734,0.4909306147488914,524,"Spotsylvania, VA"
51600300100,VA,Virginia,Fairfax,51600,5368,4354,-77.317843,38.858071,10.7,23.4,14.2,32.6,75.3,6.8,9.7,5.7,77.8,85.9,13.9,66.6,5.7,11.3,65.0,20.5,12.1,28.6,21.6,14.1,10.5,18.4,6.2,37.1,10.8,7.5,7.7,33.8,23.9,73.6,15.2,12.6,33.6,12.5,3.4,6.6,35.7,3.0,9.6,4.9,5.5975,40,0.3186718266494596,0.35371237343512263,0.3361921000422911,0.33329544300585745,0.7325186693822132,1789.1299380554428,3932.1602172437206,497,359,395,0.3185475848445563,0.28338279625399,363,"Fairfax City, VA"
51510201100,VA,Virginia,Alexandria,51510,3388,2400,-77.0724866,38.8364121,8.2,24.4,15.9,31.4,74.6,7.8,9.7,5.2,78.3,89.0,11.7,65.1,4.9,9.7,72.6,21.8,10.4,25.5,17.6,9.8,7.6,15.5,5.8,38.3,8.4,6.1,5.7,30.0,20.0,76.5,14.0,10.7,32.0,11.5,2.8,5.5,32.1,2.6,6.7,3.8,5.0675,40,0.07043807991811189,-0.07280430537762712,-0.0011831127297576155,0.25527941239635854,0.5410726408689749,864.8866491988628,1833.1541072640869,640,682,677,0.06476625794257798,0.20233682126278307,588,"Alexandria, VA"
51510200201,VA,Virginia,Alexandria,51510,3505,2986,-77.0986804,38.8272503,6.7,20.3,17.0,27.6,70.8,6.1,10.2,3.9,77.2,87.6,11.8,68.4,3.8,8.4,73.2,22.4,8.6,23.4,19.3,9.5,7.2,13.2,4.4,33.5,9.0,5.7,6.0,32.9,17.7,81.3,15.2,8.6,31.1,9.9,2.3,5.9,34.1,2.1,6.6,3.2,4.514999999999999,40,-0.39465882862312324,-0.18958649341678613,-0.29212266101995465,0.1880013556641412,0.38832315003394435,658.9447516028149,1361.072640868975,1004,798,902,-0.23204162023519379,-0.27449674705360144,891,"Alexandria, VA"
51177020316,VA,Virginia,Spotsylvania,51177,5003,3703,-77.5846322,38.2231828,7.2,23.9,16.5,33.2,74.3,7.1,10.8,4.7,77.8,88.3,13.0,70.4,4.9,11.4,71.1,23.1,10.5,25.7,21.1,10.1,7.3,15.1,5.0,35.4,9.7,6.4,6.1,33.3,20.7,79.6,16.3,10.7,38.9,11.6,2.7,6.0,40.6,2.6,7.9,3.5,4.7925,40,0.2717003797470381,-0.2118332292806271,0.0299335752332055,0.2624749631916833,0.5607603530210454,1313.1622408479914,2805.4840461642902,528,820,648,0.046699127301332855,0.3052314838832928,609,"Spotsylvania, VA"
51179010103,VA,Virginia,Stafford,51179,5044,3648,-77.3928997,38.4589777,7.6,21.9,16.1,29.4,73.8,6.1,10.6,4.2,77.3,87.5,12.9,67.5,4.2,9.7,72.1,22.9,9.7,25.5,20.6,10.9,8.0,14.7,4.5,34.0,10.5,6.3,6.8,33.6,19.9,77.8,16.0,10.0,35.3,11.0,2.7,6.6,36.6,2.4,5.9,3.6,5.0525,40,-0.0778694537608709,-0.06451285324878045,-0.07119115350482567,0.23909046535682293,0.5030549898167006,1205.972307259815,2537.4093686354377,737,672,733,-0.04201647369075433,-0.0195200941327282,703,"Stafford, VA"
51179010105,VA,Virginia,Stafford,51179,8089,5790,-77.3746796,38.4206802,7.8,22.4,15.8,30.4,74.9,6.2,10.4,4.2,77.8,88.5,12.4,70.4,4.2,10.2,73.1,21.6,10.0,25.1,22.0,10.6,7.5,14.7,4.4,35.1,10.3,6.0,6.3,33.8,20.5,81.7,15.4,10.1,34.9,11.0,2.6,6.2,37.4,2.4,7.2,3.5,5.1775,40,-0.061637069471099114,-0.31839214120905823,-0.19001460534007866,0.21161324206191276,0.4453496266123557,1711.7395150388122,3602.4331296673454,723,921,818,-0.16995323325046036,-0.0215143252918625,824,"Stafford, VA"
51177020407,VA,Virginia,Spotsylvania,51177,5768,4554,-77.7325098,38.2385589,6.8,29.3,14.5,38.4,79.4,9.8,10.5,6.6,80.2,89.7,12.5,73.2,6.4,11.5,72.2,22.3,12.7,28.5,19.1,9.2,6.9,16.8,6.9,40.6,7.8,6.8,5.5,31.1,22.0,78.2,14.7,13.4,37.6,12.8,3.1,5.0,37.3,3.4,7.2,3.9,5.09,40,0.9152544592272404,-0.4872123387157512,0.21402106025574458,0.30504410971652823,0.670061099796334,1759.4944248449349,3864.9124236252546,221,1095,487,0.23194938813309202,0.9511111149819352,429,"Spotsylvania, VA"
51510200108,VA,Virginia,Alexandria,51510,1667,1385,-77.1385626,38.8173144,8.4,21.3,14.3,32.8,73.0,5.0,10.5,4.2,78.7,87.4,13.1,67.3,4.3,10.6,67.8,20.1,11.6,26.6,23.4,15.4,12.9,17.2,4.2,34.5,13.6,6.9,8.5,34.9,23.1,81.9,15.8,11.1,35.2,11.2,3.2,9.1,38.7,2.7,10.5,4.5,5.075,40,0.08185698298253423,-0.02127702513201833,0.03028997892525795,0.26255737944603713,0.561439239646979,437.6831515365439,935.9192124915139,635,623,647,-0.019898467509903317,-0.018519909887788302,674,"Alexandria, VA"
51510200404,VA,Virginia,Alexandria,51510,3694,3003,-77.119651,38.8082942,3.8,22.3,16.4,28.2,74.8,8.0,9.4,3.7,80.1,92.4,8.1,71.0,3.0,5.8,81.7,20.3,8.2,18.4,16.2,4.6,3.0,9.7,4.1,37.5,5.0,3.9,3.4,28.4,13.4,82.7,11.8,7.1,27.8,8.5,1.7,3.3,30.3,1.9,3.2,2.2,4.1425,40,-0.5885983609117407,-0.9113709011751749,-0.7499846310434578,0.08212347218011035,0.07196198234894773,303.3641062333276,265.8275627970129,1127,1380,1368,-0.6205309352881504,-0.32969096940112586,1379,"Alexandria, VA"
51630000400,VA,Virginia,Fredericksburg,51630,3528,2795,-77.4583457,38.287654,9.6,24.8,15.0,34.9,76.5,6.4,11.2,5.6,78.0,85.7,15.4,69.0,6.0,12.8,65.6,22.6,12.5,32.3,23.6,15.5,12.8,19.3,5.6,35.7,12.8,8.4,8.7,35.0,25.1,79.2,17.0,14.0,40.6,13.0,3.7,8.2,39.2,3.4,11.7,5.2,5.820000000000001,40,0.7361863346794053,0.1327415464353326,0.4344639405573689,0.3560202272443968,0.7780040733197556,1256.039361718232,2744.798370672098,297,513,328,0.3702014806278432,0.6076614148203539,321,"Fredericksburg, VA"
51510200106,VA,Virginia,Alexandria,51510,3392,2814,-77.1138008,38.8381814,11.3,28.2,12.7,36.2,79.3,10.2,9.7,7.4,80.3,88.8,13.1,68.1,6.0,8.9,65.0,19.0,12.0,32.8,21.2,12.3,9.1,18.7,8.7,39.6,10.2,8.0,6.8,33.8,25.0,76.0,13.7,15.3,29.5,12.7,3.4,6.1,33.6,3.8,11.1,5.1,5.779999999999999,40,0.7015836052897535,0.016260660128355378,0.35892213270905443,0.33855162916640763,0.745417515274949,1148.3671261324546,2528.4562118126273,310,589,376,0.35457784882263077,0.6928950375169062,330,"Alexandria, VA"
51179010211,VA,Virginia,Stafford,51179,4242,2980,-77.412402,38.4586023,9.8,20.9,16.4,29.3,71.7,5.0,10.9,3.9,75.7,85.7,14.9,65.9,4.5,12.3,64.6,23.5,10.1,27.7,23.5,14.4,10.8,17.0,4.2,33.0,13.4,7.2,8.3,35.9,23.1,75.1,17.8,10.7,37.5,12.0,3.0,8.2,40.4,2.4,11.5,4.2,5.4875,40,-0.02523095510737517,0.4954751955552289,0.23512212022392687,0.3099236055361659,0.6829599456890699,1314.6959346844158,2897.1160896130345,697,295,468,0.2357876780324946,-0.02389983949023972,427,"Stafford, VA"
51177020404,VA,Virginia,Spotsylvania,51177,3677,2889,-77.7060594,38.0721767,7.8,29.5,15.1,38.6,78.0,9.2,10.8,6.9,78.8,87.9,14.3,68.4,7.3,13.9,63.5,23.9,13.0,30.8,19.8,11.4,9.2,19.0,7.2,40.0,9.2,7.9,6.5,32.1,24.2,77.7,16.3,14.6,39.6,14.0,3.6,6.1,39.8,3.6,17.1,4.5,5.1850000000000005,40,1.1182173230968078,0.10659052021674814,0.6124039216567779,0.3971677996995338,0.835030549898167,1460.3859994951858,3070.4073319755603,157,527,244,0.6094875974538918,1.1123846746910355,196,"Spotsylvania, VA"
51179010504,VA,Virginia,Stafford,51179,1935,1530,-77.3778722,38.2704318,8.4,31.1,14.5,37.3,79.2,9.4,11.2,7.4,78.6,87.8,15.3,69.9,8.1,14.8,65.8,24.9,13.3,33.5,20.4,12.4,10.4,20.4,7.9,41.2,10.0,8.7,7.3,32.5,25.3,77.0,16.8,16.1,36.8,15.2,4.1,6.6,36.6,3.8,12.7,5.1,6.2525,40,1.2693666767288843,0.00818729275408112,0.6387769847414827,0.4032664151845807,0.8431771894093686,780.3205133821637,1631.5478615071281,115,596,232,0.6455158727008103,1.2828444526475395,178,"Stafford, VA"
51600300200,VA,Virginia,Fairfax,51600,5200,3955,-77.2914204,38.8612003,7.5,22.9,15.1,31.0,76.0,7.6,9.1,5.0,79.1,89.2,10.8,66.9,4.3,8.4,72.2,19.5,10.4,23.7,18.9,8.5,5.7,13.8,5.6,37.3,7.3,5.5,5.1,31.1,18.9,79.4,13.1,10.0,31.1,10.5,2.4,4.5,33.1,2.5,6.3,3.5,5.0325,40,-0.12250193416582691,-0.2991904168653987,-0.2108461755156128,0.2067960641693671,0.43109300746775286,1075.3395336807089,2241.683638832315,772,907,839,-0.16632243718549403,-0.033454457505589334,821,"Fairfax City, VA"
51510202001,VA,Virginia,Alexandria,51510,2379,2018,-77.0439449,38.800584,3.5,27.5,15.4,32.4,79.4,11.4,9.2,5.3,82.0,93.2,7.9,76.0,3.9,5.7,83.8,20.3,9.0,21.0,14.5,3.7,2.5,10.2,5.9,41.8,3.8,4.1,2.8,26.9,13.7,82.5,11.0,8.6,26.8,9.3,1.8,2.5,26.8,2.4,2.8,2.3,4.2700000000000005,40,-0.12033879481997559,-1.232344290827059,-0.6763415428235173,0.0991530025286449,0.12491513917175831,235.88499301564622,297.173116089613,770,1463,1290,-0.5054512704133695,0.22144175000032,1220,"Alexandria, VA"
51510200301,VA,Virginia,Alexandria,51510,3333,2626,-77.1164683,38.8260946,9.6,17.7,16.9,27.3,66.1,4.2,10.5,3.4,75.1,84.8,14.4,63.1,3.9,11.0,67.9,22.1,8.9,26.0,23.5,15.2,12.2,16.3,3.9,30.9,13.9,6.9,8.7,36.1,21.6,80.4,17.2,9.2,34.1,10.8,2.8,8.9,37.6,2.1,6.1,4.1,5.14,40,-0.4074315996961496,0.3805277293007252,-0.013451935197712206,0.2524423194714282,0.5349626612355737,841.3902507982702,1783.030549898167,1010,348,686,-0.0168486330202077,-0.4142249953411406,670,"Alexandria, VA"
51177020403,VA,Virginia,Spotsylvania,51177,4091,3048,-77.6298383,38.0730922,8.7,27.9,15.9,37.0,75.9,7.9,11.2,6.3,77.2,86.3,15.9,66.4,7.3,15.7,65.3,25.3,12.7,31.5,21.6,12.9,10.4,19.7,6.6,38.3,10.8,8.4,7.3,34.0,25.5,78.5,18.2,14.3,41.2,14.5,3.7,6.9,40.6,3.4,13.7,4.6,5.315,40,1.0265481877631355,0.21378366660801326,0.6201659271855744,0.39896271775516123,0.8370672097759674,1632.1564783363647,3424.4419551934825,183,463,241,0.6098457168342455,1.0059077670604777,195,"Spotsylvania, VA"
51510202002,VA,Virginia,Alexandria,51510,2430,2211,-77.042343,38.7921158,4.5,23.9,16.8,29.1,76.2,9.3,9.5,4.6,79.4,90.7,9.3,76.7,3.6,6.1,81.5,21.6,8.2,21.5,16.1,4.9,3.2,10.4,5.3,37.5,5.1,4.5,3.7,29.7,14.3,83.4,12.7,8.2,27.2,9.1,1.8,3.3,28.4,2.2,5.0,2.4,4.1525,40,-0.37157054984114013,-0.9387073252025933,-0.6551389375218667,0.10405598010848369,0.13781398506449424,252.85603166361537,334.887983706721,977,1391,1271,-0.5115035005096562,-0.08429967581671904,1228,"Alexandria, VA"
51187020300,VA,Virginia,Warren,51187,6829,5398,-78.2882849,38.9128381,8.4,31.7,14.8,38.6,78.8,9.5,11.0,7.8,78.7,87.1,15.9,67.6,8.6,15.9,68.3,24.7,13.7,35.0,20.5,12.4,10.9,20.6,8.3,40.1,10.0,9.0,7.2,32.6,26.6,71.5,17.5,16.4,38.5,15.6,4.1,6.6,37.0,3.9,13.9,5.1,5.7825,40,1.4167638099271653,0.2570458901351718,0.8369048500311685,0.4490823169398723,0.8866259334691107,3066.7831423823877,6054.768499660557,87,425,168,0.8118079413566668,1.3665699925781618,120,"Warren, VA"
51179010308,VA,Virginia,Stafford,51179,2618,1942,-77.5945671,38.3850509,6.9,25.2,16.8,31.0,75.4,7.5,10.4,5.0,77.1,88.2,13.1,69.2,5.2,11.9,73.5,24.0,10.1,26.7,20.0,9.2,6.8,15.2,5.5,37.2,8.6,6.4,5.8,32.3,20.7,77.6,16.1,11.0,34.8,12.2,2.8,5.5,35.9,2.6,7.6,3.5,5.397500000000001,40,0.18973568144412142,-0.1617089141946339,0.014013383624743761,0.25879351266178313,0.5478615071283096,677.5214161485483,1434.3014256619147,572,758,667,0.08027627959095976,0.3222614733765534,570,"Stafford, VA"
51510201802,VA,Virginia,Alexandria,51510,2084,1803,-77.0424767,38.8074142,5.4,30.9,13.2,38.5,80.6,10.3,10.3,6.9,82.4,91.5,10.9,74.0,6.1,9.2,73.5,21.7,13.1,27.6,16.6,8.8,7.5,16.1,6.9,43.0,7.5,6.5,5.4,28.8,20.5,78.4,13.4,13.2,33.2,12.4,3.2,5.4,31.5,3.4,8.1,4.0,4.94,40,0.8836648646077851,-0.6925236921269229,0.09557058624043113,0.2776531353454141,0.6042090970807875,578.629134059843,1259.171758316361,234,1258,584,0.1414121393054596,0.9753479707378421,514,"Alexandria, VA"
51187020400,VA,Virginia,Warren,51187,4834,3696,-78.205647,38.923993,10.7,30.6,14.6,37.7,77.5,9.0,11.5,7.7,77.8,85.3,17.8,67.2,8.9,16.4,59.6,25.3,13.6,37.6,22.5,15.6,13.7,22.5,8.4,38.3,12.5,10.3,8.7,35.2,28.8,70.4,18.9,17.6,38.7,16.1,4.4,7.9,39.5,4.1,13.3,5.9,6.1575,40,1.4630369903305973,0.595256183048046,1.0291465866893217,0.4935370861219794,0.9368635437881874,2385.758274313648,4528.798370672098,76,252,94,0.9799303647854416,1.3646045465228371,63,"Warren, VA"
51510200406,VA,Virginia,Alexandria,51510,4949,3959,-77.1360556,38.8117133,8.0,17.8,16.1,28.3,69.6,4.4,10.1,3.2,77.5,88.1,11.8,66.5,3.1,8.4,66.1,19.4,9.2,22.9,23.4,12.0,8.7,13.8,3.4,31.8,12.2,5.5,7.1,35.2,19.2,78.5,15.2,8.3,33.3,9.5,2.3,7.5,39.5,2.0,8.2,3.4,4.722499999999999,40,-0.5186786342208661,0.11390259622386385,-0.20238801899850115,0.20875196304029206,0.43720298710115413,1033.1134650864053,2163.717583163612,1090,522,830,-0.21846514446093543,-0.5508328851457347,874,"Alexandria, VA"
51179010307,VA,Virginia,Stafford,51179,8635,6587,-77.537563,38.3456243,6.3,27.2,14.3,34.3,79.4,8.8,10.4,5.5,80.4,90.2,11.4,73.8,5.0,9.3,75.1,21.7,11.4,26.4,19.4,8.7,6.3,14.6,5.8,38.9,8.2,6.0,5.5,31.6,20.0,81.4,14.3,11.6,34.1,11.5,2.7,5.2,34.7,2.9,5.3,3.5,5.105,40,0.4050779269583946,-0.7128881023197183,-0.15390508768066186,0.21996335531375596,0.461642905634759,1899.3835731342829,3986.2864901561443,447,1269,794,-0.11053443418903838,0.49181923394164156,760,"Stafford, VA"
51510200304,VA,Virginia,Alexandria,51510,2825,2533,-77.1313574,38.8166069,10.2,25.8,13.5,37.2,76.5,6.2,11.0,6.1,79.2,86.2,15.2,68.5,6.1,11.9,64.4,21.4,14.4,33.1,23.5,18.5,16.6,21.1,6.2,37.2,15.1,9.1,10.2,35.7,27.6,80.0,17.0,15.4,36.3,13.3,4.2,10.5,37.8,3.8,12.9,6.1,5.3725000000000005,40,0.8923354333304012,0.1524555142127937,0.5223954737715975,0.3763538763302782,0.8085539714867617,1063.199700633036,2284.1649694501016,230,497,283,0.42967165025373655,0.7068877862946794,284,"Alexandria, VA"
51510201206,VA,Virginia,Alexandria,51510,5710,3894,-77.0686289,38.8416687,28.1,16.6,16.2,27.3,62.3,2.9,10.2,4.0,70.2,78.4,21.5,48.8,5.0,16.3,54.0,22.0,11.7,36.3,28.6,32.1,25.0,28.9,4.8,32.1,25.6,10.5,15.3,40.1,34.7,72.7,19.5,13.8,38.7,15.5,4.8,14.2,39.3,2.4,15.1,8.1,6.925,40,-0.10291749083857474,2.2938188276644613,1.0954506684129433,0.5088695144494269,0.9477257298031229,2905.6449275062273,5411.513917175832,757,17,78,1.036254132968603,-0.22131056172725525,51,"Alexandria, VA"
51179010218,VA,Virginia,Stafford,51179,4638,3588,-77.448635,38.4093294,10.0,19.0,18.1,28.4,68.3,4.8,10.3,3.8,74.1,84.3,14.8,64.4,4.2,12.8,68.8,22.5,8.9,26.9,24.5,13.6,10.1,16.3,4.3,31.4,12.9,6.7,8.0,36.0,21.9,79.0,17.5,9.5,36.9,11.3,2.7,7.9,39.4,2.2,8.6,3.8,5.2775,40,-0.26117126110857986,0.4401554473245528,0.08949209310798648,0.2762475196145369,0.5967413441955194,1281.2359959722223,2767.686354378819,890,319,595,0.08820069527635513,-0.26375405677184255,560,"Stafford, VA"
51510201400,VA,Virginia,Alexandria,51510,4158,3255,-77.0616812,38.8219432,5.5,20.7,18.4,26.0,70.9,6.9,9.8,3.5,77.3,90.0,10.2,71.0,3.4,7.7,79.0,22.7,7.5,20.3,17.2,6.2,4.3,11.0,4.0,34.9,6.5,4.6,4.2,30.3,15.0,81.4,14.0,7.3,29.5,9.3,1.8,4.1,30.7,1.8,3.6,2.5,4.62,40,-0.6277059584129169,-0.5321890705830222,-0.5799475144979696,0.12144355375980484,0.20027155465037338,504.9622965332685,832.7291242362526,1154,1142,1179,-0.45508546655263304,-0.3779818625222439,1152,"Alexandria, VA"
51510201602,VA,Virginia,Alexandria,51510,3220,2723,-77.0505695,38.8150812,7.4,15.7,19.0,23.6,62.6,4.1,10.5,2.8,74.1,84.8,13.4,65.6,3.3,9.6,71.8,24.3,6.7,22.8,20.3,11.5,9.5,13.3,3.4,28.8,10.7,6.1,7.1,34.7,17.6,80.9,17.0,7.1,32.2,9.5,2.2,7.1,35.0,1.6,4.1,3.2,5.3,40,-0.8036905517864473,0.22754374736128075,-0.28807340221258326,0.18893772291076258,0.3910386965376782,608.3794677726555,1259.1446028513237,1235,452,898,-0.22676373919658474,-0.6810712257544502,885,"Alexandria, VA"
51177020110,VA,Virginia,Spotsylvania,51177,3881,2896,-77.5564746,38.2735515,12.2,24.6,15.5,34.7,74.1,6.6,10.8,5.5,76.4,85.4,16.0,62.5,6.2,14.1,57.7,23.3,12.3,30.9,23.1,15.7,11.8,20.1,5.8,36.0,13.3,8.2,8.4,35.4,26.7,74.3,17.7,13.5,41.1,13.7,3.5,7.9,43.8,3.1,14.3,5.0,5.55,40,0.6564684203722615,0.7310763222203513,0.6937723712963064,0.4159837743692973,0.8642226748133062,1614.4330283272427,3354.0482009504412,332,211,201,0.6574754905037271,0.5838746587871029,172,"Spotsylvania, VA"
51510200704,VA,Virginia,Alexandria,51510,2906,2692,-77.067989,38.8013013,5.9,13.8,20.5,20.7,60.9,4.0,9.6,2.2,73.7,86.5,10.9,66.4,2.3,7.1,76.2,22.4,5.5,18.7,19.6,7.5,5.2,10.0,2.8,28.0,7.9,4.5,5.1,33.7,13.9,80.5,15.1,5.2,28.6,7.8,1.5,4.9,33.5,1.3,2.8,2.3,4.575,40,-1.2640375178681742,0.047411591838189486,-0.6083129630149924,0.11488421087988962,0.1778682959945689,333.85351681695926,516.8852681602173,1364,569,1212,-0.5221876517338371,-1.0917868953058636,1242,"Alexandria, VA"
51630000201,VA,Virginia,Fredericksburg,51630,4690,3716,-77.4881844,38.311378,9.6,23.2,14.8,31.0,74.2,6.4,11.8,5.5,77.3,82.6,17.5,68.3,6.1,11.6,62.3,25.9,11.0,34.2,21.8,16.5,14.0,19.1,6.0,33.0,13.2,9.6,9.9,36.7,25.0,80.0,19.3,13.5,38.9,13.1,3.6,8.8,38.7,3.1,14.9,5.4,5.945,40,0.558898409262331,0.4171726423099194,0.4880355257861252,0.36840834075951123,0.7997284453496266,1727.8351181621076,3750.726408689749,378,330,296,0.47111495591268127,0.5250572695154431,258,"Fredericksburg, VA"
51177020203,VA,Virginia,Spotsylvania,51177,5067,3627,-77.4600551,38.2337139,8.0,22.4,15.8,32.8,73.5,6.2,10.8,4.3,77.9,87.9,13.0,67.3,4.5,10.9,68.9,22.2,10.7,25.4,21.3,11.9,8.8,15.8,4.5,34.3,11.0,6.5,6.9,33.6,21.3,79.3,16.0,10.6,39.5,11.3,2.8,6.9,42.1,2.5,9.7,3.8,5.095000000000001,40,0.16826779986659357,-0.013083011800283968,0.07759239403315481,0.27349578429990623,0.5879158180583842,1385.8031390476249,2978.969450101833,589,615,608,0.0675292190402329,0.14814144988074976,584,"Spotsylvania, VA"
51510200600,VA,Virginia,Alexandria,51510,4731,3791,-77.0985375,38.8074359,8.9,22.1,15.2,31.7,73.8,6.0,9.9,4.6,78.2,88.4,12.4,67.4,4.3,9.9,68.9,20.1,11.2,26.1,22.2,12.5,9.3,16.2,4.9,36.3,11.3,6.3,7.0,33.6,21.9,80.1,14.9,10.9,32.8,11.2,2.9,7.1,37.1,2.6,9.6,4.1,4.907500000000001,40,-0.01172004900642823,-0.05271807707452419,-0.03221906304047621,0.2481025317075218,0.5274949083503055,1173.7730775082857,2495.5784114052954,687,658,697,-0.033508176147373815,-0.014298275220223445,694,"Alexandria, VA"
51177020405,VA,Virginia,Spotsylvania,51177,3677,3054,-77.8483583,38.1471161,7.8,32.1,14.2,41.5,79.8,10.0,11.0,7.9,79.8,88.4,14.7,67.6,8.3,14.7,65.2,24.0,14.5,32.9,19.9,11.8,9.7,20.3,8.1,41.8,9.3,8.4,6.7,32.0,25.8,78.0,16.5,16.3,40.6,15.0,4.0,6.3,39.7,4.0,10.8,4.9,5.29,40,1.5436718248823156,-0.10670376914468364,0.7184840278688159,0.42169819938508807,0.8676171079429735,1550.584279138969,3190.228105906314,63,706,196,0.6914323768454167,1.489568522835517,152,"Spotsylvania, VA"
51510200802,VA,Virginia,Alexandria,51510,2991,2361,-77.0785167,38.8091228,9.2,21.2,16.3,29.0,70.7,5.8,10.5,4.2,76.5,86.3,13.8,67.2,4.7,11.0,68.1,22.9,9.6,26.5,21.0,13.4,10.9,16.5,4.7,34.3,11.6,7.0,7.6,34.1,21.5,78.5,16.3,10.4,33.1,11.5,2.9,7.4,35.7,2.4,8.1,4.1,5.355,40,-0.1120390152893524,0.1844031867452309,0.03618208572793925,0.26391989443608477,0.5648336727766463,789.3844042583296,1689.4175152749492,763,481,642,0.06728930927007404,-0.04982456820508281,585,"Alexandria, VA"
51510200111,VA,Virginia,Alexandria,51510,3909,3325,-77.1072192,38.836821,8.6,15.3,18.2,23.7,62.9,3.8,10.4,2.7,74.3,84.8,13.8,67.5,3.1,9.6,68.2,22.9,7.1,23.5,23.1,12.8,9.7,13.7,3.3,28.7,12.3,6.1,7.7,36.8,19.0,80.7,17.4,7.2,32.0,9.5,2.1,7.5,37.6,1.7,5.7,3.3,4.697500000000001,40,-0.819557407475697,0.30036156346738035,-0.2595979220041583,0.19552250997116133,0.4073319755600815,764.2974914772697,1592.2606924643585,1242,399,874,-0.22360930601048232,-0.747580175488345,881,"Alexandria, VA"
51179010217,VA,Virginia,Stafford,51179,5305,4044,-77.5027376,38.4431247,5.5,26.3,15.2,32.8,78.9,8.3,10.1,5.1,79.9,90.3,10.9,71.7,4.7,8.9,77.4,21.9,10.8,24.8,18.0,7.6,5.3,13.8,5.3,38.8,7.1,5.6,4.9,30.4,18.7,79.4,13.8,10.8,33.4,11.1,2.6,4.6,33.2,2.7,7.6,3.3,4.852499999999999,40,0.20795207383917122,-0.5959523761359165,-0.1940001511483726,0.21069160807101991,0.44059742023082143,1117.7189808167607,2337.3693143245077,559,1199,825,-0.1311050188177747,0.33374233850036705,782,"Stafford, VA"
51179010301,VA,Virginia,Stafford,51179,4690,3522,-77.5721534,38.4539457,6.9,26.5,16.0,32.8,77.3,8.0,10.4,5.4,78.1,88.4,13.0,68.9,5.5,11.7,70.3,23.6,10.9,27.6,19.7,9.3,6.9,15.7,5.8,38.3,8.4,6.6,5.7,32.0,21.3,78.2,15.8,11.8,34.9,12.4,2.9,5.4,36.8,2.8,10.0,3.7,5.42,40,0.3706637833040142,-0.16467850566374606,0.10299263882013408,0.2793694412840921,0.6076035302104549,1310.242679622392,2849.6605566870335,466,763,579,0.15861540237258182,0.4819093104089097,500,"Stafford, VA"
51187020602,VA,Virginia,Warren,51187,2665,2012,-78.1564775,38.8647785,10.2,29.9,15.1,36.8,76.7,8.3,11.4,7.3,77.0,85.2,17.8,67.5,8.9,17.6,62.2,25.8,13.3,36.0,22.1,15.1,13.4,22.3,7.7,38.8,11.9,9.8,8.3,34.4,28.2,72.7,19.0,16.6,39.1,16.2,4.3,7.5,39.6,3.8,17.5,5.6,5.96,40,1.3413913348961974,0.5855556065619982,0.9634734707290978,0.4783505649105477,0.9198913781398507,1274.8042554866097,2451.510522742702,100,255,119,0.9300123627510807,1.2744691189401631,76,"Warren, VA"
51187020101,VA,Virginia,Warren,51187,4716,3746,-78.0989278,38.9237422,6.9,26.4,17.0,32.7,75.7,8.4,10.3,5.5,77.8,88.6,12.9,69.8,5.7,11.9,71.8,23.3,10.6,27.4,19.4,8.6,6.4,15.2,6.0,37.4,8.0,6.4,5.4,31.3,20.2,74.5,15.7,11.3,35.5,12.5,2.8,4.9,36.8,2.7,9.6,3.5,5.1075,40,0.36529560405821987,-0.06220473064291158,0.15154543670765414,0.2905969897902383,0.6340801086218602,1370.4554038507638,2990.3217922606923,467,670,540,0.20222876015756996,0.4666622509580515,460,"Warren, VA"
51600300500,VA,Virginia,Fairfax,51600,3560,2955,-77.29894,38.8403654,6.3,24.2,14.7,31.9,77.9,8.5,9.1,5.4,79.8,89.1,10.4,72.7,4.5,7.6,74.5,19.4,10.6,24.0,18.5,7.4,4.9,13.1,6.0,38.2,6.3,5.4,4.7,31.2,18.3,80.0,12.8,10.1,29.7,10.3,2.3,3.9,32.0,2.6,6.1,3.3,4.575,40,-0.026715610140792007,-0.5611917960124313,-0.29395370307661167,0.18757793797448433,0.38424983027834353,667.7774591891642,1367.929395790903,699,1169,908,-0.23841465457866295,0.0843624868551054,897,"Fairfax City, VA"
51630000302,VA,Virginia,Fredericksburg,51630,4471,3558,-77.4710605,38.2770373,8.7,25.0,15.7,33.2,75.1,7.1,11.1,5.7,77.9,85.8,15.2,67.5,6.0,12.3,65.6,24.5,11.5,31.8,20.8,13.6,11.4,18.0,6.2,35.6,11.8,8.1,8.2,33.4,23.6,76.2,17.5,13.0,40.8,13.0,3.5,7.9,38.8,3.1,14.7,4.8,5.654999999999999,40,0.6326709907662047,0.3149794286690741,0.4738252097176394,0.3651222888760295,0.7949762389680923,1632.4617535647278,3554.3387644263407,338,388,303,0.46419319083675614,0.6134069530044381,266,"Fredericksburg, VA"
51179010405,VA,Virginia,Stafford,51179,6241,4695,-77.4282188,38.3222432,6.3,25.3,16.2,31.0,76.8,8.2,10.3,4.9,78.4,89.3,11.9,70.6,4.8,10.0,75.3,23.0,9.8,25.5,19.3,8.0,5.6,13.9,5.5,37.4,7.7,5.9,5.1,31.9,19.2,81.2,15.0,10.5,33.2,11.3,2.5,4.8,34.1,2.6,6.5,3.2,5.1975,40,0.10525646584028371,-0.48934590186597393,-0.19204471801284512,0.21114379046492693,0.4426340801086219,1317.748396291609,2762.4792939579092,620,1101,822,-0.11412875093829647,0.261088399989381,767,"Stafford, VA"
51179010106,VA,Virginia,Stafford,51179,3865,2999,-77.3640763,38.3790248,6.9,24.5,16.6,31.1,76.1,7.5,10.2,4.8,77.8,89.0,12.1,69.8,4.6,10.3,70.9,22.5,10.1,25.5,20.3,8.6,5.8,14.2,5.2,37.0,8.4,5.8,5.4,32.4,19.6,79.3,15.2,10.4,34.1,11.4,2.6,5.2,36.2,2.5,5.3,3.3,4.98,40,0.06772366177135108,-0.3170082684165269,-0.12464230332258791,0.22673020182106346,0.4745417515274949,876.3122300384102,1834.1038696537678,644,918,775,-0.06605950037462219,0.18488926766728253,728,"Stafford, VA"
51179010502,VA,Virginia,Stafford,51179,4226,3310,-77.4125747,38.2809373,6.6,28.2,15.5,33.8,78.8,9.4,10.2,6.0,78.9,89.2,12.5,72.1,5.8,10.9,72.4,23.3,11.0,28.2,18.8,8.3,6.1,15.4,6.6,39.6,7.5,6.5,5.2,31.4,20.9,75.2,15.1,12.3,33.7,12.4,2.8,4.7,34.4,3.0,11.6,3.6,5.555000000000001,40,0.4949057072034164,-0.22204115096989757,0.13643227811675943,0.287102160891738,0.6259334691106585,1213.293731928485,2645.194840461643,400,828,552,0.20944447163223825,0.6409300942343741,456,"Stafford, VA"
51177020309,VA,Virginia,Spotsylvania,51177,5749,4360,-77.5387743,38.2276424,8.4,24.0,16.3,33.5,74.0,6.8,11.1,4.9,77.3,86.8,14.3,69.7,5.4,12.2,68.2,23.8,11.1,27.7,21.5,12.2,9.2,17.0,5.1,35.3,11.0,7.3,7.1,34.3,22.3,78.4,17.1,11.8,39.7,12.4,3.1,6.8,41.0,2.8,9.8,4.1,5.012499999999999,40,0.42754715903104246,0.03806251510782913,0.2328048370694358,0.309387747456889,0.681602172437203,1778.670160129655,3918.53088934148,435,574,470,0.23217427816668795,0.42628604122554675,428,"Spotsylvania, VA"
51177020406,VA,Virginia,Spotsylvania,51177,3817,2928,-77.7225824,38.1791459,9.8,29.6,15.3,39.0,76.4,8.2,11.6,7.1,77.3,85.8,17.2,65.2,8.6,17.7,62.9,25.8,13.9,34.2,21.8,15.2,12.9,22.5,7.4,39.5,11.9,9.6,8.3,34.1,27.8,76.5,18.7,16.4,42.4,15.9,4.4,7.9,41.0,3.8,15.4,5.4,5.949999999999999,40,1.4310480151732419,0.4233216895146369,0.9271848523439394,0.4699590356708884,0.9137813985064495,1793.8336391557812,3487.9035980991175,82,328,128,0.8863850718847455,1.349448454254854,92,"Spotsylvania, VA"
51177020206,VA,Virginia,Spotsylvania,51177,4570,3558,-77.4616442,38.1927237,7.6,22.9,16.6,32.5,73.4,6.7,10.9,4.6,77.2,87.1,13.7,67.9,4.9,11.3,70.8,23.5,10.4,26.4,20.9,11.2,8.4,15.8,5.0,34.3,10.4,6.8,6.7,33.9,21.0,79.1,16.7,10.8,38.8,11.6,2.8,6.5,40.2,2.6,9.5,3.8,5.115,40,0.23080099498228274,-0.009387995465849501,0.11070649975821661,0.2811532261867176,0.6116768499660556,1284.8702436732995,2795.3632043448742,547,608,573,0.12089237634509867,0.25117274815604684,530,"Spotsylvania, VA"
51510201803,VA,Virginia,Alexandria,51510,2393,2110,-77.0461711,38.8193687,4.2,18.7,19.2,23.8,69.4,6.5,9.6,3.0,77.0,90.3,9.1,73.2,2.7,6.0,80.8,22.6,6.4,17.9,16.3,4.8,3.2,9.1,3.5,33.0,5.5,4.0,3.6,30.0,12.6,81.7,13.3,6.0,27.8,8.1,1.5,3.5,30.4,1.6,2.9,2.0,4.2375,40,-0.9293330119275054,-0.6417012701174573,-0.7855171410224813,0.07390678855543391,0.05023761031907671,176.85894501315335,120.21860149355057,1281,1227,1400,-0.646871295249271,-0.6520413203810848,1400,"Alexandria, VA"
51600300300,VA,Virginia,Fairfax,51600,5889,4847,-77.2774603,38.8475799,7.7,22.5,14.4,31.1,76.2,7.1,9.2,5.1,78.8,87.7,11.7,68.9,4.6,8.8,71.3,19.6,11.1,24.9,20.5,9.8,6.6,14.5,5.6,37.0,8.1,5.9,5.8,33.0,20.5,76.9,14.0,10.4,30.6,10.7,2.5,4.9,34.0,2.6,7.0,3.7,4.7675,40,-0.055544282774637604,-0.1547139178036481,-0.10512910028914285,0.2312425150779808,0.4847250509164969,1361.787171294229,2854.5458248472505,716,753,760,-0.08051674464656412,-0.0063195714894801434,741,"Fairfax City, VA"
51179010219,VA,Virginia,Stafford,51179,1462,1017,-77.4661822,38.4556689,5.8,22.0,16.0,29.8,75.3,6.2,10.2,3.9,78.6,89.7,11.2,69.4,3.7,8.9,75.7,21.4,9.7,23.0,20.4,8.6,5.8,13.1,4.1,35.0,8.7,5.4,5.5,32.5,18.3,81.3,14.6,9.2,34.0,10.3,2.4,5.5,36.5,2.3,5.4,3.1,4.965,40,-0.20557311325972139,-0.48788272577919994,-0.3467279195194607,0.17537421129412656,0.34623217922606925,256.397096912013,506.1914460285132,851,1098,964,-0.31098974463534257,-0.13409676349148517,991,"Stafford, VA"
51177020314,VA,Virginia,Spotsylvania,51177,1850,1290,-77.5241261,38.2051728,10.0,21.9,15.7,32.9,72.0,5.4,11.4,4.4,76.6,86.2,15.4,63.8,5.0,13.4,65.3,23.1,11.3,28.4,24.7,15.5,11.6,18.5,4.6,33.5,13.8,7.8,8.4,36.6,24.6,79.0,17.9,12.0,40.7,12.5,3.3,8.3,43.2,2.8,8.8,4.5,5.33,40,0.34653716565314024,0.3024202914723796,0.32447872856275994,0.33058679485005776,0.7264086897488119,611.5855704726068,1343.856076035302,482,397,404,0.28080927874248796,0.2591982660125964,395,"Spotsylvania, VA"
51510201900,VA,Virginia,Alexandria,51510,1798,1594,-77.050946,38.8049862,4.5,21.6,17.9,26.9,72.6,7.8,9.8,4.0,77.9,90.0,9.8,73.1,3.5,6.7,79.5,22.9,7.6,20.7,16.0,5.4,3.9,10.5,4.6,35.4,5.6,4.6,4.0,29.8,14.0,81.9,13.6,7.5,28.3,9.0,1.8,3.8,29.9,2.0,3.8,2.4,4.4275,40,-0.5284877013697636,-0.6710244148279088,-0.5997560580988361,0.11686294473640585,0.18669382213170402,210.1195746360577,335.6754921928038,1094,1245,1199,-0.46373363239274973,-0.2564428499575907,1165,"Alexandria, VA"
51179010215,VA,Virginia,Stafford,51179,2114,1399,-77.418287,38.4847426,10.5,22.1,14.6,31.6,72.8,4.8,11.6,4.4,76.9,85.4,16.3,63.1,5.2,13.4,58.2,23.7,11.7,30.4,25.0,18.3,14.9,19.5,4.5,33.5,16.4,8.4,10.3,37.3,26.1,74.9,18.9,12.4,39.5,13.0,3.6,10.5,44.1,2.8,15.9,5.0,5.8,40,0.3592703469748838,0.7446272659040105,0.5519488064394471,0.3831879104227161,0.8180583842498302,810.0592426336218,1729.3754243041412,472,206,269,0.5042473197967842,0.2638673736895578,236,"Stafford, VA"
51510200408,VA,Virginia,Alexandria,51510,2713,2113,-77.1359476,38.8051567,10.6,15.9,16.2,26.8,65.0,3.2,10.5,3.0,75.1,84.1,14.7,62.3,3.5,10.7,59.8,21.0,9.0,26.0,25.2,17.2,13.6,16.9,3.3,29.7,15.5,7.1,9.6,37.6,22.5,77.2,17.4,8.9,34.3,10.5,2.8,9.8,41.1,2.0,12.2,4.3,5.4175,40,-0.5301675475199991,0.809999693754171,0.13991607311708598,0.28790776796390405,0.6293279022403259,781.0937744860717,1707.3665987780041,1096,185,547,0.10649706897664263,-0.5970055558008858,542,"Alexandria, VA"
51510200202,VA,Virginia,Alexandria,51510,1698,1303,-77.0975078,38.817098,3.6,26.9,15.0,32.6,79.3,10.7,9.1,5.2,82.3,93.1,7.8,75.2,3.7,5.4,82.1,19.6,9.5,21.1,14.6,4.0,2.6,10.4,5.8,41.4,4.2,4.1,3.0,27.0,14.3,80.9,10.9,8.7,27.3,9.2,1.9,2.9,28.1,2.4,3.2,2.4,4.1325,40,-0.13680097199467958,-1.1311915161470385,-0.6339962440708591,0.10894510342577832,0.15750169721656485,184.98878561697157,267.4378818737271,784,1453,1242,-0.48829720611292105,0.15459710392119635,1202,"Alexandria, VA"
51630000100,VA,Virginia,Fredericksburg,51630,3175,2789,-77.466221,38.30416,5.4,25.6,16.8,31.7,76.9,9.1,10.0,5.4,79.0,88.9,11.2,74.5,4.9,8.7,77.0,23.0,9.6,25.9,17.1,6.8,5.1,12.9,6.0,37.5,6.4,5.7,4.7,29.6,17.3,82.0,14.1,10.2,35.6,10.8,2.4,4.2,32.4,2.6,5.5,3.1,5.257499999999999,40,0.17646672612713166,-0.6769359747767772,-0.2502346243248228,0.19768771740402172,0.4093686354378819,627.6585027577689,1299.745417515275,581,1247,871,-0.1641879563002173,0.34856006217634267,817,"Fredericksburg, VA"
51510201805,VA,Virginia,Alexandria,51510,3383,3203,-77.0419989,38.8149345,4.8,27.9,14.4,34.3,79.9,10.2,9.8,5.7,81.6,91.9,9.4,77.2,4.5,6.9,76.9,20.8,10.7,24.0,16.1,6.0,4.5,12.7,6.0,41.0,5.5,5.1,4.0,28.8,16.9,83.2,12.2,10.6,28.9,10.3,2.3,3.7,30.2,2.8,4.8,3.1,4.62,40,0.2172189263599208,-1.0512860856731017,-0.41703357965659044,0.1591164415302722,0.3034623217922607,538.2909216969109,1026.6130346232178,557,1426,1027,-0.3149403961430072,0.4214052933870873,996,"Alexandria, VA"
51177020207,VA,Virginia,Spotsylvania,51177,1575,1115,-77.4880843,38.2024213,10.2,21.4,16.8,32.5,69.8,5.0,11.4,4.2,75.3,84.6,16.4,59.5,5.3,15.1,61.0,24.6,11.0,28.8,23.6,16.3,13.1,19.1,4.5,32.6,14.3,8.2,9.1,35.8,24.7,77.6,19.0,11.7,42.6,12.9,3.4,9.2,44.8,2.6,13.9,4.6,5.592499999999999,40,0.32586235874431335,0.7466160114611814,0.5362391851027474,0.37955515302777465,0.811948404616429,597.7993660187451,1278.8187372708758,493,205,278,0.5015806524780402,0.256545293494899,239,"Spotsylvania, VA"
51177020113,VA,Virginia,Spotsylvania,51177,4512,3323,-77.6187532,38.2557175,8.0,26.9,15.3,36.3,76.3,7.9,11.1,5.7,78.6,87.9,14.1,69.6,6.2,12.7,67.4,23.9,12.3,28.8,20.2,12.1,9.6,18.0,5.9,37.7,10.5,7.5,7.0,32.6,23.2,78.5,16.6,13.1,40.6,13.2,3.4,6.9,40.8,3.1,10.1,4.3,5.14,40,0.779393593896244,-0.07679373488533875,0.35129992950545263,0.33678903957496126,0.7406653088934148,1519.5921465622253,3341.881873727087,279,685,383,0.3479927780540487,0.7727792909934362,336,"Spotsylvania, VA"
51510201300,VA,Virginia,Alexandria,51510,4004,3164,-77.0544298,38.8235803,4.2,19.0,19.2,24.4,69.3,6.4,9.7,3.0,77.1,90.3,9.2,70.5,2.8,6.4,77.5,22.5,6.6,18.2,16.2,5.1,3.5,9.5,3.5,33.2,5.6,4.1,3.7,29.7,12.9,80.9,13.3,6.3,28.5,8.3,1.6,3.7,32.2,1.6,4.0,2.1,4.3675,40,-0.8743512468367898,-0.496195490638432,-0.6852733687376109,0.09708757039986708,0.11744738628649015,388.7386318810678,470.2593346911066,1258,1108,1301,-0.5555603820233226,-0.6149252734082132,1287,"Alexandria, VA"
51630000500,VA,Virginia,Fredericksburg,51630,8872,6361,-77.5063977,38.3007831,9.7,20.7,16.0,30.3,70.6,4.8,11.4,4.2,76.7,84.7,15.8,63.9,4.8,12.6,63.9,23.9,10.4,30.0,23.4,16.7,14.0,17.9,4.4,32.0,14.9,8.0,9.6,35.5,23.9,78.3,18.4,11.3,42.1,12.2,3.3,9.8,41.9,2.5,13.9,4.7,5.75,40,0.18500471585744732,0.535957570481593,0.3604811431695202,0.3389121411518759,0.7467752885268161,3006.828516299443,6625.390359809912,575,282,374,0.32503740692444527,0.11411724336729762,356,"Fredericksburg, VA"
51510200801,VA,Virginia,Alexandria,51510,2701,1998,-77.0808815,38.8166038,5.9,26.2,15.6,32.1,77.5,9.5,9.6,5.2,80.4,91.5,9.9,71.5,4.4,8.0,78.5,20.5,9.8,23.4,17.5,6.5,4.4,12.8,5.7,40.3,6.1,5.0,4.1,29.6,17.2,82.6,12.6,9.9,29.1,10.5,2.2,3.8,30.2,2.5,6.4,2.9,4.4125,40,-0.005557154210528985,-0.7798526590618713,-0.3927049066362001,0.16474230385564018,0.319755600814664,444.9689627140841,863.6598778004073,683,1305,1003,-0.2845977469870016,0.2106571650878681,958,"Alexandria, VA"
51187020102,VA,Virginia,Warren,51187,4010,3053,-78.03247759999999,38.9733204,9.4,27.8,16.4,35.5,74.0,7.3,11.3,6.6,76.1,84.6,17.6,62.0,8.2,18.3,61.5,26.7,12.8,34.2,20.8,15.4,14.6,21.4,7.0,36.8,12.7,9.5,8.8,33.0,26.8,69.4,19.6,15.0,41.5,15.6,4.3,8.8,40.8,3.4,14.2,5.4,6.067500000000001,40,1.1103274394878162,0.8452796343102909,0.9778035368990535,0.4816643082995939,0.9212491513917176,1931.4738762813715,3694.2090970807876,159,169,117,0.9512118535266578,1.0571440727430248,71,"Warren, VA"
51177020107,VA,Virginia,Spotsylvania,51177,2340,1728,-77.506705,38.2730339,7.0,23.6,16.0,33.9,74.6,6.9,10.6,4.7,78.3,88.6,12.5,66.8,4.8,11.0,70.9,22.4,11.0,25.1,20.0,10.5,7.9,15.5,4.9,35.8,9.8,6.3,6.3,32.0,20.5,78.7,15.5,10.7,39.3,11.5,2.8,6.4,40.3,2.6,9.2,3.7,5.19,40,0.27644214339617623,-0.10900247747981526,0.08371983295818049,0.27491271845699744,0.5919891378139851,643.295761189374,1385.2545824847252,523,712,602,0.08950608206274187,0.288014641605299,555,"Spotsylvania, VA"
51510200407,VA,Virginia,Alexandria,51510,3921,3392,-77.1417563,38.8098741,7.3,27.0,13.2,35.6,78.8,8.6,9.9,5.8,81.2,90.8,11.0,72.9,4.9,8.6,71.9,19.2,12.2,27.0,20.7,10.1,7.4,15.6,6.1,40.1,9.2,6.2,5.9,32.0,21.3,83.1,13.3,12.3,31.3,11.5,2.9,5.8,34.7,3.1,5.1,4.0,4.7075000000000005,40,0.40619264488745144,-0.7194485866046705,-0.15662797085860952,0.21933370461828416,0.45824847250509165,860.0074558082922,1796.7922606924644,446,1273,799,-0.1428769582361693,0.43369467013233187,802,"Alexandria, VA"
51179010107,VA,Virginia,Stafford,51179,3661,2675,-77.3372703,38.4551376,8.7,26.1,15.8,33.0,76.3,7.4,10.6,5.4,77.4,87.9,13.9,67.9,5.8,12.8,68.4,23.9,11.4,28.8,20.6,11.7,9.0,17.4,5.7,37.7,10.5,7.1,6.9,32.6,22.9,77.0,16.5,12.5,36.8,13.1,3.3,6.7,37.4,2.9,7.3,4.2,5.297499999999999,40,0.47096985744274306,-0.006089515616069978,0.23244017091333655,0.30930342055639526,0.6809232858112695,1132.359822656963,2492.8601493550577,412,605,471,0.26181571588852043,0.5297209473931108,406,"Stafford, VA"
51177020311,VA,Virginia,Spotsylvania,51177,5571,4324,-77.5642531,38.1471853,11.4,30.9,14.0,41.9,77.5,7.8,11.9,7.9,77.8,84.6,18.8,61.6,9.8,19.4,58.4,25.7,16.3,37.7,23.0,20.1,18.6,26.0,7.9,39.9,15.0,11.2,10.5,35.0,32.1,74.3,19.6,19.1,45.2,17.3,5.4,10.4,43.2,4.5,17.3,6.9,5.737500000000001,40,1.9371630052326092,0.7606534043739158,1.3489082048032626,0.5674800767215156,0.9775967413441955,3161.4315074155634,5446.191446028513,18,202,34,1.2339644197906114,1.707275435207307,30,"Spotsylvania, VA"
51510201804,VA,Virginia,Alexandria,51510,3710,3180,-77.0488125,38.8312553,4.9,15.6,19.0,22.4,65.2,4.8,9.5,2.5,75.8,88.7,9.7,67.7,2.4,6.3,75.6,21.6,6.2,17.8,18.1,6.4,4.3,9.6,3.0,30.4,6.9,4.1,4.5,31.8,13.4,79.2,13.8,5.5,28.6,7.7,1.5,4.4,33.4,1.4,7.0,2.2,4.172499999999999,40,-1.12553286459806,-0.09731072264457856,-0.6114217936213193,0.11416531211506892,0.17515274949083504,423.5533079469057,649.8167006109979,1338,701,1216,-0.517937678850868,-0.9385646350571576,1239,"Alexandria, VA"
51510201205,VA,Virginia,Alexandria,51510,2568,1990,-77.0592287,38.8412597,15.4,15.0,17.6,24.1,62.8,3.2,10.0,3.1,72.6,82.8,16.0,60.9,3.4,10.9,64.5,22.1,8.7,27.4,24.0,18.2,13.4,18.4,3.8,29.7,16.0,7.3,9.7,37.3,23.9,81.9,17.5,9.1,34.0,11.2,2.9,9.0,37.4,1.9,11.1,4.8,5.7175,40,-0.6798009040628002,0.8723365245895096,0.09626781026335468,0.27781436429364403,0.604887983706721,713.4272875060778,1553.3523421588595,1172,161,583,0.09966977136266042,-0.6729969818641888,548,"Alexandria, VA"
51510200703,VA,Virginia,Alexandria,51510,3494,2982,-77.0566261,38.7971997,5.0,20.6,17.5,27.5,72.4,6.7,10.0,3.6,78.2,89.8,10.0,68.3,3.2,7.0,75.5,21.8,7.9,20.7,17.8,6.8,5.0,11.0,4.0,34.0,7.0,4.7,4.6,31.2,15.0,80.2,13.8,7.6,29.9,8.9,1.9,4.6,32.7,2.0,5.5,2.6,4.545,40,-0.5412630596819585,-0.405589818816902,-0.4734264392494303,0.14607592493747568,0.27155465037338766,510.38928173154,948.8119484046165,1107,1020,1074,-0.386228035904092,-0.366866252991282,1066,"Alexandria, VA"
51177020307,VA,Virginia,Spotsylvania,51177,3791,2825,-77.5428503,38.2532909,13.0,24.1,15.3,34.9,73.7,6.2,11.1,5.3,76.3,85.5,16.2,65.5,6.1,14.6,64.6,23.0,12.6,31.0,24.2,17.0,12.7,20.9,5.5,35.9,14.2,8.3,8.9,35.9,27.0,80.0,17.7,13.7,41.5,13.8,3.7,8.4,41.8,3.1,6.7,5.1,5.477500000000001,40,0.6715042544502696,0.28211566525287063,0.47680995985157015,0.36581249476251765,0.7963340122199593,1386.7951676447044,3018.9022403258655,321,408,301,0.4255194283434497,0.5689231914340287,286,"Spotsylvania, VA"
51177020315,VA,Virginia,Spotsylvania,51177,593,438,-77.5438756,38.1914448,8.4,26.7,15.1,36.4,77.5,8.6,10.4,6.1,78.8,89.0,12.9,74.0,5.7,11.3,74.0,22.6,12.1,28.0,20.2,10.2,7.5,16.6,6.5,38.3,9.3,6.7,6.0,32.2,22.4,83.4,15.5,12.4,38.6,12.3,2.9,5.6,37.3,3.1,5.0,3.9,4.842499999999999,40,0.6631237685336357,-0.5935861555784453,0.03476880647759523,0.26359308193451214,0.5627970128988459,156.3106975871657,333.7386286490156,323,1198,645,0.04683675082442007,0.6872596572272854,608,"Spotsylvania, VA"
51510200701,VA,Virginia,Alexandria,51510,951,853,-77.0816421,38.8035955,5.8,11.4,21.7,17.5,54.7,3.1,9.8,1.7,72.2,85.7,11.3,63.4,2.0,6.7,77.9,24.0,4.3,17.8,19.0,7.1,4.9,9.2,2.4,25.3,7.8,4.4,5.0,34.4,13.0,81.2,15.9,4.2,27.9,7.3,1.3,4.8,32.0,1.0,3.7,2.1,4.6475,40,-1.5241362398743028,0.26061801202970486,-0.631759113922299,0.10946242659458331,0.1629327902240326,104.09876769144873,154.949083503055,1417,421,1234,-0.5292455113886191,-1.319109034806943,1252,"Alexandria, VA"
51187020500,VA,Virginia,Warren,51187,4178,3230,-78.1900959,38.9236563,11.4,29.6,15.0,37.7,76.7,7.8,11.7,7.3,77.0,84.7,18.4,65.9,8.7,17.7,64.4,25.3,14.0,37.3,23.9,17.1,14.9,23.3,7.6,37.9,13.8,10.2,9.3,35.9,29.4,70.3,19.5,17.2,40.3,16.3,4.6,8.7,40.5,4.0,15.0,5.9,6.172500000000001,40,1.4379933037726147,0.6924132378886035,1.0652032708306092,0.5018749819339766,0.9429735234215886,2096.833674520154,3939.743380855397,80,217,85,0.9930377450589796,1.2936622522293557,60,"Warren, VA"
51187020200,VA,Virginia,Warren,51187,3865,3118,-78.1851961,38.993678,7.4,28.1,16.2,34.8,77.0,9.2,10.3,6.3,78.3,88.2,13.4,69.3,6.4,12.5,69.8,22.9,11.3,29.6,19.9,9.2,7.1,16.3,6.9,38.2,8.3,6.9,5.6,31.7,21.7,74.4,15.8,12.6,35.6,13.0,3.0,5.1,36.8,3.1,9.0,3.8,5.37,40,0.6482061354786751,-0.04634241019523561,0.3009318626417197,0.32514172081109793,0.7182620502376104,1256.6727509348934,2776.082824168364,335,654,416,0.3297953006727019,0.7059330115406395,346,"Warren, VA"
51610500100,VA,Virginia,Falls Church,51610,3529,2700,-77.1774767,38.8904727,4.2,26.4,14.5,32.1,79.0,10.0,9.2,5.2,81.7,92.0,8.7,73.7,4.0,6.4,80.5,20.1,9.7,22.1,15.6,4.9,3.2,11.1,5.8,39.4,4.6,4.6,3.5,28.0,15.9,80.2,11.6,9.4,28.5,9.6,2.0,3.1,29.9,2.5,3.5,2.7,4.7675,40,-0.08487036001818703,-0.9647276732284905,-0.5247990166233387,0.13419631903530863,0.24032586558044808,473.5788098756041,848.1099796334013,744,1397,1120,-0.41116526871121056,0.14239713580606936,1095,"Falls Church, VA"
51510200104,VA,Virginia,Alexandria,51510,4095,3035,-77.1227225,38.8296955,17.1,15.7,16.4,26.1,61.6,2.9,10.9,3.2,72.6,80.3,18.9,58.0,4.3,13.7,58.6,23.1,9.5,31.4,26.3,24.7,20.3,22.1,3.8,29.4,20.8,9.2,13.1,39.4,27.8,78.8,19.7,10.7,36.9,12.8,3.6,12.8,39.8,2.1,8.8,6.0,5.909999999999999,40,-0.3551112999905288,1.2912831990558065,0.4680859495326388,0.36379511876596154,0.7936184657162254,1489.7410113466126,3249.8676171079433,961,86,305,0.4336129095949479,-0.42405737986591063,279,"Alexandria, VA"
51179010404,VA,Virginia,Stafford,51179,6642,4956,-77.4508489,38.333362,6.5,24.0,16.2,30.6,75.8,7.5,10.3,4.7,78.1,88.6,12.0,70.8,4.5,9.7,73.8,22.9,9.7,25.4,19.8,8.7,6.3,13.8,5.2,35.9,8.6,5.9,5.6,32.5,19.2,79.5,15.4,10.1,33.9,11.0,2.5,5.5,35.4,2.5,5.1,3.2,4.77,40,0.021036844518439554,-0.37879988827754985,-0.17888152187955514,0.2141877020315643,0.4487440597420231,1422.63471689365,2980.5580448065175,668,988,813,-0.11858913041988356,0.14162162743778273,773,"Stafford, VA"
51510201204,VA,Virginia,Alexandria,51510,2878,2420,-77.05602,38.8341111,7.8,18.4,18.4,26.0,69.2,5.2,9.9,3.3,75.7,88.0,11.7,67.6,3.3,8.7,74.6,21.7,8.2,22.1,20.6,9.3,6.6,12.9,3.7,32.6,9.2,5.3,5.6,33.2,17.5,82.8,15.0,7.9,31.0,9.6,2.1,5.5,33.5,2.0,5.6,3.0,4.785,40,-0.6194973297263764,-0.1820368624648025,-0.40076709609558947,0.16287797003432805,0.31568228105906315,468.7627977587961,908.5336048879838,1150,787,1009,-0.3460425534191023,-0.510048244373402,1022,"Alexandria, VA"
51187020700,VA,Virginia,Warren,51187,3536,2796,-78.2662101,38.825048,7.9,32.0,14.9,38.2,79.1,10.2,10.9,7.8,79.1,88.0,15.1,71.5,8.2,14.6,67.9,24.2,13.1,34.0,20.3,10.6,8.7,19.3,8.3,40.6,8.8,8.4,6.3,32.3,25.0,75.0,16.8,15.8,36.8,15.1,3.7,5.6,37.1,3.8,8.2,4.7,5.5075,40,1.311720462003889,-0.13166275009249032,0.5900288559556993,0.3919936975588281,0.8302783435166328,1386.0897145680162,2935.8642226748134,109,733,251,0.5897493353612744,1.311161420815039,202,"Warren, VA"
51510201601,VA,Virginia,Alexandria,51510,3347,2895,-77.0522964,38.8095645,5.1,19.1,18.4,25.9,69.5,5.9,10.0,3.4,76.7,88.6,10.7,69.6,3.3,7.7,73.9,23.0,7.5,20.7,17.8,7.3,5.6,11.3,3.9,32.8,7.3,4.9,4.9,31.4,15.2,81.3,14.6,7.2,30.0,9.0,1.9,4.9,33.9,1.9,4.3,2.6,4.705,40,-0.6430869940180459,-0.3257195723020891,-0.48440328316006753,0.1435375944433899,0.2668024439918534,480.420328602026,892.9877800407332,1160,930,1081,-0.3920035552572385,-0.4582875382123879,1071,"Alexandria, VA"
51179010214,VA,Virginia,Stafford,51179,3873,2713,-77.4545832,38.4644624,9.7,22.1,15.5,30.7,73.4,5.4,10.7,4.4,76.6,86.0,14.6,64.5,4.9,12.3,65.2,23.1,10.9,28.2,22.5,14.7,11.7,17.7,4.6,34.3,13.1,7.4,8.3,34.8,23.9,76.9,17.2,11.5,37.4,12.2,3.2,8.3,39.9,2.6,9.1,4.4,5.59,40,0.13925577209643467,0.33850953202362793,0.2388826520600313,0.31079320637145824,0.6863543788187373,1203.7020882766578,2658.2505091649696,602,370,463,0.23120713896322462,0.12390474590282129,432,"Stafford, VA"
51510200105,VA,Virginia,Alexandria,51510,4065,3392,-77.1134622,38.8327537,10.4,19.5,15.0,32.9,69.7,4.0,11.3,4.1,76.8,84.6,16.0,64.1,4.8,13.7,64.3,20.8,11.4,29.3,27.7,20.4,17.5,19.9,4.0,32.3,17.8,8.3,11.0,38.5,25.2,82.3,18.2,11.6,37.2,12.1,3.7,11.7,42.4,2.8,8.0,5.1,5.72,40,0.1870772791505405,0.34465866815741814,0.2658679736539793,0.31703340303019467,0.7012898845892735,1288.7407833177413,2850.743380855397,573,365,441,0.17177514055072143,-0.0011083870559752734,486,"Alexandria, VA"
51179010305,VA,Virginia,Stafford,51179,6752,4822,-77.5097313,38.3985063,8.1,25.7,14.6,33.5,77.0,7.4,10.8,5.5,78.5,87.6,13.9,66.9,5.6,11.6,68.5,22.7,11.6,29.5,21.6,12.4,9.6,17.4,5.9,37.0,11.0,7.5,7.3,34.0,23.5,78.1,16.3,12.9,35.7,12.6,3.3,7.0,37.9,3.1,9.3,4.4,5.2875,40,0.49990377206269987,-0.02525314001926561,0.23732531602171714,0.3104330815862492,0.6843177189409368,2096.0441668703547,4620.513238289205,395,628,466,0.2380842534247712,0.501421646868808,423,"Stafford, VA"
51510200102,VA,Virginia,Alexandria,51510,5043,3613,-77.1255106,38.8339909,15.8,18.8,15.6,28.6,68.7,4.5,9.7,4.2,74.6,83.9,15.5,63.4,4.5,11.9,64.2,20.2,10.8,29.3,25.1,19.3,14.1,20.2,4.8,33.7,16.1,7.6,9.9,36.6,26.4,77.7,16.5,11.3,34.1,12.4,3.3,9.3,37.2,2.5,6.4,5.3,5.4350000000000005,40,-0.19404095695679202,0.6830682872905645,0.24451366516688622,0.3120953449823458,0.6904276985743381,1573.89682474597,3481.8268839103866,840,219,457,0.21633668863339947,-0.2503949100237655,448,"Alexandria, VA"
51610500300,VA,Virginia,Falls Church,51610,4437,3348,-77.1619697,38.8788854,5.0,20.8,16.6,27.2,73.7,7.5,9.1,4.1,78.3,89.4,9.5,71.0,3.3,6.7,79.0,20.6,8.0,20.5,17.2,5.7,3.6,10.5,4.7,34.7,5.5,4.4,4.0,30.2,15.2,78.6,12.7,7.6,28.0,8.7,1.8,3.5,31.4,2.0,5.9,2.5,4.55,40,-0.6067263434021999,-0.4715717304431538,-0.5391490369226768,0.13087796137138472,0.22946367956551256,580.705514604834,1018.1303462321792,1142,1082,1136,-0.43917024735573107,-0.4067687642683083,1132,"Falls Church, VA"
51510201500,VA,Virginia,Alexandria,51510,3835,3010,-77.0649035,38.8136653,4.8,24.9,16.4,30.3,76.4,9.2,9.4,4.9,79.9,91.5,9.4,72.4,3.9,7.0,76.4,21.2,9.2,22.4,16.0,5.4,3.7,11.8,5.6,39.2,5.3,4.7,3.7,28.7,15.9,77.7,12.5,9.2,28.1,9.9,2.1,3.4,30.2,2.3,4.1,2.8,4.592499999999999,40,-0.21947956428801402,-0.6535445260964012,-0.43651204519220765,0.1546121611151027,0.2939579090291921,592.9376378764189,1127.3285811269518,863,1234,1041,-0.3050382904217561,0.04346794525288899,982,"Alexandria, VA"
51630000301,VA,Virginia,Fredericksburg,51630,1725,1703,-77.4746206,38.3025674,7.6,5.7,20.8,10.2,27.7,1.2,12.9,1.0,69.4,68.7,23.7,74.0,2.0,6.3,71.4,33.6,1.7,31.3,23.3,13.9,8.3,11.8,2.3,14.5,10.3,9.6,11.2,47.2,16.4,74.9,27.6,3.4,27.8,8.5,1.2,5.8,34.5,0.6,12.8,3.3,5.565,40,-1.7047465122797776,1.8135628321733803,0.05440815994680137,0.26813456673659686,0.5790902919212492,462.5321276206296,998.9307535641548,1441,39,621,0.18486371094319376,-1.4438354102869928,480,"Fredericksburg, VA"
51510200110,VA,Virginia,Alexandria,51510,2614,2437,-77.1029359,38.8367246,5.1,14.4,18.9,20.9,63.2,4.3,9.8,2.1,76.0,89.2,9.5,67.4,2.0,5.8,77.2,21.5,5.5,17.0,19.0,6.5,4.4,9.0,2.6,28.6,7.6,4.0,4.6,32.9,13.0,82.8,14.0,5.0,28.6,7.3,1.4,4.7,33.8,1.2,2.9,2.0,4.125,40,-1.2710043962293007,-0.2933123897283457,-0.7821583929788232,0.0746834792554726,0.051595383570943655,195.22261477380536,134.8703326544467,1368,896,1398,-0.6970933958277434,-1.1008744019271413,1426,"Alexandria, VA"
51510200302,VA,Virginia,Alexandria,51510,4452,3259,-77.1174125,38.8195648,11.7,21.7,15.6,30.4,72.8,6.1,10.1,4.6,76.9,86.8,13.7,66.8,4.7,10.5,67.4,20.4,10.5,27.6,23.1,14.0,10.1,17.5,5.0,35.6,12.2,6.9,7.6,35.2,22.7,79.2,15.4,11.2,32.2,11.7,3.0,7.0,36.0,2.6,13.2,4.4,5.275,40,-0.03211290398377556,0.26755198815780945,0.11771954208701695,0.28277495091419214,0.6171079429735234,1258.9140814699833,2747.3645621181263,703,416,565,0.11880123890777655,-0.029949510342256333,533,"Alexandria, VA"
51177020305,VA,Virginia,Spotsylvania,51177,3858,2950,-77.5120779,38.2370986,9.6,21.3,16.4,31.5,71.1,5.8,11.0,4.4,76.0,85.0,15.0,68.4,5.1,12.1,63.5,23.8,10.5,27.6,22.0,14.2,11.1,17.3,4.8,33.1,12.3,7.4,8.1,35.2,22.7,81.0,17.6,10.9,39.7,11.8,3.0,7.7,42.0,2.6,12.7,4.2,5.375,40,0.20094524291262128,0.29529606377842144,0.24812065334552136,0.3129294397513134,0.691785471826205,1207.281778560567,2668.908350305499,566,400,455,0.2383873806917413,0.1814786976050612,422,"Spotsylvania, VA"
51510200305,VA,Virginia,Alexandria,51510,2426,2044,-77.1212644,38.8144158,8.1,24.0,13.9,34.1,76.1,7.0,10.3,5.0,80.2,89.9,11.7,73.5,4.5,9.3,71.4,19.1,11.5,26.2,22.4,12.0,9.2,15.9,5.1,37.2,11.2,6.3,6.8,33.6,21.3,82.6,14.2,11.4,33.1,11.1,2.9,7.0,36.5,2.9,8.2,4.0,4.9625,40,0.22240711388661166,-0.4976278435328532,-0.13761036482312078,0.22373141398879015,0.47046843177189407,542.7724103368049,1141.356415478615,552,1110,781,-0.15830542404281905,0.18101699544721514,812,"Alexandria, VA"
51510200109,VA,Virginia,Alexandria,51510,5794,4431,-77.1361626,38.8237508,13.5,20.2,14.8,32.1,70.8,4.3,10.3,4.3,76.5,85.1,15.5,61.8,4.7,12.7,63.2,20.2,12.2,29.8,25.6,20.5,16.6,20.8,4.5,34.1,17.5,8.0,10.6,36.5,27.2,79.1,17.0,12.3,37.1,12.7,3.7,11.0,39.6,2.7,6.9,5.6,5.445,40,0.11680063492818085,0.5229061086468152,0.319853371787498,0.32951720834192716,0.7243720298710116,1909.222705133126,4197.011541072641,615,288,407,0.2494030171984618,-0.024100074249891558,416,"Alexandria, VA"
51510200500,VA,Virginia,Alexandria,51510,4650,3929,-77.1078315,38.8154618,9.7,18.4,16.4,28.5,68.2,4.2,11.0,3.7,75.9,84.2,15.1,64.2,4.1,10.5,63.2,22.7,9.6,27.5,23.0,16.3,13.7,17.1,4.0,30.7,14.5,7.6,9.5,36.8,22.2,79.0,17.8,10.0,35.0,11.0,3.0,9.6,39.2,2.4,13.0,4.6,5.365,40,-0.19709887044067975,0.5779265098454818,0.190413819702401,0.2995850743994913,0.6551255940257977,1393.0705959576344,3046.3340122199593,844,258,509,0.16535772210105892,-0.24721106564336395,493,"Alexandria, VA"
51179010201,VA,Virginia,Stafford,51179,1633,1602,-77.4512451,38.5276989,17.8,7.8,18.7,21.0,32.0,1.0,10.1,2.5,65.5,54.7,28.6,48.5,5.0,14.9,39.6,28.5,4.8,43.6,21.4,35.4,35.8,27.7,5.3,19.1,20.5,15.4,24.0,40.1,30.2,64.4,25.4,8.0,38.1,13.2,3.9,17.9,40.0,1.3,33.5,10.2,8.940000000000001,40,-0.9930922033712359,4.557020869780729,1.7819643332047463,0.6676217554518634,0.991174473862865,1090.226326652893,1618.5879158180585,1296,4,14,1.779951283268464,-0.9971183032438007,9,"Stafford, VA"
51177020111,VA,Virginia,Spotsylvania,51177,2454,1774,-77.577511,38.2827674,10.2,23.2,16.2,33.5,72.3,5.9,11.4,4.8,76.2,85.4,16.0,63.3,5.7,14.2,67.3,24.3,11.6,29.6,23.0,15.5,12.1,19.3,5.0,34.5,13.4,8.2,8.6,35.5,24.7,77.6,18.3,12.6,41.5,13.3,3.5,8.3,41.5,2.9,10.9,4.7,5.529999999999999,40,0.5144119391388773,0.42053693744441506,0.46747443829164614,0.36365371039365296,0.791581805838425,892.4062053060244,1942.5417515274949,393,329,308,0.4378572430378579,0.4551775486313007,276,"Spotsylvania, VA"
51510200409,VA,Virginia,Alexandria,51510,6318,5216,-77.1267592,38.8101164,10.8,19.5,15.3,30.5,68.7,4.3,10.8,4.1,76.0,84.3,15.6,61.4,4.7,12.8,63.9,22.0,10.7,28.9,24.7,19.1,16.5,19.2,4.4,32.4,16.2,8.1,10.4,36.7,25.0,75.7,17.9,11.2,36.0,12.0,3.4,10.8,38.8,2.6,16.6,5.1,5.565,40,0.0125459331528756,0.8428509646674625,0.427698448910169,0.35445574715381917,0.7732518669382213,2239.4514105178296,4885.405295315682,673,172,335,0.3819052509464899,-0.07904046277448265,312,"Alexandria, VA"
51510200705,VA,Virginia,Alexandria,51510,2597,2463,-77.0626501,38.8029936,4.3,22.2,16.9,27.7,74.6,8.4,9.2,4.2,78.8,90.7,8.9,75.0,3.3,5.9,78.1,21.1,7.9,20.2,16.2,4.8,3.2,9.9,4.9,36.6,5.0,4.2,3.6,29.5,14.0,83.2,12.5,7.4,26.8,8.6,1.7,3.3,30.4,2.0,2.6,2.3,4.052499999999999,40,-0.5689793351715426,-0.8627770299150573,-0.7158781825433,0.09001038748816363,0.09911744738628649,233.75697630676095,257.408010862186,1119,1359,1328,-0.5783548564047016,-0.29393268289434604,1320,"Alexandria, VA"
51179010403,VA,Virginia,Stafford,51179,3815,2776,-77.4316504,38.3593183,7.5,24.0,16.6,30.7,74.9,7.0,10.4,4.7,77.1,88.0,13.0,68.0,4.8,11.4,70.9,23.5,10.1,26.4,20.4,9.9,7.3,15.1,5.2,36.0,9.4,6.3,6.1,32.6,20.8,76.9,16.0,10.7,35.2,11.7,2.7,5.9,37.2,2.5,8.0,3.5,5.325,40,0.09265024750472203,-0.037975251152506107,0.027337498176107963,0.2618746356646933,0.5587236931432451,999.0517350608051,2131.53088934148,624,646,651,0.07840978535917324,0.1947948218708526,571,"Stafford, VA"
51179010206,VA,Virginia,Stafford,51179,5495,3945,-77.4575355,38.4797055,10.6,22.6,15.6,31.2,74.0,5.6,10.6,4.6,76.4,86.3,14.7,66.5,5.0,12.4,68.3,22.6,11.2,28.6,23.1,14.7,11.0,18.0,4.8,34.9,13.2,7.3,8.2,34.9,24.3,75.6,17.0,11.8,37.5,12.6,3.3,8.1,38.9,2.7,8.0,4.5,5.55,40,0.20178850430987494,0.28517556660731525,0.2434820354585951,0.31185678668922634,0.6890699253224711,1713.6530428572987,3786.439239646979,565,407,459,0.22936357748823094,0.1735515883691466,435,"Stafford, VA"
51179010108,VA,Virginia,Stafford,51179,6426,4597,-77.3783942,38.4821465,9.4,22.6,15.7,30.9,74.4,6.0,10.5,4.4,77.0,87.6,13.6,67.4,4.6,11.6,68.9,22.1,10.7,26.9,23.0,12.5,9.0,16.5,4.7,35.3,11.7,6.6,7.1,34.5,22.6,79.9,16.2,11.0,36.2,11.9,2.9,7.0,38.5,2.6,6.7,3.9,5.085,40,0.08472047203879222,-0.0347476567435035,0.024986407647644364,0.2613309598293312,0.5566870332654447,1679.3127478632823,3577.2708757637474,633,637,654,0.030733979432462144,0.09621561560842778,625,"Stafford, VA"
51510200403,VA,Virginia,Alexandria,51510,1410,1255,-77.1209266,38.8035154,5.2,14.8,18.5,22.8,64.4,4.0,9.6,2.3,75.7,88.4,10.1,65.5,2.3,6.8,75.0,21.0,6.5,18.2,20.0,7.5,5.1,10.1,2.8,29.6,8.1,4.3,5.0,33.0,14.4,82.7,14.3,5.6,29.3,7.9,1.6,5.2,34.9,1.4,3.9,2.4,4.352499999999999,40,-1.1288795229016977,-0.17645644706509492,-0.6526679849833963,0.10462737332760016,0.13985064494229463,147.52459639191622,197.18940936863544,1339,782,1268,-0.5904103462374648,-1.0043642454098347,1334,"Alexandria, VA"
51187020601,VA,Virginia,Warren,51187,6094,4692,-78.1575275,38.9347811,8.9,27.9,15.7,34.4,76.5,8.3,11.1,6.7,77.3,85.1,16.5,69.8,7.4,14.2,64.4,25.4,12.0,33.6,21.0,12.5,10.2,19.2,7.2,37.0,10.3,8.7,7.5,34.4,25.0,72.5,18.4,14.5,36.7,14.4,3.6,6.5,37.9,3.4,10.9,4.8,5.569999999999999,40,0.9108660664274203,0.33400664048767886,0.6224363534575496,0.3994877404563717,0.8377460964019009,2434.478290341129,5105.2247114731845,222,377,240,0.6243249732586393,0.9146433060295999,188,"Warren, VA"
51177020313,VA,Virginia,Spotsylvania,51177,695,536,-77.5034593,38.204463,12.1,18.6,15.1,31.8,65.1,3.4,13.0,3.6,75.3,79.1,20.9,59.3,5.4,15.6,52.6,26.3,10.7,33.9,26.7,26.9,24.8,22.4,3.8,27.7,21.8,11.1,14.8,41.6,29.4,78.3,23.2,12.3,46.0,13.1,3.9,14.9,48.2,2.7,18.6,6.2,5.87,40,0.41616983197560947,1.372700855253701,0.8944353436146553,0.4623859046916537,0.9035980991174474,321.3582037606993,628.0006788866259,442,77,143,0.7954969172168203,0.21829297917993962,125,"Spotsylvania, VA"
51179010210,VA,Virginia,Stafford,51179,11687,7927,-77.4258782,38.4381236,7.2,18.8,16.8,27.2,70.9,4.6,10.5,3.1,76.8,88.0,12.2,63.2,3.3,9.6,70.0,22.0,8.7,22.8,22.1,10.6,7.5,13.4,3.3,31.6,10.9,5.6,6.5,34.3,18.8,80.5,15.9,8.4,35.3,10.0,2.3,6.7,40.3,2.0,7.6,3.2,5.032500000000001,40,-0.4572012366801721,0.026986569920494433,-0.21510733337983884,0.2058106965140617,0.4270196877121521,2405.309610159839,4990.579090291922,1051,579,845,-0.19894733975086493,-0.42488124942222427,851,"Stafford, VA"
51177020201,VA,Virginia,Spotsylvania,51177,7310,5215,-77.4229079,38.2496542,9.7,22.8,16.2,33.1,72.2,6.0,11.2,4.7,76.5,86.0,15.1,63.7,5.3,13.3,66.4,23.8,11.1,28.3,22.5,14.4,11.2,18.0,5.0,34.0,12.9,7.6,8.1,35.0,23.8,79.2,17.8,11.8,41.2,12.5,3.2,8.1,42.4,2.7,12.4,4.4,5.385,40,0.38776979915193927,0.3473287835704341,0.3675492913611867,0.34054660878553134,0.7515274949083504,2489.395710222234,5493.665987780041,455,362,367,0.3447843058494139,0.34223982812839365,338,"Spotsylvania, VA"
51179010406,VA,Virginia,Stafford,51179,3216,2376,-77.4335641,38.3051765,7.2,24.8,15.9,31.8,75.9,7.3,10.5,5.0,77.8,87.8,13.1,65.6,5.1,11.0,70.3,23.6,10.5,27.3,20.0,10.4,8.0,15.5,5.5,36.3,9.7,6.7,6.4,32.7,21.3,78.3,16.1,11.3,35.6,11.9,2.8,6.3,36.6,2.7,9.5,3.7,5.2675,40,0.23886417483136482,-0.03077574569783075,0.10404421456676703,0.27961261198108384,0.6082824168363883,899.2341601311656,1956.2362525458248,541,631,578,0.1451938014890715,0.32116334867597374,510,"Stafford, VA"
51630000202,VA,Virginia,Fredericksburg,51630,1521,1327,-77.4733537,38.3151592,9.3,30.3,14.4,37.6,78.7,8.9,11.3,7.2,78.9,86.3,16.0,71.0,8.1,14.6,62.3,24.8,13.5,35.6,20.5,14.5,13.0,20.9,7.7,39.6,11.2,9.4,8.2,32.6,26.8,77.2,17.2,16.7,41.1,15.0,4.2,7.7,38.2,3.9,17.6,5.6,6.2725,40,1.3380135506448836,0.20782550015010975,0.7729195253974966,0.4342860875305941,0.8764426340801086,660.5491391340337,1333.0692464358451,101,466,183,0.7439734043815351,1.2801213086129606,134,"Fredericksburg, VA"
51179010202,VA,Virginia,Stafford,51179,6860,5075,-77.5400425,38.4939061,8.6,25.6,16.5,31.8,75.3,7.4,10.6,5.3,76.5,86.9,14.5,69.6,5.9,13.3,69.2,24.5,10.8,29.0,20.9,11.2,8.4,17.3,5.8,37.6,9.9,7.2,6.6,33.3,22.7,77.2,16.9,12.2,35.7,13.2,3.1,6.1,36.6,2.8,11.3,4.0,5.7625,40,0.3816985871312629,0.08996612436375091,0.2358323557475069,0.31008784331727696,0.6836388323150034,2127.20260515652,4689.762389680924,457,538,467,0.28536962831232676,0.48077313226090257,392,"Stafford, VA"
51510201202,VA,Virginia,Alexandria,51510,3429,2742,-77.0634792,38.8327236,5.2,17.3,19.4,23.6,67.9,5.7,9.3,2.9,76.3,89.6,9.4,69.9,2.5,6.3,79.2,21.5,6.7,18.2,17.3,5.7,3.8,9.7,3.5,32.1,6.3,4.0,4.0,30.6,13.4,81.8,13.3,6.0,28.4,8.0,1.5,3.9,31.4,1.6,3.3,2.2,4.285000000000001,40,-0.9983077187794074,-0.4454610646921352,-0.7218843917357713,0.08862148699260915,0.09640190088255261,303.8830788976568,330.56211812627294,1298,1066,1332,-0.6139437867127053,-0.7824265087332755,1372,"Alexandria, VA"
51179010304,VA,Virginia,Stafford,51179,6868,5328,-77.4780609,38.363103,10.1,28.7,13.4,36.8,78.7,8.5,11.0,7.0,79.0,86.8,15.4,70.6,7.0,12.9,67.8,23.2,13.2,34.1,22.6,15.0,12.3,20.2,7.6,38.4,12.6,8.8,8.5,35.0,27.2,77.6,17.1,15.7,37.1,14.1,3.8,8.2,37.6,3.8,8.6,5.3,5.3575,40,1.064985657049534,-0.035247289012175255,0.5148691840186793,0.3746134661593142,0.8065173116089613,2572.8452855821697,5539.160896130346,168,641,286,0.480183208352153,0.9956137057164812,252,"Stafford, VA"
51179010212,VA,Virginia,Stafford,51179,4675,3332,-77.42756,38.4667512,8.8,22.1,15.9,30.1,74.1,5.7,10.6,4.2,77.1,87.4,13.4,66.1,4.5,11.0,69.7,22.6,10.4,26.3,21.8,12.2,8.9,16.0,4.4,34.6,11.4,6.6,7.1,34.1,21.7,79.3,16.2,10.6,36.3,11.6,2.9,7.0,38.0,2.5,11.2,3.9,5.369999999999999,40,0.019797195895709323,0.08690897413916275,0.05335308501743603,0.2678905868742105,0.5784114052953157,1252.3884936369343,2704.0733197556006,670,540,622,0.06302853125708628,0.03914808837500982,590,"Stafford, VA"
51177020105,VA,Virginia,Spotsylvania,51177,2434,1844,-77.6612739,38.3438836,6.0,27.1,16.3,34.7,76.9,9.0,10.5,5.5,78.8,89.5,12.1,72.1,5.5,10.9,74.9,23.5,11.0,25.7,18.4,7.6,5.3,14.7,5.9,38.9,7.1,6.1,4.9,30.8,19.5,78.6,15.2,11.2,37.1,12.1,2.7,4.5,36.8,2.8,8.7,3.3,4.99,40,0.4775776016803392,-0.4182787127435524,0.029649444468393404,0.2624092596260225,0.560081466395112,638.7041379297389,1363.2382892057026,409,1039,649,0.093747040203396,0.6057727931503444,551,"Spotsylvania, VA"
51177020114,VA,Virginia,Spotsylvania,51177,5913,4141,-77.5696964,38.2637291,9.4,23.5,15.5,33.7,73.7,6.4,11.1,4.7,77.4,86.8,14.5,68.3,5.3,12.5,70.8,23.1,11.4,28.0,22.3,13.8,10.6,17.8,5.0,34.7,12.4,7.5,7.7,34.7,23.8,81.1,17.1,12.0,40.4,12.4,3.2,7.7,40.6,2.8,8.9,4.3,5.2675,40,0.4176840530293273,-0.03271136420308793,0.19248634441311968,0.30006433353042106,0.6571622539035981,1774.2804041653797,3885.8004073319753,440,634,506,0.16945765616974612,0.37162667654258014,487,"Spotsylvania, VA"
51179010306,VA,Virginia,Stafford,51179,2773,1920,-77.4863367,38.3318251,11.1,21.0,15.6,30.4,71.3,5.2,10.9,4.4,75.7,84.5,15.8,63.2,4.9,12.8,65.0,23.1,10.4,30.0,24.4,17.0,13.7,18.5,4.9,32.2,15.3,8.0,9.5,36.8,25.4,79.3,18.3,11.7,38.3,12.3,3.2,9.7,40.2,2.7,7.8,4.7,5.5375,40,0.1346633768426688,0.4383375200392836,0.2865004484409762,0.3218045412869333,0.7128309572301426,892.363992988666,1976.6802443991853,606,320,424,0.2554143698464425,0.07249121965360138,412,"Stafford, VA"
51179010213,VA,Virginia,Stafford,51179,2629,1870,-77.4451742,38.4564269,5.8,21.5,16.6,28.6,74.6,6.1,10.3,3.7,78.2,89.6,11.0,69.6,3.6,8.5,74.7,22.1,9.2,22.1,19.8,8.0,5.3,12.4,3.8,34.7,8.3,5.1,5.2,32.2,17.2,81.5,14.7,8.6,33.8,10.0,2.3,5.2,36.9,2.1,5.5,2.9,4.84,40,-0.3035462088958878,-0.46434046293166514,-0.3839433359137765,0.16676836547425034,0.3258655804480652,438.43403283180413,856.7006109979634,924,1075,994,-0.32917150958511476,-0.19400255623856444,1011,"Stafford, VA"
51177020112,VA,Virginia,Spotsylvania,51177,2749,2034,-77.5876906,38.2772719,9.8,24.6,15.8,34.9,74.1,6.8,11.0,5.3,77.0,86.4,15.0,66.9,5.9,13.5,70.0,23.5,11.9,29.2,21.9,14.0,10.9,18.7,5.6,35.9,12.1,7.8,7.8,34.1,24.3,77.8,17.2,12.8,41.0,13.1,3.4,7.7,40.1,3.0,11.8,4.6,5.475,40,0.6091728739310487,0.2046205013657994,0.406896687648424,0.34964546239699473,0.7623896809232859,961.1753761293385,2095.809232858113,348,469,351,0.3828180003826269,0.5610154993994544,310,"Spotsylvania, VA"
51177020312,VA,Virginia,Spotsylvania,51177,6724,5040,-77.5204034,38.2225933,8.0,27.5,13.2,38.9,79.3,8.5,10.4,6.0,81.0,90.1,11.9,71.9,5.5,10.5,69.2,20.0,13.3,27.6,21.4,11.2,8.1,17.0,6.0,39.1,10.0,6.6,6.3,32.4,23.2,81.6,14.2,13.1,38.7,12.1,3.1,6.2,40.5,3.3,9.4,4.1,4.9975000000000005,40,0.77967067630616,-0.4844462427083777,0.14761221679889117,0.2896874558553808,0.6334012219959266,1947.8584531715805,4258.98981670061,276,1094,541,0.11083823669476459,0.7061227160979069,538,"Spotsylvania, VA"
51177020408,VA,Virginia,Spotsylvania,51177,3100,2203,-77.7227009,38.3048517,8.4,23.5,17.3,32.0,72.1,6.7,10.9,4.8,75.9,86.1,14.8,67.4,5.4,13.4,74.7,24.9,10.3,27.6,21.3,11.5,8.6,16.6,5.3,34.8,10.5,7.2,6.8,34.1,22.3,78.3,17.8,11.1,39.5,12.5,2.9,6.5,38.0,2.6,7.3,3.8,5.154999999999999,40,0.29865353355988755,0.05480756372587254,0.17673054864288004,0.2964208985697188,0.648336727766463,918.9047855661283,2009.8438560760353,506,565,519,0.20338761007811415,0.35196765643035577,459,"Spotsylvania, VA"
51177020308,VA,Virginia,Spotsylvania,51177,4032,2938,-77.550644,38.245347,8.5,24.6,16.1,34.1,73.8,6.9,11.0,4.9,77.4,87.4,14.2,64.9,5.5,12.9,62.8,23.8,11.4,27.7,21.3,12.5,9.5,17.3,5.3,35.7,11.3,7.2,7.2,33.6,22.9,78.4,17.1,11.9,40.8,12.6,3.1,7.2,43.3,2.8,18.4,4.1,5.244999999999999,40,0.48019498820611484,0.3589353812038726,0.4195651847049937,0.3525749777162173,0.7691785471826205,1421.5823101517883,3101.327902240326,407,356,341,0.4174945396064713,0.47605369800907,291,"Spotsylvania, VA"
51179010216,VA,Virginia,Stafford,51179,7379,5121,-77.3966446,38.4832019,17.3,20.3,15.1,30.1,69.8,4.1,11.2,4.3,73.9,82.0,18.8,57.3,5.5,15.5,53.7,23.5,11.6,33.4,26.4,24.0,19.4,23.6,4.6,32.6,19.9,9.6,12.3,38.4,30.1,73.5,19.4,13.6,40.3,14.2,4.2,12.1,42.9,2.8,20.0,6.3,5.9975000000000005,40,0.27268048538632544,1.5086725458085024,0.8906765155974139,0.4615166978544369,0.9022403258655805,3405.53171346789,6657.6313645621185,525,61,145,0.8299784855214275,0.1512844252343526,111,"Stafford, VA"
51683910201,VA,Virginia,Manassas,51683,5239,4046,-77.4711757,38.7622914,13.8,23.4,15.7,31.4,75.3,7.1,9.8,5.4,76.8,87.0,14.0,65.9,5.4,11.2,67.3,20.5,11.5,28.9,21.8,13.6,9.3,18.6,6.0,37.4,11.9,7.1,7.3,33.7,24.5,77.5,15.2,12.5,34.5,12.8,3.2,6.6,35.2,2.8,13.8,4.7,5.772499999999999,40,0.22196454523515405,0.34778734440488634,0.2848759448200202,0.321428884393896,0.712152070604209,1683.9659253396212,3730.964697895451,554,360,425,0.28894194722435607,0.23009655004382576,389,"Manassas, VA"
51683910402,VA,Virginia,Manassas,51683,6112,4745,-77.4918386,38.7391458,9.6,23.4,15.7,31.4,76.0,7.3,10.0,5.0,77.9,88.3,12.7,71.0,4.9,10.4,70.8,20.5,10.8,26.4,21.5,10.9,7.5,15.9,5.4,37.3,9.9,6.3,6.2,33.4,21.6,81.1,14.8,11.2,33.0,11.6,2.8,5.7,35.3,2.7,5.5,3.9,5.31,40,0.10407718958096779,-0.2962443329942733,-0.09608357170665274,0.23333424027904778,0.48879837067209775,1426.13887658554,2987.5356415478614,621,900,754,-0.07315802299563405,0.14992828700300517,734,"Manassas, VA"
51683910202,VA,Virginia,Manassas,51683,8207,5849,-77.4800866,38.7758396,17.8,19.4,16.0,28.3,71.3,4.9,9.8,4.3,74.4,84.8,15.7,64.0,4.5,11.8,67.6,20.0,11.2,29.3,25.4,17.7,11.4,20.3,4.8,34.6,15.5,7.3,9.0,36.8,26.8,79.2,16.3,11.8,35.3,12.8,3.3,8.0,37.3,2.5,9.8,5.2,5.847499999999999,40,-0.1318988267530375,0.5990314754085535,0.233566324327758,0.30956383689975553,0.6822810590631364,2540.5904094362936,5599.480651731161,781,248,469,0.21012501524608823,-0.178781444916377,454,"Manassas, VA"
51683910401,VA,Virginia,Manassas,51683,7543,5117,-77.4826328,38.7468077,22.4,17.7,16.2,28.0,67.6,3.6,10.2,4.1,72.1,81.0,18.9,58.8,4.8,14.7,56.9,21.0,11.6,32.8,27.7,24.8,17.8,24.3,4.6,32.7,20.6,8.9,12.1,39.1,31.3,78.0,18.5,12.7,38.5,14.1,3.9,11.1,40.6,2.5,11.2,6.5,6.3,40,-0.06514251093997361,1.3486761976157573,0.6417668433378918,0.40395780237292495,0.846571622539036,3047.053703298973,6385.689748811948,725,83,227,0.5814164984162362,-0.18584320078328478,206,"Manassas, VA"
51683910100,VA,Virginia,Manassas,51683,4656,3504,-77.4893659,38.7602791,12.8,23.4,15.4,32.2,76.0,6.9,9.6,5.5,77.3,87.2,13.6,67.6,5.2,10.9,65.9,20.1,12.0,28.6,21.7,13.5,9.3,18.2,6.0,37.5,11.8,6.9,7.3,33.4,24.6,79.6,15.0,12.4,35.0,12.5,3.2,6.8,36.8,2.9,8.6,4.7,5.3925,40,0.25093997967548104,0.09925201749651301,0.17509599858599703,0.296042918497553,0.6469789545145961,1378.3758285246067,3012.3340122199593,537,529,521,0.16645720153271223,0.23366238556891147,490,"Manassas, VA"
51683910301,VA,Virginia,Manassas,51683,4579,3479,-77.4556935,38.7527306,14.7,21.6,15.6,30.8,73.5,5.6,10.0,4.9,75.6,85.3,15.2,64.3,5.3,12.5,63.3,20.8,11.8,29.5,23.9,16.8,12.1,19.9,5.3,35.9,14.2,7.6,8.8,35.4,26.2,77.3,16.3,12.6,35.7,13.0,3.5,8.0,38.3,2.8,11.8,5.2,5.775,40,0.1685340474210356,0.5814855882155747,0.37500981781830517,0.34227181158172726,0.7556008146639511,1567.262625232729,3459.896130346232,588,256,361,0.34822319650222383,0.11496080478887295,334,"Manassas, VA"
51683910302,VA,Virginia,Manassas,51683,6436,4920,-77.4676135,38.7400102,14.1,20.2,16.2,29.4,71.7,5.2,10.2,4.5,75.0,84.4,15.7,65.0,4.9,12.5,67.2,21.4,11.0,29.2,24.1,16.8,12.2,19.3,5.0,34.2,14.5,7.6,9.0,36.2,25.7,78.3,17.1,11.7,35.9,12.6,3.3,8.3,37.3,2.6,8.0,5.0,5.6925,40,0.009488595411712649,0.4831206224596501,0.24630460893568137,0.31250949017913776,0.6911065852002716,2011.3110787929306,4447.9619823489475,675,301,456,0.22623772340109197,-0.030645175657466172,439,"Manassas, VA"
51685920201,VA,Virginia,Manassas Park,51685,2872,2066,-77.4423225,38.7740354,16.0,17.2,16.6,27.3,66.9,3.5,10.0,3.5,73.7,82.9,16.6,57.6,3.9,12.4,60.5,21.7,10.3,29.6,26.1,19.1,13.0,19.6,4.1,31.1,17.0,7.5,9.9,37.9,27.1,75.7,18.1,10.6,37.8,12.2,3.1,9.3,40.4,2.2,15.9,5.1,5.8325,40,-0.3324641172024783,1.2000982260504385,0.4338170544239801,0.3558706386366012,0.7773251866938221,1022.0604741643186,2232.477936184657,947,103,329,0.4030348649288712,-0.39402849619269614,302,"Manassas Park, VA"
51685920100,VA,Virginia,Manassas Park,51685,7137,5026,-77.4649323,38.7808628,26.8,21.5,14.9,32.4,70.2,4.5,10.0,5.7,73.1,80.5,20.6,53.9,6.4,16.6,51.8,21.9,14.3,38.6,27.3,29.3,21.8,29.1,6.5,35.5,23.0,10.5,13.9,38.2,36.7,73.8,18.8,16.6,41.9,16.5,5.1,12.7,40.3,3.2,20.4,8.4,6.7575,40,0.5995252885023203,1.91700832034937,1.2582668044258452,0.5465197868169032,0.96673455532926,3900.511718512238,6899.584521384929,353,30,50,1.1646357319839868,0.41226314361860356,33,"Manassas Park, VA"
54037972204,WV,West Virginia,Jefferson,54037,2438,2005,-77.8322891,39.3967418,6.3,35.9,13.4,41.9,78.4,9.9,12.2,7.4,81.6,89.0,15.3,72.0,8.1,14.8,63.2,28.7,13.7,32.8,20.5,11.0,10.9,19.7,7.6,41.7,9.5,8.4,6.7,30.1,25.9,78.7,18.7,15.2,37.9,14.7,3.5,8.2,36.7,3.5,12.5,4.3,5.15,40,1.5620131308761829,-0.25139641643574806,0.6553083572202174,0.40708919769050644,0.8499660556687033,992.4834639694548,2072.2172437202985,60,860,222,0.6930574363478857,1.6375112891315196,151,"Jefferson, WV"
54037972201,WV,West Virginia,Jefferson,54037,5169,4220,-77.8270338,39.4497104,5.4,29.8,14.3,35.8,75.9,8.6,11.9,5.8,81.0,87.6,14.2,73.3,5.9,10.6,68.7,27.9,11.0,28.8,19.8,9.2,8.3,15.9,6.1,37.4,8.2,7.2,6.2,31.3,21.2,79.3,18.1,11.6,33.7,11.9,2.6,6.8,34.0,2.7,9.3,3.5,5.209999999999999,40,0.6899941631152866,-0.3539157849742986,0.168039189070494,0.2944110728659687,0.6422267481330618,1521.8108356441921,3319.6700610997964,312,954,528,0.24684594011515723,0.8476076652046131,418,"Jefferson, WV"
54037972601,WV,West Virginia,Jefferson,54037,1950,1613,-77.7913914,39.2933111,6.4,35.4,13.5,41.7,78.3,9.9,12.0,7.3,81.7,89.6,14.7,72.6,7.8,14.3,64.1,27.9,13.5,31.8,20.3,10.5,10.3,19.2,7.5,41.9,9.2,8.0,6.4,29.6,25.0,76.2,17.9,14.7,37.4,14.3,3.4,7.8,35.8,3.4,13.8,4.2,5.23,40,1.4661230298310446,-0.19170773998725668,0.637207644921894,0.40290351459566137,0.8411405295315683,785.6618534615396,1640.224032586558,75,802,235,0.678025507868768,1.5477587557247927,161,"Jefferson, WV"
54037972503,WV,West Virginia,Jefferson,54037,4049,2953,-77.8366763,39.2992138,9.1,30.7,14.2,38.2,74.1,7.3,12.3,5.9,79.3,87.2,16.8,67.3,7.1,16.4,60.2,28.4,12.7,32.2,23.7,14.6,13.9,20.9,6.1,38.3,12.9,8.7,8.1,32.5,27.6,78.8,20.0,14.0,39.0,14.5,3.5,10.1,38.6,3.0,14.9,4.6,5.695,40,1.087587837933438,0.23299270629887284,0.6602902721161554,0.4082412361637005,0.8513238289205702,1652.9687652268233,3447.0101832993887,162,449,220,0.6766608169637144,1.120328927628556,163,"Jefferson, WV"
54037972402,WV,West Virginia,Jefferson,54037,4461,3329,-77.8757748,39.324099,9.3,33.3,13.6,41.2,75.0,7.7,12.9,6.9,79.6,86.3,18.6,64.4,8.8,19.0,52.7,29.9,14.4,35.7,23.8,17.3,18.2,23.8,7.0,39.4,14.5,10.2,9.5,32.7,30.5,74.9,21.4,16.3,41.4,16.2,4.3,12.3,41.6,3.6,17.4,5.4,5.6850000000000005,40,1.6645758612583141,0.6092804322728438,1.136928146765579,0.5184609369910421,0.955193482688391,2312.8542399170387,4261.118126272912,45,242,67,1.115130999634844,1.6209815669968441,39,"Jefferson, WV"
54037972800,WV,West Virginia,Jefferson,54037,6064,4724,-77.9405575,39.2351271,6.6,34.7,13.6,41.4,77.7,9.2,12.0,7.0,81.4,89.2,15.0,68.8,7.8,15.2,62.3,28.0,13.6,31.5,21.0,11.4,11.2,19.7,7.0,41.6,9.8,8.1,6.6,29.9,25.6,78.2,18.3,14.5,38.1,14.5,3.5,8.3,36.8,3.3,14.9,4.2,5.45,40,1.420557625016265,-0.09368677043448538,0.6634354272908898,0.4089685347709917,0.8526816021724372,2479.9851948512937,5170.661235573659,84,698,218,0.6959359263423909,1.4855586231192672,149,"Jefferson, WV"
54037972300,WV,West Virginia,Jefferson,54037,4569,3541,-77.9196007,39.3535742,8.5,36.0,13.3,42.9,77.3,9.0,12.6,7.7,80.5,87.6,17.6,66.8,9.4,18.4,53.7,29.2,14.8,35.7,23.0,14.9,15.2,23.4,7.7,41.9,12.2,9.7,8.2,31.8,29.7,73.8,20.1,17.0,40.1,16.4,4.2,10.2,40.1,3.8,17.6,5.2,6.2,40,1.8663097797190797,0.42478995149523435,1.145549865607157,0.5204546586860189,0.956551255940258,2377.9573355364205,4370.482688391039,24,326,65,1.1343228732861697,1.8438557950771048,37,"Jefferson, WV"
54037972203,WV,West Virginia,Jefferson,54037,2488,2053,-77.7760116,39.3917373,6.2,36.5,12.8,43.4,79.4,10.4,11.7,7.8,82.5,89.6,14.3,73.2,8.1,13.6,62.5,26.9,14.4,32.4,20.0,10.6,10.5,19.6,7.8,42.9,8.9,8.0,6.4,29.1,25.4,77.6,17.2,15.3,37.3,14.4,3.5,7.7,36.6,3.6,13.4,4.4,5.245,40,1.620190286055656,-0.2897359464972163,0.6652271697792199,0.40938286466697127,0.8540393754243042,1018.5445672914245,2124.849966055669,48,891,216,0.6891472973149058,1.6680305411270278,154,"Jefferson, WV"
54037972602,WV,West Virginia,Jefferson,54037,4633,3495,-77.787806,39.3389243,5.4,32.5,14.3,38.6,76.9,9.2,11.5,6.0,81.7,90.5,12.8,71.7,6.1,12.0,66.6,27.1,11.9,27.4,19.4,8.3,7.5,15.9,6.1,40.3,8.1,6.5,5.4,28.6,21.5,79.1,16.9,11.8,36.2,12.5,2.7,6.8,36.6,2.8,9.6,3.3,5.1425,40,0.8874335010612318,-0.4368694160405424,0.22528204251034467,0.30764814552890873,0.6768499660556687,1425.3338582354343,3135.8458927359134,232,1055,477,0.30449119739935404,1.0458518108392505,376,"Jefferson, WV"
54037972702,WV,West Virginia,Jefferson,54037,4243,3366,-77.8121504,39.195229,7.3,34.2,14.3,40.9,75.7,8.5,12.3,6.9,80.0,87.5,16.6,67.5,8.5,17.7,59.0,29.8,13.7,33.0,21.3,13.2,13.8,21.1,7.0,40.7,11.2,8.9,7.7,30.4,27.0,76.4,20.0,14.9,40.1,15.3,3.8,9.8,38.1,3.3,15.2,4.6,5.8575,40,1.5105013528725995,0.21942302353477303,0.8649621882036862,0.45557041111757696,0.8934147997284454,1932.9852543718791,3790.758995247794,70,459,158,0.8902414118435171,1.5610598001522613,90,"Jefferson, WV"
54037972401,WV,West Virginia,Jefferson,54037,2718,2147,-77.8597406,39.2998141,12.5,34.4,12.7,43.6,75.9,7.5,12.9,7.9,79.4,85.0,20.2,65.8,10.1,20.8,50.9,28.9,16.3,39.4,25.8,21.8,22.8,27.7,7.8,40.4,17.3,11.6,11.4,34.0,34.8,74.2,21.7,19.0,42.9,17.6,5.1,14.3,41.8,4.2,17.6,6.7,6.147499999999999,40,2.0983812590891238,0.7828508843487462,1.440616071718935,0.5886869807309666,0.9816700610997964,1600.051213626767,2668.1792260692464,15,194,28,1.3506499588140848,1.9184490332794233,20,"Jefferson, WV"
54037972701,WV,West Virginia,Jefferson,54037,2770,2204,-77.7669057,39.2817528,8.7,34.7,14.1,41.6,75.7,8.4,12.5,7.2,79.5,86.9,17.8,68.1,9.2,19.4,54.3,29.7,14.1,34.9,23.0,14.9,15.3,23.1,7.3,41.2,12.3,9.6,8.3,31.6,29.3,74.9,20.5,16.1,40.5,16.3,4.1,10.2,39.6,3.5,21.9,5.0,6.4,40,1.6830278572569304,0.5288642593667139,1.1059460583118221,0.5112965115393489,0.9484046164290564,1416.2913369639964,2627.080787508486,41,284,77,1.1091617043625694,1.6894591493584252,40,"Jefferson, WV"
54037972505,WV,West Virginia,Jefferson,54037,2705,2203,-77.8590612,39.2797456,8.1,36.0,12.4,44.5,78.8,9.2,12.2,7.8,82.0,88.8,16.0,67.1,8.5,15.8,53.5,27.1,15.6,34.8,22.1,14.6,15.1,22.5,7.8,41.7,12.3,9.3,8.2,30.6,29.2,75.4,18.6,17.0,40.4,15.4,4.1,10.6,40.1,3.9,16.6,5.3,5.727500000000001,40,1.8450278245478455,0.2249884365339544,1.0350081305409,0.4948925336096187,0.9382213170400543,1338.6843034140186,2537.888662593347,26,454,92,0.9971607525763126,1.769333068618671,59,"Jefferson, WV"
54037972501,WV,West Virginia,Jefferson,54037,5313,3945,-77.8935922,39.2730672,6.2,31.9,14.3,38.6,76.0,8.6,11.6,5.9,81.1,89.7,13.7,70.3,6.2,13.1,66.2,27.2,12.0,28.6,20.4,9.9,9.3,17.1,6.2,39.2,9.5,7.0,6.1,29.5,23.3,78.1,17.6,12.3,37.4,12.9,2.9,8.0,36.7,2.9,14.1,3.6,5.12,40,0.9182450007017187,-0.1831545162044187,0.36754524224865,0.3405456724521089,0.7508486082824168,1809.3191577380546,3989.258655804481,218,789,368,0.42216872583243176,1.0274919678692822,288,"Jefferson, WV"
54037972506,WV,West Virginia,Jefferson,54037,4131,3167,-77.8403162,39.2575056,8.0,34.0,12.9,41.3,77.7,9.0,11.9,7.0,81.4,89.1,15.2,69.1,7.6,14.6,58.6,26.9,13.8,32.5,22.0,12.9,12.4,20.5,7.1,40.8,11.1,8.4,7.2,30.8,27.1,76.1,18.1,15.1,38.1,14.4,3.5,9.0,37.9,3.5,14.4,4.6,5.505000000000001,40,1.4105092292956358,0.05507675341519463,0.7327929913554152,0.42500706290291557,0.8689748811948405,1755.704176851944,3589.735234215886,89,563,194,0.7387689830923464,1.4224612127694982,136,"Jefferson, WV"
