LocationID,StateAbbr,CountyName,TotalPopulation,chronic_disease_burden_score,chronic_disease_burden_rank,ARTHRITIS_pct,BPHIGH_pct,CANCER_pct,CASTHMA_pct,CHD_pct,COPD_pct,DEPRESSION_pct,DIABETES_pct,HIGHCHOL_pct,OBESITY_pct,STROKE_pct
24031703219,MD,Montgomery,3363,3.0293732403864424,1,47.4,58.3,21.1,8.8,14.8,10.3,13.1,19.0,58.9,22.1,7.5
11001004704,DC,District of Columbia,1945,2.917046742149456,2,28.1,49.2,4.1,15.3,9.5,17.0,26.6,21.6,37.7,45.1,8.9
51059431601,VA,Fairfax,1908,2.899835820142565,3,51.3,56.5,25.6,7.6,16.3,8.9,11.3,17.4,54.7,16.1,7.3
24031703218,MD,Montgomery,1963,2.697609643698016,4,46.4,56.6,21.7,8.5,13.7,9.0,12.6,17.4,58.5,20.7,6.8
24031703216,MD,Montgomery,3889,2.685176642208292,5,40.6,54.0,14.6,10.0,13.0,10.8,15.9,20.6,53.6,30.0,7.0
51107611010,VA,Loudoun,1951,2.6083024611745596,6,48.4,55.5,21.2,8.7,13.0,8.8,14.7,17.3,53.9,25.4,6.0
11001007401,DC,District of Columbia,1259,1.9694496363585154,7,26.1,46.4,4.3,14.5,7.6,11.8,23.9,18.3,36.8,41.4,7.0
54037972401,WV,Jefferson,2718,1.9184490332794228,8,34.4,43.6,7.5,12.9,7.9,10.1,28.9,16.3,40.4,42.9,4.2
51153901504,VA,Prince William,4713,1.8868835331448208,9,41.0,49.0,18.4,8.7,10.6,7.3,16.6,14.9,51.0,26.6,4.8
54037972300,WV,Jefferson,4569,1.8438557950771048,10,36.0,42.9,9.0,12.6,7.7,9.4,29.2,14.8,41.9,40.1,3.8
11001007403,DC,District of Columbia,2613,1.8438309405434423,11,24.4,44.5,3.7,15.4,6.7,11.9,25.7,16.8,34.2,42.7,6.6
54037972505,WV,Jefferson,2705,1.7693330686186706,12,36.0,44.5,9.2,12.2,7.8,8.5,27.1,15.6,41.7,40.4,3.9
24033801907,MD,Prince George's,3605,1.7568836227409668,13,32.8,50.3,6.6,13.0,7.7,8.3,14.7,20.8,39.8,47.4,6.0
51157950200,VA,Rappahannock,4619,1.7508745379390434,14,35.6,42.7,11.6,10.6,9.1,9.1,23.3,15.2,44.4,36.0,4.4
51177020311,VA,Spotsylvania,5571,1.707275435207307,15,30.9,41.9,7.8,11.9,7.9,9.8,25.7,16.3,39.9,45.2,4.5
11001007408,DC,District of Columbia,2867,1.6988616163536046,16,23.9,44.4,3.6,14.9,6.5,11.3,25.3,16.7,33.7,43.0,6.3
11001009602,DC,District of Columbia,4481,1.696041549779312,17,24.7,44.0,4.0,14.8,6.5,11.2,24.7,16.6,34.8,41.0,6.4
54037972701,WV,Jefferson,2770,1.6894591493584252,18,34.7,41.6,8.4,12.5,7.2,9.2,29.7,14.1,41.2,40.5,3.5
54037972203,WV,Jefferson,2488,1.6680305411270275,19,36.5,43.4,10.4,11.7,7.8,8.1,26.9,14.4,42.9,37.3,3.6
11001009801,DC,District of Columbia,1848,1.658764223701207,20,26.5,45.1,4.9,14.1,7.0,10.3,22.1,16.7,37.3,37.6,6.6
54037972204,WV,Jefferson,2438,1.6375112891315198,21,35.9,41.9,9.9,12.2,7.4,8.1,28.7,13.7,41.7,37.9,3.5
54037972402,WV,Jefferson,4461,1.6209815669968441,22,33.3,41.2,7.7,12.9,6.9,8.8,29.9,14.4,39.4,41.4,3.6
51047930202,VA,Culpeper,6283,1.5626736651944197,23,32.5,41.1,9.4,11.3,8.0,9.1,24.1,14.5,42.2,39.9,4.2
54037972702,WV,Jefferson,4243,1.5610598001522613,24,34.2,40.9,8.5,12.3,6.9,8.5,29.8,13.7,40.7,40.1,3.3
54037972601,WV,Jefferson,1950,1.5477587557247927,25,35.4,41.7,9.9,12.0,7.3,7.8,27.9,13.5,41.9,37.4,3.4
11001007804,DC,District of Columbia,3499,1.509345862440149,26,26.3,45.2,5.3,13.3,7.2,9.3,21.2,16.5,37.4,36.6,6.4
24033803001,MD,Prince George's,3119,1.49605513222267,27,28.6,47.5,4.9,12.9,7.1,8.4,15.5,20.4,37.3,50.4,5.5
51177020405,VA,Spotsylvania,3677,1.489568522835517,28,32.1,41.5,10.0,11.0,7.9,8.3,24.0,14.5,41.8,40.6,4.0
54037972800,WV,Jefferson,6064,1.4855586231192675,29,34.7,41.4,9.2,12.0,7.0,7.8,28.0,13.6,41.6,38.1,3.3
51157950100,VA,Rappahannock,2729,1.4564760896108184,30,33.6,40.0,11.0,10.7,8.1,8.5,23.7,13.6,42.8,35.2,4.0
24033802103,MD,Prince George's,3202,1.4439871754028433,31,29.7,47.4,5.4,13.1,6.8,7.8,15.5,19.7,38.1,48.9,5.2
51107611018,VA,Loudoun,4004,1.4393183081907688,32,37.0,45.3,15.8,8.7,10.4,6.9,15.4,13.6,44.7,25.7,4.9
51047930400,VA,Culpeper,5143,1.438563316691265,33,30.8,39.9,8.4,11.4,7.6,9.0,24.4,14.5,40.7,40.9,4.1
54037972506,WV,Jefferson,4131,1.422461212769498,34,34.0,41.3,9.0,11.9,7.0,7.6,26.9,13.8,40.8,38.1,3.5
24021772200,MD,Frederick,1566,1.4043000520320097,35,29.2,40.1,7.8,11.0,7.7,9.3,24.3,14.7,39.6,43.3,4.2
24033807410,MD,Prince George's,5966,1.3674387225889888,36,33.6,44.6,12.4,10.0,9.4,7.3,13.1,15.6,42.2,34.4,5.2
51187020300,VA,Warren,6829,1.3665699925781618,37,31.7,38.6,9.5,11.0,7.8,8.6,24.7,13.7,40.1,38.5,3.9
51187020400,VA,Warren,4834,1.3646045465228371,38,30.6,37.7,9.0,11.5,7.7,8.9,25.3,13.6,38.3,38.7,4.1
51177020406,VA,Spotsylvania,3817,1.3494484542548537,39,29.6,39.0,8.2,11.6,7.1,8.6,25.8,13.9,39.5,42.4,3.8
51177020108,VA,Spotsylvania,4225,1.3481027207265528,40,29.2,40.3,7.9,11.3,7.5,8.3,23.4,15.5,38.8,42.8,4.3
11001009803,DC,District of Columbia,2968,1.3302611478526465,41,24.9,43.9,4.8,13.4,6.6,8.9,21.6,15.8,36.6,37.0,5.9
24017850400,MD,Charles,3559,1.319287861324408,42,31.1,44.9,8.7,10.7,7.2,8.1,19.7,15.4,41.1,41.8,4.3
51187020700,VA,Warren,3536,1.311161420815039,43,32.0,38.2,10.2,10.9,7.8,8.2,24.2,13.1,40.6,36.8,3.8
24021753002,MD,Frederick,2746,1.2974092449604662,44,30.9,38.3,9.6,10.7,7.5,8.6,24.4,12.7,41.6,38.0,3.9
51187020500,VA,Warren,4178,1.2936622522293555,45,29.6,37.7,7.8,11.7,7.3,8.7,25.3,14.0,37.9,40.3,4.0
24031700723,MD,Montgomery,3756,1.2920250485839757,46,32.5,44.0,14.0,8.7,10.1,6.7,14.5,14.1,47.6,24.2,5.1
24033801214,MD,Prince George's,4234,1.286469774171554,47,30.1,45.7,6.8,12.2,7.0,7.2,14.9,18.2,39.3,44.5,5.0
51179010504,VA,Stafford,1935,1.2828444526475398,48,31.1,37.3,9.4,11.2,7.4,8.1,24.9,13.3,41.2,36.8,3.8
51630000202,VA,Fredericksburg,1521,1.2801213086129606,49,30.3,37.6,8.9,11.3,7.2,8.1,24.8,13.5,39.6,41.1,3.9
51187020602,VA,Warren,2665,1.2744691189401633,50,29.9,36.8,8.3,11.4,7.3,8.9,25.8,13.3,38.8,39.1,3.8
11001007409,DC,District of Columbia,3835,1.2628027340663908,51,23.1,41.5,3.8,14.6,5.6,9.4,24.1,14.7,33.8,38.8,5.6
24033803403,MD,Prince George's,6119,1.2508984723598893,52,27.5,44.5,4.8,13.2,6.4,7.8,16.0,18.4,36.2,48.3,5.1
11001009603,DC,District of Columbia,3971,1.248220345984943,53,25.5,43.8,5.2,12.9,6.5,8.3,20.8,15.6,37.3,35.8,5.9
51153901012,VA,Prince William,3721,1.2427766811582592,54,32.4,43.0,11.6,10.0,8.1,6.6,19.2,14.4,43.9,32.8,4.2
24033802301,MD,Prince George's,3688,1.2266938820985434,55,29.0,46.3,5.9,12.5,6.7,7.0,14.6,18.5,38.0,46.1,5.0
11001007502,DC,District of Columbia,4687,1.2238111738739343,56,25.6,44.3,5.2,13.0,6.5,8.1,20.4,15.5,37.3,35.4,5.8
11001009907,DC,District of Columbia,2259,1.2061120879883918,57,24.7,43.1,4.7,13.7,6.0,8.5,21.4,14.9,36.2,36.2,5.7
24033801809,MD,Prince George's,4107,1.2031102025051588,58,28.6,46.6,5.7,12.5,6.7,6.9,14.5,18.5,37.4,46.7,5.0
24033802404,MD,Prince George's,4687,1.195871287913279,59,26.4,44.4,4.2,14.3,5.6,7.7,17.5,17.5,33.4,51.5,4.7
24017850801,MD,Charles,4548,1.1927077473641547,60,30.0,44.9,8.3,11.0,6.9,7.5,18.5,15.4,40.0,42.2,4.2
24033803100,MD,Prince George's,2688,1.1855341986058072,61,26.9,44.6,4.8,12.6,6.5,7.6,15.8,18.7,36.3,48.8,4.9
51047930204,VA,Culpeper,1520,1.1845005313551225,62,32.6,40.0,11.4,10.3,7.6,7.0,21.1,12.7,42.7,34.3,3.9
51043010101,VA,Clarke,4595,1.1779035536926539,63,31.2,38.2,10.0,10.5,7.4,7.6,23.8,13.1,41.2,33.9,3.9
24033801216,MD,Prince George's,3724,1.1759854752620413,64,29.0,45.8,6.2,12.3,6.7,7.0,14.5,18.0,38.6,44.7,4.8
24033803508,MD,Prince George's,3971,1.173462326362503,65,26.5,43.8,4.6,13.0,6.4,7.7,16.3,18.2,35.8,48.3,4.9
11001007709,DC,District of Columbia,2072,1.1571663489448867,66,25.9,44.2,5.5,12.8,6.3,7.6,20.0,15.1,38.1,34.6,5.7
24021767500,MD,Frederick,2792,1.1557723987303907,67,31.9,38.8,11.3,10.0,7.4,7.5,22.0,12.1,43.9,34.7,3.6
24009860901,MD,Calvert,4739,1.1440494614245098,68,35.0,43.2,13.5,9.9,7.6,6.4,17.2,12.3,42.8,33.0,3.9
24033802104,MD,Prince George's,2178,1.139915215921494,69,28.0,45.0,5.4,12.8,6.3,7.0,15.4,18.0,37.3,46.3,4.7
24021751301,MD,Frederick,4752,1.135278880950862,70,33.1,41.1,12.9,9.2,8.0,6.5,19.0,12.6,44.4,33.1,3.9
51177020106,VA,Spotsylvania,8064,1.1338776139312021,71,30.4,39.6,10.0,10.5,7.2,7.0,22.2,13.6,41.1,38.3,3.7
51061930101,VA,Fauquier,3182,1.1218186193555266,72,29.6,36.5,8.4,10.9,7.2,8.0,23.8,13.8,40.0,36.3,3.8
54037972503,WV,Jefferson,4049,1.120328927628556,73,30.7,38.2,7.3,12.3,5.9,7.1,28.4,12.7,38.3,39.0,3.0
24017850300,MD,Charles,1956,1.1187505767388477,74,29.9,44.0,8.5,10.6,6.9,7.3,18.9,14.8,40.3,40.6,4.1
51177020404,VA,Spotsylvania,3677,1.1123846746910355,75,29.5,38.6,9.2,10.8,6.9,7.3,23.9,13.0,40.0,39.6,3.6
24033801709,MD,Prince George's,5577,1.1072777114286443,76,26.4,43.7,4.6,12.9,6.1,7.5,16.2,18.0,35.7,48.6,4.7
51177020109,VA,Spotsylvania,3656,1.103117448824448,77,30.5,39.6,10.3,10.4,7.3,6.9,21.3,13.4,40.2,37.8,3.9
11001007808,DC,District of Columbia,3792,1.100410782267023,78,24.2,42.5,5.0,13.0,6.3,8.0,20.8,14.8,35.9,35.0,5.7
24017851200,MD,Charles,4675,1.0985527003578446,79,30.1,41.7,9.4,10.3,6.9,7.7,20.6,13.4,40.6,39.3,3.8
24033802203,MD,Prince George's,4691,1.0980006988903488,80,28.1,45.3,5.7,12.5,6.4,6.7,14.6,17.7,37.3,46.0,4.8
24033801217,MD,Prince George's,3927,1.0972457995231932,81,28.9,45.7,6.3,12.2,6.5,6.6,14.2,17.6,38.7,43.9,4.7
51061930205,VA,Fauquier,1847,1.0963465968099955,82,32.0,38.1,10.5,10.3,7.3,7.0,22.3,13.0,42.4,33.4,3.6
24017851401,MD,Charles,3218,1.0948210955146893,83,29.4,44.2,7.9,11.0,6.4,7.1,19.3,15.1,39.7,43.0,3.9
24033803602,MD,Prince George's,2220,1.0925306616954218,84,27.5,44.2,5.2,12.8,6.3,6.9,15.3,17.6,35.9,47.0,4.9
24033800707,MD,Prince George's,3617,1.0895704004573405,85,30.0,45.8,6.9,12.1,6.4,6.2,14.3,17.2,39.3,43.2,4.6
24017851301,MD,Charles,4900,1.0884584621636153,86,29.5,40.1,8.8,10.8,6.6,8.1,22.1,12.9,40.0,39.7,3.6
24033802901,MD,Prince George's,4006,1.0793234952895872,87,27.1,44.1,5.2,12.4,6.4,7.0,15.2,17.9,36.4,46.7,4.9
11001009811,DC,District of Columbia,4438,1.0726210956258309,88,22.6,40.7,4.0,14.2,5.5,8.5,23.4,13.9,33.4,37.7,5.3
51153901208,VA,Prince William,3116,1.0656229862269426,89,30.8,40.5,11.1,9.6,8.0,6.7,19.2,13.6,42.2,32.6,4.1
11001007703,DC,District of Columbia,5227,1.0653068846667948,90,24.7,42.7,5.0,13.1,5.9,7.7,20.8,14.6,36.5,35.1,5.5
24017850901,MD,Charles,5761,1.0599563638203318,91,27.1,44.0,5.9,12.0,5.9,7.5,19.3,15.7,36.0,46.9,4.2
51061930204,VA,Fauquier,3468,1.059060694502721,92,31.9,37.2,10.6,10.4,7.1,6.9,22.6,12.6,42.6,32.7,3.5
51187020102,VA,Warren,4010,1.0571440727430248,93,27.8,35.5,7.3,11.3,6.6,8.2,26.7,12.8,36.8,41.5,3.4
11001010900,DC,District of Columbia,3333,1.0493061113461049,94,21.2,40.1,3.4,14.0,5.6,9.0,23.8,14.2,32.5,38.4,5.3
54037972602,WV,Jefferson,4633,1.045851810839251,95,32.5,38.6,9.2,11.5,6.0,6.1,27.1,11.9,40.3,36.2,2.8
54037972501,WV,Jefferson,5313,1.027491967869282,96,31.9,38.6,8.6,11.6,5.9,6.2,27.2,12.0,39.2,37.4,2.9
11001009700,DC,District of Columbia,3188,1.0229642357280613,97,24.4,42.6,5.1,12.9,6.1,7.5,20.4,14.5,36.2,34.6,5.5
51059420501,VA,Fairfax,980,1.0168841293827369,98,33.3,39.5,14.1,9.4,8.2,5.8,17.7,12.9,45.2,23.7,3.8
24033804900,MD,Prince George's,3983,1.0166274357632432,99,27.2,42.8,5.8,11.8,6.8,6.9,14.9,17.4,37.3,44.1,4.8
24021751302,MD,Frederick,3166,1.014945607199312,100,30.8,38.0,10.8,9.9,7.1,7.0,21.8,11.8,43.1,34.8,3.5
24021751203,MD,Frederick,2424,1.0128206978373535,101,32.5,39.7,12.9,9.2,7.6,6.2,19.2,11.8,44.2,32.1,3.7
51177020403,VA,Spotsylvania,4091,1.0059077670604777,102,27.9,37.0,7.9,11.2,6.3,7.3,25.3,12.7,38.3,41.2,3.4
24033801600,MD,Prince George's,3054,1.0055063704236396,103,25.0,42.2,4.2,13.4,5.9,7.3,17.1,16.7,33.2,49.8,4.6
11001007707,DC,District of Columbia,3927,1.0050196879964206,104,24.6,42.6,5.4,12.7,6.2,7.5,19.7,14.2,36.7,33.4,5.6
24033802501,MD,Prince George's,3231,1.0046963188956204,105,26.6,44.5,4.7,13.3,5.7,6.6,15.6,17.2,35.1,48.4,4.5
24031701425,MD,Montgomery,3717,1.0024950733230673,106,30.8,44.0,12.7,9.4,8.6,5.6,13.6,13.3,45.9,25.4,4.7
51179010304,VA,Stafford,6868,0.9956137057164812,107,28.7,36.8,8.5,11.0,7.0,7.0,23.2,13.2,38.4,37.1,3.8
24033802407,MD,Prince George's,3611,0.9939255043550556,108,26.8,44.4,4.8,13.4,5.5,6.6,15.8,16.9,35.2,48.3,4.4
51059482206,VA,Fairfax,1154,0.99370737307145,109,31.3,40.0,11.2,9.2,8.3,6.0,17.9,15.4,45.8,23.8,4.0
24033800900,MD,Prince George's,1626,0.98761008973282,110,29.7,41.4,8.5,11.5,6.6,6.7,16.6,14.5,39.9,39.7,4.0
51061930203,VA,Fauquier,2703,0.9864658971949413,111,31.7,37.6,10.9,10.0,7.2,6.6,21.2,12.6,42.9,31.8,3.5
51047930103,VA,Culpeper,5342,0.9813658614751123,112,30.1,37.2,9.8,10.6,6.7,6.8,23.4,11.9,41.2,36.3,3.3
51043010200,VA,Clarke,3118,0.9785340537127507,113,30.5,37.0,10.4,10.3,6.9,6.7,23.2,12.2,41.6,32.5,3.5
51510201802,VA,Alexandria,2084,0.9753479707378422,114,30.9,38.5,10.3,10.3,6.9,6.1,21.7,13.1,43.0,33.2,3.4
11001007504,DC,District of Columbia,2730,0.9745530846204153,115,22.9,41.5,4.4,13.2,5.7,7.8,21.8,14.2,35.0,36.6,5.2
11001007601,DC,District of Columbia,4693,0.9710677107298745,116,24.2,41.9,5.3,12.7,6.0,7.5,20.6,14.1,36.6,33.8,5.3
24033802804,MD,Prince George's,5689,0.967528345435397,117,27.5,44.3,5.4,13.1,5.8,6.2,14.9,16.6,35.8,45.8,4.6
24033802700,MD,Prince George's,2675,0.9651710978126673,118,26.3,43.3,5.0,12.4,6.1,6.8,15.0,17.3,36.3,46.0,4.7
24033801210,MD,Prince George's,4253,0.9648457598224252,119,28.5,45.4,6.2,11.9,6.2,6.0,13.7,17.4,38.6,43.7,4.5
24033801702,MD,Prince George's,3984,0.9631937408969928,120,25.4,42.5,4.3,13.8,5.3,7.0,17.2,16.4,33.5,49.5,4.3
24033803002,MD,Prince George's,2791,0.9631393588260493,121,26.9,44.1,5.1,13.1,5.7,6.4,15.1,16.8,35.6,46.4,4.6
24033801213,MD,Prince George's,3888,0.955536132353576,122,28.0,44.3,6.0,11.9,6.2,6.2,14.1,17.4,38.4,43.9,4.5
24017850711,MD,Charles,5739,0.9541979261850393,123,27.4,45.6,6.0,11.6,5.7,6.5,17.6,16.3,36.5,46.4,4.1
51177020407,VA,Spotsylvania,5768,0.9511111149819353,124,29.3,38.4,9.8,10.5,6.6,6.4,22.3,12.7,40.6,37.6,3.4
51061930305,VA,Fauquier,4677,0.9486338522828461,125,30.1,36.6,9.4,10.5,6.9,6.9,22.7,12.7,40.0,33.9,3.6
24033801207,MD,Prince George's,4722,0.9470357033035132,126,28.2,44.6,6.2,11.9,6.1,6.0,14.2,17.2,38.6,44.1,4.4
11001002001,DC,District of Columbia,2926,0.9427539398636786,127,23.6,37.5,6.0,11.1,6.9,8.4,21.5,14.0,39.4,30.7,5.1
24021751600,MD,Frederick,3023,0.939464230983074,128,29.9,37.3,10.0,9.9,6.8,7.0,22.7,11.6,41.8,35.8,3.4
51047930101,VA,Culpeper,4385,0.9375260728337829,129,28.7,36.7,8.5,10.9,6.5,7.1,23.4,12.3,39.9,37.5,3.4
11001009804,DC,District of Columbia,2517,0.9356676305620225,130,23.8,42.0,4.8,12.8,5.8,7.4,20.6,14.2,35.6,35.2,5.3
24017850500,MD,Charles,2775,0.935523117724994,131,29.6,40.9,9.5,10.3,6.4,7.0,20.1,12.7,40.5,38.3,3.5
24033803525,MD,Prince George's,2354,0.9350215489993019,132,25.3,43.2,4.2,13.8,5.2,6.7,16.8,16.5,33.2,50.0,4.3
11001009810,DC,District of Columbia,2461,0.9346294928892092,133,22.6,41.3,4.0,13.5,5.3,7.7,22.2,14.1,34.0,37.6,5.1
24033802408,MD,Prince George's,2320,0.929641347197179,134,27.0,44.0,5.1,12.9,5.6,6.2,15.2,16.9,36.1,46.5,4.4
24021750702,MD,Frederick,3822,0.9288015085781219,135,27.6,37.4,7.7,10.8,6.4,7.5,22.0,13.2,39.3,39.3,3.7
51061930704,VA,Fauquier,3920,0.9280236968325113,136,29.9,36.2,9.3,10.4,6.8,6.9,22.8,12.6,40.7,34.0,3.5
51187020601,VA,Warren,6094,0.9146433060295999,137,27.9,34.4,8.3,11.1,6.7,7.4,25.4,12.0,37.0,36.7,3.4
51043010102,VA,Clarke,4170,0.914281519302508,138,30.2,36.1,10.6,10.2,6.8,6.6,23.6,11.6,41.5,31.7,3.3
24033800800,MD,Prince George's,3446,0.9091302560839989,139,30.1,40.8,9.4,11.1,6.6,6.2,16.1,13.9,41.0,37.6,3.8
24021751701,MD,Frederick,2463,0.9001346429979737,140,29.7,36.8,10.1,10.1,6.6,6.8,22.6,11.4,41.7,35.5,3.3
24021752801,MD,Frederick,2192,0.8954313121736707,141,30.7,37.3,10.8,9.9,6.5,6.5,22.0,11.3,42.9,34.6,3.2
51061930303,VA,Fauquier,3797,0.8952056093290973,142,30.6,36.2,10.1,10.3,6.8,6.5,22.2,12.1,41.0,32.4,3.5
11001009802,DC,District of Columbia,2064,0.8947713559098104,143,21.1,39.7,3.6,14.1,5.1,8.0,23.7,13.3,31.9,38.7,4.9
11001007304,DC,District of Columbia,4410,0.8850761101636401,144,23.1,41.1,4.8,12.9,5.8,7.3,20.9,13.7,34.8,34.6,5.3
51107610900,VA,Loudoun,2404,0.8834047041233188,145,31.1,38.6,10.8,10.1,6.9,6.1,20.6,12.0,41.9,31.9,3.4
24021753001,MD,Frederick,4527,0.8819949113277896,146,29.4,36.3,10.0,10.1,6.6,6.8,23.1,11.2,41.1,35.5,3.3
11001007605,DC,District of Columbia,3663,0.8761877486714905,147,24.5,42.9,5.3,12.4,5.7,6.8,19.5,14.2,36.7,34.1,5.2
51153901511,VA,Prince William,4691,0.8761265147432521,148,32.1,40.3,13.5,9.0,7.2,5.3,18.3,11.9,45.4,28.5,3.4
24033801801,MD,Prince George's,2000,0.8736978210983561,149,25.1,41.9,4.4,13.5,5.3,6.6,16.8,16.0,33.4,48.6,4.3
24033800521,MD,Prince George's,7885,0.8726550763024851,150,29.8,46.5,7.3,11.9,5.9,4.9,12.7,16.3,39.0,41.4,4.4
24009860702,MD,Calvert,3453,0.8721879837453815,151,28.7,39.3,7.8,11.6,5.9,7.1,20.6,12.6,36.8,40.0,3.6
11001007803,DC,District of Columbia,4590,0.8658027342866782,152,23.2,40.9,4.8,12.8,5.7,7.3,20.8,13.8,35.7,34.3,5.1
51061930206,VA,Fauquier,2220,0.8513426422966411,153,30.3,35.3,10.1,10.4,6.6,6.5,22.7,11.7,41.3,32.2,3.2
54037972201,WV,Jefferson,5169,0.8476076652046131,154,29.8,35.8,8.6,11.9,5.8,5.9,27.9,11.0,37.4,33.7,2.7
11001009204,DC,District of Columbia,2889,0.8465529933259471,155,22.8,38.6,5.1,11.7,6.3,7.5,21.8,13.9,36.2,33.1,5.2
51047930300,VA,Culpeper,7819,0.84163192640718,156,25.9,36.4,6.3,11.3,6.0,7.2,23.0,13.6,37.1,41.4,3.6
24021752501,MD,Frederick,5170,0.8412306251200138,157,29.4,36.9,10.0,9.8,6.5,6.6,22.1,11.6,41.9,35.7,3.2
51061930404,VA,Fauquier,2758,0.8392509176585897,158,29.5,35.6,9.4,10.3,6.7,6.5,22.6,12.2,40.3,33.4,3.4
24033801808,MD,Prince George's,3761,0.838124989998206,159,25.7,42.9,4.8,13.1,5.5,6.1,15.6,16.2,34.3,47.1,4.3
24033801901,MD,Prince George's,5125,0.8376566357625935,160,27.9,43.7,6.5,11.8,6.0,5.7,13.9,16.3,38.2,42.3,4.3
24021752900,MD,Frederick,3094,0.836799362168983,161,29.1,36.3,9.9,9.9,6.6,6.7,22.6,11.1,41.3,35.3,3.3
11001007604,DC,District of Columbia,3803,0.8349448542102703,162,25.3,42.8,6.1,12.0,5.9,6.3,18.9,13.8,38.0,31.9,5.1
24033802204,MD,Prince George's,6185,0.8349188763713823,163,27.2,44.0,5.6,12.6,5.6,5.8,14.1,16.2,36.4,44.3,4.4
51061930703,VA,Fauquier,2541,0.8339059262216387,164,29.4,34.8,9.1,10.6,6.3,6.9,23.5,11.6,40.2,33.5,3.3
51047930501,VA,Culpeper,5742,0.8296080122324848,165,27.7,38.1,8.2,10.2,6.6,6.8,21.4,12.6,39.4,38.7,3.5
24033801212,MD,Prince George's,3337,0.8225861379597532,166,27.7,43.6,6.2,11.9,5.9,5.8,13.9,16.2,38.0,42.4,4.3
24021767600,MD,Frederick,3170,0.8219208460704187,167,29.4,36.4,10.3,9.9,6.5,6.4,22.3,11.1,41.8,34.9,3.2
24017850712,MD,Charles,6117,0.8199108378039628,168,27.0,43.3,6.5,11.3,5.5,6.4,18.4,14.7,37.2,43.9,3.7
11001007807,DC,District of Columbia,2114,0.8192502557768209,169,23.2,41.4,4.8,12.5,5.6,7.1,20.2,13.9,35.5,34.7,5.1
24033801307,MD,Prince George's,3755,0.819104338780679,170,29.5,45.3,7.8,10.8,6.4,5.0,12.3,16.6,41.0,38.4,4.3
24009860703,MD,Calvert,4042,0.8107037282358263,171,28.7,39.0,8.0,11.3,5.8,6.8,20.3,12.4,37.3,39.5,3.5
24033802803,MD,Prince George's,5939,0.8002421798641969,172,25.5,42.4,4.7,13.1,5.3,6.2,15.5,15.9,34.5,46.3,4.3
11001002302,DC,District of Columbia,1762,0.7995548826891727,173,26.4,41.2,12.2,9.1,9.4,5.6,16.1,10.7,41.1,21.7,5.1
24033802805,MD,Prince George's,5264,0.7969373304610194,174,26.2,42.7,5.2,12.5,5.7,6.0,14.7,16.1,35.4,44.8,4.4
11001010400,DC,District of Columbia,4616,0.7939862439029676,175,23.1,42.9,5.0,12.0,5.9,6.7,19.2,14.2,36.3,35.0,5.0
51061930102,VA,Fauquier,2744,0.7939648096625308,176,30.2,35.4,10.3,10.0,6.7,6.2,21.8,11.8,41.6,31.6,3.2
24017851100,MD,Charles,2849,0.790814332037997,177,28.6,40.0,9.3,10.0,6.2,6.4,20.0,12.4,40.0,38.3,3.3
51061930207,VA,Fauquier,1734,0.7832215285939225,178,28.7,34.7,8.7,10.7,6.2,6.5,23.6,11.9,39.5,34.4,3.2
51177020202,VA,Spotsylvania,5418,0.7804517339873942,179,26.3,36.6,7.5,11.0,6.0,6.5,23.2,12.7,37.0,41.0,3.3
24017850202,MD,Charles,4647,0.77605936539142,180,26.5,41.4,6.7,11.2,5.6,6.7,19.5,13.5,36.5,43.2,3.6
24033801410,MD,Prince George's,3416,0.7756384663448437,181,27.6,43.3,6.5,10.9,6.3,5.6,13.3,17.0,39.7,39.6,4.3
24017851403,MD,Charles,1847,0.7755154271271956,182,28.7,42.1,8.7,10.3,6.0,5.9,18.2,13.3,39.9,38.9,3.5
51177020113,VA,Spotsylvania,4512,0.7727792909934361,183,26.9,36.3,7.9,11.1,5.7,6.2,23.9,12.3,37.7,40.6,3.1
51043010300,VA,Clarke,2900,0.7726225913967135,184,29.1,35.1,10.0,10.1,6.3,6.3,23.6,11.2,41.2,32.1,3.1
24021770700,MD,Frederick,3638,0.7717254259715733,185,30.0,36.7,11.1,9.7,6.3,5.9,21.3,10.9,42.8,33.7,3.1
51107611016,VA,Loudoun,4140,0.7711263462599525,186,32.4,39.8,13.1,9.0,7.1,5.1,17.2,12.0,44.9,26.6,3.3
24009860701,MD,Calvert,2877,0.768145306001334,187,29.4,38.5,9.4,10.6,6.2,6.6,19.8,11.6,38.2,36.6,3.4
51059422000,VA,Fairfax,3979,0.7679817477011714,188,29.1,38.1,10.7,9.6,8.0,5.9,17.0,13.4,41.1,25.4,4.1
24033801209,MD,Prince George's,4523,0.7677664024585439,189,26.6,43.1,5.4,12.7,5.3,5.6,14.7,16.0,36.3,44.6,4.1
24033802502,MD,Prince George's,2318,0.7649489670186,190,26.2,42.8,5.3,12.6,5.5,5.8,14.5,15.8,35.7,44.6,4.3
51059452000,VA,Fairfax,3061,0.7613706959927419,191,27.8,38.2,8.2,9.1,7.8,6.4,17.1,16.2,43.8,24.7,4.1
24021751002,MD,Frederick,5297,0.7613412021242971,192,27.5,37.1,8.3,10.0,6.3,6.5,21.6,12.7,39.4,38.3,3.4
51177020304,VA,Spotsylvania,4351,0.7556352277810524,193,27.7,36.6,8.7,10.7,5.9,6.1,22.5,12.2,38.5,38.6,3.2
11001006804,DC,District of Columbia,2429,0.7546094926787364,194,16.3,41.9,2.2,11.2,5.8,10.5,21.7,13.9,30.6,42.8,5.0
24033801704,MD,Prince George's,5506,0.7514046093044265,195,24.5,42.0,4.3,13.2,5.1,6.1,16.0,15.9,33.6,48.1,4.1
24017850102,MD,Charles,2374,0.7453927558724662,196,27.6,42.3,7.6,10.4,5.9,6.1,17.6,14.1,38.6,40.3,3.7
24033804101,MD,Prince George's,3282,0.7433071473186758,197,25.3,40.7,5.2,12.0,5.6,6.3,16.3,15.7,35.9,45.3,4.0
24017851004,MD,Charles,5953,0.7401954508446343,198,27.2,40.1,7.8,10.9,5.7,6.5,19.5,12.8,37.2,39.9,3.6
11001009604,DC,District of Columbia,1996,0.7401688688934936,199,24.9,41.4,6.1,12.0,5.6,6.2,19.1,13.1,37.7,31.4,4.9
24021765100,MD,Frederick,4288,0.7381105712897963,200,27.0,36.9,7.9,10.0,6.3,6.6,21.0,12.8,39.5,38.4,3.5
24033801500,MD,Prince George's,2680,0.7368833522917931,201,26.0,41.0,5.5,11.8,5.9,6.0,14.5,16.2,37.3,42.9,4.2
11001011100,DC,District of Columbia,5903,0.7355604059007558,202,23.9,40.4,5.9,11.7,5.9,6.6,19.7,13.2,37.1,31.0,5.0
24033803520,MD,Prince George's,4351,0.7346350315107631,203,28.5,44.9,7.1,11.4,5.9,4.8,12.7,15.9,38.9,40.3,4.2
24033800609,MD,Prince George's,3655,0.7304676927416781,204,26.7,42.4,5.9,12.4,5.5,5.6,14.5,15.4,36.5,42.9,4.1
24033801807,MD,Prince George's,4557,0.7296121154440811,205,26.0,43.5,5.2,12.5,5.4,5.6,14.4,15.9,35.1,45.3,4.2
24033801707,MD,Prince George's,6882,0.7276876911744641,206,23.2,39.1,4.0,12.6,5.6,6.9,16.5,16.0,33.8,46.8,4.2
11001009807,DC,District of Columbia,3523,0.7264780156530022,207,23.3,41.3,5.1,12.3,5.6,6.5,19.6,13.3,35.8,33.2,5.0
24009860600,MD,Calvert,7126,0.7254906002390479,208,29.5,38.0,9.5,10.6,5.9,6.3,20.0,11.4,39.1,36.2,3.2
24021752502,MD,Frederick,2362,0.7240126287235308,209,29.7,36.7,10.9,9.6,6.2,5.7,21.0,11.0,43.0,33.8,3.0
24017851001,MD,Charles,3507,0.7239549279961419,210,28.8,40.8,9.6,9.8,6.2,6.0,18.2,12.4,39.9,36.7,3.5
24021752602,MD,Frederick,2729,0.722502836294944,211,29.8,36.8,11.2,9.3,6.5,5.8,20.4,11.0,42.9,33.1,3.1
11001007708,DC,District of Columbia,2574,0.721735967865466,212,23.2,40.2,4.9,13.2,5.1,6.4,20.7,13.0,35.2,33.8,4.7
24033803527,MD,Prince George's,3043,0.7182829403874933,213,27.1,43.5,5.7,12.7,5.1,5.2,14.2,15.6,36.4,44.1,4.0
11001009905,DC,District of Columbia,2790,0.7165933397990952,214,23.0,40.5,4.9,12.7,5.2,6.5,20.6,13.2,35.1,34.5,4.8
51061930304,VA,Fauquier,2564,0.7146822723584145,215,31.1,35.6,12.1,9.6,6.7,5.3,20.6,10.9,42.6,28.7,3.1
24033801305,MD,Prince George's,6143,0.7139902333019885,216,26.8,42.6,6.0,11.6,5.7,5.5,13.9,16.3,37.9,42.1,4.1
24033800706,MD,Prince George's,4011,0.7115007424738469,217,26.5,43.1,5.7,12.4,5.3,5.4,14.2,15.7,36.9,43.6,4.0
24021752201,MD,Frederick,2399,0.7071372826199502,218,29.2,36.9,10.3,9.5,6.3,5.9,20.4,11.4,42.6,33.5,3.2
51510200304,VA,Alexandria,2825,0.7068877862946795,219,25.8,37.2,6.2,11.0,6.1,6.1,21.4,14.4,37.2,36.3,3.8
51177020312,VA,Spotsylvania,6724,0.7061227160979069,220,27.5,38.9,8.5,10.4,6.0,5.5,20.0,13.3,39.1,38.7,3.3
51187020200,VA,Warren,3865,0.7059330115406396,221,28.1,34.8,9.2,10.3,6.3,6.4,22.9,11.3,38.2,35.6,3.1
24021775400,MD,Frederick,3929,0.7024769021941728,222,27.1,34.9,8.4,10.4,5.9,6.7,23.4,11.0,39.1,37.3,3.1
51179010503,VA,Stafford,2618,0.700727826828563,223,28.2,33.6,9.1,10.4,6.1,6.2,24.0,11.0,39.5,33.9,3.1
24021773500,MD,Frederick,4236,0.700579966280542,224,27.4,35.6,8.6,10.3,6.0,6.3,22.4,11.5,39.5,37.1,3.2
11001009902,DC,District of Columbia,2774,0.6940731841584002,225,25.1,42.5,6.3,11.9,5.7,5.6,18.1,13.1,37.5,31.1,4.9
51510200106,VA,Alexandria,3392,0.6928950375169062,226,28.2,36.2,10.2,9.7,7.4,6.0,19.0,12.0,39.6,29.5,3.8
24033803606,MD,Prince George's,6167,0.6887954674215079,227,24.7,38.9,5.4,11.2,6.2,6.6,15.2,16.1,37.0,42.4,4.1
51153900504,VA,Prince William,5065,0.6874057391797957,228,22.4,35.7,4.7,10.3,6.4,7.2,21.2,15.8,36.7,41.5,3.8
51177020315,VA,Spotsylvania,593,0.6872596572272855,229,26.7,36.4,8.6,10.4,6.1,5.7,22.6,12.1,38.3,38.6,3.1
51153901601,VA,Prince William,4130,0.6872280612270808,230,24.1,35.5,6.2,9.8,6.7,7.1,20.9,14.6,38.2,38.4,3.7
51177020204,VA,Spotsylvania,4572,0.6848020433467608,231,26.5,36.2,8.1,10.7,5.8,6.0,22.5,12.2,37.6,39.2,3.2
24021751702,MD,Frederick,3782,0.6828084500356791,232,28.6,35.5,10.1,9.8,6.2,6.1,21.9,10.6,41.3,34.2,3.0
24033803601,MD,Prince George's,3663,0.6809059697912239,233,26.5,42.9,5.7,11.9,5.6,5.4,13.5,15.9,37.0,42.2,4.2
24033802600,MD,Prince George's,3318,0.6807916454150952,234,25.0,42.1,4.6,12.3,5.3,5.8,14.9,15.9,34.6,46.5,4.2
24033801406,MD,Prince George's,3216,0.6765305571210423,235,25.9,41.5,5.4,12.6,5.2,5.7,14.9,15.2,35.7,43.6,4.0
11001009601,DC,District of Columbia,2086,0.6742694798091965,236,22.8,39.8,4.9,12.8,5.1,6.6,20.6,12.8,35.1,33.2,4.7
24033801004,MD,Prince George's,5725,0.6700974039992231,237,26.4,42.1,5.9,12.2,5.3,5.4,14.9,15.2,36.6,43.5,3.8
51061930706,VA,Fauquier,6071,0.6697754587273732,238,25.0,32.7,6.0,11.2,5.7,7.3,24.8,12.4,36.1,38.2,3.2
11001007407,DC,District of Columbia,3491,0.6666070069714931,239,21.1,39.3,4.0,13.0,5.0,7.0,22.0,12.9,33.1,36.2,4.6
51047930104,VA,Culpeper,3207,0.6663978362680079,240,28.0,35.7,9.1,10.4,5.9,5.8,22.1,11.2,39.8,35.7,3.1
11001008903,DC,District of Columbia,3062,0.6641433917655991,241,20.9,37.3,4.2,12.7,5.1,7.2,23.6,12.5,33.4,34.7,4.6
24033800607,MD,Prince George's,6200,0.6638125627746665,242,27.1,43.4,6.1,12.2,5.2,5.0,13.7,15.5,37.3,42.6,3.9
11001007809,DC,District of Columbia,3155,0.6612681712863153,243,22.3,39.8,4.6,12.6,5.2,6.7,20.4,12.9,34.9,33.8,4.8
24033801211,MD,Prince George's,3253,0.6588913670952476,244,26.4,41.8,5.9,11.9,5.5,5.5,14.2,15.4,37.3,41.7,4.0
24033802405,MD,Prince George's,3916,0.6562769250966141,245,25.7,42.5,5.1,12.6,5.1,5.4,14.6,15.3,34.9,45.0,4.1
24009861100,MD,Calvert,5914,0.6545799474073543,246,28.7,36.8,9.2,10.8,5.7,6.2,20.7,10.8,38.0,36.3,3.1
24009860502,MD,Calvert,2843,0.6533735173417513,247,29.4,36.9,9.8,10.7,5.6,6.0,20.5,10.7,38.9,35.3,3.0
51047930502,VA,Culpeper,6267,0.6522145213567888,248,26.1,35.2,7.6,10.8,5.9,6.3,22.4,12.0,37.0,38.1,3.3
24033803526,MD,Prince George's,3496,0.6517826561828913,249,26.9,43.1,5.7,12.7,4.9,4.9,14.2,15.2,36.2,43.8,3.9
51179010502,VA,Stafford,4226,0.640930094234374,250,28.2,33.8,9.4,10.2,6.0,5.8,23.3,11.0,39.6,33.7,3.0
51013102100,VA,Arlington,2325,0.639026920747956,251,29.2,37.3,9.5,8.7,7.1,5.6,18.6,13.8,44.0,24.9,3.6
24017850902,MD,Charles,5433,0.6338220369957821,252,26.2,41.1,7.0,10.7,5.5,6.0,18.0,13.4,36.8,41.4,3.6
24033802406,MD,Prince George's,2450,0.6326525287815337,253,24.4,41.1,4.7,12.4,5.3,5.8,15.2,15.5,34.3,45.8,4.0
24009860801,MD,Calvert,7092,0.6324237214290906,254,28.4,37.2,8.8,10.9,5.6,6.1,20.2,11.1,38.0,36.6,3.1
24009860300,MD,Calvert,4291,0.6321711884762818,255,28.8,38.0,9.0,10.7,5.6,6.0,19.5,11.3,38.5,36.6,3.1
24009861003,MD,Calvert,6517,0.6264120577826036,256,27.8,36.5,8.4,11.1,5.5,6.3,21.0,11.0,36.8,37.6,3.1
24033803528,MD,Prince George's,7396,0.6248849846370519,257,27.2,43.7,6.1,12.1,5.2,4.7,13.3,15.4,37.3,42.1,3.9
24033804001,MD,Prince George's,5339,0.6248526743154673,258,23.7,40.1,4.2,12.4,5.1,6.1,15.9,15.7,33.8,47.1,4.0
11001009000,DC,District of Columbia,4676,0.6245444497609808,259,25.2,41.6,6.7,11.4,5.6,5.6,17.7,12.8,38.6,29.1,4.8
24033804600,MD,Prince George's,3576,0.6236961359376441,260,23.3,36.3,4.9,11.5,5.9,6.9,17.1,15.1,35.7,43.2,3.9
11001009904,DC,District of Columbia,2886,0.6195151869297839,261,21.0,38.9,4.0,13.0,4.9,6.7,21.8,12.9,33.2,35.9,4.5
24031705602,MD,Montgomery,4965,0.6178355427216039,262,28.8,36.9,13.2,8.9,7.3,5.0,17.0,10.6,46.1,22.2,3.5
51630000302,VA,Fredericksburg,4471,0.6134069530044381,263,25.0,33.2,7.1,11.1,5.7,6.0,24.5,11.5,35.6,40.8,3.1
24009860902,MD,Calvert,2992,0.6103368679540805,264,27.0,37.6,7.4,11.4,5.3,6.2,20.5,11.6,35.8,39.7,3.2
51630000400,VA,Fredericksburg,3528,0.6076614148203537,265,24.8,34.9,6.4,11.2,5.6,6.0,22.6,12.5,35.7,40.6,3.4
51177020105,VA,Spotsylvania,2434,0.6057727931503443,266,27.1,34.7,9.0,10.5,5.5,5.5,23.5,11.0,38.9,37.1,2.8
24033801309,MD,Prince George's,3605,0.5946034369146627,267,28.0,42.3,7.9,10.9,5.8,4.6,13.4,14.6,39.5,38.5,3.7
24033806712,MD,Prince George's,3300,0.5936198335078262,268,24.7,39.6,4.9,12.7,4.8,5.8,16.4,14.8,34.6,44.5,3.7
24033805202,MD,Prince George's,3865,0.5901126223594508,269,23.0,39.5,4.2,11.8,5.4,6.2,15.5,16.0,34.0,46.6,4.1
24033803608,MD,Prince George's,6581,0.5851957769176095,270,24.5,39.1,5.1,11.4,5.7,5.9,14.8,15.8,36.3,43.1,4.0
24033801409,MD,Prince George's,2719,0.58407600323207,271,26.3,41.3,6.0,11.1,5.7,5.3,13.3,15.7,38.0,40.1,4.1
51177020110,VA,Spotsylvania,3881,0.583874658787103,272,24.6,34.7,6.6,10.8,5.5,6.2,23.3,12.3,36.0,41.1,3.1
24017850600,MD,Charles,4546,0.5827191644660545,273,27.1,40.7,8.3,10.2,5.5,5.5,18.0,12.6,38.7,38.7,3.3
51059452802,VA,Fairfax,3030,0.5822605535889941,274,27.5,36.1,9.2,10.3,6.5,5.4,19.0,12.9,40.7,26.7,3.5
51107610800,VA,Loudoun,6657,0.5819215999833875,275,28.7,35.6,10.2,10.0,6.0,5.5,21.3,10.6,40.7,31.0,2.9
24021752302,MD,Frederick,4274,0.581332375136179,276,28.6,35.9,10.6,9.4,6.2,5.4,20.1,10.6,41.4,32.9,3.1
51061930705,VA,Fauquier,3988,0.5785018405431179,277,25.6,32.7,6.8,11.0,5.6,6.6,24.1,11.6,36.9,35.3,3.1
24017851402,MD,Charles,3445,0.575912266227284,278,27.3,38.7,8.7,10.2,5.4,5.8,19.6,11.6,38.9,37.6,3.1
24021750802,MD,Frederick,6055,0.5751346309151996,279,29.3,36.8,11.3,9.4,6.0,4.9,19.5,10.8,41.8,32.7,3.0
24033806708,MD,Prince George's,4248,0.573496262127371,280,27.0,36.8,8.1,11.3,5.6,5.8,17.2,12.5,38.0,37.9,3.3
24033802001,MD,Prince George's,5576,0.5734359460562525,281,23.6,40.3,4.2,13.2,4.8,5.7,16.0,14.7,32.8,46.7,3.8
24031703220,MD,Montgomery,5055,0.5702004710158118,282,25.1,38.5,7.6,10.1,6.4,5.6,16.4,13.7,42.9,29.4,4.0
24033807305,MD,Prince George's,4075,0.5699868326823281,283,22.7,36.0,4.6,11.1,6.1,6.8,16.1,15.9,36.5,41.9,3.9
24033801312,MD,Prince George's,3940,0.5696456860976921,284,26.5,41.4,6.4,11.3,5.6,5.1,13.5,15.2,38.1,39.6,3.9
51177020307,VA,Spotsylvania,3791,0.5689231914340287,285,24.1,34.9,6.2,11.1,5.3,6.1,23.0,12.6,35.9,41.5,3.1
51177020112,VA,Spotsylvania,2749,0.5610154993994543,286,24.6,34.9,6.8,11.0,5.3,5.9,23.5,11.9,35.9,41.0,3.0
24021751802,MD,Frederick,3823,0.5600834496829802,287,28.4,34.9,10.5,9.6,5.8,5.4,21.5,10.1,41.6,33.5,2.8
24033801302,MD,Prince George's,2852,0.5587677595468985,288,27.2,39.0,8.3,11.0,5.7,5.3,15.0,13.2,39.3,37.0,3.5
24033804002,MD,Prince George's,4532,0.5582997841051062,289,22.2,36.3,4.0,11.1,5.7,6.5,16.7,16.5,35.3,46.6,3.8
24031702101,MD,Montgomery,6021,0.5550845286885339,290,21.8,37.3,4.9,10.2,6.5,6.5,17.3,15.5,40.6,33.8,4.1
24017851302,MD,Charles,4407,0.5516850879786114,291,27.0,38.7,8.7,10.1,5.5,5.8,19.2,11.6,38.7,37.4,3.1
51059415401,VA,Fairfax,5352,0.5510238272203718,292,22.1,34.0,4.7,11.5,5.9,7.0,21.9,14.3,34.8,35.1,3.6
24033803200,MD,Prince George's,2860,0.5503801731523613,293,22.8,39.7,4.0,12.8,4.8,5.9,16.2,14.9,32.4,47.6,3.9
24033801802,MD,Prince George's,3896,0.5453731378829351,294,24.9,41.4,5.0,12.6,4.8,5.2,14.8,14.8,34.4,44.8,3.8
24033801208,MD,Prince George's,4433,0.5451241340136701,295,25.9,42.4,5.5,12.2,4.9,4.9,13.9,15.0,36.1,43.7,3.7
11001006400,DC,District of Columbia,2481,0.5429565122723198,296,21.0,35.7,4.6,12.4,4.9,6.9,23.8,11.7,33.8,32.3,4.3
24033802106,MD,Prince George's,4576,0.5379256215831674,297,22.9,39.7,3.9,13.6,4.5,5.7,16.5,14.3,31.9,47.5,3.7
51107611017,VA,Loudoun,3397,0.5343043699652721,298,29.2,37.5,10.5,9.2,6.4,5.1,17.7,12.1,42.8,27.3,3.2
11001007406,DC,District of Columbia,3528,0.5321716465831285,299,19.4,36.7,3.2,14.2,4.1,6.7,24.3,11.6,30.2,37.8,4.1
51061930707,VA,Fauquier,3584,0.5313203067411261,300,26.2,32.8,7.4,10.6,5.7,6.2,23.0,11.4,37.5,34.5,3.1
24033803610,MD,Prince George's,3527,0.5312257803564172,301,23.9,38.0,5.1,11.3,5.6,6.0,15.2,15.4,36.1,42.4,3.9
51179010107,VA,Stafford,3661,0.5297209473931109,302,26.1,33.0,7.4,10.6,5.4,5.8,23.9,11.4,37.7,36.8,2.9
11001009906,DC,District of Columbia,1773,0.5269363669142526,303,23.0,39.4,5.5,12.1,5.1,5.8,19.5,12.3,35.3,31.5,4.6
51630000201,VA,Fredericksburg,4690,0.5250572695154432,304,23.2,31.0,6.4,11.8,5.5,6.1,25.9,11.0,33.0,38.9,3.1
24031701800,MD,Montgomery,4869,0.5238166023384262,305,25.1,38.4,7.9,10.5,5.9,5.3,17.8,12.4,42.3,30.9,3.5
24031700727,MD,Montgomery,1793,0.5237230540102851,306,22.0,33.8,6.1,9.8,6.7,7.0,19.2,13.6,41.6,31.4,3.7
24033801313,MD,Prince George's,3229,0.5173383845528738,307,26.5,41.5,6.2,11.2,5.2,4.9,13.3,15.3,38.3,40.1,3.8
24033801701,MD,Prince George's,4441,0.5158355043273176,308,24.2,40.3,4.7,12.7,4.8,5.3,15.4,14.6,33.8,45.2,3.7
51059470600,VA,Fairfax,2849,0.5154003902420069,309,28.2,35.3,10.9,9.0,7.0,5.2,17.6,12.6,44.2,21.8,3.3
11001001803,DC,District of Columbia,4102,0.5144664790145972,310,21.5,37.4,4.7,11.2,5.4,6.5,20.3,13.2,36.1,33.3,4.5
51059415500,VA,Fairfax,6306,0.5130531182756343,311,27.4,35.1,9.5,10.1,6.3,5.3,19.6,12.0,40.4,26.7,3.3
24031706012,MD,Montgomery,3522,0.5112706399427664,312,25.4,36.5,9.1,9.3,6.8,5.4,17.4,12.6,44.6,25.7,3.6
51153901306,VA,Prince William,5777,0.5102981830003146,313,26.5,34.7,8.9,10.0,5.7,5.6,22.2,10.9,39.8,32.9,2.9
24017850906,MD,Charles,4750,0.5088642566894316,314,24.5,41.2,5.5,11.5,4.7,5.6,17.9,13.6,34.6,44.2,3.4
51107610400,VA,Loudoun,4695,0.5085184806065407,315,28.4,35.2,10.5,9.7,6.2,5.3,20.5,10.3,39.9,29.7,3.0
24033802107,MD,Prince George's,3976,0.5083841837162697,316,22.3,39.6,3.6,13.7,4.2,5.8,16.9,14.2,31.1,48.8,3.6
24033800218,MD,Prince George's,5612,0.5075445046239188,317,22.8,37.5,4.5,12.3,5.0,6.2,17.3,14.2,33.4,45.9,3.5
24033801411,MD,Prince George's,3359,0.5065750677133296,318,25.6,40.8,5.8,10.8,5.6,5.2,13.2,15.9,38.5,39.1,3.9
24021751906,MD,Frederick,2521,0.5057694201240405,319,27.9,34.7,10.2,9.5,5.8,5.4,20.9,10.2,40.8,33.2,2.9
11001009510,DC,District of Columbia,4525,0.5047130755285424,320,20.7,36.4,4.3,11.5,5.3,6.8,21.1,13.0,35.0,33.6,4.5
24033800402,MD,Prince George's,5205,0.5042079260845262,321,26.9,36.5,8.5,10.8,5.7,5.6,16.7,12.0,38.3,36.7,3.3
51179010305,VA,Stafford,6752,0.5014216468688081,322,25.7,33.5,7.4,10.8,5.5,5.6,22.7,11.6,37.0,35.7,3.1
51153901209,VA,Prince William,6645,0.49747855123482637,323,24.0,35.8,6.2,10.1,5.8,6.0,20.6,13.7,38.2,36.4,3.3
24033803900,MD,Prince George's,4654,0.4971432365012119,324,20.4,33.9,3.5,11.0,5.8,7.1,17.4,16.2,34.6,46.5,3.7
24033800705,MD,Prince George's,4236,0.4942415281488132,325,26.2,42.0,6.1,12.0,4.8,4.6,13.9,14.4,36.6,42.1,3.6
24033800504,MD,Prince George's,4720,0.4933751077606087,326,27.3,36.1,8.9,10.8,5.6,5.5,16.8,11.7,39.0,35.5,3.2
51179010307,VA,Stafford,8635,0.49181923394164156,327,27.2,34.3,8.8,10.4,5.5,5.0,21.7,11.4,38.9,34.1,2.9
51177020104,VA,Spotsylvania,4945,0.49093061474889144,328,25.8,34.6,8.0,10.6,5.3,5.3,22.8,11.2,37.4,37.7,2.8
51153900301,VA,Prince William,3301,0.4903083979681507,329,23.7,34.2,6.3,10.8,5.4,6.2,22.8,12.1,36.8,36.9,3.1
24033801005,MD,Prince George's,4217,0.48839823226208073,330,25.5,41.5,5.6,12.2,4.8,4.8,14.2,14.5,36.0,42.6,3.6
24009860103,MD,Calvert,6290,0.4876973941937617,331,28.6,36.6,10.1,10.1,5.6,5.4,18.9,10.3,39.1,33.8,2.9
51059416300,VA,Fairfax,2025,0.4862697294101334,332,27.6,33.6,10.4,9.9,6.3,5.4,20.4,10.9,41.3,25.3,3.0
24021750801,MD,Frederick,2883,0.48251963806390047,333,25.8,34.0,8.3,10.1,5.6,5.8,22.4,10.5,37.9,36.1,3.0
51179010301,VA,Stafford,4690,0.48190931040890983,334,26.5,32.8,8.0,10.4,5.4,5.5,23.6,10.9,38.3,34.9,2.8
24033801904,MD,Prince George's,3547,0.48183882393617394,335,24.3,39.4,5.1,12.3,5.0,5.3,15.1,14.3,34.7,43.3,3.7
51179010202,VA,Stafford,6860,0.4807731322609026,336,25.6,31.8,7.4,10.6,5.3,5.9,24.5,10.8,37.6,35.7,2.8
24033802002,MD,Prince George's,3714,0.47958762307717645,337,25.3,41.5,5.2,12.3,4.7,4.9,14.0,14.5,34.9,43.6,3.8
51177020308,VA,Spotsylvania,4032,0.47605369800907,338,24.6,34.1,6.9,11.0,4.9,5.5,23.8,11.4,35.7,40.8,2.8
24033800109,MD,Prince George's,3892,0.47579945358268555,339,23.0,35.3,5.2,11.6,5.4,6.5,16.9,13.9,35.0,42.2,3.6
24033801906,MD,Prince George's,2352,0.4751043964975554,340,23.8,38.6,5.0,12.1,5.0,5.6,15.9,14.2,34.4,44.0,3.6
24033801407,MD,Prince George's,6575,0.47378918755767824,341,25.4,40.4,5.8,11.8,5.1,4.9,13.9,14.7,36.4,41.3,3.7
24033801408,MD,Prince George's,3329,0.46995996789772554,342,24.5,40.3,4.9,12.5,4.7,5.2,14.7,14.3,34.5,43.8,3.7
24033800517,MD,Prince George's,5622,0.46955727609246706,343,26.3,42.1,6.3,11.8,4.9,4.3,13.4,14.6,37.5,40.5,3.6
51187020101,VA,Warren,4716,0.4666622509580517,344,26.4,32.7,8.4,10.3,5.5,5.7,23.3,10.6,37.4,35.5,2.7
24009860404,MD,Calvert,6567,0.4654718123885349,345,27.4,35.0,8.7,10.8,5.1,5.8,21.0,10.1,36.8,36.2,2.8
24033803513,MD,Prince George's,4894,0.4638641813090647,346,24.9,41.0,5.1,12.8,4.5,4.7,14.7,14.3,34.3,44.0,3.6
51153900503,VA,Prince William,3368,0.4630239789151197,347,21.5,34.4,4.7,10.7,5.6,6.5,21.3,13.9,35.4,39.3,3.5
11001009503,DC,District of Columbia,3106,0.46255194427427604,348,24.4,39.1,7.4,10.7,5.6,5.2,18.7,11.6,38.6,26.9,4.4
24033801405,MD,Prince George's,4865,0.45807240543373756,349,23.1,36.9,4.7,11.2,5.5,6.1,15.1,15.5,36.6,40.5,3.8
24021752802,MD,Frederick,3654,0.4557722979834838,350,27.5,34.0,9.9,9.7,5.5,5.2,21.7,9.8,40.6,33.5,2.7
51153900901,VA,Prince William,6221,0.4554517471324593,351,21.1,35.3,4.0,11.2,5.1,6.2,21.9,14.1,34.0,42.6,3.4
51177020111,VA,Spotsylvania,2454,0.45517754863130055,352,23.2,33.5,5.9,11.4,4.8,5.7,24.3,11.6,34.5,41.5,2.9
24033800515,MD,Prince George's,4336,0.45456996586467,353,25.4,38.6,6.3,11.9,4.9,5.2,15.6,13.3,35.9,40.7,3.5
51153901305,VA,Prince William,3642,0.453729654773203,354,25.8,33.5,8.5,10.2,5.4,5.6,23.1,10.4,39.0,33.2,2.8
11001007503,DC,District of Columbia,2528,0.4508189703951878,355,20.7,37.3,4.4,12.7,4.7,6.2,21.5,11.6,33.0,33.7,4.3
24031701701,MD,Montgomery,3524,0.4497633716928339,356,24.7,35.2,8.4,10.3,5.7,5.4,19.8,11.1,42.1,29.1,3.3
24021740200,MD,Frederick,5027,0.4430482968709119,357,27.2,34.1,9.6,9.8,5.4,5.2,21.4,10.1,39.9,34.0,2.8
24017851502,MD,Charles,5540,0.4405866795551281,358,24.3,41.2,5.5,11.5,4.6,5.2,17.5,13.3,34.1,43.7,3.4
24033805907,MD,Prince George's,3346,0.440371880720442,359,21.7,37.1,3.8,11.4,5.2,6.1,16.0,15.7,34.2,46.1,3.7
24021751903,MD,Frederick,6485,0.4396985355523367,360,27.3,34.0,9.8,9.6,5.5,5.2,21.5,10.0,40.7,33.2,2.7
24033805500,MD,Prince George's,3716,0.43702458356842083,361,21.1,34.0,4.0,10.9,5.7,6.7,16.6,15.6,35.5,43.7,3.7
24033801908,MD,Prince George's,3781,0.43631916319557135,362,22.6,39.0,3.9,13.5,4.3,5.5,16.1,13.7,31.9,46.0,3.6
11001001804,DC,District of Columbia,5500,0.4346934846948365,363,21.8,37.0,5.2,11.0,5.4,6.0,19.8,12.7,36.3,31.5,4.4
24033807408,MD,Prince George's,5930,0.43381991509733503,364,25.7,36.0,7.6,10.8,5.5,5.7,16.4,12.6,38.1,36.9,3.2
51510200407,VA,Alexandria,3921,0.43369467013233187,365,27.0,35.6,8.6,9.9,5.8,4.9,19.2,12.2,40.1,31.3,3.1
24033801308,MD,Prince George's,3761,0.4319028398445934,366,25.9,41.3,6.2,11.2,5.2,4.5,13.1,14.8,37.8,39.2,3.7
24033806711,MD,Prince George's,4794,0.42844172272082126,367,23.8,38.4,5.2,12.0,5.1,5.3,15.4,14.1,34.6,42.3,3.6
24033806706,MD,Prince George's,4083,0.4273358192484134,368,24.5,37.5,6.1,11.0,5.6,5.6,15.0,14.2,36.9,38.3,3.6
51177020309,VA,Spotsylvania,5749,0.42628604122554686,369,24.0,33.5,6.8,11.1,4.9,5.4,23.8,11.1,35.3,39.7,2.8
24031701424,MD,Montgomery,3464,0.4235959120634547,370,23.4,37.5,6.9,9.6,6.5,5.5,15.9,13.8,42.9,28.4,3.8
24033800412,MD,Prince George's,4807,0.42242452229037447,371,23.8,38.4,5.3,11.5,5.3,5.6,14.7,14.4,35.9,40.1,3.7
51510201805,VA,Alexandria,3383,0.42140529338708743,372,27.9,34.3,10.2,9.8,5.7,4.5,20.8,10.7,41.0,28.9,2.8
24033800203,MD,Prince George's,4883,0.4214011098686248,373,26.6,35.9,8.9,10.3,5.7,5.4,16.1,12.0,39.4,34.8,3.1
51153901233,VA,Prince William,7347,0.41996096412521344,374,25.2,34.3,7.8,10.1,5.4,5.5,21.8,11.3,39.0,33.9,2.9
24021751003,MD,Frederick,5920,0.4191299101574165,375,24.4,35.0,7.0,10.0,5.6,5.8,20.6,11.8,36.9,37.8,3.2
24033803512,MD,Prince George's,6711,0.4174270650303024,376,24.9,41.3,5.4,12.1,4.7,4.6,13.9,14.4,35.1,42.9,3.6
24031703215,MD,Montgomery,3357,0.4170458045934431,377,22.4,35.4,6.2,10.2,6.1,5.9,17.9,13.3,40.7,31.1,3.7
24033800511,MD,Prince George's,5222,0.416945083167813,378,25.8,38.4,6.9,11.6,5.0,5.0,15.3,12.9,36.7,39.5,3.3
24033805801,MD,Prince George's,4745,0.41654510153383656,379,21.8,35.1,4.2,10.5,5.8,6.1,15.4,16.2,36.4,43.1,3.8
24033803607,MD,Prince George's,3672,0.41429427697292315,380,24.7,38.8,5.6,11.2,5.2,5.1,14.3,14.7,36.4,40.9,3.7
51059415402,VA,Fairfax,2801,0.4131376987880898,381,27.3,34.8,10.1,9.6,6.2,4.8,18.7,11.8,41.5,25.3,3.1
51685920100,VA,Manassas Park,7137,0.41226314361860356,382,21.5,32.4,4.5,10.0,5.7,6.4,21.9,14.3,35.5,41.9,3.2
24033800704,MD,Prince George's,5406,0.40916304144225946,383,24.3,39.3,5.2,12.8,4.4,4.8,15.6,13.4,33.9,44.1,3.4
11001008904,DC,District of Columbia,3137,0.40722175000997624,384,21.4,38.3,4.8,12.0,4.8,5.6,20.3,12.1,34.8,32.8,4.2
11001007806,DC,District of Columbia,3457,0.40033381913325106,385,21.3,37.9,4.6,12.7,4.5,5.6,20.5,11.7,34.1,33.2,4.1
24033804300,MD,Prince George's,3677,0.40007116588843683,386,22.7,38.0,4.4,11.7,5.0,5.5,15.3,14.8,34.1,44.5,3.7
24031702000,MD,Montgomery,5438,0.3988417518877597,387,19.2,33.7,3.9,10.1,6.1,6.7,18.4,15.3,39.4,35.5,3.8
24009860402,MD,Calvert,3958,0.39881094348639134,388,26.4,35.2,7.8,11.0,4.8,5.7,20.6,10.3,35.9,37.5,2.8
24021750100,MD,Frederick,1651,0.39596499651453954,389,24.6,33.0,7.3,10.4,5.0,5.7,23.6,10.3,37.0,38.0,2.7
51059421500,VA,Fairfax,7103,0.39557430778201946,390,21.5,33.5,4.3,10.7,5.7,6.3,20.0,15.4,35.9,35.0,3.5
51059416100,VA,Fairfax,4129,0.3955643399200523,391,27.5,34.1,10.8,9.4,6.3,4.7,19.3,11.0,41.8,24.8,2.9
51107610102,VA,Loudoun,3866,0.3929743620829729,392,27.0,33.7,9.3,10.1,5.5,5.2,21.6,9.9,39.3,30.8,2.7
24031700400,MD,Montgomery,2352,0.39288750368520736,393,25.2,33.8,10.2,9.5,6.2,5.4,19.2,9.9,43.9,25.5,3.0
24009860200,MD,Calvert,6280,0.3897312297130762,394,27.9,36.1,9.5,10.3,5.1,5.1,19.0,10.1,38.3,34.2,2.8
51153900404,VA,Prince William,5996,0.3885942058433993,395,21.7,34.0,4.9,10.2,5.5,6.1,20.8,14.0,36.2,39.3,3.3
24031700732,MD,Montgomery,3361,0.3869515207062893,396,20.6,34.3,4.8,10.0,6.1,6.4,18.0,14.5,40.9,32.2,3.7
51153901234,VA,Prince William,3385,0.38265596658742285,397,25.5,34.3,8.5,10.0,5.4,5.2,20.9,10.9,39.4,32.7,2.9
24033806501,MD,Prince George's,5316,0.37974835473054047,398,21.0,33.6,4.1,10.8,5.5,6.6,17.2,14.8,34.6,44.0,3.6
24031700710,MD,Montgomery,6718,0.37872610338045354,399,22.0,34.2,6.3,9.6,6.2,6.3,18.1,13.3,42.2,29.3,3.5
51177020114,VA,Spotsylvania,5913,0.37162667654258014,400,23.5,33.7,6.4,11.1,4.7,5.3,23.1,11.4,34.7,40.4,2.8
51059452301,VA,Fairfax,3568,0.3653919258980972,401,22.8,34.3,5.3,9.3,6.3,6.2,17.6,16.6,40.7,27.4,3.5
24033801310,MD,Prince George's,7058,0.3639722884317958,402,25.0,40.3,5.8,11.7,4.7,4.5,14.0,14.0,36.5,41.0,3.4
24033801003,MD,Prince George's,6009,0.36208584842677943,403,23.9,39.0,5.4,12.2,4.6,4.9,15.4,13.3,34.3,43.4,3.3
51153901304,VA,Prince William,2789,0.3616443266535177,404,24.8,32.5,8.2,10.1,5.3,5.5,22.9,10.2,38.3,32.7,2.8
24031701508,MD,Montgomery,4142,0.36083139194282765,405,20.3,37.6,3.9,12.2,4.6,5.5,19.0,13.3,35.5,38.5,3.6
24033807407,MD,Prince George's,6708,0.3603898530946082,406,23.5,37.0,5.5,10.6,5.5,5.7,14.8,14.7,37.4,38.3,3.5
51059451400,VA,Fairfax,3263,0.35886424040879733,407,21.4,32.7,4.6,9.3,6.6,6.5,18.7,16.2,38.8,29.7,3.7
24033800518,MD,Prince George's,4176,0.35693033041305594,408,25.8,41.7,6.4,11.5,4.7,4.0,13.1,14.1,37.2,40.2,3.4
24031701503,MD,Montgomery,7440,0.3565158381881085,409,23.6,36.7,7.4,9.6,6.2,5.3,15.9,13.0,43.1,27.5,3.6
51177020408,VA,Spotsylvania,3100,0.35196765643035577,410,23.5,32.0,6.7,10.9,4.8,5.4,24.9,10.3,34.8,39.5,2.6
24033803300,MD,Prince George's,5004,0.3518201396185958,411,23.0,37.8,4.6,11.5,5.0,5.3,14.7,14.6,34.6,42.9,3.7
24017851003,MD,Charles,4438,0.3502923843597273,412,26.0,36.4,8.8,9.9,5.1,5.1,19.6,10.5,38.1,35.8,2.8
24033803605,MD,Prince George's,7464,0.3498548095093301,413,22.6,36.0,4.8,10.9,5.3,5.7,15.3,14.8,35.5,42.2,3.6
24033800401,MD,Prince George's,2592,0.34985128778036934,414,26.3,35.9,8.6,10.5,5.4,5.0,16.0,11.7,38.6,34.7,3.1
51630000100,VA,Fredericksburg,3175,0.34856006217634267,415,25.6,31.7,9.1,10.0,5.4,4.9,23.0,9.6,37.5,35.6,2.6
24031701316,MD,Montgomery,6480,0.3477813769215172,416,25.1,34.8,10.0,9.4,6.2,5.0,17.6,10.5,44.2,24.3,3.2
24031700204,MD,Montgomery,2103,0.34373919205587344,417,24.0,32.4,9.1,9.7,6.0,5.6,20.5,9.8,42.1,27.0,3.0
51177020201,VA,Spotsylvania,7310,0.34223982812839365,418,22.8,33.1,6.0,11.2,4.7,5.3,23.8,11.1,34.0,41.2,2.7
51059452102,VA,Fairfax,3354,0.3402536186474566,419,24.5,33.8,7.7,9.1,6.7,5.7,17.6,13.8,40.8,24.7,3.4
24033800520,MD,Prince George's,2440,0.33705622347691677,420,24.6,39.5,5.3,12.5,4.3,4.4,14.7,13.4,34.4,42.7,3.4
51179010217,VA,Stafford,5305,0.333742338500367,421,26.3,32.8,8.3,10.1,5.1,4.7,21.9,10.8,38.8,33.4,2.7
24031701900,MD,Montgomery,3395,0.33365008262666224,422,18.6,31.3,4.1,11.0,5.4,7.0,22.3,12.2,36.1,36.1,3.4
51153900100,VA,Prince William,3271,0.33212022939734837,423,26.2,35.6,9.0,9.6,5.4,4.6,19.1,11.3,40.9,31.5,2.8
24031704403,MD,Montgomery,1622,0.3304079987204579,424,26.8,34.8,12.0,8.9,6.0,4.4,16.9,10.0,46.1,22.4,3.0
24031703222,MD,Montgomery,4737,0.33004226431953065,425,21.7,35.7,5.6,10.2,5.7,5.6,17.6,13.6,40.5,31.8,3.5
24017850802,MD,Charles,5937,0.3287702951299176,426,23.5,39.0,5.8,11.1,4.5,5.2,18.1,12.3,34.3,42.9,3.1
51059492100,VA,Fairfax,6592,0.3283280773820614,427,27.0,33.3,10.6,9.3,6.1,4.8,19.1,10.9,42.4,23.1,2.8
24031705502,MD,Montgomery,4097,0.3232344496516746,428,26.0,33.9,11.4,9.2,6.0,4.5,18.4,9.6,45.3,23.7,2.8
11001009901,DC,District of Columbia,2364,0.32314025779036976,429,24.5,41.2,7.4,10.6,5.3,4.2,16.1,11.6,38.7,26.7,4.3
51179010308,VA,Stafford,2618,0.32226147337655353,430,25.2,31.0,7.5,10.4,5.0,5.2,24.0,10.1,37.2,34.8,2.6
24021750701,MD,Frederick,5623,0.322062942391054,431,23.5,33.5,6.2,10.4,4.9,5.6,21.6,11.4,36.9,38.2,2.9
24031703701,MD,Montgomery,4053,0.3218222767656876,432,20.0,32.7,4.7,9.9,6.0,6.3,18.7,14.2,40.4,32.7,3.5
51179010406,VA,Stafford,3216,0.3211633486759737,433,24.8,31.8,7.3,10.5,5.0,5.1,23.6,10.5,36.3,35.6,2.7
24021750200,MD,Frederick,1686,0.31915233231142165,434,25.3,32.5,8.9,9.7,5.3,5.0,22.8,9.5,38.4,34.4,2.6
11001009504,DC,District of Columbia,3208,0.3156041848131373,435,22.8,36.3,6.8,10.7,5.2,5.1,20.3,11.0,36.7,26.6,4.2
24031703404,MD,Montgomery,3118,0.31491419980520835,436,19.8,33.0,4.4,9.7,6.0,6.1,18.1,15.0,40.8,33.3,3.6
24021752601,MD,Frederick,4481,0.3141655139281081,437,26.7,33.2,10.1,9.4,5.3,4.8,20.9,9.4,40.3,32.0,2.6
24033805700,MD,Prince George's,6610,0.3122148353623764,438,19.9,33.2,3.5,10.7,5.5,6.4,16.6,15.5,34.6,44.4,3.5
24033801215,MD,Prince George's,2860,0.3115746904330511,439,24.2,39.7,5.3,12.0,4.5,4.5,14.0,13.8,35.3,41.7,3.4
51059452801,VA,Fairfax,5627,0.3104756802437623,440,23.1,33.5,6.4,10.2,5.9,5.7,20.1,13.0,37.1,29.6,3.2
24031701509,MD,Montgomery,7181,0.30946141908960795,441,20.4,35.6,4.6,10.9,5.3,5.7,18.2,13.5,37.7,35.2,3.6
51153901219,VA,Prince William,5662,0.30638222704755796,442,25.8,34.1,9.2,9.7,5.3,4.6,20.7,10.4,40.2,31.0,2.7
24033803524,MD,Prince George's,4691,0.30588914568022774,443,22.6,38.4,4.2,13.1,4.1,4.8,15.6,13.3,32.1,45.0,3.4
51177020316,VA,Spotsylvania,5003,0.30523148388329285,444,23.9,33.2,7.1,10.8,4.7,4.9,23.1,10.5,35.4,38.9,2.6
51047930203,VA,Culpeper,6844,0.3035331632855448,445,24.2,33.1,7.0,10.6,4.9,5.1,22.1,10.7,36.0,37.4,2.8
24031701506,MD,Montgomery,5144,0.30138112723473615,446,24.1,36.2,8.5,9.6,5.9,4.8,16.5,11.7,43.4,26.7,3.3
24021750504,MD,Frederick,6012,0.30011223614101773,447,23.8,34.2,6.9,10.1,5.2,5.3,20.4,11.4,36.4,37.6,3.0
24033805904,MD,Prince George's,3717,0.2983414535570403,448,22.2,34.8,5.2,10.0,5.9,5.7,14.9,14.8,36.9,39.5,3.6
24021750300,MD,Frederick,1728,0.29797234552901136,449,23.1,33.7,6.3,10.5,5.0,5.3,22.3,10.9,35.1,38.1,3.0
51107610703,VA,Loudoun,5364,0.2977468454496016,450,26.4,33.4,9.1,9.8,5.4,4.9,20.8,10.0,39.5,29.8,2.7
51059416000,VA,Fairfax,5569,0.29685135366004894,451,24.1,33.5,7.0,10.3,5.6,5.3,19.6,12.6,37.9,29.7,3.1
24033801006,MD,Prince George's,3930,0.2939296929163158,452,24.4,39.9,5.5,12.1,4.4,4.2,14.0,13.5,35.5,41.6,3.3
24017850708,MD,Charles,5281,0.29377548362293804,453,23.8,40.3,5.7,10.8,4.4,4.8,16.9,13.1,35.6,41.5,3.1
51061930405,VA,Fauquier,4932,0.29364789701258526,454,25.3,31.4,7.6,10.5,5.0,5.2,22.8,10.4,36.9,32.8,2.7
24021752603,MD,Frederick,4057,0.29226587457803666,455,26.4,33.1,9.5,9.5,5.1,4.7,21.2,9.5,39.9,33.2,2.6
24021751202,MD,Frederick,6654,0.2880300718045388,456,25.6,34.1,8.5,9.8,5.1,4.8,20.2,10.5,38.7,34.2,2.8
51177020107,VA,Spotsylvania,2340,0.28801464160529894,457,23.6,33.9,6.9,10.6,4.7,4.8,22.4,11.0,35.8,39.3,2.6
24033804400,MD,Prince George's,2922,0.28623017408458834,458,22.4,35.1,4.8,10.6,5.3,5.5,15.2,14.7,36.4,40.7,3.5
24033804200,MD,Prince George's,2980,0.2856225549833566,459,25.4,35.4,8.0,10.7,5.1,4.8,16.3,11.5,37.7,36.4,3.0
51107610101,VA,Loudoun,5055,0.2853104530330519,460,25.8,32.6,8.6,10.1,5.2,5.1,22.0,9.6,38.2,31.3,2.6
51600300100,VA,Fairfax,5368,0.28338279625399,461,23.4,32.6,6.8,9.7,5.7,5.7,20.5,12.1,37.1,33.6,3.0
24031700812,MD,Montgomery,4669,0.2774162115558453,462,22.7,33.9,7.4,9.5,6.0,5.5,17.6,12.1,41.9,28.3,3.3
24009861004,MD,Calvert,7201,0.2759964507705347,463,24.3,33.5,6.6,11.2,4.5,5.7,21.7,9.9,34.0,38.4,2.7
51153900403,VA,Prince William,5550,0.2735022087368489,464,23.1,34.9,6.0,9.9,5.3,5.2,19.0,13.2,37.3,35.6,3.2
24033803521,MD,Prince George's,7592,0.2718525246860891,465,25.6,40.3,7.1,11.4,4.8,4.0,12.9,12.9,36.2,38.6,3.3
24033800507,MD,Prince George's,3967,0.2705081849020394,466,23.7,37.0,5.8,11.8,4.6,4.8,15.9,12.6,35.0,39.9,3.2
24021752101,MD,Frederick,3661,0.26999706251286754,467,26.3,33.3,9.5,9.3,5.1,4.7,20.6,9.8,40.7,32.7,2.5
11001007603,DC,District of Columbia,4185,0.2669283186261531,468,23.1,39.1,6.4,11.4,4.7,4.5,17.8,11.2,36.7,28.8,4.0
11001009507,DC,District of Columbia,1525,0.2655357984949162,469,22.8,38.2,6.2,10.8,5.0,4.8,17.8,11.5,36.7,28.3,4.3
24031701505,MD,Montgomery,7010,0.2641826278434918,470,21.3,35.8,5.6,10.7,5.3,5.4,17.8,12.5,38.8,32.5,3.4
51179010215,VA,Stafford,2114,0.26386737368955776,471,22.1,31.6,4.8,11.6,4.4,5.2,23.7,11.7,33.5,39.5,2.8
51153901503,VA,Prince William,6044,0.2628262362804991,472,25.4,32.9,9.2,9.6,5.3,4.8,21.5,9.8,39.5,30.3,2.6
51179010405,VA,Stafford,6241,0.261088399989381,473,25.3,31.0,8.2,10.3,4.9,4.8,23.0,9.8,37.4,33.2,2.6
51153901211,VA,Prince William,4659,0.2594442846216153,474,21.7,33.3,5.2,9.8,5.4,5.6,20.0,13.3,36.9,36.9,3.2
51177020314,VA,Spotsylvania,1850,0.2591982660125963,475,21.9,32.9,5.4,11.4,4.4,5.0,23.1,11.3,33.5,40.7,2.8
11001007404,DC,District of Columbia,3637,0.2583804270903363,476,19.5,35.3,3.8,13.3,3.9,5.7,21.8,10.7,31.6,33.2,3.9
51177020207,VA,Spotsylvania,1575,0.256545293494899,477,21.4,32.5,5.0,11.4,4.2,5.3,24.6,11.0,32.6,42.6,2.6
51059481500,VA,Fairfax,2289,0.2550626349385243,478,27.0,32.9,11.3,9.2,6.0,4.3,18.8,10.2,41.8,22.9,2.7
24031703214,MD,Montgomery,7345,0.25503286469293474,479,19.6,33.3,4.4,10.9,5.2,6.0,19.3,13.0,37.3,34.8,3.4
24033801311,MD,Prince George's,8300,0.25474755925307213,480,24.2,39.6,5.6,11.7,4.5,4.2,13.8,13.5,35.5,41.0,3.3
24033801404,MD,Prince George's,6585,0.25325286013344156,481,23.9,37.8,5.8,11.1,4.8,4.7,14.4,13.5,36.4,39.4,3.3
51059420502,VA,Fairfax,2516,0.2516940308902399,482,24.2,31.8,8.4,10.0,5.9,5.1,20.8,10.9,37.3,27.3,3.0
24033804102,MD,Prince George's,6888,0.25167261814411857,483,21.5,36.0,4.1,11.6,4.7,5.4,15.5,14.0,33.5,43.6,3.5
51177020206,VA,Spotsylvania,4570,0.2511727481560469,484,22.9,32.5,6.7,10.9,4.6,4.9,23.5,10.4,34.3,38.8,2.6
51059451502,VA,Fairfax,4924,0.24570208889074915,485,23.7,32.7,7.8,9.5,6.4,5.2,18.5,12.5,37.8,27.0,3.3
24031701408,MD,Montgomery,6706,0.24541157622540674,486,23.2,34.7,8.1,9.3,6.0,5.0,17.0,11.8,43.5,25.7,3.2
51061930306,VA,Fauquier,2900,0.24437259765716038,487,26.3,31.3,9.1,9.9,5.3,4.7,21.5,9.9,38.5,29.6,2.6
51153901014,VA,Prince William,3977,0.24378514338565235,488,22.9,34.7,6.2,10.3,5.1,5.0,20.2,11.9,36.5,35.6,3.0
24009860501,MD,Calvert,7145,0.2420305911344397,489,25.9,34.4,8.1,10.5,4.6,5.1,19.9,9.8,36.4,35.6,2.6
51059451200,VA,Fairfax,1721,0.24116509192535956,490,27.1,32.5,11.3,9.1,5.9,4.4,18.7,10.1,42.1,22.7,2.7
24031701001,MD,Montgomery,5503,0.2405636538300066,491,23.3,33.3,8.4,9.3,5.9,5.2,18.2,11.1,43.1,25.5,3.1
51059415900,VA,Fairfax,3216,0.23702135538694433,492,26.2,32.2,10.2,9.5,5.8,4.5,19.6,10.3,40.5,24.2,2.8
24033800408,MD,Prince George's,7307,0.23561880246813682,493,24.2,38.5,6.1,11.2,4.7,4.4,13.8,13.3,36.5,38.9,3.3
51683910100,VA,Manassas,4656,0.23366238556891153,494,23.4,32.2,6.9,9.6,5.5,5.2,20.1,12.0,37.5,35.0,2.9
51683910201,VA,Manassas,5239,0.23009655004382576,495,23.4,31.4,7.1,9.8,5.4,5.4,20.5,11.5,37.4,34.5,2.8
24031701304,MD,Montgomery,6045,0.22948284433774824,496,24.4,33.1,10.0,9.3,5.7,4.7,18.9,9.7,43.4,25.1,2.8
24033800403,MD,Prince George's,3952,0.22897120308490201,497,25.3,36.0,8.1,10.7,5.0,4.4,15.4,11.5,37.6,35.6,3.0
24033807409,MD,Prince George's,4002,0.2275828307653975,498,21.7,34.8,4.7,11.0,5.1,5.6,15.5,13.9,34.6,40.5,3.4
51510202001,VA,Alexandria,2379,0.22144175000031996,499,27.5,32.4,11.4,9.2,5.3,3.9,20.3,9.0,41.8,26.8,2.4
24031701002,MD,Montgomery,4089,0.2210255062308536,500,24.9,33.8,10.7,8.9,5.9,4.4,17.3,10.0,45.3,22.8,2.9
51179010205,VA,Stafford,6821,0.22084434137192857,501,23.6,30.8,6.3,10.7,4.6,5.0,23.3,10.7,36.0,36.1,2.6
51177020313,VA,Spotsylvania,695,0.21829297917993964,502,18.6,31.8,3.4,13.0,3.6,5.4,26.3,10.7,27.7,46.0,2.7
24031703202,MD,Montgomery,5780,0.21785165434753614,503,24.2,33.4,9.4,9.2,5.8,4.7,18.0,10.3,43.5,25.1,3.0
51059421800,VA,Fairfax,5933,0.21756568639908533,504,21.3,32.9,4.6,10.9,5.1,5.6,20.2,13.6,35.1,32.8,3.2
24031700822,MD,Montgomery,1771,0.21666176594718597,505,20.7,33.2,5.3,10.0,5.4,5.8,18.5,13.0,40.3,30.4,3.3
24021775302,MD,Frederick,5722,0.21395911164415082,506,24.7,32.4,8.2,9.8,4.9,4.9,21.4,9.6,38.2,34.3,2.6
24021752001,MD,Frederick,4815,0.21171317757578142,507,24.9,31.7,8.4,9.8,4.8,4.8,22.2,9.3,38.5,34.0,2.5
24033803516,MD,Prince George's,4887,0.21165059977842804,508,24.0,39.3,5.4,11.9,4.2,4.1,13.9,13.4,35.1,40.9,3.2
51510200801,VA,Alexandria,2701,0.2106571650878681,509,26.2,32.1,9.5,9.6,5.2,4.4,20.5,9.8,40.3,29.1,2.5
51153901417,VA,Prince William,3427,0.20705987488450833,510,24.1,32.1,8.1,9.9,5.1,5.0,22.0,9.8,37.8,31.7,2.6
24033800519,MD,Prince George's,3994,0.2045135414699122,511,24.3,37.6,6.3,11.5,4.4,4.3,14.6,12.5,36.3,38.6,3.1
24031701414,MD,Montgomery,7592,0.20291586389383,512,22.6,36.6,6.8,9.9,5.5,4.6,15.8,12.6,41.7,28.3,3.4
51510201100,VA,Alexandria,3388,0.20233682126278305,513,24.4,31.4,7.8,9.7,5.2,4.9,21.8,10.4,38.3,32.0,2.6
24017850706,MD,Charles,5638,0.20138859403066034,514,23.2,39.7,5.4,10.8,4.2,4.6,16.6,12.8,35.1,41.3,3.0
24033803801,MD,Prince George's,2872,0.20132080597724877,515,21.4,34.9,4.4,10.5,5.1,5.4,14.9,14.6,35.2,42.4,3.4
24033800102,MD,Prince George's,3129,0.20128368617694586,516,23.2,33.6,6.4,11.1,4.8,5.3,17.0,11.5,35.4,38.4,3.0
24031703100,MD,Montgomery,4481,0.2010917316230082,517,22.2,32.8,7.0,9.7,5.5,5.2,18.8,11.5,41.4,28.8,3.1
24017850710,MD,Charles,5578,0.19603257936286642,518,23.1,39.4,5.3,11.0,4.1,4.5,17.3,12.5,34.5,42.2,2.9
11001009102,DC,District of Columbia,4608,0.19493170033946433,519,20.0,34.8,4.6,12.1,4.4,5.3,21.4,10.7,33.1,30.2,3.9
51179010403,VA,Stafford,3815,0.1947948218708526,520,24.0,30.7,7.0,10.4,4.7,4.8,23.5,10.1,36.0,35.2,2.5
51153901230,VA,Prince William,4419,0.19180324170375887,521,22.1,33.9,5.4,10.4,4.7,5.1,20.5,12.3,36.5,35.9,2.9
24033800409,MD,Prince George's,6678,0.1910412668623841,522,24.8,37.2,7.1,11.0,4.6,4.2,14.5,12.2,37.2,37.4,3.0
24033803803,MD,Prince George's,6062,0.18999503090082248,523,21.3,34.6,4.3,10.8,4.9,5.3,15.3,14.3,34.7,42.5,3.4
24031702302,MD,Montgomery,4434,0.1865461266568345,524,22.0,34.1,6.9,10.3,5.1,5.0,18.8,10.9,39.7,31.2,3.0
24033803612,MD,Prince George's,3834,0.1859895322775545,525,21.0,36.1,3.9,12.1,4.2,5.1,16.3,13.3,32.1,44.7,3.2
51179010106,VA,Stafford,3865,0.18488926766728253,526,24.5,31.1,7.5,10.2,4.8,4.6,22.5,10.1,37.0,34.1,2.5
51059415600,VA,Fairfax,2754,0.1837316962514811,527,27.0,31.9,11.7,9.2,5.6,3.9,19.2,9.4,42.1,22.8,2.5
51177020305,VA,Spotsylvania,3858,0.1814786976050612,528,21.3,31.5,5.8,11.0,4.4,5.1,23.8,10.5,33.1,39.7,2.6
24009860403,MD,Calvert,3456,0.18142536181310723,529,24.6,33.3,7.1,11.0,4.3,5.1,21.1,9.5,34.3,37.3,2.5
51510200305,VA,Alexandria,2426,0.18101699544721514,530,24.0,34.1,7.0,10.3,5.0,4.5,19.1,11.5,37.2,33.1,2.9
24017850101,MD,Charles,7030,0.17473428584888653,531,23.0,39.3,5.5,11.0,4.1,4.5,17.0,12.0,33.9,42.2,3.0
51061930402,VA,Fauquier,6027,0.17472667989535481,532,25.6,30.7,8.9,9.8,5.0,4.6,21.8,9.5,38.4,29.9,2.5
51179010206,VA,Stafford,5495,0.17355158836914658,533,22.6,31.2,5.6,10.6,4.6,5.0,22.6,11.2,34.9,37.5,2.7
24021766800,MD,Frederick,5872,0.17283942380821113,534,21.4,28.5,6.6,10.9,5.1,5.9,25.3,8.6,32.9,33.1,2.7
51059451501,VA,Fairfax,5868,0.16942617265721233,535,21.2,31.3,5.3,9.7,5.8,5.7,19.5,13.7,37.4,29.3,3.2
24033800505,MD,Prince George's,2737,0.16909505346024478,536,25.1,34.1,8.3,10.5,4.9,4.6,16.4,10.6,37.3,34.9,2.8
51153901414,VA,Prince William,4936,0.16903707265423012,537,24.6,33.2,8.6,9.5,5.1,4.5,20.1,10.4,38.8,30.6,2.7
24033806602,MD,Prince George's,5814,0.16741297793521379,538,20.2,33.4,3.9,10.9,4.9,5.9,16.4,14.0,33.9,41.4,3.3
24021750506,MD,Frederick,4321,0.16487994895882352,539,23.5,33.4,6.9,9.4,5.1,5.1,18.9,11.4,38.4,35.3,2.8
24033805802,MD,Prince George's,4387,0.16482970554763685,540,20.4,33.2,4.0,10.2,5.3,5.5,15.2,15.0,35.4,42.2,3.4
24031705702,MD,Montgomery,4565,0.16225551114667136,541,25.5,33.0,12.3,8.7,5.8,3.9,17.4,8.6,45.1,22.0,2.7
24031701423,MD,Montgomery,5118,0.15979376718676752,542,20.1,35.9,4.4,11.5,4.5,4.9,17.8,12.6,36.8,34.7,3.3
24017850713,MD,Charles,9599,0.15951584251029208,543,23.0,38.7,5.9,10.6,4.3,4.6,17.0,11.9,34.9,40.6,2.9
51059451000,VA,Fairfax,2707,0.1589605417299395,544,24.9,32.4,8.9,9.0,6.0,4.7,18.0,11.6,40.6,23.5,3.0
24021752303,MD,Frederick,3606,0.15829622166598234,545,24.7,32.3,8.2,9.6,4.7,4.6,21.1,9.6,38.6,34.3,2.5
51153900203,VA,Prince William,5392,0.15828238435470862,546,18.5,32.5,3.2,11.0,4.5,5.7,22.1,13.0,32.1,42.2,3.0
24033800211,MD,Prince George's,3008,0.15827874252576477,547,22.4,35.4,5.7,11.6,4.6,4.9,15.9,12.0,33.5,39.9,3.1
51059415300,VA,Fairfax,3908,0.15826564757668382,548,24.2,31.5,8.4,9.6,5.8,4.8,19.5,11.0,38.3,26.3,2.9
24033805601,MD,Prince George's,6373,0.15826116858230296,549,16.2,30.4,2.1,10.5,5.1,6.7,18.4,15.5,32.4,48.6,3.1
24031701313,MD,Montgomery,3785,0.15656974237622243,550,23.0,32.8,8.5,9.5,5.4,4.8,18.2,10.5,42.9,25.8,2.9
51510200202,VA,Alexandria,1698,0.15459710392119635,551,26.9,32.6,10.7,9.1,5.2,3.7,19.6,9.5,41.4,27.3,2.4
24033801905,MD,Prince George's,6771,0.15172067582245125,552,22.2,37.4,4.6,12.2,4.1,4.4,15.2,12.7,32.6,43.0,3.2
51013100300,VA,Arlington,6199,0.1516784100940697,553,26.5,31.5,9.9,9.3,5.3,4.2,21.3,9.4,40.0,24.7,2.5
24031705901,MD,Montgomery,4501,0.15139992509235878,554,25.3,33.7,11.9,8.5,6.1,3.9,16.3,9.3,45.6,20.9,2.8
51179010216,VA,Stafford,7379,0.15128442523435257,555,20.3,30.1,4.1,11.2,4.3,5.5,23.5,11.6,32.6,40.3,2.8
24031701507,MD,Montgomery,5133,0.1509904627828197,556,24.0,36.7,8.9,8.8,5.8,4.0,14.7,11.8,45.0,23.9,3.2
51059451100,VA,Fairfax,2314,0.15031338847548736,557,24.6,30.9,9.0,9.4,5.7,4.9,19.2,10.7,40.1,24.4,2.8
51683910402,VA,Manassas,6112,0.14992828700300517,558,23.4,31.4,7.3,10.0,5.0,4.9,20.5,10.8,37.3,33.0,2.7
51177020203,VA,Spotsylvania,5067,0.1481414498807498,559,22.4,32.8,6.2,10.8,4.3,4.5,22.2,10.7,34.3,39.5,2.5
24033800513,MD,Prince George's,6950,0.14656987185702522,560,24.1,35.8,7.0,11.1,4.6,4.4,15.3,11.5,36.1,37.3,2.9
51153900905,VA,Prince William,5628,0.14595925699968434,561,22.0,34.6,5.5,10.7,4.6,4.6,20.0,11.8,35.3,36.6,2.9
24021750600,MD,Frederick,2756,0.1458586960602421,562,25.0,30.9,9.7,9.7,5.1,4.5,21.6,8.7,37.6,29.9,2.5
51059450200,VA,Fairfax,4330,0.1436870799110858,563,20.5,30.0,5.0,9.8,5.7,6.0,20.5,13.3,36.5,29.8,3.1
51059492201,VA,Fairfax,3097,0.14352823096471579,564,25.6,32.4,10.0,9.1,5.7,4.3,18.2,10.7,41.9,22.5,2.7
51153901419,VA,Prince William,4270,0.1433283896332835,565,18.9,32.0,3.6,10.5,4.6,5.9,21.8,13.0,33.4,39.8,3.0
51610500100,VA,Falls Church,3529,0.14239713580606936,566,26.4,32.1,10.0,9.2,5.2,4.0,20.1,9.7,39.4,28.5,2.5
51179010404,VA,Stafford,6642,0.1416216274377827,567,24.0,30.6,7.5,10.3,4.7,4.5,22.9,9.7,35.9,33.9,2.5
51107610601,VA,Loudoun,7193,0.14134459551092773,568,24.3,31.8,7.9,9.9,5.0,4.9,21.4,9.6,36.9,31.3,2.6
24031700101,MD,Montgomery,4570,0.14121971280141563,569,23.5,32.9,9.1,9.3,5.5,4.6,18.1,10.0,43.3,25.0,2.8
24033800522,MD,Prince George's,3841,0.1400910719893354,570,23.9,40.2,5.4,11.9,4.0,3.5,13.1,13.1,35.3,41.1,3.1
51059452200,VA,Fairfax,6982,0.1387919347757384,571,21.4,32.5,5.1,9.4,5.8,5.5,17.9,14.8,38.6,27.8,3.2
24033800106,MD,Prince George's,3161,0.13831164241989688,572,22.9,36.5,5.4,11.4,4.3,4.5,15.1,12.7,35.2,40.2,3.0
51107610507,VA,Loudoun,6297,0.13821157095060446,573,25.2,33.0,8.6,9.6,5.1,4.5,19.7,10.0,39.1,29.0,2.6
24031705300,MD,Montgomery,2049,0.13815691512220107,574,25.5,32.6,12.6,8.8,5.5,3.7,17.8,8.2,45.8,21.8,2.5
24031701415,MD,Montgomery,7916,0.13790817584583903,575,22.3,35.5,6.9,9.6,5.5,4.5,16.1,12.3,41.9,27.7,3.2
24033805201,MD,Prince George's,4254,0.13704756586632982,576,21.3,34.7,4.4,10.7,5.0,5.0,14.5,14.0,34.6,41.2,3.5
11001000703,DC,District of Columbia,3022,0.1341372221936927,577,26.0,32.5,14.1,8.5,5.7,3.9,18.3,7.4,42.9,17.3,3.0
24031703208,MD,Montgomery,5425,0.13334750050997143,578,23.4,32.7,9.2,9.5,5.5,4.4,18.6,9.7,41.9,25.1,2.9
24021750507,MD,Frederick,4271,0.13285423575040897,579,19.8,31.6,4.2,10.2,4.7,5.7,21.1,12.2,34.3,41.5,2.9
24033803613,MD,Prince George's,6943,0.1311558900886576,580,21.3,36.2,4.2,11.9,4.2,4.8,15.2,13.1,32.5,43.8,3.2
24033803700,MD,Prince George's,2950,0.13091099650142296,581,21.0,33.2,4.5,10.8,4.8,5.3,15.8,13.5,34.7,41.7,3.2
24031703302,MD,Montgomery,4446,0.12979722167014718,582,19.8,32.3,5.2,9.2,5.8,5.6,17.5,13.4,40.7,30.3,3.3
24031702700,MD,Montgomery,7380,0.1292147566100165,583,21.3,33.2,6.5,10.1,5.2,5.0,18.8,11.1,39.6,30.0,3.0
24031701407,MD,Montgomery,5578,0.12876262834027305,584,23.2,35.0,8.3,9.2,5.5,4.3,16.3,11.4,43.6,25.6,3.0
24033800411,MD,Prince George's,4877,0.12660399094877273,585,23.4,37.5,5.9,11.1,4.5,4.3,14.0,12.8,36.1,38.5,3.0
24031701303,MD,Montgomery,3789,0.1264276121003345,586,24.4,33.0,10.6,8.8,5.7,4.1,17.5,9.5,44.6,22.5,2.8
51059492500,VA,Fairfax,4139,0.12636730780029104,587,25.5,31.3,10.1,9.3,5.5,4.3,19.4,10.0,41.2,22.6,2.6
24031705100,MD,Montgomery,5665,0.1251377082179802,588,24.5,32.7,11.0,9.2,5.5,4.0,18.0,8.9,43.7,22.9,2.7
24031700834,MD,Montgomery,5105,0.1245362925343027,589,19.6,33.1,4.6,10.5,4.9,5.4,18.9,12.7,38.4,32.5,3.1
51179010214,VA,Stafford,3873,0.12390474590282129,590,22.1,30.7,5.4,10.7,4.4,4.9,23.1,10.9,34.3,37.4,2.6
51153901702,VA,Prince William,4047,0.12370469206250209,591,19.9,30.6,4.7,9.7,5.1,5.7,21.1,12.5,35.8,37.8,2.9
51153901221,VA,Prince William,5646,0.12029487222270094,592,21.9,32.2,5.9,10.6,4.4,4.9,22.2,10.6,34.9,35.9,2.7
51153901228,VA,Prince William,6336,0.11944732923403403,593,21.8,33.2,5.6,10.0,4.7,5.0,20.0,12.1,36.7,35.5,2.8
51153900302,VA,Prince William,6165,0.11791506319401174,594,20.1,32.6,4.3,10.8,4.4,5.2,21.6,12.2,34.0,37.8,2.9
24031700209,MD,Montgomery,4451,0.1162229266194949,595,22.8,31.0,8.6,9.7,5.2,4.9,20.0,9.3,42.2,25.7,2.6
24031701317,MD,Montgomery,4494,0.11514554727023336,596,23.2,32.5,8.9,9.4,5.3,4.6,18.6,9.9,43.2,24.7,2.7
51683910301,VA,Manassas,4579,0.11496080478887293,597,21.6,30.8,5.6,10.0,4.9,5.3,20.8,11.8,35.9,35.7,2.8
51630000500,VA,Fredericksburg,8872,0.11411724336729759,598,20.7,30.3,4.8,11.4,4.2,4.8,23.9,10.4,32.0,42.1,2.5
24031700500,MD,Montgomery,7196,0.11296154627963285,599,22.8,31.0,8.6,9.8,5.1,4.8,20.3,9.2,41.9,25.8,2.6
51013102701,VA,Arlington,3579,0.11267508236454492,600,20.6,32.8,3.9,10.1,4.9,5.4,20.3,13.6,35.3,34.4,3.1
51059452700,VA,Fairfax,5398,0.11037034710243522,601,21.5,32.1,5.3,10.2,5.2,5.2,19.2,13.1,36.3,30.3,3.1
24031701212,MD,Montgomery,2723,0.10879356604061562,602,23.4,32.7,9.4,9.0,5.6,4.5,17.7,9.9,43.9,23.7,2.8
51059421002,VA,Fairfax,5348,0.10828278318551163,603,21.2,31.3,5.4,10.2,5.3,5.6,20.1,12.6,36.2,28.6,3.0
24033805101,MD,Prince George's,4031,0.10559018850426934,604,18.3,31.4,3.1,10.9,4.8,5.9,17.1,14.1,33.0,44.6,3.2
51059415800,VA,Fairfax,5047,0.10487983673120217,605,25.2,30.2,9.9,9.8,5.2,4.3,20.7,9.2,39.4,24.1,2.5
11001001600,DC,District of Columbia,4471,0.10484620139988779,606,23.7,37.3,8.7,9.9,5.0,3.8,16.9,9.9,39.8,23.3,3.6
24031700208,MD,Montgomery,2433,0.10391810264454611,607,22.2,31.0,8.0,9.8,5.2,5.0,20.1,9.5,41.0,26.8,2.7
24033800217,MD,Prince George's,4776,0.10326705475676677,608,22.4,35.8,5.5,11.3,4.5,4.5,15.2,12.3,34.3,40.2,3.0
24033807500,MD,Prince George's,7321,0.1026800664864715,609,21.7,33.0,5.6,11.0,4.6,5.0,17.2,11.8,34.2,40.1,2.9
24033800103,MD,Prince George's,2454,0.10254204988112797,610,20.3,33.5,4.4,11.3,4.6,5.5,17.0,12.3,32.9,41.8,3.0
24021751201,MD,Frederick,5702,0.10211370627835975,611,24.5,33.1,8.6,9.3,5.0,4.3,19.4,9.8,38.6,33.1,2.5
24031701218,MD,Montgomery,3050,0.10173200177152521,612,23.4,33.2,9.6,8.9,6.1,4.4,16.8,9.9,41.6,23.2,3.2
24033805000,MD,Prince George's,5906,0.0998803922462398,613,22.0,35.3,4.9,10.9,4.8,4.6,14.4,13.3,33.9,40.4,3.4
24031701312,MD,Montgomery,6458,0.09768285842402674,614,22.6,32.0,8.3,9.6,5.2,4.7,19.1,9.9,42.2,25.8,2.7
11001007901,DC,District of Columbia,4148,0.09633427376047284,615,18.6,32.5,4.3,11.9,4.1,5.5,23.7,9.8,32.0,30.7,3.5
51179010108,VA,Stafford,6426,0.09621561560842778,616,22.6,30.9,6.0,10.5,4.4,4.6,22.1,10.7,35.3,36.2,2.6
51059421600,VA,Fairfax,6409,0.0962065235412986,617,20.2,32.2,4.1,10.9,4.8,5.1,19.2,13.9,34.6,33.9,3.1
51059482100,VA,Fairfax,3258,0.09605796066114584,618,24.2,30.7,8.7,9.9,5.2,4.5,20.2,10.2,38.2,25.7,2.7
24031701409,MD,Montgomery,4361,0.09541421689911124,619,22.9,34.8,7.9,9.1,5.5,4.4,16.0,11.6,43.6,25.1,3.0
51059452501,VA,Fairfax,3912,0.09382361282561687,620,22.9,31.7,7.1,9.2,5.8,5.1,18.1,12.5,39.5,24.7,3.0
11001009511,DC,District of Columbia,2066,0.09374735629233139,621,11.8,26.9,2.0,12.9,4.2,8.2,31.7,8.0,24.7,34.8,3.0
51153901212,VA,Prince William,7978,0.09298722503154848,622,21.0,33.4,5.0,10.4,4.6,4.9,19.7,12.4,35.6,35.7,2.9
51059470300,VA,Fairfax,3418,0.09288248494191674,623,25.8,31.6,10.8,9.1,5.6,3.9,18.8,9.7,41.2,22.4,2.5
51059470900,VA,Fairfax,7993,0.09265515483113873,624,25.6,31.7,10.5,8.9,5.8,4.2,18.2,10.1,41.0,21.5,2.7
24033800516,MD,Prince George's,3889,0.09264180151621239,625,23.8,36.3,6.3,11.5,4.3,4.1,14.7,11.7,34.9,37.6,3.0
51059481400,VA,Fairfax,6647,0.08922502682856298,626,24.9,31.3,9.6,9.3,5.6,4.3,19.3,10.1,39.5,23.4,2.7
24033800212,MD,Prince George's,6374,0.08870586002049427,627,23.2,36.1,6.1,10.9,4.7,4.3,14.1,12.6,36.1,35.3,3.2
51059415200,VA,Fairfax,3218,0.08848501705287014,628,24.7,29.6,9.2,10.2,4.9,4.3,21.8,9.2,38.2,25.5,2.4
24031700103,MD,Montgomery,5492,0.08607770426264956,629,23.0,32.6,8.7,9.1,5.4,4.6,17.7,10.2,43.8,24.1,2.8
24033803519,MD,Prince George's,6212,0.08562265589973754,630,22.1,37.4,4.5,12.4,3.9,4.1,14.8,12.3,32.0,42.9,3.1
24031703502,MD,Montgomery,3108,0.08448230100201748,631,22.4,31.9,8.2,9.4,5.4,4.7,18.4,10.2,41.6,26.0,2.9
51600300500,VA,Fairfax,3560,0.0843624868551054,632,24.2,31.9,8.5,9.1,5.4,4.5,19.4,10.6,38.2,29.7,2.6
24033800206,MD,Prince George's,4272,0.08398431544326639,633,22.0,35.9,5.1,11.7,4.2,4.4,15.4,12.4,33.8,40.8,2.9
24033807304,MD,Prince George's,2266,0.08376279848598074,634,22.1,33.6,5.8,9.8,5.3,4.9,14.6,13.3,36.9,36.7,3.2
24033803509,MD,Prince George's,4175,0.0824292549583717,635,19.1,35.2,3.1,12.7,3.8,5.2,16.7,12.4,29.7,46.2,3.1
24031701602,MD,Montgomery,6790,0.08231829960791626,636,17.9,32.1,3.7,9.7,5.4,5.7,17.7,14.1,38.6,33.1,3.4
51059422101,VA,Fairfax,6872,0.07987180881638772,637,20.9,32.5,4.8,10.6,4.9,5.0,19.7,13.1,35.3,31.0,3.0
51013100400,VA,Arlington,3780,0.07986777548915963,638,26.6,31.5,10.6,8.9,5.2,3.8,20.1,9.1,41.2,23.7,2.4
11001010300,DC,District of Columbia,3604,0.07567695089005644,639,20.6,34.4,5.7,10.6,4.7,4.9,19.5,10.5,35.9,27.9,3.7
51179010306,VA,Stafford,2773,0.07249121965360138,640,21.0,30.4,5.2,10.9,4.4,4.9,23.1,10.4,32.2,38.3,2.7
24021752102,MD,Frederick,6881,0.0717734057357447,641,24.2,31.7,8.5,9.3,4.8,4.4,20.5,9.3,38.6,32.7,2.4
51153900201,VA,Prince William,2710,0.07135022955498213,642,19.6,31.8,4.3,10.4,4.5,5.3,21.7,12.0,33.8,38.3,2.8
51059480100,VA,Fairfax,4399,0.07111976563752398,643,25.5,31.4,10.6,9.1,5.5,3.9,18.8,9.8,41.4,21.8,2.5
11001009400,DC,District of Columbia,4424,0.0698783854677168,644,21.7,36.0,6.4,10.7,4.6,4.3,18.4,10.3,36.8,26.3,3.7
51107610603,VA,Loudoun,3587,0.06980928467477154,645,22.1,31.0,6.1,10.2,4.8,5.2,21.9,10.3,34.6,33.7,2.6
24031704100,MD,Montgomery,4844,0.06924314124804812,646,24.3,32.1,11.1,9.0,5.4,3.9,18.1,8.5,43.5,22.9,2.6
24033800209,MD,Prince George's,4788,0.06746082034069513,647,20.5,33.8,4.3,11.5,4.4,5.0,16.2,12.5,32.1,42.8,3.1
51059440300,VA,Fairfax,2765,0.06624051370641981,648,25.2,31.5,10.0,9.0,5.6,4.1,18.6,10.2,40.9,22.3,2.6
24017851501,MD,Charles,4630,0.06409428368912873,649,21.7,37.7,4.9,11.2,3.8,4.4,17.7,11.6,33.1,42.2,2.7
51153900803,VA,Prince William,6016,0.06277575466692394,650,19.5,33.5,3.7,11.5,3.9,4.8,21.3,12.0,31.9,40.7,2.8
51107610702,VA,Loudoun,6207,0.06254740654874484,651,23.2,30.0,7.2,10.4,4.6,4.9,22.9,9.0,35.4,31.3,2.4
11001001902,DC,District of Columbia,2117,0.06014818475654048,652,21.8,36.3,6.5,10.4,4.6,4.2,18.2,10.5,37.1,26.5,3.7
24033800413,MD,Prince George's,4348,0.05848079878260349,653,21.5,37.0,4.3,12.3,3.8,4.2,14.9,12.4,32.2,43.2,3.0
24031706005,MD,Montgomery,4664,0.05818283682126732,654,24.2,33.7,10.9,8.3,5.8,3.9,15.5,9.9,46.1,20.3,2.8
51061930401,VA,Fauquier,7315,0.05811339322550755,655,24.5,29.6,8.1,9.9,4.6,4.4,22.3,9.1,37.0,30.7,2.4
51059450800,VA,Fairfax,3483,0.05768408317922918,656,23.1,31.9,7.3,8.7,5.9,4.9,17.0,12.9,41.1,23.1,3.0
51107610300,VA,Loudoun,8911,0.05724868466546439,657,24.6,31.4,8.6,9.8,4.8,4.3,20.6,9.1,38.0,29.5,2.4
24031700724,MD,Montgomery,3279,0.057066041802931906,658,18.3,32.4,4.0,10.1,5.1,5.5,18.4,12.9,37.3,34.1,3.2
24017850905,MD,Charles,4312,0.05457647600213613,659,22.2,37.7,5.4,10.9,3.8,4.3,17.5,11.3,33.6,41.8,2.7
51107611400,VA,Loudoun,5767,0.05350036226061041,660,21.5,32.0,5.4,9.3,5.2,5.3,19.0,12.5,36.8,33.9,2.8
24031701315,MD,Montgomery,4394,0.05211160684396174,661,22.2,32.2,7.5,9.8,4.9,4.5,18.9,10.3,41.4,26.2,2.8
51107611701,VA,Loudoun,4797,0.05146779603016038,662,22.6,32.2,6.4,9.1,5.3,5.0,18.6,11.8,37.5,32.4,2.8
24031705200,MD,Montgomery,3344,0.05133478416395342,663,24.0,31.8,10.9,9.1,5.3,3.8,18.4,8.5,43.7,22.9,2.5
24031703213,MD,Montgomery,6321,0.05064278684555517,664,17.7,31.0,3.6,11.0,4.6,5.7,20.1,12.1,35.4,35.1,3.1
51153901227,VA,Prince William,5282,0.05005049168621714,665,20.8,32.4,5.1,9.9,4.7,4.9,19.7,12.2,35.9,35.7,2.9
51107610201,VA,Loudoun,6225,0.04840559126520425,666,24.6,31.1,8.6,9.8,4.7,4.3,21.5,8.8,37.5,29.7,2.3
51153901203,VA,Prince William,4013,0.04796050419144615,667,21.4,32.7,5.7,9.5,4.9,4.7,19.3,12.3,36.8,34.8,2.8
24031700832,MD,Montgomery,3206,0.04777323772577553,668,19.6,32.5,5.1,9.6,5.3,5.2,17.7,12.6,39.3,31.2,3.1
51059440800,VA,Fairfax,6397,0.04771042286878859,669,25.1,31.7,9.7,8.8,5.7,4.2,17.6,10.8,41.3,21.4,2.7
51059430202,VA,Fairfax,4949,0.04530578911642384,670,23.1,30.7,7.5,9.4,5.5,4.8,19.6,11.4,38.8,24.4,2.7
51510201500,VA,Alexandria,3835,0.043467945252889,671,24.9,30.3,9.2,9.4,4.9,3.9,21.2,9.2,39.2,28.1,2.3
11001011002,DC,District of Columbia,1859,0.041001311152765,672,23.5,31.9,10.4,9.4,4.8,4.1,20.5,8.0,40.3,21.1,3.0
51179010212,VA,Stafford,4675,0.03914808837500981,673,22.1,30.1,5.7,10.6,4.2,4.5,22.6,10.4,34.6,36.3,2.5
24031705400,MD,Montgomery,2904,0.038381949096824186,674,24.1,31.5,11.1,9.0,5.2,3.8,18.2,8.4,44.7,22.4,2.4
51153901231,VA,Prince William,7144,0.037775787374636424,675,23.0,31.9,7.6,9.5,4.8,4.4,20.4,10.2,37.8,30.7,2.6
11001009903,DC,District of Columbia,2004,0.03697336387661978,676,20.2,35.9,4.9,11.9,4.1,4.5,18.8,10.1,33.2,29.6,3.8
51059422403,VA,Fairfax,3024,0.03426752822704879,677,23.4,30.8,7.9,9.7,5.2,4.5,19.5,10.6,38.6,25.4,2.7
51059431300,VA,Fairfax,4419,0.030715145050577205,678,23.5,30.5,8.2,9.6,5.2,4.6,19.7,10.5,38.9,24.5,2.6
24031701004,MD,Montgomery,5301,0.0299354802754534,679,22.2,31.3,8.5,9.5,5.3,4.6,18.7,9.4,41.4,24.9,2.7
24033804801,MD,Prince George's,2648,0.02890116298913471,680,19.4,34.1,3.4,12.1,3.9,4.9,16.6,12.5,30.9,44.9,3.0
51059460200,VA,Fairfax,3970,0.02797565479520459,681,25.2,30.9,10.4,9.2,5.4,3.8,19.0,9.5,40.8,22.2,2.4
51059421200,VA,Fairfax,2024,0.027828842269476503,682,24.6,30.4,9.6,9.5,5.3,4.1,19.8,9.3,38.7,23.8,2.6
51059440701,VA,Fairfax,2895,0.026124172479631433,683,24.7,31.0,9.7,9.0,5.5,4.2,18.4,10.2,40.9,21.7,2.6
24031700606,MD,Montgomery,4192,0.02593026641226043,684,22.5,33.1,8.2,8.5,5.5,4.5,16.3,11.3,45.6,22.2,2.8
24031700730,MD,Montgomery,5343,0.025321870913528433,685,20.6,32.5,5.9,9.5,5.1,4.9,17.8,12.0,40.8,28.7,2.9
51059481600,VA,Fairfax,3480,0.0247695924903086,686,25.4,30.8,10.5,9.1,5.3,3.8,18.7,9.6,41.4,22.1,2.4
24031706009,MD,Montgomery,5569,0.024047397908840362,687,23.6,32.8,10.2,8.6,5.5,3.8,16.8,9.7,45.3,21.9,2.6
51059421400,VA,Fairfax,8188,0.024043290220806392,688,19.3,30.9,4.0,10.6,4.8,5.4,20.3,12.9,33.6,33.4,3.0
24031701222,MD,Montgomery,3784,0.02081756152450977,689,23.6,32.1,10.3,8.9,5.4,3.9,17.6,9.2,43.5,22.5,2.6
51059440100,VA,Fairfax,7503,0.019777342594603974,690,24.2,31.0,9.1,9.1,5.6,4.3,18.4,10.5,39.9,22.3,2.7
51107611202,VA,Loudoun,4735,0.019529972319864516,691,25.1,32.4,9.5,9.1,5.3,4.0,18.6,9.3,38.4,26.9,2.6
24031700206,MD,Montgomery,5708,0.018287642272342673,692,22.0,30.4,8.3,9.6,5.0,4.6,19.7,9.1,41.5,25.7,2.6
51059492000,VA,Fairfax,6550,0.01791425045451105,693,25.1,31.1,10.4,9.0,5.4,3.8,18.5,9.7,41.2,21.8,2.5
51059451800,VA,Fairfax,3485,0.01755184405319331,694,22.8,31.4,7.3,8.9,5.7,4.7,17.8,12.3,39.5,25.2,2.8
51059470500,VA,Fairfax,5717,0.01743258399554459,695,25.1,31.6,10.0,8.8,5.5,3.9,17.7,10.5,41.7,21.1,2.6
24021751801,MD,Frederick,5417,0.01633685490835142,696,23.6,30.3,8.1,9.6,4.4,4.3,21.9,8.6,37.5,33.3,2.3
24031701703,MD,Montgomery,3719,0.015653668210084872,697,20.4,33.0,5.8,10.2,4.8,4.7,18.0,11.0,39.2,30.0,3.0
51059430500,VA,Fairfax,1716,0.014375573413872128,698,23.1,31.1,7.5,9.0,5.5,4.7,18.1,11.9,40.2,23.7,2.8
11001007903,DC,District of Columbia,1865,0.014322792910292481,699,19.8,33.5,5.3,11.0,4.3,4.8,21.1,9.8,34.0,27.9,3.6
51059420700,VA,Fairfax,4241,0.014293242171581072,700,23.2,30.4,7.9,9.6,5.2,4.5,19.4,10.7,38.4,25.4,2.7
51013102200,VA,Arlington,7880,0.01392843395560902,701,20.7,31.2,4.3,9.7,4.8,5.0,20.2,13.4,35.8,32.8,2.9
51059451300,VA,Fairfax,2491,0.013798973012249293,702,23.5,30.3,8.3,9.4,5.3,4.4,19.8,10.5,38.7,24.7,2.6
51059460800,VA,Fairfax,3162,0.011893189545680532,703,24.3,30.6,9.2,9.2,5.3,4.2,19.2,10.2,40.2,22.9,2.5
51153901509,VA,Prince William,7056,0.01174921369921932,704,22.9,30.7,7.9,9.8,4.5,4.4,21.9,9.1,37.2,31.1,2.3
51013100200,VA,Arlington,6660,0.010779685649850546,705,25.1,29.8,9.3,9.4,4.8,4.1,21.5,8.8,39.4,24.7,2.3
11001001901,DC,District of Columbia,4206,0.01077317273206092,706,20.8,34.1,5.9,10.6,4.5,4.4,19.5,10.2,35.7,27.1,3.6
24031700728,MD,Montgomery,2043,0.010655787380903616,707,19.8,32.1,5.7,9.5,5.3,5.1,18.4,11.8,40.1,27.0,3.0
51153901009,VA,Prince William,7488,0.009872156483180633,708,22.7,31.7,7.4,10.1,4.4,4.2,20.9,9.7,36.9,32.1,2.4
51059432300,VA,Fairfax,5127,0.009709918743298455,709,24.2,31.3,8.7,9.1,5.4,4.2,18.3,10.9,40.5,23.0,2.6
24021751902,MD,Frederick,6005,0.0094633273381446,710,24.0,30.6,8.5,9.6,4.4,4.1,21.3,8.7,37.7,32.4,2.3
51153901011,VA,Prince William,6654,0.00898448245683952,711,21.5,32.5,5.8,10.3,4.3,4.5,20.5,10.9,35.7,34.3,2.6
24017850904,MD,Charles,13090,0.008916874938490187,712,21.7,38.1,5.0,11.2,3.7,4.0,17.0,11.4,32.7,42.1,2.7
24031702401,MD,Montgomery,2722,0.006845522572593609,713,22.3,32.0,8.4,9.6,4.8,4.1,18.8,9.5,41.5,26.9,2.6
24031700731,MD,Montgomery,4261,0.006584705060219949,714,18.0,30.6,4.4,10.4,4.9,5.7,19.6,11.5,36.8,32.1,3.0
24033800105,MD,Prince George's,4238,0.0063996104647941416,715,22.1,34.5,5.5,11.1,4.1,4.3,15.4,11.9,34.7,39.6,2.8
51059431900,VA,Fairfax,3173,0.006198235785543687,716,24.2,31.1,9.1,9.0,5.4,4.2,18.5,10.6,40.8,22.8,2.5
51153900601,VA,Prince William,3950,0.005689612564758668,717,19.6,31.5,4.6,9.5,4.8,5.1,19.9,12.7,35.2,37.5,2.8
24031706013,MD,Montgomery,2980,0.005649203845068665,718,23.7,32.5,10.4,8.6,5.4,3.8,16.9,9.4,44.7,21.9,2.6
51059452302,VA,Fairfax,5762,0.004786820101282288,719,17.8,29.1,3.4,9.7,5.3,5.9,20.4,14.3,34.5,33.2,3.0
24033807404,MD,Prince George's,5617,0.004409706123830262,720,20.9,32.1,5.2,10.2,4.9,5.1,15.7,12.6,35.5,37.7,2.9
24031701308,MD,Montgomery,4234,0.004249068373863487,721,22.4,33.1,8.3,8.9,5.4,4.3,16.6,10.6,43.6,23.5,2.8
51153900407,VA,Prince William,6849,0.004222529280269569,722,19.8,32.9,4.3,10.5,4.3,4.7,20.1,12.1,33.9,38.0,2.8
51059460100,VA,Fairfax,4544,0.002230823101017064,723,24.4,31.6,9.2,8.8,5.6,4.1,17.5,11.0,41.8,21.0,2.6
51059490101,VA,Fairfax,5064,0.0022078188504390693,724,22.4,30.3,6.9,9.7,5.0,4.9,19.9,11.2,38.5,24.7,2.7
51059471402,VA,Fairfax,3550,0.0018071289880336057,725,21.1,30.1,5.6,9.6,5.3,5.2,19.4,12.5,37.6,26.5,2.9
51013102301,VA,Arlington,1734,0.001268169099372506,726,23.1,30.4,6.9,9.8,4.6,4.6,21.9,10.0,36.9,28.6,2.5
11001008804,DC,District of Columbia,2417,0.0007707311980344012,727,18.7,33.3,4.6,11.4,4.2,4.9,21.4,10.0,32.9,29.8,3.5
24031700713,MD,Montgomery,6081,-0.0008324099978852882,728,17.2,31.1,3.6,10.1,4.9,5.6,19.2,12.8,36.6,34.3,3.1
51510200105,VA,Alexandria,4065,-0.0011083870559752693,729,19.5,32.9,4.0,11.3,4.1,4.8,20.8,11.4,32.3,37.2,2.8
24033806710,MD,Prince George's,5256,-0.0012158724777954716,730,22.5,35.9,5.4,11.3,4.1,4.0,14.2,12.3,35.2,37.7,2.9
24031701006,MD,Montgomery,5550,-0.0013114344651778671,731,23.9,33.3,10.6,8.1,5.7,3.9,15.2,9.9,45.8,20.1,2.8
51153901223,VA,Prince William,6777,-0.004480430441974947,732,21.8,31.4,6.6,10.0,4.5,4.5,20.7,10.3,36.1,33.3,2.5
24031700718,MD,Montgomery,5487,-0.0046945331530550555,733,22.5,32.5,9.1,9.0,5.6,4.1,17.1,9.9,41.7,23.6,2.8
51600300300,VA,Fairfax,5889,-0.006319571489480139,734,22.5,31.1,7.1,9.2,5.1,4.6,19.6,11.1,37.0,30.6,2.6
24031700715,MD,Montgomery,6117,-0.007707600017713188,735,19.8,31.6,5.4,9.7,5.0,5.0,17.7,12.0,40.0,29.3,3.0
51059421102,VA,Fairfax,3514,-0.00825062292961581,736,23.4,31.5,7.6,9.9,4.9,4.2,18.8,10.9,38.1,25.6,2.7
24031700813,MD,Montgomery,6353,-0.008561085922672702,737,20.5,32.4,6.2,9.4,5.2,4.7,17.2,11.6,40.0,29.2,3.0
11001001500,DC,District of Columbia,6156,-0.009104166599046276,738,23.6,30.7,11.7,9.0,4.9,4.1,19.7,7.2,41.4,18.8,2.9
51059421701,VA,Fairfax,4517,-0.00954809158198679,739,19.6,30.8,4.1,10.4,4.9,5.1,19.0,13.4,34.8,32.1,3.0
51153901224,VA,Prince William,4459,-0.009971449293176605,740,22.8,31.9,7.7,9.3,4.8,4.2,19.6,10.2,38.0,31.3,2.5
24031700820,MD,Montgomery,3097,-0.010892363736175366,741,18.4,31.3,4.4,9.9,4.9,5.5,18.7,12.3,38.1,31.4,3.0
24031700104,MD,Montgomery,5486,-0.012349580235442048,742,20.8,32.2,6.5,9.8,4.9,4.6,18.0,10.8,40.1,28.7,2.8
24031703501,MD,Montgomery,6694,-0.014034487704474437,743,19.5,32.4,5.1,9.6,5.1,4.9,17.0,12.4,39.7,30.3,3.1
51510200600,VA,Alexandria,4731,-0.014298275220223448,744,22.1,31.7,6.0,9.9,4.6,4.3,20.1,11.2,36.3,32.8,2.6
24021751001,MD,Frederick,2076,-0.014589597036400125,745,21.1,31.3,5.4,10.2,4.1,4.6,21.8,10.3,34.7,37.4,2.5
24031700615,MD,Montgomery,2895,-0.01500885501061272,746,22.5,31.6,8.9,9.1,5.1,4.1,18.2,9.5,43.6,23.9,2.5
51059432100,VA,Fairfax,3573,-0.016851362198900512,747,23.6,29.9,8.4,9.6,5.0,4.3,19.8,10.2,38.8,24.3,2.5
51153900408,VA,Prince William,4700,-0.01776458553166014,748,20.5,32.4,4.9,10.4,4.2,4.6,20.2,11.5,34.8,35.9,2.7
24031706007,MD,Montgomery,7270,-0.01795208766549049,749,23.5,33.3,10.2,8.1,5.7,3.8,15.3,10.2,46.3,20.0,2.7
11001009505,DC,District of Columbia,3796,-0.01799914015139918,750,21.0,35.4,6.0,10.7,4.5,4.1,18.1,10.1,35.5,26.7,3.7
51510200108,VA,Alexandria,1667,-0.01851990988778831,751,21.3,32.8,5.0,10.5,4.2,4.3,20.1,11.6,34.5,35.2,2.7
51179010103,VA,Stafford,5044,-0.019520094132728184,752,21.9,29.4,6.1,10.6,4.2,4.2,22.9,9.7,34.0,35.3,2.4
11001000904,DC,District of Columbia,3148,-0.02055773006962132,753,24.1,31.0,12.8,8.6,5.2,3.6,19.3,7.0,42.3,18.1,2.7
24033804802,MD,Prince George's,2970,-0.020843813217487864,754,19.3,32.3,3.8,10.8,4.6,4.9,16.0,13.0,32.0,42.7,3.2
51179010105,VA,Stafford,8089,-0.021514325291862504,755,22.4,30.4,6.2,10.4,4.2,4.2,21.6,10.0,35.1,34.9,2.4
24031701601,MD,Montgomery,2128,-0.0231129546647012,756,18.3,33.5,3.7,10.8,4.5,4.9,17.8,12.4,35.9,33.8,3.2
24031701704,MD,Montgomery,3033,-0.02364012425723988,757,21.5,32.1,7.3,9.9,4.7,4.2,18.8,9.8,39.9,28.2,2.7
51179010211,VA,Stafford,4242,-0.023899839490239747,758,20.9,29.3,5.0,10.9,3.9,4.5,23.5,10.1,33.0,37.5,2.4
51510200109,VA,Alexandria,5794,-0.02410007424989157,759,20.2,32.1,4.3,10.3,4.3,4.7,20.2,12.2,34.1,37.1,2.7
51059451601,VA,Fairfax,6129,-0.02632689791403767,760,16.6,27.8,2.9,9.8,5.4,6.0,20.9,14.1,33.6,34.5,3.0
24033806601,MD,Prince George's,4939,-0.026493896666443573,761,18.3,30.7,3.4,10.6,4.6,5.4,16.3,13.4,32.9,43.2,3.1
24033807405,MD,Prince George's,6459,-0.026597147547624565,762,21.4,31.7,6.0,10.2,4.8,4.9,15.9,11.6,35.6,36.3,2.8
51013103700,VA,Arlington,2626,-0.027351792442473332,763,25.4,30.9,9.8,8.8,5.0,3.7,20.2,9.0,40.0,24.5,2.3
51059430902,VA,Fairfax,3415,-0.029242780568895652,764,22.4,31.1,6.8,9.1,5.3,4.5,18.4,12.3,39.3,25.2,2.7
51510200302,VA,Alexandria,4452,-0.029949510342256336,765,21.7,30.4,6.1,10.1,4.6,4.7,20.4,10.5,35.6,32.2,2.6
51683910302,VA,Manassas,6436,-0.030645175657466203,766,20.2,29.4,5.2,10.2,4.5,4.9,21.4,11.0,34.2,35.9,2.6
51059432401,VA,Fairfax,3615,-0.030985992082115,767,24.0,30.6,9.1,9.2,5.1,4.1,18.8,10.2,40.6,22.7,2.4
24031701306,MD,Montgomery,3000,-0.03276823314296914,768,22.9,31.3,9.7,8.9,5.1,4.0,18.2,8.9,43.1,23.6,2.5
24031703201,MD,Montgomery,7546,-0.03297157628409256,769,21.1,31.6,7.3,8.9,5.4,4.7,17.1,10.8,41.9,25.5,2.9
24021750804,MD,Frederick,2441,-0.03324770927778184,770,23.6,30.9,8.3,9.5,4.3,4.0,20.4,8.9,37.8,32.9,2.3
51153901229,VA,Prince William,3983,-0.03341651233110052,771,20.6,32.3,5.0,10.1,4.3,4.4,20.0,11.7,35.7,35.0,2.7
51600300200,VA,Fairfax,5200,-0.03345445750558931,772,22.9,31.0,7.6,9.1,5.0,4.3,19.5,10.4,37.3,31.1,2.5
24033805906,MD,Prince George's,3816,-0.034179989595397434,773,18.0,31.6,3.2,11.2,4.3,5.4,17.0,12.7,31.0,44.4,3.0
51059480203,VA,Fairfax,2828,-0.034602998458249344,774,23.8,30.6,8.9,9.0,5.5,4.3,18.5,10.4,38.8,22.3,2.7
51059470400,VA,Fairfax,4994,-0.03503729794658619,775,24.9,30.7,10.2,9.0,5.2,3.7,18.4,9.7,41.0,21.6,2.4
51059450400,VA,Fairfax,2726,-0.036164045355121986,776,23.2,30.1,8.3,9.3,5.2,4.3,18.8,10.6,39.5,23.7,2.6
24033802201,MD,Prince George's,4215,-0.03696171070825942,777,20.7,34.9,4.3,12.0,3.8,4.2,15.4,11.7,31.8,42.4,2.9
51059461201,VA,Fairfax,4633,-0.037091837007463664,778,24.8,30.6,10.3,9.0,5.2,3.6,18.4,9.6,41.3,21.6,2.4
24033806800,MD,Prince George's,4183,-0.040518889412183096,779,21.7,30.9,6.5,10.0,4.9,5.0,16.5,10.9,35.9,34.7,2.7
24033800514,MD,Prince George's,6586,-0.043870342509358756,780,22.5,37.7,5.2,11.4,3.8,3.5,13.3,12.4,35.0,39.2,2.8
24031700604,MD,Montgomery,6725,-0.04598339861213155,781,22.7,31.3,9.4,8.9,5.1,4.0,17.6,9.3,44.1,22.6,2.5
51059421103,VA,Fairfax,5913,-0.04867038145701772,782,22.9,30.4,7.4,10.0,4.7,4.3,19.5,10.5,38.2,25.4,2.5
24031704700,MD,Montgomery,3816,-0.049641547963638996,783,23.4,30.9,10.8,8.8,5.1,3.7,17.9,8.3,44.1,21.8,2.4
51059482002,VA,Fairfax,3545,-0.049739237084301856,784,24.0,29.5,9.4,9.6,4.9,3.8,20.5,9.1,38.7,23.8,2.3
51510200802,VA,Alexandria,2991,-0.04982456820508279,785,21.2,29.0,5.8,10.5,4.2,4.7,22.9,9.6,34.3,33.1,2.4
24031700833,MD,Montgomery,4600,-0.05062578740333445,786,18.8,31.5,4.9,9.5,5.1,5.1,17.4,12.4,40.0,28.8,3.0
51059460900,VA,Fairfax,2631,-0.05107945623869415,787,24.2,30.3,9.5,9.0,5.2,4.0,18.7,9.8,40.1,22.2,2.5
24031705800,MD,Montgomery,6489,-0.05141100217320105,788,23.1,31.0,10.3,9.0,5.0,3.7,18.0,8.5,43.7,22.8,2.4
51153901703,VA,Prince William,2762,-0.052354496437918834,789,20.5,30.4,5.6,9.3,4.9,4.8,20.0,11.2,36.2,34.0,2.7
24031703221,MD,Montgomery,4694,-0.05315852755631006,790,21.1,33.1,6.7,9.7,4.8,4.2,16.9,11.0,40.8,27.3,2.8
51153901411,VA,Prince William,6810,-0.053621207854026624,791,22.8,32.0,7.6,9.3,4.6,4.0,19.7,10.2,38.5,29.5,2.4
24031701418,MD,Montgomery,3524,-0.05490096112980217,792,20.5,34.8,5.5,10.3,4.4,4.1,16.1,11.8,39.6,29.3,3.0
51059450100,VA,Fairfax,5524,-0.05581705460715236,793,20.1,29.0,5.3,9.6,5.1,5.4,20.6,11.9,36.1,27.9,2.7
51059440505,VA,Fairfax,1346,-0.05639988773182981,794,23.9,31.1,8.8,8.9,5.2,4.0,18.0,10.8,40.9,22.1,2.5
51153901010,VA,Prince William,4416,-0.059715004404124986,795,22.0,31.1,6.9,10.1,4.2,4.1,21.1,9.5,36.0,32.5,2.4
24017850709,MD,Charles,7566,-0.06023656006302256,796,20.6,37.3,4.3,11.1,3.5,4.1,17.1,11.5,31.9,43.0,2.7
51059440501,VA,Fairfax,5006,-0.060969045257881646,797,23.7,30.7,8.8,8.8,5.4,4.2,17.8,10.7,40.6,21.5,2.6
24031706011,MD,Montgomery,5578,-0.06105043632217613,798,23.3,32.9,10.4,8.1,5.6,3.6,15.2,9.8,45.8,20.0,2.7
51059440702,VA,Fairfax,5397,-0.06154379676939681,799,24.3,30.7,9.5,8.9,5.3,3.9,18.0,10.1,40.4,21.8,2.5
51059415700,VA,Fairfax,4187,-0.06163989637698945,800,23.9,28.6,9.6,9.7,4.9,3.9,20.8,8.4,38.4,23.7,2.3
24031703207,MD,Montgomery,5906,-0.0619504954665556,801,19.2,30.8,5.5,9.6,5.2,4.9,18.0,11.3,38.1,30.3,3.0
24033800606,MD,Prince George's,4778,-0.06333230040904901,802,21.2,36.0,4.3,12.7,3.3,3.6,15.1,11.4,31.5,43.0,2.7
51059451602,VA,Fairfax,2885,-0.06447307874058249,803,21.4,30.3,6.4,9.6,5.1,4.5,19.3,11.7,37.1,26.7,2.7
24031700902,MD,Montgomery,3816,-0.06498784219957604,804,19.6,31.3,5.8,9.3,5.1,4.9,17.9,11.4,39.9,28.1,2.9
24033800210,MD,Prince George's,3689,-0.06503372262092538,805,19.7,33.7,3.9,12.1,3.7,4.6,16.1,11.7,31.1,42.3,2.8
24031701005,MD,Montgomery,3281,-0.06510609881528444,806,22.2,31.4,8.7,8.8,5.2,4.2,17.5,9.7,43.2,22.9,2.6
24031700811,MD,Montgomery,5010,-0.06618685690985636,807,19.4,31.4,5.3,10.1,4.7,4.7,18.0,11.4,38.4,30.2,2.9
51059421702,VA,Fairfax,4000,-0.06622575237879301,808,21.9,31.5,6.3,9.6,5.0,4.3,18.0,12.0,37.0,28.2,2.8
24031703401,MD,Montgomery,5871,-0.06634029268858153,809,19.1,31.4,5.0,8.9,5.4,4.8,16.7,12.9,40.6,29.1,3.1
24033804700,MD,Prince George's,3537,-0.06734799900284766,810,21.6,32.5,5.8,10.5,4.3,4.3,16.2,11.3,34.9,37.9,2.7
24021751904,MD,Frederick,4606,-0.06879098075831157,811,23.0,30.8,7.9,9.3,4.4,4.1,20.4,9.0,37.5,32.6,2.3
24031700823,MD,Montgomery,3509,-0.06907344175627227,812,21.4,31.2,7.6,9.2,5.0,4.4,18.1,10.0,41.8,25.2,2.6
51059415100,VA,Fairfax,3633,-0.07042090491886745,813,22.9,29.9,8.2,9.4,5.0,4.2,19.5,10.0,38.0,25.7,2.5
24033806100,MD,Prince George's,4574,-0.07047076692897734,814,22.2,32.7,6.6,10.0,4.7,4.3,15.0,11.2,35.8,35.9,2.8
51059431500,VA,Fairfax,5733,-0.07279843116590902,815,23.7,30.5,8.8,9.3,5.0,4.0,18.7,9.9,39.0,23.9,2.5
51059470100,VA,Fairfax,2769,-0.07338028588461774,816,24.7,30.9,10.4,8.7,5.3,3.5,17.5,9.8,42.0,20.4,2.4
11001007100,DC,District of Columbia,3218,-0.07499878246867965,817,17.9,29.4,4.7,11.3,3.9,5.3,24.7,8.6,32.3,28.2,3.1
24031700207,MD,Montgomery,5804,-0.07526242046338256,818,19.9,29.7,6.2,10.0,4.7,4.9,20.1,9.7,38.5,28.5,2.6
24031703702,MD,Montgomery,4147,-0.07805808073729124,819,19.2,31.2,5.4,9.1,5.2,4.9,17.6,11.9,39.9,29.2,2.9
51107611502,VA,Loudoun,6550,-0.07809153195788082,820,21.6,31.4,6.0,9.2,5.0,4.7,18.2,11.5,37.0,30.8,2.7
51059432000,VA,Fairfax,3393,-0.07873120943400719,821,22.2,29.5,7.1,9.7,4.9,4.5,19.6,10.8,38.3,24.5,2.5
51510200409,VA,Alexandria,6318,-0.07904046277448264,822,19.5,30.5,4.3,10.8,4.1,4.7,22.0,10.7,32.4,36.0,2.6
24033800108,MD,Prince George's,4351,-0.07926663809464736,823,19.6,33.8,4.0,11.9,3.8,4.4,16.5,11.5,31.0,42.9,2.7
51059421300,VA,Fairfax,3658,-0.0793548174068441,824,22.5,29.9,7.6,9.8,4.9,4.1,20.0,10.1,37.2,25.8,2.5
51153901232,VA,Prince William,5839,-0.08056445928770088,825,21.1,30.9,6.3,9.8,4.4,4.6,20.8,9.7,35.6,32.7,2.5
24031701426,MD,Montgomery,5398,-0.08071937576789037,826,19.4,33.9,4.7,10.8,4.3,4.3,16.9,11.5,37.8,30.5,3.0
51059430101,VA,Fairfax,4718,-0.08079543600337859,827,24.0,30.0,9.4,9.1,5.1,3.9,18.7,9.7,39.9,22.4,2.4
51059491000,VA,Fairfax,2206,-0.08090681039560811,828,23.4,30.3,8.4,9.2,5.0,4.1,18.8,10.4,40.2,22.6,2.4
51107611204,VA,Loudoun,5768,-0.08181772173699083,829,21.4,30.5,5.9,9.5,4.7,4.7,19.5,10.9,36.2,32.2,2.6
24031700901,MD,Montgomery,5213,-0.08226713510484483,830,20.9,31.6,7.4,8.9,5.5,4.4,17.6,10.5,40.4,24.1,2.9
51107611602,VA,Loudoun,4316,-0.08356273030899573,831,19.3,29.8,4.3,9.7,4.7,5.2,19.9,12.0,34.4,35.9,2.7
51510202002,VA,Alexandria,2430,-0.08429967581671906,832,23.9,29.1,9.3,9.5,4.6,3.6,21.6,8.2,37.5,27.2,2.2
51059481900,VA,Fairfax,5821,-0.08475530645694104,833,22.8,29.8,8.2,9.5,5.1,4.2,19.4,9.9,37.8,23.6,2.6
51153901222,VA,Prince William,2654,-0.08510961758776696,834,21.4,30.1,6.5,10.2,4.2,4.3,21.9,9.2,35.2,32.9,2.3
51059492203,VA,Fairfax,4014,-0.08544310959701752,835,23.7,30.1,8.8,9.4,4.8,3.8,19.0,9.9,40.1,22.9,2.4
24031701202,MD,Montgomery,2785,-0.08556049850552573,836,23.1,30.6,10.5,8.8,5.0,3.6,18.0,8.3,43.4,22.4,2.4
51059432202,VA,Fairfax,4741,-0.08568609181815066,837,23.3,29.7,8.6,9.2,5.2,4.2,18.9,10.0,38.8,23.1,2.5
24031701210,MD,Montgomery,3977,-0.0857951594318813,838,23.2,32.2,10.5,8.3,5.3,3.5,16.1,9.2,45.3,21.0,2.5
51510200900,VA,Alexandria,5078,-0.0861872772128748,839,24.5,29.9,9.4,9.3,4.4,3.5,20.7,8.5,39.1,27.4,2.1
24033800701,MD,Prince George's,8802,-0.08743402864629445,840,21.8,36.9,5.0,11.8,3.6,3.4,13.7,11.7,33.3,40.7,2.8
24031703902,MD,Montgomery,7469,-0.09108194342009296,841,19.4,31.0,5.6,9.8,4.8,4.7,18.4,10.9,38.7,29.4,2.8
51059430801,VA,Fairfax,4629,-0.0921967302064215,842,22.9,29.8,8.2,9.3,5.1,4.2,18.8,10.3,38.7,23.9,2.5
24033800213,MD,Prince George's,4826,-0.09413959255957692,843,20.6,33.7,4.7,11.1,4.0,4.3,15.6,11.9,33.5,39.5,2.7
51059460702,VA,Fairfax,4649,-0.0942750874763762,844,23.4,30.0,8.5,9.2,5.0,4.0,19.2,10.0,39.2,23.6,2.4
24031704404,MD,Montgomery,5733,-0.09613038512197716,845,22.8,31.3,10.1,8.7,5.3,3.7,17.1,8.7,42.4,22.3,2.6
51059432701,VA,Fairfax,3132,-0.09631665572652212,846,23.1,30.5,8.3,9.3,5.0,3.9,18.6,10.4,39.1,23.7,2.5
24031700815,MD,Montgomery,8255,-0.09650983556025702,847,19.0,31.7,4.8,9.9,4.6,4.8,17.8,11.7,39.0,29.5,2.9
51059482303,VA,Fairfax,3617,-0.09795446204800871,848,23.7,29.0,9.4,9.5,4.8,3.8,20.2,8.9,38.4,23.6,2.3
24033800608,MD,Prince George's,8212,-0.09804447575994467,849,21.5,37.3,4.5,12.0,3.4,3.4,13.8,11.9,32.8,42.1,2.7
24033800605,MD,Prince George's,4867,-0.09823609986080874,850,20.8,35.7,4.5,11.8,3.7,4.0,14.3,11.5,32.2,40.8,2.9
24033806713,MD,Prince George's,4036,-0.09850623225504927,851,17.7,32.2,2.8,12.4,3.5,5.0,17.4,11.6,29.1,45.2,2.8
51013100900,VA,Arlington,4406,-0.1023280448564517,852,23.5,29.3,8.0,9.3,4.6,4.1,21.5,9.0,37.9,25.8,2.3
24031703206,MD,Montgomery,3951,-0.10339344203617268,853,21.0,33.0,7.2,9.0,5.1,4.1,15.9,11.0,41.7,25.9,2.8
51059481202,VA,Fairfax,6301,-0.10352403123913959,854,20.2,29.6,5.4,9.9,4.9,4.8,19.6,11.8,35.6,28.4,2.7
24031701201,MD,Montgomery,6144,-0.1051778202468395,855,19.5,29.9,6.1,9.3,5.0,4.9,18.9,10.5,39.4,27.3,2.8
51059452101,VA,Fairfax,5091,-0.10731579327036452,856,22.1,30.6,6.9,9.2,5.1,4.3,17.7,11.7,39.0,24.4,2.7
51059450900,VA,Fairfax,1704,-0.1093264486252989,857,23.1,29.9,8.6,8.9,5.2,4.0,18.5,10.3,39.6,22.9,2.5
51013101000,VA,Arlington,3319,-0.10939008453770235,858,23.7,28.7,8.2,9.5,4.4,3.9,22.1,8.7,37.7,26.1,2.2
51153901225,VA,Prince William,4875,-0.11157462705949825,859,21.4,31.8,6.4,9.7,4.4,4.2,19.2,10.4,36.1,32.3,2.5
51059431001,VA,Fairfax,4948,-0.11172681349489434,860,21.9,30.2,6.9,9.2,5.1,4.4,18.2,11.6,38.8,24.4,2.6
51685920202,VA,Manassas Park,7210,-0.11179867004192023,861,20.3,30.4,4.9,10.0,4.2,4.5,20.8,11.2,34.5,34.7,2.5
24031702900,MD,Montgomery,5439,-0.11413159993677083,862,22.6,31.5,9.5,9.2,4.8,3.5,17.7,8.6,42.0,24.3,2.4
24031700610,MD,Montgomery,1938,-0.11536429018143214,863,22.1,31.2,9.2,8.7,5.1,3.8,17.1,9.3,43.6,22.6,2.5
51059422201,VA,Fairfax,4071,-0.11539088266911039,864,22.6,31.4,7.4,9.2,5.1,4.0,17.0,11.7,39.7,22.5,2.7
24031700810,MD,Montgomery,5277,-0.11680827548075151,865,20.3,31.5,6.5,9.5,4.8,4.4,17.4,10.6,39.9,27.8,2.7
24031700818,MD,Montgomery,6624,-0.11690314880348952,866,17.3,31.2,3.7,10.6,4.3,5.0,19.4,11.5,35.4,33.9,2.8
24031702200,MD,Montgomery,4361,-0.11746409202478775,867,21.1,30.5,7.6,9.5,4.6,4.2,18.7,9.3,40.7,26.4,2.5
51059482400,VA,Fairfax,2344,-0.11824624850187422,868,23.9,29.6,9.6,9.1,5.0,3.6,19.0,9.3,40.0,22.0,2.3
24031706010,MD,Montgomery,3147,-0.11853819281057741,869,22.5,32.0,9.4,8.7,5.1,3.6,16.2,9.5,43.5,22.3,2.6
24031704000,MD,Montgomery,7285,-0.11918497305967328,870,20.4,31.1,6.8,9.4,4.9,4.2,17.7,10.3,40.0,27.0,2.8
24031706008,MD,Montgomery,5301,-0.11966451030823215,871,22.9,31.9,10.3,8.3,5.2,3.4,16.3,9.2,45.5,20.5,2.4
24033803514,MD,Prince George's,5436,-0.11998121080944059,872,21.1,35.8,4.4,12.4,3.3,3.4,14.9,11.3,31.3,42.1,2.7
24031701101,MD,Montgomery,4705,-0.11999678460260386,873,19.9,30.1,6.5,9.1,5.1,4.7,18.2,10.4,40.5,26.6,2.7
24031700729,MD,Montgomery,2579,-0.12077009832478343,874,18.8,31.7,4.8,9.5,4.7,4.8,17.5,12.0,39.4,29.0,2.9
24031702301,MD,Montgomery,3551,-0.12119569630582362,875,18.2,31.2,4.6,10.3,4.5,4.9,18.5,10.9,36.1,32.4,2.9
11001009508,DC,District of Columbia,4243,-0.12163291486316749,876,19.6,33.4,5.5,10.6,4.4,4.2,19.2,9.7,33.6,26.6,3.6
51013101200,VA,Arlington,3897,-0.12435707536724044,877,23.9,29.6,8.6,8.9,4.9,3.9,20.1,9.1,38.2,24.9,2.4
24031705902,MD,Montgomery,4402,-0.12485082497403686,878,22.9,31.1,10.5,8.6,5.1,3.4,16.8,8.6,44.2,21.4,2.4
51059490502,VA,Fairfax,6585,-0.12517100468635314,879,23.4,30.7,8.6,8.7,5.2,3.9,17.5,10.8,40.8,21.2,2.5
24031701702,MD,Montgomery,2274,-0.12520630586338488,880,18.8,31.7,5.0,10.5,4.3,4.4,18.7,10.6,36.7,32.4,2.7
24031703901,MD,Montgomery,3109,-0.12647169139416678,881,21.2,30.7,7.7,9.4,4.7,4.1,18.5,9.3,40.7,26.0,2.5
51059491102,VA,Fairfax,3422,-0.126541373912841,882,22.4,28.7,7.9,9.4,4.9,4.4,19.8,9.8,38.4,23.4,2.4
51013100100,VA,Arlington,5125,-0.12776015467782037,883,24.0,28.8,8.7,9.2,4.5,3.9,21.3,8.6,38.7,24.3,2.2
24031700721,MD,Montgomery,3200,-0.12794852265608803,884,18.7,31.1,5.0,9.8,4.6,4.7,18.3,11.2,37.9,31.0,2.8
11001000400,DC,District of Columbia,1643,-0.13023733543589808,885,21.3,28.7,9.7,9.0,4.9,4.3,21.3,7.5,39.2,20.0,2.7
51059430802,VA,Fairfax,4276,-0.13029898849625743,886,22.1,29.1,7.3,9.6,4.8,4.2,19.9,10.2,37.2,25.2,2.5
24031701417,MD,Montgomery,6168,-0.1314278582323465,887,17.9,32.9,3.9,11.3,4.0,4.4,18.4,11.0,34.7,33.5,2.9
51153900409,VA,Prince William,5517,-0.13215967479681867,888,19.5,30.7,4.8,9.9,4.4,4.4,19.5,11.4,34.6,35.2,2.7
51059480201,VA,Fairfax,4646,-0.13240542908730932,889,24.2,30.8,10.0,8.5,5.2,3.5,17.1,10.0,41.8,20.1,2.4
51179010219,VA,Stafford,1462,-0.13409676349148517,890,22.0,29.8,6.2,10.2,3.9,3.7,21.4,9.7,35.0,34.0,2.3
51153901505,VA,Prince William,7669,-0.13506632924372006,891,21.9,30.8,7.0,9.6,4.2,3.9,20.4,9.6,37.5,30.1,2.3
51059482201,VA,Fairfax,2481,-0.13591841985758724,892,20.0,28.4,5.7,10.0,4.8,4.8,21.1,10.6,34.4,28.2,2.6
24031700308,MD,Montgomery,6221,-0.13596688812502739,893,20.2,30.5,6.5,9.9,4.4,4.3,18.9,9.8,39.1,27.9,2.6
51059492202,VA,Fairfax,6831,-0.13727532458175487,894,23.5,30.1,8.9,9.2,4.8,3.6,18.6,9.8,40.1,22.7,2.3
24031704502,MD,Montgomery,2786,-0.1382680520303434,895,22.6,31.1,9.9,8.7,5.0,3.4,17.2,8.7,43.7,22.1,2.4
51153901416,VA,Prince William,4984,-0.13894920422146348,896,20.1,30.1,5.3,10.2,3.9,4.2,22.5,9.9,34.4,34.2,2.3
24033806000,MD,Prince George's,6345,-0.13927011448585522,897,18.2,30.2,3.7,10.8,4.3,5.0,16.8,12.1,32.2,41.1,2.8
24021750508,MD,Frederick,5056,-0.14017261012032423,898,18.9,30.4,4.1,10.4,3.9,4.6,21.2,10.5,32.1,40.3,2.5
24031704401,MD,Montgomery,3664,-0.14415437064759126,899,22.2,31.7,9.2,8.7,5.0,3.5,16.6,9.3,43.7,22.5,2.5
51059422302,VA,Fairfax,5788,-0.14570831273695053,900,21.7,29.9,6.7,9.9,4.5,4.1,19.6,10.5,36.8,26.4,2.5
51600300400,VA,Fairfax,4129,-0.14589889394431146,901,21.5,29.9,6.8,9.1,4.8,4.3,19.3,10.6,36.0,30.6,2.5
51059471304,VA,Fairfax,2073,-0.14732408183351717,902,23.0,28.9,8.7,9.4,4.8,3.8,19.9,9.2,38.4,23.4,2.3
24031701221,MD,Montgomery,4491,-0.14789649239852112,903,20.8,32.3,7.0,8.6,5.1,4.1,16.0,11.4,43.4,22.2,2.8
24031703000,MD,Montgomery,1829,-0.15032022130907377,904,20.9,30.1,7.7,9.4,4.6,4.0,19.2,9.0,40.5,26.2,2.4
51059432402,VA,Fairfax,5100,-0.15206107438286587,905,23.1,29.6,8.7,9.2,4.8,3.8,18.9,9.6,38.9,23.2,2.4
24031703209,MD,Montgomery,6618,-0.15254409206538422,906,19.5,31.8,5.9,9.6,4.9,4.2,17.4,10.8,38.4,28.5,2.8
11001008802,DC,District of Columbia,4360,-0.1554156811094197,907,17.8,31.0,4.5,11.1,3.9,4.8,22.4,9.0,31.8,28.0,3.3
51059480402,VA,Fairfax,6028,-0.15583961840716387,908,23.6,30.3,9.4,8.7,5.1,3.6,17.7,10.0,41.0,20.9,2.3
51059432500,VA,Fairfax,5758,-0.15672485796941,909,23.1,29.7,8.7,9.3,4.7,3.7,19.0,9.6,39.1,23.3,2.3
51153901303,VA,Prince William,5107,-0.1604902755599645,910,20.7,29.7,6.1,9.9,4.0,4.2,21.4,9.6,35.8,31.9,2.3
51059480301,VA,Fairfax,3145,-0.1608153320701495,911,23.7,30.4,9.6,8.6,5.2,3.4,17.3,10.0,41.5,20.0,2.4
51059491602,VA,Fairfax,5310,-0.16169928567695868,912,21.0,30.0,6.2,8.8,5.2,4.6,17.5,12.3,39.0,23.8,2.7
51059461100,VA,Fairfax,7442,-0.16230350818252942,913,23.2,29.3,9.1,9.0,5.0,3.8,18.5,9.5,39.3,22.0,2.4
51153901403,VA,Prince William,6754,-0.16233499389907757,914,18.9,29.9,4.7,9.9,4.2,4.6,21.5,10.7,33.2,35.4,2.5
51059431802,VA,Fairfax,3259,-0.16325854676335075,915,22.6,30.0,8.1,8.8,5.1,3.9,17.8,10.7,39.5,23.1,2.5
51059431602,VA,Fairfax,6485,-0.16347653564827233,916,21.0,30.9,5.8,8.9,5.1,4.4,17.2,12.8,39.0,24.3,2.7
51013102003,VA,Arlington,4820,-0.16447308006675715,917,20.8,29.0,5.9,9.3,4.8,4.4,21.2,10.6,34.6,28.9,2.6
51153901226,VA,Prince William,6345,-0.16508602395828145,918,20.0,31.5,5.0,10.0,4.1,4.1,19.5,11.2,35.2,33.6,2.5
51059481701,VA,Fairfax,6196,-0.16532877384777708,919,23.7,29.6,9.6,8.9,4.9,3.5,18.3,9.3,40.6,21.3,2.3
24031705701,MD,Montgomery,4652,-0.1655606600477793,920,21.8,29.8,9.3,9.0,4.8,3.8,18.3,8.3,41.8,23.0,2.4
24033805602,MD,Prince George's,5555,-0.16729159658005846,921,15.1,28.1,2.2,10.2,4.5,5.7,17.6,13.5,31.4,45.6,2.8
51059480502,VA,Fairfax,5763,-0.1673753591719764,922,22.8,28.9,8.3,9.4,4.6,3.8,19.7,9.5,38.7,23.6,2.3
24031700614,MD,Montgomery,5624,-0.16744120223446118,923,19.2,31.0,5.5,9.9,4.4,4.4,18.1,10.7,38.4,29.0,2.7
51107611101,VA,Loudoun,4716,-0.1694855467797165,924,21.2,30.0,6.2,9.7,4.4,4.3,20.6,9.6,34.4,31.9,2.4
51153901508,VA,Prince William,6034,-0.16968945569302538,925,19.8,30.5,5.1,9.8,4.1,4.4,21.1,10.5,35.0,32.9,2.4
51059460300,VA,Fairfax,2896,-0.17040019873091525,926,23.8,29.4,10.0,8.9,4.9,3.4,18.4,9.0,40.2,21.3,2.3
24031700725,MD,Montgomery,6270,-0.17150196107025287,927,16.2,29.0,3.5,10.2,4.5,5.2,19.6,11.6,35.4,33.7,2.8
51059482302,VA,Fairfax,4625,-0.1723567212967706,928,18.4,28.1,4.3,10.5,4.4,5.1,21.6,10.9,32.7,30.7,2.6
51107611209,VA,Loudoun,6639,-0.17451212718001385,929,23.1,30.5,8.0,9.3,4.4,3.8,19.4,9.1,37.7,27.6,2.2
51059450702,VA,Fairfax,4568,-0.1749013835902346,930,18.5,28.7,4.3,9.6,4.9,5.1,18.9,12.6,35.4,29.1,2.8
51683910202,VA,Manassas,8207,-0.17878144491637699,931,19.4,28.3,4.9,9.8,4.3,4.5,20.0,11.2,34.6,35.3,2.5
24031701215,MD,Montgomery,4662,-0.179170568183559,932,20.9,29.5,8.3,9.2,4.9,4.0,18.8,8.7,40.0,23.9,2.5
51059481201,VA,Fairfax,1156,-0.17970847094713316,933,22.7,30.2,8.1,9.0,4.8,3.8,18.0,10.4,40.1,22.2,2.4
51153901602,VA,Prince William,8294,-0.18004254038330733,934,19.1,29.7,4.9,9.7,4.3,4.5,20.6,10.7,34.2,35.0,2.5
51059480801,VA,Fairfax,5388,-0.18066482589391872,935,20.1,28.2,5.6,9.7,4.7,4.8,20.0,10.9,35.8,27.7,2.5
51059452502,VA,Fairfax,5011,-0.1811518648774488,936,18.4,30.3,3.9,10.2,4.5,4.8,19.1,12.3,33.4,31.6,2.8
11001001100,DC,District of Columbia,5300,-0.18470224383980083,937,22.0,28.8,10.4,9.1,4.6,3.7,20.8,7.0,39.4,18.8,2.6
24031705903,MD,Montgomery,4616,-0.18490592456064736,938,22.3,31.1,9.9,8.4,5.0,3.3,16.5,8.9,44.4,21.0,2.4
51683910401,VA,Manassas,7543,-0.18584320078328478,939,17.7,28.0,3.6,10.2,4.1,4.8,21.0,11.6,32.7,38.5,2.5
51153901704,VA,Prince William,6821,-0.18868369004577462,940,18.2,29.5,4.3,9.5,4.5,4.8,20.1,11.4,33.6,36.2,2.6
11001011001,DC,District of Columbia,2423,-0.18944714327673334,941,19.6,30.3,6.6,10.2,4.2,4.2,21.5,8.4,35.0,24.2,3.0
51153901900,VA,Prince William,8748,-0.19141252807411216,942,18.5,29.4,4.5,9.6,4.4,4.7,20.5,11.2,34.3,34.5,2.5
24031700720,MD,Montgomery,3150,-0.19276369005198585,943,19.1,31.0,5.6,9.2,4.9,4.3,16.7,11.3,40.6,26.4,2.8
51059470800,VA,Fairfax,3255,-0.19345874967653967,944,23.5,30.0,9.3,8.6,5.0,3.5,17.2,10.0,41.0,20.6,2.4
51059482204,VA,Fairfax,1975,-0.19347850907216868,945,22.6,28.7,9.0,9.1,5.0,3.8,19.5,8.9,37.4,22.7,2.4
51179010213,VA,Stafford,2629,-0.19400255623856444,946,21.5,28.6,6.1,10.3,3.7,3.6,22.1,9.2,34.7,33.8,2.1
51107610202,VA,Loudoun,5624,-0.19971641237884932,947,22.5,28.8,7.7,9.8,4.1,3.8,21.6,7.9,35.5,29.6,2.1
51153901013,VA,Prince William,3494,-0.20382279214993576,948,19.0,31.5,4.3,10.6,3.7,4.0,19.9,10.8,32.8,36.9,2.5
51059461000,VA,Fairfax,2530,-0.20471184646811694,949,23.0,29.2,8.8,9.2,4.7,3.5,18.9,9.3,38.9,22.5,2.3
24031703602,MD,Montgomery,2928,-0.20537323524268308,950,20.9,30.0,8.1,9.2,4.5,3.7,18.4,8.8,41.2,24.9,2.4
24031701205,MD,Montgomery,7090,-0.20633627211185762,951,21.8,30.1,9.6,8.8,4.8,3.5,17.6,8.3,42.5,22.3,2.3
24021751004,MD,Frederick,5749,-0.207123318787108,952,21.1,29.5,6.6,9.7,3.9,3.9,21.0,8.7,35.1,34.4,2.2
24031704300,MD,Montgomery,4088,-0.20821976926291416,953,21.6,29.0,9.2,9.2,4.5,3.6,19.2,7.8,41.3,23.6,2.2
11001001003,DC,District of Columbia,3111,-0.21133415538040914,954,21.7,28.1,10.6,9.0,4.4,3.7,21.2,6.6,40.0,19.4,2.4
51059460600,VA,Fairfax,4173,-0.2120971463248611,955,22.7,29.2,8.7,8.9,4.9,3.7,18.5,9.5,39.0,22.0,2.4
51059420203,VA,Fairfax,2718,-0.21222089553045215,956,22.3,29.5,7.9,9.5,4.5,3.7,19.1,9.6,37.6,24.6,2.3
24031704200,MD,Montgomery,2122,-0.21276623870199843,957,21.1,29.4,8.3,9.2,4.4,3.8,18.8,8.5,40.9,25.1,2.3
51059480302,VA,Fairfax,4621,-0.21336378051312524,958,22.5,29.4,8.7,8.8,5.1,3.8,17.7,9.9,40.0,20.4,2.4
11001009509,DC,District of Columbia,3194,-0.21587099356536293,959,20.3,34.0,6.1,10.4,4.0,3.6,17.8,9.2,34.9,25.4,3.4
51059480504,VA,Fairfax,2017,-0.21709494988641548,960,22.5,27.8,8.4,9.7,4.4,3.7,20.6,8.6,37.6,23.8,2.1
51059491101,VA,Fairfax,3765,-0.2172030563382216,961,22.4,29.0,8.0,9.1,4.6,3.8,19.1,9.8,39.3,22.4,2.3
51107611015,VA,Loudoun,3771,-0.2174635618811351,962,22.8,30.9,8.3,8.8,4.9,3.8,17.7,9.3,37.2,25.6,2.5
51153900410,VA,Prince William,5663,-0.21823357970181956,963,18.5,32.0,3.8,10.9,3.5,3.9,19.9,11.0,32.1,37.8,2.5
51059430203,VA,Fairfax,2679,-0.21835633501412807,964,21.6,28.4,7.6,9.3,4.9,4.1,19.5,9.8,37.1,23.0,2.4
51059420100,VA,Fairfax,4106,-0.22094323588968123,965,21.0,30.2,6.1,8.8,5.0,4.2,16.8,12.3,38.7,24.1,2.7
24031700733,MD,Montgomery,5480,-0.22129268442300754,966,17.9,30.0,4.6,9.9,4.4,4.6,18.6,10.9,37.2,29.6,2.7
51510201206,VA,Alexandria,5710,-0.22131056172725525,967,16.6,27.3,2.9,10.2,4.0,5.0,22.0,11.7,32.1,38.7,2.4
51153901236,VA,Prince William,6506,-0.22308643148140048,968,20.7,30.8,6.2,10.0,3.8,3.7,20.0,9.5,35.4,32.3,2.3
51059482001,VA,Fairfax,4874,-0.22457250278086435,969,22.8,28.7,8.9,9.2,4.6,3.5,19.2,9.0,39.0,22.5,2.2
51059430201,VA,Fairfax,4379,-0.22734699220351207,970,21.7,28.5,7.5,9.3,4.7,4.0,19.2,9.9,37.8,23.2,2.4
51059491405,VA,Fairfax,2761,-0.22962965757636092,971,22.6,28.7,8.5,9.1,4.6,3.7,19.0,9.3,39.4,22.4,2.2
11001001402,DC,District of Columbia,3514,-0.23236682973481562,972,22.2,30.0,11.0,8.6,4.7,3.4,19.0,7.0,39.7,18.4,2.7
51153901235,VA,Prince William,3262,-0.2342274387425811,973,21.1,30.4,6.6,9.9,3.8,3.5,20.2,9.3,36.0,31.3,2.2
51059452400,VA,Fairfax,7283,-0.23670071808205417,974,20.4,28.9,6.1,9.0,4.9,4.5,17.9,11.5,37.9,24.3,2.6
24031705601,MD,Montgomery,3057,-0.23743955130223116,975,21.6,29.1,9.6,9.0,4.5,3.3,18.5,7.8,42.0,23.0,2.2
51153901015,VA,Prince William,3726,-0.23861200809659236,976,18.6,32.2,3.8,11.0,3.4,3.7,19.7,10.8,31.6,38.4,2.5
51059491803,VA,Fairfax,7003,-0.2386886479148519,977,21.3,28.6,7.1,9.2,4.8,4.2,19.0,10.2,37.6,23.2,2.4
24031701314,MD,Montgomery,2885,-0.23919100250449132,978,20.7,30.4,7.7,9.1,4.5,3.7,17.6,9.3,41.1,24.7,2.4
24021775600,MD,Frederick,5172,-0.24032576940759204,979,21.7,28.0,7.5,9.6,3.7,3.7,21.9,7.6,36.0,32.7,2.0
24033806900,MD,Prince George's,4393,-0.2404735669780781,980,19.7,29.1,5.5,9.9,4.5,4.7,16.4,10.6,34.4,35.1,2.5
24031700903,MD,Montgomery,2377,-0.24055884585638634,981,17.4,28.8,4.7,9.9,4.4,4.7,19.7,10.2,36.3,30.5,2.6
24031703223,MD,Montgomery,6420,-0.2437895527124277,982,20.0,32.6,6.3,9.2,4.5,3.7,15.7,10.8,40.8,25.9,2.7
24033800216,MD,Prince George's,4392,-0.24458400602186667,983,20.7,32.9,5.6,10.7,3.9,3.7,14.5,10.7,33.9,36.3,2.6
51153900804,VA,Prince William,5423,-0.24510010964236742,984,19.7,32.0,4.9,10.7,3.6,3.6,19.4,10.0,33.0,35.4,2.4
24031701206,MD,Montgomery,6579,-0.2460255499816036,985,21.6,30.6,9.3,8.3,5.0,3.5,16.1,9.1,43.6,20.8,2.4
51510200500,VA,Alexandria,4650,-0.2472110656433639,986,18.4,28.5,4.2,11.0,3.7,4.1,22.7,9.6,30.7,35.0,2.4
51059431400,VA,Fairfax,4405,-0.24839631234337223,987,21.6,29.2,7.3,9.2,4.7,3.8,18.6,10.1,37.8,24.0,2.4
51059420800,VA,Fairfax,3640,-0.25021919811771626,988,20.9,28.0,6.9,9.5,4.6,4.0,19.5,9.9,36.4,25.8,2.4
51510200102,VA,Alexandria,5043,-0.2503949100237655,989,18.8,28.6,4.5,9.7,4.2,4.5,20.2,10.8,33.7,34.1,2.5
51059430400,VA,Fairfax,7217,-0.2554373318612866,990,21.8,28.9,7.8,8.8,4.9,3.9,18.1,10.1,38.6,22.7,2.4
24031703301,MD,Montgomery,5064,-0.2559379470225237,991,18.4,29.3,5.4,8.8,5.0,4.5,16.9,11.2,39.9,27.3,2.7
51510201900,VA,Alexandria,1798,-0.2564428499575907,992,21.6,26.9,7.8,9.8,4.0,3.5,22.9,7.6,35.4,28.3,2.0
51059481106,VA,Fairfax,5362,-0.25654272505834846,993,22.5,28.8,8.4,9.0,4.6,3.6,18.6,9.5,39.5,21.9,2.2
51059431002,VA,Fairfax,2368,-0.256882871274963,994,20.1,30.0,5.3,9.5,4.5,4.0,18.5,11.8,36.7,26.3,2.5
51153900801,VA,Prince William,7324,-0.2585823156333633,995,20.2,31.9,5.4,9.9,3.8,3.6,18.6,10.4,35.6,32.6,2.4
51610500200,VA,Falls Church,6692,-0.2591900339334012,996,22.1,28.2,7.5,9.4,4.0,3.5,21.1,8.7,35.6,30.0,2.1
24031700835,MD,Montgomery,4388,-0.2630046967062174,997,19.4,31.1,6.1,8.9,4.7,4.0,16.0,11.1,42.2,23.8,2.6
51059482203,VA,Fairfax,4695,-0.263057053618445,998,22.1,28.0,8.6,9.3,4.6,3.6,19.9,8.6,37.2,23.1,2.2
51179010218,VA,Stafford,4638,-0.2637540567718425,999,19.0,28.4,4.8,10.3,3.8,4.2,22.5,8.9,31.4,36.9,2.2
24031704805,MD,Montgomery,2679,-0.2641508802675356,1000,20.6,29.3,8.4,8.9,4.8,3.7,18.6,8.5,39.7,23.1,2.4
51153900202,VA,Prince William,4127,-0.2666136763355333,1001,18.7,29.4,4.7,9.2,4.3,4.2,19.4,11.1,34.6,35.1,2.5
51059430901,VA,Fairfax,4326,-0.26695289763209173,1002,20.5,29.1,6.0,9.4,4.5,4.1,18.4,11.1,37.4,24.6,2.5
51059460501,VA,Fairfax,2691,-0.2670386629270386,1003,22.7,29.7,8.7,8.5,4.9,3.5,17.1,10.1,40.7,20.2,2.3
51059450601,VA,Fairfax,4192,-0.2678395627206917,1004,21.9,29.4,7.9,8.5,5.0,3.8,17.4,10.4,39.4,22.1,2.4
51059491403,VA,Fairfax,3711,-0.26819623306527385,1005,22.1,28.2,8.2,9.2,4.4,3.7,19.4,9.3,38.8,22.6,2.1
24031700608,MD,Montgomery,5800,-0.26890424629567344,1006,20.8,31.4,8.1,8.1,5.0,3.6,15.2,10.4,44.9,19.8,2.5
51059432702,VA,Fairfax,4502,-0.2691333373250074,1007,20.2,29.1,5.8,9.6,4.5,3.9,18.9,11.0,36.2,26.2,2.5
51059470700,VA,Fairfax,5753,-0.27054352354239886,1008,22.7,29.3,8.9,8.7,4.8,3.4,17.6,9.6,39.9,20.8,2.3
51059460701,VA,Fairfax,3501,-0.27094973252491283,1009,20.7,27.8,6.9,9.1,4.8,4.3,19.1,10.0,37.1,24.1,2.4
51059460400,VA,Fairfax,5134,-0.2718704814869826,1010,22.4,29.4,8.3,8.6,4.9,3.6,17.7,10.0,39.3,21.0,2.4
51013100800,VA,Arlington,1596,-0.27221314651539646,1011,21.0,30.2,5.7,9.5,4.3,3.6,19.8,10.4,35.2,27.8,2.5
24033806714,MD,Prince George's,5649,-0.27261838335675787,1012,16.6,30.7,2.6,11.6,3.4,5.0,17.4,11.3,28.9,42.4,2.6
51059420300,VA,Fairfax,6184,-0.27365687279424283,1013,21.2,28.3,7.2,9.4,4.5,3.8,19.5,9.6,36.7,25.2,2.3
24021750805,MD,Frederick,4914,-0.27429952385710815,1014,21.3,29.5,6.9,9.5,3.8,3.5,20.3,8.5,35.5,33.5,2.1
51510200201,VA,Alexandria,3505,-0.2744967470536015,1015,20.3,27.6,6.1,10.2,3.9,3.8,22.4,8.6,33.5,31.1,2.1
51059480902,VA,Fairfax,4211,-0.27449936614653364,1016,19.5,28.2,5.4,9.6,4.5,4.4,19.6,10.8,35.3,27.7,2.4
51107610505,VA,Loudoun,6702,-0.2759951621243045,1017,17.9,28.9,3.8,9.7,4.1,4.6,20.5,11.0,32.1,37.4,2.4
51059490104,VA,Fairfax,3504,-0.27688140760652247,1018,19.8,27.6,5.7,9.3,4.5,4.4,19.7,10.7,35.8,27.8,2.4
51153900904,VA,Prince William,6853,-0.2786090480583869,1019,19.2,31.8,4.6,10.4,3.6,3.6,19.1,10.5,33.5,35.0,2.4
24021750505,MD,Frederick,7660,-0.27925394223877503,1020,18.1,28.7,4.1,10.0,3.7,4.4,20.9,10.0,32.6,38.8,2.3
24031703402,MD,Montgomery,4035,-0.27969758156089636,1021,18.3,30.1,5.2,8.6,4.9,4.2,16.3,11.7,40.1,27.5,2.8
51059471401,VA,Fairfax,3759,-0.2845433635918029,1022,20.5,27.9,6.5,9.2,4.6,4.2,19.2,10.3,37.0,24.5,2.4
24031703601,MD,Montgomery,4750,-0.2855850958883586,1023,19.8,29.6,6.9,8.9,4.5,3.9,17.6,9.6,40.0,26.1,2.5
51153900602,VA,Prince William,4332,-0.28717250115902676,1024,16.9,29.5,3.5,10.0,3.9,4.3,20.6,11.0,31.2,39.3,2.5
51059492400,VA,Fairfax,4873,-0.2910155689646119,1025,19.6,27.6,5.5,10.0,4.2,4.3,20.1,10.2,35.5,26.0,2.4
51510200705,VA,Alexandria,2597,-0.29393268289434604,1026,22.2,27.7,8.4,9.2,4.2,3.3,21.1,7.9,36.6,26.8,2.0
11001980000,DC,District of Columbia,176,-0.29468931667598314,1027,20.4,33.6,6.8,10.6,3.2,3.0,18.0,8.4,37.4,25.6,2.7
51153900702,VA,Prince William,8133,-0.29881647693972285,1028,19.1,30.2,5.1,9.5,4.0,3.9,19.0,10.6,34.3,34.3,2.4
11001002600,DC,District of Columbia,2592,-0.29894528113513885,1029,20.2,31.3,7.8,9.3,4.2,3.5,18.4,8.3,37.9,22.0,2.9
51107611102,VA,Loudoun,6225,-0.2991011191571215,1030,21.7,29.1,7.2,9.3,4.0,3.7,19.8,8.7,36.3,28.9,2.1
24031701427,MD,Montgomery,3468,-0.30088281962069535,1031,18.6,32.3,4.9,9.9,4.1,3.8,16.0,10.9,38.6,27.9,2.7
51059430700,VA,Fairfax,2923,-0.30101078996458547,1032,20.4,28.8,6.4,8.6,4.9,4.2,17.6,11.2,38.0,24.0,2.5
51059450701,VA,Fairfax,3055,-0.3028000843424867,1033,21.4,29.5,7.5,8.4,5.0,3.8,16.9,10.8,39.1,21.6,2.5
51107611205,VA,Loudoun,6018,-0.3038677592277949,1034,20.0,29.7,5.4,9.1,4.3,4.2,18.5,10.6,35.7,30.5,2.4
51013103505,VA,Arlington,3813,-0.3040787023261696,1035,19.9,27.8,5.7,9.6,4.4,4.2,22.0,9.1,33.1,26.5,2.5
11001009301,DC,District of Columbia,3853,-0.304548793992039,1036,19.1,30.9,6.3,10.1,3.9,3.7,20.1,8.3,34.7,24.3,3.0
51013100500,VA,Arlington,5029,-0.3086158817014409,1037,22.0,27.0,8.0,9.3,4.2,3.6,22.1,7.8,36.2,24.2,2.0
51059482301,VA,Fairfax,5387,-0.308630867614191,1038,21.7,27.6,8.4,9.3,4.5,3.5,19.9,8.4,36.6,23.4,2.2
51153901005,VA,Prince William,6501,-0.30894991011355893,1039,19.9,29.7,5.7,10.1,3.5,3.5,20.8,9.1,34.5,33.0,2.1
51013102802,VA,Arlington,1317,-0.3096862085067528,1040,22.3,27.7,8.0,9.0,4.2,3.5,20.8,8.2,37.3,24.9,2.1
24033806400,MD,Prince George's,3934,-0.3110850082438372,1041,21.3,29.0,7.5,9.5,4.4,4.0,16.6,9.0,35.3,30.3,2.3
51510201000,VA,Alexandria,2831,-0.311491055444224,1042,21.9,26.1,7.8,10.0,3.5,3.3,23.0,7.3,35.5,28.4,1.8
51107611300,VA,Loudoun,6349,-0.31261039388776224,1043,19.3,29.4,4.9,9.2,4.3,4.3,18.9,10.7,34.9,31.7,2.4
51059480501,VA,Fairfax,3537,-0.312637591710447,1044,21.8,28.4,8.1,9.0,4.5,3.5,18.5,9.4,39.0,21.9,2.2
51107610506,VA,Loudoun,5646,-0.31594279405054104,1045,19.5,29.3,4.9,9.7,3.9,4.1,20.3,10.1,34.1,32.1,2.2
24031703403,MD,Montgomery,3970,-0.3162147346456031,1046,17.6,29.1,4.8,8.8,4.8,4.3,16.8,11.4,38.8,29.1,2.7
51153901418,VA,Prince William,4138,-0.3178952098600624,1047,17.2,28.0,4.0,10.4,3.7,4.5,21.8,9.7,31.4,35.4,2.3
24031701422,MD,Montgomery,2902,-0.31907625477267776,1048,16.2,32.4,3.1,11.7,3.3,3.9,18.1,10.3,32.1,36.0,2.6
51059440600,VA,Fairfax,3002,-0.31922939215907575,1049,20.7,28.2,6.9,9.0,4.7,3.9,18.5,10.3,37.5,23.5,2.3
51107610701,VA,Loudoun,5640,-0.3196362280309938,1050,21.9,28.2,7.8,9.5,3.9,3.4,21.0,7.6,35.5,28.5,2.0
51153901510,VA,Prince William,6546,-0.3205532391289888,1051,20.3,28.8,6.4,9.6,3.8,3.5,20.9,8.8,35.8,30.0,2.1
24031703210,MD,Montgomery,3760,-0.3206303746234603,1052,19.6,29.9,6.9,9.1,4.5,3.6,17.0,9.5,39.6,25.7,2.5
24031700105,MD,Montgomery,6406,-0.32134863687434884,1053,18.7,29.6,5.6,9.6,4.1,4.0,17.7,9.9,38.9,27.0,2.5
24031704503,MD,Montgomery,4247,-0.3237761146202866,1054,20.6,28.6,8.6,8.9,4.3,3.5,18.2,7.9,41.4,23.1,2.2
24031700828,MD,Montgomery,2258,-0.3254860934672274,1055,20.5,29.9,8.0,8.5,4.6,3.4,16.5,9.5,43.7,20.6,2.3
11001001004,DC,District of Columbia,4480,-0.32673001315600325,1056,20.1,26.6,9.1,9.3,4.3,3.8,22.2,6.6,36.9,19.2,2.4
51059480401,VA,Fairfax,4717,-0.32718127548088616,1057,22.5,28.7,9.1,8.6,4.7,3.2,17.6,9.2,39.9,20.2,2.2
51510200404,VA,Alexandria,3694,-0.3296909694011258,1058,22.3,28.2,8.0,9.4,3.7,3.0,20.3,8.2,37.5,27.8,1.9
24031704600,MD,Montgomery,5255,-0.3300860019288623,1059,20.8,28.7,9.1,8.7,4.5,3.4,17.6,8.0,41.8,21.8,2.2
24031701102,MD,Montgomery,6167,-0.33095605793562605,1060,18.4,28.7,5.9,8.9,4.6,4.2,17.8,10.0,39.3,26.2,2.5
51013100600,VA,Arlington,3285,-0.3341647093733146,1061,21.9,27.4,7.8,9.1,4.3,3.4,21.5,8.2,36.1,23.9,2.1
11001000902,DC,District of Columbia,2317,-0.3349321512024264,1062,20.9,26.9,10.3,9.0,4.1,3.5,21.0,6.2,39.1,18.7,2.3
11001002102,DC,District of Columbia,5099,-0.3366047457737686,1063,18.5,31.4,5.4,10.4,3.8,3.6,19.1,8.8,33.7,26.1,3.1
51059480901,VA,Fairfax,6969,-0.3379553443777928,1064,19.2,27.8,5.5,9.0,4.7,4.4,18.0,11.2,36.3,26.1,2.5
24031704501,MD,Montgomery,3742,-0.3385625762794975,1065,20.9,29.7,8.9,8.5,4.6,3.2,16.7,8.5,42.0,22.0,2.3
51059421001,VA,Fairfax,2855,-0.3413853432426514,1066,20.4,28.6,6.3,9.5,4.3,3.7,18.4,10.2,36.5,24.9,2.4
51059461901,VA,Fairfax,3756,-0.3468194649711224,1067,19.3,28.4,5.4,9.1,4.7,4.2,18.3,11.3,36.5,23.8,2.5
24031700616,MD,Montgomery,4573,-0.34823841711671927,1068,20.4,30.2,8.0,8.4,4.6,3.3,16.2,9.4,43.2,21.4,2.3
51059490105,VA,Fairfax,2761,-0.3489885299021799,1069,20.8,27.7,7.0,9.2,4.3,3.8,19.2,9.6,37.2,23.7,2.2
51059430102,VA,Fairfax,3117,-0.35516127956089777,1070,20.3,28.0,6.4,9.3,4.3,3.7,19.0,10.4,37.0,23.4,2.3
24031700824,MD,Montgomery,2872,-0.35522474071851945,1071,20.4,28.5,8.2,9.0,4.2,3.3,18.5,8.0,40.9,23.6,2.1
51153901507,VA,Prince William,2958,-0.3568972972014047,1072,18.7,27.7,5.2,9.8,3.6,4.0,22.2,8.8,33.5,32.3,2.1
51013100700,VA,Arlington,5827,-0.3583795587655254,1073,21.1,26.7,7.0,9.3,4.0,3.7,22.0,8.2,35.4,25.2,2.1
51059432600,VA,Fairfax,4967,-0.3600972039308463,1074,21.4,28.6,7.6,9.1,4.3,3.3,18.2,9.5,38.3,22.9,2.2
51107610504,VA,Loudoun,7094,-0.3607289648025924,1075,20.4,28.0,6.2,9.7,3.8,3.8,20.9,8.4,34.0,30.7,2.0
51153901237,VA,Prince William,3468,-0.36127796104600274,1076,18.8,28.9,4.9,10.2,3.4,3.6,21.3,9.2,32.9,34.2,2.1
51059450602,VA,Fairfax,4814,-0.3640378981380285,1077,18.3,27.1,4.8,9.1,4.5,4.4,19.4,11.3,34.9,27.2,2.5
24033807102,MD,Prince George's,2763,-0.365414633059725,1078,19.6,28.5,6.0,9.9,4.1,4.0,16.9,9.4,33.4,34.1,2.3
51059480503,VA,Fairfax,3259,-0.36593184179290605,1079,21.3,27.5,7.8,9.2,4.2,3.4,19.4,8.9,37.6,23.0,2.1
24031700310,MD,Montgomery,6962,-0.36623110169918455,1080,17.6,28.7,5.0,10.1,3.9,4.2,18.8,9.3,36.4,28.4,2.4
51510200703,VA,Alexandria,3494,-0.3668662529912819,1081,20.6,27.5,6.7,10.0,3.6,3.2,21.8,7.9,34.0,29.9,2.0
51059431801,VA,Fairfax,4263,-0.3672653054440449,1082,20.0,27.4,6.2,9.4,4.2,3.8,19.3,10.3,36.5,24.7,2.2
24031700819,MD,Montgomery,6585,-0.3701145215469982,1083,18.3,29.2,5.5,9.7,4.0,3.8,17.8,9.6,38.1,27.7,2.4
51059482603,VA,Fairfax,3501,-0.37086657152870167,1084,21.8,29.1,8.1,8.5,4.7,3.4,16.6,10.1,39.3,20.4,2.3
51059450300,VA,Fairfax,5620,-0.37173012067267935,1085,18.6,26.8,5.4,9.5,4.4,4.1,20.5,10.1,34.6,26.3,2.3
51153900701,VA,Prince William,7608,-0.37414174250688054,1086,17.2,30.0,3.5,10.9,3.2,3.7,20.8,9.8,30.4,37.3,2.3
51510201400,VA,Alexandria,4158,-0.3779818625222438,1087,20.7,26.0,6.9,9.8,3.5,3.4,22.7,7.5,34.9,29.5,1.8
51059491103,VA,Fairfax,6548,-0.3784229225263072,1088,18.6,27.5,4.8,9.5,4.2,4.2,19.6,11.0,35.2,26.5,2.3
51059420201,VA,Fairfax,3732,-0.3784348918903634,1089,20.2,28.7,6.4,9.5,4.2,3.6,18.3,9.9,36.2,24.9,2.3
51059452600,VA,Fairfax,6347,-0.38000810040034594,1090,19.4,28.9,5.5,9.8,4.1,3.7,18.5,10.3,34.7,27.0,2.4
24031701307,MD,Montgomery,4598,-0.3804635145606655,1091,19.6,29.9,7.2,8.8,4.3,3.4,16.8,9.3,41.4,23.1,2.3
24031702402,MD,Montgomery,4665,-0.38145317104496357,1092,18.2,30.3,5.7,10.1,3.8,3.5,18.1,9.0,36.5,29.2,2.3
24021752301,MD,Frederick,7217,-0.3851594339096328,1093,19.6,28.5,5.7,9.7,3.4,3.6,20.6,8.5,33.8,34.8,2.0
51059432800,VA,Fairfax,2225,-0.38562766803222465,1094,20.0,28.4,6.2,9.6,4.1,3.6,18.6,10.0,36.0,24.8,2.3
51059420600,VA,Fairfax,4911,-0.38785524098012425,1095,18.2,26.8,5.0,10.0,4.1,4.1,20.7,9.7,33.1,28.3,2.3
51107611009,VA,Loudoun,5542,-0.3881381533672484,1096,20.9,29.2,6.5,9.4,3.7,3.4,19.2,9.0,36.6,28.1,2.0
11001002002,DC,District of Columbia,4072,-0.38949440227260773,1097,18.7,30.9,6.0,9.7,3.9,3.5,18.9,8.6,34.9,24.8,2.9
24021752206,MD,Frederick,5889,-0.39112844807531516,1098,20.7,28.8,6.8,9.0,3.6,3.4,19.4,8.5,36.6,31.4,2.0
51685920201,VA,Manassas Park,2872,-0.39402849619269614,1099,17.2,27.3,3.5,10.0,3.5,3.9,21.7,10.3,31.1,37.8,2.2
51059450500,VA,Fairfax,3065,-0.3940396954053736,1100,19.5,27.8,5.9,8.4,4.8,4.0,17.0,11.5,37.9,23.8,2.5
24031702102,MD,Montgomery,3406,-0.39617259778722497,1101,19.9,27.5,8.4,9.2,4.1,3.3,18.9,7.2,39.7,23.6,2.1
51107610604,VA,Loudoun,6964,-0.39890821506048124,1102,20.3,27.6,6.3,9.8,3.6,3.6,21.0,8.0,34.1,29.7,2.0
51153901407,VA,Prince William,4247,-0.40139299205607126,1103,17.1,28.2,4.0,9.7,3.7,4.1,20.7,10.1,32.2,35.7,2.2
11001002802,DC,District of Columbia,4685,-0.4032614851368895,1104,15.3,26.5,4.1,10.0,4.0,4.6,23.1,8.7,32.1,26.6,2.8
51610500300,VA,Falls Church,4437,-0.40676876426830827,1105,20.8,27.2,7.5,9.1,4.1,3.3,20.6,8.0,34.7,28.0,2.0
51059491601,VA,Fairfax,5421,-0.40988349044793676,1106,18.4,27.7,4.7,9.2,4.3,4.3,18.2,11.6,36.4,24.3,2.4
51059460504,VA,Fairfax,3979,-0.41096954056542945,1107,20.7,28.0,7.3,8.8,4.5,3.6,17.9,9.6,38.1,21.4,2.2
51510200301,VA,Alexandria,3333,-0.4142249953411406,1108,17.7,27.3,4.2,10.5,3.4,3.9,22.1,8.9,30.9,34.1,2.1
51059491502,VA,Fairfax,7014,-0.4151191025335954,1109,21.1,28.8,7.5,8.5,4.4,3.3,16.8,10.3,40.2,20.3,2.2
11001010500,DC,District of Columbia,3712,-0.41635348817785367,1110,16.7,27.9,4.9,10.5,3.5,4.0,22.7,7.8,32.2,25.6,2.7
51059482504,VA,Fairfax,5277,-0.41742346044586537,1111,21.5,28.0,8.2,8.6,4.3,3.2,17.6,9.3,39.8,20.5,2.1
11001002202,DC,District of Columbia,3339,-0.42123715182398414,1112,17.0,29.8,4.6,10.2,3.6,3.9,19.7,8.8,32.8,27.1,3.0
51059481000,VA,Fairfax,6231,-0.42248730317408323,1113,16.5,26.7,3.6,9.6,4.2,4.7,19.6,11.4,33.2,28.3,2.5
51107611013,VA,Loudoun,4370,-0.42312481693316395,1114,20.4,29.0,6.2,9.2,3.8,3.5,19.1,9.2,36.0,28.0,2.0
11001000803,DC,District of Columbia,3174,-0.4232457610082699,1115,19.2,25.0,8.9,9.5,4.2,3.6,22.9,6.3,34.7,17.6,2.4
51510200104,VA,Alexandria,4095,-0.42405737986591063,1116,15.7,26.1,2.9,10.9,3.2,4.3,23.1,9.5,29.4,36.9,2.1
51179010210,VA,Stafford,11687,-0.4248812494222243,1117,18.8,27.2,4.6,10.5,3.1,3.3,22.0,8.7,31.6,35.3,2.0
24031700826,MD,Montgomery,5822,-0.4255508321164418,1118,20.3,27.9,8.8,8.8,4.1,3.1,17.9,7.6,40.8,21.9,2.1
51107611014,VA,Loudoun,4472,-0.4258748906450698,1119,20.1,27.8,6.2,9.5,3.7,3.6,20.3,8.3,34.6,29.3,2.0
51107611019,VA,Loudoun,6045,-0.4270246737342535,1120,20.6,28.4,6.5,9.2,3.8,3.5,19.3,8.7,36.2,27.5,2.0
51107611208,VA,Loudoun,4384,-0.4289737106539903,1121,20.7,28.4,6.7,9.3,3.7,3.3,19.5,8.6,36.6,27.3,1.9
51059491201,VA,Fairfax,6558,-0.42977877325907693,1122,18.3,27.2,4.7,9.5,4.0,4.1,19.6,10.7,34.9,26.0,2.3
51153901016,VA,Prince William,5440,-0.4325915180270031,1123,17.5,30.5,3.8,10.2,3.4,3.6,18.6,10.4,32.6,34.5,2.3
24033800410,MD,Prince George's,7030,-0.43365547998491605,1124,18.9,30.2,5.0,11.6,3.4,3.3,15.4,9.5,30.9,34.9,2.3
51059422102,VA,Fairfax,6677,-0.4341497656302193,1125,18.4,29.1,4.5,10.2,3.8,3.6,18.0,10.8,33.9,27.8,2.4
51107611206,VA,Loudoun,4311,-0.4350484024539946,1126,20.1,27.8,6.2,9.5,3.7,3.5,20.2,8.4,34.6,29.0,2.0
11001000102,DC,District of Columbia,3417,-0.4395580520444107,1127,20.0,26.1,10.2,8.7,4.1,3.2,21.3,5.9,38.0,18.2,2.2
51013102803,VA,Arlington,2748,-0.44747750393234326,1128,19.5,27.3,5.2,9.4,3.8,3.5,20.4,9.7,34.8,27.8,2.1
51059491802,VA,Fairfax,2915,-0.44890215117405724,1129,19.9,26.8,6.7,9.2,4.2,3.7,19.1,9.1,36.1,22.8,2.2
24031700711,MD,Montgomery,6733,-0.45046251971250695,1130,18.4,28.6,6.4,8.9,4.3,3.6,17.1,9.2,39.2,24.5,2.3
51059492300,VA,Fairfax,3402,-0.45345932588050153,1131,19.9,27.0,6.7,9.2,4.2,3.5,18.9,9.3,36.2,23.8,2.1
11001002201,DC,District of Columbia,3485,-0.45407699780293487,1132,17.7,30.0,5.4,10.0,3.7,3.6,19.1,8.3,33.8,24.5,2.9
11001000600,DC,District of Columbia,4676,-0.45408721654974643,1133,19.6,25.6,9.6,9.1,3.9,3.3,21.6,5.9,37.4,18.4,2.2
24031700904,MD,Montgomery,4141,-0.4572700585649898,1134,16.4,27.6,4.7,9.2,4.3,4.4,18.7,9.6,36.0,26.4,2.5
51510201601,VA,Alexandria,3347,-0.4582875382123877,1135,19.1,25.9,5.9,10.0,3.4,3.3,23.0,7.5,32.8,30.0,1.9
24031700726,MD,Montgomery,3149,-0.46166696545106073,1136,16.5,28.4,4.3,9.7,4.0,4.0,17.5,10.1,36.8,28.0,2.4
51107611006,VA,Loudoun,5950,-0.4623946101795305,1137,19.4,28.0,5.6,9.4,3.7,3.7,19.5,9.0,35.1,28.5,2.0
51059482502,VA,Fairfax,3090,-0.4630620096229382,1138,20.8,27.2,7.5,8.9,4.0,3.3,18.4,9.0,38.4,21.9,2.0
51153901421,VA,Prince William,4884,-0.46460473169807504,1139,18.6,28.2,5.3,9.6,3.5,3.5,20.3,8.9,34.4,30.4,2.0
24031700613,MD,Montgomery,6636,-0.4648933084079043,1140,18.2,29.2,5.9,8.9,4.2,3.6,16.2,9.9,40.8,22.9,2.3
24031701007,MD,Montgomery,3129,-0.46564440612435365,1141,18.9,28.0,7.1,9.0,4.2,3.4,17.5,8.5,39.5,22.8,2.2
24031703800,MD,Montgomery,4126,-0.4662877026795327,1142,15.9,28.1,4.1,10.5,3.6,3.9,19.5,8.9,33.7,31.0,2.3
51059430600,VA,Fairfax,7152,-0.4667805767040319,1143,18.0,27.6,4.7,8.5,4.6,4.0,16.8,12.1,36.6,25.5,2.5
51059422401,VA,Fairfax,2447,-0.46725483495837916,1144,18.1,26.3,4.9,10.5,3.5,3.7,21.7,8.8,31.7,28.2,2.1
51059440202,VA,Fairfax,6032,-0.47413116045415843,1145,18.8,27.1,5.6,9.1,4.3,3.7,19.0,10.1,35.2,24.8,2.2
11001009203,DC,District of Columbia,2775,-0.4775672819952339,1146,16.5,28.3,4.7,10.8,3.3,3.8,21.5,7.6,31.1,25.6,2.8
24031704804,MD,Montgomery,1886,-0.47896910980972307,1147,19.1,26.9,8.1,9.0,4.1,3.1,19.2,7.3,38.2,23.0,2.1
51107611207,VA,Loudoun,4325,-0.47909801079400455,1148,19.7,27.9,6.1,9.3,3.7,3.5,19.6,8.5,34.8,28.2,2.0
24031701220,MD,Montgomery,3970,-0.4845975429577551,1149,19.5,30.1,7.6,7.7,4.6,3.2,14.2,9.9,44.7,18.6,2.3
11001002101,DC,District of Columbia,5687,-0.48730686230331455,1150,16.9,29.3,4.8,10.0,3.6,3.6,19.4,8.6,33.2,26.4,2.8
11001002301,DC,District of Columbia,3266,-0.48830619966021777,1151,17.3,29.2,5.2,10.0,3.5,3.5,20.3,8.1,32.9,25.0,2.8
24031700617,MD,Montgomery,2546,-0.49066758518938813,1152,19.3,30.2,7.0,7.8,4.4,3.3,14.2,10.3,44.5,19.5,2.3
11001001301,DC,District of Columbia,4160,-0.4910981961497301,1153,18.8,26.2,8.6,9.2,4.0,3.3,21.1,6.4,35.9,19.5,2.3
11001004100,DC,District of Columbia,2836,-0.495985786311775,1154,18.8,25.9,9.0,8.7,4.1,3.3,21.6,6.3,36.9,18.8,2.2
51107611002,VA,Loudoun,4736,-0.49618251548347186,1155,18.0,27.2,4.8,9.7,3.6,3.9,21.0,8.6,32.0,31.2,2.0
24031702502,MD,Montgomery,1731,-0.4964694365205013,1156,16.5,28.2,4.7,10.6,3.6,3.6,19.2,8.4,32.8,29.0,2.4
24021752202,MD,Frederick,4481,-0.4969477370759605,1157,19.5,29.0,5.7,8.9,3.4,3.1,18.4,9.1,36.3,32.1,2.0
24031701211,MD,Montgomery,6350,-0.5007458607355884,1158,18.3,28.2,6.4,8.9,4.1,3.5,17.0,9.0,39.8,22.9,2.2
51153901506,VA,Prince William,5536,-0.5019685080690482,1159,17.4,27.2,4.4,9.8,3.3,3.7,21.4,8.9,33.0,31.4,2.0
51013101100,VA,Arlington,5948,-0.5084512405143289,1160,21.0,26.0,7.6,8.9,3.7,3.1,21.2,7.4,36.1,23.6,1.8
51510201204,VA,Alexandria,2878,-0.510048244373402,1161,18.4,26.0,5.2,9.9,3.3,3.3,21.7,8.2,32.6,31.0,2.0
51059422301,VA,Fairfax,3133,-0.5105866829635192,1162,19.0,27.0,5.9,9.6,3.7,3.3,19.5,9.1,34.6,25.6,2.1
24031700706,MD,Montgomery,4691,-0.514753881079375,1163,16.5,28.7,4.4,9.3,3.8,3.8,17.5,10.0,37.0,28.0,2.3
51013103000,VA,Arlington,3390,-0.5157809533612064,1164,21.0,24.7,7.9,9.3,3.4,2.9,22.7,6.6,35.0,24.4,1.7
24031700316,MD,Montgomery,3851,-0.517810896926001,1165,16.8,29.2,4.6,9.0,3.9,3.7,16.7,10.3,38.6,25.7,2.4
11001001401,DC,District of Columbia,3258,-0.5199178763870217,1166,19.4,25.9,9.5,8.9,3.8,3.0,20.7,6.0,37.7,18.6,2.1
24031700306,MD,Montgomery,7833,-0.5227638987187759,1167,17.7,28.9,5.3,9.2,3.7,3.5,16.9,9.5,38.8,25.6,2.2
51153900502,VA,Prince William,4323,-0.523602449874205,1168,17.6,28.9,4.4,10.6,2.9,3.0,20.3,8.6,31.1,34.6,2.0
51107611012,VA,Loudoun,4509,-0.5281066698730146,1169,20.2,28.8,6.5,8.8,3.7,3.1,18.0,9.0,36.9,26.1,1.9
24031700309,MD,Montgomery,5807,-0.5330030755417648,1170,16.8,28.0,4.7,9.9,3.5,3.6,18.2,9.0,35.8,28.2,2.2
11001002501,DC,District of Columbia,2688,-0.5338427485882794,1171,17.8,29.3,6.0,9.5,3.6,3.1,19.0,8.0,34.6,23.7,2.7
51013101503,VA,Arlington,1793,-0.5356090995718967,1172,20.7,25.5,8.0,8.9,3.9,3.0,21.2,7.0,35.5,22.4,1.8
24021752205,MD,Frederick,3571,-0.5366194268490129,1173,19.8,29.1,6.1,8.5,3.5,3.0,17.3,9.4,37.7,29.8,1.9
11001003200,DC,District of Columbia,5099,-0.5381480061620033,1174,15.2,25.9,4.2,10.4,3.4,4.2,22.7,7.6,30.7,25.1,2.7
51059491401,VA,Fairfax,4934,-0.5422119838081016,1175,18.1,26.8,4.9,9.0,3.9,3.8,18.7,10.5,35.7,23.8,2.2
51153901412,VA,Prince William,8112,-0.5423003207222852,1176,18.2,27.3,5.3,9.5,3.2,3.2,20.6,8.5,34.2,30.4,1.9
51107611029,VA,Loudoun,7139,-0.5429374776769421,1177,19.9,27.4,6.5,9.2,3.5,3.1,19.7,7.8,35.0,28.1,1.8
24031705501,MD,Montgomery,2377,-0.5449308318653944,1178,18.3,26.0,7.6,8.9,4.2,3.4,18.8,7.2,37.7,21.9,2.1
51059482601,VA,Fairfax,7321,-0.5466000413249809,1179,19.7,27.2,6.6,8.6,4.1,3.4,17.2,9.7,38.1,21.1,2.1
11001001303,DC,District of Columbia,3763,-0.549089814515286,1180,18.1,24.9,8.1,9.3,3.8,3.4,22.4,6.0,34.4,19.6,2.2
51059471303,VA,Fairfax,4153,-0.5496673641528227,1181,18.7,25.7,6.1,9.1,4.0,3.7,19.5,9.0,34.8,23.0,2.1
51059461500,VA,Fairfax,6940,-0.5500305433260579,1182,19.8,26.8,7.1,8.7,4.1,3.2,18.1,9.0,37.2,21.6,2.0
51510200406,VA,Alexandria,4949,-0.5508328851457348,1183,17.8,28.3,4.4,10.1,3.2,3.1,19.4,9.2,31.8,33.3,2.0
24031700314,MD,Montgomery,3839,-0.5518546712742783,1184,17.8,29.4,5.7,8.4,4.1,3.3,15.0,10.4,42.2,21.0,2.3
51059491301,VA,Fairfax,6797,-0.5537510574398301,1185,18.4,26.6,5.3,9.2,3.9,3.6,18.3,10.1,36.1,23.2,2.1
51059482604,VA,Fairfax,4210,-0.5546316756342415,1186,19.6,28.5,6.4,8.1,4.3,3.3,15.6,10.9,39.9,19.5,2.2
51153901413,VA,Prince William,4504,-0.5553173887675945,1187,17.9,26.0,5.2,9.8,3.1,3.3,21.9,7.8,33.1,30.8,1.8
51013101409,VA,Arlington,2120,-0.5554780850589194,1188,20.0,24.9,8.1,8.8,4.4,3.2,21.7,6.7,32.8,20.6,2.1
11001004703,DC,District of Columbia,3331,-0.5575760323636748,1189,13.8,23.9,3.6,10.6,3.3,4.5,26.3,7.0,29.0,25.1,2.4
51013101602,VA,Arlington,1654,-0.5580086858930285,1190,17.4,24.6,4.7,9.9,3.4,3.7,23.9,7.9,31.4,27.0,1.9
11001005004,DC,District of Columbia,3861,-0.5599819619404289,1191,14.9,25.3,4.4,9.7,3.7,4.2,23.1,7.7,31.7,24.3,2.6
51059421101,VA,Fairfax,5912,-0.5629890049637303,1192,18.8,26.7,5.8,9.7,3.5,3.2,19.0,9.0,34.8,25.0,2.0
51013102903,VA,Arlington,1625,-0.5646032775080644,1193,19.7,23.2,6.6,10.0,3.0,3.1,24.5,6.3,32.8,25.5,1.6
11001001702,DC,District of Columbia,3356,-0.5674141271665765,1194,17.7,28.1,6.3,9.9,3.4,3.1,20.0,7.1,33.8,22.6,2.5
51013102302,VA,Arlington,4668,-0.5710659766732281,1195,18.4,25.2,5.3,9.5,3.5,3.5,21.4,8.3,33.2,27.1,1.9
24031700313,MD,Montgomery,3713,-0.5721380735957403,1196,17.0,28.1,5.0,9.4,3.7,3.5,16.9,9.3,37.5,24.9,2.3
51153901420,VA,Prince William,4546,-0.5769984274258673,1197,17.8,27.0,5.1,9.5,3.2,3.1,20.6,8.4,33.5,30.9,1.9
51013102804,VA,Arlington,5339,-0.5794134039119746,1198,17.9,26.5,4.5,9.3,3.6,3.5,20.0,9.4,33.1,28.3,2.1
51107611005,VA,Loudoun,5573,-0.5820672515835407,1199,19.4,26.8,6.1,9.3,3.3,3.1,19.9,7.8,34.4,28.4,1.8
51107610602,VA,Loudoun,2807,-0.5822113203373142,1200,19.5,27.1,6.4,9.2,3.4,3.0,19.7,7.8,34.7,27.5,1.8
51013102001,VA,Arlington,2802,-0.5824303552500235,1201,17.7,25.0,5.3,9.1,4.0,3.6,21.8,8.4,32.0,25.8,2.1
24033807301,MD,Prince George's,3693,-0.5827343737595015,1202,17.1,28.1,4.5,9.8,3.9,3.9,15.4,9.7,31.4,33.0,2.3
51059422402,VA,Fairfax,5236,-0.5846182729940174,1203,18.4,26.0,5.7,10.0,3.4,3.1,20.0,8.4,33.4,26.1,1.9
51107611004,VA,Loudoun,8935,-0.5854084775028173,1204,19.1,26.6,5.9,9.5,3.2,3.2,20.1,7.8,34.0,28.4,1.8
24031701216,MD,Montgomery,5986,-0.5867586903208499,1205,18.3,27.0,7.4,8.8,4.1,3.1,17.5,7.6,37.9,22.4,2.1
51107610503,VA,Loudoun,8097,-0.5868662226365853,1206,19.0,27.0,5.7,9.4,3.3,3.2,19.9,8.0,34.0,28.7,1.8
51059471000,VA,Fairfax,2247,-0.5872376866232233,1207,20.2,26.2,7.8,8.7,3.9,2.9,18.2,8.3,37.3,20.9,1.9
51013102600,VA,Arlington,3688,-0.587974570516175,1208,18.4,26.4,5.1,8.9,3.7,3.4,20.2,9.1,33.8,27.3,2.0
24031700829,MD,Montgomery,3498,-0.5935303157996636,1209,18.3,27.9,6.9,8.3,4.0,3.2,16.1,8.8,40.8,21.3,2.1
51059482503,VA,Fairfax,4832,-0.5945536374921746,1210,19.6,26.9,6.8,8.5,3.9,3.1,17.3,9.4,38.5,20.6,2.0
51510200408,VA,Alexandria,2713,-0.5970055558008858,1211,15.9,26.8,3.2,10.5,3.0,3.5,21.0,9.0,29.7,34.3,2.0
51153901415,VA,Prince William,4224,-0.5986277323820478,1212,17.8,25.8,5.3,9.7,3.0,3.1,21.7,7.6,32.9,30.6,1.8
51059480802,VA,Fairfax,3910,-0.6023128804215019,1213,18.9,26.6,6.3,8.7,4.0,3.3,18.1,9.2,35.7,23.3,2.0
11001010202,DC,District of Columbia,2631,-0.608131887907163,1214,16.1,25.1,5.8,9.9,3.4,3.5,23.1,6.5,32.1,22.6,2.3
51107611011,VA,Loudoun,3833,-0.6085375556986311,1215,17.9,26.5,5.0,9.7,3.2,3.3,20.8,8.1,32.4,29.6,1.8
24021751905,MD,Frederick,3755,-0.6113645775115274,1216,18.7,25.5,6.2,9.3,3.0,3.0,21.4,6.8,33.6,31.8,1.6
51013102400,VA,Arlington,3617,-0.6118397786519698,1217,18.0,24.8,5.4,9.3,3.5,3.4,22.0,7.9,32.9,26.0,1.9
51059461604,VA,Fairfax,2520,-0.6147579027661213,1218,18.7,26.2,6.3,8.6,4.1,3.3,18.0,9.3,36.4,21.1,2.1
51510201300,VA,Alexandria,4004,-0.6149252734082133,1219,19.0,24.4,6.4,9.7,3.0,2.8,22.5,6.6,33.2,28.5,1.6
51153901409,VA,Prince William,8502,-0.6164961643380175,1220,16.5,25.6,4.3,10.0,3.0,3.4,22.2,7.9,31.1,32.1,1.8
51059471100,VA,Fairfax,7030,-0.6165963581087534,1221,19.1,26.1,6.8,8.6,4.0,3.2,18.0,8.8,36.3,22.1,2.0
51059491303,VA,Fairfax,4269,-0.6211191345887888,1222,16.8,25.8,4.2,9.1,3.9,3.9,18.2,10.5,34.4,24.7,2.2
24031700618,MD,Montgomery,5093,-0.6229165707428055,1223,18.3,29.8,6.5,7.4,4.2,3.0,13.4,10.5,45.0,18.2,2.2
51107611805,VA,Loudoun,5069,-0.6256758388625839,1224,18.7,26.7,5.6,9.3,3.2,3.1,19.6,8.1,34.5,27.8,1.8
11001000804,DC,District of Columbia,3832,-0.625788769182,1225,18.1,24.0,8.8,9.1,3.7,3.1,21.6,5.6,35.4,17.2,2.1
11001003702,DC,District of Columbia,2906,-0.6299733288704661,1226,14.1,25.3,3.7,10.4,3.1,3.9,23.9,7.2,29.1,27.2,2.4
51059460503,VA,Fairfax,3778,-0.6319541844320408,1227,18.2,25.8,5.9,8.9,3.9,3.3,18.8,9.0,35.7,22.0,2.0
24031705000,MD,Montgomery,5311,-0.632658915887248,1228,18.3,25.4,8.0,8.8,4.1,3.1,18.5,6.6,36.7,21.1,2.0
24033805908,MD,Prince George's,3492,-0.6332766112594673,1229,15.1,27.5,2.9,12.0,2.7,3.5,17.1,8.8,26.8,39.4,2.1
51107611804,VA,Loudoun,8852,-0.6337622420604917,1230,18.1,28.1,4.9,8.7,3.6,3.5,17.5,9.7,35.6,26.2,2.0
51059481105,VA,Fairfax,5332,-0.6345525321386802,1231,19.5,27.1,6.9,8.3,3.9,3.0,16.7,9.5,38.9,19.9,1.9
51059451900,VA,Fairfax,6015,-0.6382331312432243,1232,18.4,26.3,6.1,9.1,3.8,3.1,18.2,8.9,34.5,24.0,2.0
11001000502,DC,District of Columbia,3418,-0.6440907449472845,1233,17.7,23.8,8.5,9.0,3.5,3.0,22.4,5.5,35.4,18.6,2.0
51107611601,VA,Loudoun,4317,-0.6448607278699398,1234,17.6,26.7,4.9,9.2,3.4,3.4,19.0,8.7,33.1,29.7,1.9
51510201803,VA,Alexandria,2393,-0.652041320381085,1235,18.7,23.8,6.5,9.6,3.0,2.7,22.6,6.4,33.0,27.8,1.6
24031700611,MD,Montgomery,5816,-0.6529709257162284,1236,17.2,28.9,5.5,8.1,4.0,3.1,14.4,10.3,42.3,20.2,2.2
24031704803,MD,Montgomery,4318,-0.6546744041298616,1237,17.2,25.0,6.6,9.3,3.5,3.0,19.8,7.0,36.1,23.9,1.9
11001003000,DC,District of Columbia,3561,-0.6568946954972974,1238,14.1,24.3,3.9,10.5,3.1,4.0,24.2,6.7,28.9,25.1,2.4
11001001200,DC,District of Columbia,5371,-0.6575809506784821,1239,17.7,24.0,8.2,9.1,3.5,3.0,22.0,5.6,35.0,19.0,2.0
51059481702,VA,Fairfax,4787,-0.6576298114027934,1240,18.4,25.3,6.0,9.0,3.7,3.2,19.0,8.7,35.3,22.4,1.9
51059491402,VA,Fairfax,4323,-0.6586881279230837,1241,17.4,26.1,4.7,8.9,3.7,3.4,18.3,10.3,35.6,23.2,2.0
51013103601,VA,Arlington,2612,-0.6592645904791801,1242,19.2,24.5,7.0,8.9,3.5,2.8,21.5,6.9,34.4,23.6,1.7
51107611803,VA,Loudoun,6838,-0.6652922463216494,1243,18.3,28.2,5.0,8.6,3.5,3.2,17.5,9.5,35.7,26.5,1.9
51013101900,VA,Arlington,3183,-0.6667677698604672,1244,19.2,24.0,7.2,9.0,3.5,2.8,22.2,6.5,33.6,22.8,1.7
51059491302,VA,Fairfax,3405,-0.6669879212551321,1245,16.9,25.0,4.7,9.3,3.6,3.5,19.9,9.3,33.6,23.8,2.0
51107611022,VA,Loudoun,7320,-0.6694129642480044,1246,18.5,27.4,5.4,8.9,3.3,3.1,18.4,8.6,35.0,27.1,1.8
11001005503,DC,District of Columbia,2492,-0.6706586536677602,1247,15.6,22.5,6.2,9.5,3.5,3.7,25.0,5.8,32.0,20.1,2.0
24031700318,MD,Montgomery,3290,-0.6726346903740085,1248,16.8,27.8,5.3,8.9,3.5,3.2,16.3,8.9,38.4,24.2,2.1
51059491404,VA,Fairfax,4006,-0.6726464409531974,1249,18.1,26.0,5.5,8.9,3.6,3.1,18.1,9.5,35.9,22.5,2.0
51510201205,VA,Alexandria,2568,-0.6729969818641888,1250,15.0,24.1,3.2,10.0,3.1,3.4,22.1,8.7,29.7,34.0,1.9
11001000802,DC,District of Columbia,3327,-0.674079215281081,1251,17.2,23.9,7.6,9.1,3.5,3.3,21.8,5.8,34.9,19.1,2.0
51013101300,VA,Arlington,6940,-0.6788632647244658,1252,19.1,24.4,6.8,8.8,3.5,2.8,21.6,7.0,34.0,23.6,1.7
51059481103,VA,Fairfax,3664,-0.6795711933329415,1253,16.9,27.6,4.2,8.8,3.9,3.6,16.2,10.9,34.8,23.4,2.3
51510201602,VA,Alexandria,3220,-0.6810712257544502,1254,15.7,23.6,4.1,10.5,2.8,3.3,24.3,6.7,28.8,32.2,1.6
51059461802,VA,Fairfax,5448,-0.681682989124205,1255,18.3,25.0,6.2,9.1,3.6,3.1,19.2,8.3,34.5,22.4,1.9
11001006500,DC,District of Columbia,2609,-0.6844350719384268,1256,16.4,23.1,7.2,9.3,3.4,3.2,24.2,5.4,33.0,20.2,1.9
24031700317,MD,Montgomery,6673,-0.6855324136418829,1257,16.5,26.7,5.3,9.1,3.5,3.3,17.4,8.3,37.3,24.4,2.0
51059491801,VA,Fairfax,2324,-0.6882715385089982,1258,16.9,24.8,4.8,9.5,3.5,3.5,20.1,8.7,33.1,23.8,1.9
51059461700,VA,Fairfax,6937,-0.6883416289647379,1259,17.4,26.0,5.2,8.6,4.0,3.3,17.9,9.7,35.0,22.6,2.1
51059491707,VA,Fairfax,4568,-0.6888866649730212,1260,17.5,25.1,5.6,9.3,3.7,3.2,19.2,8.6,33.4,22.8,2.0
51013103100,VA,Arlington,6207,-0.6942795366508139,1261,17.4,26.5,4.3,9.6,3.1,2.9,20.2,8.7,31.4,28.4,2.0
51059422202,VA,Fairfax,6444,-0.69505996451454,1262,17.3,26.9,4.6,9.8,3.3,2.9,17.7,9.6,33.8,24.9,2.0
11001002400,DC,District of Columbia,4095,-0.6952115929107643,1263,15.1,25.8,4.5,10.1,3.1,3.4,21.7,7.0,31.0,24.2,2.4
51013103404,VA,Arlington,1438,-0.6954178635639163,1264,18.6,24.6,6.5,9.0,3.5,2.8,21.2,7.0,33.3,23.8,1.8
51013102901,VA,Arlington,2904,-0.6970137664070267,1265,18.9,22.9,6.4,9.6,2.8,2.7,23.6,6.2,32.7,25.3,1.5
24031702503,MD,Montgomery,4014,-0.6991275754435772,1266,15.5,26.4,4.6,10.2,3.2,3.1,19.5,7.4,32.1,27.8,2.1
11001006801,DC,District of Columbia,2238,-0.7000012455021272,1267,15.5,25.5,5.0,10.1,2.9,3.2,22.9,6.4,31.0,24.0,2.2
51059461801,VA,Fairfax,1385,-0.7037286667658785,1268,18.0,24.7,5.8,9.1,3.4,3.0,19.4,8.5,34.4,23.3,1.9
51059432201,VA,Fairfax,2393,-0.7074521125191144,1269,17.5,25.0,5.4,9.1,3.6,3.1,19.2,8.8,33.9,23.7,1.9
51107611501,VA,Loudoun,4242,-0.7151466907880604,1270,16.3,26.0,4.0,9.4,3.2,3.3,19.9,8.5,30.7,31.8,1.9
51107611023,VA,Loudoun,5954,-0.7159660497077235,1271,18.4,25.7,5.9,9.2,3.1,2.9,19.8,7.2,33.8,27.3,1.6
24031702800,MD,Montgomery,5264,-0.7180961705066844,1272,16.9,26.0,6.4,9.4,3.3,2.7,18.5,6.9,35.6,24.7,1.9
51107611808,VA,Loudoun,5569,-0.7191442174120587,1273,17.8,27.8,4.8,8.6,3.4,3.1,17.0,9.6,35.8,25.6,1.9
11001005602,DC,District of Columbia,4100,-0.7196638545540164,1274,16.6,23.4,7.6,8.9,4.1,3.3,21.7,5.9,32.4,16.4,2.3
11001005801,DC,District of Columbia,1672,-0.7350662118145308,1275,15.7,24.2,5.8,8.7,3.5,3.5,21.7,6.9,34.8,19.1,2.2
24031700830,MD,Montgomery,2376,-0.7357369442994977,1276,15.0,27.4,3.9,9.6,3.3,3.2,17.1,8.9,34.5,27.6,2.1
51059491701,VA,Fairfax,4127,-0.7442642990883108,1277,17.8,24.5,6.0,9.1,3.5,3.0,19.0,8.2,34.3,21.9,1.8
51510200111,VA,Alexandria,3909,-0.7475801754883449,1278,15.3,23.7,3.8,10.4,2.7,3.1,22.9,7.1,28.7,32.0,1.7
51013102904,VA,Arlington,3125,-0.7492027033475914,1279,16.6,23.1,4.7,9.9,2.9,3.0,23.2,7.0,30.2,27.2,1.7
24031700836,MD,Montgomery,1521,-0.7598294339044421,1280,16.7,26.4,5.7,8.6,3.5,2.8,16.7,8.4,38.4,22.8,1.9
51013101804,VA,Arlington,2215,-0.7626875878262037,1281,15.5,22.7,4.0,9.6,3.1,3.5,23.7,7.4,29.7,27.3,1.7
51059491705,VA,Fairfax,3341,-0.7658786528114561,1282,17.7,26.8,5.3,8.1,3.8,3.0,15.5,10.6,38.4,18.9,2.0
24031700905,MD,Montgomery,4149,-0.76976119132683,1283,17.0,26.0,6.9,7.9,4.3,3.3,15.7,7.5,37.5,19.6,2.2
51059461202,VA,Fairfax,6502,-0.7739369710255459,1284,17.0,25.1,5.1,8.9,3.5,3.1,18.3,9.1,34.5,21.9,1.9
24031701219,MD,Montgomery,3879,-0.7760637531335731,1285,13.5,24.8,3.3,9.6,3.2,3.7,19.4,8.4,32.8,28.4,2.0
51510201202,VA,Alexandria,3429,-0.7824265087332752,1286,17.3,23.6,5.7,9.3,2.9,2.5,21.5,6.7,32.1,28.4,1.6
24033807000,MD,Prince George's,9219,-0.7835101598308264,1287,13.2,22.9,3.0,10.8,3.3,4.4,19.9,7.6,25.8,32.4,2.0
11001009302,DC,District of Columbia,1750,-0.7853672579295616,1288,14.7,25.5,4.5,10.0,3.0,3.2,21.3,6.6,30.0,24.0,2.3
51059490501,VA,Fairfax,3326,-0.7885196049830135,1289,16.1,24.2,4.6,9.0,3.6,3.2,19.2,9.0,33.5,22.6,1.9
11001006600,DC,District of Columbia,2164,-0.7927716133175231,1290,16.4,22.1,8.1,9.1,3.2,2.7,23.2,4.8,33.2,18.4,1.8
24017850201,MD,Charles,972,-0.7967214253946728,1291,14.2,26.8,3.1,10.4,2.6,3.5,19.9,7.5,26.1,36.9,1.8
11001000704,DC,District of Columbia,2753,-0.8061421780381685,1292,16.4,22.5,7.3,9.2,3.1,2.7,22.2,5.5,33.5,18.8,1.9
11001006802,DC,District of Columbia,2580,-0.8072131716019414,1293,15.4,24.2,5.6,9.8,2.8,2.8,22.6,5.8,31.3,22.2,2.0
24031700315,MD,Montgomery,6324,-0.8080398725930332,1294,15.8,27.2,4.9,8.4,3.4,2.9,15.3,9.1,39.4,22.3,2.0
51013101703,VA,Arlington,2352,-0.8095603900794817,1295,16.9,23.2,5.7,8.9,3.4,2.8,22.0,6.8,31.5,24.1,1.7
51059480903,VA,Fairfax,4177,-0.8115069468730927,1296,15.5,24.4,4.1,8.7,3.6,3.4,18.0,9.6,33.0,25.4,2.0
51059461902,VA,Fairfax,1839,-0.8169283540658866,1297,14.3,23.9,3.1,9.3,3.3,3.5,19.2,9.7,30.9,28.1,2.0
51107611811,VA,Loudoun,8098,-0.8231564397878625,1298,17.2,26.5,4.8,8.8,3.0,2.8,18.0,8.3,33.7,27.2,1.7
11001004901,DC,District of Columbia,3380,-0.836806542498623,1299,13.6,23.1,4.2,10.0,2.8,3.3,24.0,5.9,28.9,23.8,2.1
11001002801,DC,District of Columbia,4398,-0.8455096336141026,1300,13.4,23.9,3.8,9.8,3.0,3.3,21.9,6.9,29.9,24.3,2.2
51107611810,VA,Loudoun,8135,-0.8506978967152707,1301,17.2,26.0,5.2,8.5,3.1,2.8,17.8,8.0,34.3,25.7,1.7
51059420503,VA,Fairfax,3505,-0.8531830353493952,1302,15.7,24.1,4.5,9.5,3.1,2.8,19.5,8.0,31.0,26.3,1.8
51107611027,VA,Loudoun,2163,-0.8547511540342557,1303,16.3,24.5,4.4,9.4,2.7,2.9,20.3,7.3,31.2,28.4,1.6
11001008002,DC,District of Columbia,3366,-0.8559546406839424,1304,15.2,23.3,5.8,9.6,2.7,2.7,22.8,5.5,31.6,21.5,1.9
51153901101,VA,Prince William,2191,-0.8585130488025204,1305,13.1,22.4,3.0,10.2,2.7,3.6,24.3,6.4,25.8,32.4,1.6
11001002504,DC,District of Columbia,3349,-0.8588338178412332,1306,14.0,23.9,4.4,9.3,3.0,3.2,21.1,6.9,31.2,23.8,2.2
51059471201,VA,Fairfax,3050,-0.8588503536518012,1307,17.9,24.5,6.7,8.2,3.7,2.7,17.1,7.9,34.6,19.9,1.9
24031701214,MD,Montgomery,3718,-0.8605641535855715,1308,15.8,23.9,6.1,8.9,3.3,2.7,18.8,6.5,35.3,22.9,1.7
24031701223,MD,Montgomery,3158,-0.8660731700684835,1309,15.8,23.1,6.1,9.2,3.0,2.7,19.5,6.2,35.1,23.2,1.6
51059482505,VA,Fairfax,3528,-0.8668469327227957,1310,17.7,25.8,6.3,7.9,3.9,2.8,15.6,8.7,35.7,18.8,2.0
51013103200,VA,Arlington,5520,-0.8741058807650174,1311,16.8,23.4,5.2,8.9,3.0,2.7,21.0,7.1,31.7,25.0,1.6
24031702603,MD,Montgomery,2186,-0.8827121087915983,1312,14.0,24.1,4.2,10.2,2.8,2.7,20.1,6.6,30.8,27.3,1.8
11001000202,DC,District of Columbia,4672,-0.8842651492466977,1313,14.7,20.3,6.5,9.5,3.2,3.2,24.4,4.8,30.2,17.3,1.8
51013102500,VA,Arlington,5291,-0.8881678306033719,1314,16.3,23.3,4.9,9.0,3.0,2.6,21.2,7.1,31.2,25.8,1.6
11001006700,DC,District of Columbia,3927,-0.8914383634239553,1315,16.0,22.0,7.8,9.0,2.9,2.4,22.3,4.7,33.4,18.3,1.7
24031700838,MD,Montgomery,4720,-0.8979670243975115,1316,14.5,23.3,4.7,9.7,2.9,2.9,19.7,6.5,32.8,24.9,1.7
11001000201,DC,District of Columbia,4108,-0.8998977343013135,1317,6.0,15.6,0.9,13.6,1.7,5.3,37.1,2.7,17.0,24.3,1.2
51059471203,VA,Fairfax,2420,-0.9013037262311205,1318,16.8,23.4,5.8,8.9,3.2,2.6,18.6,7.6,33.4,21.4,1.7
11001008701,DC,District of Columbia,2814,-0.9026610168393269,1319,14.1,24.6,4.2,10.1,2.6,2.7,21.7,6.2,29.3,23.5,2.1
11001004802,DC,District of Columbia,3634,-0.9038387559226244,1320,14.5,24.6,4.6,9.7,2.7,2.8,20.7,6.4,30.7,21.9,2.2
51059480505,VA,Fairfax,3263,-0.9109338213457563,1321,16.3,21.5,5.9,9.4,3.0,2.6,21.5,6.2,31.2,22.5,1.5
51107611032,VA,Loudoun,2991,-0.9143282592815368,1322,15.4,25.4,3.8,9.1,2.8,2.8,18.5,8.2,31.6,28.2,1.7
24031702602,MD,Montgomery,4769,-0.9148204082020966,1323,13.6,23.7,3.9,10.2,2.7,2.9,20.1,6.6,30.7,27.1,1.7
11001008402,DC,District of Columbia,2447,-0.9148934923082073,1324,15.2,23.8,5.7,9.5,2.7,2.4,21.8,5.5,31.0,21.0,2.0
24031700210,MD,Montgomery,9416,-0.9170800301855423,1325,15.2,26.3,4.8,8.3,3.2,2.7,15.3,8.5,38.1,22.3,1.9
24033801106,MD,Prince George's,1674,-0.9231436255829386,1326,14.1,23.5,3.4,10.9,2.3,2.9,19.0,6.6,26.6,36.6,1.5
51059491706,VA,Fairfax,2899,-0.928605013142145,1327,13.6,20.9,3.5,10.4,2.7,3.3,22.8,6.8,28.2,24.8,1.6
51059420202,VA,Fairfax,1943,-0.928645414095644,1328,15.4,23.4,4.4,10.1,2.6,2.5,20.4,7.0,29.5,26.1,1.6
51107611020,VA,Loudoun,6892,-0.9348854704956779,1329,15.8,24.3,4.4,9.1,2.7,2.7,19.3,7.3,31.3,27.7,1.6
51510201804,VA,Alexandria,3710,-0.9385646350571574,1330,15.6,22.4,4.8,9.5,2.5,2.4,21.6,6.2,30.4,28.6,1.4
51013103300,VA,Arlington,2492,-0.9439843335555236,1331,15.3,23.5,3.9,9.4,2.8,2.7,20.8,7.3,29.7,25.8,1.7
11001000101,DC,District of Columbia,1406,-0.94577244050557,1332,15.6,21.3,7.8,8.7,3.0,2.4,22.0,4.6,33.2,17.7,1.7
51013101603,VA,Arlington,4482,-0.9485492544277321,1333,15.2,20.9,4.9,9.2,3.0,2.9,23.4,5.9,29.5,23.3,1.5
51013102702,VA,Arlington,1912,-0.9496524626394932,1334,15.6,22.5,4.3,9.1,2.7,2.6,21.1,7.1,31.0,26.8,1.5
11001005802,DC,District of Columbia,2145,-0.9501877571308668,1335,14.7,22.5,6.0,9.0,2.8,2.6,22.0,5.3,32.1,20.6,1.8
51059491501,VA,Fairfax,7696,-0.9533409690707418,1336,15.9,25.5,4.3,7.9,3.4,2.8,15.3,10.4,36.8,19.0,1.9
11001004801,DC,District of Columbia,2820,-0.9550780968769953,1337,13.3,23.3,4.5,9.3,2.9,2.9,22.4,5.9,29.5,21.7,2.1
51059461603,VA,Fairfax,5056,-0.9632599267231076,1338,16.0,23.4,5.3,8.5,3.3,2.7,18.1,8.0,33.4,20.6,1.7
51059491202,VA,Fairfax,2102,-0.9646183365320135,1339,13.6,21.5,3.4,9.6,3.0,3.2,21.1,7.7,29.2,24.8,1.7
51107611813,VA,Loudoun,13108,-0.974757983431669,1340,16.3,25.6,4.6,8.4,2.9,2.5,17.1,8.0,33.7,25.5,1.6
11001001002,DC,District of Columbia,3643,-0.9750789573506838,1341,14.6,20.5,6.2,9.4,2.7,2.7,23.5,4.7,30.6,18.8,1.7
11001002900,DC,District of Columbia,4443,-0.975796223860604,1342,12.6,21.9,3.8,9.5,2.7,3.1,23.2,6.1,29.0,23.6,1.9
11001007000,DC,District of Columbia,2697,-0.9911573118656082,1343,14.4,20.7,6.3,9.2,2.8,2.8,22.9,4.6,30.7,19.0,1.7
51107611028,VA,Loudoun,6439,-0.9932396494238744,1344,16.6,25.5,5.0,8.3,2.8,2.4,16.9,7.7,34.3,25.0,1.5
51179010201,VA,Stafford,1633,-0.9971183032438006,1345,7.8,21.0,1.0,10.1,2.5,5.0,28.5,4.8,19.1,38.1,1.3
51013103800,VA,Arlington,4964,-0.9974007047245912,1346,14.2,21.2,3.7,9.9,2.4,2.6,23.9,6.1,27.5,26.8,1.4
51013101705,VA,Arlington,4175,-1.0011021139543437,1347,15.5,21.6,5.0,8.9,2.9,2.5,21.9,6.2,30.3,23.3,1.5
24031700839,MD,Montgomery,4931,-1.0011473257025918,1348,14.4,23.4,5.0,8.7,3.0,2.6,17.8,6.9,35.0,22.4,1.7
11001004600,DC,District of Columbia,3543,-1.0035893973482921,1349,13.4,23.6,4.2,9.7,2.6,2.7,21.5,5.8,29.0,22.3,2.0
51510200403,VA,Alexandria,1410,-1.0043642454098347,1350,14.8,22.8,4.0,9.6,2.3,2.3,21.0,6.5,29.6,29.3,1.4
24031702604,MD,Montgomery,2821,-1.0051945335539008,1351,12.9,22.6,3.6,10.1,2.5,2.7,20.5,6.2,29.7,26.9,1.7
11001006900,DC,District of Columbia,2799,-1.0074637993530824,1352,14.8,22.4,6.1,9.2,2.5,2.2,21.9,5.0,31.7,20.1,1.7
24031700837,MD,Montgomery,7443,-1.0126107140928697,1353,14.0,24.6,4.2,8.3,3.1,2.8,16.1,8.1,35.2,24.4,1.8
11001002702,DC,District of Columbia,5825,-1.013933267125135,1354,13.7,21.1,5.3,9.0,2.8,2.8,22.1,5.4,31.2,20.5,1.8
11001003902,DC,District of Columbia,2022,-1.0234567229975033,1355,14.1,20.4,6.1,9.1,2.6,2.6,23.3,4.6,31.0,19.6,1.6
51107611809,VA,Loudoun,6941,-1.027995811659334,1356,15.7,25.1,4.4,8.4,2.8,2.4,17.1,7.9,33.1,25.3,1.6
11001008803,DC,District of Columbia,4036,-1.029426681794937,1357,10.9,22.5,2.6,10.6,2.4,3.1,23.7,5.8,25.3,25.1,1.9
11001005502,DC,District of Columbia,2968,-1.0394307420295905,1358,13.7,20.9,5.9,8.9,3.0,2.5,22.9,4.8,30.2,18.7,1.8
51107611030,VA,Loudoun,6176,-1.0438702933135566,1359,15.2,24.7,4.0,8.4,2.8,2.7,17.2,8.0,32.9,24.8,1.6
51013101803,VA,Arlington,4722,-1.0470426293867532,1360,14.4,20.3,4.4,9.2,2.6,2.6,23.5,5.7,28.7,24.3,1.4
51107611807,VA,Loudoun,7561,-1.0478098459759513,1361,15.6,25.3,4.2,8.2,2.8,2.5,16.5,8.2,33.7,24.7,1.6
11001001304,DC,District of Columbia,4018,-1.0542951943420258,1362,14.6,19.7,7.0,9.0,2.6,2.3,23.1,4.2,31.3,18.0,1.5
11001009201,DC,District of Columbia,3103,-1.05479871712741,1363,12.1,20.8,3.6,10.3,2.3,2.8,24.0,5.2,26.9,22.6,1.8
51059421900,VA,Fairfax,2916,-1.0645033379993987,1364,12.2,20.0,2.9,10.5,2.2,2.9,23.9,5.7,25.2,28.7,1.4
51059440504,VA,Fairfax,643,-1.0666778673036144,1365,11.0,25.5,2.1,9.0,3.0,3.9,18.3,7.5,25.8,31.5,1.9
51059471204,VA,Fairfax,2692,-1.0687218606635713,1366,14.7,21.9,4.6,8.7,3.0,2.8,18.9,7.3,31.2,21.5,1.6
11001008200,DC,District of Columbia,2695,-1.0707036081769417,1367,13.7,19.2,6.5,9.3,2.6,2.3,24.1,4.1,30.0,18.1,1.5
51013103403,VA,Arlington,1328,-1.0738828761746624,1368,15.0,21.7,4.6,9.2,2.4,2.2,21.3,5.9,29.6,25.5,1.4
51059491704,VA,Fairfax,5062,-1.0749601540607419,1369,14.6,22.1,4.3,8.9,2.8,2.6,18.7,7.5,31.9,21.5,1.6
11001002704,DC,District of Columbia,2993,-1.0760054454013466,1370,13.1,21.3,4.7,9.0,2.7,2.7,21.2,5.7,30.5,21.5,1.8
24033805909,MD,Prince George's,5024,-1.0879015061872026,1371,13.2,23.8,3.1,10.2,2.5,2.7,15.5,7.4,26.7,33.8,1.7
51510200704,VA,Alexandria,2906,-1.0917868953058638,1372,13.8,20.7,4.0,9.6,2.2,2.3,22.4,5.5,28.0,28.6,1.3
11001000501,DC,District of Columbia,3829,-1.0966986171312818,1373,13.5,19.4,6.1,9.1,2.6,2.4,23.7,4.3,30.0,18.5,1.5
11001003600,DC,District of Columbia,4775,-1.1004218825516108,1374,12.5,21.6,4.2,9.5,2.5,2.5,22.5,5.4,28.4,21.4,1.8
51510200110,VA,Alexandria,2614,-1.100874401927141,1375,14.4,20.9,4.3,9.8,2.1,2.0,21.5,5.5,28.6,28.6,1.2
11001004001,DC,District of Columbia,3941,-1.100933433256128,1376,13.8,19.4,6.6,8.9,2.6,2.2,23.5,4.1,30.6,18.3,1.5
51013103405,VA,Arlington,3874,-1.1014224586830124,1377,15.6,21.4,5.3,8.7,2.7,2.3,20.4,5.9,30.4,22.3,1.4
51107611026,VA,Loudoun,14425,-1.1036200625186263,1378,15.5,24.6,4.6,8.2,2.6,2.3,16.7,7.4,33.1,24.9,1.5
51013101502,VA,Arlington,3284,-1.104008060685951,1379,14.8,19.8,5.1,9.0,2.5,2.2,23.1,5.3,29.4,22.5,1.3
51013102002,VA,Arlington,1243,-1.10770492007032,1380,14.0,20.2,4.2,9.1,2.6,2.6,22.5,5.8,28.5,23.7,1.4
51059491703,VA,Fairfax,5035,-1.1105404989328453,1381,13.9,20.6,4.1,9.6,2.5,2.4,21.1,6.4,28.9,23.3,1.4
11001008001,DC,District of Columbia,3103,-1.1147898824545803,1382,13.6,21.7,5.3,9.3,2.3,2.1,21.9,4.8,30.0,20.3,1.7
11001000702,DC,District of Columbia,3452,-1.115702537179854,1383,13.0,19.3,5.2,9.3,2.5,2.6,23.8,4.5,29.1,19.7,1.5
51013101601,VA,Arlington,1362,-1.116832349087664,1384,15.0,20.1,5.3,8.8,2.7,2.2,22.4,5.3,29.5,21.9,1.3
51059440201,VA,Fairfax,4133,-1.1182240647683885,1385,13.5,20.5,4.0,9.2,2.7,2.6,20.6,6.7,29.4,23.0,1.5
11001000300,DC,District of Columbia,6161,-1.1217619564267522,1386,13.4,18.7,6.0,9.2,2.5,2.5,23.8,4.1,29.7,17.8,1.5
51059482506,VA,Fairfax,5298,-1.139125205428879,1387,13.0,22.2,3.1,9.5,2.5,2.7,19.5,7.1,28.1,25.6,1.5
24033980000,MD,Prince George's,15052,-1.1433819421535474,1388,7.2,16.5,1.1,13.1,1.7,4.1,27.6,3.5,17.2,32.5,1.0
51013103501,VA,Arlington,3535,-1.1460682199287922,1389,14.7,20.7,5.0,8.6,2.9,2.3,20.8,5.8,29.4,22.0,1.4
11001008410,DC,District of Columbia,1843,-1.1560808147557624,1390,12.5,21.3,4.2,9.7,2.2,2.3,22.3,4.9,28.2,21.2,1.7
11001005003,DC,District of Columbia,2143,-1.169393971651057,1391,12.0,19.2,4.1,9.8,2.1,2.5,24.2,4.5,27.8,20.9,1.5
51059416200,VA,Fairfax,5201,-1.1725163462117818,1392,12.3,19.1,3.2,10.4,1.9,2.4,23.5,5.2,25.6,27.2,1.2
11001003802,DC,District of Columbia,3911,-1.1747711935213068,1393,12.3,20.4,4.5,9.0,2.4,2.4,22.5,5.1,29.3,20.7,1.6
51059420400,VA,Fairfax,3835,-1.1748682489319324,1394,13.0,20.4,3.8,9.6,2.4,2.3,20.9,6.0,27.6,25.0,1.4
51013101405,VA,Arlington,2176,-1.178714209188331,1395,14.6,19.6,5.4,8.7,2.7,2.1,22.2,5.1,28.8,20.7,1.3
51013101402,VA,Arlington,2878,-1.1852617816752256,1396,14.2,19.3,5.0,8.8,2.5,2.2,22.9,5.0,28.5,22.1,1.2
11001002703,DC,District of Columbia,2614,-1.1855197463876161,1397,13.0,20.3,5.4,8.7,2.6,2.2,21.3,5.0,30.4,19.2,1.6
51107611702,VA,Loudoun,2461,-1.18653339431914,1398,14.3,24.3,3.8,7.9,2.7,2.3,15.7,8.1,32.5,24.8,1.6
51107611812,VA,Loudoun,3241,-1.193161265945676,1399,14.0,23.5,3.6,8.5,2.4,2.4,17.1,7.3,31.1,25.2,1.5
11001008100,DC,District of Columbia,3153,-1.201633221919551,1400,13.2,19.0,6.2,8.9,2.3,2.0,22.9,3.9,30.3,18.2,1.4
11001002503,DC,District of Columbia,3031,-1.2018114704190028,1401,12.1,21.3,4.0,9.4,2.3,2.3,21.2,5.2,28.2,21.9,1.7
11001008302,DC,District of Columbia,3026,-1.2067980377859433,1402,12.8,19.6,5.4,9.1,2.2,2.1,23.0,4.2,29.3,18.9,1.5
51107611901,VA,Loudoun,7388,-1.2088573952770147,1403,14.8,25.1,4.0,7.5,2.7,2.2,14.6,8.6,34.9,21.9,1.5
51107611902,VA,Loudoun,6290,-1.2110657385374108,1404,14.8,24.2,4.1,7.9,2.5,2.1,15.9,7.7,33.6,23.4,1.4
24031704806,MD,Montgomery,4531,-1.2175992110945544,1405,12.8,20.0,4.9,8.9,2.5,2.2,20.0,5.0,31.4,22.1,1.3
51059461606,VA,Fairfax,3069,-1.2251750966744597,1406,13.1,21.0,3.7,8.3,2.8,2.7,18.0,7.5,31.2,21.0,1.5
11001005202,DC,District of Columbia,3408,-1.225451079813575,1407,12.6,20.0,5.5,8.5,2.4,2.2,22.0,4.4,30.4,19.2,1.5
11001008702,DC,District of Columbia,3574,-1.2327667923704684,1408,11.6,21.1,3.5,9.9,2.0,2.3,22.0,4.9,26.6,22.5,1.6
51107611031,VA,Loudoun,2141,-1.250579515718151,1409,13.8,22.2,3.9,8.8,2.1,2.1,18.5,6.0,29.4,26.4,1.3
51013101501,VA,Arlington,3136,-1.2575230811540057,1410,12.8,18.6,4.0,9.0,2.3,2.2,23.3,5.0,27.0,23.3,1.2
11001003301,DC,District of Columbia,3824,-1.262175562742016,1411,12.0,20.8,4.3,9.3,2.1,2.0,21.6,4.7,28.1,20.8,1.6
11001010100,DC,District of Columbia,2699,-1.2652975158363786,1412,12.4,20.0,5.1,8.7,2.5,2.2,21.3,4.6,29.0,18.4,1.6
51059471301,VA,Fairfax,3973,-1.270656711241587,1413,12.9,20.1,3.7,8.5,2.6,2.5,18.2,7.0,30.4,21.3,1.5
24031702501,MD,Montgomery,4116,-1.283159627306519,1414,11.8,21.5,3.7,9.7,2.0,1.9,18.9,5.1,28.9,26.0,1.3
51013103503,VA,Arlington,5102,-1.2848276205243918,1415,13.0,19.3,3.8,8.9,2.2,2.2,22.0,5.3,27.5,23.4,1.2
11001003400,DC,District of Columbia,5120,-1.2849441111797923,1416,8.9,16.8,2.3,11.5,1.8,2.6,26.6,4.0,21.5,20.3,1.5
11001005501,DC,District of Columbia,2303,-1.2857189893453032,1417,12.2,17.9,5.5,8.8,2.4,2.2,22.9,4.0,29.0,17.0,1.4
11001004202,DC,District of Columbia,2850,-1.2884336844755186,1418,11.4,17.5,5.0,9.0,2.3,2.2,24.6,3.8,27.6,18.6,1.3
11001003302,DC,District of Columbia,2434,-1.2924477294079344,1419,11.4,19.8,3.9,9.5,2.0,2.1,22.6,4.4,27.1,21.0,1.5
51013101406,VA,Arlington,3641,-1.2949080334512943,1420,13.0,18.2,4.6,8.8,2.4,2.0,23.2,4.6,26.9,21.4,1.2
11001005303,DC,District of Columbia,3215,-1.297096133653335,1421,11.8,19.0,5.1,8.7,2.3,2.1,22.5,4.2,29.0,18.8,1.4
51013101704,VA,Arlington,1990,-1.2971919804638203,1422,12.7,19.6,3.7,8.6,2.4,2.3,21.2,5.7,28.1,22.3,1.3
11001004300,DC,District of Columbia,4436,-1.3059997767914395,1423,11.8,19.0,4.7,9.0,2.2,2.0,22.7,4.2,27.9,19.0,1.5
51059481104,VA,Fairfax,2948,-1.306685221411947,1424,12.9,22.0,3.5,8.1,2.7,2.4,16.3,7.6,31.2,20.3,1.6
51510200701,VA,Alexandria,951,-1.319109034806943,1425,11.4,17.5,3.1,9.8,1.7,2.0,24.0,4.3,25.3,27.9,1.0
11001008301,DC,District of Columbia,3220,-1.3263713401708743,1426,11.6,17.7,4.9,9.2,2.0,2.0,23.7,3.7,27.8,18.7,1.3
11001004002,DC,District of Columbia,3291,-1.3578074828228566,1427,11.5,17.4,5.3,8.8,2.1,1.9,23.3,3.6,28.4,17.9,1.3
51059482205,VA,Fairfax,2622,-1.3623376365409592,1428,12.3,18.5,4.1,9.0,2.3,2.1,20.5,5.1,27.2,21.9,1.2
11001003701,DC,District of Columbia,2916,-1.3771372104677535,1429,10.6,17.9,3.7,9.2,1.9,2.1,23.0,4.3,26.9,20.5,1.4
51059481102,VA,Fairfax,3656,-1.3790217069195514,1430,12.3,21.0,3.3,8.0,2.5,2.3,17.1,7.2,30.6,20.5,1.4
11001004402,DC,District of Columbia,2755,-1.3796220538176043,1431,10.6,18.2,4.0,9.1,2.0,2.1,23.3,4.0,26.8,20.0,1.3
11001005302,DC,District of Columbia,2518,-1.3915314230681484,1432,11.2,17.3,5.2,8.6,2.2,1.9,23.1,3.6,28.4,17.9,1.2
11001010201,DC,District of Columbia,3341,-1.401220867122094,1433,10.7,17.9,3.9,9.5,1.8,2.0,23.2,3.8,25.9,20.0,1.3
11001004902,DC,District of Columbia,3449,-1.4102523440871972,1434,10.5,18.1,3.7,9.2,1.8,1.9,22.9,4.1,26.8,20.8,1.3
11001007203,DC,District of Columbia,3748,-1.4108567322936727,1435,10.4,17.6,3.7,9.4,1.8,2.1,23.6,3.7,25.7,20.3,1.3
11001005900,DC,District of Columbia,2617,-1.4241736874528916,1436,9.8,17.0,3.5,9.5,2.0,2.1,24.5,3.9,24.9,18.2,1.3
51059480204,VA,Fairfax,3823,-1.4299651686707715,1437,12.3,19.0,4.1,8.3,2.4,2.0,18.7,5.7,29.0,19.9,1.2
11001010602,DC,District of Columbia,6594,-1.436399810308718,1438,9.8,17.3,3.3,9.6,1.7,2.0,24.2,3.7,24.9,20.2,1.3
51013101805,VA,Arlington,3760,-1.4370212935238362,1439,11.9,16.7,4.0,8.8,1.9,1.8,23.5,4.0,26.1,21.8,1.0
51630000301,VA,Fredericksburg,1725,-1.4438354102869928,1440,5.7,10.2,1.2,12.9,1.0,2.0,33.6,1.7,14.5,27.8,0.6
11001005203,DC,District of Columbia,2979,-1.4607546240156586,1441,10.0,17.0,3.9,8.8,2.0,2.0,23.4,3.8,26.5,18.7,1.3
51059482507,VA,Fairfax,3656,-1.4662036787734296,1442,11.6,19.6,3.0,8.5,2.2,2.1,17.5,6.5,28.7,20.8,1.3
11001004201,DC,District of Columbia,3548,-1.466365705344657,1443,10.0,15.9,4.2,9.0,1.9,2.0,24.6,3.3,26.2,18.1,1.1
11001005601,DC,District of Columbia,2900,-1.4702013465195327,1444,9.6,15.8,3.7,9.1,2.1,2.3,24.5,3.6,24.9,17.0,1.3
24033801105,MD,Prince George's,1367,-1.4732769598134843,1445,9.2,17.2,2.0,10.7,1.6,2.5,20.0,4.1,20.8,31.8,1.1
51153901102,VA,Prince William,3607,-1.475758821159433,1446,7.9,15.6,1.7,10.2,1.3,2.4,26.8,3.1,19.4,31.3,0.8
11001007301,DC,District of Columbia,3841,-1.4764392373353694,1447,9.4,16.0,3.1,9.6,1.7,2.2,24.6,3.4,24.4,20.7,1.1
11001005001,DC,District of Columbia,2012,-1.4905793616253349,1448,10.6,17.1,4.7,8.6,1.9,1.7,22.4,3.5,27.7,17.9,1.2
11001003100,DC,District of Columbia,3873,-1.50209293332437,1449,10.2,17.8,3.6,9.0,1.8,1.8,21.6,4.1,26.3,19.9,1.3
11001003801,DC,District of Columbia,1800,-1.5026919150155023,1450,10.6,16.8,4.8,8.7,1.8,1.6,22.5,3.5,27.6,18.0,1.1
51013103504,VA,Arlington,2571,-1.5044680991856856,1451,11.6,17.5,3.4,8.7,1.7,1.7,21.5,4.4,26.5,23.1,1.0
11001003901,DC,District of Columbia,2598,-1.504619748343619,1452,10.1,16.4,4.2,8.9,1.8,1.6,23.4,3.6,26.5,18.2,1.2
51059480205,VA,Fairfax,3268,-1.518014214571935,1453,11.2,17.6,3.5,8.7,2.0,1.9,19.7,5.1,27.2,20.4,1.1
11001003500,DC,District of Columbia,4801,-1.522469639639863,1454,8.5,16.0,2.6,10.3,1.6,2.0,24.3,3.6,22.3,19.0,1.3
51013101801,VA,Arlington,3399,-1.5277977367176803,1455,11.5,16.1,3.9,8.6,1.7,1.6,23.0,3.8,26.2,21.3,0.9
51013101407,VA,Arlington,3812,-1.5352008195827707,1456,10.6,16.2,3.2,8.8,1.8,1.8,23.6,3.9,24.7,22.1,0.9
51013103602,VA,Arlington,1241,-1.5356129900762496,1457,10.5,17.3,2.8,8.6,1.9,2.0,21.9,4.6,25.1,22.3,1.1
51013101701,VA,Arlington,5507,-1.5730801064654047,1458,9.9,15.8,2.8,9.0,1.6,1.8,23.6,3.9,23.9,22.8,0.9
11001010800,DC,District of Columbia,6879,-1.5827681453119715,1459,5.0,11.0,1.1,11.9,1.0,2.5,32.3,1.9,16.5,17.9,0.8
51013101401,VA,Arlington,1938,-1.625704822409959,1460,9.4,14.5,2.6,9.4,1.5,1.7,24.4,3.6,22.7,21.2,0.8
11001004702,DC,District of Columbia,3934,-1.6307338593518226,1461,8.6,15.2,3.1,9.2,1.5,1.7,23.8,3.1,24.1,18.8,1.1
51059461605,VA,Fairfax,3829,-1.6420906810760123,1462,10.0,15.9,3.1,8.8,1.7,1.7,20.5,4.3,25.5,20.3,1.0
51059440503,VA,Fairfax,6817,-1.6425781523319278,1463,6.9,13.8,1.5,11.2,1.3,1.9,24.9,3.1,18.4,23.9,0.8
11001004401,DC,District of Columbia,3430,-1.6484498196003328,1464,9.4,15.8,3.9,8.5,1.6,1.5,22.4,3.2,26.4,17.9,1.0
51059481101,VA,Fairfax,2376,-1.6525133016213873,1465,10.7,17.9,3.1,8.0,2.0,1.9,17.3,5.5,27.8,19.0,1.1
11001000903,DC,District of Columbia,4202,-1.6760416987062194,1466,7.6,12.0,2.9,10.2,1.6,2.0,26.5,2.5,20.2,14.4,1.0
11001010700,DC,District of Columbia,2296,-1.6782415952434313,1467,8.6,14.1,3.6,8.9,1.8,1.7,24.0,2.9,23.8,15.9,1.0
11001010601,DC,District of Columbia,2130,-1.7030982225893956,1468,7.5,14.4,2.4,9.5,1.3,1.7,24.6,2.8,22.0,19.6,1.0
11001007201,DC,District of Columbia,2985,-1.7542957638662413,1469,8.0,14.0,3.2,9.0,1.2,1.4,23.8,2.5,23.4,18.7,0.9
51013101408,VA,Arlington,788,-1.7610297709896512,1470,8.8,13.6,2.8,8.7,1.4,1.5,23.7,2.9,22.6,21.2,0.7
51013103401,VA,Arlington,923,-1.7897537938036323,1471,7.8,15.4,1.9,8.3,1.5,2.2,22.6,2.9,20.5,25.1,0.8
11001007202,DC,District of Columbia,4303,-1.820870175997007,1472,7.2,12.5,2.9,9.1,1.1,1.3,25.2,2.1,22.0,17.8,0.8
11001010603,DC,District of Columbia,3068,-1.840481767013799,1473,7.2,13.8,2.7,8.9,1.2,1.3,23.4,2.7,22.4,17.6,0.9
