LocationID,StateAbbr,StateDesc,CountyName,CountyFIPS,TotalPopulation,TotalPop18plus,lon,lat,ACCESS2_pct,ARTHRITIS_pct,BINGE_pct,BPHIGH_pct,BPMED_pct,CANCER_pct,CASTHMA_pct,CHD_pct,CHECKUP_pct,CHOLSCREEN_pct,COGNITION_pct,COLON_SCREEN_pct,COPD_pct,CSMOKING_pct,DENTAL_pct,DEPRESSION_pct,DIABETES_pct,DISABILITY_pct,EMOTIONSPT_pct,FOODINSECU_pct,FOODSTAMP_pct,GHLTH_pct,HEARING_pct,HIGHCHOL_pct,HOUSINSECU_pct,INDEPLIVE_pct,LACKTRPT_pct,LONELINESS_pct,LPA_pct,MAMMOUSE_pct,MHLTH_pct,MOBILITY_pct,OBESITY_pct,PHLTH_pct,SELFCARE_pct,SHUTUTILITY_pct,SLEEP_pct,STROKE_pct,TEETHLOST_pct,VISION_pct,mean_ci_width,n_measures_present
11001000902,DC,District of Columbia,District of Columbia,11001,2317,1731,-77.1077517,38.9285125,3.2,20.9,23.9,26.9,75.5,10.3,9.0,4.1,78.7,93.6,7.7,74.4,3.5,5.7,82.1,21.0,6.2,16.8,15.9,4.6,3.5,8.3,4.8,39.1,4.5,4.0,3.3,30.0,9.7,77.5,10.3,7.1,18.7,8.0,1.8,2.8,24.7,2.3,4.6,2.4,4.237499999999999,40
11001007404,DC,District of Columbia,District of Columbia,11001,3637,2449,-76.9820932,38.8503364,9.2,19.5,18.7,35.3,71.2,3.8,13.3,3.9,78.2,87.6,17.7,66.6,5.7,15.5,56.5,21.8,10.7,29.6,32.9,30.9,32.1,20.9,3.2,31.6,26.0,10.8,15.9,45.0,22.8,77.9,19.0,14.2,33.2,12.4,5.3,17.2,43.4,3.9,17.9,7.0,6.51,40
11001007202,DC,District of Columbia,District of Columbia,11001,4303,4152,-77.0070741,38.8786426,3.5,7.2,34.7,12.5,47.1,2.9,9.1,1.1,68.1,88.2,9.1,68.9,1.3,4.6,79.7,25.2,2.1,12.0,17.6,5.0,3.7,5.4,1.8,22.0,5.8,3.3,4.1,36.0,6.7,80.2,13.4,2.4,17.8,5.0,0.9,3.5,26.9,0.8,3.1,1.5,3.9,40
11001009603,DC,District of Columbia,District of Columbia,11001,3971,3034,-76.9477195,38.8918285,10.8,25.5,16.4,43.8,77.6,5.2,12.9,6.5,80.1,88.6,18.0,67.2,8.3,17.9,52.8,20.8,15.6,34.8,31.5,34.6,38.3,26.1,5.0,37.3,26.8,12.6,17.3,42.2,27.6,77.7,17.8,20.1,35.8,14.9,7.4,19.1,42.8,5.9,14.5,9.5,6.7299999999999995,40
11001009601,DC,District of Columbia,District of Columbia,11001,2086,1553,-76.9490606,38.90913,8.7,22.8,17.5,39.8,75.9,4.9,12.8,5.1,79.8,88.9,16.5,65.7,6.6,15.2,49.8,20.6,12.8,30.7,31.3,29.1,30.6,21.8,4.1,35.1,23.4,10.8,14.8,42.7,23.7,72.5,17.3,16.4,33.2,13.0,5.8,15.8,44.1,4.7,27.3,7.5,6.6625,40
11001001803,DC,District of Columbia,District of Columbia,11001,4102,3066,-77.0419173,38.9672412,14.6,21.5,19.4,37.4,74.5,4.7,11.2,5.4,76.5,88.0,16.5,64.8,6.5,15.8,61.1,20.3,13.2,30.9,28.7,30.4,31.1,23.8,4.7,36.1,24.4,10.4,14.9,39.4,25.5,76.5,16.1,16.4,33.3,13.8,6.1,16.3,37.7,4.5,18.4,8.4,5.945,40
11001009507,DC,District of Columbia,District of Columbia,11001,1525,1243,-76.9977787,38.9584945,7.5,22.8,18.5,38.2,78.8,6.2,10.8,5.0,80.6,91.9,11.8,68.8,4.8,9.6,64.2,17.8,11.5,25.9,26.3,17.2,16.2,16.3,4.3,36.7,15.0,7.6,9.2,37.9,18.8,78.7,13.1,13.9,28.3,10.7,4.2,9.5,38.2,4.3,12.8,5.6,5.6175000000000015,40
11001009203,DC,District of Columbia,District of Columbia,11001,2775,2389,-77.0054956,38.9219735,6.9,16.5,24.0,28.3,70.5,4.7,10.8,3.3,75.3,89.1,12.6,67.9,3.8,10.0,66.9,21.5,7.6,21.8,25.6,15.1,13.8,13.2,3.2,31.1,13.8,6.6,8.5,39.2,15.0,80.7,15.0,9.1,25.6,9.2,3.0,8.4,35.9,2.8,11.5,4.1,5.2299999999999995,40
11001007807,DC,District of Columbia,District of Columbia,11001,2114,1622,-76.9210632,38.8985783,10.1,23.2,17.3,41.4,75.9,4.8,12.5,5.6,79.5,88.4,17.2,69.4,7.1,16.6,53.2,20.2,13.9,32.4,31.8,32.4,35.2,23.6,4.4,35.5,25.6,11.4,16.1,42.5,26.0,78.1,17.6,17.5,34.7,13.6,6.3,17.8,42.7,5.1,19.1,8.3,6.4625,40
11001000702,DC,District of Columbia,District of Columbia,11001,3452,3175,-77.077893,38.9241271,4.7,13.0,27.7,19.3,63.0,5.2,9.3,2.5,72.1,88.8,10.2,72.3,2.6,6.6,78.1,23.8,4.5,16.5,18.8,7.9,6.4,8.5,3.2,29.1,7.6,4.5,5.3,35.3,10.4,77.3,13.5,5.3,19.7,7.2,1.6,4.7,27.5,1.5,3.4,2.5,4.235,40
11001003302,DC,District of Columbia,District of Columbia,11001,2434,2131,-77.0111677,38.9139237,4.5,11.4,29.8,19.8,62.3,3.9,9.5,2.0,71.8,89.2,9.8,70.0,2.1,6.4,74.5,22.6,4.4,15.1,19.9,7.8,6.4,8.1,2.3,27.1,8.0,4.2,5.3,35.6,9.3,81.0,13.2,4.7,21.0,6.5,1.6,5.0,30.7,1.5,4.4,2.4,4.425,40
11001005001,DC,District of Columbia,District of Columbia,11001,2012,1874,-77.0295088,38.9119619,3.3,10.6,32.7,17.1,61.2,4.7,8.6,1.9,71.0,90.3,8.0,70.5,1.7,4.6,79.9,22.4,3.5,12.4,17.0,4.2,2.9,5.9,2.5,27.7,4.9,3.1,3.5,33.1,7.0,79.8,11.7,3.5,17.9,5.6,1.1,3.0,26.6,1.2,4.3,1.7,3.6525,40
11001006700,DC,District of Columbia,District of Columbia,11001,3927,3311,-76.989959,38.8875984,2.9,16.0,27.8,22.0,70.4,7.8,9.0,2.9,75.5,92.5,7.6,74.4,2.4,4.9,81.9,22.3,4.7,14.1,16.0,4.0,2.9,6.7,3.5,33.4,4.5,3.4,3.2,31.3,7.8,78.7,11.0,5.0,18.3,6.5,1.4,2.8,25.9,1.7,2.8,1.9,3.8249999999999993,40
11001009000,DC,District of Columbia,District of Columbia,11001,4676,3764,-76.9545101,38.9226934,7.2,25.2,16.4,41.6,80.7,6.7,11.4,5.6,82.2,92.6,12.1,75.8,5.6,11.1,67.7,17.7,12.8,27.2,28.3,18.7,18.1,17.6,4.5,38.6,15.9,8.0,9.5,38.9,20.3,83.3,13.5,15.2,29.1,11.4,4.4,10.0,37.1,4.8,13.7,5.8,5.700000000000001,40
11001000703,DC,District of Columbia,District of Columbia,11001,3022,2742,-77.0790462,38.9290941,3.7,26.0,18.4,32.5,81.8,14.1,8.5,5.7,82.5,94.9,7.0,79.4,3.9,4.5,83.6,18.3,7.4,20.3,15.6,4.3,3.1,8.9,6.9,42.9,4.1,4.3,3.0,29.6,11.1,80.1,8.8,9.2,17.3,8.3,1.9,2.5,22.5,3.0,4.9,2.7,3.9300000000000006,40
11001007803,DC,District of Columbia,District of Columbia,11001,4590,3540,-76.9407751,38.8962674,10.3,23.2,17.8,40.9,75.5,4.8,12.8,5.7,79.0,88.3,17.6,67.3,7.3,16.9,54.3,20.8,13.8,32.6,32.4,31.8,34.0,23.9,4.5,35.7,25.7,11.5,16.2,42.9,25.1,73.9,17.9,17.5,34.3,13.9,6.5,17.5,42.6,5.1,20.5,8.3,6.63,40
11001000704,DC,District of Columbia,District of Columbia,11001,2753,2430,-77.0752384,38.9300215,3.9,16.4,25.5,22.5,71.4,7.3,9.2,3.1,75.8,91.4,8.7,73.0,2.7,5.3,77.9,22.2,5.5,16.1,17.4,5.8,4.2,8.0,3.7,33.5,5.9,4.1,4.2,33.3,9.6,77.1,11.8,6.0,18.8,7.3,1.7,3.5,27.4,1.9,4.3,2.4,3.91,40
11001005202,DC,District of Columbia,District of Columbia,11001,3408,3167,-77.0344946,38.911127,3.7,12.6,29.9,20.0,64.6,5.5,8.5,2.4,72.4,90.7,8.3,71.3,2.2,5.6,78.2,22.0,4.4,13.8,17.6,5.4,4.1,7.1,3.0,30.4,5.7,3.5,3.9,32.4,8.4,78.9,11.7,4.4,19.2,6.3,1.4,3.5,27.6,1.5,5.4,2.0,3.8525,40
11001009102,DC,District of Columbia,District of Columbia,11001,4608,3683,-76.9888946,38.9187926,8.2,20.0,19.7,34.8,73.9,4.6,12.1,4.4,78.0,88.6,15.1,66.7,5.3,12.6,62.9,21.4,10.7,27.3,28.1,23.5,24.1,18.4,3.7,33.1,19.7,9.2,12.5,41.1,20.0,76.5,16.5,13.3,30.2,11.4,4.6,13.1,38.4,3.9,19.8,6.2,6.1225000000000005,40
11001005503,DC,District of Columbia,District of Columbia,11001,2492,2330,-77.0523495,38.9062488,4.6,15.6,25.8,22.5,67.8,6.2,9.5,3.5,73.1,87.3,11.5,67.8,3.7,7.6,68.8,25.0,5.8,19.5,18.0,9.1,8.1,10.3,4.2,32.0,7.5,5.6,6.1,34.8,11.9,71.6,14.2,6.9,20.1,8.4,2.1,5.0,28.9,2.0,8.8,3.2,4.61,40
11001001902,DC,District of Columbia,District of Columbia,11001,2117,1681,-77.0156458,38.9639299,5.7,21.8,19.5,36.3,78.6,6.5,10.4,4.6,80.6,92.8,10.2,72.9,4.2,8.7,69.6,18.2,10.5,22.4,23.6,13.0,11.9,13.8,4.0,37.1,11.7,6.2,7.2,35.3,15.8,79.5,12.1,11.6,26.5,9.7,3.5,7.5,34.7,3.7,10.5,4.5,5.007499999999999,40
11001008804,DC,District of Columbia,District of Columbia,11001,2417,2063,-76.9812669,38.9102408,7.9,18.7,21.2,33.3,72.8,4.6,11.4,4.2,76.9,88.9,14.0,65.5,4.9,12.1,60.5,21.4,10.0,25.0,26.1,21.0,21.7,16.9,3.6,32.9,18.0,8.1,11.4,38.8,18.1,73.4,15.6,11.7,29.8,10.7,4.2,12.2,38.6,3.5,20.6,5.6,5.9475,40
11001009400,DC,District of Columbia,District of Columbia,11001,4424,3564,-76.9742464,38.9368061,5.9,21.7,19.9,36.0,78.2,6.4,10.7,4.6,80.2,92.4,10.7,73.8,4.3,9.1,73.4,18.4,10.3,22.8,24.8,13.5,12.2,14.1,3.9,36.8,12.2,6.4,7.5,36.5,15.8,78.6,12.6,11.7,26.3,9.8,3.5,7.6,34.1,3.7,7.3,4.5,5.1925,40
11001008001,DC,District of Columbia,District of Columbia,11001,3103,2516,-76.9866524,38.8961726,3.3,13.6,28.4,21.7,68.0,5.3,9.3,2.3,74.5,91.8,8.1,71.5,2.1,5.4,78.5,21.9,4.8,14.0,18.2,5.6,4.4,7.1,2.6,30.0,6.2,3.6,4.1,33.2,8.4,80.5,11.8,5.0,20.3,6.3,1.5,3.9,29.5,1.7,5.4,2.1,3.974999999999999,40
11001009508,DC,District of Columbia,District of Columbia,11001,4243,3497,-76.9985582,38.9536826,7.4,19.6,20.5,33.4,75.9,5.5,10.6,4.4,78.2,90.3,12.1,76.2,4.2,9.1,68.9,19.2,9.7,24.3,26.0,16.4,15.1,14.6,4.0,33.6,14.5,7.1,9.0,38.9,17.2,81.8,14.0,11.5,26.6,9.7,3.5,9.0,35.2,3.6,10.1,4.9,5.0525,40
11001009510,DC,District of Columbia,District of Columbia,11001,4525,3296,-77.0046255,38.9455978,15.5,20.7,19.6,36.4,73.0,4.3,11.5,5.3,75.6,86.2,18.0,62.9,6.8,16.5,49.7,21.1,13.0,32.2,29.4,33.4,34.6,24.8,4.6,35.0,26.2,11.2,16.6,40.9,26.4,75.9,17.2,16.6,33.6,14.1,6.4,17.6,41.6,4.5,25.2,8.9,6.3225,40
11001008701,DC,District of Columbia,District of Columbia,11001,2814,2404,-77.0062645,38.9141018,4.8,14.1,26.1,24.6,68.1,4.2,10.1,2.6,74.4,89.6,10.5,73.4,2.7,7.5,74.0,21.7,6.2,17.7,21.8,10.6,9.4,10.1,2.7,29.3,10.3,5.1,6.6,36.5,11.6,81.5,13.6,6.7,23.5,7.6,2.2,6.6,32.0,2.1,7.8,3.1,4.61,40
11001002702,DC,District of Columbia,District of Columbia,11001,5825,4813,-77.0421774,38.930168,6.8,13.7,28.0,21.1,66.4,5.3,9.0,2.8,72.4,89.7,10.3,69.4,2.8,7.2,74.9,22.1,5.4,17.2,20.0,9.0,6.8,9.9,3.3,31.2,8.5,4.6,5.4,34.9,11.4,77.8,12.7,6.1,20.5,7.8,1.9,4.6,28.5,1.8,7.7,2.9,4.4725,40
11001007804,DC,District of Columbia,District of Columbia,11001,3499,2674,-76.9313427,38.8942107,10.9,26.3,15.5,45.2,77.7,5.3,13.3,7.2,80.5,87.6,19.1,59.8,9.3,18.9,46.9,21.2,16.5,36.9,31.6,38.3,43.8,28.2,5.5,37.4,28.5,14.1,19.6,42.7,29.2,68.3,18.4,21.7,36.6,15.6,8.3,21.4,44.4,6.4,35.1,10.8,7.3575,40
11001001401,DC,District of Columbia,District of Columbia,11001,3258,2520,-77.0706075,38.9653036,3.0,19.4,24.0,25.9,74.6,9.5,8.9,3.8,78.3,93.5,7.4,74.7,3.0,5.2,82.2,20.7,6.0,15.9,16.2,4.5,3.3,7.7,4.4,37.7,4.7,3.7,3.4,30.5,9.2,78.7,10.3,6.5,18.6,7.4,1.7,3.0,25.3,2.1,2.4,2.2,3.8899999999999997,40
11001005601,DC,District of Columbia,District of Columbia,11001,2900,2852,-77.0524317,38.901567,4.8,9.6,27.8,15.8,57.1,3.7,9.1,2.1,69.8,84.3,11.7,70.9,2.3,5.8,70.5,24.5,3.6,17.4,19.6,9.0,6.8,8.4,3.0,24.9,7.4,5.1,6.3,38.7,10.4,74.7,14.8,4.4,17.0,6.6,1.4,4.5,28.4,1.3,6.6,2.7,4.36,40
11001007301,DC,District of Columbia,District of Columbia,11001,3841,2645,-77.024445,38.834928,5.6,9.4,32.6,16.0,51.3,3.1,9.6,1.7,68.5,85.5,12.3,60.7,2.2,7.9,71.9,24.6,3.4,16.9,21.5,9.5,7.5,8.7,2.4,24.4,9.6,5.0,6.7,38.3,9.9,75.6,15.7,4.1,20.7,7.1,1.6,5.7,31.3,1.1,7.3,2.5,4.442500000000001,40
11001009802,DC,District of Columbia,District of Columbia,11001,2064,1375,-76.9965578,38.8307312,11.1,21.1,17.1,39.7,70.9,3.6,14.1,5.1,78.2,85.1,21.5,61.0,8.0,20.8,53.6,23.7,13.3,35.7,32.6,43.7,51.0,27.5,4.0,31.9,34.2,14.9,22.9,44.9,29.0,75.5,21.5,18.2,38.7,14.9,7.7,26.5,43.3,4.9,26.5,10.4,7.385000000000001,40
11001005602,DC,District of Columbia,District of Columbia,11001,4100,3946,-77.0554558,38.8988888,4.3,16.6,23.8,23.4,73.9,7.6,8.9,4.1,74.9,87.8,10.3,77.3,3.3,5.2,76.7,21.7,5.9,19.9,19.1,7.2,5.0,9.2,5.0,32.4,5.8,5.1,5.2,36.7,11.3,74.6,12.7,7.3,16.4,7.6,1.9,3.4,25.5,2.3,7.5,3.0,4.262499999999999,40
11001007708,DC,District of Columbia,District of Columbia,11001,2574,1900,-76.9606349,38.8871944,8.1,23.2,17.4,40.2,76.1,4.9,13.2,5.1,80.6,89.8,16.0,68.6,6.4,14.6,53.3,20.7,13.0,30.1,31.0,28.1,29.8,21.1,3.8,35.2,23.7,10.5,14.6,42.4,22.6,79.0,17.3,16.1,33.8,12.8,5.8,16.1,44.2,4.7,15.1,7.2,6.539999999999999,40
11001001402,DC,District of Columbia,District of Columbia,11001,3514,2829,-77.0630933,38.9606051,3.3,22.2,21.6,30.0,78.9,11.0,8.6,4.7,80.2,94.1,7.2,74.9,3.4,4.9,80.9,19.0,7.0,18.3,16.4,4.6,3.5,8.6,5.5,39.7,4.5,4.1,3.3,30.2,10.4,79.8,9.4,8.2,18.4,7.8,1.9,2.8,25.3,2.7,3.4,2.6,3.9425,40
11001001100,DC,District of Columbia,District of Columbia,11001,5300,4281,-77.0776732,38.9572432,3.3,22.0,21.9,28.8,77.7,10.4,9.1,4.6,79.5,93.3,8.1,73.0,3.7,5.7,79.8,20.8,7.0,18.5,16.5,5.3,4.1,9.1,5.2,39.4,4.9,4.4,3.7,31.0,10.7,77.9,10.5,8.1,18.8,8.3,2.0,3.1,25.5,2.6,3.9,2.7,3.9675000000000002,40
11001006600,DC,District of Columbia,District of Columbia,11001,2164,1854,-76.9982439,38.8877585,3.2,16.4,27.4,22.1,70.6,8.1,9.1,3.2,75.2,91.8,8.2,73.0,2.7,5.2,81.3,23.2,4.8,15.4,15.9,4.6,3.5,7.2,4.0,33.2,4.8,3.8,3.5,31.8,8.4,78.0,11.6,5.5,18.4,6.9,1.5,3.1,25.2,1.8,4.1,2.0,3.9575000000000005,40
11001009504,DC,District of Columbia,District of Columbia,11001,3208,2696,-76.9931121,38.9409032,6.5,22.8,19.8,36.3,78.7,6.8,10.7,5.2,79.2,90.9,11.9,73.8,5.1,9.7,69.9,20.3,11.0,25.5,23.4,15.2,15.0,15.5,4.7,36.7,12.7,7.5,8.5,36.5,17.6,80.0,13.6,13.2,26.6,10.6,3.9,8.5,33.8,4.2,8.8,5.3,5.165,40
11001009801,DC,District of Columbia,District of Columbia,11001,1848,1419,-76.9963306,38.8328939,12.7,26.5,15.7,45.1,76.4,4.9,14.1,7.0,79.5,86.1,21.5,60.4,10.3,21.7,44.6,22.1,16.7,39.6,34.5,43.2,48.7,31.1,5.2,37.3,32.2,15.7,21.8,45.2,31.8,72.9,20.1,23.2,37.6,16.9,9.2,23.4,45.6,6.6,26.8,11.7,7.365,40
11001007409,DC,District of Columbia,District of Columbia,11001,3835,2579,-76.975165,38.8445818,13.1,23.1,16.4,41.5,72.4,3.8,14.6,5.6,78.1,84.7,23.0,56.7,9.4,22.7,41.8,24.1,14.7,38.3,34.1,46.4,53.6,30.5,4.2,33.8,35.6,16.3,24.1,46.0,31.3,71.8,21.9,20.8,38.8,16.4,8.8,26.9,46.1,5.6,44.7,11.6,7.904999999999999,40
11001005302,DC,District of Columbia,District of Columbia,11001,2518,2339,-77.0386443,38.9124517,3.4,11.2,31.4,17.3,61.6,5.2,8.6,2.2,71.3,90.1,8.2,73.0,1.9,4.8,79.8,23.1,3.6,13.1,16.7,4.5,3.2,6.2,2.8,28.4,5.0,3.3,3.6,33.1,7.3,78.2,11.9,3.7,17.9,5.8,1.2,3.1,26.1,1.2,4.8,1.7,3.8599999999999994,40
11001005303,DC,District of Columbia,District of Columbia,11001,3215,3066,-77.0391656,38.909613,3.6,11.8,28.9,19.0,63.9,5.1,8.7,2.3,72.3,89.9,8.6,72.4,2.1,5.0,75.6,22.5,4.2,14.1,17.5,5.6,4.2,7.0,2.9,29.0,5.9,3.6,4.2,33.6,8.4,77.1,12.0,4.2,18.8,6.2,1.3,3.7,28.5,1.4,3.2,2.1,3.7775,40
11001005501,DC,District of Columbia,District of Columbia,11001,2303,2196,-77.0494324,38.9052766,3.7,12.2,28.5,17.9,64.6,5.5,8.8,2.4,72.3,89.3,8.9,73.8,2.2,4.8,80.5,22.9,4.0,14.4,17.4,5.5,3.8,6.9,3.0,29.0,5.3,3.7,4.1,34.6,8.3,78.5,12.2,4.3,17.0,6.2,1.3,3.2,25.5,1.4,4.3,2.0,3.9225000000000003,40
11001003701,DC,District of Columbia,District of Columbia,11001,2916,2536,-77.0342887,38.9214487,6.2,10.6,30.2,17.9,59.7,3.7,9.2,1.9,70.3,88.4,10.7,67.0,2.1,6.9,71.7,23.0,4.3,15.9,20.8,8.9,6.8,8.7,2.5,26.9,9.0,4.4,5.7,36.7,10.4,78.8,13.8,4.7,20.5,6.9,1.6,5.0,31.0,1.4,5.9,2.5,4.515,40
11001004600,DC,District of Columbia,District of Columbia,11001,3543,3101,-77.0133001,38.9097456,5.6,13.4,27.4,23.6,67.4,4.2,9.7,2.6,73.1,88.8,10.7,73.4,2.7,7.6,70.4,21.5,5.8,17.8,22.4,10.2,8.6,10.0,2.7,29.0,9.8,5.0,6.4,37.0,11.5,81.3,13.6,6.4,22.3,7.4,2.1,5.9,32.7,2.0,7.7,3.0,4.727499999999999,40
11001004704,DC,District of Columbia,District of Columbia,11001,1945,1339,-77.0114767,38.904566,19.5,28.1,14.1,49.2,73.9,4.1,15.3,9.5,77.3,78.5,31.0,59.0,17.0,34.3,41.4,26.6,21.6,51.4,35.2,67.1,78.1,45.5,7.2,37.7,47.6,26.0,37.7,46.8,45.3,68.2,25.8,31.5,45.1,22.9,16.0,41.7,46.0,8.9,28.1,21.5,7.220000000000001,40
11001004300,DC,District of Columbia,District of Columbia,11001,4436,4151,-77.0341511,38.916804,4.0,11.8,30.1,19.0,64.8,4.7,9.0,2.2,71.9,89.9,8.9,73.5,2.0,5.3,76.7,22.7,4.2,14.5,18.5,5.8,4.3,7.1,2.7,27.9,6.3,3.8,4.3,34.8,8.6,79.7,12.5,4.5,19.0,6.1,1.4,3.7,28.2,1.5,4.4,2.1,4.0525,40
11001007000,DC,District of Columbia,District of Columbia,11001,2697,2323,-76.9959451,38.8812697,4.5,14.4,29.2,20.7,66.8,6.3,9.2,2.8,72.7,89.4,9.6,71.7,2.8,6.5,79.7,22.9,4.6,16.1,18.6,6.5,5.0,8.1,3.4,30.7,6.4,4.2,4.6,34.4,9.3,77.4,12.7,5.4,19.0,7.1,1.6,3.8,26.5,1.7,3.7,2.3,4.3325000000000005,40
11001000904,DC,District of Columbia,District of Columbia,11001,3148,2405,-77.1036767,38.9366243,2.6,24.1,20.9,31.0,79.7,12.8,8.6,5.2,81.6,94.8,6.8,75.8,3.6,4.5,82.3,19.3,7.0,18.1,14.5,3.6,2.7,8.2,6.1,42.3,3.6,3.9,2.8,28.2,9.6,77.0,9.0,8.0,18.1,8.0,1.9,2.4,24.1,2.7,3.2,2.5,3.8725,40
11001001004,DC,District of Columbia,District of Columbia,11001,4480,3529,-77.0853886,38.9487665,3.7,20.1,23.6,26.6,75.0,9.1,9.3,4.3,77.5,91.6,9.2,72.8,3.8,6.2,78.2,22.2,6.6,18.8,16.9,6.1,4.8,9.3,4.9,36.9,5.6,4.8,4.3,32.4,10.9,77.1,11.7,7.8,19.2,8.4,2.1,3.6,26.3,2.4,5.8,2.8,4.2275,40
11001002600,DC,District of Columbia,District of Columbia,11001,2592,2021,-77.0404553,38.9464323,4.8,20.2,21.8,31.3,77.2,7.8,9.3,4.2,79.2,93.3,8.5,73.6,3.5,6.7,76.2,18.4,8.3,18.6,20.3,8.1,6.5,10.6,4.1,37.9,7.5,4.6,4.9,32.6,12.2,79.2,10.6,8.7,22.0,8.4,2.4,4.6,30.1,2.9,4.6,3.2,4.41,40
11001006802,DC,District of Columbia,District of Columbia,11001,2580,2055,-76.9814483,38.8832158,4.0,15.4,26.6,24.2,69.2,5.6,9.8,2.8,75.0,91.3,9.5,70.9,2.8,7.1,76.5,22.6,5.8,16.6,19.3,7.9,7.0,9.0,3.1,31.3,8.0,4.6,5.2,33.8,10.5,79.3,12.8,6.4,22.2,7.5,2.0,5.2,30.6,2.0,8.5,2.7,4.5025,40
11001000501,DC,District of Columbia,District of Columbia,11001,3829,3470,-77.051434,38.9264548,3.8,13.5,28.3,19.4,66.0,6.1,9.1,2.6,73.1,90.2,8.9,74.2,2.4,5.2,79.2,23.7,4.3,15.1,16.9,5.6,4.2,7.3,3.3,30.0,5.8,3.9,4.2,33.7,8.6,78.0,12.4,4.8,18.5,6.6,1.4,3.6,26.2,1.5,4.0,2.1,4.045000000000001,40
11001008200,DC,District of Columbia,District of Columbia,11001,2695,2360,-77.000604,38.8918309,3.3,13.7,29.4,19.2,66.6,6.5,9.3,2.6,73.3,90.4,8.8,75.6,2.3,5.0,80.0,24.1,4.1,14.5,16.5,4.8,3.5,6.7,3.2,30.0,5.2,3.7,3.8,33.7,7.9,77.7,12.5,4.5,18.1,6.4,1.3,3.1,26.2,1.5,4.4,1.9,3.8375,40
11001000201,DC,District of Columbia,District of Columbia,11001,4108,4079,-77.0743418,38.9092171,12.1,6.0,23.8,15.6,22.3,0.9,13.6,1.7,66.0,58.9,35.3,63.9,5.3,14.8,48.1,37.1,2.7,43.8,25.8,47.7,53.1,25.8,4.0,17.0,25.8,21.7,32.1,50.8,25.1,63.2,31.7,7.5,24.3,13.6,4.1,20.9,35.1,1.2,29.0,11.5,6.88,40
11001009302,DC,District of Columbia,District of Columbia,11001,1750,1476,-76.9907773,38.9251636,6.6,14.7,25.3,25.5,68.5,4.5,10.0,3.0,74.2,88.9,11.5,69.9,3.2,8.5,66.6,21.3,6.6,19.7,23.0,12.9,11.5,11.7,3.1,30.0,11.8,5.8,7.5,37.3,13.3,79.0,13.9,7.7,24.0,8.3,2.5,7.3,34.3,2.3,10.6,3.7,4.722499999999999,40
11001000600,DC,District of Columbia,District of Columbia,11001,4676,3848,-77.0675114,38.9368114,3.6,19.6,24.2,25.6,74.7,9.6,9.1,3.9,77.7,92.8,8.1,74.3,3.3,5.5,78.7,21.6,5.9,16.8,16.3,5.1,3.8,8.3,4.6,37.4,4.9,4.1,3.6,31.2,9.6,78.6,10.7,6.8,18.4,7.7,1.8,3.0,25.7,2.2,3.8,2.4,3.992499999999999,40
11001008802,DC,District of Columbia,District of Columbia,11001,4360,3741,-76.9866786,38.9039498,8.2,17.8,22.8,31.0,71.3,4.5,11.1,3.9,75.0,87.5,14.6,67.8,4.8,12.7,63.3,22.4,9.0,25.2,26.3,20.0,20.2,16.4,3.6,31.8,16.7,8.2,10.7,39.6,18.3,77.9,16.2,11.2,28.0,10.6,3.8,10.9,36.5,3.3,16.0,5.3,5.657500000000001,40
11001004402,DC,District of Columbia,District of Columbia,11001,2755,2485,-77.0270354,38.9155152,4.6,10.6,31.2,18.2,59.6,4.0,9.1,2.0,70.4,88.5,10.0,69.2,2.1,6.5,74.1,23.3,4.0,14.9,19.6,7.3,5.8,7.7,2.6,26.8,7.5,4.1,5.1,35.7,9.2,79.1,13.5,4.2,20.0,6.4,1.4,4.5,29.8,1.3,7.2,2.2,4.1,40
11001006801,DC,District of Columbia,District of Columbia,11001,2238,1858,-76.9801087,38.8877413,4.8,15.5,26.2,25.5,68.9,5.0,10.1,2.9,74.5,90.0,10.7,70.5,3.2,8.6,66.9,22.9,6.4,18.3,20.8,10.5,9.9,10.6,3.0,31.0,10.1,5.4,6.5,35.2,12.1,78.3,13.8,7.2,24.0,8.2,2.4,6.6,34.4,2.2,11.3,3.2,4.7925,40
11001008904,DC,District of Columbia,District of Columbia,11001,3137,2455,-76.9748514,38.9009808,7.8,21.4,18.9,38.3,75.6,4.8,12.0,4.8,79.4,90.0,14.3,71.7,5.6,13.2,58.6,20.3,12.1,27.1,27.8,24.1,25.7,18.9,3.8,34.8,20.5,9.0,12.7,39.3,20.4,77.4,15.9,14.0,32.8,11.7,5.1,14.4,41.2,4.2,14.5,6.4,6.152500000000001,40
11001002301,DC,District of Columbia,District of Columbia,11001,3266,2592,-77.0165915,38.942552,6.4,17.3,23.5,29.2,72.8,5.2,10.0,3.5,76.2,90.5,11.0,71.9,3.5,8.8,70.2,20.3,8.1,20.5,23.1,12.7,11.4,12.5,3.4,32.9,11.7,5.9,7.3,36.2,14.4,78.0,13.2,9.1,25.0,8.8,2.8,7.3,33.3,2.8,16.3,4.0,4.904999999999999,40
11001005801,DC,District of Columbia,District of Columbia,11001,1672,1570,-77.0205095,38.8975634,5.2,15.7,24.2,24.2,70.2,5.8,8.7,3.5,74.1,89.4,10.1,68.1,3.5,7.9,69.3,21.7,6.9,18.4,20.0,9.4,7.8,10.6,4.1,34.8,7.6,5.0,5.6,34.3,13.2,71.9,12.5,7.2,19.1,8.2,2.1,4.8,29.5,2.2,9.3,3.2,4.5375000000000005,40
11001007808,DC,District of Columbia,District of Columbia,11001,3792,2833,-76.9192026,38.8922212,10.5,24.2,16.2,42.5,76.5,5.0,13.0,6.3,80.1,87.8,18.2,66.3,8.0,17.0,52.4,20.8,14.8,34.5,31.3,35.0,38.9,25.7,4.8,35.9,26.7,12.9,17.9,42.7,27.1,73.3,18.0,19.3,35.0,14.3,7.2,19.3,42.6,5.7,33.8,9.6,7.1875,40
11001008402,DC,District of Columbia,District of Columbia,11001,2447,2116,-76.991021,38.898596,3.6,15.2,26.9,23.8,70.9,5.7,9.5,2.7,75.2,91.4,8.6,71.6,2.4,5.6,75.9,21.8,5.5,15.7,18.3,6.4,5.3,8.1,2.9,31.0,6.7,4.1,4.5,33.6,9.6,79.7,11.9,6.1,21.0,6.8,1.7,4.3,29.7,2.0,8.0,2.5,4.092499999999999,40
11001007604,DC,District of Columbia,District of Columbia,11001,3803,3083,-76.9638007,38.8660921,6.8,25.3,16.7,42.8,79.7,6.1,12.0,5.9,82.0,91.8,13.4,69.5,6.3,12.6,60.6,18.9,13.8,28.7,27.9,22.3,23.4,19.5,4.6,38.0,18.5,9.1,11.6,38.8,21.2,76.3,14.7,16.3,31.9,12.2,5.4,12.8,40.5,5.1,22.1,6.7,6.205,40
11001002503,DC,District of Columbia,District of Columbia,11001,3031,2622,-77.0271734,38.9386375,6.4,12.1,27.8,21.3,64.6,4.0,9.4,2.3,72.4,89.2,10.4,71.1,2.3,7.1,73.7,21.2,5.2,16.9,22.1,10.1,8.1,9.6,2.6,28.2,10.1,4.7,6.2,36.8,11.4,80.3,13.2,5.8,21.9,7.2,1.9,5.8,31.4,1.7,5.4,2.9,4.4025,40
11001007709,DC,District of Columbia,District of Columbia,11001,2072,1643,-76.9675363,38.879862,9.2,25.9,16.7,44.2,78.6,5.5,12.8,6.3,80.8,90.1,16.4,67.8,7.6,16.5,51.2,20.0,15.1,32.8,32.4,29.7,31.5,23.7,4.7,38.1,24.2,11.1,14.8,42.2,25.3,75.9,17.0,18.8,34.6,14.2,6.6,16.3,43.6,5.7,25.3,8.0,6.110000000000001,40
11001001200,DC,District of Columbia,District of Columbia,11001,5371,4377,-77.0705215,38.9462221,3.5,17.7,25.2,24.0,72.4,8.2,9.1,3.5,76.5,91.8,8.4,74.0,3.0,5.4,80.6,22.0,5.6,16.4,16.5,5.4,4.1,8.1,4.1,35.0,5.4,4.1,4.0,31.9,9.5,77.6,11.3,6.3,19.0,7.4,1.7,3.4,25.8,2.0,3.0,2.4,3.8649999999999998,40
11001004100,DC,District of Columbia,District of Columbia,11001,2836,2606,-77.0516151,38.9159337,3.6,18.8,24.4,25.9,74.4,9.0,8.7,4.1,76.7,91.8,8.1,75.6,3.3,5.4,78.0,21.6,6.3,16.9,16.1,5.3,4.1,8.5,4.7,36.9,5.0,4.0,3.8,30.9,9.8,77.8,10.8,6.7,18.8,7.6,1.8,3.2,25.9,2.2,3.2,2.5,4.059999999999999,40
11001007806,DC,District of Columbia,District of Columbia,11001,3457,2888,-76.932552,38.9055926,8.1,21.3,17.8,37.9,74.9,4.6,12.7,4.5,80.0,90.4,15.3,64.8,5.6,14.5,59.1,20.5,11.7,27.9,30.9,27.0,28.2,19.7,3.6,34.1,23.3,9.6,13.6,42.0,21.9,76.3,17.0,14.4,33.2,12.1,5.1,15.5,42.2,4.1,16.6,6.5,6.395,40
11001003801,DC,District of Columbia,District of Columbia,11001,1800,1642,-77.0389415,38.9197759,3.2,10.6,31.1,16.8,61.6,4.8,8.7,1.8,71.9,91.0,7.6,72.6,1.6,4.0,80.4,22.5,3.5,11.9,16.6,4.1,2.8,5.7,2.4,27.6,5.0,3.0,3.4,33.1,6.9,80.9,11.4,3.3,18.0,5.4,1.1,3.0,26.6,1.1,2.7,1.6,3.475,40
11001004401,DC,District of Columbia,District of Columbia,11001,3430,3236,-77.0282129,38.9186825,3.4,9.4,32.2,15.8,57.0,3.9,8.5,1.6,70.4,90.0,8.0,69.1,1.5,4.8,80.4,22.4,3.2,12.0,17.7,4.7,3.3,5.9,2.2,26.4,5.3,3.1,3.7,33.6,7.2,80.3,11.9,3.2,17.9,5.4,1.1,3.2,27.1,1.0,2.7,1.6,3.6800000000000006,40
11001008803,DC,District of Columbia,District of Columbia,11001,4036,3569,-76.9913622,38.9104603,7.6,10.9,26.8,22.5,60.0,2.6,10.6,2.4,71.1,83.7,15.2,64.9,3.1,10.3,59.8,23.7,5.8,22.1,25.9,18.2,16.9,13.2,2.6,25.3,15.7,7.2,10.8,41.8,14.7,72.6,17.5,6.7,25.1,8.5,2.7,10.1,36.5,1.9,17.5,4.2,5.3900000000000015,40
11001001304,DC,District of Columbia,District of Columbia,11001,4018,3831,-77.0554702,38.9367508,3.5,14.6,27.9,19.7,67.8,7.0,9.0,2.6,74.1,91.5,8.1,76.1,2.3,4.7,81.1,23.1,4.2,14.2,16.4,4.6,3.4,6.6,3.3,31.3,5.1,3.5,3.6,32.7,8.1,78.3,11.6,4.7,18.0,6.4,1.3,3.1,25.5,1.5,2.9,1.9,3.84,40
11001009700,DC,District of Columbia,District of Columbia,11001,3188,2414,-76.9870248,38.8354183,9.3,24.4,16.3,42.6,77.2,5.1,12.9,6.1,80.7,88.9,17.1,64.3,7.5,16.0,54.1,20.4,14.5,32.9,31.3,32.3,35.5,23.9,4.6,36.2,25.2,11.8,16.4,42.5,25.6,76.6,17.4,18.3,34.6,13.8,6.6,17.8,42.5,5.5,17.9,8.6,6.9325,40
11001001002,DC,District of Columbia,District of Columbia,11001,3643,3218,-77.0788872,38.9384216,3.6,14.6,26.5,20.5,67.3,6.2,9.4,2.7,74.2,89.7,9.5,70.1,2.7,5.7,76.2,23.5,4.7,16.2,17.8,6.5,5.1,8.0,3.4,30.6,6.3,4.4,4.7,34.7,9.5,76.7,12.9,5.5,18.8,7.1,1.6,4.0,28.4,1.7,3.6,2.4,4.0675,40
11001008410,DC,District of Columbia,District of Columbia,11001,1843,1523,-76.9911234,38.9015543,4.5,12.5,28.0,21.3,65.3,4.2,9.7,2.2,73.1,89.7,10.0,70.0,2.3,6.9,74.3,22.3,4.9,16.0,21.1,8.6,7.1,8.7,2.5,28.2,8.7,4.6,5.6,36.3,10.3,81.1,13.4,5.5,21.2,6.9,1.8,5.3,31.1,1.7,3.2,2.6,4.5024999999999995,40
11001005003,DC,District of Columbia,District of Columbia,11001,2143,2058,-77.0307609,38.9074041,4.9,12.0,28.7,19.2,62.2,4.1,9.8,2.1,71.5,88.3,10.7,70.7,2.5,6.9,76.4,24.2,4.5,16.3,19.2,8.9,7.6,9.0,2.6,27.8,8.4,4.8,5.8,35.9,10.3,78.2,13.9,5.3,20.9,7.2,1.8,5.3,28.7,1.5,6.4,2.7,4.7475000000000005,40
11001007603,DC,District of Columbia,District of Columbia,11001,4185,3503,-76.9585469,38.859109,5.1,23.1,17.8,39.1,79.2,6.4,11.4,4.7,82.5,93.2,10.8,77.1,4.5,9.0,71.5,17.8,11.2,23.6,26.4,15.1,14.2,14.5,3.8,36.7,14.2,6.8,8.4,37.8,16.5,76.4,13.1,12.5,28.8,9.9,3.7,9.2,35.6,4.0,12.7,4.7,5.3575,40
11001003901,DC,District of Columbia,District of Columbia,11001,2598,2428,-77.0401076,38.9254851,3.8,10.1,30.9,16.4,60.7,4.2,8.9,1.8,71.1,90.0,8.5,74.7,1.6,4.6,80.0,23.4,3.6,13.0,17.7,5.2,3.7,6.3,2.3,26.5,5.8,3.4,4.0,34.6,7.6,81.2,12.4,3.6,18.2,5.6,1.1,3.4,26.9,1.2,2.5,1.8,3.8650000000000007,40
11001002703,DC,District of Columbia,District of Columbia,11001,2614,2264,-77.0397435,38.9334921,5.5,13.0,28.1,20.3,66.3,5.4,8.7,2.6,72.7,90.4,9.2,65.9,2.2,6.0,74.4,21.3,5.0,16.0,19.1,7.1,5.1,8.5,3.4,30.4,7.1,4.0,4.6,34.1,10.3,78.8,11.9,5.5,19.2,6.9,1.6,4.0,28.8,1.6,6.2,2.6,4.4350000000000005,40
11001003400,DC,District of Columbia,District of Columbia,11001,5120,4747,-77.0177044,38.9221674,6.5,8.9,26.4,16.8,54.4,2.3,11.5,1.8,70.7,81.4,16.7,68.4,2.6,8.0,69.2,26.6,4.0,22.3,25.2,16.8,14.1,11.5,2.3,21.5,13.2,7.7,11.0,45.8,13.1,78.9,19.4,5.5,20.3,7.8,2.1,8.0,32.0,1.5,11.1,3.8,5.0475,40
11001009602,DC,District of Columbia,District of Columbia,11001,4481,3090,-76.9523616,38.9035769,14.4,24.7,15.2,44.0,73.3,4.0,14.8,6.5,78.5,83.6,24.5,61.1,11.2,25.3,40.5,24.7,16.6,41.4,33.3,52.3,61.8,34.3,4.9,34.8,38.8,18.7,27.6,45.4,35.1,70.7,22.6,23.6,41.0,17.8,10.5,31.4,46.5,6.4,23.0,14.1,8.169999999999998,40
11001008100,DC,District of Columbia,District of Columbia,11001,3153,2601,-76.9925272,38.893171,3.0,13.2,30.0,19.0,65.3,6.2,8.9,2.3,73.4,91.7,7.7,71.4,2.0,4.8,82.2,22.9,3.9,13.0,16.4,4.2,3.0,6.2,2.8,30.3,4.8,3.2,3.3,32.2,7.4,76.6,11.5,4.1,18.2,6.0,1.2,2.9,26.0,1.4,3.9,1.7,3.825,40
11001008301,DC,District of Columbia,District of Columbia,11001,3220,2781,-77.0008008,38.8970373,3.4,11.6,30.7,17.7,61.7,4.9,9.2,2.0,71.8,90.0,8.7,73.2,2.0,5.3,79.7,23.7,3.7,13.5,17.5,5.2,4.0,6.5,2.6,27.8,5.8,3.6,4.1,34.1,7.8,79.4,12.6,3.9,18.7,6.0,1.2,3.6,27.1,1.3,3.8,1.8,3.9174999999999995,40
11001001303,DC,District of Columbia,District of Columbia,11001,3763,3449,-77.0589323,38.9446266,4.4,18.1,24.4,24.9,72.7,8.1,9.3,3.8,75.8,90.8,9.4,74.5,3.4,6.2,75.4,22.4,6.0,18.4,17.8,7.1,5.9,9.3,4.5,34.4,6.6,4.7,4.8,33.4,11.1,77.3,12.1,7.2,19.6,7.9,1.9,4.2,27.5,2.2,5.0,2.8,4.195,40
11001007502,DC,District of Columbia,District of Columbia,11001,4687,3418,-76.9697843,38.8568592,9.7,25.6,16.0,44.3,78.1,5.2,13.0,6.5,80.8,88.9,17.7,67.6,8.1,17.4,55.4,20.4,15.5,34.4,32.9,33.9,37.2,25.1,4.8,37.3,26.3,12.1,16.7,43.3,27.3,76.5,18.0,19.5,35.4,14.5,6.9,18.2,42.3,5.8,23.5,8.9,6.514999999999999,40
11001006900,DC,District of Columbia,District of Columbia,11001,2799,2294,-76.9873112,38.8836933,2.9,14.8,27.9,22.4,69.1,6.1,9.2,2.5,75.2,92.4,7.7,71.0,2.2,5.3,78.9,21.9,5.0,13.8,17.3,4.9,3.9,7.0,2.8,31.7,5.5,3.5,3.7,31.9,8.3,79.7,11.3,5.1,20.1,6.5,1.5,3.6,28.7,1.7,4.4,2.0,3.8949999999999996,40
11001000903,DC,District of Columbia,District of Columbia,11001,4202,3953,-77.093331,38.9376821,5.0,7.6,28.7,12.0,51.7,2.9,10.2,1.6,69.2,80.9,15.0,71.1,2.0,4.9,72.2,26.5,2.5,19.3,23.4,9.8,5.7,8.0,2.5,20.2,7.8,6.0,7.6,46.3,9.8,74.0,18.4,3.7,14.4,6.5,1.2,4.0,29.2,1.0,8.3,2.6,4.584999999999999,40
11001000400,DC,District of Columbia,District of Columbia,11001,1643,1410,-77.0649214,38.9227989,4.8,21.3,23.0,28.7,76.1,9.7,9.0,4.9,77.6,91.7,9.3,75.8,4.3,7.0,80.0,21.3,7.5,20.0,17.4,7.2,5.9,10.8,5.5,39.2,6.1,5.0,4.6,31.7,12.3,76.9,11.3,8.8,20.0,9.0,2.4,3.8,25.0,2.7,3.1,3.2,4.3149999999999995,40
11001007504,DC,District of Columbia,District of Columbia,11001,2730,1960,-76.9796257,38.8609955,10.1,22.9,17.5,41.5,74.4,4.4,13.2,5.7,79.0,87.4,18.6,63.9,7.8,18.5,53.7,21.8,14.2,33.4,31.6,36.0,40.7,25.3,4.4,35.0,28.6,12.6,18.7,42.6,26.2,74.2,18.9,18.0,36.6,14.4,7.2,21.2,43.8,5.2,26.4,9.2,7.2575,40
11001002302,DC,District of Columbia,District of Columbia,11001,1762,1495,-77.0095843,38.934127,6.7,26.4,15.9,41.2,82.4,12.2,9.1,9.4,82.5,93.0,10.5,74.3,5.6,7.4,70.9,16.1,10.7,29.6,23.5,11.5,10.2,15.0,10.7,41.1,9.9,7.1,6.7,35.3,17.4,79.6,11.0,14.4,21.7,10.5,3.6,6.1,29.8,5.1,6.4,5.1,5.725,40
11001000502,DC,District of Columbia,District of Columbia,11001,3418,2972,-77.0595624,38.9283547,3.7,17.7,25.7,23.8,72.5,8.5,9.0,3.5,76.1,92.1,8.3,76.1,3.0,5.4,77.5,22.4,5.5,16.1,16.1,5.0,3.8,7.9,4.2,35.4,5.1,3.9,3.7,31.5,9.3,78.8,11.3,6.1,18.6,7.3,1.6,3.1,26.2,2.0,2.6,2.3,4.0200000000000005,40
11001002501,DC,District of Columbia,District of Columbia,11001,2688,2190,-77.0317348,38.9446515,6.1,17.8,23.5,29.3,74.6,6.0,9.5,3.6,77.3,92.0,9.6,73.1,3.1,7.3,74.4,19.0,8.0,19.3,22.2,10.0,8.0,11.2,3.6,34.6,9.9,5.0,5.9,35.0,13.2,79.9,11.9,8.6,23.7,8.4,2.5,5.8,32.1,2.7,5.2,3.5,4.4425,40
11001001600,DC,District of Columbia,District of Columbia,11001,4471,3466,-77.0382324,38.9849725,4.0,23.7,18.4,37.3,81.3,8.7,9.9,5.0,82.9,94.7,8.1,76.5,3.8,6.1,78.7,16.9,9.9,20.6,20.8,8.2,6.9,11.3,4.5,39.8,7.8,5.1,5.1,32.8,12.9,80.3,10.0,10.6,23.3,8.7,2.8,5.0,30.3,3.6,4.2,3.7,4.5625,40
11001007403,DC,District of Columbia,District of Columbia,11001,2613,1698,-76.9743805,38.8484714,15.8,24.4,15.7,44.5,71.6,3.7,15.4,6.7,77.6,82.0,27.2,53.9,11.9,28.5,39.0,25.7,16.8,44.2,36.1,57.7,67.6,37.0,5.1,34.2,43.6,20.5,31.0,47.5,37.1,67.2,24.7,24.6,42.7,19.1,11.5,35.2,48.4,6.6,35.8,15.1,7.6425,40
11001002202,DC,District of Columbia,District of Columbia,11001,3339,2556,-77.0118821,38.9479653,9.8,17.0,22.8,29.8,71.5,4.6,10.2,3.6,75.4,89.3,12.8,68.8,3.9,10.6,65.2,19.7,8.8,23.1,26.0,17.9,16.0,15.4,3.5,32.8,15.8,6.9,9.4,38.2,17.4,76.1,14.2,10.3,27.1,10.0,3.4,9.5,35.8,3.0,10.6,4.9,5.3325,40
11001001301,DC,District of Columbia,District of Columbia,11001,4160,3452,-77.0520508,38.9519215,3.8,18.8,23.5,26.2,74.3,8.6,9.2,4.0,77.4,92.0,8.7,73.3,3.3,5.8,78.5,21.1,6.4,17.9,17.8,6.4,5.0,9.0,4.6,35.9,6.1,4.5,4.4,32.6,10.6,78.3,11.4,7.3,19.5,7.8,1.9,3.9,27.0,2.3,3.2,2.7,4.05,40
11001000804,DC,District of Columbia,District of Columbia,11001,3832,3035,-77.0918347,38.9221746,3.2,18.1,24.4,24.0,74.3,8.8,9.1,3.7,77.1,91.2,8.7,74.1,3.1,5.3,78.8,21.6,5.6,17.0,17.4,5.1,3.5,8.0,4.4,35.4,4.7,4.2,3.8,33.6,9.6,76.7,11.5,6.5,17.2,7.5,1.7,2.8,26.3,2.1,4.1,2.3,3.9074999999999998,40
11001004801,DC,District of Columbia,District of Columbia,11001,2820,2585,-77.0195344,38.9117413,5.5,13.3,28.3,23.3,67.1,4.5,9.3,2.9,71.9,88.1,10.8,73.4,2.9,7.7,71.4,22.4,5.9,18.0,20.5,9.5,8.3,10.1,3.1,29.5,8.7,5.0,6.1,35.5,11.3,76.9,13.4,6.3,21.7,7.5,2.1,5.5,31.2,2.1,7.6,3.0,4.775,40
11001000300,DC,District of Columbia,District of Columbia,11001,6161,5081,-77.0748728,38.9179099,4.0,13.4,28.8,18.7,65.3,6.0,9.2,2.5,72.7,89.3,9.4,69.9,2.5,5.6,77.1,23.8,4.1,15.4,17.5,5.8,4.3,7.5,3.2,29.7,5.7,4.1,4.3,34.7,8.8,76.0,12.7,4.9,17.8,6.7,1.4,3.4,26.6,1.5,7.8,2.2,4.2524999999999995,40
11001008702,DC,District of Columbia,District of Columbia,11001,3574,3181,-77.0013085,38.9150961,5.0,11.6,27.8,21.1,62.8,3.5,9.9,2.0,72.8,89.0,10.4,67.8,2.3,6.8,74.1,22.0,4.9,16.3,22.0,10.0,8.5,9.0,2.3,26.6,10.1,4.7,6.5,37.5,10.5,81.3,13.8,5.3,22.5,6.8,1.8,6.3,31.9,1.6,5.9,2.7,4.445,40
11001009511,DC,District of Columbia,District of Columbia,11001,2066,2042,-77.0010516,38.9372097,20.3,11.8,21.4,26.9,48.2,2.0,12.9,4.2,68.4,66.9,32.8,42.0,8.2,23.0,35.1,31.7,8.0,45.4,27.9,58.1,66.4,33.6,5.6,24.7,38.0,21.7,35.3,47.0,33.8,62.8,28.2,13.7,34.8,16.5,7.4,31.5,41.0,3.0,43.1,15.4,7.352500000000001,40
11001002704,DC,District of Columbia,District of Columbia,11001,2993,2480,-77.0427534,38.9345766,7.5,13.1,27.5,21.3,65.3,4.7,9.0,2.7,72.0,89.0,10.7,66.0,2.7,7.3,70.5,21.2,5.7,17.8,21.1,10.4,7.8,10.5,3.2,30.5,9.8,4.8,6.2,35.6,12.1,77.4,12.9,6.3,21.5,7.9,2.0,5.4,30.2,1.8,7.0,3.2,4.632499999999999,40
11001007201,DC,District of Columbia,District of Columbia,11001,2985,2786,-76.9999179,38.8738481,3.6,8.0,33.5,14.0,50.1,3.2,9.0,1.2,69.2,88.9,8.9,66.1,1.4,5.0,79.4,23.8,2.5,12.3,18.4,5.5,4.1,5.9,1.9,23.4,6.4,3.3,4.3,35.5,7.1,78.7,13.1,2.7,18.7,5.3,1.0,3.9,27.7,0.9,3.0,1.6,3.9549999999999996,40
11001000202,DC,District of Columbia,District of Columbia,11001,4672,4212,-77.0696362,38.9063048,4.1,14.7,27.3,20.3,68.5,6.5,9.5,3.2,73.1,87.1,11.2,74.4,3.2,6.0,77.1,24.4,4.8,18.5,18.4,7.0,5.1,8.6,4.0,30.2,6.0,5.1,5.2,36.9,10.0,74.5,14.1,6.0,17.3,7.5,1.7,3.6,26.0,1.8,5.5,2.6,4.4174999999999995,40
11001001702,DC,District of Columbia,District of Columbia,11001,3356,2799,-77.0160682,38.9717231,5.1,17.7,23.4,28.1,74.0,6.3,9.9,3.4,77.6,92.3,9.4,73.7,3.1,7.0,73.5,20.0,7.1,18.3,21.2,9.2,7.6,10.4,3.4,33.8,8.9,4.9,5.6,34.7,11.9,80.3,11.9,8.0,22.6,8.0,2.3,5.4,31.6,2.5,10.9,3.2,4.5875,40
11001004202,DC,District of Columbia,District of Columbia,11001,2850,2736,-77.0430254,38.9134023,3.9,11.4,30.2,17.5,61.0,5.0,9.0,2.3,71.0,88.7,9.5,74.0,2.2,5.3,76.4,24.6,3.8,14.8,16.9,5.8,4.5,7.1,3.0,27.6,5.9,3.9,4.5,34.4,8.4,77.0,13.1,4.1,18.6,6.3,1.3,3.7,27.0,1.3,5.1,2.1,4.0675,40
11001003100,DC,District of Columbia,District of Columbia,11001,3873,3329,-77.0254235,38.930617,5.9,10.2,29.9,17.8,60.4,3.6,9.0,1.8,70.9,89.0,9.8,70.5,1.8,5.8,73.2,21.6,4.1,15.1,20.6,8.1,5.9,8.1,2.4,26.3,8.4,4.1,5.3,36.5,9.7,79.6,12.8,4.5,19.9,6.3,1.5,4.6,30.2,1.3,6.8,2.4,4.14,40
11001007408,DC,District of Columbia,District of Columbia,11001,2867,1884,-76.9706266,38.8525662,13.8,23.9,15.6,44.4,71.7,3.6,14.9,6.5,78.3,82.3,25.7,57.4,11.3,27.0,37.8,25.3,16.7,42.4,33.9,56.3,67.2,35.1,4.9,33.7,42.0,19.6,30.5,45.8,35.7,71.3,23.9,23.4,43.0,18.1,11.0,35.3,49.0,6.3,30.2,14.7,7.902500000000001,40
11001007809,DC,District of Columbia,District of Columbia,11001,3155,2391,-76.9321955,38.9015402,10.2,22.3,18.0,39.8,74.9,4.6,12.6,5.2,78.9,88.5,17.0,62.8,6.7,16.4,49.8,20.4,12.9,31.2,32.4,31.0,32.9,22.7,4.1,34.9,25.2,10.9,15.5,43.0,24.6,71.8,17.5,16.5,33.8,13.2,5.9,16.8,43.1,4.8,23.2,7.7,6.6625,40
11001002001,DC,District of Columbia,District of Columbia,11001,2926,2250,-77.0351061,38.9597034,17.6,23.6,18.9,37.5,75.6,6.0,11.1,6.9,75.5,87.0,18.1,61.1,8.4,17.3,54.7,21.5,14.0,34.4,28.2,31.1,30.8,27.0,6.3,39.4,22.8,11.6,15.0,39.6,27.4,70.6,16.0,18.9,30.7,15.6,6.9,14.3,36.2,5.1,25.2,9.5,6.455,40
11001007401,DC,District of Columbia,District of Columbia,11001,1259,868,-76.9991203,38.8675208,14.4,26.1,15.4,46.4,75.2,4.3,14.5,7.6,78.8,84.6,24.1,60.3,11.8,25.9,43.3,23.9,18.3,42.1,34.0,51.3,60.2,35.0,5.5,36.8,38.0,18.2,26.8,44.8,35.1,66.8,22.0,24.8,41.4,18.4,11.0,30.3,47.3,7.0,24.8,14.1,7.847499999999999,40
11001003802,DC,District of Columbia,District of Columbia,11001,3911,3546,-77.0393505,38.922971,5.3,12.3,28.6,20.4,64.9,4.5,9.0,2.4,72.0,89.3,9.8,70.9,2.4,6.4,74.9,22.5,5.1,16.0,19.2,8.1,6.3,8.8,2.9,29.3,7.9,4.3,5.3,34.7,10.2,79.5,12.8,5.3,20.7,7.0,1.7,4.7,29.4,1.6,4.6,2.6,4.3775,40
11001004702,DC,District of Columbia,District of Columbia,11001,3934,3715,-77.0136108,38.9008601,4.5,8.6,31.3,15.2,54.3,3.1,9.2,1.5,69.3,87.8,10.0,70.7,1.7,5.7,74.8,23.8,3.1,14.0,19.7,7.2,5.5,7.0,2.1,24.1,7.4,4.0,5.0,37.0,8.6,79.2,13.7,3.4,18.8,5.8,1.2,4.3,29.1,1.1,5.9,2.0,4.425,40
11001000803,DC,District of Columbia,District of Columbia,11001,3174,2864,-77.0835217,38.9336425,3.7,19.2,23.0,25.0,76.0,8.9,9.5,4.2,77.1,89.6,9.9,73.9,3.6,5.1,77.5,22.9,6.3,19.8,16.7,6.3,4.7,9.2,5.0,34.7,5.4,5.1,4.8,34.5,10.8,77.7,12.4,7.8,17.6,8.0,2.0,3.4,25.4,2.4,5.5,2.9,4.2225,40
11001004201,DC,District of Columbia,District of Columbia,11001,3548,3398,-77.0388456,38.9162076,4.2,10.0,32.0,15.9,57.6,4.2,9.0,1.9,69.7,88.4,9.6,71.2,2.0,5.5,78.4,24.6,3.3,14.1,17.8,5.9,4.4,6.9,2.5,26.2,6.0,3.8,4.4,35.2,8.0,77.1,13.3,3.7,18.1,6.1,1.2,3.6,26.5,1.1,3.2,1.9,4.455,40
11001003600,DC,District of Columbia,District of Columbia,11001,4775,4211,-77.0296273,38.9236744,5.7,12.5,28.0,21.6,66.4,4.2,9.5,2.5,72.2,88.6,10.7,71.9,2.5,6.9,71.4,22.5,5.4,17.3,20.9,9.5,7.6,9.5,2.8,28.4,9.1,4.9,6.0,36.7,11.1,79.4,13.6,5.9,21.4,7.2,1.9,5.4,31.1,1.8,6.8,2.9,4.5725,40
11001009201,DC,District of Columbia,District of Columbia,11001,3103,2663,-76.9990184,38.9287161,6.2,12.1,27.1,20.8,62.4,3.6,10.3,2.3,72.1,86.7,12.6,67.2,2.8,8.3,71.7,24.0,5.2,19.1,21.8,12.6,11.2,10.9,2.7,26.9,11.5,6.0,7.9,38.5,12.4,75.9,15.5,6.2,22.6,7.9,2.2,7.2,31.6,1.8,6.5,3.4,4.8575,40
11001001003,DC,District of Columbia,District of Columbia,11001,3111,2257,-77.0930741,38.9492362,3.1,21.7,23.4,28.1,76.1,10.6,9.0,4.4,79.1,93.7,7.8,73.9,3.7,6.0,82.6,21.2,6.6,17.3,15.6,4.8,3.8,8.7,5.0,40.0,4.6,4.1,3.4,29.5,10.0,78.1,10.4,7.5,19.4,8.2,1.9,3.0,24.3,2.4,5.0,2.5,4.202500000000001,40
11001009604,DC,District of Columbia,District of Columbia,11001,1996,1640,-76.9585043,38.8931572,8.1,24.9,17.5,41.4,79.0,6.1,12.0,5.6,81.0,91.4,13.8,73.6,6.2,12.9,61.5,19.1,13.1,28.9,29.4,22.4,22.5,19.5,4.5,37.7,19.0,9.1,11.3,40.0,21.6,79.2,15.0,16.1,31.4,12.3,5.1,12.2,40.6,4.9,15.2,6.5,5.8725000000000005,40
11001007707,DC,District of Columbia,District of Columbia,11001,3927,2970,-76.9353432,38.8779453,10.2,24.6,16.4,42.6,77.6,5.4,12.7,6.2,80.3,89.2,17.0,67.8,7.5,16.1,54.6,19.7,14.2,33.4,32.4,31.2,33.2,24.1,4.8,36.7,24.5,11.7,15.5,42.9,26.0,72.9,17.0,18.8,33.4,13.9,6.5,16.4,41.6,5.6,27.1,8.5,6.74,40
11001002801,DC,District of Columbia,District of Columbia,11001,4398,3721,-77.0345166,38.9349477,9.7,13.4,26.0,23.9,66.0,3.8,9.8,3.0,71.9,87.1,13.2,67.8,3.3,9.4,67.3,21.9,6.9,21.4,24.0,16.0,13.6,13.7,3.2,29.9,14.0,6.4,8.8,38.5,15.4,76.9,14.8,8.0,24.3,9.1,2.8,8.1,32.6,2.2,15.9,4.3,5.227500000000001,40
11001002504,DC,District of Columbia,District of Columbia,11001,3349,2707,-77.0329275,38.9394498,9.6,14.0,25.7,23.9,66.8,4.4,9.3,3.0,72.6,88.4,12.0,66.8,3.2,8.7,69.0,21.1,6.9,20.4,22.1,14.2,11.9,13.2,3.4,31.2,12.5,5.8,7.8,36.2,14.8,77.3,13.4,7.9,23.8,8.9,2.7,7.2,31.9,2.2,8.8,4.2,4.93,40
11001002002,DC,District of Columbia,District of Columbia,11001,4072,3198,-77.0310824,38.9525009,6.5,18.7,22.4,30.9,75.3,6.0,9.7,3.9,77.8,91.9,9.9,72.9,3.5,7.6,73.7,18.9,8.6,20.3,22.1,11.5,9.8,12.2,3.7,34.9,10.8,5.5,6.6,34.8,14.0,80.2,12.0,9.4,24.8,8.8,2.8,6.7,32.3,2.9,6.2,3.9,4.665000000000001,40
11001001901,DC,District of Columbia,District of Columbia,11001,4206,3316,-77.0236327,38.9646853,7.4,20.8,20.6,34.1,76.6,5.9,10.6,4.5,78.5,91.4,11.7,69.3,4.4,9.7,65.1,19.5,10.2,23.8,24.3,15.5,14.4,15.1,4.0,35.7,13.8,6.9,8.5,36.7,17.1,78.0,13.4,12.0,27.1,10.3,3.7,8.7,35.9,3.6,12.9,5.0,5.092499999999999,40
11001004703,DC,District of Columbia,District of Columbia,11001,3331,3067,-77.0170713,38.9034762,8.9,13.8,25.2,23.9,62.8,3.6,10.6,3.3,70.5,83.3,16.3,67.3,4.5,12.7,62.9,26.3,7.0,25.0,23.5,20.4,21.0,15.8,3.8,29.0,15.7,8.6,11.4,39.7,17.9,77.4,17.9,8.9,25.1,10.2,3.3,10.5,33.1,2.4,14.4,5.3,5.75,40
11001004802,DC,District of Columbia,District of Columbia,11001,3634,3180,-77.0188917,38.9062118,5.4,14.5,25.4,24.6,70.2,4.6,9.7,2.7,74.4,89.9,10.3,69.2,2.8,7.3,66.9,20.7,6.4,17.8,22.6,10.2,8.4,10.1,2.9,30.7,9.7,5.0,6.1,36.9,12.1,78.3,13.1,7.0,21.9,7.6,2.1,5.7,33.1,2.2,6.8,3.1,4.62,40
11001006804,DC,District of Columbia,District of Columbia,11001,2429,2413,-76.9704836,38.8863842,23.3,16.3,22.0,41.9,59.2,2.2,11.2,5.8,68.9,71.3,28.6,40.1,10.5,34.0,26.3,21.7,13.9,44.3,38.0,60.7,69.3,38.8,5.5,30.6,44.9,18.7,34.2,45.6,37.1,58.7,23.2,19.3,42.8,17.7,10.8,37.8,50.3,5.0,51.3,15.7,9.419999999999998,40
11001009503,DC,District of Columbia,District of Columbia,11001,3106,2532,-76.9845276,38.9434458,5.7,24.4,18.6,39.1,80.2,7.4,10.7,5.6,81.1,92.4,11.0,73.7,5.2,9.5,68.5,18.7,11.6,25.3,23.9,14.3,13.9,15.5,4.9,38.6,12.2,7.3,7.9,35.7,17.3,79.6,12.6,13.7,26.9,10.6,4.0,8.1,35.0,4.4,10.9,5.2,5.192500000000001,40
11001008903,DC,District of Columbia,District of Columbia,11001,3062,2404,-76.977718,38.9041579,10.9,20.9,19.3,37.3,72.0,4.2,12.7,5.1,76.7,86.0,18.6,65.7,7.2,17.8,53.0,23.6,12.5,32.2,28.9,33.5,38.3,23.9,4.3,33.4,26.3,12.2,17.6,41.5,25.0,76.3,19.0,16.1,34.7,13.7,6.5,19.6,40.5,4.6,16.8,8.6,6.685,40
11001007703,DC,District of Columbia,District of Columbia,11001,5227,3819,-76.947455,38.8863224,9.9,24.7,16.3,42.7,77.4,5.0,13.1,5.9,80.3,88.8,17.7,65.6,7.7,17.3,48.3,20.8,14.6,33.6,32.2,33.5,36.6,24.8,4.5,36.5,26.2,12.1,16.5,43.1,26.9,75.0,18.0,19.0,35.1,14.3,6.8,18.1,44.7,5.5,20.9,8.8,6.730000000000001,40
11001002802,DC,District of Columbia,District of Columbia,11001,4685,3955,-77.0346327,38.9294344,12.7,15.3,24.0,26.5,66.8,4.1,10.0,4.0,71.6,85.1,15.7,61.8,4.6,12.3,61.5,23.1,8.7,26.2,24.0,22.2,20.9,18.3,4.4,32.1,17.4,8.4,11.7,38.3,19.9,72.2,16.0,10.8,26.6,11.2,4.0,10.8,33.4,2.8,13.9,6.3,5.5025,40
11001007903,DC,District of Columbia,District of Columbia,11001,1865,1509,-76.9743021,38.8964252,7.0,19.8,21.5,33.5,74.4,5.3,11.0,4.3,77.2,89.8,13.1,72.8,4.8,11.9,69.7,21.1,9.8,24.5,26.1,17.9,17.9,15.8,3.9,34.0,15.3,7.6,9.6,38.4,17.7,81.2,15.0,11.8,27.9,10.5,3.8,10.0,35.1,3.6,9.0,5.1,5.4975,40
11001008302,DC,District of Columbia,District of Columbia,11001,3026,2557,-76.9966527,38.8963061,3.3,12.8,29.9,19.6,66.0,5.4,9.1,2.2,73.0,90.9,8.4,72.4,2.1,5.1,80.6,23.0,4.2,13.7,17.4,5.0,3.7,6.7,2.7,29.3,5.5,3.5,3.8,33.4,7.9,79.2,12.0,4.4,18.9,6.1,1.3,3.4,26.7,1.5,3.9,1.9,3.96,40
11001003200,DC,District of Columbia,District of Columbia,11001,5099,4250,-77.0211591,38.9322375,10.7,15.2,24.9,25.9,67.3,4.2,10.4,3.4,72.1,86.0,14.7,66.5,4.2,11.2,66.6,22.7,7.6,24.2,24.9,18.8,17.2,15.9,3.6,30.7,15.4,7.7,10.2,39.3,17.2,76.0,15.6,9.8,25.1,10.1,3.5,9.2,33.3,2.7,14.3,5.2,5.4825,40
11001001804,DC,District of Columbia,District of Columbia,11001,5500,4129,-77.0304334,38.9670945,12.3,21.8,19.0,37.0,75.9,5.2,11.0,5.4,77.8,89.2,15.0,62.7,6.0,13.3,57.9,19.8,12.7,29.3,27.3,26.1,26.0,21.2,4.7,36.3,21.1,9.4,13.0,38.9,23.3,76.1,15.2,15.5,31.5,12.8,5.4,13.8,38.7,4.4,16.3,7.5,5.522500000000001,40
11001007100,DC,District of Columbia,District of Columbia,11001,3218,2648,-76.986838,38.8771811,7.7,17.9,23.4,29.4,68.7,4.7,11.3,3.9,74.3,87.1,15.0,65.1,5.3,13.7,64.0,24.7,8.6,24.9,23.9,20.0,21.6,16.7,3.9,32.3,16.3,8.5,11.0,37.9,17.9,75.7,16.8,10.9,28.2,11.1,4.0,11.5,35.5,3.1,12.4,5.4,5.835,40
11001007407,DC,District of Columbia,District of Columbia,11001,3491,2591,-76.9850206,38.8574823,9.9,21.1,17.8,39.3,72.6,4.0,13.0,5.0,78.6,87.0,18.4,63.5,7.0,17.9,53.2,22.0,12.9,32.1,30.7,35.6,40.8,24.2,3.9,33.1,28.2,12.3,18.5,42.4,25.6,76.8,18.9,16.5,36.2,13.5,6.6,21.2,43.7,4.6,27.1,8.8,7.1375,40
11001002900,DC,District of Columbia,District of Columbia,11001,4443,3811,-77.0299131,38.9338478,8.6,12.6,27.6,21.9,63.2,3.8,9.5,2.7,70.8,86.7,12.7,65.5,3.1,9.1,70.3,23.2,6.1,20.1,21.7,13.9,12.2,12.5,3.2,29.0,12.2,6.0,8.0,36.9,14.0,78.2,14.7,7.0,23.6,8.6,2.5,7.4,30.8,1.9,8.6,3.9,5.1975,40
11001009301,DC,District of Columbia,District of Columbia,11001,3853,3104,-76.9864892,38.9307613,5.0,19.1,23.0,30.9,74.9,6.3,10.1,3.9,77.8,91.7,10.2,72.8,3.7,8.2,71.4,20.1,8.3,20.1,22.4,10.6,9.4,11.6,3.7,34.7,10.1,5.5,6.4,35.3,13.3,78.1,12.7,9.1,24.3,8.8,2.7,6.4,33.9,3.0,6.9,3.6,4.427499999999999,40
11001007901,DC,District of Columbia,District of Columbia,11001,4148,3165,-76.9804319,38.8965543,8.1,18.6,21.4,32.5,70.5,4.3,11.9,4.1,76.0,87.1,15.8,67.0,5.5,14.2,60.0,23.7,9.8,26.9,25.6,24.2,26.7,18.5,3.7,32.0,19.6,9.6,13.1,39.3,19.7,75.3,17.3,12.4,30.7,11.5,4.7,14.2,38.4,3.5,9.9,6.4,6.157500000000001,40
11001000102,DC,District of Columbia,District of Columbia,11001,3417,2929,-77.0620045,38.905422,3.3,20.0,24.4,26.1,75.4,10.2,8.7,4.1,77.8,93.0,7.6,76.2,3.2,5.1,81.3,21.3,5.9,16.6,15.4,4.3,3.2,7.9,4.9,38.0,4.3,3.8,3.2,30.2,9.3,75.3,10.3,6.7,18.2,7.6,1.7,2.7,24.6,2.2,2.5,2.3,3.9824999999999995,40
11001000101,DC,District of Columbia,District of Columbia,11001,1406,1288,-77.0547765,38.9076994,3.1,15.6,27.7,21.3,70.1,7.8,8.7,3.0,74.9,91.9,7.6,74.4,2.4,4.5,80.9,22.0,4.6,14.4,15.7,4.0,2.8,6.7,3.7,33.2,4.4,3.4,3.2,31.5,8.0,79.0,10.9,5.0,17.7,6.5,1.3,2.7,25.1,1.7,4.3,1.9,3.662499999999999,40
11001005502,DC,District of Columbia,District of Columbia,11001,2968,2816,-77.0463615,38.9101768,4.1,13.7,28.2,20.9,68.1,5.9,8.9,3.0,72.8,89.5,9.2,76.3,2.5,5.4,77.1,22.9,4.8,16.0,17.6,6.1,4.7,7.8,3.5,30.2,6.0,4.1,4.4,34.1,9.3,78.3,12.4,5.3,18.7,6.7,1.6,3.7,27.1,1.8,4.3,2.4,3.8324999999999996,40
11001003702,DC,District of Columbia,District of Columbia,11001,2906,2421,-77.0343972,38.9249042,8.7,14.1,24.7,25.3,64.2,3.7,10.4,3.1,72.4,85.7,14.3,59.5,3.9,10.9,60.7,23.9,7.2,23.1,22.3,19.3,19.9,15.1,3.5,29.1,15.9,7.6,10.8,37.5,16.8,72.6,16.0,8.7,27.2,9.6,3.2,11.0,34.4,2.4,18.4,5.1,5.5375,40
11001008002,DC,District of Columbia,District of Columbia,11001,3366,2690,-76.9827594,38.8915403,3.7,15.2,27.6,23.3,68.6,5.8,9.6,2.7,74.7,91.5,8.9,71.2,2.7,6.8,76.8,22.8,5.5,15.6,18.5,6.7,5.7,8.3,3.0,31.6,7.0,4.2,4.6,33.0,9.6,79.5,12.4,5.9,21.5,7.3,1.8,4.6,30.0,1.9,5.1,2.4,4.2575,40
11001004002,DC,District of Columbia,District of Columbia,11001,3291,3095,-77.0437209,38.9181186,3.4,11.5,31.0,17.4,62.3,5.3,8.8,2.1,71.6,90.2,8.3,71.9,1.9,4.6,75.9,23.3,3.6,13.2,16.6,4.5,3.2,6.3,2.8,28.4,5.0,3.3,3.6,33.2,7.4,79.5,12.0,3.8,17.9,5.8,1.2,3.0,27.1,1.3,2.8,1.8,3.8875000000000006,40
11001005203,DC,District of Columbia,District of Columbia,11001,2979,2889,-77.0331441,38.9077655,4.6,10.0,30.5,17.0,59.5,3.9,8.8,2.0,70.1,88.3,9.7,69.6,2.0,5.9,76.2,23.4,3.8,14.6,19.0,6.8,5.1,7.4,2.6,26.5,6.9,3.9,4.8,35.6,9.0,76.8,13.3,4.0,18.7,6.2,1.3,4.1,27.8,1.3,5.0,2.2,4.2575,40
11001006400,DC,District of Columbia,District of Columbia,11001,2481,2042,-77.0114342,38.8688572,9.4,21.0,20.1,35.7,72.9,4.6,12.4,4.9,76.5,86.2,17.4,65.5,6.9,15.9,50.6,23.8,11.7,30.4,26.5,28.7,32.5,21.8,4.3,33.8,22.0,11.3,15.2,40.1,22.8,76.2,17.9,15.3,32.3,13.0,5.9,16.3,40.3,4.3,18.8,7.9,6.409999999999999,40
11001005004,DC,District of Columbia,District of Columbia,11001,3861,3532,-77.0283862,38.907252,10.2,14.9,25.8,25.3,67.8,4.4,9.7,3.7,71.3,86.0,13.9,66.6,4.2,10.9,63.3,23.1,7.7,23.0,22.9,16.8,15.2,15.2,3.9,31.7,13.5,7.0,9.2,37.4,16.3,75.0,15.0,9.0,24.3,9.9,3.2,8.1,32.8,2.6,14.4,4.8,5.529999999999999,40
11001005900,DC,District of Columbia,District of Columbia,11001,2617,2543,-77.0149475,38.8959944,4.7,9.8,29.3,17.0,60.9,3.5,9.5,2.0,70.4,86.2,11.0,74.4,2.1,5.6,75.8,24.5,3.9,16.1,19.5,8.2,6.3,8.0,2.5,24.9,7.4,4.6,5.8,38.4,9.4,78.2,14.4,4.3,18.2,6.3,1.5,4.4,27.5,1.3,11.4,2.5,4.5625,40
11001007406,DC,District of Columbia,District of Columbia,11001,3528,2133,-76.9895582,38.8555543,9.9,19.4,17.8,36.7,69.0,3.2,14.2,4.1,78.1,85.6,20.6,59.1,6.7,18.7,44.4,24.3,11.6,33.0,32.0,41.0,47.7,24.5,3.3,30.2,33.1,13.5,21.5,45.2,26.4,67.6,21.6,15.6,37.8,13.7,6.6,25.0,47.4,4.1,20.6,9.0,7.0875,40
11001007605,DC,District of Columbia,District of Columbia,11001,3663,2862,-76.9752566,38.8660433,8.1,24.5,16.8,42.9,77.9,5.3,12.4,5.7,81.0,90.0,15.5,67.4,6.8,15.2,53.4,19.5,14.2,30.8,30.9,28.3,30.5,21.8,4.4,36.7,22.8,10.4,14.2,41.3,24.1,77.5,16.5,17.1,34.1,13.0,5.9,15.9,43.7,5.2,18.4,7.5,6.2975,40
11001002101,DC,District of Columbia,District of Columbia,11001,5687,4375,-77.0241312,38.9559119,9.0,16.9,22.9,29.3,71.8,4.8,10.0,3.6,76.0,90.3,11.9,69.6,3.6,9.5,67.1,19.4,8.6,21.9,25.0,15.9,13.7,14.3,3.5,33.2,14.6,6.3,8.5,37.4,16.2,74.6,13.5,9.7,26.4,9.6,3.2,8.6,35.0,2.8,10.6,4.5,5.2,40
11001002201,DC,District of Columbia,District of Columbia,11001,3485,2755,-77.0232932,38.9491337,7.5,17.7,23.0,30.0,73.9,5.4,10.0,3.7,76.6,90.8,11.1,70.5,3.6,8.9,66.8,19.1,8.3,21.1,24.8,13.2,11.0,13.1,3.5,33.8,12.0,5.9,7.3,37.2,14.9,81.7,12.9,9.5,24.5,9.1,2.9,6.9,34.9,2.9,13.8,4.0,5.0649999999999995,40
11001001500,DC,District of Columbia,District of Columbia,11001,6156,4542,-77.0558797,38.9741576,3.8,23.6,21.5,30.7,78.7,11.7,9.0,4.9,80.6,94.3,7.9,69.7,4.1,6.1,82.7,19.7,7.2,19.2,16.6,5.3,4.0,9.6,5.6,41.4,4.7,4.5,3.4,30.1,11.0,75.2,9.7,8.9,18.8,8.6,2.2,2.9,24.2,2.9,2.8,2.8,4.4325,40
11001004001,DC,District of Columbia,District of Columbia,11001,3941,3596,-77.0462674,38.9208738,3.4,13.8,29.1,19.4,66.5,6.6,8.9,2.6,73.2,91.0,8.3,74.9,2.2,4.9,81.0,23.5,4.1,14.2,16.0,4.6,3.3,6.7,3.3,30.6,5.0,3.6,3.6,32.4,8.0,79.2,11.8,4.6,18.3,6.4,1.3,3.1,25.4,1.5,2.7,1.9,3.8175,40
11001007203,DC,District of Columbia,District of Columbia,11001,3748,3307,-76.9994857,38.8781777,4.5,10.4,31.1,17.6,57.8,3.7,9.4,1.8,70.4,88.0,10.3,70.3,2.1,6.8,77.5,23.6,3.7,15.1,19.9,7.9,6.6,7.8,2.3,25.7,8.0,4.3,5.4,36.3,9.3,79.2,13.9,4.3,20.3,6.4,1.5,4.9,28.9,1.3,5.5,2.2,4.3100000000000005,40
11001002400,DC,District of Columbia,District of Columbia,11001,4095,3488,-77.0224058,38.9417822,7.8,15.1,25.6,25.8,69.2,4.5,10.1,3.1,73.5,88.7,12.2,69.8,3.4,9.4,69.3,21.7,7.0,20.6,23.7,13.8,12.0,12.7,3.2,31.0,12.4,6.1,7.7,37.7,14.4,79.6,14.3,8.2,24.2,8.9,2.7,7.3,33.3,2.4,9.5,3.9,4.9575,40
11001002102,DC,District of Columbia,District of Columbia,11001,5099,3984,-77.0142356,38.9557854,7.0,18.5,21.9,31.4,74.5,5.4,10.4,3.8,77.8,91.4,11.0,70.4,3.6,8.7,64.0,19.1,8.8,21.6,24.6,13.8,12.2,13.1,3.5,33.7,13.1,6.1,7.8,37.1,15.2,75.4,13.2,10.0,26.1,9.2,3.1,8.0,36.8,3.1,14.1,4.2,5.025,40
11001009505,DC,District of Columbia,District of Columbia,11001,3796,3118,-77.0051999,38.9618925,6.6,21.0,19.7,35.4,77.6,6.0,10.7,4.5,79.9,92.1,11.1,74.0,4.1,8.8,69.2,18.1,10.1,23.5,26.0,14.4,12.8,14.2,3.9,35.5,13.5,6.6,8.0,37.8,16.5,80.4,13.0,11.7,26.7,9.7,3.5,8.2,36.2,3.7,9.2,4.6,5.045,40
11001006500,DC,District of Columbia,District of Columbia,11001,2609,2258,-77.0033314,38.883848,3.8,16.4,27.2,23.1,69.3,7.2,9.3,3.4,74.1,90.1,9.6,71.3,3.2,6.6,74.7,24.2,5.4,17.1,16.5,6.4,5.6,8.7,4.1,33.0,6.1,4.5,4.6,32.5,10.0,74.2,12.7,6.2,20.2,7.7,1.8,4.1,27.9,1.9,7.3,2.5,4.355,40
11001000802,DC,District of Columbia,District of Columbia,11001,3327,2669,-77.0896118,38.9126765,4.3,17.2,25.1,23.9,71.4,7.6,9.1,3.5,75.5,91.1,9.1,70.5,3.3,6.5,77.7,21.8,5.8,17.2,18.2,6.7,5.2,9.0,4.2,34.9,6.2,4.4,4.5,33.1,10.6,77.5,11.8,6.7,19.1,7.8,1.9,3.8,26.6,2.0,4.0,2.6,4.327499999999999,40
11001005802,DC,District of Columbia,District of Columbia,11001,2145,2058,-77.0265766,38.8979674,3.6,14.7,27.0,22.5,67.5,6.0,9.0,2.8,74.3,91.2,8.6,69.1,2.6,6.0,77.6,22.0,5.3,15.3,18.0,6.3,5.0,8.1,3.3,32.1,6.6,4.0,4.5,32.4,9.4,77.4,11.9,5.5,20.6,7.1,1.7,4.4,28.7,1.8,3.4,2.4,3.8925000000000005,40
11001009509,DC,District of Columbia,District of Columbia,11001,3194,2643,-76.9950319,38.949214,5.5,20.3,20.1,34.0,77.8,6.1,10.4,4.0,80.2,92.6,9.9,75.9,3.6,7.6,70.0,17.8,9.2,21.2,24.7,11.9,10.3,12.3,3.5,34.9,11.5,5.8,6.8,37.1,14.7,82.6,12.3,10.4,25.4,8.8,2.9,7.0,36.7,3.4,6.2,3.9,4.7875,40
11001007601,DC,District of Columbia,District of Columbia,11001,4693,3704,-76.9798185,38.8716327,9.5,24.2,17.1,41.9,76.9,5.3,12.7,6.0,79.9,89.1,16.7,67.1,7.5,16.1,53.1,20.6,14.1,32.2,30.5,30.2,32.8,23.6,4.7,36.6,23.9,11.4,15.4,41.4,24.7,71.0,16.9,18.0,33.8,13.7,6.6,16.8,42.1,5.3,25.0,8.3,6.955,40
11001003902,DC,District of Columbia,District of Columbia,11001,2022,1849,-77.0452397,38.9257717,4.5,14.1,28.8,20.4,66.1,6.1,9.1,2.6,72.9,90.5,9.2,71.5,2.6,6.4,78.9,23.3,4.6,15.4,18.0,6.4,5.0,7.9,3.2,31.0,6.5,4.0,4.3,33.4,9.5,79.7,12.5,5.2,19.6,7.0,1.5,3.9,27.3,1.6,3.9,2.2,4.355,40
11001007503,DC,District of Columbia,District of Columbia,11001,2528,1808,-76.98709,38.8640724,8.9,20.7,18.7,37.3,72.8,4.4,12.7,4.7,78.5,88.2,16.8,59.7,6.2,15.7,47.9,21.5,11.6,29.7,30.7,29.8,32.6,21.0,3.9,33.0,24.7,10.6,15.4,42.4,22.9,73.0,18.0,14.7,33.7,12.5,5.4,17.3,45.2,4.3,22.7,7.2,6.445,40
11001004902,DC,District of Columbia,District of Columbia,11001,3449,3022,-77.0243932,38.9058867,4.5,10.5,29.6,18.1,59.4,3.7,9.2,1.8,71.4,89.3,9.4,66.6,1.9,5.7,75.8,22.9,4.1,14.3,18.8,7.4,5.9,7.7,2.3,26.8,7.8,4.0,5.2,34.8,9.1,79.8,12.9,4.2,20.8,6.3,1.5,4.9,29.3,1.3,3.4,2.3,4.0975,40
11001009204,DC,District of Columbia,District of Columbia,11001,2889,2225,-76.9987071,38.9234161,13.9,22.8,18.6,38.6,75.8,5.1,11.7,6.3,77.0,87.0,17.6,66.6,7.5,16.0,52.4,21.8,13.9,33.2,28.1,31.6,33.9,24.7,5.3,36.2,24.1,11.6,16.0,40.2,26.1,73.6,17.0,17.7,33.1,14.1,6.5,16.7,40.1,5.2,22.5,9.1,6.29,40
11001003000,DC,District of Columbia,District of Columbia,11001,3561,3032,-77.0299525,38.9288689,8.8,14.1,26.0,24.3,64.5,3.9,10.5,3.1,71.4,85.1,14.8,66.3,4.0,11.2,65.3,24.2,6.7,23.4,24.0,17.8,17.0,14.6,3.5,28.9,14.8,7.6,10.1,39.5,16.3,74.2,16.6,8.6,25.1,9.6,3.1,9.3,33.8,2.4,12.1,4.7,5.1425,40
11001007304,DC,District of Columbia,District of Columbia,11001,4410,3210,-76.9855591,38.8417979,10.0,23.1,16.9,41.1,75.5,4.8,12.9,5.8,79.5,87.9,18.0,62.2,7.3,17.1,47.7,20.9,13.7,33.4,32.6,34.1,37.5,24.2,4.5,34.8,26.8,12.1,17.1,43.8,26.5,71.0,18.4,17.9,34.6,13.7,6.4,18.6,43.8,5.3,30.8,8.6,6.842499999999999,40
11001003500,DC,District of Columbia,District of Columbia,11001,4801,4489,-77.024341,38.9223765,5.5,8.5,28.9,16.0,55.8,2.6,10.3,1.6,70.4,84.9,13.0,67.6,2.0,6.3,74.3,24.3,3.6,17.7,23.3,10.8,8.0,8.7,2.1,22.3,9.9,5.4,7.5,42.4,10.2,79.4,16.4,4.3,19.0,6.6,1.5,5.6,30.1,1.3,10.9,2.7,4.665,40
11001003301,DC,District of Columbia,District of Columbia,11001,3824,3325,-77.0114293,38.9204778,3.9,12.0,29.1,20.8,64.9,4.3,9.3,2.1,73.0,90.3,8.8,69.3,2.0,5.6,74.8,21.6,4.7,14.4,19.4,6.7,5.3,7.5,2.4,28.1,7.2,3.9,4.8,34.6,8.8,82.5,12.3,4.7,20.8,6.3,1.5,4.5,30.8,1.6,3.3,2.2,4.0775,40
11001004901,DC,District of Columbia,District of Columbia,11001,3380,2925,-77.0244761,38.9113296,6.5,13.6,27.8,23.1,64.6,4.2,10.0,2.8,71.5,86.9,12.4,71.1,3.3,9.1,71.5,24.0,5.9,20.0,21.0,12.7,12.0,11.6,3.3,28.9,11.3,6.0,7.7,36.6,13.0,75.4,15.0,7.1,23.8,8.4,2.4,7.3,30.7,2.1,6.7,3.6,5.17,40
11001009803,DC,District of Columbia,District of Columbia,11001,2968,2233,-77.0043421,38.8356929,11.1,24.9,16.5,43.9,76.2,4.8,13.4,6.6,79.4,87.2,19.6,67.0,8.9,20.0,52.6,21.6,15.8,36.2,33.2,38.7,43.6,27.6,4.9,36.6,29.6,13.6,19.5,43.6,28.8,72.3,19.2,20.4,37.0,15.5,7.9,21.6,44.4,5.9,32.6,10.1,7.13,40
11001010400,DC,District of Columbia,District of Columbia,11001,4616,3616,-77.0009082,38.8512668,8.3,23.1,17.9,42.9,76.5,5.0,12.0,5.9,80.2,89.7,15.5,69.2,6.7,15.9,51.8,19.2,14.2,30.2,31.0,28.7,31.1,21.9,4.4,36.3,23.6,10.1,14.7,40.5,23.3,76.1,16.4,16.4,35.0,12.9,6.1,16.9,44.4,5.0,21.9,7.5,6.555,40
11001010800,DC,District of Columbia,District of Columbia,11001,6879,6779,-77.044612,38.8973521,7.8,5.0,27.3,11.0,27.4,1.1,11.9,1.0,66.4,71.4,23.3,56.2,2.5,8.4,60.5,32.3,1.9,27.8,24.8,22.5,19.3,13.2,2.4,16.5,14.2,11.0,15.3,49.5,14.9,65.3,24.7,3.9,17.9,8.6,1.8,8.8,32.8,0.8,14.8,4.8,5.592499999999999,40
11001009804,DC,District of Columbia,District of Columbia,11001,2517,1872,-76.997258,38.8420148,9.9,23.8,16.7,42.0,76.3,4.8,12.8,5.8,79.9,88.5,17.4,61.7,7.4,17.0,50.8,20.6,14.2,32.9,31.6,33.6,37.3,24.2,4.4,35.6,26.3,11.9,16.7,42.5,26.4,73.6,17.8,18.1,35.2,13.9,6.6,18.7,43.8,5.3,26.6,8.7,6.927499999999999,40
11001011100,DC,District of Columbia,District of Columbia,11001,5903,4361,-76.9681631,38.9158612,9.0,23.9,17.8,40.4,77.9,5.9,11.7,5.9,79.8,90.0,14.8,67.8,6.6,13.8,59.5,19.7,13.2,30.1,28.5,24.4,25.3,20.9,4.9,37.1,19.4,9.8,12.4,39.7,22.7,77.6,15.4,16.5,31.0,12.7,5.5,13.0,38.9,5.0,18.8,7.2,5.8,40
11001010603,DC,District of Columbia,District of Columbia,11001,3068,2990,-77.0063567,38.9011144,3.9,7.2,32.9,13.8,52.4,2.7,8.9,1.2,68.8,87.8,9.2,74.9,1.3,4.4,78.9,23.4,2.7,12.5,18.9,5.6,3.9,5.9,1.8,22.4,6.2,3.4,4.4,37.1,7.1,78.8,13.1,2.7,17.6,5.0,1.0,3.6,27.4,0.9,3.3,1.7,3.8800000000000003,40
11001010300,DC,District of Columbia,District of Columbia,11001,3604,2818,-77.0271875,38.9761556,9.2,20.6,20.5,34.4,75.7,5.7,10.6,4.7,77.7,90.5,12.8,70.2,4.9,11.3,63.4,19.5,10.5,25.2,26.2,18.4,17.0,16.8,4.2,35.9,15.8,7.5,9.5,37.8,18.9,74.7,14.0,12.5,27.9,11.0,4.0,9.7,37.0,3.7,15.8,5.4,5.457499999999999,40
11001011002,DC,District of Columbia,District of Columbia,11001,1859,1791,-77.0182455,38.8681789,3.8,23.5,21.4,31.9,78.9,10.4,9.4,4.8,80.1,93.9,8.2,76.4,4.1,6.4,77.3,20.5,8.0,19.4,17.2,6.2,5.2,10.0,5.1,40.3,5.9,4.7,4.1,30.6,11.6,79.4,10.5,9.1,21.1,8.7,2.3,3.9,28.2,3.0,5.7,3.0,4.2425,40
11001009905,DC,District of Columbia,District of Columbia,11001,2790,2066,-76.9250522,38.8843295,8.2,23.0,17.5,40.5,75.8,4.9,12.7,5.2,80.2,89.4,15.9,72.0,6.5,14.9,57.9,20.6,13.2,30.1,30.0,28.9,31.7,21.4,4.0,35.1,23.9,10.5,15.0,41.3,23.0,77.5,17.1,16.2,34.5,12.8,5.9,17.1,42.0,4.8,16.3,7.5,6.4799999999999995,40
11001009810,DC,District of Columbia,District of Columbia,11001,2461,1749,-77.0037886,38.826037,10.1,22.6,17.2,41.3,73.8,4.0,13.5,5.3,78.9,86.9,19.5,61.8,7.7,19.5,48.0,22.2,14.1,34.1,33.2,39.0,44.5,25.6,4.0,34.0,30.7,13.0,19.5,44.2,27.8,73.0,20.1,17.9,37.6,14.4,7.0,22.4,45.8,5.1,23.4,9.2,6.6975,40
11001010602,DC,District of Columbia,District of Columbia,11001,6594,5900,-76.9994636,38.9033936,4.7,9.8,30.4,17.3,57.8,3.3,9.6,1.7,70.3,87.5,10.8,66.3,2.0,6.6,70.9,24.2,3.7,15.5,20.1,8.4,7.0,8.1,2.2,24.9,8.3,4.5,5.7,37.2,9.5,78.0,14.3,4.3,20.2,6.4,1.5,5.1,31.6,1.3,8.2,2.4,4.55,40
11001009807,DC,District of Columbia,District of Columbia,11001,3523,2717,-77.0117577,38.8292038,8.8,23.3,17.5,41.3,76.7,5.1,12.3,5.6,80.1,89.6,15.8,71.7,6.5,14.9,58.8,19.6,13.3,30.6,32.0,27.9,29.1,21.4,4.3,35.8,23.0,10.2,14.1,42.4,23.6,76.0,16.7,16.4,33.2,12.7,5.6,15.3,41.7,5.0,13.9,7.3,6.217499999999999,40
11001010100,DC,District of Columbia,District of Columbia,11001,2699,2625,-77.0318472,38.9026971,4.2,12.4,27.7,20.0,66.0,5.1,8.7,2.5,72.6,89.4,8.9,71.7,2.2,5.2,77.9,21.3,4.6,15.4,18.9,6.4,4.7,7.6,3.2,29.0,6.3,4.0,4.6,34.9,9.3,79.4,12.0,5.0,18.4,6.4,1.5,3.9,27.4,1.6,3.4,2.3,3.8999999999999995,40
11001980000,DC,District of Columbia,District of Columbia,11001,176,167,-77.0363219,38.8809933,2.9,20.4,20.1,33.6,77.7,6.8,10.6,3.2,82.5,95.3,7.8,77.3,3.0,6.3,79.2,18.0,8.4,16.5,21.4,8.0,6.9,9.7,2.8,37.4,8.9,4.4,5.0,32.9,11.0,83.7,10.8,8.2,25.6,8.0,2.5,5.8,33.2,2.7,4.9,2.9,4.5875,40
11001009904,DC,District of Columbia,District of Columbia,11001,2886,2076,-76.9311353,38.8851712,9.9,21.0,17.9,38.9,73.2,4.0,13.0,4.9,78.7,87.4,18.0,61.8,6.7,17.1,54.2,21.8,12.9,31.4,30.5,34.6,39.0,23.4,3.8,33.2,27.7,11.7,17.8,42.4,25.0,72.5,18.7,16.1,35.9,13.3,6.4,20.4,43.0,4.5,29.9,8.4,6.915000000000001,40
11001010700,DC,District of Columbia,District of Columbia,11001,2296,2210,-77.0419809,38.9039988,4.0,8.6,29.6,14.1,55.6,3.6,8.9,1.8,69.8,86.2,10.1,76.3,1.7,4.4,78.0,24.0,2.9,14.6,18.5,6.4,4.3,6.6,2.5,23.8,5.9,4.0,5.0,38.0,8.1,76.1,13.7,3.3,15.9,5.6,1.1,3.5,26.0,1.0,6.2,2.0,3.7425000000000006,40
11001009902,DC,District of Columbia,District of Columbia,11001,2774,2242,-76.9445542,38.8717861,6.3,25.1,16.9,42.5,79.8,6.3,11.9,5.7,82.5,92.4,12.7,73.4,5.6,11.3,63.3,18.1,13.1,27.9,29.0,19.9,19.7,18.0,4.4,37.5,17.7,8.5,10.6,39.5,20.0,80.2,14.3,15.6,31.1,11.6,4.9,11.7,40.8,4.9,14.0,6.0,5.5375,40
11001010201,DC,District of Columbia,District of Columbia,11001,3341,3192,-77.0184625,38.8779576,4.4,10.7,30.1,17.9,59.9,3.9,9.5,1.8,71.2,88.9,9.8,71.7,2.0,5.8,76.7,23.2,3.8,14.9,19.9,7.4,5.9,7.5,2.4,25.9,7.9,4.1,5.3,36.5,8.9,81.1,13.5,4.3,20.0,6.3,1.4,4.8,29.5,1.3,5.7,2.2,4.205,40
11001011001,DC,District of Columbia,District of Columbia,11001,2423,2203,-77.0157419,38.8741656,5.5,19.6,22.4,30.3,74.7,6.6,10.2,4.2,77.1,90.6,11.0,74.8,4.2,8.8,73.9,21.5,8.4,21.6,21.4,12.0,11.3,12.7,4.3,35.0,10.5,6.2,7.0,35.2,14.4,79.0,13.2,9.9,24.2,9.4,3.0,6.9,31.0,3.0,7.0,4.1,4.86,40
11001009907,DC,District of Columbia,District of Columbia,11001,2259,1701,-76.9388146,38.8827718,11.3,24.7,16.2,43.1,76.3,4.7,13.7,6.0,79.6,87.9,19.6,66.0,8.5,19.8,54.3,21.4,14.9,35.7,34.6,38.3,41.9,27.5,4.5,36.2,29.8,13.5,18.7,44.9,29.0,70.7,19.2,20.3,36.2,15.4,7.7,20.5,43.9,5.7,17.0,9.7,7.084999999999999,40
11001009901,DC,District of Columbia,District of Columbia,11001,2364,1967,-76.9553332,38.8753461,4.5,24.5,17.0,41.2,81.7,7.4,10.6,5.3,83.7,94.2,9.3,75.3,4.2,7.5,73.9,16.1,11.6,23.4,24.7,11.9,10.7,13.5,4.3,38.7,11.1,6.2,6.9,35.8,15.6,82.1,11.2,12.7,26.7,9.5,3.5,7.2,34.4,4.3,9.1,4.5,4.73,40
11001010900,DC,District of Columbia,District of Columbia,11001,3333,2403,-77.0238475,38.8132364,12.8,21.2,17.5,40.1,70.3,3.4,14.0,5.6,76.9,81.9,24.0,61.5,9.0,22.8,44.1,23.8,14.2,39.0,34.9,48.3,55.1,30.3,4.3,32.5,35.8,16.3,25.4,46.8,31.4,73.7,22.7,19.5,38.4,16.0,8.5,27.3,46.1,5.3,33.6,11.7,7.0875,40
11001010202,DC,District of Columbia,District of Columbia,11001,2631,2454,-77.024577,38.8843563,5.2,16.1,25.7,25.1,69.5,5.8,9.9,3.4,74.2,89.4,10.9,69.4,3.5,8.0,72.1,23.1,6.5,19.2,20.0,10.1,9.1,10.7,3.8,32.1,9.3,5.4,6.4,35.0,12.1,76.7,13.7,7.4,22.6,8.4,2.3,6.1,30.7,2.3,7.0,3.3,4.595,40
11001009906,DC,District of Columbia,District of Columbia,11001,1773,1407,-76.9359151,38.8879464,8.0,23.0,17.7,39.4,77.1,5.5,12.1,5.1,80.5,90.4,14.5,69.0,5.8,12.8,58.1,19.5,12.3,28.8,29.8,24.0,24.7,19.2,4.1,35.3,20.3,9.4,12.4,41.2,21.7,78.5,15.9,15.3,31.5,11.9,5.0,13.4,41.4,4.6,13.4,6.5,6.01,40
11001009811,DC,District of Columbia,District of Columbia,11001,4438,2988,-76.9984594,38.826651,11.8,22.6,16.8,40.7,72.5,4.0,14.2,5.5,78.3,85.6,21.7,62.9,8.5,21.0,48.6,23.4,13.9,36.8,34.6,43.1,49.1,28.1,4.3,33.4,33.7,14.9,22.0,46.1,29.6,70.8,21.4,19.4,37.7,15.4,7.8,24.5,44.8,5.3,26.0,10.3,7.157500000000001,40
11001010500,DC,District of Columbia,District of Columbia,11001,3712,3297,-77.0133789,38.8818529,6.2,16.7,23.8,27.9,70.0,4.9,10.5,3.5,75.0,88.9,12.3,68.6,4.0,10.1,66.6,22.7,7.8,21.3,22.5,14.8,14.5,13.4,3.5,32.2,12.8,6.6,8.5,36.5,14.7,79.5,14.6,9.0,25.6,9.4,3.1,8.6,34.2,2.7,11.0,4.2,5.205,40
11001010601,DC,District of Columbia,District of Columbia,11001,2130,2023,-77.0063018,38.907653,5.0,7.5,31.9,14.4,48.1,2.4,9.5,1.3,68.2,85.9,11.3,68.5,1.7,6.2,73.2,24.6,2.8,15.2,20.8,8.9,7.1,7.6,2.0,22.0,8.9,4.5,6.3,38.8,9.0,79.8,14.9,3.3,19.6,6.0,1.3,5.4,30.4,1.0,6.7,2.3,4.565,40
11001009903,DC,District of Columbia,District of Columbia,11001,2004,1522,-76.9212121,38.888318,6.7,20.2,18.8,35.9,75.0,4.9,11.9,4.1,80.1,90.9,13.3,70.6,4.5,11.2,65.6,18.8,10.1,25.2,30.2,20.1,19.2,16.2,3.4,33.2,18.2,8.0,10.6,41.8,18.6,78.7,15.3,12.4,29.6,10.4,3.9,11.3,39.9,3.8,12.2,5.2,5.907500000000001,40
24031700318,MD,Maryland,Montgomery,24031,3290,2277,-77.2631573,39.2650337,6.7,16.8,13.6,27.8,71.8,5.3,8.9,3.5,76.2,91.2,9.0,62.3,3.2,6.9,71.4,16.3,8.9,18.0,23.7,10.8,6.5,12.8,3.6,38.4,9.8,4.5,5.4,33.3,17.2,81.1,11.8,7.1,24.2,8.9,2.1,5.5,34.9,2.1,4.3,3.1,3.2099999999999995,40
24031700613,MD,Maryland,Montgomery,24031,6636,5132,-77.2979604,39.1409496,6.7,18.2,13.2,29.2,74.5,5.9,8.9,4.2,76.9,91.1,9.1,66.6,3.6,6.6,72.2,16.2,9.9,19.0,23.3,10.5,6.1,13.4,4.1,40.8,9.0,4.7,5.3,33.3,17.3,81.4,11.5,7.9,22.9,9.3,2.3,4.8,33.4,2.3,6.8,3.3,3.35,40
24031700838,MD,Maryland,Montgomery,24031,4720,4133,-77.2024124,39.1034094,7.0,14.5,16.8,23.3,65.7,4.7,9.7,2.9,72.9,88.7,10.4,67.5,2.9,6.5,70.6,19.7,6.5,18.2,22.7,10.6,6.7,11.6,3.3,32.8,10.5,4.8,5.9,35.2,15.0,80.0,14.0,5.9,24.9,8.4,1.9,5.9,34.2,1.7,4.2,2.8,3.1149999999999998,40
24031701219,MD,Maryland,Montgomery,24031,3879,3034,-77.1095765,39.0593842,13.6,13.5,15.4,24.8,62.6,3.3,9.6,3.2,70.4,84.6,14.0,58.1,3.7,9.8,57.3,19.4,8.4,23.5,26.3,20.8,14.8,18.0,3.6,32.8,17.4,6.8,10.0,37.6,22.3,75.9,15.8,7.9,28.4,10.6,2.9,9.8,38.3,2.0,11.5,4.8,3.6774999999999998,40
24031701303,MD,Maryland,Montgomery,24031,3789,2904,-77.0989671,39.107439,4.6,24.4,13.5,33.0,79.4,10.6,8.8,5.7,80.1,93.7,7.6,74.7,4.1,5.1,77.2,17.5,9.5,19.9,17.4,5.6,3.3,11.4,6.0,44.6,5.3,4.2,3.4,28.7,14.5,82.1,10.2,8.5,22.5,9.4,2.1,3.1,28.3,2.8,3.5,2.8,3.1799999999999997,40
24031701307,MD,Maryland,Montgomery,24031,4598,3486,-77.1120004,39.1611045,4.9,19.6,13.9,29.9,75.7,7.2,8.8,4.3,78.1,92.3,7.9,69.3,3.4,5.5,72.3,16.8,9.3,17.6,19.8,7.4,4.4,11.4,4.3,41.4,6.9,4.1,4.2,30.5,14.7,80.6,10.8,7.2,23.1,8.7,2.0,4.1,32.4,2.3,6.4,2.8,2.8724999999999996,40
24031701424,MD,Maryland,Montgomery,24031,3464,2771,-76.9538478,39.0651575,11.7,23.4,11.3,37.5,78.6,6.9,9.6,6.5,78.5,90.4,11.7,69.3,5.5,8.8,63.4,15.9,13.8,27.2,26.3,17.5,11.9,19.9,6.1,42.9,14.2,7.0,8.1,35.4,24.9,81.0,12.9,13.0,28.4,12.3,3.7,7.9,36.2,3.8,9.1,5.4,3.7175,40
24031701508,MD,Maryland,Montgomery,24031,4142,3028,-76.9770714,39.0453954,11.1,20.3,12.1,37.6,71.9,3.9,12.2,4.6,77.6,87.8,15.3,62.6,5.5,12.4,53.0,19.0,13.3,28.3,29.1,29.0,26.4,23.1,3.7,35.5,25.3,9.3,14.1,38.6,26.4,79.5,17.4,13.0,38.5,12.9,5.0,17.5,45.4,3.6,11.1,6.7,4.8325000000000005,40
24033800105,MD,Maryland,Prince George's,24033,4238,3202,-76.8746806,39.1059782,10.2,22.1,13.6,34.5,73.2,5.5,11.1,4.1,77.2,90.5,11.0,67.6,4.3,8.9,62.7,15.4,11.9,22.7,24.9,16.8,11.1,16.5,3.8,34.7,16.5,6.1,8.2,34.6,22.2,81.9,13.6,10.8,39.6,10.9,3.2,9.7,42.8,2.8,10.1,4.2,3.7150000000000007,40
24033800403,MD,Maryland,Prince George's,24033,3952,3050,-76.7514702,38.9981639,6.7,25.3,13.5,36.0,77.0,8.1,10.7,5.0,79.1,92.1,9.3,72.7,4.4,7.2,69.5,15.4,11.5,21.8,21.3,11.0,6.8,14.0,4.8,37.6,10.9,5.4,5.9,31.8,19.0,82.0,12.0,10.7,35.6,10.3,2.8,6.5,37.6,3.0,7.2,3.5,3.5875,40
24033800409,MD,Maryland,Prince George's,24033,6678,5320,-76.7772461,38.9840406,6.8,24.8,12.8,37.2,77.3,7.1,11.0,4.6,80.0,92.3,9.3,73.7,4.2,7.3,67.1,14.5,12.2,21.4,23.1,12.3,7.6,14.3,4.1,37.2,12.3,5.3,6.4,33.0,19.7,82.3,12.1,10.7,37.4,10.2,2.9,7.3,40.4,3.0,6.0,3.6,3.2775000000000007,40
24033800504,MD,Maryland,Prince George's,24033,4720,3794,-76.7177355,38.9689221,8.1,27.3,13.9,36.1,76.9,8.9,10.8,5.6,78.1,91.3,10.6,71.9,5.5,8.8,66.2,16.8,11.7,24.5,21.7,11.9,7.4,15.7,5.7,39.0,11.1,6.1,6.1,32.5,21.2,80.4,13.0,12.1,35.5,11.7,3.1,6.4,37.5,3.2,7.4,3.9,3.6925,40
24033800515,MD,Maryland,Prince George's,24033,4336,3452,-76.7452951,38.9456938,8.8,25.4,12.3,38.6,76.2,6.3,11.9,4.9,79.1,90.8,11.5,72.3,5.2,9.7,64.9,15.6,13.3,25.1,25.3,18.2,13.2,17.9,4.3,35.9,16.8,7.0,8.8,35.3,23.9,83.5,14.0,13.0,40.7,11.6,3.7,10.4,42.0,3.5,10.2,4.7,4.172499999999999,40
24033800521,MD,Maryland,Prince George's,24033,7885,6356,-76.7802285,38.889193,6.6,29.8,9.9,46.5,82.2,7.3,11.9,5.9,84.2,93.9,9.3,75.0,4.9,7.3,68.7,12.7,16.3,25.3,25.4,14.8,10.0,17.1,4.3,39.0,14.4,6.4,7.4,34.2,23.0,83.9,11.8,14.7,41.4,11.0,3.8,8.9,41.8,4.4,14.0,4.6,4.18,40
24033800705,MD,Maryland,Prince George's,24033,4236,3349,-76.7865355,38.761088,6.9,26.2,11.5,42.0,78.6,6.1,12.0,4.8,81.7,92.5,10.2,73.3,4.6,8.5,64.3,13.9,14.4,23.6,26.2,16.3,11.1,16.7,3.7,36.6,16.0,6.3,8.0,35.1,22.5,84.7,13.1,12.7,42.1,10.9,3.6,9.8,44.0,3.6,12.6,4.4,4.2325,40
24033800900,MD,Maryland,Prince George's,24033,1626,1324,-76.7242704,38.6048461,8.6,29.7,12.9,41.4,78.8,8.5,11.5,6.6,79.1,90.9,11.9,72.3,6.7,10.7,63.6,16.6,14.5,27.7,23.9,15.8,10.9,18.9,6.0,39.9,14.1,7.3,7.8,33.8,24.7,77.7,14.0,14.8,39.7,13.2,4.0,8.5,40.4,4.0,10.6,4.9,3.7275,40
24033801106,MD,Maryland,Prince George's,24033,1674,1123,-76.8691578,38.8098033,8.3,14.1,19.6,23.5,58.4,3.4,10.9,2.3,70.4,86.4,12.0,63.4,2.9,8.6,66.4,19.0,6.6,19.2,23.4,13.5,8.5,12.4,2.7,26.6,14.4,5.3,7.7,35.9,16.9,80.5,16.0,6.1,36.6,8.9,2.1,8.5,40.6,1.5,4.5,3.0,3.6175000000000006,40
24033801307,MD,Maryland,Prince George's,24033,3755,3143,-77.0086623,38.7318678,7.7,29.5,10.1,45.3,82.7,7.8,10.8,6.4,83.1,93.5,8.9,77.8,5.0,7.1,66.1,12.3,16.6,24.9,24.3,13.7,8.7,17.0,4.9,41.0,12.5,5.9,6.7,32.8,23.0,85.0,10.9,14.3,38.4,11.1,3.6,7.4,40.6,4.3,5.0,4.6,3.9324999999999997,40
24033801600,MD,Maryland,Prince George's,24033,3054,2262,-76.9964504,38.8203631,16.6,25.0,11.6,42.2,72.6,4.2,13.4,5.9,76.9,85.7,17.6,65.6,7.3,15.5,49.6,17.1,16.7,34.5,31.4,37.7,32.8,27.9,4.6,33.2,31.6,11.5,17.6,40.7,34.9,81.1,18.9,18.0,49.8,15.1,6.2,21.3,49.7,4.6,18.0,8.5,4.985,40
24033801904,MD,Maryland,Prince George's,24033,3547,2738,-76.9058078,38.8128814,12.5,24.3,12.2,39.4,75.4,5.1,12.3,5.0,78.2,89.5,13.2,68.7,5.3,10.9,58.2,15.1,14.3,27.5,29.7,23.3,16.3,20.6,4.0,34.7,21.5,7.8,10.8,38.6,27.2,82.4,15.4,14.0,43.3,12.4,4.2,12.3,45.7,3.7,10.9,5.4,4.1,40
24033802301,MD,Maryland,Prince George's,24033,3688,2972,-76.8906411,38.8571492,12.0,29.0,10.5,46.3,79.2,5.9,12.5,6.7,80.7,89.9,13.5,69.0,7.0,12.0,54.6,14.6,18.5,31.1,28.0,26.8,21.7,24.3,4.9,38.0,22.3,9.3,12.4,36.7,30.3,81.5,14.8,18.2,46.1,13.9,5.6,14.6,46.9,5.0,14.8,7.1,4.867500000000001,40
24033803521,MD,Maryland,Prince George's,24033,7592,5895,-76.8374179,38.9245604,6.2,25.6,11.1,40.3,78.9,7.1,11.4,4.8,82.5,93.3,8.8,74.2,4.0,6.5,69.0,12.9,12.9,22.1,24.4,13.0,8.3,14.5,4.1,36.2,13.4,5.5,6.7,34.0,19.9,85.2,11.6,11.5,38.6,9.7,3.0,8.1,41.5,3.3,7.5,3.8,3.38,40
24033803524,MD,Maryland,Prince George's,24033,4691,3561,-76.8775964,38.9008183,10.1,22.6,12.4,38.4,73.0,4.2,13.1,4.1,78.6,89.4,13.4,68.3,4.8,10.9,54.1,15.6,13.3,26.1,30.3,24.1,17.7,19.5,3.1,32.1,23.2,7.9,11.6,39.6,25.7,84.3,16.4,12.9,45.0,11.7,4.1,14.1,49.9,3.4,9.7,5.1,4.5975,40
24033803605,MD,Maryland,Prince George's,24033,7464,5627,-76.8834453,38.9692863,20.8,22.6,13.3,36.0,73.0,4.8,10.9,5.3,74.0,86.4,15.0,62.5,5.7,11.6,55.4,15.3,14.8,30.2,28.3,27.5,18.4,24.4,4.9,35.5,23.3,8.5,12.3,37.7,31.0,81.4,15.2,15.0,42.2,13.9,4.8,12.8,42.5,3.6,13.7,6.8,4.429999999999999,40
24033804101,MD,Maryland,Prince George's,24033,3282,2435,-76.9061209,38.9268545,12.6,25.3,12.3,40.7,75.0,5.2,12.0,5.6,77.6,88.8,13.7,68.6,6.3,12.7,59.4,16.3,15.7,28.6,26.4,25.7,20.8,22.8,4.5,35.9,22.2,8.6,12.0,35.7,28.5,83.4,15.5,15.2,45.3,13.4,5.0,14.6,44.2,4.0,9.3,6.4,4.585,40
24033807410,MD,Maryland,Prince George's,24033,5966,4846,-76.9464217,39.0450064,14.4,33.6,9.3,44.6,82.8,12.4,10.0,9.4,82.1,92.1,11.0,69.5,7.3,7.1,61.9,13.1,15.6,33.8,21.9,15.9,10.6,21.0,10.2,42.2,13.2,8.6,7.6,32.7,28.8,80.5,11.0,19.1,34.4,13.6,4.4,7.7,35.6,5.2,24.6,6.4,5.07,40
24017850905,MD,Maryland,Charles,24017,4312,3258,-76.885086,38.6020694,6.8,22.2,14.4,37.7,74.3,5.4,10.9,3.8,80.4,90.4,11.5,66.5,4.3,10.4,62.9,17.5,11.3,22.6,27.3,15.2,11.1,15.1,3.6,33.6,15.0,6.1,8.1,35.8,20.5,82.0,16.1,9.9,41.8,10.5,3.0,9.7,41.6,2.7,8.8,3.8,4.272499999999999,40
24017850712,MD,Maryland,Charles,24017,6117,4692,-77.0367885,38.5984332,7.5,27.0,12.9,43.3,77.7,6.5,11.3,5.5,81.3,89.9,13.3,68.2,6.4,13.3,63.6,18.4,14.7,27.8,27.5,19.0,15.5,19.5,5.1,37.2,16.7,8.0,9.7,35.6,25.2,80.6,17.0,13.8,43.9,13.0,4.2,11.6,40.4,3.7,9.7,5.3,4.2825,40
24021751905,MD,Maryland,Frederick,24021,3755,2559,-77.3038764,39.4073122,4.9,18.7,18.4,25.5,68.1,6.2,9.3,3.0,76.5,90.2,9.3,66.1,3.0,7.1,72.0,21.4,6.8,16.2,21.1,6.8,4.5,9.8,3.4,33.6,7.7,4.1,4.4,31.0,14.1,77.2,14.7,5.5,31.8,7.9,1.7,4.9,35.4,1.6,3.2,2.2,3.3200000000000003,40
24021751903,MD,Maryland,Frederick,24021,6485,5105,-77.2391448,39.3607925,5.5,27.3,16.1,34.0,77.4,9.8,9.6,5.5,79.4,90.9,10.3,72.3,5.2,8.5,73.4,21.5,10.0,21.7,20.9,7.3,5.0,12.9,5.8,40.7,7.3,5.2,4.6,30.6,17.5,77.7,14.7,9.2,33.2,10.4,2.5,4.7,33.1,2.7,6.8,2.9,3.5424999999999995,40
24021751702,MD,Maryland,Frederick,24021,3782,3016,-77.2091951,39.4723055,6.5,28.6,15.8,35.5,77.6,10.1,9.8,6.2,78.9,90.0,11.4,70.5,6.1,9.9,65.7,21.9,10.6,24.0,21.7,8.7,6.3,14.7,6.4,41.3,8.1,5.9,5.2,31.3,19.6,74.9,15.4,10.3,34.2,11.2,2.8,5.2,35.2,3.0,9.0,3.4,3.467499999999999,40
24021751003,MD,Maryland,Frederick,24021,5920,4583,-77.396194,39.3871801,10.9,24.4,14.3,35.0,73.9,7.0,10.0,5.6,77.6,87.1,13.6,60.8,5.8,11.1,58.9,20.6,11.8,26.9,25.9,17.2,14.0,18.8,6.0,36.9,15.0,7.6,9.0,34.6,25.0,74.1,16.9,11.8,37.8,11.7,3.6,10.1,39.5,3.2,9.7,5.0,3.9224999999999994,40
24017850400,MD,Maryland,Charles,24017,3559,2830,-77.2060697,38.4504408,7.5,31.1,13.6,44.9,79.9,8.7,10.7,7.2,80.7,89.9,13.4,68.5,8.1,14.5,58.1,19.7,15.4,30.2,25.4,15.8,12.6,20.2,7.0,41.1,12.9,8.1,8.1,33.9,25.8,78.1,16.6,15.4,41.8,14.3,4.3,8.7,38.8,4.3,12.8,5.3,4.26,40
24021750805,MD,Maryland,Frederick,24021,4914,3750,-77.3726272,39.446551,6.0,21.3,17.1,29.5,72.8,6.9,9.5,3.8,77.9,90.4,9.8,67.3,3.5,7.3,71.9,20.3,8.5,18.6,22.5,8.2,5.4,11.5,4.0,35.5,8.9,4.6,5.0,32.0,16.2,75.9,14.7,7.1,33.5,8.7,2.1,5.6,35.5,2.1,7.8,2.7,3.5725000000000002,40
24021752206,MD,Maryland,Frederick,24021,5889,4064,-77.3635685,39.3370294,5.3,20.7,15.9,28.8,72.6,6.8,9.0,3.6,78.3,91.0,8.9,65.6,3.4,7.1,70.5,19.4,8.5,17.2,21.8,7.7,5.0,11.1,3.9,36.6,7.9,4.2,4.6,30.6,15.9,76.6,13.5,6.6,31.4,8.4,2.0,5.1,35.9,2.0,4.6,2.6,3.435,40
24021751001,MD,Maryland,Frederick,24021,2076,1499,-77.4408029,39.3798137,8.5,21.1,15.1,31.3,70.9,5.4,10.2,4.1,77.0,87.4,12.8,64.8,4.6,10.4,66.2,21.8,10.3,22.9,25.2,15.4,12.3,16.0,4.2,34.7,14.3,6.5,8.4,34.4,22.0,77.2,17.4,9.0,37.4,10.4,3.0,9.7,38.3,2.5,5.1,4.1,3.915,40
24021750801,MD,Maryland,Frederick,24021,2883,2433,-77.4071631,39.4324126,8.0,25.8,15.9,34.0,75.1,8.3,10.1,5.6,77.7,88.3,12.6,67.8,5.8,10.4,63.0,22.4,10.5,24.9,23.1,11.8,9.2,15.8,5.9,37.9,10.9,6.6,6.7,33.1,21.2,74.5,16.7,10.5,36.1,11.1,3.0,7.1,37.1,3.0,8.4,3.9,4.145,40
24021751203,MD,Maryland,Frederick,24021,2424,2002,-77.4725942,39.4461141,6.5,32.5,13.1,39.7,81.7,12.9,9.2,7.6,82.2,92.4,9.9,73.1,6.2,8.0,72.3,19.2,11.8,25.9,20.7,7.6,5.3,14.8,8.2,44.2,7.0,6.0,4.5,29.9,20.4,76.5,13.0,12.1,32.1,11.2,2.9,4.5,31.1,3.7,7.8,3.6,3.875,40
24021740200,MD,Maryland,Frederick,24021,5027,3743,-77.3629588,39.4923785,6.3,27.2,15.6,34.1,76.8,9.6,9.8,5.4,79.4,90.9,10.6,70.0,5.2,8.8,72.5,21.4,10.1,22.4,21.5,8.4,5.9,13.6,5.8,39.9,8.3,5.5,5.1,31.0,18.5,76.7,14.9,9.5,34.0,10.5,2.6,5.4,34.3,2.8,4.4,3.2,3.655,40
24021751801,MD,Maryland,Frederick,24021,5417,3841,-77.2648269,39.4104487,5.4,23.6,17.3,30.3,73.4,8.1,9.6,4.4,77.9,90.4,10.2,67.1,4.3,8.4,70.9,21.9,8.6,19.5,20.5,7.5,5.3,12.1,4.7,37.5,7.6,4.9,4.7,30.4,16.2,77.6,14.9,7.7,33.3,9.5,2.2,5.1,34.6,2.3,5.9,2.7,3.5174999999999996,40
24021751902,MD,Maryland,Frederick,24021,6005,4445,-77.3398797,39.4050409,5.2,24.0,16.7,30.6,74.8,8.5,9.6,4.4,78.7,90.7,9.7,69.1,4.1,7.4,73.5,21.3,8.7,19.5,20.4,7.0,4.8,11.5,4.7,37.7,7.4,4.8,4.5,30.6,16.1,78.8,14.4,7.8,32.4,9.1,2.1,4.8,33.2,2.3,5.2,2.7,3.6950000000000003,40
24021750508,MD,Maryland,Frederick,24021,5056,3603,-77.453806,39.424136,15.1,18.9,15.6,30.4,67.6,4.1,10.4,3.9,74.6,84.4,15.6,63.7,4.6,11.5,59.2,21.2,10.5,26.4,29.4,22.5,17.4,19.7,4.1,32.1,20.4,7.8,11.5,38.1,26.0,76.8,19.0,9.9,40.3,11.3,3.5,12.7,41.8,2.5,10.7,5.3,4.3825,40
24009860902,MD,Maryland,Calvert,24009,2992,2272,-76.4705743,38.4015851,7.2,27.0,16.0,37.6,75.8,7.4,11.4,5.3,78.8,88.7,13.6,69.6,6.2,12.9,65.2,20.5,11.6,28.3,23.5,14.4,11.5,18.1,5.4,35.8,13.4,7.3,7.8,34.5,21.7,79.9,16.7,12.3,39.7,12.8,3.5,8.7,39.9,3.2,11.1,4.3,4.717499999999999,40
24017850801,MD,Maryland,Charles,24017,4548,3644,-76.8593942,38.6500734,8.9,30.0,12.4,44.9,79.7,8.3,11.0,6.9,81.5,90.1,13.5,68.4,7.5,13.4,62.3,18.5,15.4,30.2,27.0,18.3,14.5,20.7,6.6,40.0,15.4,8.3,9.2,35.2,26.5,77.9,16.4,15.5,42.2,13.9,4.4,10.2,38.8,4.2,12.9,5.5,4.647500000000001,40
24021752201,MD,Maryland,Frederick,24021,2399,1879,-77.3971148,39.2908367,6.3,29.2,14.6,36.9,79.1,10.3,9.5,6.3,80.3,91.1,10.6,71.7,5.9,9.3,69.2,20.4,11.4,23.6,21.7,8.6,6.0,14.8,6.5,42.6,7.7,5.7,4.9,30.6,19.8,75.1,14.2,10.7,33.5,11.1,2.8,5.0,33.9,3.2,6.6,3.5,3.7550000000000003,40
24009861003,MD,Maryland,Calvert,24009,6517,5027,-76.427426,38.3394149,6.8,27.8,16.4,36.5,76.1,8.4,11.1,5.5,78.5,89.0,13.1,68.3,6.3,12.3,66.7,21.0,11.0,27.8,21.8,11.8,9.1,17.0,5.9,36.8,11.1,6.9,6.7,33.4,20.7,80.0,16.2,11.9,37.6,12.6,3.2,7.1,38.0,3.1,9.1,3.9,4.312499999999999,40
24009860701,MD,Maryland,Calvert,24009,2877,2258,-76.6309766,38.5439619,7.0,29.4,15.7,38.5,77.7,9.4,10.6,6.2,79.2,89.4,12.7,69.1,6.6,12.1,65.5,19.8,11.6,29.0,22.3,11.4,8.5,17.4,6.7,38.2,10.4,6.9,6.3,33.3,21.7,78.6,15.4,12.8,36.6,12.8,3.2,6.6,37.6,3.4,12.0,4.0,4.3475,40
24021751600,MD,Maryland,Frederick,24021,3023,2391,-77.2206287,39.5383021,6.9,29.9,15.6,37.3,77.9,10.0,9.9,6.8,78.6,89.2,12.5,70.3,7.0,11.6,66.8,22.7,11.6,26.3,22.8,9.9,7.6,16.3,7.1,41.8,8.9,6.7,5.8,32.1,22.0,71.8,16.5,11.6,35.8,12.2,3.1,5.9,34.7,3.4,8.8,3.8,3.7375,40
24021752101,MD,Maryland,Frederick,24021,3661,2799,-77.2805758,39.3101667,5.1,26.3,16.0,33.3,76.9,9.5,9.3,5.1,79.6,91.4,9.4,71.7,4.7,7.9,75.0,20.6,9.8,20.0,20.3,6.9,4.6,12.2,5.2,40.7,6.9,4.7,4.3,29.6,16.5,76.5,13.8,8.4,32.7,9.7,2.3,4.5,32.4,2.5,6.3,2.8,3.4650000000000007,40
24017851003,MD,Maryland,Charles,24017,4438,3384,-76.9506454,38.5160231,5.2,26.0,15.9,36.4,76.9,8.8,9.9,5.1,79.8,91.0,10.6,71.4,5.1,9.6,70.6,19.6,10.5,22.8,21.7,8.7,5.8,13.2,5.6,38.1,8.5,5.5,5.3,31.9,17.9,81.1,14.9,9.8,35.8,10.9,2.6,5.5,34.6,2.8,5.9,3.2,3.7125,40
24021752601,MD,Maryland,Frederick,24021,4481,3340,-77.5181143,39.4567413,5.1,26.7,15.9,33.2,77.2,10.1,9.4,5.3,79.7,91.4,9.5,71.7,4.8,7.8,73.7,20.9,9.4,20.6,19.8,6.6,4.6,12.1,5.7,40.3,6.5,4.9,4.2,29.7,16.6,76.2,13.8,8.6,32.0,9.7,2.2,4.3,32.8,2.6,7.7,2.8,3.6399999999999997,40
24009860402,MD,Maryland,Calvert,24009,3958,2881,-76.5420675,38.6689117,6.6,26.4,16.8,35.2,75.1,7.8,11.0,4.8,78.3,89.7,12.5,69.6,5.7,12.1,73.0,20.6,10.3,25.8,22.2,11.4,8.5,16.0,5.1,35.9,11.0,6.3,6.3,33.3,19.6,79.4,15.9,10.8,37.5,12.0,2.9,6.9,35.9,2.8,8.3,3.5,4.3025,40
24017850710,MD,Maryland,Charles,24017,5578,4123,-76.9571932,38.6268451,6.5,23.1,13.6,39.4,75.7,5.3,11.0,4.1,81.1,90.6,11.6,69.5,4.5,10.6,64.5,17.3,12.5,23.4,27.6,15.9,11.8,15.9,3.7,34.5,15.4,6.4,8.5,35.8,21.4,82.5,16.1,10.7,42.2,10.8,3.3,10.2,41.8,2.9,6.0,4.2,4.2825,40
24009860501,MD,Maryland,Calvert,24009,7145,5242,-76.5619789,38.6032383,5.6,25.9,17.1,34.4,75.5,8.1,10.5,4.6,78.7,90.2,11.4,67.4,5.1,10.6,69.8,19.9,9.8,24.0,21.0,9.2,6.5,14.3,5.0,36.4,9.1,5.6,5.4,32.2,17.9,81.8,14.8,9.8,35.6,11.2,2.6,5.7,37.0,2.6,8.4,3.2,4.155,40
24009860600,MD,Maryland,Calvert,24009,7126,5485,-76.6355421,38.6160327,6.0,29.5,15.8,38.0,78.3,9.5,10.6,5.9,79.8,90.4,11.9,68.4,6.3,11.5,70.4,20.0,11.4,27.1,20.8,10.0,7.3,16.3,6.3,39.1,9.2,6.3,5.6,32.0,20.0,80.8,14.9,11.9,36.2,12.5,3.0,5.8,36.2,3.2,8.3,3.7,4.385,40
24021752303,MD,Maryland,Frederick,24021,3606,2608,-77.4977232,39.3099211,6.1,24.7,16.4,32.3,74.8,8.2,9.6,4.7,78.6,90.7,10.4,67.5,4.6,9.0,70.9,21.1,9.6,20.5,22.2,8.5,5.9,12.9,4.9,38.6,8.7,5.1,5.1,31.2,17.8,74.4,15.0,8.4,34.3,9.9,2.4,5.6,35.4,2.5,5.8,2.9,3.4925000000000006,40
24017850706,MD,Maryland,Charles,24017,5638,4261,-76.9455906,38.6412926,6.9,23.2,13.2,39.7,76.2,5.4,10.8,4.2,81.1,90.4,11.7,67.2,4.6,10.8,64.5,16.6,12.8,23.8,28.5,16.5,12.0,16.4,3.9,35.1,15.3,6.5,8.5,36.2,22.2,81.0,15.8,11.0,41.3,11.0,3.4,9.9,41.9,3.0,7.6,4.3,4.325,40
24021750300,MD,Maryland,Frederick,24021,1728,1459,-77.4158102,39.4109494,8.1,23.1,16.3,33.7,73.2,6.3,10.5,5.0,77.0,87.0,13.2,68.0,5.3,10.3,59.8,22.3,10.9,24.6,24.4,14.2,11.8,16.4,4.8,35.1,13.0,6.9,8.1,34.2,20.9,75.2,17.4,10.2,38.1,10.7,3.3,9.0,39.9,3.0,11.6,4.3,4.3625,40
24021751202,MD,Maryland,Frederick,24021,6654,5201,-77.4463886,39.4525529,6.4,25.6,14.4,34.1,76.6,8.5,9.8,5.1,79.9,90.6,10.4,69.7,4.8,8.1,69.8,20.2,10.5,22.1,22.4,10.0,7.3,13.9,5.3,38.7,9.6,5.6,5.8,31.8,19.0,78.4,14.6,9.5,34.2,10.0,2.6,6.4,35.4,2.8,6.3,3.4,3.7199999999999998,40
24021750701,MD,Maryland,Frederick,24021,5623,4199,-77.4078207,39.4551284,11.2,23.5,15.3,33.5,72.8,6.2,10.4,4.9,76.8,87.3,14.0,64.8,5.6,11.8,61.5,21.6,11.4,25.5,26.8,16.7,12.7,18.5,4.9,36.9,15.1,7.2,8.7,35.3,23.9,73.8,17.5,10.8,38.2,11.8,3.5,9.5,39.5,2.9,7.9,4.6,4.1875,40
24021752602,MD,Maryland,Frederick,24021,2729,2239,-77.5184053,39.4106761,6.1,29.8,14.7,36.8,79.6,11.2,9.3,6.5,80.6,91.6,10.0,73.4,5.8,8.5,73.1,20.4,11.0,23.3,20.5,7.4,5.2,13.9,6.8,42.9,7.1,5.4,4.5,29.8,19.0,76.7,13.8,10.4,33.1,10.8,2.6,4.5,32.2,3.1,6.2,3.2,3.599999999999999,40
24017850500,MD,Maryland,Charles,24017,2775,2236,-77.0902045,38.4724635,6.6,29.6,14.6,40.9,79.0,9.5,10.3,6.4,80.2,90.4,12.3,70.1,7.0,12.5,67.7,20.1,12.7,27.1,23.1,11.8,8.7,17.0,6.8,40.5,10.1,6.9,6.3,32.7,22.2,78.4,15.8,12.9,38.3,12.9,3.4,6.6,34.5,3.5,10.3,4.2,4.0375,40
24021750804,MD,Maryland,Frederick,24021,2441,2020,-77.3950189,39.4257211,6.1,23.6,16.3,30.9,74.8,8.3,9.5,4.3,78.8,91.1,9.6,72.8,4.0,7.2,73.6,20.4,8.9,19.3,21.2,7.7,5.2,11.8,4.5,37.8,8.1,4.7,4.7,30.8,16.2,75.1,14.0,7.8,32.9,9.1,2.2,5.1,33.6,2.3,3.6,2.7,3.71,40
24009860403,MD,Maryland,Calvert,24009,3456,2475,-76.5544036,38.6894562,5.9,24.6,17.0,33.3,73.4,7.1,11.0,4.3,78.3,89.3,12.2,63.3,5.1,11.0,69.4,21.1,9.5,24.5,20.4,11.1,8.8,15.2,4.7,34.3,10.8,6.2,6.4,32.4,18.3,80.2,15.8,9.9,37.3,11.3,2.8,7.2,37.3,2.5,8.0,3.5,4.65,40
24021750507,MD,Maryland,Frederick,24021,4271,3004,-77.4664381,39.4266123,22.0,19.8,15.1,31.6,67.8,4.2,10.2,4.7,72.9,82.2,18.1,56.1,5.7,13.9,50.6,21.1,12.2,30.8,31.2,28.5,21.8,24.9,5.0,34.3,24.2,9.1,13.6,39.1,31.5,69.1,19.6,12.2,41.5,13.5,4.4,14.4,42.2,2.9,15.2,6.8,4.8100000000000005,40
24017850709,MD,Maryland,Charles,24017,7566,5675,-76.9006667,38.644537,7.7,20.6,13.8,37.3,72.9,4.3,11.1,3.5,80.1,89.5,12.4,66.6,4.1,10.9,61.8,17.1,11.5,23.3,29.4,18.3,13.8,16.3,3.2,31.9,17.6,6.6,9.4,37.6,22.2,83.5,16.9,10.0,43.0,10.5,3.2,11.3,43.9,2.7,11.4,4.3,4.5600000000000005,40
24017851401,MD,Maryland,Charles,24017,3218,2570,-76.7707538,38.579955,6.9,29.4,13.6,44.2,79.3,7.9,11.0,6.4,81.3,90.4,12.9,68.6,7.1,13.3,63.2,19.3,15.1,28.2,25.1,16.1,12.9,19.2,6.0,39.7,14.0,7.8,8.5,33.6,24.2,79.9,16.5,14.3,43.0,13.5,4.3,9.8,39.1,3.9,9.0,5.1,4.13,40
24021752501,MD,Maryland,Frederick,24021,5170,4130,-77.586872,39.3995827,7.0,29.4,15.1,36.9,78.0,10.0,9.8,6.5,79.3,90.1,11.8,70.8,6.6,10.6,69.0,22.1,11.6,25.1,21.6,9.9,7.6,16.0,6.8,41.9,9.0,6.4,5.7,31.0,21.1,71.7,15.6,11.3,35.7,11.9,3.1,6.0,34.3,3.2,8.7,3.8,3.7649999999999997,40
24009860702,MD,Maryland,Calvert,24009,3453,2559,-76.5778835,38.5706394,8.0,28.7,14.9,39.3,77.0,7.8,11.6,5.9,79.1,88.3,14.5,65.3,7.1,13.9,59.2,20.6,12.6,30.7,24.2,16.1,13.3,20.0,6.0,36.8,14.2,8.1,8.4,35.2,24.2,78.8,17.1,14.0,40.0,13.6,3.9,9.3,41.4,3.6,13.1,4.9,4.6625,40
24021751906,MD,Maryland,Frederick,24021,2521,1868,-77.2967749,39.4012357,6.1,27.9,15.1,34.7,77.8,10.2,9.5,5.8,79.9,91.1,10.2,71.6,5.4,8.6,71.5,20.9,10.2,22.3,20.9,7.9,5.6,13.4,6.1,40.8,7.7,5.3,4.7,30.4,18.5,75.7,14.3,9.6,33.2,10.4,2.5,5.0,33.8,2.9,7.1,3.1,3.8574999999999995,40
24021750702,MD,Maryland,Frederick,24021,3822,2970,-77.4203868,39.4326934,12.4,27.6,13.7,37.4,75.7,7.7,10.8,6.4,78.0,86.9,15.1,66.1,7.5,13.1,58.0,22.0,13.2,29.7,26.7,19.5,16.2,21.5,6.4,39.3,16.2,8.7,9.9,35.5,27.3,75.6,17.9,13.8,39.3,13.4,4.3,10.6,39.1,3.7,12.0,5.7,4.567500000000001,40
24017851302,MD,Maryland,Charles,24017,4407,3486,-76.8591522,38.5203189,6.0,27.0,15.4,38.7,77.3,8.7,10.1,5.5,79.8,90.5,11.4,70.8,5.8,11.0,68.3,19.2,11.6,24.7,23.3,10.7,7.5,15.2,5.9,38.7,9.9,6.2,6.1,32.7,20.0,78.9,15.2,11.2,37.4,11.7,3.0,6.4,35.7,3.1,8.3,3.7,3.8425,40
24021751904,MD,Maryland,Frederick,24021,4606,3412,-77.3459482,39.3781197,5.5,23.0,16.4,30.8,74.3,7.9,9.3,4.4,78.5,90.5,9.7,69.3,4.1,7.7,71.9,20.4,9.0,19.3,21.6,7.8,5.3,11.9,4.7,37.5,8.0,4.7,4.8,31.0,16.6,78.5,14.3,7.6,32.6,9.1,2.2,5.2,34.9,2.3,5.5,2.7,3.3449999999999998,40
24021750504,MD,Maryland,Frederick,24021,6012,4609,-77.4394695,39.4246793,10.1,23.8,14.3,34.2,74.2,6.9,10.1,5.2,78.3,88.0,12.7,64.0,5.3,9.6,58.0,20.4,11.4,25.1,24.9,15.6,12.2,17.2,5.3,36.4,14.3,6.9,8.5,34.1,22.9,70.7,16.3,10.7,37.6,10.9,3.3,9.5,40.2,3.0,11.5,4.6,4.1375,40
24009860801,MD,Maryland,Calvert,24009,7092,5534,-76.53816,38.4464607,6.4,28.4,16.1,37.2,77.5,8.8,10.9,5.6,79.3,90.0,12.4,68.0,6.1,11.7,67.8,20.2,11.1,27.0,22.0,10.6,7.7,16.4,5.8,38.0,10.0,6.4,5.9,33.1,20.0,79.4,15.4,11.7,36.6,12.4,3.0,6.2,37.8,3.1,7.7,3.7,4.200000000000001,40
24017851004,MD,Maryland,Charles,24017,5953,4500,-76.9605345,38.5540556,8.1,27.2,13.7,40.1,77.0,7.8,10.9,5.7,80.0,89.2,13.4,67.9,6.5,12.5,62.1,19.5,12.8,28.4,26.3,16.2,12.5,18.4,6.0,37.2,14.1,7.9,8.4,35.8,24.5,79.7,16.9,13.4,39.9,12.8,3.7,9.2,38.6,3.6,9.9,4.8,4.282500000000001,40
24017850708,MD,Maryland,Charles,24017,5281,3998,-76.9353838,38.6477177,6.7,23.8,13.2,40.3,76.8,5.7,10.8,4.4,81.3,90.5,11.6,67.3,4.8,10.8,63.2,16.9,13.1,24.1,27.8,16.2,11.9,16.5,4.0,35.6,15.0,6.5,8.4,35.7,22.3,82.9,15.7,11.2,41.5,11.1,3.4,9.8,41.5,3.1,11.5,4.3,4.2975,40
24017851200,MD,Maryland,Charles,24017,4675,3634,-76.909535,38.3348487,7.4,30.1,14.7,41.7,78.6,9.4,10.3,6.9,79.5,89.5,13.1,68.8,7.7,13.9,64.1,20.6,13.4,28.9,23.7,13.1,10.1,18.4,7.3,40.6,10.9,7.5,7.0,33.1,24.1,78.4,16.5,13.9,39.3,13.7,3.7,7.3,35.8,3.8,11.7,4.6,4.0600000000000005,40
24009861100,MD,Maryland,Calvert,24009,5914,4644,-76.4736433,38.4588399,6.2,28.7,16.4,36.8,77.3,9.2,10.8,5.7,79.1,89.9,12.4,69.3,6.2,11.7,68.7,20.7,10.8,27.1,21.3,10.0,7.3,16.0,6.1,38.0,9.5,6.4,5.7,32.7,19.9,79.7,15.5,11.6,36.3,12.4,2.9,5.9,37.1,3.1,7.7,3.6,4.11,40
24017850902,MD,Maryland,Charles,24017,5433,4198,-76.9254057,38.5956661,8.9,26.2,13.5,41.1,77.1,7.0,10.7,5.5,80.3,89.4,13.0,70.3,6.0,12.0,63.4,18.0,13.4,27.8,27.8,17.2,12.8,18.4,5.5,36.8,15.4,7.5,8.8,36.1,24.7,81.3,16.6,13.0,41.4,12.4,3.7,9.8,39.7,3.6,9.2,4.9,4.180000000000001,40
24009860703,MD,Maryland,Calvert,24009,4042,3022,-76.6074909,38.4831446,7.6,28.7,15.2,39.0,77.2,8.0,11.3,5.8,79.3,89.0,13.6,69.1,6.8,13.2,63.3,20.3,12.4,29.4,23.3,14.6,11.8,19.0,5.9,37.3,13.1,7.5,7.7,34.1,22.8,81.1,16.4,13.3,39.5,13.2,3.7,8.5,40.2,3.5,12.1,4.5,4.6225000000000005,40
24009860300,MD,Maryland,Calvert,24009,4291,3296,-76.5793751,38.6629535,6.1,28.8,15.9,38.0,78.2,9.0,10.7,5.6,79.8,90.6,11.7,71.3,6.0,11.5,70.3,19.5,11.3,26.3,21.7,10.2,7.4,16.0,5.8,38.5,9.6,6.1,5.7,32.4,19.8,80.4,14.8,11.6,36.6,12.2,3.0,6.0,37.0,3.1,7.6,3.5,4.1025,40
24017850802,MD,Maryland,Charles,24017,5937,4289,-76.8560416,38.6195583,8.4,23.5,13.7,39.0,74.6,5.8,11.1,4.5,80.2,89.5,12.9,68.1,5.2,11.8,60.6,18.1,12.3,25.6,28.3,18.3,14.1,17.5,4.4,34.3,17.2,7.2,9.4,36.7,23.4,82.4,17.1,11.4,42.9,11.6,3.5,11.2,42.4,3.1,11.1,4.5,4.334999999999999,40
24021750200,MD,Maryland,Frederick,24021,1686,1530,-77.4090222,39.4157363,5.5,25.3,16.6,32.5,75.2,8.9,9.7,5.3,78.3,89.5,10.6,72.5,5.0,8.1,68.7,22.8,9.5,21.4,19.0,8.1,6.4,13.0,5.5,38.4,7.8,5.4,5.2,29.9,17.0,76.0,15.2,8.6,34.4,9.9,2.5,5.5,33.9,2.6,5.6,3.1,4.145,40
24021751301,MD,Maryland,Frederick,24021,4752,3794,-77.4670894,39.5006996,6.6,33.1,12.4,41.1,82.1,12.9,9.2,8.0,82.6,92.3,10.0,72.3,6.5,8.1,66.9,19.0,12.6,26.9,20.4,8.5,6.3,15.7,8.7,44.4,7.7,6.3,5.0,29.5,21.6,75.6,13.0,12.9,33.1,11.5,3.1,5.2,33.3,3.9,8.8,4.0,3.874999999999999,40
24017850711,MD,Maryland,Charles,24017,5739,4288,-76.9384389,38.6269699,8.2,27.4,11.5,45.6,78.2,6.0,11.6,5.7,82.3,89.8,13.6,64.4,6.5,13.2,58.1,17.6,16.3,29.4,28.3,23.1,20.4,21.2,5.1,36.5,19.9,8.8,11.6,36.1,27.6,82.4,17.2,15.2,46.4,13.2,4.8,14.7,43.5,4.1,12.1,6.2,4.67,40
24017851001,MD,Maryland,Charles,24017,3507,2831,-76.9997715,38.5327926,6.3,28.8,14.2,40.8,79.4,9.6,9.8,6.2,81.1,91.1,11.0,72.7,6.0,10.1,68.8,18.2,12.4,26.0,23.2,10.6,7.4,15.6,6.5,39.9,9.5,6.3,5.9,32.5,21.0,80.1,14.4,12.3,36.7,11.8,3.1,6.1,34.3,3.5,7.8,3.9,3.85,40
24009860200,MD,Maryland,Calvert,24009,6280,4747,-76.6579871,38.6758822,4.9,27.9,16.1,36.1,78.2,9.5,10.3,5.1,80.5,91.7,10.1,72.4,5.1,9.1,75.0,19.0,10.1,23.6,19.5,7.7,5.3,13.6,5.5,38.3,7.7,5.2,4.6,30.7,16.8,82.6,13.4,10.0,34.2,10.9,2.5,4.8,34.1,2.8,5.6,3.0,4.0725,40
24021751002,MD,Maryland,Frederick,24021,5297,4123,-77.4300066,39.3835628,8.9,27.5,14.0,37.1,76.6,8.3,10.0,6.3,78.9,88.4,12.9,67.3,6.5,10.9,62.7,21.6,12.7,26.8,23.0,14.9,12.5,18.2,6.5,39.4,12.9,7.4,8.1,32.3,24.2,74.6,16.5,12.2,38.3,12.1,3.7,9.2,37.2,3.4,7.9,4.9,4.027500000000001,40
24009860502,MD,Maryland,Calvert,24009,2843,2242,-76.5203131,38.579279,5.5,29.4,16.2,36.9,78.3,9.8,10.7,5.6,79.8,90.9,11.5,71.1,6.0,10.8,70.8,20.5,10.7,25.9,20.3,8.6,6.1,15.1,6.0,38.9,8.4,5.9,5.1,31.8,18.5,80.6,14.8,11.2,35.3,12.1,2.8,5.1,36.0,3.0,7.2,3.3,4.2325,40
24017851501,MD,Maryland,Charles,24017,4630,3602,-76.9375292,38.6117566,7.0,21.7,14.0,37.7,73.7,4.9,11.2,3.8,80.3,89.9,12.1,67.5,4.4,10.8,66.0,17.7,11.6,23.3,28.0,16.9,12.7,16.0,3.5,33.1,16.2,6.6,8.9,36.6,21.3,82.4,16.6,10.2,42.2,10.7,3.3,10.6,41.5,2.7,7.4,4.2,4.5075,40
24021751302,MD,Maryland,Frederick,24021,3166,2570,-77.4364911,39.5407408,7.3,30.8,14.9,38.0,79.1,10.8,9.9,7.1,79.5,90.2,12.0,71.1,7.0,10.9,65.1,21.8,11.8,26.3,22.5,9.5,6.9,16.5,7.3,43.1,8.4,6.5,5.4,31.7,21.8,73.8,15.5,12.0,34.8,12.3,3.1,5.4,35.0,3.5,7.8,3.8,3.7600000000000007,40
24021750506,MD,Maryland,Frederick,24021,4321,3226,-77.4637271,39.4140488,12.2,23.5,14.7,33.4,74.6,6.9,9.4,5.1,77.2,88.5,12.3,67.3,5.1,10.0,62.8,18.9,11.4,24.5,27.4,14.5,9.4,17.2,5.3,38.4,13.3,6.2,7.3,34.9,23.6,75.7,15.4,10.4,35.3,11.1,3.0,7.5,38.1,2.8,10.0,4.2,3.8875,40
24021752001,MD,Maryland,Frederick,24021,4815,3770,-77.1772797,39.3816577,5.8,24.9,17.3,31.7,74.6,8.4,9.8,4.8,77.9,89.8,10.8,70.7,4.8,8.9,69.6,22.2,9.3,21.0,21.2,8.0,5.6,12.9,5.1,38.5,8.1,5.3,5.0,31.2,17.2,73.2,15.4,8.5,34.0,10.1,2.4,5.2,35.0,2.5,4.0,2.9,3.675,40
24021752301,MD,Maryland,Frederick,24021,7217,5183,-77.4308471,39.3659437,7.4,19.6,16.6,28.5,70.2,5.7,9.7,3.4,76.9,89.1,10.8,64.3,3.6,8.2,67.7,20.6,8.5,19.3,24.0,10.9,7.7,12.7,3.7,33.8,11.2,5.1,6.2,33.3,17.8,77.5,15.5,7.2,34.8,8.9,2.2,7.1,37.6,2.0,5.2,3.0,3.6724999999999994,40
24021750802,MD,Maryland,Frederick,24021,6055,5016,-77.3880023,39.455722,5.4,29.3,13.6,36.8,80.3,11.3,9.4,6.0,82.1,92.6,8.9,74.1,4.9,6.6,73.1,19.5,10.8,21.8,19.9,7.0,4.9,12.5,6.3,41.8,7.2,4.9,4.4,29.5,17.5,78.6,12.9,9.7,32.7,9.7,2.4,4.8,33.0,3.0,4.5,3.0,3.3775000000000004,40
24017851403,MD,Maryland,Charles,24017,1847,1522,-76.808432,38.5955599,6.0,28.7,13.8,42.1,79.9,8.7,10.3,6.0,81.7,91.7,11.1,72.1,5.9,10.6,68.3,18.2,13.3,25.5,23.9,11.7,8.3,16.0,5.9,39.9,10.6,6.4,6.3,32.7,21.2,82.1,14.7,12.4,38.9,11.9,3.3,6.9,36.5,3.5,6.8,4.1,3.935,40
24017850904,MD,Maryland,Charles,24017,13090,9638,-76.8970548,38.5547766,6.2,21.7,13.7,38.1,74.4,5.0,11.2,3.7,81.3,90.8,11.3,68.5,4.0,9.9,66.0,17.0,11.4,22.3,28.0,15.5,11.5,14.9,3.4,32.7,15.6,6.2,8.4,36.4,20.2,84.6,16.1,9.8,42.1,10.1,3.0,10.3,41.9,2.7,7.8,3.9,4.1049999999999995,40
24021750600,MD,Maryland,Frederick,24021,2756,2424,-77.4228616,39.4194962,4.9,25.0,15.7,30.9,77.1,9.7,9.7,5.1,79.7,89.4,10.3,74.2,4.5,6.1,75.1,21.6,8.7,21.1,19.8,6.8,4.3,11.4,5.5,37.6,6.4,5.1,4.8,32.3,15.5,78.0,14.8,8.1,29.9,9.1,2.1,4.1,31.1,2.5,5.7,2.7,3.6725000000000003,40
24017851100,MD,Maryland,Charles,24017,2849,2258,-76.9740673,38.4594916,6.0,28.6,15.4,40.0,78.4,9.3,10.0,6.2,79.9,90.6,11.5,73.0,6.4,11.6,68.7,20.0,12.4,25.5,22.0,10.5,7.6,15.6,6.4,40.0,9.4,6.4,5.9,31.6,20.6,80.9,15.4,11.8,38.3,12.3,3.2,6.3,34.8,3.3,7.8,3.8,3.785,40
24009861004,MD,Maryland,Calvert,24009,7201,5255,-76.4076066,38.3586351,7.5,24.3,17.5,33.5,72.2,6.6,11.2,4.5,76.7,87.4,14.1,63.2,5.7,13.2,62.5,21.7,9.9,26.9,23.1,13.7,10.6,17.1,4.8,34.0,12.8,7.0,7.5,34.8,20.7,79.7,17.4,10.6,38.4,12.3,3.1,8.1,40.0,2.7,9.4,3.9,4.6825,40
24021750505,MD,Maryland,Frederick,24021,7660,5483,-77.4433531,39.4109536,16.0,18.1,16.2,28.7,66.1,4.1,10.0,3.7,73.6,84.5,15.2,56.7,4.4,11.5,55.7,20.9,10.0,25.5,29.2,21.2,15.5,19.4,4.1,32.6,19.4,7.3,10.7,37.5,25.4,71.8,18.3,9.4,38.8,11.3,3.3,11.5,41.4,2.3,12.1,5.0,4.385,40
24021752302,MD,Maryland,Frederick,24021,4274,3335,-77.4542163,39.3037786,6.2,28.6,14.8,35.9,78.7,10.6,9.4,6.2,80.4,91.4,10.2,68.6,5.4,8.2,71.4,20.1,10.6,23.6,20.9,8.0,5.6,14.0,6.8,41.4,7.7,5.7,4.8,30.3,19.0,76.6,13.9,10.5,32.9,10.6,2.7,5.0,33.5,3.1,6.3,3.4,3.5625,40
24021752202,MD,Maryland,Frederick,24021,4481,2927,-77.3425194,39.3365151,5.9,19.5,15.4,29.0,72.1,5.7,8.9,3.4,78.5,91.0,9.0,58.4,3.1,7.3,72.7,18.4,9.1,17.1,23.4,8.8,5.6,11.6,3.5,36.3,9.0,4.3,5.1,31.4,17.1,78.6,13.5,6.6,32.1,8.4,2.0,5.7,35.5,2.0,5.8,2.7,3.5174999999999996,40
24021750100,MD,Maryland,Frederick,24021,1651,1378,-77.4094197,39.4209637,7.8,24.6,16.4,33.0,72.8,7.3,10.4,5.0,77.0,87.8,13.0,65.3,5.7,11.4,59.5,23.6,10.3,24.1,22.7,13.0,10.9,16.1,5.1,37.0,11.9,6.8,7.3,32.7,20.9,73.8,17.5,9.9,38.0,11.2,3.1,8.3,39.2,2.7,9.3,3.9,4.32,40
24009860404,MD,Maryland,Calvert,24009,6567,5109,-76.5615839,38.7080371,6.4,27.4,16.7,35.0,76.0,8.7,10.8,5.1,78.6,89.8,12.2,69.3,5.8,11.3,68.2,21.0,10.1,26.1,21.1,10.1,7.4,15.4,5.6,36.8,9.8,6.2,5.8,32.8,19.3,79.4,15.6,10.9,36.2,12.0,2.8,6.1,37.1,2.8,8.0,3.4,4.1025,40
24017850201,MD,Maryland,Charles,24017,972,739,-77.201418,38.5657919,10.6,14.2,19.2,26.8,62.0,3.1,10.4,2.6,72.8,81.8,15.3,62.6,3.5,10.5,61.3,19.9,7.5,24.3,29.2,17.5,11.8,15.4,3.0,26.1,15.9,6.9,9.9,40.7,19.6,79.6,19.2,7.4,36.9,9.8,2.5,9.5,38.9,1.8,7.3,3.9,4.4625,40
24017850600,MD,Maryland,Charles,24017,4546,3627,-77.0933062,38.5266341,5.9,27.1,14.0,40.7,78.7,8.3,10.2,5.5,81.4,91.3,10.7,71.6,5.5,10.1,68.5,18.0,12.6,24.3,23.4,11.8,8.5,15.3,5.5,38.7,10.7,6.1,6.5,32.5,20.3,81.8,14.5,11.5,38.7,11.3,3.1,7.2,36.4,3.3,7.2,3.9,3.7125,40
24017850102,MD,Maryland,Charles,24017,2374,1897,-77.093736,38.5951955,8.2,27.6,13.3,42.3,79.1,7.6,10.4,5.9,80.9,90.4,12.2,70.0,6.1,11.8,63.3,17.6,14.1,27.4,26.8,15.5,11.1,18.1,5.7,38.6,13.5,7.1,7.8,34.9,24.4,80.5,15.6,13.4,40.3,12.5,3.7,8.5,38.8,3.7,10.5,4.8,3.974999999999999,40
24017851402,MD,Maryland,Charles,24017,3445,2732,-76.7237164,38.531775,5.9,27.3,15.3,38.7,77.7,8.7,10.2,5.4,80.1,90.8,11.4,71.5,5.8,10.9,68.2,19.6,11.6,24.5,23.0,10.5,7.3,15.0,5.7,38.9,9.7,6.2,6.0,32.6,19.8,78.5,15.4,11.1,37.6,11.7,3.0,6.3,36.3,3.1,7.7,3.6,3.835,40
24017851502,MD,Maryland,Charles,24017,5540,4074,-76.9687207,38.6012971,7.6,24.3,12.7,41.2,76.0,5.5,11.5,4.6,81.4,89.7,12.9,66.1,5.2,11.8,63.5,17.5,13.3,26.4,28.8,19.5,15.6,18.2,4.2,34.1,17.8,7.6,10.0,37.2,24.3,81.3,17.1,12.5,43.7,11.7,3.8,12.0,42.1,3.4,7.7,5.0,4.3149999999999995,40
24017850901,MD,Maryland,Charles,24017,5761,4125,-76.9093737,38.6119042,10.4,27.1,12.1,44.0,76.2,5.9,12.0,5.9,80.6,87.8,15.9,65.4,7.5,15.6,54.8,19.3,15.7,31.9,29.6,26.8,24.0,23.5,5.4,36.0,22.2,10.0,13.1,38.1,29.9,81.2,19.1,16.1,46.9,14.3,5.2,15.6,42.9,4.2,13.1,6.8,4.952500000000001,40
24021751701,MD,Maryland,Frederick,24021,2463,1946,-77.3239141,39.457718,7.2,29.7,15.4,36.8,77.9,10.1,10.1,6.6,78.9,89.7,12.3,70.4,6.8,11.0,64.9,22.6,11.4,25.9,22.5,9.9,7.5,16.2,6.9,41.7,9.0,6.6,5.8,32.0,21.4,73.1,16.3,11.5,35.5,12.1,3.1,5.9,35.6,3.3,9.6,3.8,3.8474999999999993,40
24009860901,MD,Maryland,Calvert,24009,4739,4047,-76.4536627,38.3502934,5.1,35.0,12.8,43.2,83.3,13.5,9.9,7.6,83.8,93.3,9.9,73.3,6.4,8.4,75.5,17.2,12.3,29.2,19.2,7.3,5.0,15.4,8.5,42.8,6.9,6.1,4.4,30.1,19.9,81.8,12.1,13.8,33.0,12.2,2.9,4.3,32.1,3.9,4.8,3.6,4.015,40
24021752205,MD,Maryland,Frederick,24021,3571,2361,-77.3349063,39.3436882,5.1,19.8,14.6,29.1,73.8,6.1,8.5,3.5,79.3,91.9,8.2,60.8,3.0,6.6,73.8,17.3,9.4,16.3,23.3,7.6,4.5,10.9,3.6,37.7,7.7,3.9,4.4,30.8,16.6,77.8,12.6,6.5,29.8,8.0,1.9,4.7,35.5,1.9,4.0,2.5,3.3225000000000002,40
24021752102,MD,Maryland,Frederick,24021,6881,5095,-77.2867811,39.33305,6.1,24.2,16.1,31.7,75.0,8.5,9.3,4.8,78.5,90.6,9.9,69.3,4.4,8.1,71.3,20.5,9.3,20.1,21.6,8.0,5.4,12.4,5.1,38.6,8.1,4.9,4.8,30.8,17.2,77.4,14.3,8.1,32.7,9.5,2.3,5.1,34.6,2.4,6.3,2.8,3.3600000000000003,40
24017850713,MD,Maryland,Charles,24017,9599,7060,-76.9892567,38.6280827,6.7,23.0,13.8,38.7,75.5,5.9,10.6,4.3,80.9,90.6,11.4,64.2,4.6,10.5,61.8,17.0,11.9,23.1,27.2,14.9,10.8,15.6,4.1,34.9,14.3,6.2,7.9,35.3,20.9,80.2,15.5,10.4,40.6,10.7,3.1,9.3,42.0,2.9,10.1,4.0,4.325,40
24021752502,MD,Maryland,Frederick,24021,2362,1948,-77.5454082,39.3247563,5.0,29.7,15.1,36.7,79.3,10.9,9.6,6.2,80.7,91.8,9.8,72.3,5.7,8.5,69.7,21.0,11.0,22.1,19.8,7.0,5.0,13.4,6.3,43.0,6.7,5.2,4.4,29.2,17.8,76.8,13.9,9.8,33.8,10.7,2.6,4.5,33.4,3.0,6.6,3.1,3.5550000000000006,40
24021751802,MD,Maryland,Frederick,24021,3823,2962,-77.1883485,39.4201331,5.1,28.4,16.0,34.9,77.8,10.5,9.6,5.8,79.8,91.5,9.9,72.9,5.4,8.7,69.0,21.5,10.1,21.5,20.0,6.8,4.9,12.8,6.0,41.6,6.8,5.1,4.3,29.6,17.2,77.9,14.3,9.2,33.5,10.4,2.4,4.5,33.8,2.8,8.3,2.9,3.9174999999999995,40
24017850202,MD,Maryland,Charles,24017,4647,3489,-77.1451872,38.6004992,8.5,26.5,13.8,41.4,75.8,6.7,11.2,5.6,79.6,88.6,14.3,65.5,6.7,14.5,56.0,19.5,13.5,28.9,28.5,19.5,15.8,19.8,5.6,36.5,17.1,8.2,9.9,36.8,26.0,78.0,18.1,13.6,43.2,13.3,4.0,11.4,41.9,3.6,12.3,5.2,4.385,40
24017850101,MD,Maryland,Charles,24017,7030,5191,-77.0984582,38.6619481,7.0,23.0,13.7,39.3,75.3,5.5,11.0,4.1,81.0,90.5,11.9,70.0,4.5,10.8,65.8,17.0,12.0,23.9,29.0,16.2,11.8,16.0,3.9,33.9,15.9,6.5,8.4,36.8,21.9,84.3,16.3,10.7,42.2,10.8,3.2,10.1,42.0,3.0,7.1,4.1,4.2175,40
24021752603,MD,Maryland,Frederick,24021,4057,2956,-77.5105935,39.4427461,5.2,26.4,16.1,33.1,76.6,9.5,9.5,5.1,79.5,91.4,9.8,70.2,4.7,8.1,70.6,21.2,9.5,20.6,20.4,7.0,4.8,12.2,5.4,39.9,7.2,4.9,4.4,30.1,17.0,75.5,14.4,8.5,33.2,9.8,2.3,4.7,34.5,2.6,4.7,2.8,3.4324999999999997,40
24009860103,MD,Maryland,Calvert,24009,6290,4830,-76.6702766,38.7374016,5.4,28.6,15.8,36.6,78.6,10.1,10.1,5.6,80.5,91.5,10.3,71.4,5.4,9.2,71.3,18.9,10.3,24.4,19.3,7.8,5.4,14.1,6.0,39.1,7.6,5.4,4.6,30.5,17.4,81.1,13.3,10.5,33.8,11.2,2.5,4.7,35.3,2.9,6.0,3.1,4.0825000000000005,40
24017850300,MD,Maryland,Charles,24017,1956,1572,-77.1569782,38.5530041,7.7,29.9,13.5,44.0,79.6,8.5,10.6,6.9,80.8,90.2,13.1,70.4,7.3,13.2,61.9,18.9,14.8,29.4,26.1,15.1,11.4,19.3,6.7,40.3,12.7,7.8,7.8,34.4,24.9,79.3,16.2,14.7,40.6,13.6,4.0,8.3,38.4,4.1,11.6,5.0,4.1125,40
24021751004,MD,Maryland,Frederick,24021,5749,4512,-77.4700084,39.3961113,7.0,21.1,16.7,29.5,71.7,6.6,9.7,3.9,77.2,89.3,10.8,69.5,3.9,8.1,69.2,21.0,8.7,20.0,23.2,10.0,7.0,12.7,4.2,35.1,10.4,5.1,5.9,32.9,17.5,76.7,15.6,7.6,34.4,9.2,2.3,6.6,35.9,2.2,7.1,3.0,3.5925,40
24017851301,MD,Maryland,Charles,24017,4900,3675,-76.8729416,38.4480974,7.4,29.5,15.3,40.1,77.2,8.8,10.8,6.6,78.7,88.4,14.2,67.4,8.1,14.8,62.4,22.1,12.9,29.3,22.9,14.0,11.2,19.2,7.0,40.0,11.4,8.2,7.6,33.2,23.9,76.4,17.6,14.0,39.7,14.3,4.0,7.8,35.9,3.6,11.4,4.8,4.380000000000001,40
24017850906,MD,Maryland,Charles,24017,4750,3569,-76.8969636,38.5985749,8.9,24.5,13.0,41.2,75.6,5.5,11.5,4.7,80.6,89.0,13.8,67.5,5.6,12.8,56.2,17.9,13.6,27.5,30.1,21.0,16.6,19.2,4.3,34.6,18.9,7.9,10.5,38.2,25.5,83.2,17.8,12.8,44.2,12.3,3.9,12.3,44.0,3.4,10.5,5.1,4.6075,40
24021751201,MD,Maryland,Frederick,24021,5702,4244,-77.4266399,39.4521276,6.1,24.5,15.0,33.1,76.2,8.6,9.3,5.0,79.7,90.9,9.5,70.6,4.3,7.3,71.4,19.4,9.8,20.3,21.8,8.5,5.9,12.4,5.2,38.6,8.7,4.9,5.1,31.0,17.4,78.2,13.8,8.3,33.1,9.3,2.3,5.6,34.5,2.5,5.1,3.0,3.4,40
24031704805,MD,Maryland,Montgomery,24031,2679,2378,-77.0933803,38.9865015,5.3,20.6,14.5,29.3,75.7,8.4,8.9,4.8,77.1,91.5,8.3,73.1,3.7,5.1,71.9,18.6,8.5,19.1,17.9,7.1,4.5,11.3,5.2,39.7,6.6,4.4,4.2,30.2,14.7,80.5,11.3,7.6,23.1,8.7,2.0,4.0,30.5,2.4,3.9,2.8,3.1199999999999997,40
24031700832,MD,Maryland,Montgomery,24031,3206,2369,-77.2386096,39.1700922,17.0,19.6,13.5,32.5,72.5,5.1,9.6,5.3,74.0,87.2,14.1,63.5,5.2,10.4,59.1,17.7,12.6,27.8,27.0,22.7,15.6,22.1,5.3,39.3,18.8,7.5,10.2,36.6,26.8,79.3,14.7,12.1,31.2,13.0,4.0,10.2,37.7,3.1,10.3,6.1,4.0375,40
24031704502,MD,Maryland,Montgomery,24031,2786,2010,-77.1363213,39.0089751,3.5,22.6,14.0,31.1,78.1,9.9,8.7,5.0,79.9,93.9,6.7,72.1,3.4,4.3,79.3,17.2,8.7,17.2,16.1,4.6,2.6,9.9,5.2,43.7,4.5,3.6,3.0,27.5,12.7,82.7,9.6,7.1,22.1,8.4,1.8,2.8,28.0,2.4,2.4,2.4,2.775,40
24033800516,MD,Maryland,Prince George's,24033,3889,3148,-76.7288343,38.9454867,7.0,23.8,12.8,36.3,76.2,6.3,11.5,4.3,79.6,91.8,9.9,71.3,4.1,7.4,68.1,14.7,11.7,22.1,24.4,13.6,8.8,14.6,3.8,34.9,13.7,5.7,7.0,34.9,20.2,84.9,12.9,10.9,37.6,10.0,2.9,8.1,41.0,3.0,8.3,3.8,3.8600000000000003,40
24033800513,MD,Maryland,Prince George's,24033,6950,5120,-76.7593049,38.9606453,7.3,24.1,13.3,35.8,75.5,7.0,11.1,4.6,78.9,91.8,10.0,70.6,4.4,8.1,65.8,15.3,11.5,22.0,23.4,13.2,8.6,14.8,4.3,36.1,13.2,5.7,6.8,33.5,20.1,82.8,12.8,10.7,37.3,10.5,2.9,7.8,41.4,2.9,6.1,3.7,3.46,40
24021752802,MD,Maryland,Frederick,24021,3654,2812,-77.5802262,39.5384807,5.3,27.5,16.1,34.0,76.9,9.9,9.7,5.5,79.4,91.0,10.4,69.7,5.2,8.9,73.5,21.7,9.8,21.8,20.6,7.4,5.3,13.1,5.8,40.6,7.3,5.3,4.6,30.3,17.7,76.2,14.7,9.3,33.5,10.4,2.5,4.8,32.8,2.7,6.3,3.0,3.5949999999999998,40
24031701422,MD,Maryland,Montgomery,24031,2902,1967,-76.9437971,39.0829685,11.5,16.2,13.4,32.4,67.9,3.1,11.7,3.3,75.9,87.7,14.4,58.3,3.9,10.9,56.1,18.1,10.3,24.8,31.0,25.4,20.5,19.4,2.8,32.1,23.8,7.7,12.1,40.4,23.8,79.8,17.3,9.6,36.0,11.0,3.6,14.4,44.7,2.6,11.9,5.1,4.529999999999999,40
24033800402,MD,Maryland,Prince George's,24033,5205,4061,-76.7438263,38.9837933,8.6,26.9,13.6,36.5,76.4,8.5,10.8,5.7,77.9,91.0,10.9,69.9,5.6,9.2,67.0,16.7,12.0,25.0,22.1,13.2,8.6,16.4,5.7,38.3,12.3,6.4,6.7,32.7,22.1,79.1,13.3,12.4,36.7,11.9,3.2,7.3,37.5,3.3,7.3,4.1,3.78,40
24031700713,MD,Maryland,Montgomery,24031,6081,4270,-77.2011707,39.1570998,21.7,17.2,13.6,31.1,67.4,3.6,10.1,4.9,71.4,83.4,17.3,54.3,5.6,12.8,49.7,19.2,12.8,30.9,27.9,32.0,25.4,26.8,5.0,36.6,25.4,9.5,14.7,38.0,30.5,70.4,16.8,12.9,34.3,14.3,5.0,15.2,40.5,3.1,11.4,8.1,4.9624999999999995,40
24031706008,MD,Maryland,Montgomery,24031,5301,4060,-77.2227804,38.9966198,3.4,22.9,13.0,31.9,79.8,10.3,8.3,5.2,80.8,94.2,6.3,73.8,3.4,3.9,79.7,16.3,9.2,16.8,16.2,4.2,2.2,9.6,5.3,45.5,3.9,3.4,2.7,27.4,12.5,80.7,8.9,7.0,20.5,8.2,1.7,2.3,27.0,2.4,2.4,2.3,2.755,40
24031701220,MD,Maryland,Montgomery,24031,3970,3087,-77.2056504,39.0686855,4.0,19.5,11.7,30.1,78.4,7.6,7.7,4.6,79.4,93.1,6.7,70.0,3.2,4.6,75.9,14.2,9.9,16.4,20.8,6.1,2.9,10.5,4.6,44.7,5.0,3.5,3.3,30.2,14.9,79.5,9.1,6.9,18.6,8.1,1.7,2.7,30.3,2.3,3.5,2.5,2.8600000000000003,40
24031702402,MD,Maryland,Montgomery,24031,4665,3643,-77.0178539,38.9929711,6.9,18.2,14.8,30.3,71.9,5.7,10.1,3.8,77.0,91.0,9.8,66.8,3.5,6.6,67.2,18.1,9.0,19.4,21.6,11.6,8.3,13.4,3.6,36.5,11.6,5.0,6.4,32.8,16.0,81.5,12.8,7.7,29.2,9.2,2.5,7.2,36.3,2.3,8.0,3.4,3.53,40
24031703221,MD,Maryland,Montgomery,24031,4694,3664,-77.0469507,39.1089671,7.8,21.1,13.0,33.1,76.4,6.7,9.7,4.8,78.4,91.5,9.9,71.3,4.2,7.1,70.1,16.9,11.0,21.6,23.4,12.3,8.0,15.0,4.5,40.8,11.3,5.4,6.2,33.5,18.9,82.5,12.4,9.5,27.3,10.3,2.7,6.4,35.2,2.8,5.2,3.8,3.395000000000001,40
24031700811,MD,Maryland,Montgomery,24031,5010,3720,-77.1938227,39.1817227,14.2,19.4,13.8,31.4,72.6,5.3,10.1,4.7,74.8,88.3,13.2,66.0,4.7,9.3,60.9,18.0,11.4,25.7,26.4,19.5,13.3,19.7,4.6,38.4,17.0,6.9,9.2,36.7,23.4,77.9,14.5,11.0,30.2,12.0,3.5,9.2,37.8,2.9,8.5,5.2,3.785,40
24031704000,MD,Maryland,Montgomery,24031,7285,5606,-77.0544179,39.021678,9.9,20.4,14.2,31.1,75.0,6.8,9.4,4.9,76.5,90.8,10.3,69.0,4.2,7.1,67.8,17.7,10.3,22.1,21.9,12.3,7.9,15.5,4.9,40.0,11.1,5.5,6.2,32.7,18.8,79.4,12.3,9.5,27.0,10.4,2.8,6.1,34.1,2.8,5.8,4.0,3.2375000000000007,40
24031700829,MD,Maryland,Montgomery,24031,3498,2788,-77.2211774,39.1269866,5.2,18.3,13.6,27.9,74.4,6.9,8.3,4.0,77.1,92.2,7.7,67.4,3.2,5.5,74.0,16.1,8.8,17.0,21.2,7.4,4.0,10.9,4.2,40.8,6.8,3.8,4.0,31.1,15.2,80.1,10.6,6.7,21.3,8.4,1.8,3.7,32.0,2.1,5.4,2.6,3.085,40
24033800217,MD,Maryland,Prince George's,24033,4776,3550,-76.8493195,39.0546111,9.7,22.4,13.0,35.8,73.3,5.5,11.3,4.5,77.8,90.1,11.4,69.1,4.5,9.2,64.7,15.2,12.3,23.7,25.3,18.2,12.7,17.1,4.0,34.3,17.3,6.5,8.9,35.2,22.8,82.0,14.0,11.3,40.2,11.0,3.4,10.6,42.1,3.0,7.3,4.5,4.077499999999999,40
24031701221,MD,Maryland,Montgomery,24031,4491,3448,-77.2037745,39.087633,5.5,20.8,11.6,32.3,77.8,7.0,8.6,5.1,78.6,91.6,8.7,63.8,4.1,6.4,72.7,16.0,11.4,20.3,21.8,10.1,6.1,13.9,5.1,43.4,8.0,4.9,5.1,31.8,18.6,78.8,11.0,9.1,22.2,9.7,2.5,4.7,31.6,2.8,5.0,3.6,3.345,40
24031700710,MD,Maryland,Montgomery,24031,6718,5142,-77.156163,39.1446487,15.1,22.0,12.8,34.2,75.0,6.3,9.6,6.2,75.2,88.0,13.6,63.3,6.3,10.6,62.1,18.1,13.3,28.1,25.2,20.7,14.7,22.2,6.1,42.2,16.0,7.7,9.4,35.0,26.1,77.7,14.0,13.1,29.3,13.5,4.2,9.0,35.3,3.5,13.4,6.1,4.035,40
24033800606,MD,Maryland,Prince George's,24033,4778,3835,-76.7622344,38.8278223,6.7,21.2,12.8,36.0,73.0,4.3,12.7,3.3,79.9,91.8,10.5,66.3,3.6,8.4,68.7,15.1,11.4,20.8,26.3,17.1,12.1,15.1,2.5,31.5,18.0,6.0,8.7,36.3,20.2,84.7,14.3,10.0,43.0,9.8,3.1,11.3,44.4,2.7,8.7,3.8,4.515,40
24031705903,MD,Maryland,Montgomery,24031,4616,3418,-77.1224382,38.9817886,3.6,22.3,13.5,31.1,78.8,9.9,8.4,5.0,80.3,94.0,6.5,73.2,3.3,4.0,81.1,16.5,8.9,17.0,16.4,4.5,2.3,9.8,5.2,44.4,4.3,3.5,2.9,27.6,12.7,81.6,9.2,7.0,21.0,8.3,1.7,2.6,26.9,2.4,2.5,2.4,2.8725000000000005,40
24031701222,MD,Maryland,Montgomery,24031,3784,3161,-77.1168941,39.0393872,4.7,23.6,13.0,32.1,78.8,10.3,8.9,5.4,79.8,93.3,7.5,74.3,3.9,4.8,77.0,17.6,9.2,19.4,17.2,6.0,3.7,11.3,5.8,43.5,5.6,4.2,3.6,28.7,14.4,82.6,10.1,8.2,22.5,9.0,2.0,3.4,29.2,2.6,4.4,2.8,3.12,40
24031701001,MD,Maryland,Montgomery,24031,5503,4281,-77.1398562,39.0639542,7.9,23.3,13.0,33.3,77.1,8.4,9.3,5.9,77.8,91.1,10.2,70.3,5.2,7.7,71.5,18.2,11.1,23.3,21.0,11.3,7.5,15.7,5.9,43.1,9.3,5.8,5.7,31.7,19.5,79.7,12.2,10.4,25.5,11.1,2.9,5.4,31.7,3.1,5.8,4.0,3.3475,40
24031703301,MD,Maryland,Montgomery,24031,5064,3814,-77.0936023,39.0700877,17.6,18.4,14.2,29.3,71.9,5.4,8.8,5.0,72.9,88.0,12.8,63.9,4.5,8.9,65.5,16.9,11.2,25.6,26.5,18.5,10.6,20.0,5.2,39.9,15.6,6.4,8.2,36.0,24.4,78.8,13.3,10.8,27.3,12.2,3.3,7.4,34.2,2.7,8.4,5.2,4.090000000000001,40
24033800218,MD,Maryland,Prince George's,24033,5612,4238,-76.8592109,39.0693303,15.3,22.8,13.0,37.5,70.8,4.5,12.3,5.0,75.3,86.5,15.7,60.6,6.2,13.8,54.8,17.3,14.2,30.0,28.4,29.9,24.1,23.9,4.5,33.4,26.2,9.4,14.0,38.1,30.3,78.4,17.4,14.6,45.9,13.9,5.0,16.9,45.1,3.5,12.5,6.7,4.67,40
24031700204,MD,Maryland,Montgomery,24031,2103,1671,-77.2187401,39.3075065,8.4,24.0,15.7,32.4,75.6,9.1,9.7,6.0,75.9,90.3,11.3,71.0,5.6,8.7,68.9,20.5,9.8,24.3,20.6,10.0,6.5,15.4,6.3,42.1,9.2,5.9,5.4,32.2,18.6,77.6,13.7,10.2,27.0,11.7,2.8,5.1,32.5,3.0,6.9,3.7,3.562499999999999,40
24031703501,MD,Maryland,Montgomery,24031,6694,5085,-77.0882029,39.0533187,16.8,19.5,13.4,32.4,73.1,5.1,9.6,5.1,74.4,88.1,13.5,62.2,4.9,9.9,59.8,17.0,12.4,27.1,27.7,21.3,13.9,21.5,5.1,39.7,18.0,7.2,9.5,36.9,26.1,76.9,14.2,11.9,30.3,12.7,3.8,9.4,37.7,3.1,10.1,5.8,3.9675,40
24031701425,MD,Maryland,Montgomery,24031,3717,3078,-76.9597374,39.0504895,7.6,30.8,8.5,44.0,84.3,12.7,9.4,8.6,84.8,94.3,9.0,73.7,5.6,5.3,72.4,13.6,13.3,29.4,21.9,10.7,7.4,16.8,9.2,45.9,9.5,6.7,5.6,32.3,21.8,81.0,9.9,14.7,25.4,11.4,3.4,5.7,31.4,4.7,8.2,4.8,4.3375,40
24033800212,MD,Maryland,Prince George's,24033,6374,5314,-76.8838574,39.0789014,8.5,23.2,11.9,36.1,76.7,6.1,10.9,4.7,78.9,90.8,10.1,71.5,4.3,7.6,65.5,14.1,12.6,22.8,25.0,15.0,9.6,15.8,4.1,36.1,13.6,6.0,7.3,35.1,21.9,83.0,12.5,11.4,35.3,10.2,3.0,7.8,40.5,3.2,8.8,4.1,3.777499999999999,40
24033800410,MD,Maryland,Prince George's,24033,7030,5796,-76.7682859,39.0107193,6.5,18.9,14.1,30.2,71.4,5.0,11.6,3.4,78.0,89.6,10.6,72.7,3.3,6.2,68.6,15.4,9.5,20.4,24.8,13.0,7.3,12.8,3.1,30.9,12.9,5.4,7.5,37.6,17.4,82.7,14.1,8.3,34.9,8.9,2.4,7.3,40.6,2.3,6.2,3.2,3.54,40
24031700902,MD,Maryland,Montgomery,24031,3816,3026,-77.1442283,39.0896147,12.7,19.6,14.1,31.3,73.1,5.8,9.3,5.1,74.3,88.3,12.4,65.2,4.9,9.3,62.7,17.9,11.4,24.9,24.8,16.9,11.2,18.7,5.2,39.9,14.1,6.5,8.0,34.8,22.8,78.6,13.8,10.6,28.1,11.8,3.3,7.7,35.4,2.9,6.7,4.9,3.757500000000001,40
24031706013,MD,Maryland,Montgomery,24031,2980,2228,-77.1589988,39.0095058,4.0,23.7,13.2,32.5,79.2,10.4,8.6,5.4,80.4,93.9,7.0,72.2,3.8,4.6,78.5,16.9,9.4,18.6,17.0,5.1,2.9,10.7,5.7,44.7,4.9,3.9,3.2,28.1,13.8,82.4,9.6,7.9,21.9,8.9,1.9,3.0,28.3,2.6,4.8,2.6,3.0275000000000007,40
24031701102,MD,Maryland,Montgomery,24031,6167,4945,-77.1243447,39.0723414,11.7,18.4,14.9,28.7,71.8,5.9,8.9,4.6,73.9,88.9,11.3,64.7,4.2,8.2,61.0,17.8,10.0,22.6,23.8,14.1,8.5,16.4,4.9,39.3,12.2,5.6,6.7,34.1,20.6,78.5,13.1,9.1,26.2,10.8,2.7,6.3,35.7,2.5,13.4,4.1,3.7075000000000005,40
24033800505,MD,Maryland,Prince George's,24033,2737,2165,-76.7307043,38.9581151,7.4,25.1,14.8,34.1,75.6,8.3,10.5,4.9,77.5,91.5,9.7,71.9,4.6,7.8,69.7,16.4,10.6,22.0,21.1,10.4,6.3,13.8,4.9,37.3,10.4,5.4,5.6,31.9,18.9,79.5,12.5,10.4,34.9,10.6,2.7,6.0,37.0,2.8,6.8,3.4,3.55,40
24033800511,MD,Maryland,Prince George's,24033,5222,4152,-76.729449,38.9112952,8.3,25.8,12.5,38.4,76.7,6.9,11.6,5.0,79.5,91.4,10.9,72.6,5.0,9.0,65.3,15.3,12.9,24.4,25.0,15.8,10.6,16.8,4.5,36.7,15.3,6.5,7.8,34.8,22.6,79.7,13.6,12.5,39.5,11.4,3.5,9.1,41.8,3.3,9.1,4.3,4.04,40
24033800206,MD,Maryland,Prince George's,24033,4272,3228,-76.8264852,39.0425507,8.9,22.0,12.9,35.9,73.5,5.1,11.7,4.2,78.2,90.0,11.3,69.2,4.4,8.8,63.4,15.4,12.4,23.2,24.8,18.3,13.0,17.0,3.5,33.8,17.3,6.6,9.2,35.3,22.3,83.5,14.0,11.2,40.8,10.8,3.5,10.8,42.9,2.9,8.2,4.5,4.315,40
24031700901,MD,Maryland,Montgomery,24031,5213,4552,-77.1522375,39.0865869,7.8,20.9,13.1,31.6,76.0,7.4,8.9,5.5,76.8,90.0,10.0,68.8,4.4,6.7,66.8,17.6,10.5,23.0,21.5,11.6,7.8,14.9,5.9,40.4,9.6,5.7,6.0,32.8,19.6,78.2,12.2,9.8,24.1,10.1,2.6,5.7,32.7,2.9,8.4,4.0,3.4799999999999995,40
24031700728,MD,Maryland,Montgomery,24031,2043,1752,-77.1761624,39.1271568,9.8,19.8,13.1,32.1,74.0,5.7,9.5,5.3,75.2,88.0,12.0,71.7,5.1,9.0,69.0,18.4,11.8,24.5,23.9,16.6,12.1,18.0,5.2,40.1,13.0,6.6,8.1,34.4,22.1,80.8,13.8,10.5,27.0,11.3,3.3,7.8,33.8,3.0,6.5,4.9,3.4775,40
24031703223,MD,Maryland,Montgomery,24031,6420,4947,-77.0382996,39.0805511,7.1,20.0,12.7,32.6,76.3,6.3,9.2,4.5,78.4,91.9,9.1,67.6,3.7,6.6,69.8,15.7,10.8,20.1,23.8,11.2,6.9,13.9,4.3,40.8,10.4,4.8,5.7,33.2,18.0,80.4,11.6,8.7,25.9,9.6,2.5,5.9,35.1,2.7,6.8,3.5,3.135,40
24031701704,MD,Maryland,Montgomery,24031,3033,2256,-76.9981538,38.9758298,6.9,21.5,14.8,32.1,75.2,7.3,9.9,4.7,77.6,91.9,9.6,67.5,4.2,7.1,68.2,18.8,9.8,20.6,20.0,10.2,7.2,13.9,4.5,39.9,9.7,5.1,5.5,31.1,16.5,81.0,12.3,8.9,28.2,10.0,2.6,5.9,34.4,2.7,7.3,3.5,3.5174999999999996,40
24031706005,MD,Maryland,Montgomery,24031,4664,3611,-77.1887353,39.0201034,4.2,24.2,11.9,33.7,80.9,10.9,8.3,5.8,81.4,94.1,6.9,74.5,3.9,4.4,79.8,15.5,9.9,19.3,17.7,5.3,2.9,11.1,6.2,46.1,4.6,4.0,3.1,28.4,14.6,83.3,9.0,8.4,20.3,8.9,2.0,2.6,27.0,2.8,2.1,2.7,3.085,40
24031701409,MD,Maryland,Montgomery,24031,4361,3602,-76.9522476,39.1003467,6.6,22.9,12.3,34.8,79.0,7.9,9.1,5.5,79.4,92.2,9.1,74.0,4.4,6.6,71.7,16.0,11.6,21.7,23.1,10.0,5.9,14.1,5.3,43.6,9.0,5.0,5.2,32.7,18.5,81.1,11.5,9.7,25.1,10.2,2.6,5.0,33.5,3.0,4.9,3.5,2.95,40
24031703502,MD,Maryland,Montgomery,24031,3108,2445,-77.0818199,39.0379826,8.6,22.4,14.2,31.9,76.0,8.2,9.4,5.4,77.0,91.1,10.2,70.4,4.7,7.3,72.8,18.4,10.2,22.8,20.8,10.5,6.7,15.0,5.7,41.6,9.5,5.5,5.6,31.8,18.4,79.5,12.3,9.8,26.0,10.8,2.7,5.3,31.4,2.9,4.9,3.8,3.325,40
24031704600,MD,Maryland,Montgomery,24031,5255,3867,-77.1177739,38.9970312,4.5,20.8,14.9,28.7,76.0,9.1,8.7,4.5,78.1,93.0,7.4,71.7,3.4,4.8,78.8,17.6,8.0,17.3,17.2,5.4,3.0,10.2,4.9,41.8,5.2,3.8,3.3,28.8,13.0,82.2,10.2,6.9,21.8,8.4,1.8,3.0,28.3,2.2,2.8,2.4,2.935,40
24033800520,MD,Maryland,Prince George's,24033,2440,1938,-76.722106,38.9394397,7.7,24.6,11.5,39.5,76.6,5.3,12.5,4.3,80.9,91.9,10.8,67.3,4.4,8.6,64.4,14.7,13.4,23.6,25.7,18.3,13.4,17.2,3.3,34.4,17.8,6.7,8.9,35.7,22.8,84.4,13.7,12.6,42.7,10.8,3.7,11.2,44.1,3.4,10.5,4.6,4.69,40
24031700606,MD,Maryland,Montgomery,24031,4192,3226,-77.2439621,39.0958132,5.6,22.5,11.9,33.1,78.4,8.2,8.5,5.5,79.1,92.5,8.3,67.6,4.5,6.7,71.1,16.3,11.3,20.0,21.0,8.7,5.1,13.6,5.4,45.6,6.9,4.6,4.4,30.4,17.9,79.2,10.6,8.9,22.2,10.0,2.4,3.9,31.7,2.8,6.0,3.3,3.4475000000000007,40
24031703601,MD,Maryland,Montgomery,24031,4750,3731,-77.0693759,39.041529,9.2,19.8,14.8,29.6,73.9,6.9,8.9,4.5,75.9,91.0,9.7,69.9,3.9,6.8,71.1,17.6,9.6,20.8,21.3,10.7,6.4,14.1,4.8,40.0,10.1,4.9,5.5,32.0,18.1,80.4,12.0,8.5,26.1,10.0,2.4,5.4,32.7,2.5,5.8,3.5,3.1625,40
24031701004,MD,Maryland,Montgomery,24031,5301,3975,-77.1659654,39.0986188,6.7,22.2,14.1,31.3,75.7,8.5,9.5,5.3,77.5,91.3,9.8,70.1,4.6,7.0,73.0,18.7,9.4,21.6,20.0,9.4,6.1,13.9,5.5,41.4,8.4,5.3,5.2,31.5,16.8,79.4,12.2,9.1,24.9,10.3,2.5,4.9,31.2,2.7,3.9,3.4,3.525000000000001,40
24031705901,MD,Maryland,Montgomery,24031,4501,3428,-77.1411785,38.9959383,4.0,25.3,12.4,33.7,80.7,11.9,8.5,6.1,81.4,94.2,7.0,72.9,3.9,4.2,78.4,16.3,9.3,19.9,16.2,4.7,2.6,10.9,6.6,45.6,4.3,4.1,3.0,27.7,14.0,81.5,9.1,8.6,20.9,9.0,2.0,2.6,27.3,2.8,2.4,2.7,3.2125,40
24031700718,MD,Maryland,Montgomery,24031,5487,4772,-77.1823146,39.1146622,5.8,22.5,12.6,32.5,77.9,9.1,9.0,5.6,79.0,92.1,8.5,73.5,4.1,5.3,74.0,17.1,9.9,21.2,19.3,8.5,5.5,12.7,6.0,41.7,7.8,4.9,4.8,30.8,16.6,81.3,11.0,9.0,23.6,9.4,2.3,4.7,30.6,2.8,4.4,3.3,3.1500000000000004,40
24031701414,MD,Maryland,Montgomery,24031,7592,5891,-76.9660918,39.0726448,8.0,22.6,11.5,36.6,78.3,6.8,9.9,5.5,79.9,91.7,10.1,69.8,4.6,7.3,62.8,15.8,12.6,23.4,24.7,14.0,9.7,16.5,5.0,41.7,12.5,5.9,7.0,34.1,20.5,80.9,12.2,10.9,28.3,10.7,3.2,7.4,38.4,3.4,9.1,4.4,3.625,40
24031700309,MD,Maryland,Montgomery,24031,5807,4485,-77.2703189,39.1881087,9.4,16.8,14.9,28.0,69.9,4.7,9.9,3.5,74.7,89.2,11.3,64.4,3.6,7.8,63.6,18.2,9.0,20.8,24.7,14.5,9.6,14.9,3.5,35.8,13.6,5.5,7.3,35.6,18.7,79.9,14.0,8.0,28.2,9.9,2.6,7.6,37.8,2.2,7.6,3.8,3.6149999999999998,40
24031700818,MD,Maryland,Montgomery,24031,6624,4694,-77.2556386,39.1798565,15.7,17.3,13.8,31.2,68.1,3.7,10.6,4.3,72.9,85.3,15.7,60.9,5.0,12.2,55.4,19.4,11.5,27.7,28.4,27.1,21.5,22.5,4.1,35.4,22.7,8.4,12.6,38.4,26.9,75.8,17.0,11.1,33.9,12.8,4.1,13.7,41.2,2.8,17.2,6.3,4.312499999999999,40
24031701315,MD,Maryland,Montgomery,24031,4394,3366,-77.0527544,39.1585226,6.1,22.2,13.9,32.2,76.2,7.5,9.8,4.9,77.8,91.5,9.9,70.2,4.5,7.3,71.0,18.9,10.3,21.4,21.0,10.2,6.8,14.1,4.9,41.4,9.2,5.4,5.5,32.1,17.7,81.2,12.7,9.3,26.2,10.5,2.6,5.5,33.4,2.8,5.8,3.5,3.3525,40
24031703902,MD,Maryland,Montgomery,24031,7469,5773,-77.0397148,39.0322535,13.0,19.4,14.2,31.0,72.3,5.6,9.8,4.8,74.8,88.7,12.5,65.8,4.7,9.2,64.0,18.4,10.9,24.6,24.7,17.5,12.1,18.5,4.8,38.7,15.2,6.6,8.3,35.1,22.3,77.3,14.1,10.4,29.4,11.6,3.3,8.4,35.9,2.8,5.5,4.9,3.85,40
24033800412,MD,Maryland,Prince George's,24033,4807,3550,-76.8433498,38.9839494,13.4,23.8,11.8,38.4,75.0,5.3,11.5,5.3,77.3,88.7,13.2,65.7,5.6,11.1,58.3,14.7,14.4,27.8,29.0,23.4,16.5,21.4,4.5,35.9,20.2,8.0,10.7,37.9,27.8,80.7,14.6,14.3,40.1,12.6,4.3,11.7,43.2,3.7,12.3,5.7,4.472499999999998,40
24031701201,MD,Maryland,Montgomery,24031,6144,4814,-77.0957459,39.0498578,12.2,19.5,14.6,29.9,71.9,6.1,9.3,5.0,73.9,88.1,12.4,64.1,4.9,9.3,63.3,18.9,10.5,24.6,23.5,16.0,10.9,18.1,5.3,39.4,13.3,6.5,7.7,34.2,22.0,76.1,13.8,10.3,27.3,11.7,3.2,7.3,34.5,2.8,7.8,4.7,3.95,40
24031700611,MD,Maryland,Montgomery,24031,5816,4291,-77.32003,39.1576526,5.5,17.2,11.7,28.9,75.7,5.5,8.1,4.0,78.0,92.0,7.9,61.9,3.1,5.8,73.2,14.4,10.3,17.2,23.6,9.3,4.8,12.2,3.9,42.3,7.5,4.0,4.6,32.6,17.2,79.0,10.3,7.2,20.2,8.6,2.0,4.0,32.6,2.2,6.3,3.0,3.3449999999999998,40
24033800519,MD,Maryland,Prince George's,24033,3994,3149,-76.7247516,38.9266468,6.6,24.3,12.6,37.6,76.8,6.3,11.5,4.4,80.0,92.1,9.9,68.7,4.3,7.8,67.3,14.6,12.5,21.9,24.5,13.8,8.7,15.1,3.7,36.3,13.7,5.7,7.1,34.3,20.2,83.2,12.8,11.1,38.6,10.4,3.1,8.1,41.7,3.1,8.2,3.8,4.0375,40
24031705100,MD,Maryland,Montgomery,24031,5665,4315,-77.0730231,38.9954347,4.2,24.5,13.8,32.7,79.3,11.0,9.2,5.5,80.3,93.7,7.6,76.0,4.0,4.7,78.7,18.0,8.9,19.5,16.4,5.2,3.1,10.9,5.8,43.7,5.1,4.2,3.3,28.5,13.5,82.3,10.2,8.2,22.9,9.1,2.0,3.1,27.9,2.7,2.9,2.7,2.8499999999999996,40
24031700207,MD,Maryland,Montgomery,24031,5804,4224,-77.2179052,39.2710465,10.5,19.9,15.2,29.7,71.6,6.2,10.0,4.7,74.4,88.8,12.4,66.7,4.9,9.4,62.7,20.1,9.7,23.7,23.3,14.8,10.2,16.9,4.8,38.5,13.1,6.4,7.4,34.5,20.3,79.8,14.6,9.6,28.5,11.5,3.0,7.4,36.0,2.6,9.4,4.2,3.7625,40
24031700101,MD,Maryland,Montgomery,24031,4570,3611,-77.1626524,39.2286822,6.3,23.5,14.3,32.9,77.6,9.1,9.3,5.5,78.3,92.1,9.2,71.9,4.6,6.7,72.5,18.1,10.0,21.2,19.8,8.3,5.0,13.4,5.6,43.3,7.6,4.9,4.6,30.8,16.5,81.0,11.6,9.1,25.0,10.3,2.5,4.3,31.4,2.8,6.3,3.2,3.3974999999999995,40
24031703401,MD,Maryland,Montgomery,24031,5871,4437,-77.079775,39.061611,19.3,19.1,13.5,31.4,72.9,5.0,8.9,5.4,73.3,87.6,13.6,61.9,4.8,9.7,59.8,16.7,12.9,27.6,27.5,22.0,13.5,22.3,5.6,40.6,18.0,7.1,9.6,36.4,27.5,78.6,13.8,12.1,29.1,13.0,3.8,8.9,35.9,3.1,12.3,6.1,4.140000000000001,40
24031703402,MD,Maryland,Montgomery,24031,4035,3123,-77.0690635,39.0695576,15.5,18.3,14.0,30.1,73.1,5.2,8.6,4.9,73.8,88.5,12.0,65.4,4.2,8.2,61.1,16.3,11.7,24.5,25.7,17.4,10.2,19.0,5.0,40.1,14.8,6.0,7.9,35.1,23.6,79.4,12.8,10.4,27.5,11.6,3.2,7.3,36.3,2.8,9.3,5.1,3.9625,40
24031703403,MD,Maryland,Montgomery,24031,3970,3018,-77.0623465,39.061654,19.7,17.6,14.8,29.1,70.7,4.8,8.8,4.8,71.9,87.1,13.5,61.6,4.3,9.1,59.3,16.8,11.4,26.3,27.1,20.3,11.8,20.8,5.1,38.8,17.5,6.5,9.0,36.6,25.6,77.6,13.9,10.7,29.1,12.3,3.4,8.3,36.0,2.7,8.5,5.5,3.7950000000000004,40
24031700824,MD,Maryland,Montgomery,24031,2872,2129,-77.2453973,39.1194939,4.2,20.4,15.5,28.5,74.7,8.2,9.0,4.2,77.7,92.7,7.6,72.3,3.3,5.0,77.0,18.5,8.0,16.8,17.1,5.6,3.2,10.1,4.3,40.9,5.7,3.8,3.5,28.8,12.7,83.0,10.8,6.6,23.6,8.5,1.8,3.5,30.2,2.1,4.2,2.4,2.920000000000001,40
24031702602,MD,Maryland,Montgomery,24031,4769,3863,-77.0480743,38.9936755,7.8,13.6,16.8,23.7,64.4,3.9,10.2,2.7,73.0,87.9,11.2,66.5,2.9,6.6,68.6,20.1,6.6,18.8,22.7,12.7,8.8,12.5,2.9,30.7,12.4,5.2,7.0,36.0,15.3,81.6,14.6,6.1,27.1,8.4,2.1,7.2,35.3,1.7,6.8,3.1,3.5849999999999995,40
24021767600,MD,Maryland,Frederick,24021,3170,2460,-77.3112605,39.5459235,6.6,29.4,15.4,36.4,77.8,10.3,9.9,6.5,79.2,90.3,11.7,71.2,6.4,10.4,66.3,22.3,11.1,24.8,21.6,9.1,6.8,15.5,6.8,41.8,8.4,6.2,5.4,31.1,20.1,75.1,15.6,11.0,34.9,11.7,3.0,5.5,34.8,3.2,7.7,3.6,3.625,40
24031701006,MD,Maryland,Montgomery,24031,5550,4266,-77.182253,39.0802814,4.4,23.9,11.6,33.3,80.6,10.6,8.1,5.7,81.0,94.0,6.9,71.7,3.9,4.5,78.7,15.2,9.9,19.4,18.3,5.6,3.0,11.2,6.1,45.8,4.8,4.0,3.2,28.8,15.1,82.0,9.0,8.5,20.1,8.9,2.0,2.7,27.8,2.8,4.4,2.8,2.9399999999999995,40
24031701306,MD,Maryland,Montgomery,24031,3000,2314,-77.0958669,39.1388468,4.8,22.9,14.9,31.3,77.4,9.7,8.9,5.1,78.6,93.0,7.9,73.8,4.0,5.5,77.3,18.2,8.9,18.9,17.5,5.9,3.5,11.2,5.3,43.1,5.8,4.2,3.6,28.9,13.9,82.4,10.7,7.9,23.6,9.3,2.0,3.4,28.8,2.5,4.3,2.7,2.9825000000000004,40
24031703210,MD,Maryland,Montgomery,24031,3760,2840,-77.0141838,39.0325523,8.7,19.6,14.5,29.9,74.7,6.9,9.1,4.5,76.7,91.5,9.4,70.5,3.6,6.2,73.8,17.0,9.5,20.3,21.7,10.2,6.0,13.6,4.6,39.6,9.8,4.8,5.3,32.4,17.0,81.9,11.7,8.4,25.7,9.6,2.4,5.2,32.3,2.5,5.2,3.4,3.12,40
24021752900,MD,Maryland,Frederick,24021,3094,2493,-77.4409586,39.642645,6.9,29.1,15.8,36.3,77.3,9.9,9.9,6.6,78.4,89.1,12.4,69.1,6.7,11.2,64.3,22.6,11.1,25.8,22.3,9.8,7.6,16.1,6.9,41.3,8.8,6.6,5.8,31.9,21.2,72.7,16.3,11.3,35.3,12.0,3.1,5.8,35.7,3.3,10.1,3.8,3.6625,40
24031703215,MD,Maryland,Montgomery,24031,3357,2527,-77.0540058,39.0846638,14.8,22.4,12.6,35.4,75.6,6.2,10.2,6.1,76.3,88.6,13.5,65.2,5.9,9.9,61.6,17.9,13.3,28.4,25.5,21.2,15.8,21.9,5.9,40.7,17.4,7.9,9.9,35.6,25.7,78.8,14.3,13.4,31.1,13.1,4.3,10.1,36.6,3.7,10.8,6.2,3.9125,40
24031700308,MD,Maryland,Montgomery,24031,6221,4969,-77.2779343,39.1979284,8.6,20.2,14.6,30.5,73.6,6.5,9.9,4.4,76.2,90.5,10.7,69.4,4.3,7.7,68.5,18.9,9.8,21.7,22.6,12.3,8.2,14.9,4.4,39.1,11.6,5.5,6.4,33.5,18.5,79.5,13.4,9.0,27.9,10.5,2.7,6.6,34.6,2.6,5.3,3.7,3.5149999999999997,40
24031703207,MD,Maryland,Montgomery,24031,5906,4193,-77.0334936,39.0540685,17.9,19.2,14.2,30.8,72.2,5.5,9.6,5.2,73.5,87.4,13.8,65.1,4.9,9.1,59.5,18.0,11.3,27.2,25.6,20.6,13.7,20.8,5.4,38.1,17.8,7.2,9.6,36.1,24.8,78.2,14.4,11.4,30.3,12.4,3.7,9.3,36.5,3.0,12.6,5.7,3.8875,40
24031704403,MD,Maryland,Montgomery,24031,1622,1450,-77.1050193,39.0165836,4.9,26.8,11.9,34.8,81.1,12.0,8.9,6.0,81.5,94.4,7.3,76.1,4.4,4.8,75.5,16.9,10.0,20.9,17.1,5.8,3.5,11.8,6.4,46.1,5.4,4.4,3.4,28.2,15.2,81.3,9.5,9.4,22.4,9.6,2.2,3.2,28.6,3.0,2.9,2.9,3.2699999999999996,40
24031701308,MD,Maryland,Montgomery,24031,4234,3353,-77.0607673,39.1321116,6.2,22.4,13.0,33.1,78.3,8.3,8.9,5.4,78.8,92.3,8.7,71.8,4.3,6.4,73.0,16.6,10.6,20.6,21.3,8.7,5.2,13.3,5.4,43.6,7.6,4.7,4.5,31.4,17.4,80.7,11.0,9.0,23.5,9.8,2.4,4.2,31.3,2.8,5.7,3.3,2.985,40
24031701314,MD,Maryland,Montgomery,24031,2885,2261,-77.0606903,39.147117,6.0,20.7,14.4,30.4,76.0,7.7,9.1,4.5,77.9,92.2,8.5,72.8,3.7,5.7,75.8,17.6,9.3,18.8,19.8,8.0,4.8,12.0,4.5,41.1,7.7,4.3,4.5,30.8,15.3,83.3,11.3,7.7,24.7,9.2,2.1,4.4,31.0,2.4,2.2,2.9,3.0450000000000004,40
24031701703,MD,Maryland,Montgomery,24031,3719,2762,-76.9911737,38.9844888,10.3,20.4,13.9,33.0,73.9,5.8,10.2,4.8,76.4,90.1,11.7,67.5,4.7,9.2,66.8,18.0,11.0,23.5,24.3,16.0,11.6,17.6,4.5,39.2,14.2,6.3,7.8,34.3,20.8,81.9,13.6,10.4,30.0,11.3,3.3,8.2,36.4,3.0,7.7,4.6,3.8324999999999996,40
24031700731,MD,Maryland,Montgomery,24031,4261,3199,-77.1966015,39.1334282,19.4,18.0,13.9,30.6,68.2,4.4,10.4,4.9,71.6,84.2,16.8,56.1,5.7,12.4,47.6,19.6,11.5,30.0,28.9,28.0,21.1,24.5,5.1,36.8,22.6,9.0,12.7,39.2,28.7,73.1,16.9,12.3,32.1,13.7,4.4,12.6,40.8,3.0,20.4,6.9,4.5975,40
24033800609,MD,Maryland,Prince George's,24033,3655,2931,-76.7119581,38.8418527,10.0,26.7,11.4,42.4,78.2,5.9,12.4,5.5,80.4,90.8,12.2,69.7,5.6,10.2,63.2,14.5,15.4,27.4,28.1,21.1,15.2,20.2,4.3,36.5,19.2,7.7,10.0,37.1,26.1,84.4,14.3,14.9,42.9,12.3,4.4,11.6,44.4,4.1,10.2,5.4,4.63,40
24031704200,MD,Maryland,Montgomery,24031,2122,1527,-77.0737102,39.0268367,5.6,21.1,15.3,29.4,74.7,8.3,9.2,4.4,77.5,92.3,8.5,70.3,3.8,6.0,77.1,18.8,8.5,18.7,17.8,7.3,4.5,11.8,4.6,40.9,7.1,4.4,4.2,29.5,14.6,80.0,11.4,7.6,25.1,9.4,2.1,4.2,29.6,2.3,4.0,2.9,3.3024999999999993,40
24031701216,MD,Maryland,Montgomery,24031,5986,5194,-77.1158425,39.0478603,5.5,18.3,14.7,27.0,73.1,7.4,8.8,4.1,76.3,91.4,8.1,72.2,3.1,5.0,71.3,17.5,7.6,17.7,19.5,7.4,4.4,10.7,4.5,37.9,7.2,4.1,4.3,31.2,14.1,81.8,11.1,6.7,22.4,8.1,1.8,4.1,31.8,2.1,3.4,2.6,3.0175000000000005,40
24031701211,MD,Maryland,Montgomery,24031,6350,4940,-77.1540952,39.1090766,6.5,18.3,13.7,28.2,73.8,6.4,8.9,4.1,76.6,91.1,8.9,70.0,3.5,6.2,71.3,17.0,9.0,18.6,22.0,9.5,5.6,12.4,4.3,39.8,8.5,4.5,5.0,32.7,16.4,80.4,11.6,7.4,22.9,9.0,2.1,4.7,32.6,2.2,3.8,3.0,2.9975000000000005,40
24031705200,MD,Maryland,Montgomery,24031,3344,2489,-77.065309,38.9837902,3.8,24.0,14.4,31.8,78.6,10.9,9.1,5.3,79.9,93.6,7.3,75.8,3.8,4.6,80.8,18.4,8.5,18.5,15.5,4.7,2.9,10.4,5.6,43.7,4.6,4.0,3.1,27.6,12.6,82.2,10.1,7.7,22.9,8.9,1.9,2.9,26.7,2.5,2.7,2.5,2.920000000000001,40
24033800210,MD,Maryland,Prince George's,24033,3689,2622,-76.8552654,39.0769091,13.4,19.7,13.2,33.7,69.2,3.9,12.1,3.7,75.5,87.3,14.0,63.5,4.6,11.3,54.0,16.1,11.7,25.9,29.2,25.4,18.6,19.9,3.3,31.1,23.1,7.8,11.8,39.2,26.5,78.2,16.3,11.7,42.3,11.6,3.8,13.7,46.5,2.8,13.9,5.3,4.74,40
24031701418,MD,Maryland,Montgomery,24031,3524,2670,-76.9467203,39.0709656,7.6,20.5,12.0,34.8,76.4,5.5,10.3,4.4,79.2,91.4,10.3,70.0,4.1,7.6,64.0,16.1,11.8,21.8,25.8,14.9,10.4,15.9,3.8,39.6,13.7,5.7,7.3,35.2,19.9,80.7,12.9,9.9,29.3,10.3,3.1,8.1,39.0,3.0,5.3,4.1,3.6950000000000003,40
24031700905,MD,Maryland,Montgomery,24031,4149,3077,-77.1311847,39.0573474,6.9,17.0,12.9,26.0,72.0,6.9,7.9,4.3,74.9,89.8,8.7,67.4,3.3,5.8,73.3,15.7,7.5,19.3,22.8,9.6,5.4,12.0,5.1,37.5,7.8,4.6,4.8,33.5,16.9,78.9,11.0,7.3,19.6,8.4,1.9,4.1,30.8,2.2,3.2,3.0,3.625,40
24031703209,MD,Maryland,Montgomery,24031,6618,5157,-77.0339921,39.0389118,10.2,19.5,13.6,31.8,73.8,5.9,9.6,4.9,76.3,89.5,11.1,67.4,4.2,7.4,64.6,17.4,10.8,23.3,23.0,15.1,10.6,16.5,4.9,38.4,13.4,6.0,7.7,33.9,20.4,80.0,13.1,9.8,28.5,10.5,3.0,7.9,36.3,2.8,8.0,4.5,3.4425000000000003,40
24033800706,MD,Maryland,Prince George's,24033,4011,3183,-76.8169711,38.7764948,8.9,26.5,11.2,43.1,78.3,5.7,12.4,5.3,81.0,91.6,11.7,69.3,5.4,10.2,57.9,14.2,15.7,26.2,27.8,20.5,14.7,19.8,4.0,36.9,19.0,7.4,9.8,36.3,25.2,81.9,14.0,14.5,43.6,12.2,4.4,11.7,46.7,4.0,16.5,5.3,4.475,40
24031700730,MD,Maryland,Montgomery,24031,5343,4167,-77.1763166,39.1602733,11.4,20.6,13.2,32.5,74.5,5.9,9.5,5.1,76.0,89.4,11.8,66.5,4.9,8.9,64.7,17.8,12.0,24.2,24.0,16.6,11.3,18.2,5.0,40.8,14.0,6.3,7.9,34.0,22.4,77.8,13.4,10.7,28.7,11.7,3.3,8.0,35.6,2.9,6.7,4.8,3.6974999999999993,40
24031704100,MD,Maryland,Montgomery,24031,4844,3653,-77.0745888,39.0169675,4.2,24.3,14.4,32.1,78.7,11.1,9.0,5.4,79.8,93.6,7.4,75.0,3.9,4.7,79.6,18.1,8.5,19.1,15.8,5.0,3.0,10.6,5.8,43.5,4.9,4.1,3.2,27.9,13.1,81.6,10.1,8.0,22.9,9.0,2.0,3.0,27.4,2.6,2.7,2.6,2.9700000000000006,40
24031700815,MD,Maryland,Montgomery,24031,8255,6166,-77.2672574,39.1616006,13.1,19.0,13.3,31.7,72.1,4.8,9.9,4.6,74.7,88.2,13.2,60.4,4.8,10.2,59.6,17.8,11.7,25.3,27.4,20.1,13.8,19.9,4.5,39.0,16.9,7.0,9.2,36.7,24.3,76.3,14.6,10.9,29.5,12.1,3.6,9.3,38.5,2.9,10.0,5.2,3.935,40
24033800216,MD,Maryland,Prince George's,24033,4392,3484,-76.8696671,39.0652176,8.2,20.7,13.6,32.9,72.8,5.6,10.7,3.9,77.5,90.8,10.0,70.3,3.7,7.6,67.7,14.5,10.7,20.9,24.9,14.0,8.6,14.3,3.7,33.9,14.0,5.4,7.1,34.8,20.0,83.0,12.9,9.5,36.3,9.7,2.7,8.0,40.6,2.6,5.0,3.6,3.5400000000000005,40
24031700733,MD,Maryland,Montgomery,24031,5480,4362,-77.2187548,39.1602123,13.0,17.9,13.9,30.0,70.4,4.6,9.9,4.4,73.9,87.1,13.3,63.6,4.6,9.5,59.0,18.6,10.9,24.9,26.1,19.9,14.1,19.1,4.3,37.2,16.9,6.9,9.5,36.6,23.2,78.4,15.0,10.1,29.6,11.6,3.4,9.6,38.2,2.7,10.0,5.1,3.8974999999999995,40
24031700314,MD,Maryland,Montgomery,24031,3839,2982,-77.2613337,39.209673,5.9,17.8,12.2,29.4,75.9,5.7,8.4,4.1,77.9,91.7,8.3,67.3,3.3,5.9,73.9,15.0,10.4,17.9,23.5,9.4,5.0,12.6,4.0,42.2,7.9,4.2,4.8,32.9,17.1,80.7,10.7,7.5,21.0,8.9,2.1,4.2,32.8,2.3,2.7,3.1,3.035000000000001,40
24031700723,MD,Maryland,Montgomery,24031,3756,3275,-77.2025986,39.1471102,10.9,32.5,8.8,44.0,84.9,14.0,8.7,10.1,83.6,93.3,9.6,74.7,6.7,5.3,64.1,14.5,14.1,32.5,19.3,10.8,7.5,18.6,11.3,47.6,8.7,7.6,5.7,30.7,24.1,80.8,9.8,16.6,24.2,12.5,3.7,5.2,30.6,5.1,8.0,5.7,4.585,40
24031700209,MD,Maryland,Montgomery,24031,4451,3445,-77.221281,39.233428,6.7,22.8,15.6,31.0,75.3,8.6,9.7,5.2,76.6,91.3,10.2,71.9,4.9,7.7,73.0,20.0,9.3,21.4,20.0,8.7,5.4,13.8,5.2,42.2,8.0,5.2,4.8,31.4,16.4,79.3,12.8,8.9,25.7,10.8,2.5,4.5,31.5,2.6,6.1,3.2,3.472500000000001,40
24031703602,MD,Maryland,Montgomery,24031,2928,2197,-77.0621522,39.0315386,5.6,20.9,15.4,30.0,75.1,8.1,9.2,4.5,77.4,92.6,8.4,71.9,3.7,6.1,76.4,18.4,8.8,18.3,18.9,7.2,4.4,11.7,4.5,41.2,7.1,4.2,4.1,29.8,14.3,81.0,11.3,7.5,24.9,9.2,2.1,4.1,30.7,2.4,4.4,2.8,2.955,40
24031706009,MD,Maryland,Montgomery,24031,5569,4187,-77.1938101,38.9959125,3.9,23.6,13.0,32.8,79.5,10.2,8.6,5.5,80.5,93.9,7.1,73.4,3.8,4.7,77.5,16.8,9.7,18.4,17.2,5.3,3.0,10.8,5.7,45.3,4.9,3.9,3.2,28.1,13.9,81.1,9.7,7.8,21.9,9.0,2.0,3.0,28.6,2.6,4.1,2.6,2.825,40
24031700820,MD,Maryland,Montgomery,24031,3097,2212,-77.2296841,39.1446815,17.3,18.4,13.3,31.3,69.9,4.4,9.9,4.9,72.8,85.4,15.4,59.4,5.5,11.8,56.7,18.7,12.3,28.3,27.9,26.0,19.2,23.2,4.9,38.1,20.7,8.2,11.7,37.6,28.2,75.2,16.0,11.8,31.4,13.3,4.1,11.8,38.9,3.0,14.0,6.5,4.3100000000000005,40
24033800109,MD,Maryland,Prince George's,24033,3892,2895,-76.8657097,39.0989194,20.3,23.0,13.3,35.3,71.2,5.2,11.6,5.4,73.5,85.5,16.3,62.9,6.5,13.1,56.4,16.9,13.9,31.5,28.3,29.0,20.7,25.2,5.3,35.0,24.3,9.5,13.2,38.4,31.5,80.3,16.5,15.4,42.2,14.6,5.0,13.9,42.8,3.6,11.5,7.1,4.647499999999999,40
24031700726,MD,Maryland,Montgomery,24031,3149,2497,-77.185443,39.1489719,13.3,16.5,14.3,28.4,69.5,4.3,9.7,4.0,73.4,87.9,12.7,58.6,4.0,9.1,58.0,17.5,10.1,23.4,27.6,18.5,11.9,17.9,4.0,36.8,16.2,6.3,8.6,37.3,22.2,75.9,14.4,9.2,28.0,11.0,3.0,8.4,39.0,2.4,10.8,4.6,3.9025000000000007,40
24031705602,MD,Maryland,Montgomery,24031,4965,4482,-77.0907661,38.9644227,5.5,28.8,11.2,36.9,82.6,13.2,8.9,7.3,82.0,93.7,7.9,77.2,5.0,4.6,75.7,17.0,10.6,24.2,16.7,6.3,4.0,13.0,8.1,46.1,5.5,5.2,3.8,28.8,16.8,81.5,9.8,11.1,22.2,10.2,2.4,3.3,27.0,3.5,3.2,3.5,3.212500000000001,40
24031701701,MD,Maryland,Montgomery,24031,3524,2759,-77.0074384,38.9767741,7.1,24.7,13.7,35.2,77.4,8.4,10.3,5.7,78.5,91.6,10.6,70.3,5.4,8.2,69.3,19.8,11.1,23.6,20.0,11.5,8.8,15.9,5.4,42.1,10.2,6.1,6.1,31.3,18.7,77.5,13.0,10.9,29.1,11.4,3.2,6.4,34.1,3.3,5.7,4.1,3.6824999999999997,40
24031705902,MD,Maryland,Montgomery,24031,4402,3271,-77.1410698,38.9798697,3.6,22.9,13.6,31.1,78.7,10.5,8.6,5.1,80.3,94.2,6.6,73.5,3.4,4.0,78.9,16.8,8.6,17.3,16.2,4.3,2.3,9.7,5.4,44.2,4.3,3.5,2.8,27.6,12.4,83.0,9.3,7.1,21.4,8.4,1.7,2.6,27.9,2.4,3.8,2.3,2.8525,40
24031700833,MD,Maryland,Montgomery,24031,4600,3366,-77.2275649,39.1800898,15.5,18.8,13.1,31.5,72.5,4.9,9.5,5.1,74.1,87.3,13.5,62.2,5.1,10.0,60.7,17.4,12.4,26.4,26.5,21.4,14.7,21.4,5.0,40.0,17.0,7.2,9.7,36.2,25.5,77.3,14.1,11.5,28.8,12.5,3.8,9.2,36.6,3.0,9.2,5.8,3.9849999999999985,40
24031700812,MD,Maryland,Montgomery,24031,4669,3641,-77.1993066,39.1698064,12.8,22.7,12.9,33.9,76.1,7.4,9.5,6.0,76.5,89.8,12.0,66.5,5.5,8.8,64.6,17.6,12.1,26.4,24.1,16.2,10.6,19.1,6.2,41.9,13.8,6.8,7.7,34.2,23.5,78.5,13.2,12.0,28.3,12.4,3.5,7.5,35.0,3.3,10.9,5.1,3.5774999999999997,40
24033800701,MD,Maryland,Prince George's,24033,8802,6903,-76.8240372,38.8401423,6.6,21.8,12.7,36.9,75.0,5.0,11.8,3.6,80.4,92.5,9.4,71.6,3.4,7.3,67.0,13.7,11.7,20.1,25.7,14.3,9.2,14.1,2.8,33.3,15.2,5.3,7.4,35.0,19.1,85.3,12.7,9.8,40.7,9.4,2.9,9.1,44.6,2.8,5.8,3.6,3.8875,40
24031702301,MD,Maryland,Montgomery,24031,3551,2690,-77.0041516,39.0002187,16.5,18.2,14.4,31.2,70.0,4.6,10.3,4.5,73.5,86.8,14.4,64.0,4.9,10.5,57.1,18.5,10.9,26.7,27.2,23.0,17.2,21.0,4.4,36.1,19.9,7.6,10.7,37.4,24.6,76.7,15.4,11.0,32.4,12.2,3.8,11.3,39.0,2.9,11.2,5.7,4.489999999999999,40
24031701316,MD,Maryland,Montgomery,24031,6480,5095,-77.0066759,39.1586446,6.3,25.1,13.0,34.8,79.3,10.0,9.4,6.2,79.5,92.5,9.4,73.3,5.0,6.6,74.0,17.6,10.5,23.2,20.2,8.6,5.3,14.2,6.4,44.2,7.6,5.4,4.7,31.2,17.5,80.7,11.4,10.4,24.3,10.7,2.7,4.3,30.9,3.2,6.0,3.6,3.0725000000000007,40
24031703201,MD,Maryland,Montgomery,24031,7546,5864,-77.092528,39.080826,10.9,21.1,13.8,31.6,75.5,7.3,8.9,5.4,76.1,90.4,10.7,68.4,4.7,7.8,69.4,17.1,10.8,23.4,22.9,12.6,7.5,16.4,5.7,41.9,10.7,5.6,6.1,33.0,20.5,77.4,12.2,10.1,25.5,11.1,2.8,5.6,32.5,2.9,7.2,4.2,3.65,40
24031706007,MD,Maryland,Montgomery,24031,7270,5666,-77.210422,39.0439125,4.1,23.5,11.7,33.3,80.7,10.2,8.1,5.7,81.1,94.0,6.7,73.0,3.8,4.5,79.4,15.3,10.2,18.6,18.1,5.4,2.9,11.0,5.9,46.3,4.6,3.8,3.1,28.5,14.8,82.0,8.9,8.1,20.0,8.8,1.9,2.6,27.4,2.7,2.2,2.7,2.8675,40
24031702604,MD,Maryland,Montgomery,24031,2821,2559,-77.0349117,38.9940399,7.9,12.9,17.5,22.6,63.0,3.6,10.1,2.5,72.0,87.4,11.2,67.7,2.7,6.5,67.3,20.5,6.2,18.6,22.8,12.4,8.6,12.1,2.8,29.7,12.3,5.1,6.9,36.4,15.2,82.2,14.9,5.7,26.9,8.1,1.9,7.0,36.1,1.7,4.6,3.0,3.5925,40
24021773500,MD,Maryland,Frederick,24021,4236,3151,-77.345378,39.4686515,8.7,27.4,15.0,35.6,76.0,8.6,10.3,6.0,78.4,88.7,12.9,69.1,6.3,11.0,63.6,22.4,11.5,25.9,23.4,12.8,10.1,17.1,6.1,39.5,11.7,6.9,7.2,32.9,22.4,72.7,16.8,11.3,37.1,11.9,3.3,7.7,37.1,3.2,9.1,4.2,3.87,40
24031703208,MD,Maryland,Montgomery,24031,5425,3835,-77.014166,39.0527225,6.5,23.4,14.6,32.7,77.8,9.2,9.5,5.5,78.2,92.0,9.2,75.4,4.4,6.2,73.8,18.6,9.7,21.5,19.0,8.0,5.1,13.1,5.7,41.9,7.5,5.0,4.6,30.6,15.9,80.9,11.7,9.2,25.1,10.0,2.4,4.3,31.2,2.9,5.5,3.3,3.3625,40
24031700400,MD,Maryland,Montgomery,24031,2352,1914,-77.3697452,39.2138172,6.8,25.2,14.5,33.8,77.9,10.2,9.5,6.2,78.2,91.9,9.8,73.1,5.4,7.3,73.9,19.2,9.9,22.8,19.0,8.2,5.3,14.2,6.3,43.9,7.4,5.3,4.5,30.5,17.0,79.5,12.1,9.9,25.5,11.0,2.6,4.2,30.2,3.0,5.2,3.4,3.2399999999999998,40
24033800211,MD,Maryland,Prince George's,24033,3008,2408,-76.8420634,39.0771053,10.8,22.4,13.0,35.4,72.8,5.7,11.6,4.6,77.2,88.9,12.4,66.2,4.9,9.5,59.4,15.9,12.0,25.5,25.6,20.1,14.6,18.2,4.4,33.5,18.3,7.3,9.8,36.4,24.2,81.3,14.7,12.1,39.9,11.3,3.6,11.2,43.0,3.1,11.5,4.9,4.03,40
24031701408,MD,Maryland,Montgomery,24031,6706,5336,-76.9696305,39.1262319,8.2,23.2,12.6,34.7,78.2,8.1,9.3,6.0,78.4,91.3,10.1,70.7,5.0,7.5,66.0,17.0,11.8,23.4,22.8,11.6,7.3,15.9,5.8,43.5,9.9,5.6,5.9,32.8,19.7,78.5,12.1,10.5,25.7,11.0,2.9,5.5,34.5,3.2,7.9,4.0,3.1550000000000002,40
24033800518,MD,Maryland,Prince George's,24033,4176,3246,-76.7691425,38.929507,5.5,25.8,11.3,41.7,79.7,6.4,11.5,4.7,82.7,93.4,8.6,73.4,4.0,6.6,70.7,13.1,14.1,21.2,23.5,12.7,8.2,14.6,3.6,37.2,12.9,5.3,6.7,32.9,19.4,86.0,11.6,11.4,40.2,9.8,3.2,8.2,41.6,3.4,5.6,3.8,3.375,40
24031701312,MD,Maryland,Montgomery,24031,6458,4864,-77.0801289,39.1527986,6.1,22.6,14.3,32.0,76.3,8.3,9.6,5.2,77.7,91.6,9.6,71.0,4.7,7.1,75.4,19.1,9.9,21.0,19.6,9.1,6.0,13.7,5.2,42.2,8.2,5.1,5.0,30.8,16.6,80.6,12.2,9.0,25.8,10.4,2.6,4.9,30.5,2.7,2.9,3.3,3.4800000000000004,40
24033800203,MD,Maryland,Prince George's,24033,4883,3866,-76.899811,39.1017126,8.4,26.6,13.4,35.9,77.0,8.9,10.3,5.7,78.1,91.4,10.1,71.3,5.4,8.4,65.2,16.1,12.0,23.8,21.1,11.9,7.4,15.5,5.8,39.4,10.9,5.9,6.0,31.7,21.3,80.1,12.4,11.7,34.8,11.4,3.0,6.3,37.3,3.1,6.8,3.9,3.6424999999999996,40
24031703222,MD,Maryland,Montgomery,24031,4737,3622,-77.0410781,39.0666172,13.3,21.7,12.3,35.7,75.2,5.6,10.2,5.7,76.5,88.8,13.2,67.4,5.6,10.3,60.7,17.6,13.6,27.3,26.5,21.6,16.2,21.3,5.2,40.5,17.8,7.6,10.0,35.8,25.9,77.2,14.5,12.7,31.8,12.8,4.1,10.6,38.2,3.5,10.9,5.9,3.9650000000000007,40
24031701205,MD,Maryland,Montgomery,24031,7090,5327,-77.1354132,39.0418495,4.3,21.8,14.6,30.1,77.0,9.6,8.8,4.8,78.9,93.3,7.3,73.7,3.5,4.7,79.4,17.6,8.3,17.6,17.0,5.2,3.0,10.3,5.1,42.5,5.2,3.8,3.3,28.6,12.8,82.3,10.1,7.1,22.3,8.6,1.8,3.1,28.1,2.3,3.7,2.4,2.95,40
24031701002,MD,Maryland,Montgomery,24031,4089,3272,-77.1661876,39.0630609,5.2,24.9,12.9,33.8,79.6,10.7,8.9,5.9,80.2,93.4,7.9,75.2,4.4,5.5,77.0,17.3,10.0,20.5,17.9,6.5,3.9,12.3,6.2,45.3,5.8,4.5,3.7,29.0,15.4,80.9,10.2,9.0,22.8,9.7,2.2,3.4,28.4,2.9,2.4,3.0,3.0925000000000002,40
24031705601,MD,Maryland,Montgomery,24031,3057,2198,-77.1006777,38.9566642,3.9,21.6,15.6,29.1,76.0,9.6,9.0,4.5,78.7,93.6,7.1,71.0,3.3,4.5,79.0,18.5,7.8,16.7,15.6,4.5,2.6,9.7,4.8,42.0,4.7,3.6,3.0,27.5,11.9,82.2,10.1,6.7,23.0,8.4,1.7,2.9,28.0,2.2,3.3,2.3,3.0799999999999996,40
24031702800,MD,Maryland,Montgomery,24031,5264,4415,-77.0431441,39.0059732,5.0,16.9,16.7,26.0,71.1,6.4,9.4,3.3,76.0,91.7,8.0,74.0,2.7,4.7,73.4,18.5,6.9,16.0,18.9,6.7,4.1,9.6,3.4,35.6,7.4,3.7,4.2,31.3,12.1,83.5,11.6,5.7,24.7,7.6,1.6,4.3,32.4,1.9,4.6,2.3,2.91,40
24031702501,MD,Maryland,Montgomery,24031,4116,3700,-77.02863,38.9908535,5.1,11.8,18.0,21.5,61.5,3.7,9.7,2.0,73.4,89.9,8.7,69.4,1.9,4.6,74.5,18.9,5.1,14.6,20.8,8.2,5.3,9.0,2.3,28.9,9.5,3.7,5.2,33.9,11.4,84.7,12.9,4.1,26.0,6.6,1.4,5.7,34.3,1.3,3.8,2.2,2.9225,40
24033800103,MD,Maryland,Prince George's,24033,2454,1878,-76.8401149,39.0966921,15.8,20.3,14.3,33.5,68.1,4.4,11.3,4.6,73.1,85.4,15.2,61.0,5.5,12.9,51.9,17.0,12.3,28.1,28.2,26.1,18.9,22.0,4.4,32.9,22.6,8.3,12.2,38.1,28.1,74.9,16.6,12.5,41.8,13.0,4.2,13.3,44.1,3.0,12.7,5.9,4.5600000000000005,40
24031700103,MD,Maryland,Montgomery,24031,5492,4468,-77.1154936,39.2251306,6.2,23.0,13.8,32.6,77.7,8.7,9.1,5.4,78.3,92.0,9.1,73.1,4.6,6.8,73.9,17.7,10.2,20.8,20.5,8.4,5.0,13.4,5.4,43.8,7.3,4.8,4.5,31.1,16.8,81.5,11.5,9.0,24.1,10.3,2.4,4.1,31.0,2.8,5.5,3.2,3.11,40
24031701800,MD,Maryland,Montgomery,24031,4869,3664,-77.0121085,38.9824111,6.9,25.1,12.4,38.4,78.4,7.9,10.5,5.9,80.3,92.5,10.2,68.5,5.3,8.2,66.9,17.8,12.4,23.7,22.0,13.1,10.2,16.6,5.2,42.3,12.0,6.1,6.8,31.9,19.5,79.0,12.6,11.4,30.9,11.3,3.4,7.7,36.3,3.5,7.9,4.4,3.7475,40
24031700317,MD,Maryland,Montgomery,24031,6673,4952,-77.3037387,39.2378679,7.2,16.5,14.2,26.7,70.2,5.3,9.1,3.5,75.2,90.4,9.6,65.1,3.3,7.1,69.6,17.4,8.3,18.4,23.8,11.2,6.9,12.8,3.7,37.3,10.4,4.7,5.7,33.9,17.0,78.7,12.6,6.9,24.4,9.0,2.1,5.7,34.8,2.0,6.0,3.0,3.1475000000000004,40
24031701407,MD,Maryland,Montgomery,24031,5578,4484,-77.0147455,39.1081025,6.5,23.2,12.6,35.0,79.0,8.3,9.2,5.5,79.7,92.7,8.7,74.9,4.3,6.2,73.2,16.3,11.4,21.1,21.4,9.4,5.9,13.8,5.3,43.6,8.6,4.8,5.0,31.3,17.4,82.1,11.1,9.5,25.6,10.0,2.6,5.0,32.7,3.0,5.0,3.5,3.1925,40
24031705300,MD,Maryland,Montgomery,24031,2049,1495,-77.0793222,38.9698497,3.1,25.5,14.2,32.6,79.8,12.6,8.8,5.5,81.3,94.8,6.3,77.3,3.7,3.9,81.3,17.8,8.2,17.3,14.0,3.3,1.9,9.2,5.8,45.8,3.4,3.4,2.4,25.9,11.1,83.8,9.0,7.1,21.8,8.4,1.7,2.2,25.7,2.5,1.8,2.1,2.975,40
24031700732,MD,Maryland,Montgomery,24031,3361,2592,-77.1930288,39.125288,22.0,20.6,12.6,34.3,73.0,4.8,10.0,6.1,73.1,85.6,16.6,63.4,6.4,12.7,53.6,18.0,14.5,32.1,29.8,29.1,20.7,27.4,5.9,40.9,22.7,9.2,12.6,38.7,31.6,74.4,15.8,14.9,32.2,15.1,5.1,12.2,39.0,3.7,14.0,7.8,4.615,40
24031704300,MD,Maryland,Montgomery,24031,4088,2908,-77.0894389,39.0231982,4.2,21.6,15.8,29.0,75.1,9.2,9.2,4.5,77.9,93.0,7.8,70.8,3.6,5.3,79.3,19.2,7.8,17.6,16.4,5.3,3.2,10.3,4.8,41.3,5.4,4.0,3.4,28.4,12.7,81.6,11.0,7.0,23.6,8.8,1.9,3.3,28.0,2.2,4.2,2.4,3.0,40
24031700813,MD,Maryland,Montgomery,24031,6353,4896,-77.2135046,39.1729704,12.7,20.5,13.4,32.4,74.5,6.2,9.4,5.2,75.9,89.5,11.7,65.3,4.7,8.2,61.9,17.2,11.6,24.5,24.0,16.6,11.1,18.2,5.1,40.0,14.4,6.3,7.9,34.1,22.3,79.1,13.1,10.7,29.2,11.5,3.3,8.0,36.5,3.0,9.8,4.9,3.6125,40
24031701215,MD,Maryland,Montgomery,24031,4662,3949,-77.116226,39.0295371,6.0,20.9,14.2,29.5,74.9,8.3,9.2,4.9,77.0,91.3,9.0,70.3,4.0,5.9,70.6,18.8,8.7,20.1,18.8,8.4,5.5,12.4,5.3,40.0,7.7,4.8,4.7,30.8,15.6,80.9,11.7,8.2,23.9,9.3,2.2,4.6,31.3,2.5,8.6,3.1,3.3849999999999993,40
24031705400,MD,Maryland,Montgomery,24031,2904,2178,-77.0836487,38.9786948,3.5,24.1,14.5,31.5,78.5,11.1,9.0,5.2,80.1,94.1,6.9,75.0,3.8,4.5,77.7,18.2,8.4,17.4,15.1,4.2,2.4,9.8,5.3,44.7,4.1,3.6,2.8,26.9,11.9,83.0,9.7,7.2,22.4,8.7,1.8,2.5,27.7,2.4,2.0,2.3,3.0825000000000005,40
24031701509,MD,Maryland,Montgomery,24031,7181,5138,-76.9767518,39.0331015,15.7,20.4,12.5,35.6,73.0,4.6,10.9,5.3,75.8,87.3,15.1,62.1,5.7,11.6,56.2,18.2,13.5,29.1,27.9,27.4,22.4,23.9,4.7,37.7,22.8,8.8,12.7,37.6,27.7,78.3,15.9,13.3,35.2,13.3,4.8,14.1,40.9,3.6,16.6,6.9,4.422499999999999,40
24031701218,MD,Maryland,Montgomery,24031,3050,2694,-77.1197203,39.05568,7.1,23.4,12.6,33.2,78.6,9.6,8.9,6.1,78.6,91.7,9.1,72.1,4.4,5.7,69.8,16.8,9.9,23.2,20.4,8.9,5.6,13.7,6.6,41.6,8.0,5.4,4.9,31.8,18.0,80.7,11.1,10.1,23.2,9.8,2.4,4.5,32.1,3.2,6.5,3.6,3.425,40
24031700210,MD,Maryland,Montgomery,24031,9416,6323,-77.2461554,39.224043,6.2,15.2,13.2,26.3,70.8,4.8,8.3,3.2,76.1,91.4,8.1,63.8,2.7,6.1,70.6,15.3,8.5,16.2,23.4,10.0,5.8,11.7,3.3,38.1,8.9,4.0,5.0,32.6,16.2,81.1,11.0,6.2,22.3,8.1,1.9,5.0,34.8,1.9,3.1,2.8,3.225,40
24031701602,MD,Maryland,Montgomery,24031,6790,4712,-76.9847238,39.0107123,26.0,17.9,12.9,32.1,69.7,3.7,9.7,5.4,71.2,83.6,17.5,51.8,5.7,12.9,46.2,17.7,14.1,32.4,30.5,33.7,24.6,28.7,5.4,38.6,26.1,9.5,14.5,39.4,33.3,71.7,16.2,14.2,33.1,14.9,5.1,14.1,40.7,3.4,15.9,8.5,5.045,40
24031701202,MD,Maryland,Montgomery,24031,2785,2119,-77.1001237,39.0386325,4.0,23.1,14.7,30.6,77.7,10.5,8.8,5.0,79.4,93.8,7.1,75.4,3.6,4.5,79.1,18.0,8.3,17.6,15.8,4.5,2.6,10.0,5.4,43.4,4.6,3.7,3.0,27.5,12.4,82.5,9.9,7.2,22.4,8.6,1.8,2.8,27.6,2.4,2.4,2.4,2.815,40
24031700822,MD,Maryland,Montgomery,24031,1771,1317,-77.2271642,39.138353,15.3,20.7,12.6,33.2,73.2,5.3,10.0,5.4,74.6,87.4,14.4,61.5,5.8,11.4,57.2,18.5,13.0,28.3,27.4,23.3,17.1,22.4,5.5,40.3,18.7,8.0,10.4,36.8,27.7,76.0,15.3,12.7,30.4,13.4,4.0,10.6,38.3,3.3,10.4,6.2,4.095,40
24031701417,MD,Maryland,Montgomery,24031,6168,4801,-76.9381795,39.0769598,10.4,17.9,12.9,32.9,70.5,3.9,11.3,4.0,76.4,88.2,13.5,64.3,4.4,10.1,61.2,18.4,11.0,24.7,27.9,22.6,18.4,19.2,3.5,34.7,20.1,7.5,11.0,38.2,22.9,80.5,16.0,10.3,33.5,11.1,3.7,12.6,41.6,2.9,8.7,5.2,4.1925,40
24031704804,MD,Maryland,Montgomery,24031,1886,1689,-77.093526,38.9834063,4.6,19.1,16.0,26.9,73.8,8.1,9.0,4.1,76.3,91.5,7.9,74.9,3.1,4.6,77.0,19.2,7.3,17.3,17.0,5.8,3.5,9.9,4.5,38.2,5.9,3.9,3.7,29.9,12.6,81.7,11.3,6.4,23.0,8.0,1.7,3.6,28.6,2.1,3.1,2.4,2.892499999999999,40
24021767500,MD,Maryland,Frederick,24021,2792,2305,-77.3204795,39.6455539,7.5,31.9,14.5,38.8,79.6,11.3,10.0,7.4,79.7,90.2,12.3,69.3,7.5,11.3,64.4,22.0,12.1,27.4,22.8,9.7,7.1,17.1,7.7,43.9,8.4,6.8,5.4,32.0,22.4,72.0,15.7,12.6,34.7,12.7,3.3,5.3,34.7,3.6,9.8,3.9,3.8199999999999994,40
24021765100,MD,Maryland,Frederick,24021,4288,3466,-77.4251109,39.4049463,11.8,27.0,14.5,36.9,76.1,7.9,10.0,6.3,77.8,87.9,13.7,69.6,6.6,11.8,63.9,21.0,12.8,27.9,25.7,16.2,12.6,19.6,6.4,39.5,14.2,7.6,8.3,34.0,25.6,77.8,16.7,12.8,38.4,12.6,3.8,9.0,36.8,3.5,10.8,5.0,4.3025,40
24031701507,MD,Maryland,Montgomery,24031,5133,4140,-77.013595,39.0833905,5.6,24.0,11.3,36.7,81.2,8.9,8.8,5.8,81.5,93.7,7.6,75.9,4.0,5.2,75.0,14.7,11.8,20.8,21.0,8.1,4.9,13.0,5.6,45.0,7.3,4.5,4.3,30.6,17.2,82.5,9.8,9.6,23.9,9.4,2.4,4.2,31.4,3.2,4.8,3.3,2.9399999999999995,40
24031700725,MD,Maryland,Montgomery,24031,6270,4474,-77.1884889,39.1450647,24.3,16.2,14.6,29.0,65.4,3.5,10.2,4.5,69.8,82.6,18.0,55.4,5.2,12.5,56.1,19.6,11.6,31.0,28.8,31.7,23.7,26.6,4.8,35.4,25.8,9.4,14.5,39.3,30.0,72.6,17.2,12.3,33.7,14.2,4.7,14.3,38.4,2.8,13.3,7.7,5.0475,40
24031700615,MD,Maryland,Montgomery,24031,2895,2153,-77.2599373,39.0993888,4.8,22.5,14.3,31.6,77.0,8.9,9.1,5.1,78.6,92.9,8.2,70.9,4.1,6.2,76.7,18.2,9.5,18.7,18.6,6.7,4.1,11.8,5.1,43.6,6.3,4.2,3.9,29.3,14.7,82.4,11.0,7.9,23.9,9.5,2.1,3.7,30.0,2.5,3.3,2.7,3.3075,40
24031701317,MD,Maryland,Montgomery,24031,4494,3447,-77.0496568,39.1984774,5.4,23.2,14.2,32.5,77.2,8.9,9.4,5.3,78.3,92.1,9.2,72.0,4.6,6.9,72.0,18.6,9.9,20.7,19.7,8.0,5.0,13.1,5.4,43.2,7.2,4.9,4.5,30.7,16.3,79.6,11.8,8.9,24.7,10.2,2.4,4.2,31.8,2.7,6.4,3.1,3.1275,40
24031700729,MD,Maryland,Montgomery,24031,2579,1938,-77.1725951,39.1562999,13.3,18.8,13.3,31.7,72.4,4.8,9.5,4.7,74.4,87.9,12.9,62.3,4.8,10.2,60.8,17.5,12.0,25.2,27.2,19.9,13.5,19.8,4.7,39.4,16.4,6.8,9.1,36.3,24.8,78.2,14.4,10.8,29.0,12.0,3.5,9.1,37.8,2.9,7.5,5.2,3.4799999999999995,40
24031701304,MD,Maryland,Montgomery,24031,6045,4582,-77.0758148,39.169024,5.6,24.4,14.3,33.1,77.9,10.0,9.3,5.7,78.7,92.5,8.9,74.2,4.7,6.5,76.4,18.9,9.7,21.1,18.0,7.3,4.7,12.8,5.9,43.4,6.7,4.8,4.2,29.5,15.8,82.0,11.5,9.1,25.1,10.2,2.4,4.1,29.3,2.8,3.8,3.1,3.1325,40
24031703216,MD,Maryland,Montgomery,24031,3889,3487,-77.0705409,39.0976145,10.1,40.6,6.6,54.0,87.8,14.6,10.0,13.0,86.8,94.6,11.1,77.2,10.8,8.4,63.1,15.9,20.6,38.0,20.1,15.7,13.6,25.4,12.5,53.6,10.6,9.8,7.4,30.2,30.5,80.1,10.7,23.0,30.0,16.3,5.8,7.3,32.5,7.0,12.5,8.0,4.5825000000000005,40
24031701214,MD,Maryland,Montgomery,24031,3718,3142,-77.0984854,39.0295353,5.5,15.8,16.9,23.9,69.1,6.1,8.9,3.3,74.2,90.4,8.5,71.4,2.7,5.2,73.2,18.8,6.5,16.3,19.4,7.1,4.2,9.9,3.7,35.3,7.3,3.9,4.3,31.8,12.9,82.4,12.0,5.5,22.9,7.7,1.6,4.1,31.6,1.7,3.6,2.3,2.8425000000000002,40
24033800209,MD,Maryland,Prince George's,24033,4788,3487,-76.8499027,39.0865559,17.3,20.5,13.8,33.8,69.5,4.3,11.5,4.4,74.2,86.3,14.8,63.7,5.0,11.3,50.1,16.2,12.5,28.3,27.9,26.8,19.3,21.8,4.2,32.1,23.8,8.4,12.5,38.3,28.5,79.5,16.2,12.9,42.8,12.6,4.2,14.0,46.0,3.1,16.2,6.1,4.387499999999999,40
24031701900,MD,Maryland,Montgomery,24031,3395,2530,-76.9999195,38.9927913,23.3,18.6,14.7,31.3,66.1,4.1,11.0,5.4,69.9,81.5,19.8,53.9,7.0,15.3,51.1,22.3,12.2,33.8,27.0,33.7,29.1,28.9,5.6,36.1,26.6,11.2,16.0,38.3,31.1,73.0,18.8,14.1,36.1,15.7,5.7,16.5,39.1,3.4,18.3,8.8,4.8825,40
24031704501,MD,Maryland,Montgomery,24031,3742,2769,-77.1345988,39.01776,4.5,20.9,14.5,29.7,76.8,8.9,8.5,4.6,78.7,93.5,7.1,72.9,3.2,4.5,76.3,16.7,8.5,17.3,17.8,5.3,2.9,10.1,4.9,42.0,5.4,3.7,3.3,28.9,13.3,81.1,9.9,7.0,22.0,8.3,1.8,3.1,29.8,2.3,4.8,2.5,2.9025,40
24031700616,MD,Maryland,Montgomery,24031,4573,3518,-77.2504363,39.1126374,4.4,20.4,13.3,30.2,77.4,8.0,8.4,4.6,79.0,93.1,7.2,71.5,3.3,4.9,76.6,16.2,9.4,17.0,19.1,6.1,3.3,10.6,4.6,43.2,5.6,3.7,3.5,29.6,14.2,81.6,10.0,7.0,21.4,8.4,1.8,3.2,30.1,2.3,2.6,2.5,2.9375000000000004,40
24031700836,MD,Maryland,Montgomery,24031,1521,1210,-77.214609,39.1044461,5.8,16.7,14.4,26.4,72.5,5.7,8.6,3.5,76.2,91.6,8.2,69.9,2.8,5.4,75.0,16.7,8.4,16.7,21.6,8.2,4.4,10.9,3.6,38.4,8.0,3.9,4.5,32.2,15.1,81.7,11.3,6.3,22.8,8.3,1.8,4.4,32.1,1.9,3.1,2.7,2.9099999999999997,40
24031701212,MD,Maryland,Montgomery,24031,2723,2170,-77.1290395,39.1206316,6.2,23.4,13.8,32.7,77.9,9.4,9.0,5.6,78.5,92.5,8.8,74.0,4.5,6.5,72.6,17.7,9.9,20.9,19.8,7.7,4.6,13.0,5.8,43.9,7.0,4.7,4.2,30.5,16.3,80.4,11.2,8.9,23.7,10.1,2.3,3.9,30.7,2.8,4.9,3.1,3.25,40
24031703206,MD,Maryland,Montgomery,24031,3951,3210,-77.0546839,39.0724469,8.6,21.0,13.2,33.0,77.0,7.2,9.0,5.1,78.0,91.6,9.3,72.6,4.1,6.5,70.6,15.9,11.0,21.4,22.6,11.1,6.7,14.7,5.0,41.7,10.1,5.0,5.6,32.4,18.5,79.7,11.4,9.3,25.9,10.0,2.6,5.5,33.6,2.8,6.5,3.7,3.3975,40
24031700310,MD,Maryland,Montgomery,24031,6962,5438,-77.283306,39.1826275,10.5,17.6,14.5,28.7,69.6,5.0,10.1,3.9,74.2,88.4,12.3,65.6,4.2,9.0,63.7,18.8,9.3,22.5,25.7,16.4,11.3,16.5,4.0,36.4,14.7,6.2,8.1,36.2,20.3,80.6,14.6,8.8,28.4,10.6,2.9,8.3,37.4,2.4,5.7,4.1,3.7325000000000004,40
24031700306,MD,Maryland,Montgomery,24031,7833,5611,-77.2864135,39.1703788,7.4,17.7,13.9,28.9,72.3,5.3,9.2,3.7,76.2,90.9,9.7,66.2,3.5,7.4,71.3,16.9,9.5,19.2,24.3,11.7,7.1,13.7,3.7,38.8,10.9,4.8,5.9,33.9,18.0,81.4,12.5,7.7,25.6,9.5,2.3,6.0,35.0,2.2,5.3,3.3,3.3274999999999997,40
24031705000,MD,Maryland,Montgomery,24031,5311,4260,-77.0906078,38.9984654,5.2,18.3,16.8,25.4,73.0,8.0,8.8,4.1,75.3,89.9,8.6,71.6,3.1,4.5,75.2,18.5,6.6,18.2,18.0,5.9,3.2,9.9,4.7,36.7,5.6,4.1,3.9,31.8,12.5,81.0,11.5,6.4,21.1,8.0,1.7,3.2,28.6,2.0,3.4,2.5,2.9525000000000006,40
24021775302,MD,Maryland,Frederick,24021,5722,4187,-77.623296,39.3408448,6.8,24.7,16.5,32.4,74.6,8.2,9.8,4.9,78.1,90.1,10.9,69.0,4.9,9.3,70.3,21.4,9.6,21.5,22.5,9.1,6.5,13.6,5.1,38.2,9.1,5.4,5.4,31.8,18.3,76.2,15.3,8.8,34.3,10.2,2.5,5.8,34.9,2.6,7.1,3.1,3.5749999999999993,40
24031700810,MD,Maryland,Montgomery,24031,5277,4045,-77.2051429,39.1885123,10.6,20.3,13.7,31.5,74.4,6.5,9.5,4.8,76.3,90.2,11.0,69.9,4.4,7.8,68.6,17.4,10.6,22.8,23.8,14.0,8.9,16.2,4.8,39.9,12.6,5.7,6.9,34.1,20.3,80.3,13.0,9.7,27.8,10.8,2.9,6.9,34.7,2.7,6.1,4.1,3.2625,40
24031706010,MD,Maryland,Montgomery,24031,3147,2334,-77.1669436,39.0254825,4.6,22.5,12.7,32.0,78.5,9.4,8.7,5.1,80.0,93.6,7.4,71.0,3.6,4.9,75.8,16.2,9.5,18.8,18.9,6.3,3.6,11.3,5.4,43.5,6.0,4.1,3.7,29.5,14.7,83.2,9.9,8.0,22.3,8.9,2.0,3.5,30.3,2.6,4.0,2.8,3.0024999999999995,40
24031704803,MD,Maryland,Montgomery,24031,4318,3661,-77.0964429,38.9779198,5.5,17.2,16.2,25.0,70.6,6.6,9.3,3.5,75.2,90.7,8.7,70.2,3.0,5.0,76.1,19.8,7.0,17.2,18.1,7.3,4.6,10.5,3.8,36.1,7.4,4.2,4.5,31.3,13.2,82.3,12.2,6.1,23.9,8.1,1.8,4.4,30.1,1.9,2.7,2.6,2.98,40
24031702700,MD,Maryland,Montgomery,24031,7380,5315,-77.0552841,38.9992707,9.4,21.3,13.7,33.2,74.2,6.5,10.1,5.2,76.8,89.8,11.4,66.9,5.0,8.5,65.1,18.8,11.1,23.8,21.5,15.2,11.7,17.5,5.0,39.6,13.0,6.5,7.7,32.5,20.3,80.0,13.4,10.5,30.0,11.3,3.4,8.3,35.5,3.0,6.8,4.7,3.6125,40
24031703213,MD,Maryland,Montgomery,24031,6321,4517,-77.0755351,39.0891297,21.6,17.7,13.9,31.0,66.9,3.6,11.0,4.6,71.2,83.4,18.3,55.6,5.7,13.6,52.1,20.1,12.1,31.6,30.0,32.5,25.6,26.5,4.7,35.4,26.7,9.9,15.0,39.9,30.4,75.3,18.2,13.0,35.1,14.5,5.0,15.6,41.1,3.1,14.4,7.8,4.6875,40
24031701427,MD,Maryland,Montgomery,24031,3468,2575,-76.9157945,39.1002506,7.7,18.6,12.6,32.3,74.3,4.9,9.9,4.1,77.7,90.7,10.3,68.0,3.8,7.7,67.7,16.0,10.9,20.9,26.3,14.5,9.7,15.3,3.6,38.6,13.3,5.5,7.1,35.5,19.6,81.5,12.9,9.0,27.9,9.9,2.8,7.6,37.6,2.7,6.1,3.9,3.6099999999999994,40
24031703100,MD,Maryland,Montgomery,24031,4481,3422,-77.0220358,39.0264084,11.4,22.2,13.8,32.8,75.1,7.0,9.7,5.5,76.3,90.1,11.7,69.2,5.2,8.9,68.6,18.8,11.5,24.9,22.5,15.0,10.3,18.2,5.5,41.4,12.8,6.5,7.2,33.0,21.6,80.2,13.3,11.2,28.8,12.0,3.4,7.2,33.6,3.1,6.3,4.8,3.535,40
24031700206,MD,Maryland,Montgomery,24031,5708,4369,-77.1784846,39.2473445,6.9,22.0,15.5,30.4,74.8,8.3,9.6,5.0,76.5,91.1,10.1,72.3,4.6,7.5,77.5,19.7,9.1,21.0,19.9,8.9,5.6,13.6,5.1,41.5,8.2,5.1,4.9,31.4,16.2,81.1,12.7,8.6,25.7,10.5,2.5,4.6,29.8,2.6,4.0,3.2,3.4274999999999998,40
24031700604,MD,Maryland,Montgomery,24031,6725,5236,-77.3117792,39.0887088,4.5,22.7,14.2,31.3,77.7,9.4,8.9,5.1,79.0,93.1,7.9,74.8,4.0,5.6,77.8,17.6,9.3,18.6,18.4,6.0,3.4,11.3,5.2,44.1,5.6,4.1,3.5,29.4,14.2,80.4,10.6,7.8,22.6,9.3,2.0,3.2,29.2,2.5,3.3,2.6,2.9299999999999997,40
24031700104,MD,Maryland,Montgomery,24031,5486,4200,-77.17381,39.1893001,10.0,20.8,13.9,32.2,74.4,6.5,9.8,4.9,76.6,90.3,11.1,68.5,4.6,8.1,67.6,18.0,10.8,22.9,23.4,14.2,9.5,16.5,4.7,40.1,12.8,5.9,7.1,33.7,20.1,79.6,13.2,9.8,28.7,11.1,3.0,7.2,35.5,2.8,6.3,4.2,3.5275000000000007,40
24031702503,MD,Maryland,Montgomery,24031,4014,3700,-77.0281693,38.997102,7.1,15.5,15.9,26.4,67.9,4.6,10.2,3.2,74.5,88.8,10.6,73.3,3.1,6.4,70.6,19.5,7.4,19.5,22.4,12.3,8.9,12.6,3.3,32.1,12.1,5.3,6.8,35.2,15.8,82.9,14.1,6.9,27.8,8.5,2.2,7.3,34.6,2.1,4.5,3.3,3.4925000000000006,40
24033800401,MD,Maryland,Prince George's,24033,2592,2086,-76.7251021,38.9947113,7.4,26.3,13.7,35.9,77.1,8.6,10.5,5.4,78.4,91.5,10.1,72.8,5.0,8.2,67.0,16.0,11.7,23.5,21.9,11.4,7.0,14.9,5.4,38.6,10.8,5.8,5.9,32.5,20.6,80.5,12.6,11.5,34.7,11.1,2.9,6.2,37.9,3.1,7.8,3.7,3.6025000000000005,40
24031700315,MD,Maryland,Montgomery,24031,6324,4280,-77.2450077,39.2433948,6.0,15.8,13.3,27.2,72.2,4.9,8.4,3.4,76.6,91.6,8.2,64.0,2.9,6.3,75.4,15.3,9.1,16.5,23.7,9.7,5.4,11.9,3.4,39.4,8.7,4.0,4.9,32.8,16.6,81.5,11.0,6.5,22.3,8.4,1.9,4.7,32.8,2.0,4.2,2.8,3.2300000000000004,40
24031701313,MD,Maryland,Montgomery,24031,3785,2869,-77.0777344,39.1351468,7.4,23.0,13.6,32.8,76.8,8.5,9.5,5.4,78.1,91.7,9.8,72.0,4.8,7.3,73.0,18.2,10.5,21.9,20.7,10.1,6.6,14.7,5.4,42.9,8.9,5.3,5.3,31.5,17.9,82.4,12.0,9.6,25.8,10.7,2.7,5.1,31.6,2.9,6.2,3.6,3.56,40
24033800517,MD,Maryland,Prince George's,24033,5622,4528,-76.7643572,38.912238,6.0,26.3,11.1,42.1,79.9,6.3,11.8,4.9,82.5,93.1,9.2,77.0,4.3,7.0,72.1,13.4,14.6,22.3,24.4,13.9,9.2,15.5,3.6,37.5,13.7,5.7,7.2,33.8,20.4,85.4,12.0,12.1,40.5,10.3,3.4,8.5,40.9,3.6,6.7,4.1,3.4925000000000006,40
24031705800,MD,Maryland,Montgomery,24031,6489,4866,-77.1596982,38.9660822,3.9,23.1,14.5,31.0,77.8,10.3,9.0,5.0,79.6,93.8,7.2,74.5,3.7,4.7,78.6,18.0,8.5,17.6,16.1,4.7,2.7,10.2,5.2,43.7,4.7,3.8,3.1,27.7,12.5,81.9,10.0,7.2,22.8,8.8,1.9,2.9,27.9,2.4,2.7,2.4,2.8274999999999992,40
24033800411,MD,Maryland,Prince George's,24033,4877,3797,-76.8124995,39.0245929,7.7,23.4,12.4,37.5,76.0,5.9,11.1,4.5,79.6,91.5,9.9,72.8,4.3,8.0,65.4,14.0,12.8,22.1,25.3,15.2,9.9,15.5,3.8,36.1,14.7,5.7,7.5,34.6,21.2,83.0,12.7,10.9,38.5,10.3,3.1,8.7,42.4,3.0,9.1,3.9,3.525,40
24031700105,MD,Maryland,Montgomery,24031,6406,4887,-77.1631963,39.1753881,9.6,18.7,14.5,29.6,72.7,5.6,9.6,4.1,75.5,90.0,10.9,68.4,4.0,7.9,68.6,17.7,9.9,21.4,24.6,13.3,8.2,15.4,4.1,38.9,12.2,5.4,6.6,34.8,19.2,78.8,13.3,8.7,27.0,10.4,2.7,6.5,35.2,2.5,5.7,3.8,3.2649999999999997,40
24031702000,MD,Maryland,Montgomery,24031,5438,3853,-76.9932806,38.9951964,31.0,19.2,13.1,33.7,69.5,3.9,10.1,6.1,70.2,82.1,19.8,52.8,6.7,14.7,46.3,18.4,15.3,36.3,31.4,38.7,29.4,33.2,6.1,39.4,29.6,11.0,16.7,40.2,36.6,72.8,17.1,16.6,35.5,16.9,6.3,16.2,40.2,3.8,21.4,10.2,4.775,40
24031700828,MD,Maryland,Montgomery,24031,2258,1821,-77.2239047,39.1085173,4.0,20.5,13.1,29.9,77.5,8.0,8.5,4.6,79.0,92.9,7.4,70.8,3.4,4.9,78.9,16.5,9.5,17.2,19.2,6.1,3.2,10.7,4.6,43.7,5.3,3.8,3.5,30.0,14.3,82.0,10.1,7.1,20.6,8.6,1.9,3.0,28.6,2.3,2.8,2.6,3.0075,40
24031700839,MD,Maryland,Montgomery,24031,4931,4091,-77.1998813,39.1151984,5.7,14.4,16.0,23.4,68.0,5.0,8.7,3.0,73.9,90.0,8.6,68.1,2.6,5.3,73.5,17.8,6.9,16.0,21.1,8.1,4.7,10.3,3.3,35.0,7.9,3.9,4.7,32.8,13.7,82.8,11.9,5.4,22.4,7.7,1.6,4.4,32.5,1.7,2.6,2.5,2.8225000000000007,40
24031701426,MD,Maryland,Montgomery,24031,5398,4075,-76.9207785,39.1131808,9.0,19.4,12.4,33.9,74.2,4.7,10.8,4.3,77.8,89.9,12.0,67.4,4.3,8.9,67.8,16.9,11.5,23.5,28.1,18.1,13.0,17.6,3.7,37.8,16.4,6.6,8.8,37.4,21.6,80.5,14.4,10.3,30.5,10.9,3.4,9.5,38.7,3.0,9.3,4.6,3.7674999999999996,40
24031701702,MD,Maryland,Montgomery,24031,2274,1766,-77.0027324,38.9896313,11.2,18.8,14.4,31.7,70.8,5.0,10.5,4.3,75.5,89.0,12.6,66.3,4.4,9.3,62.5,18.7,10.6,23.9,24.9,18.4,13.9,18.1,4.1,36.7,17.1,6.7,9.1,35.2,21.3,79.5,14.8,9.9,32.4,11.3,3.4,10.3,38.8,2.7,6.7,4.8,3.915,40
24021775400,MD,Maryland,Frederick,24021,3929,2993,-77.6088179,39.3128573,8.4,27.1,15.9,34.9,74.8,8.4,10.4,5.9,77.2,87.9,13.7,67.9,6.7,12.5,59.8,23.4,11.0,26.3,24.1,12.7,10.1,17.2,6.1,39.1,11.5,7.2,7.1,33.6,22.7,74.0,17.8,11.2,37.3,12.2,3.3,7.5,38.1,3.1,11.1,4.1,4.335,40
24031700715,MD,Maryland,Montgomery,24031,6117,4562,-77.1862379,39.1728726,15.5,19.8,13.7,31.6,73.0,5.4,9.7,5.0,74.2,88.1,13.4,65.0,5.0,9.8,61.9,17.7,12.0,26.3,27.2,19.7,12.6,20.4,5.0,40.0,16.6,6.9,8.9,36.7,24.8,77.8,14.4,11.3,29.3,12.5,3.6,8.5,36.9,3.0,10.4,5.3,3.9225000000000003,40
24031703214,MD,Maryland,Montgomery,24031,7345,5186,-77.0677793,39.0850135,19.7,19.6,13.2,33.3,70.5,4.4,10.9,5.2,73.3,85.3,16.9,57.2,6.0,12.6,53.1,19.3,13.0,31.1,28.4,29.8,23.7,25.9,5.1,37.3,24.5,9.6,13.8,38.5,29.5,74.9,16.9,13.7,34.8,14.4,5.0,14.6,41.1,3.4,15.1,7.6,4.68,40
24031703218,MD,Maryland,Montgomery,24031,1963,1933,-77.071024,39.1071892,5.3,46.4,3.6,56.6,91.3,21.7,8.5,13.7,92.0,98.2,7.5,82.9,9.0,4.0,73.4,12.6,17.4,38.0,16.1,5.7,3.9,19.2,14.9,58.5,3.2,7.9,3.0,27.0,25.7,82.9,6.6,21.4,20.7,14.2,4.0,2.0,23.9,6.8,9.0,5.8,5.0,40
24033800607,MD,Maryland,Prince George's,24033,6200,4963,-76.7754842,38.8552574,7.5,27.1,11.0,43.4,79.4,6.1,12.2,5.2,82.1,92.4,10.5,74.3,5.0,8.6,66.6,13.7,15.5,24.8,26.3,17.5,12.2,17.9,3.8,37.3,16.7,6.7,8.6,35.3,23.3,82.6,13.1,13.8,42.6,11.4,4.0,10.3,43.2,3.9,7.0,4.8,3.725,40
24033800213,MD,Maryland,Prince George's,24033,4826,3906,-76.8633956,39.0861685,10.2,20.6,13.5,33.7,71.6,4.7,11.1,4.0,76.3,89.1,11.6,67.3,4.3,9.3,64.9,15.6,11.9,23.2,25.2,19.0,13.2,17.2,3.7,33.5,17.5,6.5,9.2,35.3,23.3,81.8,14.2,10.7,39.5,10.8,3.3,10.7,41.8,2.7,7.0,4.6,3.84,40
24031705702,MD,Maryland,Montgomery,24031,4565,3434,-77.1108685,38.9542113,3.9,25.5,13.6,33.0,80.0,12.3,8.7,5.8,81.0,94.4,6.8,75.2,3.9,4.2,80.1,17.4,8.6,19.1,15.1,4.2,2.4,10.2,6.3,45.1,4.2,3.9,2.8,27.0,12.8,81.3,9.3,8.0,22.0,8.9,1.9,2.5,26.3,2.7,2.7,2.5,3.1000000000000005,40
24031702101,MD,Maryland,Montgomery,24031,6021,4467,-76.9944183,39.0084284,19.7,21.8,11.8,37.3,75.0,4.9,10.2,6.5,75.3,86.6,15.6,64.2,6.5,12.1,56.4,17.3,15.5,31.9,28.6,29.3,23.1,26.9,5.9,40.6,22.9,9.4,13.1,37.5,31.1,80.0,15.3,15.6,33.8,14.6,5.4,13.6,39.4,4.1,11.9,8.1,4.174999999999999,40
24031706012,MD,Maryland,Montgomery,24031,3522,2888,-77.1523847,39.0301126,7.7,25.4,11.5,36.5,79.8,9.1,9.3,6.8,79.9,92.0,9.8,71.8,5.4,7.0,70.7,17.4,12.6,25.1,20.1,11.5,8.2,16.6,7.0,44.6,9.4,6.1,5.8,31.0,21.0,80.1,11.5,12.1,25.7,11.4,3.2,5.8,32.0,3.6,3.9,4.6,3.5725000000000002,40
24033800108,MD,Maryland,Prince George's,24033,4351,3473,-76.8603976,39.0957097,11.1,19.6,13.7,33.8,68.7,4.0,11.9,3.8,75.8,87.7,13.1,67.9,4.4,10.5,62.7,16.5,11.5,24.6,26.1,23.0,17.8,18.6,3.4,31.0,21.4,7.4,11.3,36.7,24.4,82.1,15.8,10.9,42.9,11.1,3.7,13.8,43.9,2.7,10.8,5.0,4.5925,40
24031702302,MD,Maryland,Montgomery,24031,4434,3229,-77.0189819,39.0094941,9.2,22.0,13.7,34.1,74.4,6.9,10.3,5.1,77.5,90.8,11.3,67.3,5.0,8.9,67.1,18.8,10.9,23.5,22.5,15.1,11.7,17.0,4.9,39.7,13.9,6.3,7.5,32.9,20.3,78.6,13.6,10.4,31.2,11.3,3.3,8.6,35.6,3.0,8.9,4.4,3.8475,40
24031700904,MD,Maryland,Montgomery,24031,4141,3433,-77.1290436,39.0656133,11.4,16.4,13.8,27.6,68.4,4.7,9.2,4.3,72.8,86.1,12.6,60.7,4.4,8.9,59.6,18.7,9.6,23.8,24.2,18.1,13.2,17.7,4.7,36.0,14.4,6.7,8.8,35.5,22.3,76.8,14.4,9.2,26.4,10.7,3.0,8.5,36.8,2.5,12.3,4.9,3.9725,40
24031701423,MD,Maryland,Montgomery,24031,5118,3685,-76.9382912,39.0864582,10.1,20.1,12.1,35.9,73.5,4.4,11.5,4.5,78.0,89.1,13.3,63.6,4.9,10.2,62.4,17.8,12.6,25.6,28.0,22.8,18.5,20.1,3.7,36.8,20.3,7.7,11.1,37.6,23.8,82.2,15.7,11.6,34.7,11.9,4.1,13.0,41.4,3.3,9.8,5.5,4.01,40
24033800608,MD,Maryland,Prince George's,24033,8212,6177,-76.7424353,38.8558523,6.1,21.5,12.5,37.3,74.4,4.5,12.0,3.4,80.7,92.5,9.5,70.4,3.4,7.6,67.7,13.8,11.9,19.8,25.5,15.0,10.2,14.4,2.6,32.8,16.0,5.5,7.8,34.8,19.2,84.9,13.0,9.8,42.1,9.4,3.0,10.1,44.9,2.7,5.9,3.7,4.1625,40
24031701005,MD,Maryland,Montgomery,24031,3281,2511,-77.1673715,39.083326,5.5,22.2,13.7,31.4,77.1,8.7,8.8,5.2,78.3,92.4,8.6,68.9,4.2,6.3,76.8,17.5,9.7,20.0,19.8,7.6,4.5,12.6,5.4,43.2,6.7,4.6,4.2,30.4,16.2,80.6,11.1,8.5,22.9,9.8,2.3,3.8,29.3,2.6,4.8,3.0,3.3575000000000004,40
24031704404,MD,Maryland,Montgomery,24031,5733,4405,-77.0997918,39.0120658,4.8,22.8,13.7,31.3,78.0,10.1,8.7,5.3,79.3,93.2,7.6,71.6,3.7,4.8,76.9,17.1,8.7,19.5,17.5,5.8,3.4,11.0,5.8,42.4,5.7,4.2,3.5,29.0,14.3,83.1,10.1,8.1,22.3,8.9,2.0,3.3,28.7,2.6,4.6,2.7,3.0899999999999994,40
24031700724,MD,Maryland,Montgomery,24031,3279,2330,-77.2078144,39.1396063,22.2,18.3,13.5,32.4,69.5,4.0,10.1,5.1,72.3,84.9,16.7,54.4,5.5,12.4,46.5,18.4,12.9,30.9,29.1,30.4,23.2,26.1,5.2,37.3,24.9,9.1,13.6,38.6,30.8,76.1,16.5,13.2,34.1,14.1,4.7,14.2,41.4,3.2,16.3,7.5,4.612500000000001,40
24031701007,MD,Maryland,Montgomery,24031,3129,2466,-77.1865835,39.0987809,6.1,18.9,14.0,28.0,74.3,7.1,9.0,4.2,76.9,91.6,8.7,70.0,3.4,5.8,73.4,17.5,8.5,18.5,21.3,8.5,4.9,11.7,4.4,39.5,8.0,4.3,4.6,32.4,15.6,80.7,11.6,7.2,22.8,8.8,1.9,4.4,32.2,2.2,4.0,2.8,3.147500000000001,40
24031702102,MD,Maryland,Montgomery,24031,3406,2437,-77.0047129,39.0219894,4.6,19.9,16.7,27.5,73.4,8.4,9.2,4.1,76.9,92.6,7.9,72.5,3.3,5.3,75.6,18.9,7.2,16.8,17.2,5.6,3.3,10.1,4.3,39.7,5.8,3.9,3.5,29.1,12.2,82.2,11.1,6.4,23.6,8.4,1.8,3.4,30.4,2.1,2.4,2.3,3.2749999999999995,40
24021770700,MD,Maryland,Frederick,24021,3638,2949,-77.548239,39.475432,5.6,30.0,15.2,36.7,79.0,11.1,9.7,6.3,80.4,91.6,10.4,70.7,5.9,9.0,71.9,21.3,10.9,23.2,20.7,7.2,5.1,13.8,6.6,42.8,7.0,5.5,4.5,30.0,18.5,73.2,14.4,10.2,33.7,11.0,2.6,4.6,33.5,3.1,7.5,3.1,3.7475,40
24021753001,MD,Maryland,Frederick,24021,4527,3680,-77.4043582,39.6040079,7.1,29.4,15.5,36.3,77.4,10.0,10.1,6.6,78.6,89.1,12.6,70.3,6.8,11.1,65.9,23.1,11.2,26.3,21.9,10.3,8.1,16.4,7.1,41.1,9.1,6.9,6.0,31.9,21.7,74.1,16.5,11.7,35.5,12.1,3.2,6.1,35.4,3.3,8.7,3.9,4.0975,40
24031700316,MD,Maryland,Montgomery,24031,3851,2734,-77.2720944,39.2214431,8.1,16.8,12.8,29.2,71.4,4.6,9.0,3.9,75.6,89.7,10.3,58.8,3.7,8.2,65.0,16.7,10.3,20.2,24.7,14.8,10.0,15.3,3.9,38.6,12.4,5.4,7.0,34.0,20.2,76.8,12.8,8.3,25.7,9.9,2.7,7.4,36.9,2.4,7.5,3.9,3.6349999999999993,40
24031700614,MD,Maryland,Montgomery,24031,5624,4346,-77.2653454,39.1532437,10.8,19.2,13.7,31.0,72.7,5.5,9.9,4.4,75.6,89.3,11.8,66.6,4.4,8.7,64.5,18.1,10.7,23.3,24.6,16.5,11.5,17.3,4.4,38.4,14.6,6.3,8.0,34.9,21.3,77.7,13.8,9.9,29.0,11.1,3.1,8.3,36.8,2.7,7.4,4.5,3.7525,40
24031700903,MD,Maryland,Montgomery,24031,2377,1730,-77.1278026,39.0963997,14.6,17.4,15.0,28.8,68.5,4.7,9.9,4.4,72.5,86.4,14.2,65.1,4.7,10.2,60.4,19.7,10.2,25.8,25.3,20.7,14.9,19.8,4.6,36.3,17.7,7.3,9.8,36.4,23.6,78.0,15.6,10.1,30.5,12.0,3.5,10.0,37.2,2.6,9.9,5.3,3.8699999999999997,40
24033800408,MD,Maryland,Prince George's,24033,7307,5703,-76.8073698,38.9726945,8.8,24.2,12.3,38.5,77.3,6.1,11.2,4.7,79.7,91.6,10.2,69.6,4.4,8.1,64.0,13.8,13.3,23.0,25.9,15.5,9.7,16.4,3.9,36.5,14.8,5.9,7.6,35.1,21.8,83.5,12.6,11.7,38.9,10.7,3.3,8.4,42.8,3.3,9.5,4.2,3.8175000000000003,40
24031706011,MD,Maryland,Montgomery,24031,5578,4264,-77.1759645,39.0379466,4.1,23.3,11.9,32.9,80.3,10.4,8.1,5.6,81.0,94.0,6.7,71.5,3.6,4.3,79.5,15.2,9.8,18.6,17.8,5.2,2.8,10.8,6.0,45.8,4.5,3.8,3.0,28.3,14.4,81.0,8.8,8.0,20.0,8.6,1.9,2.6,27.3,2.7,3.6,2.7,3.0725000000000002,40
24031701210,MD,Maryland,Montgomery,24031,3977,2997,-77.1836415,39.0628456,3.8,23.2,13.0,32.2,79.6,10.5,8.3,5.3,80.8,94.3,6.4,73.1,3.5,4.2,79.5,16.1,9.2,17.3,16.7,4.5,2.4,9.9,5.5,45.3,4.3,3.5,2.8,27.5,13.0,81.6,9.0,7.2,21.0,8.4,1.7,2.5,27.6,2.5,3.0,2.4,2.6675,40
24031700720,MD,Maryland,Montgomery,24031,3150,2387,-77.1778676,39.1493064,12.3,19.1,13.4,31.0,74.3,5.6,9.2,4.9,75.6,89.6,11.4,67.1,4.3,8.2,67.3,16.7,11.3,23.4,25.7,15.3,9.2,17.4,4.8,40.6,13.1,5.8,7.1,35.3,21.9,78.6,12.9,9.9,26.4,11.0,2.9,6.6,34.4,2.8,6.3,4.4,3.465,40
24031700826,MD,Maryland,Montgomery,24031,5822,4467,-77.2340947,39.1174039,3.9,20.3,15.0,27.9,75.3,8.8,8.8,4.1,78.2,93.3,7.1,68.1,3.1,4.5,77.8,17.9,7.6,16.4,17.2,4.9,2.7,9.4,4.5,40.8,5.1,3.6,3.1,28.8,12.4,81.9,10.3,6.4,21.9,8.0,1.6,3.0,29.5,2.1,2.3,2.2,2.8824999999999994,40
24031701206,MD,Maryland,Montgomery,24031,6579,4909,-77.1676408,39.0497416,4.6,21.6,13.1,30.6,78.0,9.3,8.3,5.0,79.2,93.3,7.2,72.2,3.5,4.8,78.2,16.1,9.1,18.2,18.8,5.8,3.1,10.8,5.4,43.6,5.3,3.9,3.4,29.4,14.3,82.3,9.7,7.5,20.8,8.7,1.9,3.0,28.6,2.4,2.1,2.6,3.045,40
24031703404,MD,Maryland,Montgomery,24031,3118,2374,-77.0701459,39.0548319,27.8,19.8,13.2,33.0,71.7,4.4,9.7,6.0,71.2,84.5,17.8,57.3,6.1,12.7,53.5,18.1,15.0,34.0,30.0,32.3,21.9,30.0,6.1,40.8,25.1,9.5,13.6,39.1,34.2,76.2,16.0,15.7,33.3,16.1,5.4,12.7,38.3,3.6,11.2,8.8,4.915,40
24033800522,MD,Maryland,Prince George's,24033,3841,3020,-76.7487053,38.8843063,5.3,23.9,11.9,40.2,78.2,5.4,11.9,4.0,82.3,93.4,8.7,75.7,3.5,6.6,70.9,13.1,13.1,20.1,25.0,12.9,8.1,14.0,2.8,35.3,13.9,5.2,6.9,34.2,18.6,86.2,12.1,10.5,41.1,9.4,3.0,8.5,43.4,3.1,7.2,3.6,3.6625,40
24031702603,MD,Maryland,Montgomery,24031,2186,1948,-77.0314179,38.9907396,6.8,14.0,16.8,24.1,65.3,4.2,10.2,2.8,73.7,88.9,10.3,72.0,2.7,5.8,73.3,20.1,6.6,18.1,21.2,11.2,8.0,11.6,3.0,30.8,11.4,4.9,6.5,34.7,14.4,84.5,14.0,5.9,27.3,7.9,1.9,6.9,33.4,1.8,4.5,3.0,3.4125,40
24031700610,MD,Maryland,Montgomery,24031,1938,1520,-77.2520748,39.1387592,5.3,22.1,14.0,31.2,77.6,9.2,8.7,5.1,78.7,92.9,7.8,73.5,3.8,5.4,72.5,17.1,9.3,18.6,18.6,6.4,3.6,11.4,5.2,43.6,5.9,4.0,3.7,29.4,14.5,81.9,10.4,7.7,22.6,9.1,2.0,3.3,31.2,2.5,4.9,2.7,3.2075000000000005,40
24033800102,MD,Maryland,Prince George's,24033,3129,2599,-76.8569904,39.1061029,12.5,23.2,14.6,33.6,72.5,6.4,11.1,4.8,75.0,88.6,12.7,67.1,5.3,10.4,57.9,17.0,11.5,25.6,25.0,17.6,11.5,18.0,4.8,35.4,16.3,6.9,8.5,35.6,24.0,79.4,14.8,11.8,38.4,12.0,3.4,9.1,41.3,3.0,12.8,4.5,4.0225,40
24031703302,MD,Maryland,Montgomery,24031,4446,3412,-77.0819211,39.0736794,21.1,19.8,13.3,32.3,72.5,5.2,9.2,5.8,72.7,86.3,15.1,58.9,5.6,11.0,52.8,17.5,13.4,29.9,28.0,24.9,16.4,24.6,6.1,40.7,19.8,8.0,10.8,37.1,29.6,75.5,14.7,13.3,30.3,14.1,4.3,10.1,37.7,3.3,12.2,6.9,4.08,40
24031705501,MD,Maryland,Montgomery,24031,2377,2008,-77.0902928,38.9607393,5.8,18.3,15.5,26.0,72.5,7.6,8.9,4.2,75.4,90.5,8.8,71.1,3.4,5.4,75.8,18.8,7.2,18.5,18.9,7.4,4.4,11.1,4.7,37.7,6.7,4.4,4.3,31.7,14.1,79.5,11.7,6.8,21.9,8.5,1.8,3.8,29.3,2.1,3.5,2.7,3.0425000000000004,40
24031700721,MD,Maryland,Montgomery,24031,3200,2462,-77.205747,39.1632023,14.2,18.7,13.9,31.1,71.1,5.0,9.8,4.6,74.2,88.0,13.1,60.9,4.7,9.8,58.3,18.3,11.2,25.1,25.5,20.4,14.7,19.6,4.6,37.9,17.5,6.9,9.5,35.6,23.9,77.2,14.6,10.5,31.0,11.9,3.5,10.0,38.1,2.8,13.8,5.3,3.9675,40
24031700835,MD,Maryland,Montgomery,24031,4388,3492,-77.2273849,39.1980942,7.7,19.4,12.6,31.1,76.0,6.1,8.9,4.7,77.3,91.0,9.6,69.7,4.0,7.0,70.9,16.0,11.1,20.4,24.3,11.6,6.7,14.6,4.5,42.2,9.8,4.9,5.7,33.7,19.0,81.2,11.7,8.8,23.8,10.0,2.5,5.2,33.5,2.6,5.1,3.6,3.3574999999999995,40
24031700617,MD,Maryland,Montgomery,24031,2546,1906,-77.2254127,39.09442,4.6,19.3,11.4,30.2,77.6,7.0,7.8,4.4,79.1,93.1,7.0,68.4,3.3,5.3,75.5,14.2,10.3,16.7,21.8,7.3,3.7,11.3,4.4,44.5,6.0,3.6,3.7,30.6,16.1,81.5,9.4,7.2,19.5,8.4,1.8,3.2,30.8,2.3,5.5,2.7,3.0625,40
24031703800,MD,Maryland,Montgomery,24031,4126,3384,-77.054713,39.03606,11.1,15.9,15.0,28.1,66.6,4.1,10.5,3.6,73.8,87.5,12.9,64.6,3.9,8.9,60.4,19.5,8.9,22.8,24.7,18.6,14.3,17.0,3.6,33.7,17.0,6.6,9.5,36.1,20.1,79.7,15.3,8.4,31.0,10.4,3.0,10.3,39.2,2.3,6.6,4.5,3.9,40
24031703702,MD,Maryland,Montgomery,24031,4147,3221,-77.0563037,39.0486516,15.9,19.2,14.0,31.2,72.5,5.4,9.1,5.2,73.8,88.1,12.9,60.8,4.9,9.5,61.6,17.6,11.9,25.9,25.2,19.2,12.5,20.3,5.3,39.9,16.0,6.7,8.8,34.9,24.6,78.5,13.8,11.1,29.2,12.3,3.6,8.5,36.1,2.9,9.8,5.5,4.005,40
24021753002,MD,Maryland,Frederick,24021,2746,2156,-77.3861778,39.6336537,9.2,30.9,14.8,38.3,77.3,9.6,10.7,7.5,77.8,87.3,15.1,66.4,8.6,14.2,59.6,24.4,12.7,30.5,24.0,14.2,12.1,20.3,7.8,41.6,11.7,8.6,7.6,33.9,26.2,70.9,18.5,14.2,38.0,14.1,4.0,7.9,37.1,3.9,10.2,5.0,4.4025,40
24031704806,MD,Maryland,Montgomery,24031,4531,4053,-77.0980578,38.9906261,5.0,12.8,18.5,20.0,63.4,4.9,8.9,2.5,72.1,89.4,8.4,71.1,2.2,4.5,75.1,20.0,5.0,14.8,18.6,6.4,3.7,8.6,3.0,31.4,6.8,3.6,4.2,32.4,11.3,83.0,12.4,4.3,22.1,6.8,1.3,3.9,30.9,1.3,3.8,2.0,2.8674999999999997,40
24021766800,MD,Maryland,Frederick,24021,5872,4830,-77.344928,39.6979835,8.5,21.4,17.2,28.5,69.4,6.6,10.9,5.1,74.6,81.2,16.8,64.4,5.9,10.3,60.2,25.3,8.6,28.3,25.2,14.3,10.6,16.8,5.8,32.9,11.5,8.4,9.1,38.7,21.4,69.1,20.8,9.9,33.1,11.3,3.0,7.5,36.9,2.7,15.6,4.3,4.2524999999999995,40
24031700608,MD,Maryland,Montgomery,24031,5800,4511,-77.2582656,39.0580546,4.3,20.8,12.1,31.4,79.0,8.1,8.1,5.0,79.6,93.0,7.3,70.8,3.6,5.0,75.4,15.2,10.4,17.9,20.4,6.5,3.3,11.3,5.0,44.9,5.4,3.9,3.6,30.4,15.5,81.6,9.7,7.6,19.8,8.7,1.9,3.0,29.9,2.5,6.0,2.7,2.8874999999999997,40
24031701101,MD,Maryland,Montgomery,24031,4705,3753,-77.1194308,39.0801609,11.8,19.9,14.6,30.1,73.0,6.5,9.1,5.1,74.3,89.1,11.6,65.0,4.7,8.7,67.5,18.2,10.4,23.6,23.7,14.0,8.6,17.0,5.3,40.5,12.1,5.9,6.8,33.9,21.1,77.3,13.3,9.8,26.6,11.4,2.9,6.3,33.7,2.7,8.4,4.3,3.6675000000000004,40
24031701503,MD,Maryland,Montgomery,24031,7440,6013,-76.9902806,39.0601655,11.0,23.6,11.8,36.7,78.7,7.4,9.6,6.2,78.6,90.8,11.1,71.2,5.3,8.2,68.7,15.9,13.0,26.0,25.7,15.2,9.8,18.5,5.9,43.1,12.7,6.4,7.1,35.0,23.0,82.3,12.4,12.3,27.5,11.8,3.4,6.8,34.8,3.6,6.7,4.9,3.4400000000000004,40
24031700313,MD,Maryland,Montgomery,24031,3713,2863,-77.2570537,39.1946701,7.8,17.0,13.5,28.1,71.7,5.0,9.4,3.7,75.6,89.9,10.2,66.9,3.5,7.3,70.8,16.9,9.3,19.8,25.2,12.8,8.0,14.0,3.7,37.5,11.4,5.1,6.4,35.2,18.5,79.8,12.9,7.9,24.9,9.4,2.4,6.3,34.6,2.3,6.1,3.5,3.3899999999999997,40
24031701506,MD,Maryland,Montgomery,24031,5144,4155,-77.0050149,39.0548604,7.4,24.1,12.2,36.2,79.2,8.5,9.6,5.9,80.0,92.4,9.3,72.9,4.8,6.6,70.7,16.5,11.7,22.6,21.4,10.9,7.3,15.2,5.6,43.4,9.6,5.4,5.7,31.7,18.2,81.1,11.3,10.5,26.7,10.5,2.9,5.6,33.2,3.3,5.4,3.9,3.14,40
24031700837,MD,Maryland,Montgomery,24031,7443,5416,-77.210064,39.125196,9.8,14.0,14.6,24.6,67.4,4.2,8.3,3.1,73.0,88.8,9.8,66.3,2.8,6.7,68.8,16.1,8.1,18.4,24.4,13.0,7.6,13.4,3.4,35.2,11.7,4.5,6.3,34.4,18.1,79.0,12.3,6.5,24.4,8.7,2.1,6.1,34.7,1.8,4.8,3.3,3.3900000000000006,40
24033800413,MD,Maryland,Prince George's,24033,4348,3274,-76.8288898,38.9864764,8.8,21.5,12.5,37.0,72.6,4.3,12.3,3.8,78.9,90.2,11.7,70.9,4.2,9.5,65.5,14.9,12.4,23.3,27.4,20.7,15.3,17.4,3.0,32.2,20.0,6.8,10.1,37.0,23.1,82.0,14.7,11.3,43.2,10.6,3.6,12.6,44.5,3.0,6.3,4.6,4.5775,40
24033800605,MD,Maryland,Prince George's,24033,4867,3956,-76.7484697,38.7982387,9.2,20.8,14.1,35.7,72.0,4.5,11.8,3.7,77.4,89.4,11.7,70.1,4.0,9.4,64.1,14.3,11.5,23.1,29.4,18.4,11.9,16.6,3.0,32.2,18.2,6.3,9.1,38.2,21.8,83.2,14.5,10.7,40.8,10.4,3.2,10.3,44.5,2.9,7.5,4.1,4.19,40
24031701415,MD,Maryland,Montgomery,24031,7916,6121,-76.9894825,39.0843083,8.7,22.3,12.1,35.5,78.2,6.9,9.6,5.5,79.0,91.5,10.0,72.9,4.5,7.1,70.1,16.1,12.3,23.1,23.7,13.2,8.7,16.2,5.1,41.9,11.7,5.7,6.6,33.4,20.2,81.2,12.0,10.6,27.7,10.7,3.1,6.7,34.5,3.2,5.4,4.3,3.2600000000000002,40
24033800106,MD,Maryland,Prince George's,24033,3161,2421,-76.8795704,39.0953558,8.9,22.9,12.9,36.5,74.4,5.4,11.4,4.3,78.2,90.8,11.0,66.9,4.5,9.5,60.0,15.1,12.7,23.0,25.8,17.6,12.0,16.9,3.7,35.2,16.8,6.3,8.5,35.0,22.9,80.5,13.8,11.4,40.2,11.0,3.4,10.2,44.6,3.0,10.2,4.3,4.0600000000000005,40
24031703000,MD,Maryland,Montgomery,24031,1829,1382,-77.0213915,39.0183846,6.1,20.9,15.5,30.1,74.1,7.7,9.4,4.6,76.7,91.8,9.2,69.8,4.0,6.7,74.9,19.2,9.0,19.6,18.7,8.5,5.7,12.8,4.8,40.5,8.1,4.8,4.8,30.0,15.4,81.5,12.0,8.1,26.2,9.8,2.4,4.9,31.0,2.4,5.4,3.2,3.1925000000000003,40
24031704503,MD,Maryland,Montgomery,24031,4247,2901,-77.1190762,39.00658,4.5,20.6,15.5,28.6,74.6,8.6,8.9,4.3,77.7,93.0,7.7,67.7,3.5,5.4,78.5,18.2,7.9,17.1,17.3,5.7,3.3,10.5,4.6,41.4,5.6,3.9,3.4,28.6,13.2,79.6,10.7,6.8,23.1,8.7,1.8,3.3,28.6,2.2,2.2,2.4,3.2725,40
24031700208,MD,Maryland,Montgomery,24031,2433,1860,-77.1777758,39.2905405,8.1,22.2,15.6,31.0,74.4,8.0,9.8,5.2,75.9,90.6,11.1,69.0,5.0,8.4,66.0,20.1,9.5,22.7,21.3,10.4,6.6,14.8,5.4,41.0,9.6,5.6,5.6,32.7,18.0,77.4,13.6,9.3,26.8,11.2,2.7,5.3,34.3,2.7,5.1,3.6,3.4325,40
24033800704,MD,Maryland,Prince George's,24033,5406,4181,-76.7828533,38.7781062,7.9,24.3,12.0,39.3,75.0,5.2,12.8,4.4,80.1,91.0,11.9,72.1,4.8,9.9,61.5,15.6,13.4,24.7,27.2,20.3,15.1,18.0,3.5,33.9,19.9,7.2,10.0,36.8,23.6,83.8,15.1,12.6,44.1,11.4,3.9,12.6,46.7,3.4,6.2,4.7,4.4625,40
24031701601,MD,Maryland,Montgomery,24031,2128,1557,-76.9763685,39.0147267,15.2,18.3,12.8,33.5,71.3,3.7,10.8,4.5,74.7,86.5,14.9,61.0,4.9,11.3,54.6,17.8,12.4,27.7,29.6,26.8,20.9,22.6,4.0,35.9,22.5,8.3,12.4,38.9,26.9,79.8,16.1,12.0,33.8,12.5,4.3,13.5,42.1,3.2,13.5,6.4,4.482499999999999,40
24031701505,MD,Maryland,Montgomery,24031,7010,5418,-76.9933235,39.0300467,11.6,21.3,12.7,35.8,74.3,5.6,10.7,5.3,77.1,88.9,13.2,66.4,5.4,10.1,61.1,17.8,12.5,26.7,26.9,20.8,16.0,20.3,4.8,38.8,17.9,7.6,10.0,36.6,23.9,80.1,14.9,12.1,32.5,12.2,4.0,10.9,39.2,3.4,8.8,5.5,3.6350000000000002,40
24031700711,MD,Maryland,Montgomery,24031,6733,5301,-77.1658884,39.1342913,8.0,18.4,14.4,28.6,73.4,6.4,8.9,4.3,75.9,90.7,9.4,68.8,3.6,6.5,70.6,17.1,9.2,19.5,22.7,10.3,6.0,13.1,4.4,39.2,9.6,4.6,5.3,33.1,17.2,80.4,12.0,7.7,24.5,9.3,2.2,5.1,33.6,2.3,4.4,3.2,3.027499999999999,40
24031700834,MD,Maryland,Montgomery,24031,5105,3876,-77.2317358,39.1886162,13.9,19.6,13.0,33.1,71.8,4.6,10.5,4.9,74.9,87.2,14.5,59.3,5.4,11.2,58.3,18.9,12.7,27.3,27.0,23.8,18.3,22.0,4.6,38.4,19.8,8.0,11.1,36.9,26.1,75.9,15.8,12.0,32.5,12.9,4.2,11.9,39.3,3.1,14.7,6.1,4.2125,40
24031703901,MD,Maryland,Montgomery,24031,3109,2301,-77.0362582,39.0202612,6.6,21.2,14.7,30.7,74.8,7.7,9.4,4.7,77.4,91.9,9.2,68.0,4.1,6.8,73.6,18.5,9.3,19.9,19.8,9.1,6.0,13.2,4.7,40.7,8.6,4.8,5.0,30.7,16.2,79.2,11.9,8.4,26.0,9.8,2.4,5.1,32.3,2.5,7.5,3.2,3.2600000000000002,40
24031705701,MD,Maryland,Montgomery,24031,4652,3450,-77.115724,38.9658091,4.8,21.8,14.8,29.8,76.3,9.3,9.0,4.8,78.2,92.5,8.0,73.6,3.8,5.3,79.0,18.3,8.3,18.5,17.5,6.0,3.6,10.9,5.1,41.8,5.7,4.1,3.6,29.4,13.7,82.2,10.8,7.4,23.0,8.9,1.9,3.4,27.9,2.4,2.8,2.6,3.1825,40
24031701223,MD,Maryland,Montgomery,24031,3158,2645,-77.1111259,39.0325195,5.5,15.8,17.2,23.1,68.5,6.1,9.2,3.0,74.4,90.9,8.5,70.3,2.7,5.0,75.2,19.5,6.2,15.9,18.9,6.9,4.0,9.7,3.4,35.1,7.2,3.8,4.2,31.7,12.4,81.2,12.1,5.4,23.2,7.7,1.6,4.0,31.6,1.6,3.2,2.3,3.085,40
24031703202,MD,Maryland,Montgomery,24031,5780,4547,-77.0938453,39.0951706,6.8,24.2,13.6,33.4,78.0,9.4,9.2,5.8,78.7,92.4,9.2,71.0,4.7,6.5,69.8,18.0,10.3,22.1,19.2,8.5,5.3,13.9,6.1,43.5,7.8,5.1,4.7,30.2,17.2,77.8,11.4,9.8,25.1,10.5,2.6,4.5,32.4,3.0,4.8,3.5,3.417499999999999,40
24031703701,MD,Maryland,Montgomery,24031,4053,3105,-77.0624733,39.0532841,25.6,20.0,13.5,32.7,71.4,4.7,9.9,6.0,71.4,84.6,17.4,56.6,6.3,12.7,53.1,18.7,14.2,33.0,29.4,30.2,20.8,28.4,6.0,40.4,23.6,9.3,13.0,38.8,32.4,73.5,16.1,14.9,32.7,15.6,5.2,12.1,37.8,3.5,15.4,8.2,4.512499999999999,40
24033800507,MD,Maryland,Prince George's,24033,3967,3205,-76.7062714,38.9064512,8.2,23.7,13.1,37.0,75.5,5.8,11.8,4.6,78.4,90.3,11.4,71.0,4.8,9.2,65.9,15.9,12.6,23.9,25.4,16.9,11.6,16.8,3.9,35.0,15.9,6.6,8.4,35.7,22.3,82.8,14.3,11.7,39.9,11.1,3.4,9.6,42.0,3.2,6.2,4.3,3.6224999999999996,40
24031700727,MD,Maryland,Montgomery,24031,1793,1368,-77.1877298,39.1376131,20.8,22.0,13.4,33.8,73.3,6.1,9.8,6.7,73.0,85.9,16.2,58.7,7.0,12.4,55.4,19.2,13.6,32.0,26.4,25.2,17.9,26.1,6.7,41.6,19.5,9.1,11.3,36.6,29.6,70.9,15.5,14.8,31.4,15.2,4.9,10.5,36.9,3.7,16.9,7.4,4.735,40
24031700500,MD,Maryland,Montgomery,24031,7196,5390,-77.4397368,39.1234371,6.1,22.8,15.5,31.0,75.2,8.6,9.8,5.1,76.9,91.4,10.0,71.0,4.8,7.6,74.6,20.3,9.2,21.1,19.1,8.5,5.5,13.6,5.2,41.9,7.8,5.2,4.8,30.8,16.0,79.8,12.7,8.9,25.8,10.6,2.6,4.6,31.1,2.6,7.4,3.2,3.45,40
24031700706,MD,Maryland,Montgomery,24031,4691,3396,-77.2356765,39.1538746,10.9,16.5,14.0,28.7,69.8,4.4,9.3,3.8,74.1,88.5,11.6,62.7,3.8,8.7,64.0,17.5,10.0,21.7,25.6,16.9,11.4,16.5,3.9,37.0,14.8,5.8,8.0,35.3,21.2,79.7,13.9,8.4,28.0,10.4,2.8,8.3,37.0,2.3,7.4,4.2,3.5675,40
24031700618,MD,Maryland,Montgomery,24031,5093,3891,-77.2263638,39.0890223,4.1,18.3,11.1,29.8,78.0,6.5,7.4,4.2,79.4,93.2,6.4,68.9,3.0,4.7,74.5,13.4,10.5,15.6,21.5,6.7,3.2,10.6,4.1,45.0,5.3,3.3,3.4,30.2,15.6,81.0,8.8,6.6,18.2,8.0,1.7,2.9,31.5,2.2,3.1,2.6,2.8600000000000003,40
24021772200,MD,Maryland,Frederick,24021,1566,1302,-77.383808,39.4123663,11.7,29.2,13.8,40.1,75.4,7.8,11.0,7.7,77.7,85.3,16.8,62.5,9.3,16.1,53.5,24.3,14.7,32.6,24.3,22.9,23.1,24.3,7.6,39.6,17.8,10.3,11.9,33.8,29.8,65.9,19.5,15.6,43.3,14.8,5.3,13.7,40.0,4.2,21.4,7.0,5.0725,40
24031704401,MD,Maryland,Montgomery,24031,3664,2773,-77.1147298,39.0218818,4.3,22.2,13.5,31.7,78.0,9.2,8.7,5.0,79.7,93.8,7.1,73.0,3.5,4.8,77.2,16.6,9.3,17.9,17.8,5.8,3.3,10.8,5.1,43.7,5.5,3.9,3.4,28.5,13.7,81.6,9.8,7.6,22.5,8.7,2.0,3.2,29.3,2.5,3.5,2.6,3.0399999999999996,40
24031705502,MD,Maryland,Montgomery,24031,4097,3077,-77.101874,38.9703808,4.3,26.0,13.5,33.9,79.7,11.4,9.2,6.0,80.5,93.7,7.8,73.8,4.5,5.2,77.5,18.4,9.6,20.3,16.1,5.5,3.4,11.7,6.2,45.3,5.2,4.4,3.4,27.8,14.4,82.4,10.4,8.8,23.7,9.8,2.2,3.2,27.9,2.8,4.0,2.9,3.0050000000000003,40
24031702900,MD,Maryland,Montgomery,24031,5439,4288,-77.0277748,39.0056401,4.2,22.6,14.5,31.5,77.5,9.5,9.2,4.8,79.6,93.8,7.2,75.8,3.5,4.6,79.1,17.7,8.6,17.6,17.2,5.4,3.3,10.3,4.8,42.0,5.8,3.8,3.5,28.6,12.6,82.9,10.3,7.3,24.3,8.6,1.9,3.6,29.7,2.4,2.3,2.5,2.8724999999999996,40
24031703220,MD,Maryland,Montgomery,24031,5055,4057,-77.0511748,39.0960373,11.2,25.1,11.3,38.5,79.4,7.6,10.1,6.4,79.5,91.2,11.6,71.9,5.6,8.4,66.0,16.4,13.7,27.5,25.5,16.5,11.5,19.5,6.0,42.9,14.1,7.1,7.8,35.0,24.2,79.9,12.9,13.5,29.4,12.4,3.8,8.0,36.1,4.0,9.8,5.3,3.6050000000000004,40
24031700830,MD,Maryland,Montgomery,24031,2376,1814,-77.2448532,39.1851226,9.0,15.0,14.5,27.4,68.4,3.9,9.6,3.3,74.3,88.6,11.0,65.5,3.2,7.6,65.5,17.1,8.9,20.1,26.2,15.2,10.1,14.6,3.3,34.5,14.2,5.3,7.6,36.3,18.9,80.8,13.9,7.4,27.6,9.3,2.5,8.1,38.0,2.1,6.3,3.7,3.497500000000001,40
24021775600,MD,Maryland,Frederick,24021,5172,3566,-77.3351285,39.4259707,5.1,21.7,18.2,28.0,71.2,7.5,9.6,3.7,77.4,90.7,9.6,66.1,3.7,7.7,74.4,21.9,7.6,17.8,20.3,6.7,4.6,10.8,4.1,36.0,7.4,4.5,4.4,30.3,14.7,76.2,14.7,6.6,32.7,8.8,2.0,4.8,34.1,2.0,3.6,2.4,3.7300000000000004,40
24031702200,MD,Maryland,Montgomery,24031,4361,3315,-77.0065074,39.0093138,7.3,21.1,14.9,30.5,74.7,7.6,9.5,4.6,77.0,91.7,9.4,71.2,4.2,6.8,73.2,18.7,9.3,20.1,19.5,9.4,6.2,13.5,4.7,40.7,8.8,4.9,5.0,30.6,16.2,79.0,11.9,8.4,26.4,9.9,2.5,5.1,31.9,2.5,7.1,3.3,3.5275,40
24031704700,MD,Maryland,Montgomery,24031,3816,2983,-77.1073449,38.9850986,3.8,23.4,14.6,30.9,78.5,10.8,8.8,5.1,79.6,93.6,7.1,77.3,3.7,4.4,79.5,17.9,8.3,17.6,15.7,4.3,2.4,9.9,5.3,44.1,4.2,3.7,2.9,27.7,12.1,83.3,9.8,7.2,21.8,8.6,1.8,2.5,27.6,2.4,3.1,2.3,3.085,40
24031700823,MD,Maryland,Montgomery,24031,3509,2613,-77.2359227,39.1335903,6.9,21.4,13.8,31.2,75.2,7.6,9.2,5.0,77.1,91.4,9.5,67.7,4.4,7.3,70.7,18.1,10.0,20.7,21.2,10.0,6.3,13.9,5.1,41.8,8.9,5.0,5.2,31.6,17.6,78.2,12.1,8.8,25.2,10.3,2.5,5.1,32.6,2.6,4.6,3.4,3.4200000000000004,40
24033800514,MD,Maryland,Prince George's,24033,6586,4941,-76.7834766,38.9592889,5.7,22.5,12.1,37.7,76.7,5.2,11.4,3.8,81.0,92.9,8.7,71.8,3.5,6.7,70.0,13.3,12.4,19.5,24.3,13.0,8.3,13.8,3.0,35.0,13.5,5.1,6.8,33.6,18.7,85.8,11.9,9.9,39.2,9.3,2.9,8.4,42.3,2.8,6.3,3.5,3.9375,40
24021752801,MD,Maryland,Frederick,24021,2192,1756,-77.5145169,39.581793,6.0,30.7,15.1,37.3,78.9,10.8,9.9,6.5,80.0,90.8,11.2,71.9,6.5,10.2,66.3,22.0,11.3,24.5,21.4,8.3,6.2,15.0,6.8,42.9,7.7,6.0,5.0,30.8,20.0,73.5,15.2,11.0,34.6,11.7,2.9,5.1,35.4,3.2,9.3,3.4,3.7699999999999996,40
24031702401,MD,Maryland,Montgomery,24031,2722,2090,-77.0086375,38.9891295,5.9,22.3,14.7,32.0,76.2,8.4,9.6,4.8,78.3,92.7,8.6,73.6,4.1,6.2,78.2,18.8,9.5,19.4,18.2,8.0,5.4,12.5,4.7,41.5,7.8,4.6,4.6,29.4,15.0,82.9,11.5,8.2,26.9,9.6,2.3,4.8,30.0,2.6,4.8,3.1,3.2300000000000004,40
24031703219,MD,Maryland,Montgomery,24031,3363,3327,-77.0631981,39.1059788,5.8,47.4,3.7,58.3,91.4,21.1,8.8,14.8,91.7,97.9,8.4,81.7,10.3,4.9,69.7,13.1,19.0,40.4,17.3,7.4,5.3,21.8,15.8,58.9,3.9,8.9,3.7,28.0,28.4,79.7,7.2,23.7,22.1,15.5,4.7,2.5,25.8,7.5,10.9,6.7,5.2625,40
24031702502,MD,Maryland,Montgomery,24031,1731,1556,-77.0247984,38.9879974,9.0,16.5,15.2,28.2,68.9,4.7,10.6,3.6,74.8,88.4,11.8,71.6,3.6,7.4,60.6,19.2,8.4,21.9,24.8,15.2,11.0,14.7,3.6,32.8,14.5,6.0,8.1,37.0,18.0,83.8,14.9,8.1,29.0,9.3,2.5,8.4,38.6,2.4,6.3,3.8,3.6775000000000007,40
24031700819,MD,Maryland,Montgomery,24031,6585,5057,-77.248836,39.166638,10.0,18.3,14.6,29.2,71.9,5.5,9.7,4.0,75.4,90.1,11.0,67.7,3.8,7.8,67.1,17.8,9.6,21.3,24.7,13.7,8.6,15.3,4.0,38.1,12.9,5.4,6.8,34.9,19.0,80.8,13.4,8.6,27.7,10.3,2.6,6.8,36.0,2.4,5.8,3.8,3.5100000000000002,40
24033801411,MD,Maryland,Prince George's,24033,3359,2706,-77.001109,38.7700808,11.6,25.6,11.2,40.8,78.6,5.8,10.8,5.6,79.2,90.8,11.2,70.6,5.2,9.5,65.6,13.2,15.9,26.2,28.1,19.4,12.3,19.6,4.5,38.5,17.0,6.8,8.8,36.1,27.0,83.7,12.9,14.2,39.1,12.0,3.9,9.6,41.5,3.9,8.9,5.2,4.069999999999999,40
24033801907,MD,Maryland,Prince George's,24033,3605,3044,-76.935807,38.8268937,12.3,32.8,9.3,50.3,81.5,6.6,13.0,7.7,82.3,90.6,14.1,71.7,8.3,13.0,52.8,14.7,20.8,34.5,29.3,29.3,24.6,26.9,5.6,39.8,23.6,10.5,13.1,37.6,34.1,80.7,15.2,21.6,47.4,15.3,6.4,15.5,46.8,6.0,14.4,8.1,4.7475,40
24033801213,MD,Maryland,Prince George's,24033,3888,3090,-76.9393047,38.7747752,12.8,28.0,11.1,44.3,79.3,6.0,11.9,6.2,80.0,90.6,12.5,70.5,6.2,10.9,57.5,14.1,17.4,29.1,28.7,23.1,16.4,22.3,4.7,38.4,20.2,8.0,10.4,36.7,28.9,83.2,14.1,16.4,43.9,13.3,4.8,12.0,45.5,4.5,9.9,6.0,4.1125,40
24033801305,MD,Maryland,Prince George's,24033,6143,5051,-76.9718128,38.7642507,10.6,26.8,11.4,42.6,78.8,6.0,11.6,5.7,80.1,91.1,11.5,69.1,5.5,9.8,58.1,13.9,16.3,27.0,27.7,20.0,13.6,20.0,4.5,37.9,18.2,7.2,9.4,36.0,26.4,82.2,13.6,14.9,42.1,12.3,4.3,10.8,44.6,4.1,8.2,5.4,4.2225,40
24033800800,MD,Maryland,Prince George's,24033,3446,2890,-76.7300104,38.7107792,7.8,30.1,12.8,40.8,79.6,9.4,11.1,6.6,79.8,92.1,10.7,72.5,6.2,9.2,65.2,16.1,13.9,26.2,22.4,12.6,8.1,17.1,6.2,41.0,11.7,6.5,6.5,32.4,22.5,79.0,12.9,13.8,37.6,12.5,3.6,6.9,39.0,3.8,8.8,4.3,3.5200000000000005,40
24033805906,MD,Maryland,Prince George's,24033,3816,2743,-76.974639,39.0070815,26.5,18.0,14.5,31.6,64.6,3.2,11.2,4.3,69.8,81.7,18.3,55.0,5.4,14.0,41.5,17.0,12.7,32.1,29.8,36.1,26.9,27.3,4.3,31.0,30.2,10.0,16.4,40.0,33.9,74.9,17.7,13.8,44.4,14.3,5.0,17.5,46.9,3.0,20.6,7.9,5.295,40
24033806706,MD,Maryland,Prince George's,24033,4083,3363,-76.8990044,38.9885501,12.6,24.5,12.2,37.5,76.2,6.1,11.0,5.6,77.1,88.8,12.3,67.9,5.6,9.8,59.9,15.0,14.2,27.0,26.2,20.2,13.6,20.0,4.9,36.9,17.1,7.4,9.5,36.1,26.2,79.2,13.8,13.8,38.3,12.3,4.0,9.8,41.2,3.6,9.6,5.4,3.9025,40
24033806400,MD,Maryland,Prince George's,24033,3934,3263,-76.9459129,38.9751066,6.7,21.3,15.4,29.0,72.8,7.5,9.5,4.4,75.0,89.1,9.2,72.3,4.0,6.4,68.4,16.6,9.0,19.7,19.1,9.0,5.1,12.1,4.6,35.3,8.0,4.7,5.1,31.6,16.6,78.2,12.0,8.3,30.3,9.2,2.2,4.7,34.5,2.3,3.5,3.0,3.2475,40
24033801908,MD,Maryland,Prince George's,24033,3781,2865,-76.9437961,38.8436057,12.4,22.6,12.1,39.0,71.9,3.9,13.5,4.3,77.6,87.8,15.4,63.1,5.5,13.2,54.8,16.1,13.7,28.9,33.1,29.3,22.4,22.5,3.3,31.9,26.5,9.1,13.5,41.9,29.1,81.4,17.7,14.2,46.0,12.8,4.6,15.9,49.0,3.6,15.6,6.0,5.1625,40
24033802803,MD,Maryland,Prince George's,24033,5939,4615,-76.9054707,38.8738924,12.5,25.5,11.4,42.4,75.4,4.7,13.1,5.3,78.8,88.8,14.6,67.3,6.2,13.0,52.1,15.5,15.9,30.2,30.9,28.6,22.7,23.7,4.0,34.5,25.1,9.4,13.1,39.5,30.0,82.1,16.5,16.3,46.3,13.5,5.2,15.7,48.7,4.3,13.6,6.6,4.225,40
24033805907,MD,Maryland,Prince George's,24033,3346,2509,-76.9784818,39.0048847,22.2,21.7,12.9,37.1,70.7,3.8,11.4,5.2,73.5,84.9,16.7,58.7,6.1,14.1,49.3,16.0,15.7,32.1,29.6,34.8,26.7,27.4,4.6,34.2,29.0,9.8,15.5,38.6,34.6,77.9,16.8,15.9,46.1,14.8,5.5,17.6,45.4,3.7,15.8,8.1,4.7225,40
24033801407,MD,Maryland,Prince George's,24033,6575,5302,-76.949994,38.792036,10.8,25.4,11.8,40.4,77.9,5.8,11.8,5.1,79.8,91.2,11.2,72.9,4.9,8.8,60.7,13.9,14.7,25.4,27.3,18.7,12.3,18.6,3.9,36.4,17.6,6.8,8.9,36.3,24.3,85.2,13.4,13.5,41.3,11.5,3.9,10.1,44.8,3.7,9.5,4.9,4.015,40
24033801704,MD,Maryland,Prince George's,24033,5506,4319,-76.9807272,38.8234411,12.2,24.5,11.5,42.0,74.2,4.3,13.2,5.1,78.7,88.3,15.0,67.0,6.1,13.3,52.3,16.0,15.9,29.9,30.1,30.5,25.4,23.8,3.8,33.6,26.8,9.5,14.2,39.1,30.1,80.7,17.1,15.7,48.1,13.4,5.3,17.7,49.5,4.1,9.9,6.8,5.21,40
24033805909,MD,Maryland,Prince George's,24033,5024,4036,-76.9604189,38.9777773,12.3,13.2,16.1,23.8,61.3,3.1,10.2,2.5,71.0,85.3,12.0,66.5,2.7,7.5,59.2,15.5,7.4,20.5,26.9,17.4,10.1,14.2,2.7,26.7,16.3,5.6,8.7,39.0,20.0,79.4,14.6,6.9,33.8,8.7,2.2,8.4,41.3,1.7,8.8,3.6,3.6375,40
24033806501,MD,Maryland,Prince George's,24033,5316,3771,-76.9318346,38.9592228,28.6,21.0,14.0,33.6,68.2,4.1,10.8,5.5,70.0,82.2,18.6,55.1,6.6,14.9,44.7,17.2,14.8,34.4,28.5,36.1,26.3,29.8,5.5,34.6,28.7,10.5,15.9,38.5,36.3,74.1,17.1,16.4,44.0,16.0,5.8,16.3,43.2,3.6,19.1,8.9,5.18,40
24033801310,MD,Maryland,Prince George's,24033,7058,5606,-76.9831879,38.6633112,7.4,25.0,12.0,40.3,77.7,5.8,11.7,4.7,80.6,92.1,10.3,72.8,4.5,8.6,66.2,14.0,14.0,23.1,26.3,16.1,10.7,16.6,3.7,36.5,15.8,6.1,7.9,35.0,22.3,84.9,13.1,12.1,41.0,10.9,3.5,9.5,43.7,3.4,8.6,4.3,4.0525,40
24033802408,MD,Maryland,Prince George's,24033,2320,1934,-76.919751,38.8651094,11.1,27.0,11.0,44.0,77.2,5.1,12.9,5.6,80.1,89.9,13.7,71.2,6.2,12.1,57.3,15.2,16.9,29.6,30.1,26.7,20.9,22.8,4.0,36.1,23.7,8.8,12.3,38.6,29.6,82.9,16.0,16.4,46.5,13.3,5.0,14.9,47.7,4.4,11.2,6.3,4.225,40
24033802404,MD,Maryland,Prince George's,24033,4687,3402,-76.8909924,38.8641336,13.0,26.4,10.6,44.4,74.0,4.2,14.3,5.6,79.0,86.6,17.6,62.6,7.7,16.3,45.3,17.5,17.5,34.2,31.3,39.0,36.2,28.0,4.1,33.4,32.4,12.1,18.2,40.8,35.0,78.8,19.5,18.7,51.5,15.2,6.6,23.0,51.6,4.7,25.5,8.5,4.81,40
24033806800,MD,Maryland,Prince George's,24033,4183,3266,-76.9129902,38.9895238,13.6,21.7,15.3,30.9,71.6,6.5,10.0,4.9,73.3,87.8,12.1,65.6,5.0,9.4,62.1,16.5,10.9,24.6,23.6,15.6,9.1,17.4,5.1,35.9,13.7,6.3,7.5,34.4,23.1,77.6,13.6,11.0,34.7,11.6,3.1,7.2,37.5,2.7,8.7,4.4,3.8150000000000004,40
24033803527,MD,Maryland,Prince George's,24033,3043,2433,-76.8189558,38.8973278,8.0,27.1,10.8,43.5,78.8,5.7,12.7,5.1,81.9,91.9,11.2,71.8,5.2,9.4,61.7,14.2,15.6,25.8,27.6,19.8,14.4,18.8,3.7,36.4,18.9,7.2,9.5,36.6,24.7,84.5,14.1,14.3,44.1,11.7,4.1,11.7,45.7,4.0,9.0,5.0,4.55,40
24033803610,MD,Maryland,Prince George's,24033,3527,2677,-76.880049,38.9630071,19.0,23.9,12.5,38.0,74.9,5.1,11.3,5.6,75.5,87.4,14.6,67.4,6.0,11.8,55.3,15.2,15.4,30.3,29.0,26.9,18.3,24.1,4.9,36.1,22.8,8.5,11.9,38.1,31.0,80.4,15.2,15.6,42.4,13.8,4.8,12.6,43.7,3.9,13.4,6.7,4.1825,40
24033801701,MD,Maryland,Prince George's,24033,4441,3378,-76.9437236,38.8066469,11.1,24.2,12.2,40.3,74.9,4.7,12.7,4.8,78.7,89.4,13.4,70.8,5.3,11.2,57.0,15.4,14.6,27.5,29.7,24.4,18.0,20.6,3.7,33.8,22.8,8.0,11.5,38.7,27.1,82.8,16.0,14.0,45.2,12.3,4.3,13.9,47.4,3.7,10.6,5.5,4.2375,40
24033802107,MD,Maryland,Prince George's,24033,3976,2879,-76.902819,38.8430099,11.9,22.3,11.7,39.6,70.7,3.6,13.7,4.2,78.0,87.2,15.8,65.1,5.8,13.8,52.3,16.9,14.2,29.3,30.2,32.7,28.6,23.6,3.2,31.1,28.9,9.9,15.6,40.0,29.5,83.0,18.2,14.5,48.8,13.0,5.2,19.7,50.1,3.6,16.8,6.7,5.76,40
24033801217,MD,Maryland,Prince George's,24033,3927,3269,-76.890362,38.7651558,11.0,28.9,10.7,45.7,79.8,6.3,12.2,6.5,80.8,90.8,12.7,72.6,6.6,11.4,56.3,14.2,17.6,29.8,29.1,23.2,17.0,22.6,4.9,38.7,20.2,8.4,10.7,37.1,28.9,82.4,14.4,17.1,43.9,13.5,5.0,12.3,46.3,4.7,17.2,6.2,4.6625000000000005,40
24033803900,MD,Maryland,Prince George's,24033,4654,3282,-76.921979,38.9492635,37.1,20.4,13.7,33.9,66.3,3.5,11.0,5.8,68.1,79.4,21.6,51.5,7.1,16.8,43.8,17.4,16.2,38.8,31.1,45.3,33.8,35.6,5.8,34.6,35.7,12.2,19.9,40.7,41.8,71.8,18.4,18.6,46.5,18.1,7.0,20.0,44.5,3.7,22.2,11.1,5.489999999999999,40
24033803601,MD,Maryland,Prince George's,24033,3663,2845,-76.8471941,38.9398413,11.8,26.5,11.4,42.9,78.6,5.7,11.9,5.6,80.0,91.0,12.1,73.2,5.4,9.9,60.9,13.5,15.9,27.8,29.9,20.8,13.7,20.5,4.2,37.0,19.2,7.5,9.6,37.9,26.9,84.0,13.8,15.3,42.2,12.4,4.3,10.7,44.8,4.2,9.4,5.5,4.105,40
24033801807,MD,Maryland,Prince George's,24033,4557,3665,-76.9705827,38.8364528,9.9,26.0,11.1,43.5,77.2,5.2,12.5,5.4,80.5,90.2,12.6,71.5,5.6,10.7,54.8,14.4,15.9,28.0,28.9,24.2,18.8,20.9,4.0,35.1,21.6,8.1,11.4,37.7,27.4,82.1,14.9,15.2,45.3,12.2,4.6,13.8,48.6,4.2,14.9,5.8,4.635,40
24033801707,MD,Maryland,Prince George's,24033,6882,5036,-76.9848028,38.8130945,21.7,23.2,12.3,39.1,71.8,4.0,12.6,5.6,74.6,84.6,17.8,63.5,6.9,14.9,51.7,16.5,16.0,34.0,31.8,36.4,28.8,28.5,4.5,33.8,30.1,10.9,16.4,41.0,35.0,79.3,17.9,17.3,46.8,15.1,5.9,18.2,46.4,4.2,25.4,8.3,5.19,40
24033801905,MD,Maryland,Prince George's,24033,6771,5656,-76.9093403,38.8259053,9.3,22.2,12.9,37.4,73.3,4.6,12.2,4.1,78.4,89.9,12.0,69.8,4.4,9.7,62.8,15.2,12.7,24.3,28.1,20.2,14.4,17.6,3.3,32.6,19.8,6.9,9.9,37.6,23.7,85.4,15.1,11.7,43.0,10.9,3.6,12.0,45.3,3.2,10.4,4.6,4.225,40
24033805908,MD,Maryland,Prince George's,24033,3492,2887,-76.9551963,38.9710564,11.8,15.1,14.4,27.5,62.1,2.9,12.0,2.7,73.8,85.5,14.1,62.4,3.5,9.0,60.7,17.1,8.8,23.7,27.3,23.0,16.1,16.9,2.7,26.8,21.0,7.3,11.8,40.1,22.8,79.8,16.9,8.6,39.4,10.0,3.0,12.4,43.9,2.1,12.0,4.6,4.2924999999999995,40
24033801409,MD,Maryland,Prince George's,24033,2719,2153,-76.9821766,38.7901087,13.3,26.3,11.5,41.3,79.0,6.0,11.1,5.7,79.1,90.7,11.5,70.0,5.3,9.4,59.6,13.3,15.7,27.2,28.1,19.9,12.7,20.2,4.5,38.0,17.5,7.1,9.0,36.5,27.1,82.4,13.0,14.9,40.1,12.2,4.0,9.6,43.2,4.1,13.6,5.4,4.31,40
24033805904,MD,Maryland,Prince George's,24033,3717,2968,-76.968443,38.9957928,23.5,22.2,13.7,34.8,73.2,5.2,10.0,5.9,72.8,86.0,14.7,64.2,5.7,11.0,51.4,14.9,14.8,30.5,27.7,25.8,15.8,24.6,5.7,36.9,21.3,8.1,11.3,37.0,31.3,76.9,14.3,15.0,39.5,14.0,4.5,10.9,41.8,3.6,15.9,6.9,4.735,40
24033807405,MD,Maryland,Prince George's,24033,6459,5168,-76.928309,39.0383526,15.3,21.4,14.5,31.7,71.9,6.0,10.2,4.8,73.8,87.8,12.5,68.2,4.9,9.5,60.7,15.9,11.6,25.4,25.0,18.3,11.0,18.6,4.9,35.6,16.2,6.6,8.5,35.5,24.7,78.4,13.9,11.5,36.3,11.9,3.3,8.5,39.3,2.8,9.7,4.8,3.9299999999999997,40
24033805500,MD,Maryland,Prince George's,24033,3716,2763,-76.9817825,38.9797221,32.7,21.1,13.6,34.0,68.9,4.0,10.9,5.7,69.5,81.9,19.2,54.9,6.7,15.1,43.2,16.6,15.6,35.8,30.8,38.4,26.8,31.9,5.5,35.5,30.4,10.7,16.4,40.1,38.3,71.5,17.0,17.5,43.7,16.7,6.0,16.1,43.9,3.7,24.4,9.4,4.8374999999999995,40
24033806000,MD,Maryland,Prince George's,24033,6345,4901,-76.961756,38.9626564,23.5,18.2,14.9,30.2,65.8,3.7,10.8,4.3,70.3,83.7,16.4,60.2,5.0,12.2,52.1,16.8,12.1,29.5,28.2,29.4,20.0,24.4,4.3,32.2,24.9,8.6,13.3,38.7,30.3,77.9,16.3,12.8,41.1,13.5,4.3,13.4,42.6,2.8,10.4,6.7,4.9675,40
24033803606,MD,Maryland,Prince George's,24033,6167,4653,-76.8587387,38.9724116,20.3,24.7,12.6,38.9,74.9,5.4,11.2,6.2,75.0,86.7,15.3,65.2,6.6,12.6,50.0,15.2,16.1,32.0,29.2,28.4,19.6,25.8,5.5,37.0,23.4,9.1,12.6,38.1,32.5,78.4,15.3,16.7,42.4,14.7,5.2,13.1,44.3,4.1,19.4,7.3,4.5175,40
24033807000,MD,Maryland,Prince George's,24033,9219,8360,-76.9282772,38.9977381,13.0,13.2,16.3,22.9,56.4,3.0,10.8,3.3,68.1,75.5,17.6,64.1,4.4,9.7,54.9,19.9,7.6,28.3,25.7,24.0,16.3,18.7,4.0,25.8,17.1,9.0,13.1,41.3,24.1,74.8,19.0,8.5,32.4,10.8,3.0,10.5,38.7,2.0,18.9,5.4,4.845,40
24033806711,MD,Maryland,Prince George's,24033,4794,3586,-76.8582378,38.9843628,11.5,23.8,12.1,38.4,74.5,5.2,12.0,5.1,78.0,89.1,13.0,68.3,5.3,10.6,55.4,15.4,14.1,27.1,27.6,22.8,16.7,20.2,4.4,34.6,20.7,7.8,10.9,37.3,26.6,81.0,15.2,13.7,42.3,12.3,4.2,12.7,45.4,3.6,13.1,5.5,4.0375000000000005,40
24033805202,MD,Maryland,Prince George's,24033,3865,2940,-76.9858458,38.971338,18.7,23.0,12.5,39.5,72.6,4.2,11.8,5.4,75.4,86.1,16.0,61.2,6.2,13.8,47.5,15.5,16.0,31.7,30.1,32.9,25.8,26.2,4.5,34.0,27.8,9.8,14.9,38.8,33.1,77.2,16.6,16.2,46.6,14.3,5.5,17.4,47.9,4.1,21.0,7.7,4.682500000000001,40
24033802407,MD,Maryland,Prince George's,24033,3611,2982,-76.9089053,38.8593834,11.1,26.8,11.0,44.4,76.2,4.8,13.4,5.5,79.9,89.3,14.6,66.9,6.6,13.5,54.2,15.8,16.9,30.3,30.5,29.4,24.3,24.0,3.9,35.2,26.0,9.5,13.6,38.9,30.3,80.7,16.8,16.8,48.3,13.8,5.5,17.1,49.1,4.4,15.4,6.7,4.8575,40
24033801408,MD,Maryland,Prince George's,24033,3329,2679,-76.9634017,38.7998494,11.0,24.5,11.9,40.3,75.5,4.9,12.5,4.7,79.1,90.1,12.7,72.4,5.2,10.9,60.2,14.7,14.3,26.7,30.0,23.1,16.6,20.2,3.6,34.5,21.5,7.7,10.6,38.5,26.6,83.8,15.1,14.0,43.8,12.1,4.1,12.6,46.9,3.7,12.5,5.3,4.225,40
24033804801,MD,Maryland,Prince George's,24033,2648,2073,-76.9695724,38.9445014,17.3,19.4,13.9,34.1,68.0,3.4,12.1,3.9,73.6,85.7,15.8,66.2,4.9,12.8,51.3,16.6,12.5,28.3,30.7,30.0,22.1,22.6,3.4,30.9,26.9,8.6,13.7,40.2,29.2,80.3,17.4,12.6,44.9,12.8,4.3,15.7,47.4,3.0,15.8,6.1,4.825000000000001,40
24033807404,MD,Maryland,Prince George's,24033,5617,4368,-76.9073024,39.0368587,17.8,20.9,14.3,32.1,71.0,5.2,10.2,4.9,72.8,86.8,13.6,62.4,5.1,10.8,56.0,15.7,12.6,27.0,27.0,21.7,13.0,20.8,4.9,35.5,18.8,7.1,9.8,36.6,27.5,79.1,14.5,12.4,37.7,12.7,3.7,9.7,41.6,2.9,12.1,5.4,4.0775,40
24033802502,MD,Maryland,Prince George's,24033,2318,1813,-76.930274,38.8693278,12.0,26.2,11.5,42.8,77.0,5.3,12.6,5.5,79.4,90.1,13.3,69.9,5.8,11.4,57.5,14.5,15.8,29.0,30.7,24.3,17.4,22.0,4.1,35.7,22.2,8.3,11.2,38.8,28.3,81.2,15.2,15.8,44.6,13.0,4.7,13.0,46.2,4.3,9.1,5.9,4.717499999999999,40
24033801802,MD,Maryland,Prince George's,24033,3896,3132,-76.950463,38.8348674,10.2,24.9,11.7,41.4,75.9,5.0,12.6,4.8,79.7,90.3,12.6,69.1,5.2,10.8,57.1,14.8,14.8,26.8,29.4,23.0,16.9,20.0,3.6,34.4,21.5,7.7,10.8,38.2,26.5,84.0,15.3,14.1,44.8,12.0,4.2,13.1,48.0,3.8,10.5,5.3,4.450000000000001,40
24033801404,MD,Maryland,Prince George's,24033,6585,5507,-77.0222938,38.7909435,10.0,23.9,12.7,37.8,76.0,5.8,11.1,4.8,78.4,91.0,10.8,68.8,4.7,9.0,61.8,14.4,13.5,23.9,25.6,17.1,11.3,17.5,4.1,36.4,16.0,6.3,8.2,34.7,23.2,81.5,13.1,12.2,39.4,11.2,3.5,9.4,42.6,3.3,7.0,4.6,3.9400000000000004,40
24033801313,MD,Maryland,Prince George's,24033,3229,2614,-76.9832014,38.745892,10.3,26.5,11.6,41.5,79.5,6.2,11.2,5.2,80.3,91.9,10.5,72.2,4.9,8.7,64.2,13.3,15.3,25.0,27.5,16.9,10.5,17.9,4.1,38.3,15.8,6.3,7.9,35.7,24.7,84.3,12.7,13.5,40.1,11.5,3.6,8.8,42.8,3.8,10.8,4.6,3.7075000000000005,40
24033802002,MD,Maryland,Prince George's,24033,3714,2895,-76.914964,38.8478842,9.5,25.3,11.3,41.5,77.2,5.2,12.3,4.7,80.5,91.1,11.7,72.1,4.9,9.8,59.2,14.0,14.5,25.8,28.8,21.0,15.0,18.9,3.5,34.9,19.7,7.2,9.7,37.6,25.7,84.1,14.3,13.7,43.6,11.5,3.9,11.7,46.4,3.8,9.9,5.0,4.117500000000001,40
24033802103,MD,Maryland,Prince George's,24033,3202,2547,-76.8906618,38.8487846,12.8,29.7,10.4,47.4,78.7,5.4,13.1,6.8,80.3,89.3,14.9,69.4,7.8,14.2,52.5,15.5,19.7,32.9,29.4,31.4,26.6,26.9,4.9,38.1,26.1,10.4,14.3,37.6,33.1,80.6,16.2,19.7,48.9,15.2,6.5,17.6,48.0,5.2,17.0,8.0,4.5425,40
24033802804,MD,Maryland,Prince George's,24033,5689,4357,-76.8789655,38.8807289,11.0,27.5,10.7,44.3,77.8,5.4,13.1,5.8,80.6,90.2,13.6,67.2,6.2,11.7,54.4,14.9,16.6,30.0,30.4,26.3,20.4,22.8,4.2,35.8,23.3,9.0,12.1,39.0,29.4,81.1,15.7,16.8,45.8,13.3,5.0,14.5,47.6,4.6,18.1,6.3,4.75,40
24033803403,MD,Maryland,Prince George's,24033,6119,4549,-76.8718709,38.91772,17.8,27.5,10.9,44.5,76.3,4.8,13.2,6.4,77.8,87.2,16.9,67.7,7.8,15.4,48.3,16.0,18.4,35.0,31.9,35.7,29.5,29.0,4.8,36.2,29.3,11.3,15.9,40.3,36.1,79.1,17.5,19.9,48.3,15.8,6.5,18.5,49.4,5.1,17.1,8.6,4.970000000000001,40
24033801216,MD,Maryland,Prince George's,24033,3724,3031,-76.9148895,38.7523033,12.2,29.0,10.6,45.8,79.3,6.2,12.3,6.7,80.5,90.2,13.3,71.2,7.0,12.1,56.8,14.5,18.0,30.8,28.8,25.5,19.6,23.8,5.1,38.6,21.5,8.9,11.6,37.1,30.1,83.4,14.6,17.8,44.7,13.9,5.3,13.4,44.8,4.8,15.9,6.7,4.8725000000000005,40
24033803602,MD,Maryland,Prince George's,24033,2220,1595,-76.8672051,38.9418591,14.9,27.5,10.9,44.2,77.2,5.2,12.8,6.3,79.2,88.6,15.0,61.5,6.9,12.8,45.7,15.3,17.6,32.7,29.2,30.6,25.1,25.9,4.9,35.9,25.7,10.2,14.0,38.3,32.8,79.1,16.1,18.6,47.0,14.4,5.9,16.7,49.5,4.9,24.6,7.8,4.709999999999999,40
24033806708,MD,Maryland,Prince George's,24033,4248,3550,-76.8791652,39.0029852,8.2,27.0,13.0,36.8,76.2,8.1,11.3,5.6,78.4,90.6,11.1,74.7,5.8,9.2,65.8,17.2,12.5,24.8,21.8,14.9,10.6,16.8,5.3,38.0,13.5,6.7,7.6,33.0,22.2,77.0,13.7,12.5,37.9,11.9,3.4,8.4,38.3,3.3,6.2,4.3,3.872500000000001,40
24033804001,MD,Maryland,Prince George's,24033,5339,3945,-76.9137092,38.9465843,16.5,23.7,12.0,40.1,73.3,4.2,12.4,5.1,76.6,87.0,15.6,65.1,6.1,13.6,55.3,15.9,15.7,30.9,30.1,32.2,25.9,25.2,4.1,33.8,27.5,9.7,14.5,39.1,32.3,79.3,16.9,16.0,47.1,13.9,5.3,17.3,46.7,4.0,19.6,7.2,4.9625,40
24033801906,MD,Maryland,Prince George's,24033,2352,1775,-76.888256,38.8301626,12.9,23.8,12.7,38.6,73.8,5.0,12.1,5.0,77.2,88.5,13.8,65.0,5.6,11.7,56.7,15.9,14.2,27.9,28.4,24.7,18.3,21.3,4.2,34.4,22.2,8.1,11.5,37.7,27.8,80.4,15.8,14.0,44.0,12.7,4.4,13.4,45.9,3.6,13.7,5.8,4.1450000000000005,40
24033806100,MD,Maryland,Prince George's,24033,4574,3628,-76.9549813,38.9569825,12.4,22.2,14.4,32.7,74.1,6.6,10.0,4.7,76.0,90.3,10.5,69.8,4.3,7.8,64.9,15.0,11.2,22.9,22.4,14.2,8.4,16.1,4.6,35.8,13.2,5.7,6.9,33.0,21.5,81.7,12.2,10.8,35.9,10.7,2.9,7.0,38.0,2.8,10.4,4.1,3.69,40
24033801410,MD,Maryland,Prince George's,24033,3416,2786,-77.023794,38.7564194,10.7,27.6,10.8,43.3,80.3,6.5,10.9,6.3,80.5,91.5,10.9,70.4,5.6,9.3,60.4,13.3,17.0,27.1,26.7,18.8,12.6,19.9,5.1,39.7,16.2,7.0,8.6,34.8,27.1,82.1,12.6,15.2,39.6,12.2,4.1,9.6,42.7,4.3,7.9,5.4,4.1225000000000005,40
24033804900,MD,Maryland,Prince George's,24033,3983,3228,-76.9774185,38.9508937,17.1,27.2,11.6,42.8,77.8,5.8,11.8,6.8,77.8,88.2,14.5,67.8,6.9,11.8,49.9,14.9,17.4,32.4,28.7,27.6,20.6,25.2,5.5,37.3,22.8,9.4,12.5,37.8,31.7,77.3,15.1,18.0,44.1,14.3,5.5,13.6,45.7,4.8,16.3,7.4,4.665000000000001,40
24033807409,MD,Maryland,Prince George's,24033,4002,2924,-76.9471923,39.0378008,19.1,21.7,12.9,34.8,71.9,4.7,11.0,5.1,74.1,86.2,15.1,59.6,5.6,11.7,54.9,15.5,13.9,29.8,28.8,27.5,18.7,23.7,4.9,34.6,23.1,8.7,12.3,38.5,30.7,78.1,15.5,14.5,40.5,13.5,4.5,12.9,43.0,3.4,16.4,6.6,4.495000000000001,40
24033806710,MD,Maryland,Prince George's,24033,5256,4295,-76.8729085,38.986222,7.6,22.5,12.3,35.9,75.5,5.4,11.3,4.1,79.2,91.3,10.1,70.6,4.0,7.9,63.6,14.2,12.3,21.6,25.8,15.3,9.8,15.2,3.4,35.2,14.8,5.7,7.6,35.5,21.3,82.8,13.0,10.6,37.7,10.1,3.0,8.6,43.0,2.9,9.1,3.9,3.7950000000000004,40
24033801702,MD,Maryland,Prince George's,24033,3984,2992,-76.9586498,38.8103778,13.4,25.4,11.1,42.5,73.6,4.3,13.8,5.3,78.3,87.1,16.7,64.3,7.0,15.2,48.5,17.2,16.4,32.4,30.7,35.4,31.4,26.3,4.0,33.5,30.1,11.0,16.4,40.1,33.2,80.4,18.5,17.3,49.5,14.5,5.9,20.5,50.9,4.3,18.0,7.7,4.78,40
24033807301,MD,Maryland,Prince George's,24033,3693,2984,-76.9438518,39.0107603,11.8,17.1,14.3,28.1,67.9,4.5,9.8,3.9,72.5,85.6,12.0,67.5,3.9,8.3,57.3,15.4,9.7,22.9,25.6,17.7,10.9,16.0,4.0,31.4,15.0,6.2,8.7,37.0,22.3,79.5,14.0,9.2,33.0,9.9,2.7,8.3,40.7,2.3,8.1,4.2,3.6774999999999998,40
24033805700,MD,Maryland,Prince George's,24033,6610,4893,-76.979425,38.993184,34.3,19.9,13.9,33.2,67.1,3.5,10.7,5.5,68.5,80.8,20.0,54.9,6.4,15.3,44.3,16.6,15.5,36.4,31.3,40.5,28.1,32.6,5.5,34.6,32.2,10.9,17.4,40.6,39.3,73.3,17.5,17.1,44.4,16.8,6.1,17.2,44.1,3.5,18.3,9.7,5.045,40
24033803612,MD,Maryland,Prince George's,24033,3834,2946,-76.8756757,38.9506525,14.0,21.0,13.1,36.1,70.4,3.9,12.1,4.2,75.6,87.0,14.5,63.5,5.1,12.0,54.6,16.3,13.3,27.5,28.2,27.5,21.5,21.7,3.6,32.1,24.4,8.4,13.0,38.0,27.9,77.9,16.4,13.0,44.7,12.5,4.4,15.4,45.9,3.2,14.9,6.1,4.255000000000001,40
24033805802,MD,Maryland,Prince George's,24033,4387,3259,-76.9744218,38.9742915,30.5,20.4,14.0,33.2,70.0,4.0,10.2,5.3,70.3,83.9,16.9,58.2,5.5,12.4,45.3,15.2,15.0,32.7,29.5,32.8,20.7,28.4,5.2,35.4,26.9,9.1,13.9,38.8,35.3,75.0,15.4,15.8,42.2,15.2,5.2,13.5,42.7,3.4,18.4,8.2,5.0275,40
24033803519,MD,Maryland,Prince George's,24033,6212,4962,-76.8585764,38.8973034,8.9,22.1,12.7,37.4,73.3,4.5,12.4,3.9,78.9,90.4,11.7,68.3,4.1,9.3,62.6,14.8,12.3,23.7,28.5,19.6,13.7,17.0,3.0,32.0,19.6,6.7,9.6,38.0,23.0,84.7,14.9,11.5,42.9,10.6,3.4,11.7,45.5,3.1,9.2,4.4,4.4125,40
24033801709,MD,Maryland,Prince George's,24033,5577,4332,-76.9628854,38.8189496,16.1,26.4,11.1,43.7,75.4,4.6,12.9,6.1,77.8,87.1,16.4,64.7,7.5,15.1,49.2,16.2,18.0,33.3,30.4,35.0,29.8,27.8,4.7,35.7,28.8,10.8,15.9,39.0,34.4,81.3,17.3,18.5,48.6,15.2,6.3,19.1,48.4,4.7,17.3,8.3,4.5725,40
24033803508,MD,Maryland,Prince George's,24033,3971,2759,-76.8616682,38.9257902,16.5,26.5,11.0,43.8,75.3,4.6,13.0,6.4,77.6,86.8,16.7,64.6,7.7,15.4,47.6,16.3,18.2,34.0,30.3,35.4,30.6,28.5,4.8,35.8,28.9,11.2,16.3,39.0,34.7,78.9,17.3,19.1,48.3,15.4,6.6,19.3,48.3,4.9,23.1,8.6,4.7,40
24033801901,MD,Maryland,Prince George's,24033,5125,4137,-76.9269322,38.8083563,10.2,27.9,11.2,43.7,79.5,6.5,11.8,6.0,80.7,91.4,11.5,74.1,5.7,9.6,58.5,13.9,16.3,27.5,27.2,19.6,13.6,20.0,4.6,38.2,17.8,7.4,9.3,35.8,26.0,84.5,13.5,15.3,42.3,12.4,4.3,10.6,45.1,4.3,8.9,5.4,4.1925,40
24033803528,MD,Maryland,Prince George's,24033,7396,5979,-76.8159207,38.9122985,7.0,27.2,10.6,43.7,80.0,6.1,12.1,5.2,82.7,92.8,9.9,74.7,4.7,8.0,67.1,13.3,15.4,24.2,25.8,16.6,11.6,17.2,3.7,37.3,15.8,6.4,8.2,34.9,22.8,85.9,12.6,13.5,42.1,10.9,3.8,9.8,43.4,3.9,10.4,4.6,4.050000000000001,40
24033803608,MD,Maryland,Prince George's,24033,6581,4834,-76.8506247,38.9550751,18.8,24.5,12.4,39.1,75.6,5.1,11.4,5.7,76.1,88.1,14.3,64.9,5.9,11.6,56.3,14.8,15.8,30.3,29.5,26.9,18.3,24.1,4.7,36.3,23.2,8.5,11.9,38.2,31.0,79.9,15.0,15.9,43.1,13.8,4.9,12.9,43.9,4.0,13.7,6.7,4.532500000000001,40
24033801209,MD,Maryland,Prince George's,24033,4523,3561,-76.903318,38.7344628,9.3,26.6,11.2,43.1,77.8,5.4,12.7,5.3,80.7,90.9,12.3,70.9,5.6,10.7,63.5,14.7,16.0,27.1,28.4,22.2,16.4,20.5,3.9,36.3,20.4,7.8,10.5,37.0,26.5,84.8,14.8,15.0,44.6,12.5,4.6,12.8,45.3,4.1,9.9,5.6,4.734999999999999,40
24033804802,MD,Maryland,Prince George's,24033,2970,2182,-76.963964,38.9497841,23.6,19.3,14.3,32.3,68.9,3.8,10.8,4.6,71.8,84.3,15.9,59.8,4.9,11.3,51.3,16.0,13.0,30.0,28.0,30.0,20.8,24.3,4.3,32.0,25.5,8.7,13.6,38.6,31.1,78.8,16.0,13.5,42.7,13.2,4.5,14.1,43.6,3.2,16.1,7.0,4.512500000000001,40
24033803525,MD,Maryland,Prince George's,24033,2354,1809,-76.8719606,38.9096918,11.1,25.3,10.9,43.2,73.9,4.2,13.8,5.2,79.4,87.8,15.6,65.4,6.7,14.0,49.9,16.8,16.5,31.1,29.2,33.8,30.9,25.1,3.8,33.2,29.0,10.6,16.2,38.9,31.2,79.1,17.9,16.8,50.0,13.9,5.9,20.9,50.7,4.3,15.3,7.5,5.445000000000001,40
24033801312,MD,Maryland,Prince George's,24033,3940,3198,-76.9768917,38.7183053,10.2,26.5,11.3,41.4,79.2,6.4,11.3,5.6,80.4,91.8,10.8,72.1,5.1,8.7,66.0,13.5,15.2,25.8,26.9,17.4,11.1,18.5,4.5,38.1,16.1,6.7,8.2,35.6,24.8,83.3,12.8,14.0,39.6,11.7,3.8,9.1,42.0,3.9,9.9,4.9,4.1325,40
24033803520,MD,Maryland,Prince George's,24033,4351,3573,-76.821443,38.941721,7.1,28.5,10.5,44.9,81.6,7.1,11.4,5.9,83.1,93.1,9.3,77.8,4.8,7.1,67.9,12.7,15.9,24.6,24.6,14.5,9.7,16.8,4.5,38.9,13.7,6.1,7.3,33.7,22.2,84.4,11.6,13.8,40.3,10.8,3.7,8.4,41.1,4.2,11.7,4.5,4.039999999999999,40
24033804400,MD,Maryland,Prince George's,24033,2922,2218,-76.9438421,38.9268332,21.6,22.4,13.4,35.1,72.7,4.8,10.6,5.3,73.4,86.7,14.7,62.6,5.5,11.6,52.6,15.2,14.7,29.8,28.8,26.4,16.6,24.2,4.9,36.4,22.3,8.1,11.4,37.7,31.3,76.6,14.9,14.8,40.7,14.0,4.5,11.6,43.2,3.5,13.5,6.6,4.1775,40
24033806712,MD,Maryland,Prince George's,24033,3300,2591,-76.8555957,39.0010037,10.3,24.7,11.7,39.6,74.6,4.9,12.7,4.8,78.6,89.0,13.5,65.9,5.8,11.7,53.4,16.4,14.8,27.4,26.9,25.1,20.2,21.2,3.9,34.6,22.2,8.5,12.0,36.8,27.4,82.1,15.9,14.4,44.5,12.8,4.7,14.8,47.7,3.7,13.1,6.0,4.5875,40
24033980000,MD,Maryland,Prince George's,24033,15052,14733,-76.9445325,38.9936953,12.4,7.2,16.8,16.5,27.0,1.1,13.1,1.7,65.3,62.5,27.4,57.2,4.1,10.3,42.9,27.6,3.5,37.0,25.4,35.7,28.3,22.0,3.5,17.2,21.3,14.9,22.3,46.9,26.3,68.6,27.8,6.2,32.5,12.0,2.8,15.0,42.5,1.0,25.4,7.3,4.71,40
24033803509,MD,Maryland,Prince George's,24033,4175,2827,-76.8810467,38.9336796,16.4,19.1,12.9,35.2,66.2,3.1,12.7,3.8,74.4,85.0,16.6,58.6,5.2,14.3,49.0,16.7,12.4,29.3,31.3,33.6,27.6,24.1,3.3,29.7,29.4,9.7,15.6,40.7,30.6,80.2,18.1,13.2,46.2,13.0,4.8,18.7,49.4,3.1,27.3,6.8,5.34,40
24033803001,MD,Maryland,Prince George's,24033,3119,2353,-76.9110876,38.9025631,16.4,28.6,10.4,47.5,77.4,4.9,12.9,7.1,78.9,87.5,16.6,61.5,8.4,16.2,45.7,15.5,20.4,35.4,31.1,37.3,32.8,30.0,5.2,37.3,30.0,11.5,16.6,38.8,37.0,80.1,17.2,20.8,50.4,16.1,7.1,20.4,49.4,5.5,23.1,9.2,4.647499999999999,40
24033802106,MD,Maryland,Prince George's,24033,4576,3445,-76.8948117,38.8403665,12.1,22.9,12.0,39.7,72.0,3.9,13.6,4.5,77.8,87.6,15.7,69.1,5.7,13.6,51.4,16.5,14.3,29.5,32.1,30.7,24.5,23.1,3.4,31.9,27.8,9.5,14.3,41.2,29.7,80.3,18.2,14.6,47.5,13.1,4.9,17.5,50.5,3.7,13.8,6.3,4.967499999999999,40
24033801405,MD,Maryland,Prince George's,24033,4865,3683,-76.9902698,38.7978743,20.3,23.1,12.4,36.9,73.9,4.7,11.2,5.5,74.5,86.5,15.1,63.5,6.1,12.4,49.5,15.1,15.5,30.7,30.3,28.2,18.9,25.0,4.9,36.6,23.2,8.8,12.3,39.1,32.0,78.5,15.3,15.6,40.5,14.1,4.8,12.6,45.3,3.8,21.5,6.9,4.604999999999999,40
24033801302,MD,Maryland,Prince George's,24033,2852,2324,-77.0360274,38.6741134,8.2,27.2,12.6,39.0,78.4,8.3,11.0,5.7,79.7,92.2,10.1,71.1,5.3,8.5,68.3,15.0,13.2,24.1,23.4,13.0,8.1,16.2,5.2,39.3,12.3,6.0,6.6,33.0,21.3,80.5,12.4,12.4,37.0,11.4,3.3,7.1,39.5,3.5,7.9,4.0,3.8349999999999995,40
24033807304,MD,Maryland,Prince George's,24033,2266,1790,-76.9594342,39.024978,18.5,22.1,13.8,33.6,74.2,5.8,9.8,5.3,74.2,88.1,12.6,69.6,4.9,9.1,57.7,14.6,13.3,27.0,26.2,19.7,11.1,20.3,5.2,36.9,17.1,6.8,8.9,35.9,27.0,79.0,13.2,12.9,36.7,12.4,3.6,8.4,39.8,3.2,12.1,5.4,4.285,40
24033802600,MD,Maryland,Prince George's,24033,3318,2552,-76.9241902,38.8755529,13.9,25.0,12.0,42.1,75.4,4.6,12.3,5.3,77.9,88.6,14.3,66.3,5.8,12.8,51.5,14.9,15.9,29.8,31.1,28.0,21.1,23.3,4.2,34.6,25.0,8.8,12.6,39.0,30.7,81.2,16.1,15.8,46.5,13.3,4.9,15.2,48.0,4.2,18.4,6.4,4.5725,40
24033803613,MD,Maryland,Prince George's,24033,6943,5129,-76.8855778,38.9583217,14.5,21.3,13.2,36.2,71.6,4.2,11.9,4.2,76.2,88.1,13.6,64.3,4.8,10.9,55.9,15.2,13.1,26.6,28.8,25.0,17.9,20.7,3.5,32.5,23.0,7.8,11.7,38.1,26.8,80.7,15.5,12.8,43.8,12.0,4.1,13.6,46.5,3.2,13.7,5.6,4.2475,40
24033803512,MD,Maryland,Prince George's,24033,6711,5465,-76.8295131,38.8768597,7.7,24.9,11.6,41.3,77.5,5.4,12.1,4.7,80.9,91.6,10.6,73.9,4.6,8.5,63.6,13.9,14.4,23.9,26.5,18.2,12.9,17.3,3.5,35.1,17.4,6.5,9.0,35.7,22.8,83.6,13.5,12.7,42.9,10.8,3.7,10.9,44.8,3.6,9.0,4.6,4.365,40
24033801105,MD,Maryland,Prince George's,24033,1367,1063,-76.8897501,38.8072697,11.1,9.2,21.3,17.2,44.5,2.0,10.7,1.6,65.4,78.8,15.2,56.7,2.5,8.1,59.9,20.0,4.1,21.7,26.1,16.0,9.1,12.7,2.5,20.8,15.0,6.2,9.4,41.6,17.3,77.8,18.5,4.7,31.8,8.4,1.7,8.0,39.8,1.1,18.1,3.2,4.1075,40
24033801005,MD,Maryland,Prince George's,24033,4217,3385,-76.835778,38.7565957,8.0,25.5,11.8,41.5,77.6,5.6,12.2,4.8,80.7,91.6,11.1,72.5,4.8,9.4,63.2,14.2,14.5,24.6,27.9,18.3,12.5,17.8,3.7,36.0,17.7,6.7,8.9,36.4,23.7,82.8,13.9,13.1,42.6,11.4,3.8,10.7,45.0,3.6,11.2,4.6,4.0025,40
24033802201,MD,Maryland,Prince George's,24033,4215,3255,-76.8539783,38.8479982,11.1,20.7,13.4,34.9,71.4,4.3,12.0,3.8,77.0,89.6,12.1,67.7,4.2,9.8,64.2,15.4,11.7,23.7,27.2,20.7,14.9,17.8,3.2,31.8,20.1,6.8,9.9,36.9,23.5,84.0,14.8,11.1,42.4,10.9,3.5,12.0,44.1,2.9,8.9,4.6,4.0225,40
24033803514,MD,Maryland,Prince George's,24033,5436,4590,-76.8387812,38.9042525,6.4,21.1,12.8,35.8,73.4,4.4,12.4,3.3,79.9,91.6,10.1,72.1,3.4,7.3,68.9,14.9,11.3,20.6,25.4,15.8,11.0,14.3,2.5,31.3,16.9,5.8,8.3,36.0,19.4,86.2,13.9,9.8,42.1,9.4,3.0,10.6,43.1,2.7,7.6,3.7,3.69,40
24033803526,MD,Maryland,Prince George's,24033,3496,2783,-76.8055873,38.8844633,7.4,26.9,10.9,43.1,78.9,5.7,12.7,4.9,82.1,92.5,10.9,73.9,4.9,9.1,63.2,14.2,15.2,24.9,27.8,18.5,12.9,17.8,3.5,36.2,18.2,6.8,9.0,36.6,23.9,85.3,14.0,13.7,43.8,11.4,3.9,11.1,46.2,3.9,11.2,4.6,4.345,40
24033807407,MD,Maryland,Prince George's,24033,6708,5292,-76.9228098,39.0676225,14.3,23.5,12.2,37.0,74.8,5.5,10.6,5.5,76.2,88.4,12.9,65.5,5.7,11.0,57.8,14.8,14.7,27.6,27.5,22.4,14.9,21.3,5.1,37.4,18.7,7.6,10.1,36.4,28.5,79.4,14.1,14.0,38.3,12.8,4.1,10.6,42.0,3.5,12.6,5.7,4.172500000000001,40
24033807305,MD,Maryland,Prince George's,24033,4075,3119,-76.963551,39.0121779,25.7,22.7,12.9,36.0,72.0,4.6,11.1,6.1,72.4,84.1,17.3,61.3,6.8,13.7,50.9,16.1,15.9,34.0,30.0,33.3,23.1,28.8,5.7,36.5,26.4,10.1,14.6,39.4,35.1,77.7,16.3,17.1,41.9,15.6,5.6,14.4,43.1,3.9,12.6,8.3,4.6725,40
24033801210,MD,Maryland,Prince George's,24033,4253,3462,-76.9235417,38.7684717,10.3,28.5,10.7,45.4,80.0,6.2,11.9,6.2,81.3,91.3,11.6,68.6,6.0,10.2,57.3,13.7,17.4,28.0,27.4,21.3,15.5,21.0,4.6,38.6,18.6,7.6,9.8,35.7,27.4,82.7,13.5,16.0,43.7,12.6,4.6,11.5,45.8,4.5,11.3,5.8,4.4825,40
24033801311,MD,Maryland,Prince George's,24033,8300,6485,-76.9495856,38.7120864,7.5,24.2,12.2,39.6,76.9,5.6,11.7,4.5,80.5,92.1,10.2,72.6,4.2,8.4,66.7,13.8,13.5,22.7,26.4,15.9,10.5,16.2,3.5,35.5,16.0,6.0,7.9,35.2,21.6,85.0,13.1,11.7,41.0,10.6,3.4,9.6,44.0,3.3,7.9,4.1,3.7449999999999997,40
24033801308,MD,Maryland,Prince George's,24033,3761,3036,-77.0005143,38.7161564,8.1,25.9,11.1,41.3,79.5,6.2,11.2,5.2,81.2,92.5,9.7,74.7,4.5,7.8,64.7,13.1,14.8,23.6,26.0,15.3,9.8,16.6,4.0,37.8,14.6,6.0,7.5,34.7,22.7,82.8,12.2,12.7,39.2,10.7,3.5,8.6,43.6,3.7,10.3,4.3,4.067500000000001,40
24033801809,MD,Maryland,Prince George's,24033,4107,3430,-76.9570032,38.8434318,11.8,28.6,10.6,46.6,78.7,5.7,12.5,6.7,80.5,89.7,13.6,70.1,6.9,12.2,51.7,14.5,18.5,31.3,28.9,27.3,22.3,24.3,4.9,37.4,23.0,9.3,12.6,37.2,30.7,80.7,15.1,18.1,46.7,13.8,5.6,15.1,48.0,5.0,20.7,7.1,5.01,40
24033802204,MD,Maryland,Prince George's,24033,6185,4936,-76.8613977,38.871171,10.7,27.2,10.9,44.0,78.4,5.6,12.6,5.6,80.7,90.8,12.7,70.7,5.8,10.8,58.5,14.1,16.2,28.6,30.4,23.2,16.6,21.3,4.1,36.4,21.0,8.1,10.7,38.6,27.9,84.3,14.8,15.9,44.3,12.7,4.6,12.4,46.4,4.4,15.3,5.7,4.1899999999999995,40
24033805602,MD,Maryland,Prince George's,24033,5555,3753,-76.98076,38.9893628,48.5,15.1,15.3,28.1,55.9,2.2,10.2,4.5,61.9,73.1,24.8,40.8,5.7,17.9,32.9,17.6,13.5,40.7,33.4,52.1,37.4,38.7,5.5,31.4,40.7,12.6,22.9,43.1,44.5,70.1,19.4,16.3,45.6,18.3,6.6,21.5,44.9,2.8,25.3,12.0,6.32,40
24033806900,MD,Maryland,Prince George's,24033,4393,3475,-76.9194234,39.0128373,16.1,19.7,15.7,29.1,68.9,5.5,9.9,4.5,71.4,86.2,13.1,62.2,4.7,10.0,58.6,16.4,10.6,25.3,25.3,18.0,10.2,18.5,4.8,34.4,15.7,6.6,8.5,36.0,24.4,77.1,14.3,10.8,35.1,11.8,3.1,7.9,38.9,2.5,12.2,4.7,4.0925,40
24033806713,MD,Maryland,Prince George's,24033,4036,2777,-76.9025767,39.0013909,19.5,17.7,14.1,32.2,63.9,2.8,12.4,3.5,71.9,83.2,17.7,60.2,5.0,14.1,52.1,17.4,11.6,30.0,31.6,34.3,26.3,24.5,3.3,29.1,30.0,9.7,16.0,41.7,31.0,76.6,18.8,12.5,45.2,13.2,4.6,17.9,46.8,2.8,15.1,6.8,5.125,40
24033806602,MD,Maryland,Prince George's,24033,5814,4050,-76.9105793,38.9665203,22.4,20.2,13.3,33.4,68.9,3.9,10.9,4.9,71.6,83.4,16.8,58.4,5.9,13.6,47.8,16.4,14.0,31.4,29.5,32.0,22.7,26.2,4.8,33.9,25.7,9.4,14.3,39.1,33.2,77.3,16.6,14.6,41.4,14.4,5.0,14.6,44.5,3.3,16.6,7.5,4.742500000000001,40
24033806714,MD,Maryland,Prince George's,24033,5649,4124,-76.910219,39.0046859,17.4,16.6,13.2,30.7,62.7,2.6,11.6,3.4,71.5,81.6,17.0,53.6,5.0,13.7,52.4,17.4,11.3,28.9,29.0,33.7,27.1,24.0,3.4,28.9,27.3,9.7,16.0,39.9,30.5,78.3,18.0,11.9,42.4,12.8,4.6,17.8,45.2,2.6,18.0,7.0,5.0175,40
24033804300,MD,Maryland,Prince George's,24033,3677,2739,-76.9304323,38.9256205,16.9,22.7,12.9,38.0,73.2,4.4,11.7,5.0,75.7,87.6,14.5,63.9,5.5,12.0,49.4,15.3,14.8,29.1,29.3,27.6,20.0,23.3,4.2,34.1,24.4,8.5,12.5,38.2,29.9,78.4,15.7,14.6,44.5,13.2,4.7,14.3,46.9,3.7,16.0,6.4,4.340000000000001,40
24033806601,MD,Maryland,Prince George's,24033,4939,3367,-76.9138813,38.9570351,32.5,18.3,14.8,30.7,65.4,3.4,10.6,4.6,68.2,81.6,18.7,55.1,5.4,13.7,45.0,16.3,13.4,33.4,30.6,36.3,23.9,29.3,4.7,32.9,30.0,9.7,15.6,40.2,36.0,74.8,16.9,14.9,43.2,15.4,5.2,15.4,43.5,3.1,17.8,8.4,5.4475,40
24033801211,MD,Maryland,Prince George's,24033,3253,2623,-76.9058928,38.7827065,10.9,26.4,11.6,41.8,78.1,5.9,11.9,5.5,79.7,91.0,11.9,71.1,5.5,10.1,61.9,14.2,15.4,27.1,28.6,20.3,13.7,20.0,4.4,37.3,18.5,7.3,9.4,37.0,26.4,81.5,13.9,14.6,41.7,12.3,4.1,10.6,44.8,4.0,9.1,5.2,4.37,40
24033805201,MD,Maryland,Prince George's,24033,4254,3200,-76.9954638,38.9664183,23.3,21.3,13.7,34.7,72.5,4.4,10.7,5.0,73.1,86.5,14.7,63.2,5.0,10.7,54.6,14.5,14.0,29.8,29.3,26.8,16.7,24.1,4.6,34.6,23.2,8.1,11.7,38.5,30.6,78.8,14.6,14.6,41.2,13.4,4.5,11.8,42.7,3.5,19.1,6.6,4.920000000000001,40
24033801214,MD,Maryland,Prince George's,24033,4234,3381,-76.8505009,38.7923197,12.9,30.1,10.8,45.7,79.9,6.8,12.2,7.0,80.3,90.4,13.3,69.7,7.2,11.8,53.9,14.9,18.2,31.6,27.9,24.5,18.4,24.0,5.6,39.3,20.8,9.0,11.1,36.5,30.6,79.1,14.6,18.4,44.5,14.3,5.4,12.8,45.9,5.0,12.3,6.8,4.245,40
24033801801,MD,Maryland,Prince George's,24033,2000,1543,-76.947898,38.8291686,13.1,25.1,11.5,41.9,73.6,4.4,13.5,5.3,78.2,87.5,16.0,65.8,6.6,13.9,47.2,16.8,16.0,31.7,30.7,32.5,27.3,24.9,4.0,33.4,28.4,10.3,15.3,40.0,31.5,80.4,18.1,16.6,48.6,14.1,5.6,18.8,50.7,4.3,21.2,7.2,5.0825000000000005,40
24033801406,MD,Maryland,Prince George's,24033,3216,2582,-76.9800136,38.7771595,11.4,25.9,11.4,41.5,76.9,5.4,12.6,5.2,79.6,90.2,12.9,68.4,5.7,11.0,58.2,14.9,15.2,27.8,29.3,23.4,17.1,21.0,3.9,35.7,21.1,8.0,10.7,38.2,27.4,83.7,15.0,15.0,43.6,12.5,4.4,12.5,46.4,4.0,11.9,5.6,4.72,40
24033805101,MD,Maryland,Prince George's,24033,4031,2866,-76.9758623,38.9626634,35.0,18.3,14.2,31.4,64.2,3.1,10.9,4.8,67.6,79.8,20.6,52.7,5.9,15.6,48.4,17.1,14.1,36.0,31.8,41.9,29.6,32.5,5.0,33.0,33.7,11.0,18.1,41.4,39.0,74.3,18.1,16.1,44.6,16.5,5.9,18.0,43.5,3.2,17.7,9.6,4.9125,40
24033802001,MD,Maryland,Prince George's,24033,5576,4231,-76.9194955,38.8401426,12.2,23.6,11.8,40.3,73.2,4.2,13.2,4.8,78.1,87.9,15.1,68.2,5.7,12.8,51.8,16.0,14.7,29.4,31.2,29.3,23.3,22.8,3.6,32.8,26.1,9.2,13.6,40.3,29.6,82.0,17.4,14.8,46.7,13.0,4.8,16.4,49.5,3.8,14.4,6.3,4.9675,40
24033802104,MD,Maryland,Prince George's,24033,2178,1792,-76.87917,38.8374123,12.2,28.0,10.8,45.0,78.0,5.4,12.8,6.3,79.8,89.3,14.2,66.9,7.0,12.9,52.6,15.4,18.0,31.0,29.0,28.2,22.8,24.7,4.7,37.3,23.8,9.5,13.0,37.6,30.9,79.4,15.7,17.8,46.3,14.2,5.7,15.5,46.8,4.7,9.6,7.1,4.992500000000001,40
24033803513,MD,Maryland,Prince George's,24033,4894,3944,-76.8264489,38.8866395,7.7,24.9,11.3,41.0,76.7,5.1,12.8,4.5,81.1,91.4,11.3,71.6,4.7,9.0,60.6,14.7,14.3,24.5,26.5,20.0,15.1,18.0,3.2,34.3,19.0,7.1,9.8,36.4,23.5,81.9,14.3,13.1,44.0,11.1,3.9,12.2,46.2,3.6,13.0,4.9,4.8500000000000005,40
24033803002,MD,Maryland,Prince George's,24033,2791,2159,-76.8954348,38.9032756,12.4,26.9,11.0,44.1,77.0,5.1,13.1,5.7,79.7,89.5,14.4,67.3,6.4,12.7,56.8,15.1,16.8,30.9,30.9,28.2,22.0,24.1,4.3,35.6,24.7,9.4,12.9,39.3,30.7,80.3,16.1,17.3,46.4,13.8,5.3,15.4,47.5,4.6,14.8,6.8,4.2924999999999995,40
24033801207,MD,Maryland,Prince George's,24033,4722,3829,-76.8669781,38.7540356,10.3,28.2,10.9,44.6,79.3,6.2,11.9,6.1,80.8,91.3,12.0,71.3,6.0,10.6,63.9,14.2,17.2,28.3,27.4,21.7,15.8,21.4,4.8,38.6,19.4,7.8,10.1,35.6,27.8,82.8,13.9,16.1,44.1,13.1,4.7,12.1,43.9,4.4,12.1,5.9,4.55,40
24033801003,MD,Maryland,Prince George's,24033,6009,4539,-76.8631539,38.6794572,8.6,23.9,12.5,39.0,74.6,5.4,12.2,4.6,79.2,90.7,11.8,66.5,4.9,10.3,63.4,15.4,13.3,24.5,26.4,19.9,14.8,18.1,3.8,34.3,19.1,7.0,9.7,35.6,23.8,81.8,14.7,12.3,43.4,11.5,3.8,12.2,44.8,3.3,7.8,4.8,4.227500000000001,40
24033807500,MD,Maryland,Prince George's,24033,7321,5613,-76.9413648,38.9527218,12.9,21.7,14.5,33.0,71.0,5.6,11.0,4.6,74.8,88.3,12.5,64.9,5.0,10.0,59.8,17.2,11.8,25.0,22.7,19.1,13.6,18.7,4.5,34.2,17.2,7.1,9.4,33.8,23.8,79.4,14.5,11.7,40.1,11.8,3.6,10.5,40.8,2.9,14.6,5.1,4.045,40
24033802203,MD,Maryland,Prince George's,24033,4691,3737,-76.8703467,38.8520844,12.7,28.1,11.1,45.3,78.4,5.7,12.5,6.4,79.9,89.9,13.7,69.3,6.7,12.3,54.5,14.6,17.7,30.9,30.1,26.4,20.1,23.8,4.8,37.3,23.0,8.9,12.0,38.0,30.5,81.8,15.3,17.5,46.0,13.9,5.3,14.2,47.2,4.8,19.9,6.6,4.472499999999999,40
24033802700,MD,Maryland,Prince George's,24033,2675,2112,-76.9143548,38.8840144,15.8,26.3,11.5,43.3,76.5,5.0,12.4,6.1,78.0,88.1,15.1,69.3,6.8,13.2,54.4,15.0,17.3,32.0,30.9,29.6,22.5,25.7,4.7,36.3,25.1,9.6,13.3,39.1,32.1,81.6,16.0,17.6,46.0,14.4,5.6,15.2,46.5,4.7,14.2,7.3,4.577499999999999,40
24033803801,MD,Maryland,Prince George's,24033,2872,2085,-76.9052779,38.945753,24.2,21.4,13.9,34.9,71.9,4.4,10.5,5.1,72.6,86.0,15.2,59.0,5.4,11.7,44.9,14.9,14.6,30.3,29.2,28.5,18.1,25.0,4.8,35.2,24.3,8.3,12.3,38.1,32.1,75.1,15.1,14.7,42.4,14.0,4.6,12.6,45.4,3.4,13.7,6.9,4.7425,40
24033802805,MD,Maryland,Prince George's,24033,5264,3984,-76.8877306,38.8939623,12.8,26.2,11.3,42.7,76.9,5.2,12.5,5.7,79.3,89.5,13.8,66.0,6.0,11.6,51.1,14.7,16.1,30.1,30.2,26.1,19.5,22.9,4.4,35.4,23.0,8.9,12.0,39.0,29.7,81.9,15.5,16.4,44.8,13.2,4.9,13.8,48.0,4.4,15.1,6.4,4.8025,40
24033801808,MD,Maryland,Prince George's,24033,3761,2950,-76.9625289,38.8327451,11.5,25.7,11.3,42.9,75.6,4.8,13.1,5.5,79.4,89.0,14.3,64.8,6.1,12.4,49.8,15.6,16.2,30.0,30.0,28.1,22.7,23.1,4.0,34.3,25.0,9.3,13.2,39.0,29.7,79.2,16.6,16.1,47.1,13.2,5.1,16.1,50.4,4.3,15.6,6.5,4.9275,40
24033801309,MD,Maryland,Prince George's,24033,3605,3036,-77.0317003,38.7102524,6.6,28.0,11.3,42.3,80.7,7.9,10.9,5.8,82.1,93.4,8.8,73.8,4.6,6.9,71.0,13.4,14.6,23.3,22.4,12.2,7.8,15.4,4.9,39.5,12.0,5.6,6.4,31.7,20.8,84.5,11.2,12.6,38.5,10.6,3.3,7.4,38.6,3.7,6.8,4.1,3.6875,40
24033803300,MD,Maryland,Prince George's,24033,5004,3737,-76.8909427,38.9166861,17.6,23.0,12.9,37.8,74.5,4.6,11.5,5.0,75.8,87.9,14.1,66.3,5.3,11.2,54.0,14.7,14.6,28.9,29.9,25.9,17.3,22.7,4.2,34.6,22.9,8.1,11.5,38.8,29.6,81.5,15.2,14.6,42.9,13.0,4.5,12.5,45.4,3.7,10.6,6.2,4.527500000000001,40
24033805601,MD,Maryland,Prince George's,24033,6373,4365,-76.9845267,38.990467,52.1,16.2,14.5,30.4,56.7,2.1,10.5,5.1,61.9,71.6,27.2,36.7,6.7,20.9,28.4,18.4,15.5,44.3,33.7,59.3,46.6,43.8,6.1,32.4,45.9,14.6,26.8,43.2,49.4,64.5,20.6,19.0,48.6,20.5,8.1,26.2,46.2,3.1,30.9,14.6,5.845000000000001,40
24033803700,MD,Maryland,Prince George's,24033,2950,2095,-76.8881511,38.9433616,23.4,21.0,14.2,33.2,70.5,4.5,10.8,4.8,72.2,86.1,15.3,61.1,5.3,11.7,54.2,15.8,13.5,29.7,28.8,27.3,17.1,24.2,4.7,34.7,23.8,8.2,11.9,38.2,30.9,77.8,15.5,14.0,41.7,13.9,4.4,12.2,42.5,3.2,14.8,6.5,4.244999999999999,40
24033801215,MD,Maryland,Prince George's,24033,2860,2252,-76.8483924,38.7650152,8.7,24.2,12.3,39.7,76.6,5.3,12.0,4.5,80.0,91.4,11.1,70.7,4.5,9.0,64.0,14.0,13.8,24.0,27.7,17.9,11.7,17.5,3.5,35.3,17.4,6.5,8.8,36.5,23.0,83.9,13.7,12.4,41.7,11.1,3.7,10.3,44.5,3.4,9.1,4.5,4.369999999999999,40
24033801004,MD,Maryland,Prince George's,24033,5725,4490,-76.8513765,38.7250838,8.5,26.4,11.8,42.1,77.6,5.9,12.2,5.3,80.3,91.2,11.7,69.2,5.4,10.2,60.7,14.9,15.2,25.9,26.8,19.8,14.3,19.1,4.2,36.6,18.6,7.3,9.6,35.6,24.7,81.9,14.2,14.0,43.5,12.1,4.2,11.8,45.4,3.8,9.9,5.1,4.2475000000000005,40
24033801006,MD,Maryland,Prince George's,24033,3930,3096,-76.8230132,38.7571595,7.1,24.4,12.0,39.9,77.3,5.5,12.1,4.4,81.0,92.2,10.2,72.6,4.2,8.1,65.4,14.0,13.5,22.5,26.1,16.0,10.6,16.1,3.3,35.5,16.1,6.0,8.1,35.3,21.2,85.4,13.2,11.7,41.6,10.5,3.4,9.7,45.2,3.3,5.2,4.1,4.357500000000001,40
24033807408,MD,Maryland,Prince George's,24033,5930,4762,-76.8891889,39.0394986,9.9,25.7,13.3,36.0,75.8,7.6,10.8,5.5,77.3,90.2,11.2,70.4,5.7,9.4,65.8,16.4,12.6,24.9,22.7,15.2,10.0,17.4,5.3,38.1,13.4,6.6,7.5,33.2,22.8,79.0,13.3,12.5,36.9,11.9,3.5,7.9,38.1,3.2,5.5,4.5,3.6350000000000002,40
24033801500,MD,Maryland,Prince George's,24033,2680,2108,-77.0119692,38.8034632,16.8,26.0,12.0,41.0,77.0,5.5,11.8,5.9,77.5,89.3,13.7,68.5,6.0,11.4,56.1,14.5,16.2,30.0,30.1,25.0,16.8,23.5,4.7,37.3,21.8,8.3,11.0,38.3,30.1,82.8,14.6,16.3,42.9,13.7,4.8,11.9,44.5,4.2,10.4,6.3,4.4399999999999995,40
24033804002,MD,Maryland,Prince George's,24033,4532,3262,-76.9328205,38.9413687,27.6,22.2,13.4,36.3,70.6,4.0,11.1,5.7,71.8,83.8,18.1,61.2,6.5,14.8,50.2,16.7,16.5,34.6,29.4,37.2,27.5,30.1,5.4,35.3,30.6,10.4,16.2,38.6,37.5,77.0,17.2,17.2,46.6,16.2,6.0,17.6,45.2,3.8,16.6,9.0,4.78,40
24033803100,MD,Maryland,Prince George's,24033,2688,2104,-76.916304,38.9092635,15.8,26.9,11.2,44.6,76.2,4.8,12.6,6.5,78.1,87.4,15.8,67.4,7.6,14.5,55.0,15.8,18.7,33.3,28.8,33.8,29.1,27.8,5.0,36.3,27.6,10.7,15.6,37.5,33.8,81.0,16.5,18.9,48.8,15.2,6.6,18.8,47.2,4.9,8.7,8.6,4.8725,40
24033805801,MD,Maryland,Prince George's,24033,4745,3580,-76.9673917,38.9783801,29.9,21.8,13.6,35.1,71.3,4.2,10.5,5.8,71.1,84.2,17.1,58.0,6.1,13.0,51.6,15.4,16.2,33.8,29.8,33.7,21.9,29.4,5.5,36.4,27.5,9.5,14.4,38.7,36.0,76.4,15.6,16.9,43.1,15.8,5.6,14.2,42.9,3.8,15.7,8.5,4.665,40
24033807102,MD,Maryland,Prince George's,24033,2763,2250,-76.9265842,38.9740059,10.0,19.6,16.5,28.5,69.6,6.0,9.9,4.1,73.4,87.8,10.9,66.9,4.0,7.8,67.3,16.9,9.4,21.5,21.1,12.6,7.6,14.3,4.3,33.4,11.8,5.5,6.7,33.1,19.2,78.6,13.4,8.9,34.1,10.0,2.5,6.7,36.1,2.3,7.3,3.6,3.5025000000000004,40
24033803200,MD,Maryland,Prince George's,24033,2860,2233,-76.8954776,38.9233213,14.5,22.8,12.2,39.7,71.7,4.0,12.8,4.8,76.8,86.7,15.7,65.4,5.9,13.6,52.7,16.2,14.9,30.4,30.2,32.2,26.8,24.3,3.8,32.4,27.8,9.7,14.9,39.5,31.1,81.6,17.4,15.2,47.6,13.4,5.2,18.1,48.4,3.9,13.6,7.1,5.130000000000001,40
24033803803,MD,Maryland,Prince George's,24033,6062,4329,-76.8973349,38.9548118,23.2,21.3,13.9,34.6,71.5,4.3,10.8,4.9,72.7,86.1,15.4,63.6,5.3,11.9,52.7,15.3,14.3,30.1,29.6,28.4,18.1,24.7,4.5,34.7,24.6,8.3,12.4,38.6,31.7,77.8,15.5,14.5,42.5,13.9,4.6,12.8,43.9,3.4,16.2,6.7,4.13,40
24033804700,MD,Maryland,Prince George's,24033,3537,2860,-76.9626213,38.9398245,11.7,21.6,15.2,32.5,72.4,5.8,10.5,4.3,75.0,89.7,11.2,67.8,4.3,9.0,64.8,16.2,11.3,22.8,23.4,15.2,9.4,16.3,4.1,34.9,14.5,5.9,7.5,33.7,21.8,80.6,13.5,10.5,37.9,11.0,3.0,8.1,39.0,2.7,7.4,4.1,3.825,40
24033802405,MD,Maryland,Prince George's,24033,3916,3119,-76.936699,38.8556709,10.5,25.7,11.4,42.5,76.9,5.1,12.6,5.1,79.9,90.3,12.9,67.6,5.4,11.2,54.6,14.6,15.3,27.8,30.4,24.0,17.6,20.7,3.8,34.9,22.0,8.0,10.9,38.8,28.0,82.6,15.4,14.8,45.0,12.3,4.3,13.2,48.1,4.1,12.6,5.5,4.425,40
24033805000,MD,Maryland,Prince George's,24033,5906,4644,-76.9828138,38.9614009,16.8,22.0,13.5,35.3,74.1,4.9,10.9,4.8,75.6,88.4,12.8,70.0,4.6,9.0,54.9,14.4,13.3,27.0,27.5,21.9,13.9,20.2,4.2,33.9,19.8,7.2,10.1,37.4,26.8,84.3,14.0,13.2,40.4,11.9,3.8,10.6,43.4,3.4,15.4,5.5,4.459999999999999,40
24033802901,MD,Maryland,Prince George's,24033,4006,3111,-76.9033623,38.8936958,15.0,27.1,11.1,44.1,77.1,5.2,12.4,6.4,78.6,88.4,14.9,69.9,7.0,13.1,52.8,15.2,17.9,32.4,29.2,30.2,24.4,25.9,4.9,36.4,25.1,9.9,13.8,37.9,32.5,79.9,15.9,18.2,46.7,14.4,5.8,16.1,47.2,4.9,12.1,7.7,4.8075,40
24033804102,MD,Maryland,Prince George's,24033,6888,5049,-76.9009524,38.9375103,18.9,21.5,13.3,36.0,71.6,4.1,11.6,4.7,74.4,86.6,15.1,62.2,5.4,12.3,53.1,15.5,14.0,29.2,30.2,28.7,20.1,23.7,4.0,33.5,25.1,8.6,12.8,39.2,30.3,78.8,16.0,14.2,43.6,13.3,4.6,14.1,45.9,3.5,19.1,6.5,4.6000000000000005,40
24033801208,MD,Maryland,Prince George's,24033,4433,3492,-76.8905647,38.7471805,8.3,25.9,11.5,42.4,77.7,5.5,12.2,4.9,81.0,91.8,11.1,71.3,4.9,9.7,63.2,13.9,15.0,25.0,28.3,19.5,13.6,18.4,3.6,36.1,18.8,6.9,9.2,36.4,24.6,83.3,13.9,13.5,43.7,11.6,3.9,11.4,45.4,3.7,10.1,4.8,4.4325,40
24033802501,MD,Maryland,Prince George's,24033,3231,2576,-76.9448553,38.8623009,11.6,26.6,11.0,44.5,76.3,4.7,13.3,5.7,79.7,88.8,14.8,68.1,6.6,13.4,53.7,15.6,17.2,30.8,30.2,30.4,25.6,24.4,4.1,35.1,26.2,9.7,14.0,38.9,30.9,81.7,16.8,17.1,48.4,13.8,5.6,17.4,48.4,4.5,16.0,7.0,4.53,40
24033801212,MD,Maryland,Prince George's,24033,3337,2705,-76.9156495,38.7925306,11.7,27.7,11.2,43.6,79.2,6.2,11.9,5.9,80.2,91.0,12.2,72.2,5.8,10.4,59.4,13.9,16.2,28.5,29.4,21.0,14.0,21.0,4.6,38.0,18.9,7.6,9.5,37.5,27.8,82.1,14.0,15.8,42.4,12.8,4.3,10.6,44.2,4.3,11.4,5.5,4.237500000000001,40
24033804200,MD,Maryland,Prince George's,24033,2980,2380,-76.918844,38.925195,7.8,25.4,14.2,35.4,76.0,8.0,10.7,5.1,78.0,91.6,9.8,74.5,4.8,8.2,71.4,16.3,11.5,22.2,21.1,11.5,7.4,14.6,4.8,37.7,11.1,5.5,6.0,31.7,19.4,81.7,12.5,10.8,36.4,10.7,2.9,6.5,36.9,3.0,4.8,3.6,3.5975,40
24033804600,MD,Maryland,Prince George's,24033,3576,2793,-76.9552428,38.943613,22.4,23.3,13.3,36.3,71.6,4.9,11.5,5.9,72.9,84.9,17.1,60.7,6.9,14.2,50.4,17.1,15.1,33.1,28.8,31.2,22.6,27.3,5.5,35.7,25.4,9.9,13.9,38.6,33.6,77.9,16.8,16.5,43.2,15.4,5.4,14.4,43.5,3.9,19.9,7.8,4.665,40
24033803607,MD,Maryland,Prince George's,24033,3672,2813,-76.8352854,38.9655063,13.6,24.7,12.6,38.8,77.1,5.6,11.2,5.2,77.8,89.8,12.0,71.1,5.1,9.4,60.0,14.3,14.7,26.6,27.0,20.2,13.1,19.8,4.3,36.4,18.2,7.1,9.4,36.2,26.2,81.9,13.6,13.9,40.9,12.1,4.0,10.2,42.4,3.7,9.1,5.3,4.1375,40
24033800707,MD,Maryland,Prince George's,24033,3617,2933,-76.7912595,38.805245,9.1,30.0,10.7,45.8,80.8,6.9,12.1,6.4,81.8,92.1,11.5,70.5,6.2,10.1,61.8,14.3,17.2,28.2,26.4,19.5,14.2,20.6,4.9,39.3,17.3,7.7,9.2,35.1,26.7,81.7,13.5,16.4,43.2,12.9,4.6,10.8,43.5,4.6,12.6,5.7,3.9824999999999995,40
24033802406,MD,Maryland,Prince George's,24033,2450,1869,-76.9211247,38.8553465,13.4,24.4,12.0,41.1,74.5,4.7,12.4,5.3,78.0,88.4,14.2,68.4,5.8,12.3,54.2,15.2,15.5,29.4,30.3,27.5,21.0,22.8,4.1,34.3,24.4,8.7,12.7,38.8,29.5,82.1,16.1,15.2,45.8,13.1,4.8,15.0,47.7,4.0,11.7,6.3,4.2625,40
24033803516,MD,Maryland,Prince George's,24033,4887,3832,-76.8174928,38.9536716,7.1,24.0,11.8,39.3,77.3,5.4,11.9,4.2,80.9,92.2,10.0,73.4,4.1,8.0,65.2,13.9,13.4,22.2,26.2,15.8,10.5,15.8,3.2,35.1,15.8,5.9,7.8,35.5,21.4,85.4,13.1,11.5,40.9,10.3,3.3,9.5,44.9,3.2,11.4,4.1,4.2299999999999995,40
51153900100,VA,Virginia,Prince William,51153,3271,2799,-77.2499428,38.6261299,6.1,26.2,13.9,35.6,80.1,9.0,9.6,5.4,82.7,92.1,9.7,73.4,4.6,8.4,75.5,19.1,11.3,25.1,18.7,7.6,5.0,13.2,5.7,40.9,7.3,5.3,4.6,29.8,18.6,80.0,12.3,11.3,31.5,10.8,2.5,4.5,34.7,2.8,4.6,3.3,4.3199999999999985,40
51153900504,VA,Virginia,Prince William,51153,5065,3578,-77.2720178,38.6434388,25.6,22.4,13.5,35.7,73.0,4.7,10.3,6.4,76.0,81.1,20.6,54.8,7.2,17.5,49.9,21.2,15.8,41.2,27.2,32.1,25.8,30.1,6.9,36.7,24.4,11.7,15.4,38.5,38.1,71.7,18.8,19.1,41.5,17.0,5.8,14.6,42.4,3.8,19.8,9.5,5.9925000000000015,40
51153900701,VA,Virginia,Prince William,51153,7608,5778,-77.2768035,38.6208833,10.2,17.2,15.4,30.0,69.6,3.5,10.9,3.2,78.2,86.1,14.4,61.6,3.7,11.9,64.6,20.8,9.8,27.2,25.5,17.1,13.2,16.4,3.3,30.4,16.1,7.1,9.5,37.4,23.1,78.3,17.3,10.1,37.3,10.8,3.0,10.1,43.0,2.3,9.3,4.4,4.6575,40
51153900804,VA,Virginia,Prince William,51153,5423,3835,-77.2771532,38.5814189,7.4,19.7,15.0,32.0,73.9,4.9,10.7,3.6,80.6,89.6,11.8,64.7,3.6,10.0,70.4,19.4,10.0,24.6,23.4,12.4,9.1,14.2,3.6,33.0,12.3,6.0,7.1,34.7,19.9,80.2,14.9,10.1,35.4,10.1,2.7,7.7,41.5,2.4,9.3,3.7,4.59,40
51153901011,VA,Virginia,Prince William,51153,6654,4855,-77.3253145,38.6127626,8.6,21.5,15.1,32.5,75.1,5.8,10.3,4.3,79.6,88.4,12.7,66.1,4.5,11.4,70.0,20.5,10.9,26.9,23.0,12.7,9.1,15.6,4.5,35.7,11.6,6.5,7.1,34.4,22.1,79.1,15.4,11.2,34.3,11.3,2.9,7.0,38.7,2.6,8.0,4.0,4.507499999999999,40
51153901203,VA,Virginia,Prince William,51153,4013,2974,-77.3343473,38.6527058,13.6,21.4,14.6,32.7,75.6,5.7,9.5,4.9,78.7,87.4,13.6,64.3,4.7,11.1,67.0,19.3,12.3,29.7,23.0,15.5,10.4,18.5,5.2,36.8,13.3,6.9,8.1,34.3,25.3,79.3,14.8,12.8,34.8,12.3,3.3,7.5,37.9,2.8,9.5,5.0,4.869999999999999,40
51177020106,VA,Virginia,Spotsylvania,51177,8064,6253,-77.5817765,38.3103641,8.5,30.4,13.7,39.6,79.9,10.0,10.5,7.2,80.3,89.3,13.2,71.3,7.0,11.9,69.6,22.2,13.6,30.6,19.7,10.8,8.1,18.5,7.6,41.1,8.9,7.5,6.2,31.6,24.3,81.8,15.0,14.9,38.3,13.6,3.5,5.6,38.2,3.7,6.5,4.5,5.317500000000001,40
51177020108,VA,Virginia,Spotsylvania,51177,4225,3201,-77.5220283,38.2811368,12.8,29.2,13.1,40.3,77.8,7.9,11.3,7.5,78.7,85.5,17.1,67.1,8.3,15.2,63.4,23.4,15.5,36.0,22.6,19.3,16.6,24.4,7.7,38.8,14.7,10.3,10.1,35.0,30.8,75.7,17.8,18.0,42.8,15.7,4.8,9.7,41.5,4.3,12.6,6.7,5.827499999999999,40
51610500200,VA,Virginia,Falls Church,51610,6692,5001,-77.1844491,38.8845752,5.5,22.1,16.3,28.2,74.4,7.5,9.4,4.0,79.0,90.3,9.7,71.0,3.5,7.3,77.7,21.1,8.7,21.0,17.4,6.2,4.0,11.2,4.6,35.6,6.3,4.6,4.2,30.0,16.3,79.7,13.1,8.1,30.0,9.3,1.9,3.9,32.5,2.1,4.0,2.7,4.734999999999999,40
51177020202,VA,Virginia,Spotsylvania,51177,5418,4022,-77.4697839,38.2596703,10.3,26.3,14.9,36.6,75.6,7.5,11.0,6.0,77.9,86.7,15.2,68.1,6.5,13.6,64.8,23.2,12.7,30.9,22.1,14.7,11.7,19.7,6.4,37.0,12.5,8.2,8.1,34.2,25.6,78.8,17.1,14.0,41.0,13.6,3.6,7.9,41.6,3.3,11.1,4.9,5.42,40
51177020204,VA,Virginia,Spotsylvania,51177,4572,3578,-77.4903394,38.2315022,9.0,26.5,14.7,36.2,76.7,8.1,10.7,5.8,78.7,87.9,13.8,69.2,6.0,12.1,66.2,22.5,12.2,29.2,20.9,12.4,9.4,18.1,6.2,37.6,10.6,7.5,6.9,33.1,24.1,79.4,15.9,13.3,39.2,12.9,3.3,6.6,40.2,3.2,10.8,4.4,5.32,40
51177020304,VA,Virginia,Spotsylvania,51177,4351,3445,-77.5209704,38.2616661,9.0,27.7,14.8,36.6,77.5,8.7,10.7,5.9,78.9,88.5,13.5,72.5,6.1,11.9,70.7,22.5,12.2,29.2,20.9,11.1,8.1,17.5,6.3,38.5,9.8,7.2,6.3,33.1,23.8,80.1,15.7,13.4,38.6,12.9,3.1,5.9,38.9,3.2,11.3,4.2,5.025,40
51179010205,VA,Virginia,Stafford,51179,6821,4955,-77.4916174,38.4660558,8.8,23.6,16.3,30.8,74.6,6.3,10.7,4.6,76.7,87.4,14.0,66.7,5.0,12.2,69.8,23.3,10.7,27.4,22.3,11.8,8.4,16.5,4.9,36.0,11.0,6.8,6.9,34.2,22.4,78.7,16.7,11.3,36.1,12.4,3.0,6.6,38.4,2.6,9.4,3.9,5.3525,40
51685920202,VA,Virginia,Manassas Park,51685,7210,5609,-77.4318584,38.7648316,10.8,20.3,15.0,30.4,72.3,4.9,10.0,4.2,76.8,85.8,14.2,63.4,4.5,11.6,69.1,20.8,11.2,27.7,24.3,15.1,10.8,17.7,4.6,34.5,12.8,7.0,8.1,35.6,24.4,78.3,16.1,11.1,34.7,11.6,3.0,7.5,37.3,2.5,10.8,4.5,5.535,40
51059420203,VA,Virginia,Fairfax,51059,2718,2100,-77.1291703,38.7922052,5.2,22.3,14.9,29.5,76.5,7.9,9.5,4.5,78.9,91.3,9.5,71.1,3.7,7.1,79.4,19.1,9.6,20.6,19.4,6.6,4.3,11.5,4.7,37.6,6.6,4.7,4.3,30.9,16.1,82.0,11.8,8.6,24.6,9.5,2.1,4.1,32.8,2.3,4.3,2.8,3.7475,40
51059420201,VA,Virginia,Fairfax,51059,3732,2848,-77.1460645,38.7895063,6.7,20.2,14.3,28.7,74.9,6.4,9.5,4.2,77.9,90.1,10.4,69.0,3.6,8.0,75.8,18.3,9.9,21.2,21.9,9.0,6.0,12.9,4.3,36.2,8.3,5.0,5.3,32.8,18.0,83.9,12.3,8.8,24.9,9.7,2.3,5.0,35.5,2.3,5.3,3.2,3.94,40
51059416100,VA,Virginia,Fairfax,51059,4129,3213,-77.1167623,38.7048315,4.6,27.5,13.5,34.1,80.5,10.8,9.4,6.3,81.2,92.5,9.1,73.8,4.7,6.9,79.5,19.3,11.0,22.9,16.5,5.8,4.0,12.4,6.5,41.8,5.3,5.0,3.9,28.2,16.6,83.1,10.9,10.5,24.8,10.5,2.4,3.7,30.7,2.9,5.9,3.1,3.972499999999999,40
51059415300,VA,Virginia,Fairfax,51059,3908,3117,-77.0698878,38.7668046,9.0,24.2,14.5,31.5,77.2,8.4,9.6,5.8,78.0,89.9,11.8,68.5,4.8,9.0,74.0,19.5,11.0,26.0,21.0,9.8,6.5,15.3,6.3,38.3,8.9,6.2,5.7,32.5,20.6,81.3,12.9,11.5,26.3,11.5,2.8,5.3,34.4,2.9,6.7,4.0,4.130000000000001,40
51013101601,VA,Virginia,Arlington,51013,1362,1193,-77.0805264,38.8994834,4.3,15.0,19.3,20.1,65.6,5.3,8.8,2.7,74.7,87.3,9.0,73.8,2.2,4.7,79.5,22.4,5.3,16.6,16.3,4.4,2.6,8.0,3.4,29.5,4.8,3.7,3.7,33.1,10.6,80.6,13.1,4.8,21.9,6.8,1.2,3.1,24.6,1.3,2.9,1.9,3.5524999999999998,40
51013101805,VA,Virginia,Arlington,51013,3760,3503,-77.0857667,38.8889631,4.3,11.9,21.7,16.7,57.5,4.0,8.8,1.9,72.2,86.0,9.3,69.5,1.8,4.8,79.6,23.5,4.0,15.5,16.4,4.4,2.6,7.3,2.7,26.1,5.0,3.5,3.8,33.7,9.7,80.6,13.9,3.7,21.8,6.3,1.0,3.1,25.0,1.0,2.7,1.7,3.7875,40
51013101801,VA,Virginia,Arlington,51013,3399,3099,-77.0926147,38.8853358,3.9,11.5,22.1,16.1,57.2,3.9,8.6,1.7,72.5,87.3,8.6,67.4,1.6,4.5,80.0,23.0,3.8,14.1,16.2,3.7,2.2,6.6,2.5,26.2,4.5,3.1,3.3,33.1,9.0,81.3,13.3,3.3,21.3,5.9,0.9,2.8,24.9,0.9,2.7,1.5,3.6675000000000004,40
51047930501,VA,Virginia,Culpeper,51047,5742,4679,-78.0684367,38.3621033,10.3,27.7,16.2,38.1,76.2,8.2,10.2,6.6,77.8,87.1,14.7,67.9,6.8,14.5,66.0,21.4,12.6,31.0,23.2,12.6,9.7,19.1,6.9,39.4,11.2,7.7,7.2,33.1,25.3,76.2,16.4,14.0,38.7,13.7,3.6,6.9,38.0,3.5,10.6,4.6,5.365,40
51013101602,VA,Virginia,Arlington,51013,1654,1477,-77.0838062,38.8940355,8.1,17.4,17.2,24.6,67.0,4.7,9.9,3.4,74.4,84.8,13.0,66.8,3.7,9.2,68.8,23.9,7.9,23.2,19.5,11.1,8.7,13.9,4.1,31.4,9.7,6.2,6.8,35.2,17.3,76.3,16.0,8.1,27.0,9.7,2.3,6.2,29.0,1.9,5.2,3.6,5.1875,40
51013101701,VA,Virginia,Arlington,51013,5507,5052,-77.0813675,38.8898621,6.0,9.9,21.4,15.8,51.9,2.8,9.0,1.6,70.9,83.9,10.8,65.2,1.8,5.7,75.1,23.6,3.9,16.8,18.4,6.7,4.3,8.5,2.5,23.9,6.8,4.1,5.0,36.0,11.3,79.8,15.0,3.7,22.8,6.5,1.1,4.1,26.7,0.9,4.9,2.1,4.2175,40
51059420800,VA,Virginia,Fairfax,51059,3640,2827,-77.0977278,38.7797043,9.5,20.9,15.5,28.0,74.1,6.9,9.5,4.6,76.4,89.4,11.7,68.6,4.0,8.8,71.4,19.5,9.9,23.4,21.9,9.8,6.0,14.2,4.9,36.4,9.2,5.5,5.6,33.2,19.5,81.6,13.1,9.6,25.8,10.7,2.4,5.1,36.3,2.4,6.0,3.5,4.220000000000001,40
51047930203,VA,Virginia,Culpeper,51047,6844,4818,-78.044639,38.476237,9.3,24.2,16.4,33.1,74.4,7.0,10.6,4.9,77.8,87.6,13.8,66.1,5.1,11.6,68.5,22.1,10.7,27.3,21.9,11.7,8.7,16.2,5.3,36.0,11.1,6.9,6.9,33.4,22.4,76.3,16.4,11.4,37.4,12.0,2.9,6.7,37.5,2.8,6.8,4.0,5.1225000000000005,40
51059415100,VA,Virginia,Fairfax,51059,3633,2791,-77.071946,38.7753905,7.6,22.9,15.0,29.9,76.5,8.2,9.4,5.0,78.1,90.5,10.7,70.5,4.2,8.1,77.5,19.5,10.0,22.8,19.4,8.2,5.4,13.4,5.4,38.0,7.6,5.3,4.9,31.1,18.2,82.7,12.3,9.6,25.7,10.5,2.4,4.6,32.1,2.5,6.7,3.3,3.9799999999999995,40
51013102301,VA,Virginia,Arlington,51013,1734,1389,-77.1054262,38.8664141,7.8,23.1,15.9,30.4,73.5,6.9,9.8,4.6,77.7,88.8,11.9,65.8,4.6,10.0,70.8,21.9,10.0,24.3,20.0,10.1,7.5,14.9,5.1,36.9,9.3,6.1,6.1,33.2,18.1,76.2,14.5,10.3,28.6,11.0,2.8,5.9,29.9,2.5,6.5,3.7,4.9125,40
51059415700,VA,Virginia,Fairfax,51059,4187,2830,-77.05275,38.7212071,4.3,23.9,16.1,28.6,76.3,9.6,9.7,4.9,78.9,91.9,9.3,69.1,3.9,6.9,82.8,20.8,8.4,20.3,16.4,4.9,3.3,10.7,5.3,38.4,4.9,4.6,3.5,28.8,14.1,82.9,11.7,8.4,23.7,9.6,2.0,3.2,30.0,2.3,11.2,2.5,4.19,40
51059416200,VA,Virginia,Fairfax,51059,5201,2786,-77.1510948,38.6904794,7.3,12.3,20.2,19.1,56.1,3.2,10.4,1.9,71.3,85.9,12.9,54.2,2.4,9.4,73.3,23.5,5.2,19.2,22.0,9.8,7.1,11.1,2.6,25.6,10.6,5.2,6.4,35.4,15.2,81.2,16.3,5.2,27.2,8.6,1.7,6.7,38.4,1.2,4.7,2.6,4.3575,40
51059420100,VA,Virginia,Fairfax,51059,4106,3170,-77.164436,38.7859377,10.2,21.0,12.8,30.2,76.7,6.1,8.8,5.0,77.3,88.7,11.6,64.2,4.2,9.0,69.7,16.8,12.3,24.8,25.0,12.0,7.0,16.0,5.3,38.7,9.9,5.8,6.3,34.8,23.3,78.4,12.5,10.9,24.1,11.2,2.7,5.4,37.1,2.7,8.7,4.2,4.1625,40
51013100300,VA,Virginia,Arlington,51013,6199,4587,-77.1286948,38.9154001,4.2,26.5,15.1,31.5,78.2,9.9,9.3,5.3,80.8,91.3,9.2,71.2,4.2,6.7,79.6,21.3,9.4,22.1,15.5,4.9,3.3,11.3,6.0,40.0,4.8,4.8,3.7,29.8,14.3,77.3,12.2,9.4,24.7,9.8,2.1,3.2,24.6,2.5,6.0,2.8,4.295,40
51047930204,VA,Virginia,Culpeper,51047,1520,1328,-78.0091787,38.465479,7.9,32.6,13.6,40.0,81.6,11.4,10.3,7.6,81.7,90.3,12.6,72.5,7.0,10.7,67.3,21.1,12.7,31.2,19.7,9.0,6.7,17.1,8.3,42.7,7.7,7.3,5.4,31.4,23.7,70.5,14.2,15.1,34.3,13.2,3.2,4.6,34.5,3.9,8.2,4.3,5.55,40
51059420503,VA,Virginia,Fairfax,51059,3505,2803,-77.0749248,38.7895702,7.7,15.7,16.7,24.1,67.8,4.5,9.5,3.1,74.7,87.9,11.2,67.2,2.8,7.5,75.2,19.5,8.0,20.1,21.9,9.8,6.5,12.1,3.4,31.0,9.9,4.9,6.1,33.9,17.0,83.6,13.6,7.0,26.3,8.9,2.0,6.1,36.0,1.8,4.3,3.1,3.85,40
51013103404,VA,Virginia,Arlington,51013,1438,1347,-77.0476975,38.8632307,4.8,18.6,17.9,24.6,70.9,6.5,9.0,3.5,76.6,88.8,9.3,74.7,2.8,5.9,78.9,21.2,7.0,18.7,17.4,5.5,3.5,9.6,4.2,33.3,5.8,4.2,4.1,32.5,12.3,80.4,12.9,6.5,23.8,8.0,1.6,3.6,26.1,1.8,5.8,2.3,4.0775,40
51013101603,VA,Virginia,Arlington,51013,4482,4172,-77.074845,38.8961541,6.2,15.2,18.5,20.9,64.4,4.9,9.2,3.0,73.6,84.8,11.2,70.9,2.9,6.7,75.6,23.4,5.9,19.8,18.1,7.6,5.2,10.6,3.8,29.5,6.9,4.9,5.3,35.0,13.6,80.4,14.7,6.0,23.3,8.0,1.6,4.3,26.1,1.5,3.2,2.6,4.4425,40
51047930202,VA,Virginia,Culpeper,51047,6283,4928,-78.1122668,38.5123826,9.6,32.5,14.3,41.1,79.1,9.4,11.3,8.0,79.4,87.4,16.4,69.0,9.1,16.6,66.9,24.1,14.5,34.9,21.6,14.3,12.6,22.1,8.2,42.2,11.4,9.5,8.0,32.9,28.2,75.2,17.6,17.4,39.9,15.9,4.5,7.5,36.4,4.2,12.1,5.6,5.57,40
51013101503,VA,Virginia,Arlington,51013,1793,1429,-77.1007202,38.8902535,4.4,20.7,17.8,25.5,73.7,8.0,8.9,3.9,77.7,90.0,8.6,74.4,3.0,5.5,79.6,21.2,7.0,18.3,15.9,4.3,2.7,9.1,4.6,35.5,4.5,3.9,3.3,30.9,11.5,78.8,12.0,6.7,22.4,8.0,1.6,2.8,24.5,1.8,2.4,2.1,4.0875,40
51013102803,VA,Virginia,Arlington,51013,2748,2291,-77.1084793,38.8496208,9.4,19.5,15.9,27.3,71.2,5.2,9.4,3.8,76.5,88.4,11.7,68.2,3.5,9.0,72.4,20.4,9.7,22.8,22.2,10.8,7.1,14.2,4.2,34.8,10.6,5.5,6.3,35.1,18.4,79.5,14.5,9.0,27.8,10.2,2.4,6.0,30.3,2.1,5.2,3.5,4.467499999999999,40
51013101406,VA,Virginia,Arlington,51013,3641,3406,-77.1045769,38.883756,4.7,13.0,20.4,18.2,61.5,4.6,8.8,2.4,72.9,85.6,9.7,71.6,2.0,4.8,77.8,23.2,4.6,17.1,16.7,4.9,3.0,7.9,3.4,26.9,5.2,3.9,4.0,34.3,10.7,80.0,14.0,4.4,21.4,6.6,1.1,3.3,24.9,1.2,3.2,1.9,3.6425000000000005,40
51059415900,VA,Virginia,Fairfax,51059,3216,2555,-77.0863636,38.7186601,5.3,26.2,14.1,32.2,79.5,10.2,9.5,5.8,80.2,92.0,9.6,70.5,4.5,7.3,78.1,19.6,10.3,23.2,17.5,6.0,4.0,12.4,6.3,40.5,5.6,5.1,3.9,29.4,17.1,82.8,11.5,10.3,24.2,10.5,2.3,3.6,31.6,2.8,5.4,3.1,4.0175,40
51013101703,VA,Virginia,Arlington,51013,2352,2163,-77.0748886,38.8893216,6.1,16.9,18.4,23.2,68.5,5.7,8.9,3.4,74.9,86.9,10.1,72.6,2.8,6.0,74.2,22.0,6.8,19.4,17.4,6.5,4.2,10.2,4.2,31.5,6.5,4.4,4.7,33.2,13.2,79.8,13.6,6.3,24.1,8.0,1.6,4.0,26.9,1.7,5.6,2.5,4.154999999999999,40
51013103504,VA,Virginia,Arlington,51013,2571,2380,-77.0553661,38.8623832,4.8,11.6,19.9,17.5,57.1,3.4,8.7,1.7,73.1,87.5,9.1,65.5,1.7,5.5,76.3,21.5,4.4,15.0,18.6,5.6,3.4,7.8,2.4,26.5,6.4,3.5,4.2,34.0,10.9,80.2,13.5,3.8,23.1,6.4,1.1,3.9,28.2,1.0,3.3,1.8,3.85,40
51059420501,VA,Virginia,Fairfax,51059,980,888,-77.0699833,38.7889176,5.7,33.3,10.4,39.5,84.6,14.1,9.4,8.2,84.1,93.5,9.0,79.3,5.8,6.3,77.9,17.7,12.9,27.6,16.9,6.1,4.2,14.0,8.8,45.2,5.2,5.8,3.9,28.6,19.3,82.5,10.0,13.6,23.7,11.5,2.7,3.5,29.9,3.8,4.7,3.7,4.0675,40
51059421200,VA,Virginia,Fairfax,51059,2024,1491,-77.1344966,38.748636,4.8,24.6,15.0,30.4,77.9,9.6,9.5,5.3,79.5,91.7,9.5,71.5,4.1,7.1,79.3,19.8,9.3,22.0,17.9,5.6,3.7,11.4,5.8,38.7,5.5,4.9,3.8,30.1,16.0,82.8,11.7,9.3,23.8,9.9,2.1,3.6,32.0,2.6,4.0,2.8,3.9449999999999994,40
51013102400,VA,Virginia,Arlington,51013,3617,2875,-77.0890693,38.8706341,8.0,18.0,18.0,24.8,68.7,5.4,9.3,3.5,74.9,86.9,11.5,69.7,3.4,8.4,73.7,22.0,7.9,21.4,19.9,8.9,6.1,12.5,4.1,32.9,8.5,5.2,5.6,34.3,15.8,79.1,14.5,7.7,26.0,9.3,2.1,5.0,27.9,1.9,5.1,3.0,4.705,40
51013102002,VA,Virginia,Arlington,51013,1243,1079,-77.1048667,38.8788638,7.4,14.0,19.7,20.2,62.6,4.2,9.1,2.6,72.7,84.3,11.5,66.2,2.6,6.8,74.4,22.5,5.8,19.7,19.3,8.1,5.3,10.8,3.4,28.5,7.7,4.8,5.5,35.7,13.5,79.8,14.8,5.8,23.7,7.9,1.7,4.5,26.6,1.4,4.4,2.7,4.4799999999999995,40
51013101405,VA,Virginia,Arlington,51013,2176,2023,-77.1066078,38.8804443,4.5,14.6,19.2,19.6,65.6,5.4,8.7,2.7,74.2,87.1,9.3,70.0,2.1,5.0,77.9,22.2,5.1,17.3,17.3,4.8,2.8,8.0,3.7,28.8,5.0,3.9,3.7,34.1,11.4,80.7,13.4,5.0,20.7,6.7,1.2,3.0,25.7,1.3,3.3,2.0,3.8924999999999996,40
51013101000,VA,Virginia,Arlington,51013,3319,2404,-77.1411664,38.8882158,5.2,23.7,16.4,28.7,74.4,8.2,9.5,4.4,78.8,90.7,9.7,69.7,3.9,7.6,79.7,22.1,8.7,20.8,16.6,6.1,4.3,11.5,4.9,37.7,6.1,4.8,4.2,30.5,14.3,80.7,13.0,8.5,26.1,9.7,2.1,4.0,25.5,2.2,3.2,2.7,4.430000000000001,40
51013103200,VA,Virginia,Arlington,51013,5520,4715,-77.0833651,38.8597977,6.4,16.8,17.5,23.4,68.0,5.2,8.9,3.0,75.6,88.0,9.9,69.1,2.7,6.6,74.8,21.0,7.1,19.0,18.7,7.2,4.8,10.6,3.7,31.7,7.4,4.4,4.9,33.2,14.1,81.1,13.4,6.5,25.0,8.1,1.7,4.5,28.0,1.6,5.1,2.6,4.157500000000001,40
51013102802,VA,Virginia,Arlington,51013,1317,951,-77.103158,38.8465841,5.8,22.3,16.7,27.7,73.9,8.0,9.0,4.2,78.4,91.1,9.1,70.4,3.5,7.0,75.7,20.8,8.2,19.8,16.7,5.8,3.9,11.0,4.8,37.3,5.8,4.4,3.8,30.1,13.8,81.0,12.0,8.0,24.9,9.1,1.9,3.6,26.9,2.1,4.1,2.6,4.495,40
51059421101,VA,Virginia,Fairfax,51059,5912,4439,-77.1731098,38.7514882,6.1,18.8,15.3,26.7,73.0,5.8,9.7,3.5,77.3,90.4,10.1,65.8,3.2,7.8,76.3,19.0,9.0,19.5,21.6,8.2,5.3,11.8,3.6,34.8,8.1,4.7,4.9,32.6,16.6,82.4,12.5,7.7,25.0,9.2,2.0,4.9,35.5,2.0,4.3,2.8,3.9174999999999995,40
51013102001,VA,Virginia,Arlington,51013,2802,2342,-77.1106161,38.8753997,9.9,17.7,16.8,25.0,69.2,5.3,9.1,4.0,74.5,84.4,12.5,66.8,3.6,7.7,58.6,21.8,8.4,24.2,19.5,11.1,7.9,14.2,4.9,32.0,9.6,6.0,6.9,35.3,17.9,76.3,14.7,8.8,25.8,9.6,2.3,5.8,30.8,2.1,11.0,3.9,4.9350000000000005,40
51013100100,VA,Virginia,Arlington,51013,5125,3591,-77.158098,38.8957185,5.0,24.0,16.3,28.8,75.5,8.7,9.2,4.5,79.2,91.0,9.3,69.6,3.9,7.2,79.1,21.3,8.6,20.5,16.4,5.4,3.6,11.2,5.1,38.7,5.2,4.6,3.7,30.3,13.9,79.6,12.2,8.5,24.3,9.5,2.0,3.3,25.0,2.2,5.8,2.6,4.209999999999999,40
51059415600,VA,Virginia,Fairfax,51059,2754,2124,-77.0496127,38.7491985,3.3,27.0,14.4,31.9,80.3,11.7,9.2,5.6,81.6,93.7,7.8,75.5,3.9,5.6,81.8,19.2,9.4,20.0,15.0,3.6,2.2,9.9,5.9,42.1,3.7,4.0,2.8,26.9,13.4,83.3,10.1,8.6,22.8,9.4,1.9,2.5,29.6,2.5,2.3,2.4,3.45,40
51013101704,VA,Virginia,Arlington,51013,1990,1853,-77.0696004,38.8928523,5.8,12.7,17.4,19.6,60.9,3.7,8.6,2.4,73.3,84.5,10.5,68.6,2.3,6.1,75.2,21.2,5.7,18.3,19.6,7.8,5.0,9.9,3.2,28.1,7.1,4.4,5.4,35.6,13.7,79.7,14.1,5.0,22.3,7.3,1.4,4.5,27.4,1.3,4.4,2.5,4.1075,40
51059421300,VA,Virginia,Fairfax,51059,3658,2946,-77.1137802,38.7575006,6.8,22.5,15.0,29.9,76.1,7.6,9.8,4.9,78.0,90.3,10.9,69.8,4.1,8.4,74.6,20.0,10.1,22.7,20.7,8.3,5.5,13.1,5.1,37.2,8.0,5.3,5.1,32.2,18.0,82.2,13.0,9.5,25.8,10.4,2.4,4.9,35.2,2.5,7.4,3.2,4.0175,40
51013101200,VA,Virginia,Arlington,51013,3897,2769,-77.1383001,38.87293,6.7,23.9,15.6,29.6,75.8,8.6,8.9,4.9,78.9,90.7,9.7,69.6,3.9,7.4,77.6,20.1,9.1,22.3,17.7,6.5,4.2,12.1,5.8,38.2,6.4,4.9,4.3,31.1,15.8,79.0,12.3,9.3,24.9,9.8,2.1,3.9,25.9,2.4,4.7,3.0,4.2025,40
51013101407,VA,Virginia,Arlington,51013,3812,3585,-77.1089384,38.8819613,4.9,10.6,21.1,16.2,53.5,3.2,8.8,1.8,71.2,83.8,10.4,69.8,1.8,5.3,77.8,23.6,3.9,16.7,17.5,5.8,3.7,8.1,2.7,24.7,5.9,4.0,4.7,35.2,10.8,80.1,14.7,3.7,22.1,6.4,1.1,3.8,25.5,0.9,2.8,2.0,3.7875,40
51013102903,VA,Virginia,Arlington,51013,1625,1386,-77.0956433,38.8415196,4.9,19.7,18.5,23.2,68.9,6.6,10.0,3.0,76.5,89.8,10.0,73.2,3.1,7.0,79.5,24.5,6.3,18.5,16.6,5.6,3.9,9.7,3.6,32.8,6.3,4.4,4.1,32.0,12.4,81.8,14.2,6.5,25.5,8.5,1.6,4.0,26.7,1.6,2.8,2.2,4.325000000000001,40
51059421400,VA,Virginia,Fairfax,51059,8188,5915,-77.0875449,38.7687048,18.4,19.3,14.0,30.9,70.4,4.0,10.6,4.8,73.6,83.1,18.1,59.5,5.4,14.7,65.7,20.3,12.9,32.0,28.1,25.7,20.5,24.0,4.9,33.6,20.7,9.4,12.7,38.5,30.7,79.8,17.1,13.7,33.4,14.1,4.4,12.7,39.9,3.0,11.0,7.0,5.2925,40
51013102600,VA,Virginia,Arlington,51013,3688,2957,-77.0936975,38.8554206,9.2,18.4,16.3,26.4,69.9,5.1,8.9,3.7,75.8,87.2,11.4,67.0,3.4,8.3,70.5,20.2,9.1,22.2,20.6,10.6,7.2,13.8,4.2,33.8,9.9,5.3,6.3,34.1,17.9,77.9,13.9,8.4,27.3,9.7,2.3,5.8,29.0,2.0,9.7,3.6,4.5775,40
51013101501,VA,Virginia,Arlington,51013,3136,2825,-77.0905137,38.8965348,6.0,12.8,20.3,18.6,60.3,4.0,9.0,2.3,72.6,85.3,10.6,70.6,2.2,5.8,76.9,23.3,5.0,17.8,17.8,6.5,4.2,9.1,3.1,27.0,6.6,4.2,4.8,34.8,12.0,77.9,14.6,4.7,23.3,7.1,1.3,4.0,25.9,1.2,3.6,2.2,4.2925,40
51043010300,VA,Virginia,Clarke,51043,2900,2407,-77.9404684,39.0705762,6.2,29.1,15.4,35.1,78.6,10.0,10.1,6.3,80.1,90.0,12.3,72.1,6.3,11.6,73.1,23.6,11.2,28.2,19.1,7.9,5.8,15.4,6.8,41.2,7.0,6.4,4.9,30.6,20.8,77.5,14.8,12.5,32.1,12.8,2.9,4.4,34.5,3.1,7.5,3.5,4.9625,40
51013101502,VA,Virginia,Arlington,51013,3284,2760,-77.0928398,38.8907435,4.6,14.8,20.2,19.8,64.6,5.1,9.0,2.5,74.1,87.3,9.5,71.7,2.2,5.3,79.1,23.1,5.3,16.8,16.6,4.8,2.9,8.2,3.3,29.4,5.2,3.8,3.9,33.2,10.8,80.2,13.7,4.8,22.5,7.1,1.3,3.2,25.2,1.3,3.0,2.0,3.960000000000001,40
51059421102,VA,Virginia,Fairfax,51059,3514,2749,-77.1557476,38.7541324,6.4,23.4,13.6,31.5,77.5,7.6,9.9,4.9,79.4,90.8,10.6,69.4,4.2,8.1,72.9,18.8,10.9,23.1,21.0,8.9,6.2,13.7,5.1,38.1,8.1,5.6,5.3,32.3,18.9,80.6,12.3,10.3,25.6,10.4,2.5,5.1,35.8,2.7,6.2,3.5,4.032500000000001,40
51013102904,VA,Virginia,Arlington,51013,3125,2664,-77.0903914,38.8395976,7.6,16.6,18.2,23.1,66.0,4.7,9.9,2.9,74.9,86.9,11.8,66.9,3.0,7.8,72.9,23.2,7.0,20.8,19.8,9.1,6.3,11.8,3.5,30.2,9.5,5.2,6.0,35.3,15.0,77.2,15.5,6.9,27.2,8.9,2.0,5.8,29.1,1.7,10.1,2.9,4.65,40
51047930300,VA,Virginia,Culpeper,51047,7819,5475,-77.9632862,38.4895139,15.1,25.9,14.7,36.4,74.6,6.3,11.3,6.0,76.9,84.5,17.9,64.6,7.2,15.9,60.9,23.0,13.6,34.3,24.8,20.5,17.2,23.5,6.3,37.1,16.9,9.8,10.7,35.9,30.2,73.8,18.6,15.8,41.4,15.1,4.5,10.4,39.7,3.6,16.0,6.3,5.7975,40
51013103300,VA,Virginia,Arlington,51013,2492,2035,-77.0730769,38.8627679,7.0,15.3,17.1,23.5,66.4,3.9,9.4,2.8,74.9,86.4,11.3,67.6,2.7,7.7,73.6,20.8,7.3,20.3,21.9,9.6,6.6,11.8,3.2,29.7,9.5,5.1,6.1,36.4,15.6,80.6,14.8,6.9,25.8,8.4,2.0,5.7,30.1,1.7,5.8,3.0,4.3325000000000005,40
51059420300,VA,Virginia,Fairfax,51059,6184,4720,-77.1007551,38.7971322,7.1,21.2,15.5,28.3,74.7,7.2,9.4,4.5,77.2,90.1,10.6,67.5,3.8,8.1,76.7,19.5,9.6,21.9,20.1,8.1,5.2,12.9,4.9,36.7,7.7,5.1,4.9,31.6,17.8,81.5,12.5,9.0,25.2,10.1,2.3,4.7,34.1,2.3,6.2,3.2,3.7900000000000005,40
51013100700,VA,Virginia,Arlington,51013,5827,4494,-77.120587,38.8906898,6.5,21.1,17.1,26.7,72.3,7.0,9.3,4.0,76.9,88.7,10.7,70.1,3.7,8.1,76.5,22.0,8.2,21.6,18.6,7.2,4.9,11.9,4.7,35.4,7.0,5.1,4.7,32.9,15.4,79.3,13.9,8.3,25.2,9.5,2.0,4.2,26.6,2.1,3.3,2.9,4.299999999999999,40
51059420202,VA,Virginia,Fairfax,51059,1943,1686,-77.1414206,38.7925317,5.6,15.4,17.3,23.4,67.6,4.4,10.1,2.6,75.4,88.8,10.5,65.0,2.5,7.0,74.8,20.4,7.0,18.3,21.5,8.2,5.6,10.4,2.9,29.5,8.8,4.6,5.3,34.2,14.8,84.1,13.7,6.2,26.1,8.1,1.8,5.6,37.3,1.6,3.3,2.6,3.8199999999999994,40
51013102003,VA,Virginia,Arlington,51013,4820,3941,-77.1066295,38.8720429,12.3,20.8,15.6,29.0,72.2,5.9,9.3,4.8,75.8,85.5,13.3,66.6,4.4,9.3,62.1,21.2,10.6,27.2,20.7,13.8,10.4,17.1,5.5,34.6,12.0,6.9,7.9,35.1,21.2,75.2,14.9,11.3,28.9,11.2,3.0,7.3,31.2,2.6,12.0,4.8,5.075,40
51013103100,VA,Virginia,Arlington,51013,6207,4890,-77.0829912,38.8511188,8.2,17.4,16.5,26.5,70.1,4.3,9.6,3.1,76.4,87.8,11.2,68.3,2.9,7.7,73.3,20.2,8.7,21.4,21.4,10.4,7.3,12.9,3.4,31.4,10.4,5.3,6.4,35.4,16.7,80.8,14.4,8.1,28.4,9.0,2.2,6.3,30.1,2.0,6.0,3.4,4.235,40
51043010101,VA,Virginia,Clarke,51043,4595,3582,-77.985989,39.1493529,8.0,31.2,13.9,38.2,80.0,10.0,10.5,7.4,80.4,88.6,14.3,67.9,7.6,13.2,66.0,23.8,13.1,33.4,20.5,11.3,9.2,19.1,8.0,41.2,9.1,8.3,6.5,32.4,25.6,74.8,16.0,16.1,33.9,14.4,3.7,6.0,35.9,3.9,17.0,4.9,5.715000000000001,40
51013102701,VA,Virginia,Arlington,51013,3579,2741,-77.1020908,38.8558721,17.4,20.6,13.9,32.8,70.4,3.9,10.1,4.9,74.9,83.5,17.2,59.4,5.4,15.4,60.9,20.3,13.6,32.0,28.1,24.9,20.1,24.3,5.1,35.3,20.5,9.1,12.4,39.0,29.1,76.1,17.5,14.3,34.4,14.1,4.6,12.6,34.9,3.1,12.2,6.9,5.6775,40
51013103602,VA,Virginia,Arlington,51013,1241,1139,-77.0537786,38.854059,6.1,10.5,18.7,17.3,54.6,2.8,8.6,1.9,71.6,82.5,11.2,62.8,2.0,6.2,71.3,21.9,4.6,18.2,19.9,8.0,5.1,9.7,2.8,25.1,7.3,4.5,5.7,36.8,13.1,77.7,14.9,4.3,22.3,7.0,1.4,4.6,28.2,1.1,4.6,2.5,4.36,40
51013103405,VA,Virginia,Arlington,51013,3874,3565,-77.0509711,38.8557771,4.7,15.6,17.7,21.4,67.1,5.3,8.7,2.7,75.6,88.1,8.9,72.5,2.3,5.2,76.3,20.4,5.9,16.9,18.2,5.4,3.2,8.6,3.4,30.4,5.7,3.8,4.0,33.7,11.6,80.7,12.7,5.3,22.3,7.1,1.4,3.5,26.7,1.4,2.8,2.1,3.7924999999999995,40
51013103700,VA,Virginia,Arlington,51013,2626,2049,-77.0628271,38.8499615,4.3,25.4,15.7,30.9,77.5,9.8,8.8,5.0,80.4,92.1,8.3,74.2,3.7,6.2,80.7,20.2,9.0,20.4,15.5,4.5,2.9,10.4,5.7,40.0,4.6,4.2,3.3,28.7,13.3,79.9,11.3,8.5,24.5,9.1,1.9,3.0,24.1,2.3,4.3,2.5,4.092500000000001,40
51013102804,VA,Virginia,Arlington,51013,5339,4058,-77.1132806,38.8524166,10.9,17.9,15.5,26.5,69.0,4.5,9.3,3.6,75.6,86.6,12.4,65.3,3.5,9.0,69.2,20.0,9.4,23.5,22.2,13.2,9.4,15.4,4.1,33.1,12.0,5.9,7.4,35.6,19.5,76.1,14.5,9.1,28.3,10.1,2.6,7.1,30.8,2.1,6.8,4.1,4.795,40
51013101705,VA,Virginia,Arlington,51013,4175,3660,-77.0755724,38.8927606,5.3,15.5,18.3,21.6,66.1,5.0,8.9,2.9,74.7,87.0,9.8,69.9,2.5,5.9,74.0,21.9,6.2,18.2,17.8,6.2,4.0,9.5,3.6,30.3,6.3,4.2,4.5,33.5,12.7,80.4,13.6,5.7,23.3,7.5,1.5,4.0,28.0,1.5,8.7,2.3,4.0024999999999995,40
51013102702,VA,Virginia,Arlington,51013,1912,1528,-77.0982611,38.8510432,8.6,15.6,18.0,22.5,64.8,4.3,9.1,2.7,74.4,87.7,11.1,64.3,2.6,8.1,73.3,21.1,7.1,19.8,20.7,9.3,6.0,12.0,3.3,31.0,9.5,4.8,5.6,34.5,15.9,78.3,14.3,6.7,26.8,8.8,1.9,5.4,29.2,1.5,7.1,2.9,4.555000000000001,40
51013101408,VA,Virginia,Arlington,51013,788,764,-77.1100679,38.8788633,5.0,8.8,23.9,13.6,47.2,2.8,8.7,1.4,69.4,84.4,10.0,69.0,1.5,5.0,76.7,23.7,2.9,15.0,17.9,4.8,2.7,6.9,2.3,22.6,5.5,3.5,4.0,35.8,9.2,77.2,14.7,2.8,21.2,5.8,0.9,3.2,26.1,0.7,2.7,1.6,4.215,40
51013102302,VA,Virginia,Arlington,51013,4668,3569,-77.1030117,38.8616135,10.0,18.4,16.9,25.2,68.7,5.3,9.5,3.5,75.4,87.1,12.1,65.5,3.5,8.5,71.6,21.4,8.3,22.6,20.4,10.8,7.4,14.0,4.2,33.2,10.2,5.6,6.4,34.7,17.2,76.8,14.5,8.4,27.1,9.9,2.4,5.8,28.4,1.9,5.7,3.5,4.842499999999999,40
51059415500,VA,Virginia,Fairfax,51059,6306,4597,-77.0703824,38.7407429,6.2,27.4,12.9,35.1,80.1,9.5,10.1,6.3,80.8,91.5,10.9,68.6,5.3,8.7,74.0,19.6,12.0,25.9,19.5,8.9,6.7,15.0,6.4,40.4,7.8,6.3,5.3,31.0,20.2,81.9,12.4,12.4,26.7,11.6,2.9,5.2,34.1,3.3,6.4,4.0,4.032500000000001,40
51013102100,VA,Virginia,Arlington,51013,2325,1905,-77.1247567,38.8635511,7.6,29.2,12.2,37.3,81.5,9.5,8.7,7.1,81.6,91.0,10.3,69.5,5.6,8.6,72.6,18.6,13.8,27.6,18.9,8.7,6.2,16.2,7.8,44.0,6.8,6.2,5.0,31.2,21.3,80.0,11.8,13.7,24.9,11.7,3.0,4.3,26.5,3.6,6.2,4.4,4.735000000000001,40
51059415200,VA,Virginia,Fairfax,51059,3218,2731,-77.0516104,38.776663,4.8,24.7,15.2,29.6,76.8,9.2,10.2,4.9,79.1,91.5,10.0,72.0,4.3,7.4,78.5,21.8,9.2,21.7,17.0,6.1,4.4,11.7,5.2,38.2,6.1,5.1,4.2,29.8,15.7,83.1,12.6,9.2,25.5,10.2,2.2,4.1,32.3,2.4,4.5,2.9,4.015000000000001,40
51059420400,VA,Virginia,Fairfax,51059,3835,3440,-77.068124,38.7952432,6.7,13.0,18.8,20.4,62.0,3.8,9.6,2.4,72.7,86.5,11.3,66.5,2.3,7.1,77.8,20.9,6.0,18.5,21.4,8.6,5.8,10.4,2.9,27.6,9.0,4.6,5.7,34.7,14.6,83.7,14.2,5.3,25.0,7.9,1.6,5.5,34.7,1.4,2.8,2.5,3.854999999999999,40
51047930103,VA,Virginia,Culpeper,51047,5342,4231,-77.9826291,38.6331974,6.9,30.1,15.6,37.2,78.5,9.8,10.6,6.7,79.7,89.1,13.4,69.4,6.8,12.5,68.6,23.4,11.9,29.3,19.1,9.1,7.1,16.8,7.2,41.2,8.0,7.2,5.6,30.9,22.3,73.3,15.8,13.4,36.3,13.4,3.2,5.1,35.7,3.3,12.6,4.0,5.342499999999999,40
51013103601,VA,Virginia,Arlington,51013,2612,2042,-77.0595087,38.8536932,4.5,19.2,18.1,24.5,71.2,7.0,8.9,3.5,77.0,90.0,8.7,70.7,2.8,5.7,79.0,21.5,6.9,17.7,16.0,4.5,2.8,9.1,4.2,34.4,4.9,3.8,3.5,30.6,11.7,80.9,12.4,6.2,23.6,7.9,1.5,3.1,25.5,1.7,2.6,2.1,3.9425,40
51059415800,VA,Virginia,Fairfax,51059,5047,3595,-77.066409,38.723418,4.4,25.2,15.5,30.2,77.6,9.9,9.8,5.2,79.5,91.9,9.6,69.3,4.3,7.4,80.3,20.7,9.2,21.7,16.9,5.3,3.5,11.5,5.7,39.4,5.1,4.9,3.7,29.2,15.3,82.8,11.9,9.2,24.1,10.2,2.2,3.4,31.3,2.5,4.4,2.7,4.2675,40
51013102200,VA,Virginia,Arlington,51013,7880,5727,-77.1182708,38.8577759,18.1,20.7,13.9,31.2,71.9,4.3,9.7,4.8,75.3,84.3,16.1,59.9,5.0,12.8,62.3,20.2,13.4,30.9,25.2,22.3,17.1,23.0,5.2,35.8,18.3,8.5,11.2,37.6,28.1,74.6,16.3,13.8,32.8,13.6,4.2,10.8,32.7,2.9,12.9,6.7,5.6125,40
51013100600,VA,Virginia,Arlington,51013,3285,2586,-77.1086306,38.8935957,5.3,21.9,16.9,27.4,74.8,7.8,9.1,4.3,78.0,89.6,9.6,71.0,3.4,6.3,77.3,21.5,8.2,20.8,16.7,5.6,3.6,10.8,5.0,36.1,5.5,4.6,4.0,31.6,13.7,79.1,12.7,8.1,23.9,8.9,1.9,3.4,25.3,2.1,4.8,2.7,4.2875,40
51013101803,VA,Virginia,Arlington,51013,4722,3950,-77.0886623,38.8789158,6.4,14.4,19.9,20.3,62.4,4.4,9.2,2.6,72.9,85.1,11.2,68.8,2.6,6.8,73.2,23.5,5.7,19.2,18.3,7.3,4.9,10.2,3.4,28.7,7.2,4.7,5.2,34.8,13.1,78.9,15.0,5.5,24.3,7.9,1.6,4.4,27.6,1.4,5.6,2.5,4.484999999999999,40
51013101402,VA,Virginia,Arlington,51013,2878,2605,-77.1124038,38.8857788,4.5,14.2,20.9,19.3,63.3,5.0,8.8,2.5,73.3,86.3,9.5,71.4,2.2,5.0,75.5,22.9,5.0,16.9,16.4,4.7,2.9,8.1,3.4,28.5,5.0,3.8,3.9,33.4,10.5,78.4,13.6,4.7,22.1,6.8,1.2,3.2,26.1,1.2,5.7,1.9,4.055000000000001,40
51013103503,VA,Virginia,Arlington,51013,5102,4734,-77.0534309,38.860739,5.3,13.0,18.5,19.3,60.5,3.8,8.9,2.2,73.5,85.8,10.1,69.3,2.2,6.0,76.4,22.0,5.3,17.4,19.0,6.8,4.4,9.2,2.9,27.5,7.0,4.2,5.0,35.0,12.4,79.1,14.2,4.8,23.4,7.2,1.4,4.4,27.2,1.2,3.2,2.3,3.974999999999999,40
51013101100,VA,Virginia,Arlington,51013,5948,4484,-77.1525714,38.8853426,4.3,21.0,17.3,26.0,73.0,7.6,8.9,3.7,78.0,90.5,8.7,72.4,3.1,6.3,79.9,21.2,7.4,18.4,16.3,4.7,3.0,9.6,4.3,36.1,4.9,4.0,3.5,30.5,12.5,81.0,12.2,6.9,23.6,8.3,1.6,3.1,25.5,1.8,3.3,2.2,3.9425,40
51013101401,VA,Virginia,Arlington,51013,1938,1750,-77.1181079,38.8817173,5.5,9.4,21.3,14.5,50.4,2.6,9.4,1.5,71.0,82.6,11.7,65.1,1.7,5.6,74.6,24.4,3.6,17.5,19.3,6.7,4.1,8.3,2.4,22.7,6.8,4.4,5.2,38.4,11.3,79.7,16.3,3.6,21.2,6.5,1.1,4.0,27.1,0.8,3.8,2.0,4.0825000000000005,40
51047930400,VA,Virginia,Culpeper,51047,5143,3920,-77.8361379,38.4456315,11.0,30.8,14.6,39.9,77.7,8.4,11.4,7.6,78.4,86.0,17.4,65.2,9.0,17.2,62.8,24.4,14.5,35.5,22.2,16.7,15.0,23.2,7.9,40.7,13.1,10.1,9.1,33.6,29.4,73.2,18.3,17.6,40.9,16.1,4.8,8.7,37.8,4.1,12.7,6.1,5.5200000000000005,40
51059421001,VA,Virginia,Fairfax,51059,2855,2215,-77.1573266,38.7708647,7.4,20.4,14.1,28.6,75.0,6.3,9.5,4.3,77.7,90.1,10.7,68.4,3.7,8.1,74.0,18.4,10.2,21.9,22.6,9.4,6.0,13.3,4.4,36.5,8.8,5.2,5.5,33.3,18.8,82.0,12.6,9.2,24.9,10.1,2.4,5.2,36.0,2.4,5.1,3.3,3.7825,40
51047930101,VA,Virginia,Culpeper,51047,4385,3455,-78.0122937,38.5398536,9.4,28.7,15.7,36.7,77.1,8.5,10.9,6.5,78.3,87.4,15.1,68.2,7.1,14.0,66.8,23.4,12.3,31.1,21.7,12.0,9.3,18.9,6.8,39.9,10.3,8.0,6.9,33.2,24.8,72.8,16.9,14.3,37.5,14.1,3.6,6.3,36.7,3.4,10.9,4.6,5.465,40
51013103403,VA,Virginia,Arlington,51013,1328,1247,-77.0523089,38.8447159,5.4,15.0,19.0,21.7,64.5,4.6,9.2,2.4,75.2,88.7,9.4,69.1,2.2,6.1,74.6,21.3,5.9,16.9,18.7,6.3,4.1,9.1,3.0,29.6,7.3,3.9,4.5,33.4,12.1,80.5,13.5,5.2,25.5,7.3,1.5,4.5,29.5,1.4,3.3,2.1,4.08,40
51047930502,VA,Virginia,Culpeper,51047,6267,4572,-77.9641375,38.4211213,11.5,26.1,15.1,35.2,75.8,7.6,10.8,5.9,78.1,86.5,15.3,68.1,6.3,12.5,65.8,22.4,12.0,31.2,22.3,14.6,11.6,19.1,6.5,37.0,12.7,8.3,8.2,34.2,25.8,73.7,16.9,13.9,38.1,13.3,3.6,7.8,37.5,3.3,11.5,5.0,5.392500000000001,40
51013103000,VA,Virginia,Arlington,51013,3390,2684,-77.0893538,38.8336744,4.3,21.0,18.1,24.7,71.7,7.9,9.3,3.4,77.8,91.2,8.5,75.3,2.9,5.9,79.6,22.7,6.6,17.4,15.1,4.2,2.9,8.9,4.0,35.0,4.9,3.8,3.3,29.7,11.3,82.2,12.4,6.4,24.4,8.1,1.5,3.1,25.4,1.7,2.2,2.0,4.1,40
51013103505,VA,Virginia,Arlington,51013,3813,3574,-77.0598298,38.8613937,8.2,19.9,15.7,27.8,71.5,5.7,9.6,4.4,75.8,85.4,12.6,70.7,4.2,9.0,69.1,22.0,9.1,25.0,20.6,11.4,8.9,14.7,5.0,33.1,9.6,6.5,6.9,35.6,18.7,79.9,15.1,9.8,26.5,10.0,2.6,6.1,29.1,2.5,10.5,4.0,4.7875000000000005,40
51059421002,VA,Virginia,Fairfax,51059,5348,4203,-77.1802056,38.7572597,12.1,21.2,13.2,31.3,73.6,5.4,10.2,5.3,75.8,85.4,15.3,61.9,5.6,12.7,67.3,20.1,12.6,29.2,25.8,18.6,14.4,20.2,5.5,36.2,14.5,8.2,9.5,36.6,26.8,80.4,15.6,12.9,28.6,13.0,3.7,9.1,38.0,3.0,10.7,5.6,4.765000000000001,40
51013102500,VA,Virginia,Arlington,51013,5291,4415,-77.0800458,38.8661713,6.9,16.3,17.9,23.3,67.1,4.9,9.0,3.0,75.2,87.7,10.3,69.6,2.6,6.8,75.2,21.2,7.1,19.2,19.0,7.7,5.1,10.8,3.6,31.2,8.0,4.5,5.1,33.7,14.3,80.0,13.8,6.4,25.8,8.2,1.7,4.8,27.7,1.6,3.8,2.7,4.195,40
51059420600,VA,Virginia,Fairfax,51059,4911,3786,-77.0806525,38.788465,11.6,18.2,16.0,26.8,69.8,5.0,10.0,4.1,74.2,86.3,13.9,63.4,4.1,10.6,68.1,20.7,9.7,25.0,23.3,14.1,10.2,16.5,4.4,33.1,12.5,6.6,7.7,35.1,21.6,79.8,14.9,9.7,28.3,11.1,2.8,7.4,37.4,2.3,6.8,4.3,4.272499999999999,40
51013101409,VA,Virginia,Arlington,51013,2120,1994,-77.1128394,38.8811748,5.1,20.0,16.6,24.9,73.7,8.1,8.8,4.4,76.7,87.7,9.8,73.5,3.2,5.3,75.4,21.7,6.7,22.0,16.8,5.3,3.4,9.9,5.8,32.8,5.0,4.9,4.0,33.6,13.8,80.6,13.1,7.9,20.6,8.1,1.6,3.1,25.1,2.1,6.3,2.6,4.317500000000001,40
51013103501,VA,Virginia,Arlington,51013,3535,3377,-77.0656784,38.8627351,5.5,14.7,17.5,20.7,65.4,5.0,8.6,2.9,74.5,86.4,9.5,72.8,2.3,5.1,75.4,20.8,5.8,18.0,18.2,6.2,3.8,9.2,3.6,29.4,6.1,4.1,4.6,34.3,12.5,80.4,13.1,5.4,22.0,7.1,1.4,3.8,26.8,1.4,3.4,2.3,3.9025,40
51013100200,VA,Virginia,Arlington,51013,6660,4574,-77.1421557,38.9038595,4.7,25.1,16.1,29.8,76.2,9.3,9.4,4.8,79.7,91.5,9.3,69.2,4.1,7.4,79.9,21.5,8.8,21.1,16.4,5.2,3.5,11.2,5.4,39.4,5.2,4.7,3.7,30.1,14.0,77.2,12.4,8.8,24.7,9.7,2.1,3.3,25.2,2.3,4.4,2.6,4.540000000000001,40
51013101900,VA,Virginia,Arlington,51013,3183,2629,-77.0979879,38.8779202,4.0,19.2,18.5,24.0,71.6,7.2,9.0,3.5,76.8,89.0,8.8,72.9,2.8,5.3,81.4,22.2,6.5,17.8,15.6,4.2,2.6,8.6,4.2,33.6,4.5,3.8,3.5,31.3,11.1,81.2,12.7,6.0,22.8,7.6,1.4,2.9,23.8,1.7,4.6,2.0,3.7525,40
51047930104,VA,Virginia,Culpeper,51047,3207,2497,-77.9218097,38.5889117,7.3,28.0,16.0,35.7,77.9,9.1,10.4,5.9,79.4,89.5,12.7,71.8,5.8,11.3,73.5,22.1,11.2,27.4,20.3,8.7,6.2,15.4,6.2,39.8,8.2,6.5,5.3,31.6,21.3,76.5,15.3,12.1,35.7,12.3,2.8,4.9,34.2,3.1,7.0,3.6,5.007499999999999,40
51059416000,VA,Virginia,Fairfax,51059,5569,4232,-77.1052972,38.7234341,9.9,24.1,13.5,33.5,76.8,7.0,10.3,5.6,78.3,89.1,13.1,65.2,5.3,10.7,68.2,19.6,12.6,27.3,22.9,13.8,10.4,17.8,5.6,37.9,12.0,7.1,7.5,33.7,23.3,79.8,14.0,12.6,29.7,12.4,3.5,7.6,38.6,3.1,10.6,4.8,4.5200000000000005,40
51013103401,VA,Virginia,Arlington,51013,923,880,-77.0791393,38.877879,10.5,7.8,28.7,15.4,37.2,1.9,8.3,1.5,62.9,73.5,16.0,62.7,2.2,10.0,66.0,22.6,2.9,22.5,26.8,9.6,5.5,10.7,2.9,20.5,10.0,5.2,7.3,42.5,13.7,73.8,19.1,3.5,25.1,7.6,1.3,5.3,31.7,0.8,,2.4,5.148717948717949,39
51059420700,VA,Virginia,Fairfax,51059,4241,3246,-77.1052402,38.7857532,7.9,23.2,14.5,30.4,76.6,7.9,9.6,5.2,77.9,90.0,11.3,70.3,4.5,8.9,76.4,19.4,10.7,24.0,21.3,9.1,5.9,14.3,5.5,38.4,8.2,5.6,5.3,32.5,19.6,79.7,12.8,10.4,25.4,11.0,2.6,4.8,33.6,2.7,7.4,3.6,4.182499999999999,40
51059420502,VA,Virginia,Fairfax,51059,2516,2241,-77.0694402,38.7911821,8.1,24.2,14.5,31.8,76.4,8.4,10.0,5.9,77.7,88.6,12.2,71.6,5.1,9.0,71.4,20.8,10.9,26.4,19.8,10.4,8.1,15.4,6.4,37.3,9.3,6.5,6.3,32.1,20.3,81.4,13.5,11.5,27.3,11.4,2.9,6.1,34.9,3.0,11.3,4.1,4.4,40
51013102901,VA,Virginia,Arlington,51013,2904,2533,-77.0993186,38.8391008,4.4,18.9,18.5,22.9,68.7,6.4,9.6,2.8,76.8,90.4,9.0,70.6,2.7,6.1,79.2,23.6,6.2,17.1,15.6,4.8,3.3,8.9,3.4,32.7,5.6,4.0,3.7,30.7,11.6,80.0,13.3,5.9,25.3,7.9,1.5,3.7,26.0,1.5,2.8,2.1,4.0375,40
51059416300,VA,Virginia,Fairfax,51059,2025,1574,-77.1567574,38.6432916,5.9,27.6,14.3,33.6,79.3,10.4,9.9,6.3,79.7,91.2,11.0,71.3,5.4,9.2,76.1,20.4,10.9,25.4,19.2,7.1,4.9,14.0,6.7,41.3,6.4,5.8,4.5,30.7,18.9,80.6,12.6,11.4,25.3,11.7,2.6,4.0,33.1,3.0,7.0,3.4,4.3,40
51043010200,VA,Virginia,Clarke,51043,3118,2549,-78.0625801,39.0765553,6.9,30.5,14.4,37.0,80.0,10.4,10.3,6.9,81.0,90.1,12.5,73.1,6.7,11.2,72.5,23.2,12.2,30.0,19.1,8.7,6.5,16.5,7.4,41.6,7.5,6.9,5.3,30.9,21.9,79.2,14.7,13.9,32.5,13.1,3.2,4.8,34.3,3.5,9.0,4.0,5.03,40
51013100900,VA,Virginia,Arlington,51013,4406,3228,-77.1323332,38.8867432,6.0,23.5,16.1,29.3,74.7,8.0,9.3,4.6,78.5,90.2,10.0,70.1,4.1,8.0,76.0,21.5,9.0,21.6,17.5,6.8,4.8,12.3,5.2,37.9,6.5,5.0,4.5,31.1,15.2,80.5,12.9,9.0,25.8,9.9,2.2,4.1,26.5,2.3,4.5,2.9,4.5775,40
51013101300,VA,Virginia,Arlington,51013,6940,5351,-77.1228324,38.8738117,4.6,19.1,18.4,24.4,70.9,6.8,8.8,3.5,76.7,89.2,9.0,69.4,2.8,5.7,79.2,21.6,7.0,18.2,16.0,4.7,2.9,9.3,4.2,34.0,5.0,4.0,3.7,31.0,12.0,78.9,12.6,6.4,23.6,8.0,1.6,3.3,25.2,1.7,4.3,2.2,3.8050000000000006,40
51013103800,VA,Virginia,Arlington,51013,4964,4085,-77.0720389,38.8464071,6.8,14.2,18.5,21.2,61.7,3.7,9.9,2.4,73.8,84.9,12.2,67.1,2.6,7.5,71.7,23.9,6.1,20.4,19.5,9.5,7.2,11.3,3.1,27.5,9.5,5.3,6.5,36.1,14.7,78.9,16.1,6.0,26.8,8.3,1.8,6.2,29.5,1.4,5.7,2.9,4.42,40
51013100400,VA,Virginia,Arlington,51013,3780,2775,-77.1060829,38.9115768,3.9,26.6,15.0,31.5,78.8,10.6,8.9,5.2,81.4,92.7,7.9,74.7,3.8,5.6,81.8,20.1,9.1,20.2,14.6,3.9,2.5,10.2,5.9,41.2,4.0,4.1,3.0,28.1,12.8,81.3,10.8,8.6,23.7,9.1,1.9,2.7,23.3,2.4,5.0,2.5,4.1775,40
51059421103,VA,Virginia,Fairfax,51059,5913,4550,-77.1678766,38.7395362,6.3,22.9,14.1,30.4,76.6,7.4,10.0,4.7,78.8,90.7,10.8,69.7,4.3,8.6,76.1,19.5,10.5,22.4,21.3,8.7,5.8,13.5,4.7,38.2,8.0,5.4,5.2,32.4,18.3,82.5,12.7,9.8,25.4,10.6,2.5,4.9,35.0,2.5,6.6,3.3,3.7875,40
51013100500,VA,Virginia,Arlington,51013,5029,3735,-77.1138532,38.9017722,4.6,22.0,17.0,27.0,73.7,8.0,9.3,4.2,78.1,89.5,9.6,71.0,3.6,6.7,80.6,22.1,7.8,20.2,16.2,5.4,3.6,10.5,4.8,36.2,5.3,4.6,4.0,31.2,13.2,76.7,13.0,7.7,24.2,9.0,1.9,3.4,24.4,2.0,7.1,2.5,4.3425,40
51059415401,VA,Virginia,Fairfax,51059,5352,3961,-77.0779752,38.7569882,17.3,22.1,12.9,34.0,71.9,4.7,11.5,5.9,74.9,82.3,19.7,59.5,7.0,16.5,56.2,21.9,14.3,35.3,27.6,28.8,25.8,26.6,5.7,34.8,22.3,11.3,14.7,38.7,32.5,77.0,18.5,16.1,35.1,15.5,5.4,15.0,43.0,3.6,13.7,8.1,5.4625,40
51013100800,VA,Virginia,Arlington,51013,1596,1185,-77.1281268,38.894648,7.8,21.0,15.6,30.2,74.8,5.7,9.5,4.3,77.9,88.4,11.1,68.8,3.6,8.1,73.3,19.8,10.4,23.2,20.7,9.9,7.0,14.0,4.5,35.2,9.2,5.6,6.0,34.2,17.7,80.8,13.7,9.8,27.8,9.8,2.6,5.6,28.9,2.5,8.2,3.7,4.535,40
51043010102,VA,Virginia,Clarke,51043,4170,3355,-77.9811063,39.1717811,6.3,30.2,14.8,36.1,79.6,10.6,10.2,6.8,80.6,89.9,12.5,76.0,6.6,11.2,74.2,23.6,11.6,29.6,18.7,8.0,6.0,15.9,7.4,41.5,6.9,6.8,5.1,30.7,21.1,82.5,14.8,13.4,31.7,13.0,3.1,4.5,34.5,3.3,10.2,3.8,5.4975000000000005,40
51013101804,VA,Virginia,Arlington,51013,2215,1806,-77.0879512,38.8866986,10.2,15.5,17.7,22.7,63.0,4.0,9.6,3.1,72.8,82.9,14.0,64.4,3.5,9.6,68.4,23.7,7.4,23.9,20.5,13.0,10.0,14.7,3.9,29.7,11.2,6.5,7.7,36.4,18.4,78.4,16.5,7.8,27.3,9.8,2.3,6.9,29.1,1.7,12.2,3.9,5.2175,40
51059415402,VA,Virginia,Fairfax,51059,2801,2237,-77.0661035,38.7504589,5.7,27.3,12.9,34.8,80.8,10.1,9.6,6.2,81.2,92.4,9.6,72.2,4.8,7.5,77.0,18.7,11.8,24.1,18.3,7.1,4.9,13.6,6.4,41.5,6.3,5.4,4.4,29.5,18.4,82.8,11.2,11.3,25.3,10.8,2.6,4.2,33.0,3.1,5.4,3.5,3.7625,40
51059421500,VA,Virginia,Fairfax,51059,7103,4866,-77.0874676,38.7507061,21.5,21.5,12.7,33.5,73.0,4.3,10.7,5.7,74.5,83.4,19.1,50.6,6.3,15.6,52.4,20.0,15.4,35.0,28.3,29.8,24.3,27.7,5.6,35.9,23.2,10.5,14.2,38.4,34.8,74.6,17.2,16.5,35.0,15.8,5.4,14.4,43.4,3.5,16.2,8.5,5.675,40
51059440300,VA,Virginia,Fairfax,51059,2765,2139,-77.2273479,38.8444043,4.5,25.2,13.5,31.5,79.6,10.0,9.0,5.6,80.5,92.2,8.7,73.4,4.1,6.5,80.1,18.6,10.2,21.5,17.6,5.3,3.3,11.4,6.0,40.9,4.9,4.6,3.6,29.2,16.1,81.2,10.7,9.4,22.3,9.8,2.1,3.1,31.0,2.6,3.3,2.8,3.785,40
51059491405,VA,Virginia,Fairfax,51059,2761,2040,-77.4270519,38.8098819,4.2,22.6,14.9,28.7,77.1,8.5,9.1,4.6,79.2,91.7,8.8,70.0,3.7,6.6,79.6,19.0,9.3,19.2,18.2,5.2,3.1,10.6,4.7,39.4,4.9,4.2,3.5,29.8,14.8,82.2,11.1,7.9,22.4,9.2,1.9,3.1,31.6,2.2,3.4,2.5,3.8500000000000005,40
51059430101,VA,Virginia,Fairfax,51059,4718,3655,-77.3165912,38.8096896,4.5,24.0,14.4,30.0,78.5,9.4,9.1,5.1,79.7,91.7,8.8,71.4,3.9,6.3,80.1,18.7,9.7,20.6,17.6,5.2,3.1,11.0,5.5,39.9,4.9,4.4,3.6,29.5,15.3,83.2,10.9,8.7,22.4,9.5,2.0,3.1,31.0,2.4,2.8,2.7,3.5724999999999993,40
51059430500,VA,Virginia,Fairfax,51059,1716,1330,-77.2064204,38.7961973,8.4,23.1,13.2,31.1,77.6,7.5,9.0,5.5,78.0,89.7,11.2,68.8,4.7,9.2,73.7,18.1,11.9,24.5,22.8,10.1,6.3,15.3,5.7,40.2,8.2,5.7,5.5,32.9,21.5,80.4,12.3,11.0,23.7,11.3,2.7,4.7,35.0,2.8,7.1,3.8,4.222500000000001,40
51059421600,VA,Virginia,Fairfax,51059,6409,4522,-77.0986647,38.7393673,17.9,20.2,13.2,32.2,72.7,4.1,10.9,4.8,75.4,85.3,17.1,60.8,5.1,13.1,59.4,19.2,13.9,31.4,28.5,24.7,18.9,23.8,4.5,34.6,20.8,9.0,12.2,38.6,29.9,78.7,16.4,14.2,33.9,14.0,4.6,12.4,42.6,3.1,14.7,6.8,5.325,40
51059471201,VA,Virginia,Fairfax,51059,3050,2503,-77.2151023,38.9175553,4.7,17.9,14.0,24.5,73.5,6.7,8.2,3.7,76.9,89.8,8.4,70.8,2.7,5.4,77.4,17.1,7.9,18.2,20.2,6.0,3.3,9.7,4.3,34.6,5.5,3.9,3.9,31.9,15.2,82.7,10.8,6.8,19.9,7.9,1.6,3.3,32.8,1.9,3.2,2.4,3.4800000000000004,40
51059480204,VA,Virginia,Fairfax,51059,3823,3360,-77.2230232,38.9299115,5.0,12.3,17.2,19.0,63.3,4.1,8.3,2.4,72.9,87.2,9.1,65.9,2.0,5.5,75.2,18.7,5.7,16.0,20.7,6.2,3.5,8.6,3.0,29.0,6.0,3.7,4.2,33.6,13.4,81.6,12.1,4.6,19.9,6.9,1.2,3.6,34.0,1.2,4.1,2.1,3.5700000000000003,40
51059480302,VA,Virginia,Fairfax,51059,4621,3677,-77.2439024,38.9539886,4.8,22.5,13.6,29.4,78.6,8.7,8.8,5.1,79.4,91.0,8.9,71.0,3.8,6.3,79.3,17.7,9.9,20.6,19.2,5.9,3.4,11.4,5.4,40.0,4.9,4.5,3.7,30.8,16.0,77.9,10.6,8.7,20.4,9.3,2.0,3.0,31.1,2.4,7.2,2.8,3.9550000000000005,40
51059482301,VA,Virginia,Fairfax,51059,5387,4523,-77.3429557,38.9425862,4.9,21.7,15.9,27.6,75.4,8.4,9.3,4.5,77.9,90.7,9.2,72.6,3.5,6.3,80.1,19.9,8.4,19.9,17.7,5.6,3.6,10.5,4.9,36.6,5.5,4.4,3.9,30.2,14.6,83.2,11.7,7.8,23.4,9.0,1.8,3.6,31.3,2.2,2.4,2.6,3.6550000000000002,40
51059471402,VA,Virginia,Fairfax,51059,3550,2638,-77.2054531,38.8828957,12.5,21.1,13.4,30.1,74.2,5.6,9.6,5.3,75.6,86.5,14.2,58.7,5.2,11.8,59.6,19.4,12.5,27.8,24.8,16.1,11.3,19.4,5.6,37.6,12.4,7.4,8.1,35.4,26.0,77.6,14.3,12.4,26.5,12.6,3.4,7.2,39.2,2.9,13.2,5.2,4.65,40
51061930401,VA,Virginia,Fauquier,51061,7315,5119,-77.6729203,38.7302699,5.6,24.5,17.7,29.6,75.1,8.1,9.9,4.6,79.0,89.9,11.1,70.0,4.4,9.3,76.0,22.3,9.1,23.7,17.7,6.7,4.8,12.5,5.2,37.0,6.7,5.4,4.6,29.8,16.4,81.5,14.5,9.4,30.7,10.6,2.3,4.3,31.2,2.4,5.6,2.9,4.7975,40
51059440501,VA,Virginia,Fairfax,51059,5006,3915,-77.2732524,38.8295203,5.5,23.7,13.2,30.7,79.1,8.8,8.8,5.4,79.6,91.1,9.4,71.0,4.2,7.1,78.1,17.8,10.7,22.0,19.9,6.6,3.9,12.3,5.8,40.6,5.5,4.8,4.0,31.0,17.8,80.9,11.0,9.5,21.5,9.9,2.1,3.3,31.8,2.6,4.7,3.0,3.91,40
51059490502,VA,Virginia,Fairfax,51059,6585,5038,-77.3713933,38.8417093,4.6,23.4,12.9,30.7,79.2,8.6,8.7,5.2,80.0,91.6,8.9,70.4,3.9,6.8,78.0,17.5,10.8,21.2,19.9,6.1,3.6,11.7,5.6,40.8,5.3,4.6,3.8,30.7,17.4,81.5,10.8,9.2,21.2,9.7,2.1,3.2,32.7,2.5,4.5,2.9,3.5750000000000006,40
51059451100,VA,Virginia,Fairfax,51059,2314,1856,-77.1577285,38.841836,8.7,24.6,14.3,30.9,77.8,9.0,9.4,5.7,78.3,90.5,11.1,69.1,4.9,8.6,76.5,19.2,10.7,24.7,20.2,8.6,5.4,14.7,6.1,40.1,7.4,5.7,4.9,31.7,19.5,83.3,12.1,10.9,24.4,11.3,2.6,4.2,32.3,2.8,6.6,3.6,4.4125,40
51059491403,VA,Virginia,Fairfax,51059,3711,2734,-77.4259416,38.8220549,4.5,22.1,15.0,28.2,76.6,8.2,9.2,4.4,78.8,91.3,9.0,71.5,3.7,6.8,80.8,19.4,9.3,19.2,18.2,5.6,3.4,10.8,4.6,38.8,5.2,4.3,3.7,30.0,15.0,82.7,11.4,7.9,22.6,9.3,1.9,3.3,30.9,2.1,3.0,2.5,3.7925000000000004,40
51059471204,VA,Virginia,Fairfax,51059,2692,2333,-77.2070218,38.9258503,7.0,14.7,15.6,21.9,67.3,4.6,8.7,3.0,73.7,86.3,10.8,64.7,2.8,7.1,72.4,18.9,7.3,19.5,22.2,9.3,5.8,11.6,3.6,31.2,7.9,4.8,5.5,34.7,17.1,81.4,12.8,6.6,21.5,8.3,1.8,4.6,34.7,1.6,5.5,2.9,4.050000000000001,40
51059431500,VA,Virginia,Fairfax,51059,5733,4240,-77.2169257,38.7691619,5.4,23.7,14.0,30.5,77.7,8.8,9.3,5.0,79.6,91.8,9.4,70.3,4.0,7.3,77.2,18.7,9.9,21.5,19.2,6.5,4.2,11.9,5.4,39.0,6.2,4.8,4.1,30.4,16.9,81.5,11.5,9.2,23.9,9.8,2.1,3.9,33.3,2.5,4.3,2.9,3.7974999999999994,40
51059432201,VA,Virginia,Fairfax,51059,2393,1879,-77.2982493,38.7917832,6.8,17.5,15.7,25.0,71.8,5.4,9.1,3.6,75.8,88.4,10.6,64.4,3.1,7.4,74.1,19.2,8.8,20.2,21.0,8.4,5.2,11.9,4.0,33.9,7.8,4.8,5.2,33.2,17.4,80.4,12.8,7.5,23.7,9.1,2.0,4.7,35.2,1.9,7.3,3.0,3.88,40
51059471301,VA,Virginia,Fairfax,51059,3973,3020,-77.2108042,38.9044018,9.2,12.9,16.1,20.1,64.2,3.7,8.5,2.6,72.3,86.0,11.4,61.3,2.5,7.8,71.9,18.2,7.0,19.3,24.7,10.4,5.8,12.0,3.2,30.4,9.1,4.7,5.7,36.2,18.0,79.9,13.2,6.2,21.3,8.5,1.7,4.7,35.9,1.5,4.8,2.9,4.112500000000001,40
51059480100,VA,Virginia,Fairfax,51059,4399,3420,-77.2702475,39.0056714,3.6,25.5,13.9,31.4,80.2,10.6,9.1,5.5,81.1,92.6,8.2,73.2,3.9,5.7,81.4,18.8,9.8,20.2,16.4,4.2,2.5,10.3,5.8,41.4,4.0,4.1,3.1,28.4,14.3,81.4,10.4,8.6,21.8,9.3,1.9,2.6,30.1,2.5,3.2,2.5,3.5925000000000002,40
51059430801,VA,Virginia,Fairfax,51059,4629,3474,-77.2235142,38.7820055,6.6,22.9,14.1,29.8,76.8,8.2,9.3,5.1,78.5,90.6,10.2,69.4,4.2,7.7,78.1,18.8,10.3,22.6,20.0,7.8,4.9,13.1,5.5,38.7,7.0,5.2,4.7,31.3,18.1,82.7,12.0,9.7,23.9,10.3,2.3,4.3,32.8,2.5,4.6,3.3,3.9875000000000007,40
51061930402,VA,Virginia,Fauquier,51061,6027,4602,-77.7240654,38.7177076,5.3,25.6,17.3,30.7,76.9,8.9,9.8,5.0,79.5,90.1,10.8,73.6,4.6,8.8,78.2,21.8,9.5,23.9,17.3,6.2,4.2,12.4,5.5,38.4,6.0,5.3,4.2,29.5,16.1,81.4,14.0,9.7,29.9,10.6,2.3,3.8,29.9,2.5,6.0,2.9,4.75,40
51059450701,VA,Virginia,Fairfax,51059,3055,2476,-77.2132808,38.8432133,6.7,21.4,13.0,29.5,77.5,7.5,8.4,5.0,78.3,90.2,9.5,69.0,3.8,7.1,76.5,16.9,10.8,21.7,21.4,7.9,4.6,12.7,5.4,39.1,6.6,4.8,4.6,31.9,18.8,82.6,11.1,9.2,21.6,9.7,2.1,3.9,33.0,2.5,4.5,3.2,3.85,40
51059482205,VA,Virginia,Fairfax,51059,2622,2300,-77.3446112,38.9538267,5.6,12.3,19.3,18.5,61.5,4.1,9.0,2.3,72.1,86.6,10.2,66.5,2.1,5.9,79.3,20.5,5.1,16.8,20.3,6.3,3.7,8.7,2.9,27.2,6.6,4.0,4.5,34.2,12.8,83.3,13.3,4.5,21.9,7.1,1.3,4.0,32.6,1.2,2.7,2.1,3.5774999999999997,40
51061930404,VA,Virginia,Fauquier,51061,2758,2170,-77.6709596,38.6607113,7.6,29.5,15.6,35.6,78.7,9.4,10.3,6.7,79.9,88.9,13.2,71.9,6.5,11.8,72.8,22.6,12.2,30.2,18.9,9.7,7.6,17.0,7.2,40.3,8.5,7.2,6.0,30.6,21.5,78.1,15.5,13.6,33.4,13.1,3.3,5.6,32.1,3.4,6.7,4.2,5.034999999999999,40
51059491803,VA,Virginia,Fairfax,51059,7003,5338,-77.3984158,38.8742071,6.9,21.3,14.0,28.6,75.5,7.1,9.2,4.8,77.3,89.3,10.9,64.7,4.2,8.8,74.7,19.0,10.2,22.7,22.0,9.0,5.7,13.5,5.2,37.6,7.7,5.4,5.2,33.0,19.5,80.2,12.7,9.4,23.2,10.4,2.3,4.5,34.4,2.4,5.8,3.3,4.085000000000001,40
51059450300,VA,Virginia,Fairfax,51059,5620,4420,-77.1724644,38.8746771,10.8,18.6,15.7,26.8,71.2,5.4,9.5,4.4,74.4,86.5,13.2,66.5,4.1,9.9,65.4,20.5,10.1,24.7,22.4,12.8,8.9,16.0,4.8,34.6,10.8,6.3,7.0,34.3,21.4,80.6,14.2,9.8,26.3,11.0,2.7,6.3,37.0,2.3,8.0,4.2,4.635,40
51059480502,VA,Virginia,Fairfax,51059,5763,4457,-77.3831614,38.9942965,4.6,22.8,15.2,28.9,76.7,8.3,9.4,4.6,78.7,91.3,9.3,72.5,3.8,6.9,77.4,19.7,9.5,20.1,18.3,5.6,3.5,11.0,4.8,38.7,5.5,4.5,3.9,30.0,15.3,80.6,11.7,8.4,23.6,9.6,2.0,3.6,33.7,2.3,2.3,2.7,3.7649999999999997,40
51059452801,VA,Virginia,Fairfax,51059,5627,4456,-77.1275939,38.8405835,9.5,23.1,13.1,33.5,75.5,6.4,10.2,5.9,77.3,86.9,13.9,63.9,5.7,11.6,61.9,20.1,13.0,28.4,23.2,15.9,13.0,18.8,5.9,37.1,12.8,7.7,8.7,34.2,24.8,78.4,14.8,12.9,29.6,12.5,3.7,8.8,40.6,3.2,14.4,5.3,4.432500000000001,40
51059460504,VA,Virginia,Fairfax,51059,3979,2997,-77.2302783,38.9018463,5.1,20.7,13.8,28.0,76.3,7.3,8.8,4.5,78.3,90.5,9.2,68.1,3.6,6.9,76.7,17.9,9.6,19.9,20.3,6.8,4.1,11.5,4.7,38.1,5.8,4.5,4.2,31.4,16.7,80.3,11.3,8.2,21.4,9.2,2.0,3.6,32.9,2.2,5.7,2.8,3.7250000000000005,40
51059432000,VA,Virginia,Fairfax,51059,3393,2500,-77.3222022,38.7953989,7.3,22.2,14.2,29.5,75.9,7.1,9.7,4.9,77.6,89.5,11.4,66.1,4.5,9.2,72.2,19.6,10.8,23.4,21.7,9.5,6.2,14.4,5.1,38.3,8.1,5.7,5.5,32.9,19.7,81.4,13.0,10.1,24.5,10.9,2.6,4.9,35.4,2.5,6.9,3.6,4.234999999999999,40
51059431802,VA,Virginia,Fairfax,51059,3259,2448,-77.2755187,38.8079685,6.3,22.6,13.5,30.0,77.9,8.1,8.8,5.1,79.1,91.0,9.4,67.9,3.9,6.8,77.9,17.8,10.7,21.4,19.4,7.1,4.3,12.5,5.4,39.5,6.4,4.7,4.4,30.5,17.6,83.3,11.1,9.2,23.1,9.9,2.2,3.9,32.3,2.5,4.3,3.2,3.8299999999999996,40
51059460600,VA,Virginia,Fairfax,51059,4173,3111,-77.234497,38.8882025,4.7,22.7,14.4,29.2,77.5,8.7,8.9,4.9,79.1,91.5,9.0,67.3,3.7,6.7,79.3,18.5,9.5,20.8,18.6,5.6,3.4,11.1,5.4,39.0,5.2,4.6,3.7,30.1,16.2,82.0,11.1,8.7,22.0,9.4,2.0,3.3,31.6,2.4,3.2,2.8,3.7350000000000003,40
51059440702,VA,Virginia,Fairfax,51059,5397,4045,-77.2443509,38.8208175,4.6,24.3,13.6,30.7,79.2,9.5,8.9,5.3,80.2,92.1,8.7,69.4,3.9,6.5,77.9,18.0,10.1,21.2,18.5,5.4,3.2,11.2,5.8,40.4,5.0,4.5,3.6,29.8,16.4,80.3,10.7,9.1,21.8,9.6,2.0,3.1,32.6,2.5,4.2,2.8,3.8125,40
51059491706,VA,Virginia,Fairfax,51059,2899,2484,-77.3588968,38.8629314,9.5,13.6,17.2,20.9,61.7,3.5,10.4,2.7,71.5,83.0,14.8,64.8,3.3,9.8,69.2,22.8,6.8,23.1,24.1,13.4,9.4,14.0,3.3,28.2,11.5,6.5,7.9,38.2,19.0,79.8,16.6,7.0,24.8,9.7,2.2,6.8,37.8,1.6,5.8,3.6,4.625000000000001,40
51059492400,VA,Virginia,Fairfax,51059,4873,3719,-77.2309157,38.7269219,9.6,19.6,14.8,27.6,72.2,5.5,10.0,4.2,75.4,87.5,13.2,64.9,4.3,10.7,71.9,20.1,10.2,24.3,24.4,12.7,8.5,15.9,4.3,35.5,10.8,6.3,6.9,35.4,21.5,79.2,14.4,9.9,26.0,11.3,2.8,6.3,36.9,2.4,10.4,4.0,4.242500000000001,40
51059430203,VA,Virginia,Fairfax,51059,2679,2060,-77.2999921,38.8183279,5.6,21.6,14.4,28.4,76.0,7.6,9.3,4.9,77.7,88.9,10.4,67.4,4.1,7.4,75.1,19.5,9.8,22.1,19.5,7.5,4.9,12.5,5.3,37.1,6.4,5.2,4.8,32.0,17.5,81.4,12.4,9.1,23.0,9.9,2.2,4.2,32.9,2.4,3.7,3.2,3.935,40
51059491705,VA,Virginia,Fairfax,51059,3341,2501,-77.3902011,38.847358,5.0,17.7,12.1,26.8,75.9,5.3,8.1,3.8,78.2,90.2,8.9,62.7,3.0,7.0,74.9,15.5,10.6,18.6,23.8,7.8,4.1,11.5,4.0,38.4,6.2,4.2,4.3,33.4,18.5,80.9,10.9,7.6,18.9,8.7,1.8,3.5,35.4,2.0,3.1,2.8,3.755,40
51059461500,VA,Virginia,Fairfax,51059,6940,5247,-77.2854059,38.8787455,4.6,19.8,14.4,26.8,75.1,7.1,8.7,4.1,78.1,90.8,8.7,67.4,3.2,6.4,79.4,18.1,9.0,18.6,19.4,6.0,3.6,10.5,4.4,37.2,5.5,4.1,3.9,30.7,15.6,80.8,11.1,7.3,21.6,8.7,1.8,3.5,32.4,2.0,3.4,2.6,3.535000000000001,40
51059482601,VA,Virginia,Fairfax,51059,7321,5405,-77.4140799,38.8987586,5.2,19.7,13.5,27.2,75.6,6.6,8.6,4.1,78.1,90.7,9.1,66.1,3.4,7.3,76.5,17.2,9.7,19.2,21.6,7.1,4.0,11.4,4.3,38.1,6.1,4.3,4.1,31.9,17.4,82.6,11.2,7.9,21.1,9.1,1.9,3.6,34.3,2.1,4.4,2.8,3.5549999999999997,40
51059461100,VA,Virginia,Fairfax,51059,7442,5503,-77.2916371,38.8986765,5.1,23.2,14.2,29.3,78.0,9.1,9.0,5.0,79.4,91.5,9.0,71.5,3.8,6.4,77.9,18.5,9.5,20.7,18.2,5.7,3.4,11.2,5.5,39.3,5.2,4.5,3.7,30.0,15.8,81.5,10.9,8.7,22.0,9.4,2.0,3.2,31.9,2.4,3.0,2.7,3.6925000000000003,40
51059460200,VA,Virginia,Fairfax,51059,3970,2967,-77.2889423,38.9273764,3.7,25.2,14.0,30.9,79.5,10.4,9.2,5.4,80.9,92.7,8.2,72.0,3.8,5.8,82.5,19.0,9.5,20.2,16.2,4.3,2.7,10.3,5.8,40.8,4.1,4.2,3.2,28.2,14.4,83.2,10.4,8.6,22.2,9.3,1.9,2.8,29.4,2.4,3.3,2.5,3.4875000000000007,40
51059432600,VA,Virginia,Fairfax,51059,4967,3664,-77.2326566,38.7487953,4.4,21.4,14.6,28.6,76.8,7.6,9.1,4.3,79.3,91.9,8.6,71.0,3.3,6.3,80.3,18.2,9.5,18.8,19.1,5.6,3.3,10.5,4.4,38.3,5.5,4.1,3.7,30.2,15.0,82.7,11.1,7.7,22.9,8.9,1.8,3.5,32.9,2.2,3.7,2.5,3.6175000000000006,40
51059471203,VA,Virginia,Fairfax,51059,2420,1951,-77.1999828,38.9265086,5.0,16.8,15.4,23.4,71.2,5.8,8.9,3.2,76.4,89.4,9.0,65.8,2.6,5.8,77.1,18.6,7.6,17.7,19.8,6.3,3.7,9.8,3.6,33.4,6.0,4.0,4.2,32.3,14.6,82.6,11.7,6.3,21.4,7.9,1.6,3.7,34.0,1.7,3.5,2.4,3.5,40
51059432300,VA,Virginia,Fairfax,51059,5127,3862,-77.2891663,38.7800323,5.6,24.2,13.5,31.3,78.9,8.7,9.1,5.4,79.8,91.6,9.4,71.7,4.2,7.3,77.8,18.3,10.9,22.0,19.5,6.7,4.1,12.4,5.6,40.5,6.0,4.8,4.1,30.5,17.7,81.8,11.2,9.7,23.0,10.1,2.2,3.7,32.7,2.6,3.6,3.1,3.6475,40
51059440201,VA,Virginia,Fairfax,51059,4133,3516,-77.2221663,38.8732853,7.4,13.5,17.1,20.5,63.9,4.0,9.2,2.7,72.7,85.9,11.5,65.2,2.6,7.4,75.4,20.6,6.7,19.4,21.5,9.4,6.1,11.4,3.3,29.4,8.5,4.9,5.8,34.8,16.4,82.2,13.8,6.0,23.0,8.3,1.7,5.1,34.7,1.5,4.4,2.9,3.8550000000000004,40
51059481400,VA,Virginia,Fairfax,51059,6647,5315,-77.3413712,38.9276343,5.4,24.9,14.4,31.3,78.6,9.6,9.3,5.6,79.5,91.3,9.7,70.2,4.3,7.2,76.6,19.3,10.1,23.0,18.7,6.2,4.1,12.2,6.2,39.5,5.9,5.1,4.1,30.5,17.2,81.7,11.7,9.9,23.4,10.1,2.2,3.7,32.3,2.7,3.6,3.0,3.8875,40
51059492100,VA,Virginia,Fairfax,51059,6592,5151,-77.3310034,38.7604956,4.4,27.0,13.5,33.3,80.5,10.6,9.3,6.1,80.9,92.1,9.3,74.2,4.8,7.2,80.8,19.1,10.9,22.6,17.5,5.6,3.6,12.3,6.3,42.4,4.8,4.9,3.7,29.1,16.6,82.4,11.0,10.2,23.1,10.5,2.3,3.2,30.4,2.8,3.8,3.0,3.5549999999999997,40
51059460100,VA,Virginia,Fairfax,51059,4544,3387,-77.275014,38.9478426,4.2,24.4,12.4,31.6,80.0,9.2,8.8,5.6,80.8,92.2,8.5,68.0,4.1,6.5,79.0,17.5,11.0,21.1,18.6,5.8,3.5,11.8,5.8,41.8,4.8,4.6,3.7,29.5,17.0,82.4,10.3,9.5,21.0,9.7,2.1,3.1,31.3,2.6,3.7,3.0,3.9249999999999994,40
51059431602,VA,Virginia,Fairfax,51059,6485,5057,-77.19041,38.7701117,8.8,21.0,12.2,30.9,76.5,5.8,8.9,5.1,77.6,88.6,11.7,64.6,4.4,9.6,67.9,17.2,12.8,24.6,24.7,12.7,8.1,16.3,5.2,39.0,10.0,6.0,6.6,34.3,23.5,80.3,12.7,10.9,24.3,11.2,2.8,5.9,37.7,2.7,7.8,4.3,4.1850000000000005,40
51059482302,VA,Virginia,Fairfax,51059,4625,3496,-77.3547124,38.9367321,14.1,18.4,15.0,28.1,68.3,4.3,10.5,4.4,73.4,83.3,16.6,58.0,5.1,12.9,60.5,21.6,10.9,28.9,24.8,20.3,16.4,20.5,4.7,32.7,16.4,8.5,10.8,36.8,25.7,77.5,16.6,11.6,30.7,12.7,3.7,10.5,40.4,2.6,7.3,5.8,5.06,40
51059480902,VA,Virginia,Fairfax,51059,4211,3209,-77.38397,38.9604345,11.5,19.5,14.9,28.2,72.2,5.4,9.6,4.5,75.1,86.8,13.4,64.7,4.4,10.4,70.0,19.6,10.8,25.2,23.6,14.2,9.8,16.9,4.7,35.3,12.1,6.5,7.6,34.7,22.7,79.7,14.3,10.3,27.7,11.5,2.9,7.1,36.5,2.4,8.0,4.4,4.4825,40
51059422403,VA,Virginia,Fairfax,51059,3024,2275,-77.1214125,38.77322,6.7,23.4,14.5,30.8,76.7,7.9,9.7,5.2,78.5,90.6,10.8,69.1,4.5,8.7,76.2,19.5,10.6,23.1,20.3,8.5,5.8,13.9,5.3,38.6,7.6,5.6,5.1,31.4,18.4,81.9,12.4,10.2,25.4,10.8,2.6,4.7,33.8,2.7,5.7,3.5,3.9375,40
51059491102,VA,Virginia,Fairfax,51059,3422,2685,-77.4679399,38.8563248,6.6,22.4,15.0,28.7,76.0,7.9,9.4,4.9,77.4,89.7,11.0,68.1,4.4,8.6,75.3,19.8,9.8,22.7,21.0,7.8,4.8,13.1,5.3,38.4,6.9,5.3,4.7,32.6,18.1,80.1,12.7,9.4,23.4,10.6,2.3,4.0,33.4,2.4,5.4,3.1,4.22,40
51059452802,VA,Virginia,Fairfax,51059,3030,2528,-77.1159147,38.8426281,6.5,27.5,12.1,36.1,80.6,9.2,10.3,6.5,81.1,91.3,11.3,70.7,5.4,9.0,72.4,19.0,12.9,27.0,21.6,10.0,7.3,15.8,6.6,40.7,8.7,6.5,5.8,32.6,21.6,81.6,12.7,13.0,26.7,11.9,3.1,5.7,35.5,3.5,5.5,4.2,4.2475000000000005,40
51059470500,VA,Virginia,Fairfax,51059,5717,4278,-77.1813634,38.9451371,4.0,25.1,12.8,31.6,80.4,10.0,8.8,5.5,81.3,92.6,8.1,70.1,3.9,5.8,80.0,17.7,10.5,20.8,17.3,4.9,3.0,11.0,5.9,41.7,4.3,4.3,3.3,28.7,16.0,83.5,10.0,9.2,21.1,9.4,2.0,2.8,30.3,2.6,2.9,2.8,3.6674999999999995,40
51059480903,VA,Virginia,Fairfax,51059,4177,3186,-77.3936942,38.9585855,13.2,15.5,15.1,24.4,68.1,4.1,8.7,3.6,72.8,85.2,13.1,61.8,3.4,9.3,65.3,18.0,9.6,23.6,25.2,14.7,9.2,16.2,4.0,33.0,12.4,5.9,7.6,35.9,22.6,80.0,13.7,8.7,25.4,10.4,2.5,6.7,37.5,2.0,7.8,4.2,4.589999999999999,40
51059492500,VA,Virginia,Fairfax,51059,4139,3310,-77.3949078,38.7872701,4.3,25.5,14.2,31.3,79.5,10.1,9.3,5.5,80.2,91.9,9.1,74.2,4.3,6.9,80.5,19.4,10.0,21.3,17.5,5.2,3.2,11.4,5.8,41.2,4.7,4.6,3.5,29.4,15.6,82.5,11.2,9.2,22.6,10.0,2.1,3.0,30.4,2.6,3.8,2.7,3.6675000000000004,40
51059471304,VA,Virginia,Fairfax,51059,2073,1520,-77.2053067,38.8909877,4.6,23.0,15.1,28.9,76.5,8.7,9.4,4.8,78.9,91.5,9.1,71.2,3.8,6.7,76.5,19.9,9.2,20.2,17.3,5.5,3.6,11.0,5.1,38.4,5.3,4.5,3.8,29.4,15.1,80.8,11.5,8.4,23.4,9.5,2.0,3.5,33.2,2.3,4.3,2.7,3.9174999999999995,40
51059481702,VA,Virginia,Fairfax,51059,4787,3681,-77.3542665,38.8713315,5.6,18.4,14.8,25.3,72.7,6.0,9.0,3.7,76.8,89.8,9.8,63.7,3.2,7.3,77.4,19.0,8.7,19.3,21.0,7.5,4.6,11.2,4.0,35.3,6.9,4.5,4.6,32.4,16.8,82.3,12.3,7.4,22.4,8.9,1.9,4.2,33.9,1.9,4.2,2.7,3.775,40
51059460501,VA,Virginia,Fairfax,51059,2691,2102,-77.2334779,38.9101096,4.3,22.7,13.1,29.7,79.2,8.7,8.5,4.9,80.1,91.9,8.1,70.9,3.5,5.8,78.8,17.1,10.1,19.6,18.8,5.2,2.9,10.6,5.2,40.7,4.5,4.1,3.4,29.9,15.7,81.6,10.1,8.3,20.2,8.9,1.8,2.8,31.9,2.3,5.7,2.6,3.625,40
51059480504,VA,Virginia,Fairfax,51059,2017,1587,-77.3529986,38.9823873,4.6,22.5,16.0,27.8,75.8,8.4,9.7,4.4,78.4,91.4,9.3,71.3,3.7,6.7,77.2,20.6,8.6,19.5,17.4,5.5,3.6,10.7,4.6,37.6,5.5,4.4,3.8,29.8,14.3,81.7,11.8,7.9,23.8,9.3,2.0,3.5,32.6,2.1,3.3,2.5,3.8400000000000007,40
51059431801,VA,Virginia,Fairfax,51059,4263,3243,-77.2804249,38.8004471,7.7,20.0,14.5,27.4,74.1,6.2,9.4,4.2,76.9,89.2,11.2,65.7,3.8,8.3,73.2,19.3,10.3,22.2,21.7,9.7,6.1,13.7,4.5,36.5,8.7,5.3,5.6,33.0,19.4,82.0,13.0,9.1,24.7,10.3,2.3,5.1,35.9,2.2,5.9,3.5,4.045,40
51059482204,VA,Virginia,Fairfax,51059,1975,1838,-77.3540586,38.9577858,5.1,22.6,15.3,28.7,76.6,9.0,9.1,5.0,78.0,90.2,9.4,74.2,3.8,6.4,76.6,19.5,8.9,21.3,18.0,5.9,3.9,11.1,5.6,37.4,5.6,4.7,4.0,30.4,15.6,80.8,11.6,8.6,22.7,9.2,1.9,3.6,31.9,2.4,3.3,2.7,3.9274999999999998,40
51059491303,VA,Virginia,Fairfax,51059,4269,3320,-77.438283,38.8343899,12.8,16.8,14.3,25.8,70.3,4.2,9.1,3.9,73.7,85.3,13.7,60.3,3.9,10.2,67.1,18.2,10.5,25.0,26.5,15.5,9.7,17.1,4.3,34.4,12.6,6.4,8.0,37.0,23.8,80.0,14.2,9.7,24.7,11.0,2.7,6.8,37.7,2.2,9.6,4.5,4.527500000000001,40
51059422201,VA,Virginia,Fairfax,51059,4071,3151,-77.2345178,38.7118565,5.4,22.6,12.2,31.4,79.0,7.4,9.2,5.1,80.0,90.8,9.7,70.0,4.0,7.2,76.8,17.0,11.7,22.2,21.9,8.3,5.1,13.1,5.2,39.7,7.0,5.1,4.9,32.6,19.1,83.3,11.5,9.9,22.5,9.9,2.3,4.3,34.1,2.7,4.1,3.4,3.7875,40
51059492201,VA,Virginia,Fairfax,51059,3097,2433,-77.3144427,38.7295885,4.5,25.6,13.3,32.4,80.3,10.0,9.1,5.7,80.9,92.3,8.8,72.5,4.3,6.6,78.6,18.2,10.7,21.5,18.1,5.6,3.4,11.8,5.9,41.9,4.9,4.6,3.6,29.3,16.1,83.6,10.6,9.6,22.5,9.9,2.2,3.1,31.5,2.7,3.3,2.9,3.6825,40
51061930705,VA,Virginia,Fauquier,51061,3988,2979,-77.7208395,38.5710913,10.8,25.6,16.7,32.7,74.4,6.8,11.0,5.6,76.7,85.3,16.5,66.5,6.6,15.0,69.3,24.1,11.6,32.1,22.9,14.5,11.5,19.6,6.0,36.9,12.3,8.4,8.1,34.8,24.6,78.6,18.4,13.5,35.3,13.9,3.6,7.5,34.3,3.1,11.4,4.8,5.359999999999999,40
51059450601,VA,Virginia,Fairfax,51059,4192,3299,-77.208465,38.857657,6.7,21.9,13.8,29.4,77.5,7.9,8.5,5.0,78.4,90.9,9.4,69.2,3.8,7.2,74.0,17.4,10.4,21.3,20.5,7.1,4.1,12.2,5.4,39.4,6.3,4.6,4.2,31.1,18.3,79.9,11.1,8.9,22.1,9.7,2.0,3.6,33.8,2.4,7.5,3.0,3.7175,40
51059431601,VA,Virginia,Fairfax,51059,1908,1894,-77.2054172,38.7665692,7.4,51.3,2.3,56.5,92.8,25.6,7.6,16.3,93.5,98.0,8.5,85.0,8.9,2.9,83.7,11.3,17.4,47.0,14.7,3.5,2.2,19.4,20.2,54.7,1.6,9.5,2.5,27.3,29.5,85.1,5.6,26.5,16.1,15.1,4.0,1.0,19.4,7.3,5.6,6.6,7.090000000000001,40
51059461801,VA,Virginia,Fairfax,51059,1385,1068,-77.2915199,38.8740065,5.8,18.0,15.2,24.7,71.9,5.8,9.1,3.4,76.4,89.6,9.8,67.5,3.0,6.9,74.9,19.4,8.5,19.1,20.3,7.5,4.7,11.1,3.8,34.4,7.1,4.5,4.7,32.1,16.4,80.5,12.4,7.2,23.3,8.9,1.9,4.4,35.3,1.9,3.9,2.8,3.6775000000000007,40
51059421702,VA,Virginia,Fairfax,51059,4000,3131,-77.1153294,38.7389962,10.9,21.9,14.0,31.5,76.1,6.3,9.6,5.0,77.3,88.9,12.4,68.1,4.3,9.3,70.9,18.0,12.0,25.7,24.3,12.7,8.2,16.4,5.0,37.0,11.6,6.2,6.9,34.6,22.6,82.1,13.4,11.3,28.2,11.5,3.0,6.6,37.5,2.8,6.1,4.3,4.192500000000001,40
51059481105,VA,Virginia,Fairfax,51059,5332,3999,-77.3984538,38.9374167,3.9,19.5,13.4,27.1,76.5,6.9,8.3,3.9,79.1,91.6,7.9,68.8,3.0,5.8,79.3,16.7,9.5,17.2,19.8,5.4,2.9,9.9,4.0,38.9,4.8,3.7,3.5,30.3,15.0,82.5,10.2,7.0,19.9,8.3,1.7,2.9,32.4,1.9,2.5,2.4,3.5025,40
51059480901,VA,Virginia,Fairfax,51059,6969,5120,-77.397781,38.967678,15.7,19.2,14.6,27.8,72.7,5.5,9.0,4.7,74.1,86.5,13.7,62.0,4.4,10.3,71.2,18.0,11.2,26.6,25.7,15.1,9.0,18.3,5.1,36.3,12.6,6.5,7.6,36.0,24.8,79.2,13.6,11.0,26.1,11.9,2.9,6.4,35.3,2.5,11.1,4.7,4.6425,40
51059450800,VA,Virginia,Fairfax,51059,3483,2781,-77.1942345,38.8411784,10.1,23.1,12.1,31.9,78.4,7.3,8.7,5.9,78.2,89.4,11.6,62.3,4.9,9.4,68.3,17.0,12.9,25.9,23.9,11.7,7.1,16.8,6.2,41.1,9.0,6.1,5.9,33.7,23.8,79.5,12.0,12.0,23.1,11.7,2.8,4.9,35.3,3.0,10.3,4.4,4.3825,40
51059432402,VA,Virginia,Fairfax,51059,5100,3739,-77.2675605,38.7630373,4.8,23.1,14.5,29.6,77.4,8.7,9.2,4.8,79.3,91.6,9.1,71.1,3.8,6.9,77.4,18.9,9.6,20.4,18.7,5.9,3.7,11.2,5.1,38.9,5.7,4.5,3.9,30.2,15.9,80.8,11.4,8.5,23.2,9.5,2.0,3.6,33.5,2.4,6.5,2.7,3.6449999999999996,40
51059431001,VA,Virginia,Fairfax,51059,4948,3758,-77.2713144,38.7807414,8.1,21.9,13.3,30.2,76.5,6.9,9.2,5.1,77.9,89.4,11.2,65.8,4.4,8.9,71.5,18.2,11.6,23.8,22.3,10.4,6.7,15.0,5.3,38.8,8.6,5.7,5.7,32.9,21.0,79.7,12.4,10.4,24.4,10.9,2.6,5.1,35.8,2.6,7.3,3.8,4.130000000000001,40
51061930707,VA,Virginia,Fauquier,51061,3584,2665,-77.8291296,38.5865018,10.5,26.2,16.6,32.8,75.4,7.4,10.6,5.7,77.3,86.6,15.5,67.4,6.2,13.9,66.5,23.0,11.4,31.2,22.7,12.7,9.4,18.6,6.2,37.5,11.4,7.8,7.2,34.1,23.9,77.3,17.5,13.3,34.5,13.6,3.3,6.7,35.4,3.1,9.5,4.5,5.295,40
51059440504,VA,Virginia,Fairfax,51059,643,610,-77.310936,38.8450359,18.4,11.0,20.7,25.5,52.3,2.1,9.0,3.0,65.0,73.2,20.1,53.2,3.9,17.5,47.4,18.3,7.5,30.5,35.8,23.7,17.1,20.9,3.7,25.8,20.1,8.1,13.0,43.3,25.5,74.7,18.8,7.9,31.5,11.4,3.1,11.8,45.2,1.9,14.7,5.0,5.58,40
51059490101,VA,Virginia,Fairfax,51059,5064,3964,-77.439116,38.8630528,7.3,22.4,13.9,30.3,76.1,6.9,9.7,5.0,77.3,88.7,12.1,68.1,4.9,10.2,71.9,19.9,11.2,24.4,22.5,10.6,7.2,15.3,5.2,38.5,8.5,6.1,5.9,33.5,21.1,79.5,13.5,10.7,24.7,11.3,2.7,5.2,35.2,2.7,6.7,3.8,4.37,40
51059451200,VA,Virginia,Fairfax,51059,1721,1357,-77.1634913,38.8518281,4.8,27.1,13.6,32.5,80.6,11.3,9.1,5.9,81.2,93.0,8.6,75.8,4.4,6.5,80.9,18.7,10.1,22.0,16.8,4.8,3.0,11.4,6.4,42.1,4.5,4.5,3.3,28.5,15.9,83.3,10.4,9.7,22.7,10.0,2.1,2.8,30.2,2.7,3.6,2.8,3.8900000000000006,40
51061930303,VA,Virginia,Fauquier,51061,3797,3024,-77.7846848,38.7600555,7.0,30.6,15.2,36.2,79.9,10.1,10.3,6.8,80.5,89.6,12.8,72.7,6.5,11.3,69.7,22.2,12.1,30.3,18.9,8.8,6.8,16.5,7.3,41.0,7.7,7.1,5.5,30.6,21.4,78.0,15.0,13.9,32.4,13.0,3.1,4.9,32.3,3.5,8.2,4.1,5.1775,40
51059451800,VA,Virginia,Fairfax,51059,3485,2774,-77.1438869,38.8325682,10.1,22.8,13.2,31.4,77.3,7.3,8.9,5.7,77.8,89.2,11.5,66.5,4.7,8.9,69.3,17.8,12.3,25.3,22.3,11.3,7.1,16.2,5.9,39.5,9.4,5.9,6.1,32.8,22.4,79.3,12.3,11.4,25.2,11.4,2.8,5.4,35.4,2.8,7.9,4.3,4.23,40
51061930205,VA,Virginia,Fauquier,51061,1847,1487,-77.8890661,38.7167858,6.3,32.0,14.8,38.1,80.8,10.5,10.3,7.3,81.3,90.1,12.5,73.4,7.0,11.6,69.4,22.3,13.0,30.3,18.0,8.8,7.2,16.9,7.6,42.4,7.5,7.1,5.5,29.4,21.2,78.0,14.8,14.3,33.4,13.3,3.4,5.1,32.7,3.6,9.1,4.1,5.2225,40
51059430202,VA,Virginia,Fairfax,51059,4949,3850,-77.2865324,38.8167742,6.9,23.1,13.8,30.7,77.1,7.5,9.4,5.5,77.8,88.6,11.6,68.9,4.8,9.2,74.2,19.6,11.4,24.5,21.2,9.6,6.4,14.7,5.8,38.8,7.8,5.9,5.6,32.8,20.6,78.3,13.1,10.6,24.4,11.1,2.6,4.9,33.6,2.7,7.1,3.8,4.159999999999999,40
51059460300,VA,Virginia,Fairfax,51059,2896,2110,-77.2756809,38.9228761,3.4,23.8,14.4,29.4,78.6,10.0,8.9,4.9,80.4,92.8,7.8,72.7,3.4,5.4,81.7,18.4,9.0,19.0,16.5,4.0,2.3,9.6,5.4,40.2,3.9,3.9,2.9,28.2,13.8,82.7,10.1,7.9,21.3,8.8,1.7,2.5,30.1,2.3,3.3,2.3,3.4275000000000007,40
51059480205,VA,Virginia,Fairfax,51059,3268,2871,-77.2240394,38.9209595,4.9,11.2,17.9,17.6,59.8,3.5,8.7,2.0,72.1,86.4,9.7,64.5,1.9,5.7,77.6,19.7,5.1,15.9,20.9,6.5,3.8,8.5,2.6,27.2,6.4,3.8,4.5,34.5,13.1,82.5,12.9,4.2,20.4,6.8,1.2,3.9,33.6,1.1,3.0,2.1,3.5,40
51061930306,VA,Virginia,Fauquier,51061,2900,2247,-77.835649,38.7324236,5.9,26.3,16.4,31.3,77.7,9.1,9.9,5.3,79.9,90.0,11.2,71.8,4.7,8.8,76.1,21.5,9.9,25.4,17.9,6.8,4.7,13.2,5.9,38.5,6.5,5.7,4.5,30.2,17.5,82.1,14.1,10.6,29.6,10.9,2.4,4.0,30.2,2.6,6.5,3.1,4.7,40
51059440505,VA,Virginia,Fairfax,51059,1346,1039,-77.2950675,38.8319832,4.3,23.9,13.1,31.1,79.3,8.8,8.9,5.2,80.3,91.9,8.8,69.9,4.0,6.7,76.1,18.0,10.8,20.7,19.0,5.8,3.5,11.5,5.4,40.9,5.1,4.5,3.8,29.9,16.7,81.6,10.8,9.1,22.1,9.6,2.1,3.3,33.9,2.5,3.5,2.8,3.7700000000000005,40
51059421701,VA,Virginia,Fairfax,51059,4517,3283,-77.1067237,38.7335134,19.5,19.6,13.5,30.8,72.0,4.1,10.4,4.9,74.2,84.4,17.3,62.9,5.1,13.1,63.6,19.0,13.4,31.5,28.6,24.3,17.8,23.9,4.8,34.8,19.8,8.8,11.8,38.7,30.1,78.4,16.1,13.9,32.1,14.0,4.4,11.2,40.7,3.0,16.4,6.8,5.339999999999999,40
51059491802,VA,Virginia,Fairfax,51059,2915,2290,-77.3962895,38.8672075,6.3,19.9,14.8,26.8,73.7,6.7,9.2,4.2,76.7,89.4,10.6,67.1,3.7,8.2,75.4,19.1,9.1,21.2,22.0,8.2,5.1,12.3,4.6,36.1,7.4,5.0,4.9,33.1,17.9,80.2,12.7,8.4,22.8,9.7,2.1,4.4,34.7,2.2,5.7,3.0,3.8850000000000002,40
51059440202,VA,Virginia,Fairfax,51059,6032,4697,-77.2361249,38.8567708,8.2,18.8,14.6,27.1,72.7,5.6,9.1,4.3,75.8,87.8,11.5,63.7,3.7,8.5,67.8,19.0,10.1,22.6,22.1,10.7,7.0,14.0,4.6,35.2,9.3,5.5,6.2,33.5,20.1,79.4,13.2,8.9,24.8,10.1,2.4,5.7,37.6,2.2,7.9,3.7,3.9800000000000004,40
51059482604,VA,Virginia,Fairfax,51059,4210,3111,-77.3928605,38.8890989,4.2,19.6,11.8,28.5,77.6,6.4,8.1,4.3,79.4,91.1,8.2,64.9,3.3,6.4,80.1,15.6,10.9,18.4,21.3,6.8,3.7,11.3,4.3,39.9,5.3,4.1,4.0,31.2,17.4,81.4,10.1,7.9,19.5,8.8,1.9,3.3,32.5,2.2,3.0,2.8,3.6824999999999997,40
51059461901,VA,Virginia,Fairfax,51059,3756,2863,-77.2862942,38.8692112,9.0,19.3,13.3,28.4,74.0,5.4,9.1,4.7,76.2,87.2,12.2,63.3,4.2,9.5,69.7,18.3,11.3,24.4,24.0,12.7,8.5,15.9,5.0,36.5,10.0,6.1,6.8,34.8,22.7,81.1,13.3,10.2,23.8,10.8,2.7,5.9,36.5,2.5,8.5,4.2,4.325,40
51059432800,VA,Virginia,Fairfax,51059,2225,1723,-77.2049112,38.7390623,6.8,20.0,14.2,28.4,75.0,6.2,9.6,4.1,77.9,89.9,10.6,69.2,3.6,7.8,74.1,18.6,10.0,21.5,22.2,9.2,6.0,12.9,4.3,36.0,8.6,5.1,5.4,33.5,18.4,81.7,12.7,8.8,24.8,9.7,2.3,5.2,36.1,2.3,4.8,3.3,3.9125000000000005,40
51059470600,VA,Virginia,Fairfax,51059,2849,2252,-77.1936696,38.9357929,5.5,28.2,11.4,35.3,82.4,10.9,9.0,7.0,82.0,92.4,9.3,70.8,5.2,7.2,79.3,17.6,12.6,24.9,18.7,6.8,4.3,14.0,7.3,44.2,5.2,5.4,4.0,29.7,19.6,83.3,10.4,12.0,21.8,11.0,2.6,3.3,30.0,3.3,4.1,3.6,4.0200000000000005,40
51059491101,VA,Virginia,Fairfax,51059,3765,2901,-77.4842191,38.8569742,4.6,22.4,14.8,29.0,77.4,8.0,9.1,4.6,78.8,91.1,9.3,71.4,3.8,7.1,79.3,19.1,9.8,20.0,19.1,5.8,3.5,11.2,4.7,39.3,5.2,4.4,3.8,30.7,15.9,82.7,11.5,8.3,22.4,9.6,2.0,3.2,32.3,2.3,2.8,2.7,3.8674999999999997,40
51059490105,VA,Virginia,Fairfax,51059,2761,2163,-77.4514548,38.8803573,6.3,20.8,15.0,27.7,75.0,7.0,9.2,4.3,77.3,89.8,10.2,68.7,3.8,7.9,72.9,19.2,9.6,20.9,20.6,7.6,4.6,12.1,4.6,37.2,7.0,4.8,4.6,32.0,17.6,81.1,12.4,8.4,23.7,9.8,2.1,4.2,35.1,2.2,5.3,3.0,3.8850000000000002,40
51059481102,VA,Virginia,Fairfax,51059,3656,2626,-77.398648,38.9482799,6.1,12.3,14.0,21.0,64.2,3.3,8.0,2.5,73.6,86.6,9.8,58.7,2.3,7.4,69.7,17.1,7.2,17.4,23.8,9.8,6.0,11.0,3.0,30.6,8.1,4.3,5.5,34.5,17.5,81.7,12.3,5.5,20.5,7.7,1.6,4.9,37.7,1.4,5.3,2.7,4.029999999999999,40
51059482503,VA,Virginia,Fairfax,51059,4832,3603,-77.4081196,38.9208387,4.0,19.6,13.9,26.9,75.8,6.8,8.5,3.9,78.6,91.4,8.3,67.2,3.1,6.3,78.8,17.3,9.4,17.7,19.9,5.6,3.1,10.2,4.1,38.5,5.0,3.9,3.6,30.5,15.4,81.9,10.7,7.2,20.6,8.6,1.7,3.1,33.2,2.0,3.0,2.4,3.5375,40
51059480301,VA,Virginia,Fairfax,51059,3145,2412,-77.2733799,38.9747821,3.5,23.7,12.9,30.4,80.1,9.6,8.6,5.2,81.2,92.8,7.6,71.4,3.4,5.1,82.4,17.3,10.0,19.2,17.4,4.3,2.4,10.0,5.5,41.5,3.9,3.9,3.0,28.8,14.6,81.3,9.7,8.2,20.0,8.7,1.8,2.5,29.8,2.4,3.6,2.5,3.3725,40
51059432100,VA,Virginia,Fairfax,51059,3573,2762,-77.3069348,38.7883684,6.2,23.6,14.4,29.9,77.1,8.4,9.6,5.0,78.7,90.7,10.3,71.2,4.3,7.9,75.7,19.8,10.2,22.3,19.4,7.5,4.9,12.9,5.3,38.8,6.8,5.2,4.6,31.1,17.8,80.6,12.2,9.6,24.3,10.4,2.3,4.2,32.9,2.5,6.4,3.2,4.135,40
51059480505,VA,Virginia,Fairfax,51059,3263,2752,-77.3558162,38.9710405,4.7,16.3,18.5,21.5,68.0,5.9,9.4,3.0,74.3,88.5,9.7,71.0,2.6,6.0,77.4,21.5,6.2,17.4,18.1,5.4,3.3,9.0,3.5,31.2,5.6,4.0,4.0,32.0,12.8,82.4,12.8,5.6,22.5,7.8,1.5,3.6,33.5,1.5,2.8,2.1,3.6474999999999995,40
51059450602,VA,Virginia,Fairfax,51059,4814,3674,-77.1976333,38.8632892,15.1,18.3,14.5,27.1,70.9,4.8,9.1,4.5,73.6,84.8,14.6,58.5,4.4,11.0,66.1,19.4,11.3,27.2,24.5,17.4,11.8,19.0,5.0,34.9,13.8,7.1,8.7,35.7,26.0,78.9,14.6,11.0,27.2,12.1,3.1,7.7,36.4,2.5,12.5,5.2,4.7975,40
51059491202,VA,Virginia,Fairfax,51059,2102,1768,-77.4384615,38.8406498,10.6,13.6,17.2,21.5,63.0,3.4,9.6,3.0,71.3,82.6,14.5,61.7,3.2,9.5,68.1,21.1,7.7,23.6,24.4,13.8,9.2,14.7,3.6,29.2,11.7,6.3,8.0,37.6,20.1,79.1,15.8,7.4,24.8,9.8,2.3,6.8,37.6,1.7,7.8,3.8,4.55,40
51059482506,VA,Virginia,Fairfax,51059,5298,4280,-77.4141302,38.9545964,7.4,13.0,16.1,22.2,62.3,3.1,9.5,2.5,73.1,85.2,12.2,58.0,2.7,8.8,66.6,19.5,7.1,20.2,24.5,12.3,8.8,12.5,2.9,28.1,11.2,5.4,7.2,36.4,18.3,79.5,14.7,6.3,25.6,8.6,2.0,7.2,39.9,1.5,8.7,3.2,4.17,40
51059440100,VA,Virginia,Fairfax,51059,7503,5596,-77.2575052,38.8517375,5.5,24.2,13.2,31.0,78.8,9.1,9.1,5.6,79.6,91.0,9.7,70.2,4.3,7.2,77.0,18.4,10.5,22.8,19.1,6.9,4.3,12.7,6.1,39.9,5.8,5.2,4.3,30.6,18.0,83.3,11.3,10.0,22.3,10.2,2.3,3.7,32.3,2.7,4.2,3.2,3.935,40
51059470900,VA,Virginia,Fairfax,51059,7993,5716,-77.1658514,38.9072006,4.4,25.6,13.0,31.7,79.9,10.5,8.9,5.8,80.9,92.4,8.7,68.1,4.2,6.4,80.2,18.2,10.1,22.3,17.5,5.4,3.4,11.7,6.5,41.0,4.7,4.8,3.5,29.1,16.7,82.4,10.4,9.9,21.5,9.8,2.1,3.0,30.1,2.7,4.5,3.0,3.6700000000000004,40
51059460701,VA,Virginia,Fairfax,51059,3501,2537,-77.2537963,38.8827853,9.3,20.7,15.0,27.8,74.0,6.9,9.1,4.8,75.9,88.6,11.7,65.8,4.3,9.2,74.7,19.1,10.0,23.7,21.9,10.0,6.2,14.7,5.3,37.1,8.6,5.7,5.6,33.0,20.2,80.2,12.8,9.8,24.1,10.8,2.5,4.8,34.2,2.4,4.5,3.7,4.3625,40
51059471100,VA,Virginia,Fairfax,51059,7030,5276,-77.1975824,38.910538,6.1,19.1,15.1,26.1,74.1,6.8,8.6,4.0,77.0,90.2,9.3,66.8,3.2,6.8,74.4,18.0,8.8,19.4,20.1,6.7,3.8,11.1,4.5,36.3,6.2,4.3,4.1,31.3,16.5,79.9,11.4,7.6,22.1,8.9,1.8,3.6,34.7,2.0,6.1,2.7,3.7350000000000003,40
51059491501,VA,Virginia,Fairfax,51059,7696,5802,-77.4170951,38.8448545,5.6,15.9,12.0,25.5,73.5,4.3,7.9,3.4,76.9,89.0,9.2,59.1,2.8,7.5,71.5,15.3,10.4,18.5,24.9,9.2,5.0,11.9,3.7,36.8,7.1,4.3,4.9,34.1,19.6,81.6,11.2,7.3,19.0,8.6,1.8,4.1,37.4,1.9,6.2,3.0,3.915,40
51059491000,VA,Virginia,Fairfax,51059,2206,1702,-77.5079088,38.8524412,4.5,23.4,13.9,30.3,78.5,8.4,9.2,5.0,79.5,91.2,9.3,70.8,4.1,7.1,79.4,18.8,10.4,20.8,19.1,6.2,3.8,11.7,5.1,40.2,5.4,4.7,4.0,30.5,16.6,80.3,11.4,9.0,22.6,9.8,2.1,3.4,32.0,2.4,3.1,2.9,3.9274999999999998,40
51059452400,VA,Virginia,Fairfax,51059,7283,5588,-77.1981593,38.8054579,11.4,20.4,13.5,28.9,74.9,6.1,9.0,4.9,76.0,87.7,12.5,66.3,4.5,9.8,67.7,17.9,11.5,25.2,24.8,12.9,7.8,16.5,5.2,37.9,10.5,6.1,6.7,35.0,23.4,80.0,13.1,10.7,24.3,11.4,2.7,5.6,36.8,2.6,7.8,4.2,4.2075000000000005,40
51059482303,VA,Virginia,Fairfax,51059,3617,3026,-77.3361848,38.9337358,4.4,23.7,15.6,29.0,77.1,9.4,9.5,4.8,78.9,91.7,8.9,72.1,3.8,6.4,78.1,20.2,8.9,20.2,16.9,5.0,3.2,10.5,5.1,38.4,5.1,4.4,3.6,29.2,14.4,81.4,11.4,8.3,23.6,9.3,1.9,3.3,32.1,2.3,4.8,2.5,3.7275,40
51059460400,VA,Virginia,Fairfax,51059,5134,3944,-77.2523996,38.9232301,4.5,22.4,13.5,29.4,78.2,8.3,8.6,4.9,79.5,91.4,8.6,68.8,3.6,6.2,78.8,17.7,10.0,20.4,18.8,5.8,3.4,11.1,5.3,39.3,5.0,4.4,3.7,30.1,16.5,83.0,10.6,8.6,21.0,9.1,1.9,3.2,31.5,2.4,4.5,2.8,3.5575,40
51059432401,VA,Virginia,Fairfax,51059,3615,2705,-77.2786229,38.7671156,4.7,24.0,14.1,30.6,78.4,9.1,9.2,5.1,79.8,91.9,8.9,70.4,4.1,6.9,79.4,18.8,10.2,20.5,18.1,5.8,3.7,11.5,5.3,40.6,5.1,4.5,3.7,29.4,15.9,83.0,10.9,8.9,22.7,9.7,2.1,3.3,31.5,2.4,2.6,2.8,3.9675,40
51059452000,VA,Virginia,Fairfax,51059,3061,2452,-77.1741137,38.8340559,9.8,27.8,10.5,38.2,82.0,8.2,9.1,7.8,80.7,89.9,12.3,69.2,6.4,10.4,73.3,17.1,16.2,30.8,23.5,13.5,9.7,20.0,8.0,43.8,9.6,7.6,6.8,33.4,28.0,80.8,12.2,16.0,24.7,13.3,3.8,6.0,33.6,4.1,6.3,5.7,4.565,40
51059432702,VA,Virginia,Fairfax,51059,4502,3418,-77.2129918,38.7280475,8.3,20.2,14.1,29.1,74.6,5.8,9.6,4.5,77.1,88.8,11.7,67.6,3.9,8.8,70.8,18.9,11.0,23.4,22.7,11.3,7.7,14.7,4.6,36.2,10.1,5.7,6.4,33.7,20.6,81.6,13.3,9.8,26.2,10.6,2.6,6.1,37.2,2.5,7.5,3.9,4.117500000000001,40
51059440503,VA,Virginia,Fairfax,51059,6817,4791,-77.307044,38.830907,9.4,6.9,19.7,13.8,37.9,1.5,11.2,1.3,68.6,77.7,18.0,59.2,1.9,7.5,63.5,24.9,3.1,23.9,28.0,14.6,8.7,11.6,2.2,18.4,13.8,6.9,10.2,45.7,16.7,76.5,21.0,3.7,23.9,7.9,1.4,7.6,41.5,0.8,9.1,3.1,4.0875,40
51059422302,VA,Virginia,Fairfax,51059,5788,4721,-77.1437691,38.7719875,6.3,21.7,14.3,29.9,75.3,6.7,9.9,4.5,78.1,90.0,10.9,68.0,4.1,8.7,72.7,19.6,10.5,22.4,21.2,9.5,6.8,13.6,4.6,36.8,8.8,5.5,5.6,32.4,19.0,80.5,13.0,9.6,26.4,10.4,2.5,5.7,36.3,2.5,7.2,3.5,3.845000000000001,40
51059452700,VA,Virginia,Fairfax,51059,5398,4042,-77.1356196,38.8455017,13.3,21.5,13.2,32.1,74.3,5.3,10.2,5.2,76.3,86.7,14.7,60.2,5.2,12.0,61.6,19.2,13.1,28.7,25.4,18.7,14.3,20.4,5.2,36.3,15.3,7.8,9.5,35.7,26.7,79.1,14.8,13.1,30.3,12.9,3.8,9.5,40.2,3.1,9.8,5.7,4.674999999999999,40
51059481106,VA,Virginia,Fairfax,51059,5362,4044,-77.3832159,38.9242274,4.3,22.5,14.4,28.8,77.4,8.4,9.0,4.6,79.2,91.6,8.7,72.0,3.6,6.5,80.9,18.6,9.5,19.3,18.6,5.4,3.2,10.7,4.8,39.5,4.9,4.2,3.6,29.9,15.2,81.4,11.0,8.0,21.9,9.2,1.9,3.1,31.2,2.2,4.3,2.5,3.825,40
51059430901,VA,Virginia,Fairfax,51059,4326,3237,-77.2446555,38.7836547,8.2,20.5,13.7,29.1,75.0,6.0,9.4,4.5,77.1,88.9,11.7,65.8,4.1,9.3,74.0,18.4,11.1,23.4,24.0,11.1,7.0,14.9,4.7,37.4,9.5,5.7,6.1,34.3,21.0,80.2,13.1,10.0,24.6,10.8,2.6,5.5,36.1,2.5,8.3,3.8,4.2275,40
51059422102,VA,Virginia,Fairfax,51059,6677,4791,-77.218254,38.6906011,8.8,18.4,13.7,29.1,73.2,4.5,10.2,3.8,77.2,88.3,12.4,62.0,3.6,9.5,68.4,18.0,10.8,23.2,25.9,13.7,9.5,15.4,3.6,33.9,12.5,6.1,7.5,36.3,21.4,81.2,14.0,9.6,27.8,10.4,2.8,7.5,40.0,2.4,7.4,4.0,4.3875,40
51059461606,VA,Virginia,Fairfax,51059,3069,2441,-77.2240807,38.8803925,8.3,13.1,15.3,21.0,65.1,3.7,8.3,2.8,72.7,85.7,11.0,62.8,2.7,7.6,75.6,18.0,7.5,19.2,23.5,10.6,6.4,12.2,3.3,31.2,8.6,4.7,5.9,35.1,18.0,78.0,12.7,6.3,21.0,8.4,1.8,4.8,34.2,1.5,4.2,3.1,4.2925,40
51061930101,VA,Virginia,Fauquier,51061,3182,2486,-77.8843126,38.9414757,11.7,29.6,14.9,36.5,77.8,8.4,10.9,7.2,78.6,86.4,16.4,68.7,8.0,14.8,64.9,23.8,13.8,34.7,20.8,15.5,13.1,21.8,7.5,40.0,12.3,9.3,8.6,32.8,26.4,77.4,17.4,16.3,36.3,15.2,4.3,7.9,33.9,3.8,13.6,5.8,5.5225,40
51059492000,VA,Virginia,Fairfax,51059,6550,5116,-77.3516158,38.803927,3.8,25.1,14.1,31.1,79.9,10.4,9.0,5.4,80.9,92.7,8.2,74.9,3.8,5.6,81.8,18.5,9.7,20.1,16.8,4.3,2.5,10.3,5.7,41.2,4.1,4.1,3.1,28.6,14.3,82.4,10.3,8.6,21.8,9.3,1.9,2.7,29.8,2.5,4.5,2.5,3.3724999999999996,40
51059451501,VA,Virginia,Fairfax,51059,5868,4497,-77.1443728,38.8642756,16.4,21.2,13.3,31.3,73.5,5.3,9.7,5.8,74.6,84.9,16.1,57.5,5.7,13.2,58.0,19.5,13.7,31.0,26.4,20.8,15.1,22.6,6.0,37.4,16.1,8.4,10.2,36.5,29.5,75.8,15.4,13.9,29.3,14.0,4.1,9.4,40.0,3.2,13.5,6.4,4.8875,40
51059490104,VA,Virginia,Fairfax,51059,3504,2525,-77.463638,38.9019912,13.2,19.8,15.7,27.6,71.8,5.7,9.3,4.5,74.3,86.7,13.7,62.7,4.4,10.6,71.5,19.7,10.7,25.8,23.3,13.7,8.8,17.2,4.9,35.8,12.0,6.4,7.3,34.3,23.1,80.4,14.2,10.4,27.8,11.9,2.9,6.7,36.4,2.4,5.2,4.4,4.6175,40
51061930706,VA,Virginia,Fauquier,51061,6071,4294,-77.7710901,38.5410081,14.6,25.0,16.4,32.7,72.3,6.0,11.2,5.7,75.4,83.1,18.8,63.2,7.3,17.4,61.7,24.8,12.4,35.0,23.7,19.9,16.9,23.2,6.1,36.1,16.1,9.9,10.6,35.5,28.3,75.4,19.8,14.9,38.2,15.4,4.3,10.1,36.7,3.2,13.0,6.1,5.665,40
51059491402,VA,Virginia,Fairfax,51059,4323,3222,-77.4317689,38.8238977,7.2,17.4,13.9,26.1,72.2,4.7,8.9,3.7,76.1,88.2,11.1,61.4,3.4,8.6,70.7,18.3,10.3,21.1,23.6,10.6,6.5,13.5,4.0,35.6,8.9,5.2,5.9,34.2,20.1,79.7,13.0,8.3,23.2,9.8,2.2,5.3,37.1,2.0,4.8,3.4,4.04,40
51061930207,VA,Virginia,Fauquier,51061,1734,1344,-77.7708466,38.6429971,7.3,28.7,16.2,34.7,77.3,8.7,10.7,6.2,79.2,88.8,13.9,66.4,6.5,13.0,70.7,23.6,11.9,29.8,19.9,10.1,7.9,17.1,6.6,39.5,9.1,7.3,6.2,31.4,21.4,78.3,16.5,13.2,34.4,13.4,3.3,5.9,33.8,3.2,11.2,4.1,5.205,40
51059440701,VA,Virginia,Fairfax,51059,2895,2184,-77.2532501,38.8144058,4.7,24.7,13.5,31.0,79.2,9.7,9.0,5.5,80.1,91.8,9.1,72.2,4.2,6.8,78.4,18.4,10.2,21.6,18.6,5.7,3.5,11.7,5.9,40.9,5.0,4.7,3.7,29.9,16.5,82.3,10.9,9.4,21.7,9.8,2.1,3.1,32.1,2.6,3.2,2.8,3.975,40
51059450702,VA,Virginia,Fairfax,51059,4568,3331,-77.2033775,38.837048,22.1,18.5,14.1,28.7,70.4,4.3,9.6,4.9,72.1,82.7,17.6,57.8,5.1,13.4,59.8,18.9,12.6,31.8,29.4,23.6,15.8,23.8,5.3,35.4,18.6,8.5,11.2,39.3,31.2,77.3,15.9,13.2,29.1,13.9,3.9,9.8,39.7,2.8,12.2,6.5,5.2975,40
51059431300,VA,Virginia,Fairfax,51059,4419,3131,-77.2436285,38.7674808,6.1,23.5,14.2,30.5,76.8,8.2,9.6,5.2,78.6,90.5,10.6,67.9,4.6,8.7,74.1,19.7,10.5,23.0,19.8,8.1,5.6,13.6,5.5,38.9,7.1,5.5,4.9,31.1,18.6,80.2,12.4,10.1,24.5,10.7,2.5,4.5,34.8,2.6,7.9,3.4,4.35,40
51059482505,VA,Virginia,Fairfax,51059,3528,2611,-77.4263608,38.9218618,4.5,17.7,12.4,25.8,74.6,6.3,7.9,3.9,77.6,90.3,8.2,66.6,2.8,6.0,74.5,15.6,8.7,18.3,22.1,6.7,3.7,10.1,4.4,35.7,5.7,4.0,4.0,32.3,16.7,82.3,10.5,7.1,18.8,7.9,1.6,3.4,35.3,2.0,4.1,2.5,3.5174999999999996,40
51059430400,VA,Virginia,Fairfax,51059,7217,5427,-77.2331389,38.8028289,6.8,21.8,14.1,28.9,76.6,7.8,8.8,4.9,78.0,90.5,10.0,67.9,3.9,7.7,72.4,18.1,10.1,21.9,21.1,7.5,4.4,12.6,5.3,38.6,6.8,4.9,4.5,31.9,18.5,80.7,11.7,9.2,22.7,10.0,2.1,3.9,35.1,2.4,8.3,3.1,3.7775000000000007,40
51061930304,VA,Virginia,Fauquier,51061,2564,2086,-77.7224372,38.806579,4.7,31.1,14.6,35.6,81.6,12.1,9.6,6.7,82.6,92.1,9.9,77.3,5.3,7.9,79.2,20.6,10.9,26.5,15.8,5.3,3.7,12.9,7.4,42.6,4.9,5.5,3.7,27.8,17.0,80.7,12.5,11.7,28.7,11.2,2.4,3.2,27.9,3.1,5.0,3.1,4.5175,40
51059480802,VA,Virginia,Fairfax,51059,3910,3012,-77.3721513,38.9698035,6.1,18.9,14.5,26.6,73.5,6.3,8.7,4.0,76.8,89.3,9.6,68.6,3.3,6.8,74.0,18.1,9.2,19.7,20.0,7.8,4.9,11.8,4.3,35.7,7.0,4.5,4.8,31.4,16.8,81.6,11.6,7.7,23.3,9.0,2.0,4.4,35.2,2.0,4.4,3.0,3.7625,40
51059450900,VA,Virginia,Fairfax,51059,1704,1346,-77.1846865,38.8518932,6.3,23.1,14.3,29.9,77.8,8.6,8.9,5.2,78.7,91.1,9.6,71.5,4.0,7.3,77.8,18.5,10.3,21.8,19.4,6.6,4.0,12.2,5.6,39.6,6.0,4.7,4.1,30.7,17.4,82.7,11.4,9.2,22.9,9.9,2.1,3.6,32.2,2.5,3.8,3.0,3.8599999999999994,40
51059460702,VA,Virginia,Fairfax,51059,4649,3346,-77.2632296,38.8926878,4.8,23.4,14.4,30.0,77.2,8.5,9.2,5.0,79.1,91.4,9.4,68.4,4.0,7.4,80.0,19.2,10.0,21.1,18.3,6.2,4.0,11.8,5.3,39.2,5.7,4.8,4.1,29.7,16.7,82.1,11.5,9.1,23.6,9.9,2.2,3.7,32.1,2.4,4.9,2.9,3.925,40
51059491301,VA,Virginia,Fairfax,51059,6797,5073,-77.4688671,38.8153258,7.5,18.4,14.1,26.6,73.4,5.3,9.2,3.9,76.4,88.5,11.2,63.1,3.6,8.5,70.3,18.3,10.1,21.5,23.6,10.2,6.2,13.6,4.1,36.1,8.7,5.3,5.7,34.5,19.6,78.8,12.9,8.6,23.2,10.0,2.3,5.0,37.1,2.1,6.6,3.4,4.03,40
51059452102,VA,Virginia,Fairfax,51059,3354,2738,-77.1961058,38.8184488,11.0,24.5,12.0,33.8,78.9,7.7,9.1,6.7,78.1,88.3,12.8,65.6,5.7,10.1,67.8,17.6,13.8,28.9,24.1,13.5,8.9,18.7,7.1,40.8,10.2,7.1,7.0,34.4,25.8,78.6,12.8,13.7,24.7,12.6,3.4,5.9,35.2,3.4,8.0,5.1,4.495000000000001,40
51059452501,VA,Virginia,Fairfax,51059,3912,3177,-77.170137,38.8091897,10.0,22.9,13.0,31.7,77.0,7.1,9.2,5.8,77.3,88.5,12.4,65.5,5.1,10.2,68.0,18.1,12.5,26.6,24.2,12.4,8.0,17.2,6.1,39.5,9.9,6.5,6.5,34.3,23.8,79.0,13.0,12.1,24.7,12.0,3.0,5.6,36.5,3.0,7.8,4.5,4.205,40
51059422000,VA,Virginia,Fairfax,51059,3979,3192,-77.1937315,38.7241216,8.9,29.1,10.8,38.1,82.0,10.7,9.6,8.0,81.5,91.0,11.8,66.8,5.9,8.5,69.9,17.0,13.4,31.2,22.5,11.0,7.8,17.6,8.9,41.1,9.3,7.6,6.2,33.3,24.5,81.4,12.0,15.5,25.4,12.6,3.4,5.8,35.4,4.1,6.9,5.0,4.5825000000000005,40
51059482002,VA,Virginia,Fairfax,51059,3545,3003,-77.345466,38.972905,4.1,24.0,15.0,29.5,77.7,9.4,9.6,4.9,79.4,91.7,9.0,73.6,3.8,6.3,80.9,20.5,9.1,20.2,16.6,5.1,3.4,10.6,5.1,38.7,5.1,4.4,3.6,29.2,14.5,83.1,11.5,8.4,23.8,9.4,2.0,3.4,30.8,2.3,2.3,2.6,3.7250000000000005,40
51059482603,VA,Virginia,Fairfax,51059,3501,2604,-77.3772411,38.8788529,4.6,21.8,12.7,29.1,78.1,8.1,8.5,4.7,79.8,91.6,8.5,65.2,3.4,6.3,76.9,16.6,10.1,20.1,20.4,6.1,3.4,11.0,5.1,39.3,5.3,4.3,3.8,31.1,17.1,81.5,10.5,8.6,20.4,9.0,1.9,3.2,33.4,2.3,3.6,2.8,3.59,40
51059440800,VA,Virginia,Fairfax,51059,6397,4863,-77.2410705,38.8280602,5.2,25.1,12.8,31.7,80.1,9.7,8.8,5.7,80.5,91.8,9.1,70.4,4.2,6.7,76.2,17.6,10.8,22.6,19.1,6.1,3.6,12.2,6.2,41.3,5.2,4.9,3.8,30.3,17.8,81.0,10.7,10.1,21.4,10.0,2.2,3.2,32.2,2.7,5.7,3.1,3.687500000000001,40
51061930704,VA,Virginia,Fauquier,51061,3920,3180,-77.6242992,38.5493987,7.7,29.9,15.7,36.2,78.8,9.3,10.4,6.8,79.6,88.6,13.9,70.5,6.9,12.9,70.4,22.8,12.6,31.1,19.8,10.2,7.9,17.7,7.2,40.7,8.8,7.5,6.1,31.3,22.4,77.7,16.1,14.1,34.0,13.7,3.4,5.7,33.1,3.5,10.3,4.3,5.102500000000001,40
51059432500,VA,Virginia,Fairfax,51059,5758,4230,-77.2526381,38.7551834,4.5,23.1,14.6,29.7,77.6,8.7,9.3,4.7,79.6,92.0,8.8,70.8,3.7,6.7,80.5,19.0,9.6,19.8,18.3,5.5,3.4,10.8,4.9,39.1,5.4,4.3,3.7,29.8,15.2,80.7,11.2,8.3,23.3,9.3,1.9,3.4,31.9,2.3,4.8,2.6,3.7075000000000005,40
51059452301,VA,Virginia,Fairfax,51059,3568,2866,-77.2152908,38.8296645,14.2,22.8,10.7,34.3,77.1,5.3,9.3,6.3,77.0,86.1,15.0,57.3,6.2,13.4,58.9,17.6,16.6,31.0,27.3,22.0,16.2,23.6,6.2,40.7,15.2,8.5,10.2,36.3,32.2,73.9,14.3,15.4,27.4,14.3,4.3,9.2,39.4,3.5,9.5,6.9,4.955,40
51059481500,VA,Virginia,Fairfax,51059,2289,1767,-77.3370658,38.9189251,4.0,27.0,13.7,32.9,80.6,11.3,9.2,6.0,81.4,93.1,8.4,73.1,4.3,6.2,79.9,18.8,10.2,21.6,16.5,4.6,2.9,11.1,6.4,41.8,4.3,4.5,3.2,28.1,15.3,83.3,10.4,9.5,22.9,9.9,2.1,2.9,30.5,2.7,3.9,2.7,3.6750000000000007,40
51059461802,VA,Virginia,Fairfax,51059,5448,4338,-77.3040196,38.8720349,5.5,18.3,15.0,25.0,72.4,6.2,9.1,3.6,76.5,89.4,9.7,67.5,3.1,6.9,75.7,19.2,8.3,19.3,20.5,7.3,4.5,10.9,4.0,34.5,6.8,4.5,4.6,32.5,16.3,82.5,12.3,7.3,22.4,8.7,1.8,4.2,34.8,1.9,4.4,2.7,3.6,40
51059482100,VA,Virginia,Fairfax,51059,3258,2680,-77.3374464,38.9680419,6.6,24.2,14.4,30.7,77.2,8.7,9.9,5.2,78.8,90.6,10.6,68.9,4.5,7.8,76.2,20.2,10.2,23.4,18.9,8.0,5.6,13.3,5.6,38.2,7.5,5.5,5.0,31.1,18.0,80.3,12.5,10.2,25.7,10.6,2.5,4.8,33.2,2.7,4.7,3.4,4.05,40
51059431400,VA,Virginia,Fairfax,51059,4405,3245,-77.2299357,38.7681302,6.1,21.6,14.2,29.2,76.0,7.3,9.2,4.7,78.3,90.5,10.0,65.8,3.8,7.8,74.5,18.6,10.1,21.5,20.6,8.0,5.1,12.6,5.0,37.8,7.3,5.0,4.8,31.6,18.0,81.1,12.0,9.0,24.0,9.9,2.2,4.5,34.5,2.4,6.2,3.1,3.9474999999999993,40
51059491602,VA,Virginia,Fairfax,51059,5310,4105,-77.4181238,38.8816575,9.8,21.0,13.0,30.0,76.0,6.2,8.8,5.2,76.8,88.0,12.0,62.3,4.6,9.7,68.6,17.5,12.3,24.9,24.4,12.2,7.5,16.4,5.4,39.0,9.6,6.0,6.4,34.3,23.3,79.4,12.7,10.9,23.8,11.4,2.8,5.4,37.0,2.7,11.7,4.3,4.3675,40
51061930206,VA,Virginia,Fauquier,51061,2220,1770,-77.8194688,38.6476043,6.8,30.3,15.5,35.3,79.1,10.1,10.4,6.6,80.4,89.9,12.7,72.0,6.5,11.6,72.7,22.7,11.7,29.2,18.7,8.5,6.5,16.2,7.0,41.3,7.5,6.8,5.3,30.4,20.3,80.4,15.1,13.1,32.2,13.0,3.0,4.7,32.0,3.2,7.6,3.8,5.3475,40
51059450200,VA,Virginia,Fairfax,51059,4330,3096,-77.1914399,38.8712906,19.7,20.5,14.0,30.0,71.6,5.0,9.8,5.7,73.0,82.8,17.8,57.8,6.0,14.1,61.9,20.5,13.3,32.7,26.0,23.3,17.5,24.5,6.2,36.5,17.5,9.3,11.3,37.1,30.9,78.2,16.1,14.4,29.8,14.6,4.4,10.1,38.7,3.1,14.9,7.1,5.492500000000001,40
51059422401,VA,Virginia,Fairfax,51059,2447,1953,-77.1453114,38.7606985,7.0,18.1,16.0,26.3,69.5,4.9,10.5,3.5,75.5,87.2,12.7,66.8,3.7,9.4,72.8,21.7,8.8,22.5,21.9,11.6,8.9,13.7,3.7,31.7,10.9,6.0,7.0,34.6,18.6,81.4,15.2,8.4,28.2,10.1,2.5,7.3,37.7,2.1,6.0,3.5,4.1775,40
51059481101,VA,Virginia,Fairfax,51059,2376,2080,-77.3970252,38.9530276,6.0,10.7,15.8,17.9,60.4,3.1,8.0,2.0,72.1,86.0,9.6,63.7,1.9,6.2,74.7,17.3,5.5,16.1,23.8,8.2,4.5,9.3,2.6,27.8,7.2,3.9,4.9,35.9,15.2,82.6,12.3,4.5,19.0,6.8,1.3,4.0,35.3,1.1,3.2,2.3,3.8675000000000006,40
51059490501,VA,Virginia,Fairfax,51059,3326,2686,-77.4130304,38.8368365,7.6,16.1,15.3,24.2,70.2,4.6,9.0,3.6,74.6,86.7,11.6,60.9,3.2,8.2,69.3,19.2,9.0,21.2,23.4,10.2,6.2,12.8,4.0,33.5,8.7,5.2,5.9,35.2,19.0,78.7,13.6,7.6,22.6,9.3,2.0,5.0,37.1,1.9,7.5,3.2,3.9325,40
51059491801,VA,Virginia,Fairfax,51059,2324,1886,-77.3946652,38.8575252,6.9,16.9,15.1,24.8,69.6,4.8,9.5,3.5,74.9,87.0,11.8,62.1,3.5,8.9,70.2,20.1,8.7,21.4,22.7,10.5,7.1,13.1,3.9,33.1,9.0,5.5,6.2,34.7,18.8,80.7,14.0,7.8,23.8,9.6,2.2,5.6,36.9,1.9,7.5,3.3,4.194999999999999,40
51059491703,VA,Virginia,Fairfax,51059,5035,4231,-77.3569829,38.8547254,5.8,13.9,17.7,20.6,64.7,4.1,9.6,2.5,73.7,86.8,11.0,64.0,2.4,6.6,74.7,21.1,6.4,18.4,20.8,7.9,5.0,10.1,2.9,28.9,7.9,4.6,5.3,34.8,14.8,81.7,14.0,5.6,23.3,7.9,1.6,4.9,35.2,1.4,6.6,2.5,3.7574999999999994,40
51059430700,VA,Virginia,Fairfax,51059,2923,2334,-77.2015728,38.7857498,10.0,20.4,13.6,28.8,75.2,6.4,8.6,4.9,76.5,88.5,11.5,62.5,4.2,9.1,70.8,17.6,11.2,24.0,23.6,11.3,6.8,15.4,5.3,38.0,9.4,5.6,5.9,33.9,22.3,80.7,12.5,10.2,24.0,10.9,2.5,5.2,35.5,2.5,9.0,4.0,4.2175,40
51059422301,VA,Virginia,Fairfax,51059,3133,2443,-77.1283467,38.7801378,6.1,19.0,15.6,27.0,73.0,5.9,9.6,3.7,77.0,89.9,10.3,67.0,3.3,7.7,76.0,19.5,9.1,20.1,20.9,8.3,5.5,11.9,3.9,34.6,8.2,4.8,5.1,32.4,16.8,82.2,12.8,7.9,25.6,9.3,2.1,5.1,35.8,2.1,6.3,2.9,3.7399999999999998,40
51059491201,VA,Virginia,Fairfax,51059,6558,5016,-77.4481326,38.8418714,9.5,18.3,14.3,27.2,71.2,4.7,9.5,4.0,74.9,86.3,13.2,58.8,4.1,10.7,66.0,19.6,10.7,24.2,24.4,14.1,9.8,16.1,4.3,34.9,11.5,6.4,7.5,35.3,23.0,76.4,14.5,9.6,26.0,11.0,2.7,7.0,38.8,2.3,10.6,4.2,4.414999999999999,40
51059470800,VA,Virginia,Fairfax,51059,3255,2322,-77.183044,38.920754,3.9,23.5,12.9,30.0,79.3,9.3,8.6,5.0,80.9,93.0,7.7,68.3,3.5,5.6,81.5,17.2,10.0,19.3,17.9,4.8,2.7,10.3,5.4,41.0,4.3,4.0,3.2,28.9,15.4,81.0,9.8,8.4,20.6,8.9,1.8,2.7,30.8,2.4,4.0,2.6,3.65,40
51059480503,VA,Virginia,Fairfax,51059,3259,2543,-77.3712001,38.9879209,4.5,21.3,15.8,27.5,75.7,7.8,9.2,4.2,78.1,91.1,8.9,72.7,3.4,6.4,81.1,19.4,8.9,18.9,18.1,5.3,3.2,10.3,4.5,37.6,5.2,4.1,3.7,30.0,14.4,82.0,11.4,7.5,23.0,9.0,1.8,3.3,31.4,2.1,3.6,2.5,3.5300000000000002,40
51059452101,VA,Virginia,Fairfax,51059,5091,3971,-77.184375,38.8234565,8.4,22.1,13.0,30.6,77.1,6.9,9.2,5.1,78.2,89.8,11.1,66.8,4.3,8.8,67.7,17.7,11.7,23.9,23.2,10.5,6.6,15.0,5.2,39.0,9.0,5.6,5.7,33.5,21.3,79.4,12.4,10.5,24.4,10.9,2.6,5.1,37.3,2.7,8.6,3.8,4.085,40
51061930703,VA,Virginia,Fauquier,51061,2541,2022,-77.722683,38.4595467,7.8,29.4,16.4,34.8,77.6,9.1,10.6,6.3,78.7,88.3,14.3,70.6,6.9,13.7,70.8,23.5,11.6,30.7,20.6,9.9,7.5,17.4,6.8,40.2,8.7,7.4,5.9,32.2,22.2,76.3,16.6,13.6,33.5,13.7,3.2,5.4,32.8,3.3,8.2,4.1,5.272499999999999,40
51059480501,VA,Virginia,Fairfax,51059,3537,2731,-77.3611812,38.9992939,4.3,21.8,14.6,28.4,77.3,8.1,9.0,4.5,79.1,91.4,8.7,70.8,3.5,6.3,79.7,18.5,9.4,19.2,18.5,5.4,3.2,10.6,4.7,39.0,5.0,4.2,3.6,30.1,15.1,83.3,11.0,7.9,21.9,9.1,1.9,3.1,31.5,2.2,3.6,2.6,3.725,40
51059421900,VA,Virginia,Fairfax,51059,2916,1687,-77.1530607,38.7275332,8.9,12.2,19.8,20.0,54.7,2.9,10.5,2.2,70.2,83.2,15.1,55.0,2.9,11.0,68.1,23.9,5.7,22.5,24.2,13.1,10.0,13.1,3.0,25.2,13.4,6.3,8.2,37.5,17.9,78.9,18.0,5.9,28.7,9.5,2.0,8.4,40.5,1.4,8.5,3.2,4.3325000000000005,40
51059450100,VA,Virginia,Fairfax,51059,5524,4375,-77.2096115,38.8691906,13.1,20.1,13.9,29.0,71.5,5.3,9.6,5.1,74.1,84.8,15.2,60.9,5.4,12.8,58.8,20.6,11.9,28.3,24.7,18.1,13.5,19.9,5.5,36.1,13.9,7.8,9.1,35.5,26.6,75.5,15.3,12.0,27.9,12.9,3.5,8.4,39.1,2.7,9.4,5.4,4.8774999999999995,40
51059481000,VA,Virginia,Fairfax,51059,6231,4593,-77.4109061,38.9636519,17.6,16.5,14.0,26.7,67.7,3.6,9.6,4.2,72.0,81.7,17.0,57.2,4.7,12.9,58.9,19.6,11.4,29.4,27.6,23.1,16.9,21.9,4.6,33.2,17.5,8.4,11.4,38.5,28.6,76.9,16.1,11.5,28.3,12.8,3.7,10.1,40.1,2.5,11.3,6.2,5.1675,40
51059480402,VA,Virginia,Fairfax,51059,6028,4615,-77.3294905,39.0203972,3.7,23.6,13.4,30.3,79.6,9.4,8.7,5.1,80.7,92.4,8.0,71.7,3.6,5.6,79.9,17.7,10.0,19.4,17.4,4.6,2.6,10.3,5.3,41.0,4.1,4.0,3.2,28.9,14.9,83.6,10.1,8.2,20.9,9.0,1.8,2.6,30.4,2.3,3.1,2.5,3.6399999999999997,40
51059480203,VA,Virginia,Fairfax,51059,2828,2386,-77.23499,38.9269191,5.5,23.8,13.0,30.6,78.3,8.9,9.0,5.5,79.1,90.5,9.8,69.5,4.3,7.1,74.6,18.5,10.4,23.3,19.7,7.3,4.8,12.6,6.2,38.8,6.3,5.3,4.5,31.3,18.7,81.3,11.6,10.1,22.3,10.0,2.2,4.0,33.3,2.7,4.6,3.3,3.812499999999999,40
51059430600,VA,Virginia,Fairfax,51059,7152,5347,-77.18676,38.7874596,15.6,18.0,13.5,27.6,72.9,4.7,8.5,4.6,74.5,86.4,13.4,60.7,4.0,9.9,66.6,16.8,12.1,26.1,26.4,16.4,9.6,18.6,5.0,36.6,13.2,6.3,7.9,36.1,26.3,76.5,13.2,10.9,25.5,11.7,3.0,6.8,37.6,2.5,9.5,5.0,4.675,40
51061930305,VA,Virginia,Fauquier,51061,4677,3745,-77.8141732,38.7052922,8.1,30.1,14.7,36.6,79.4,9.4,10.5,6.9,80.2,88.3,13.8,72.8,6.9,12.1,71.6,22.7,12.7,31.7,19.3,11.4,9.6,18.2,7.4,40.0,9.4,8.0,6.7,31.3,23.2,80.5,15.8,14.8,33.9,13.5,3.6,6.3,31.9,3.6,8.4,4.7,5.46,40
51059482001,VA,Virginia,Fairfax,51059,4874,3841,-77.3264962,38.9792048,3.9,22.8,15.0,28.7,77.4,8.9,9.2,4.6,79.4,91.9,8.5,72.7,3.5,5.9,81.1,19.2,9.0,19.1,17.1,4.7,2.9,10.1,4.9,39.0,4.6,4.1,3.4,29.2,14.1,82.3,10.9,7.8,22.5,9.0,1.8,3.0,30.7,2.2,2.9,2.4,3.4074999999999998,40
51059461605,VA,Virginia,Fairfax,51059,3829,3529,-77.2334479,38.8776507,5.3,10.0,19.4,15.9,55.5,3.1,8.8,1.7,70.9,86.2,9.9,65.2,1.7,5.6,75.2,20.5,4.3,15.4,20.8,6.3,3.6,8.0,2.4,25.5,6.4,3.7,4.4,34.8,12.3,81.5,13.2,3.7,20.3,6.5,1.1,3.8,34.8,1.0,3.9,1.9,3.5074999999999994,40
51059480201,VA,Virginia,Fairfax,51059,4646,3501,-77.2176342,38.9460081,3.5,24.2,12.8,30.8,80.4,10.0,8.5,5.2,81.4,92.9,7.5,72.4,3.5,5.2,83.0,17.1,10.0,19.3,17.3,4.3,2.4,10.0,5.6,41.8,3.8,3.9,2.9,28.6,14.8,84.1,9.6,8.3,20.1,8.8,1.8,2.4,29.1,2.4,2.2,2.5,3.4850000000000003,40
51059481701,VA,Virginia,Fairfax,51059,6196,4623,-77.3603143,38.8976539,3.6,23.7,14.3,29.6,78.9,9.6,8.9,4.9,80.4,92.6,7.9,72.2,3.5,5.7,81.0,18.3,9.3,18.8,17.0,4.2,2.4,9.8,5.1,40.6,4.0,3.9,3.0,28.6,14.0,83.0,10.2,7.8,21.3,8.9,1.7,2.6,30.6,2.3,2.6,2.3,3.3974999999999995,40
51059480801,VA,Virginia,Fairfax,51059,5388,4003,-77.3858773,38.9776181,13.2,20.1,15.0,28.2,72.1,5.6,9.7,4.7,74.5,86.3,14.2,61.1,4.8,11.2,71.6,20.0,10.9,26.6,24.3,15.0,10.1,18.1,5.0,35.8,12.6,6.9,7.8,35.3,23.9,79.1,14.6,11.1,27.7,12.2,3.1,7.1,36.0,2.5,4.3,4.7,4.590000000000001,40
51059491401,VA,Virginia,Fairfax,51059,4934,3916,-77.4267685,38.8313107,8.2,18.1,14.0,26.8,72.3,4.9,9.0,3.9,75.5,87.3,11.9,62.2,3.8,9.8,74.1,18.7,10.5,22.6,24.5,11.8,7.5,14.5,4.3,35.7,9.7,5.6,6.3,34.9,21.8,80.6,13.6,9.0,23.8,10.4,2.4,5.7,35.3,2.2,7.3,3.7,4.12,40
51059491704,VA,Virginia,Fairfax,51059,5062,3997,-77.3661498,38.8517642,6.1,14.6,15.7,22.1,68.0,4.3,8.9,2.8,74.6,88.1,10.2,63.9,2.6,7.2,73.8,18.7,7.5,18.1,22.9,8.3,4.9,10.7,3.2,31.9,7.6,4.4,5.0,34.6,16.3,81.6,12.8,6.1,21.5,8.1,1.6,4.4,36.3,1.6,5.5,2.6,3.8900000000000006,40
51059470300,VA,Virginia,Fairfax,51059,3418,2498,-77.1381524,38.929091,3.9,25.8,13.8,31.6,80.1,10.8,9.1,5.6,81.2,92.9,8.2,71.6,3.9,5.8,82.2,18.8,9.7,20.7,16.0,4.4,2.7,10.6,6.0,41.2,4.1,4.3,3.1,28.0,14.7,82.2,10.3,8.9,22.4,9.4,1.9,2.8,29.3,2.5,2.3,2.6,3.6699999999999995,40
51059481103,VA,Virginia,Fairfax,51059,3664,2525,-77.4061185,38.9473416,9.4,16.9,11.9,27.6,71.9,4.2,8.8,3.9,75.7,87.0,11.9,59.3,3.6,10.1,64.6,16.2,10.9,23.1,27.8,15.0,9.9,16.0,4.1,34.8,11.8,6.0,7.4,36.6,23.8,80.9,13.1,9.5,23.4,10.2,2.6,6.8,40.2,2.3,9.3,4.1,4.57,40
51059491601,VA,Virginia,Fairfax,51059,5421,4021,-77.4307098,38.8863942,10.9,18.4,12.9,27.7,72.7,4.7,9.2,4.3,75.3,86.2,13.2,63.5,4.3,10.6,71.1,18.2,11.6,25.0,26.1,15.3,10.0,17.4,4.5,36.4,11.7,6.5,7.7,36.3,24.5,80.1,13.9,10.4,24.3,11.4,2.9,6.6,37.1,2.4,6.1,4.6,4.512500000000001,40
51059491701,VA,Virginia,Fairfax,51059,4127,3485,-77.3794583,38.8611759,5.3,17.8,15.1,24.5,72.1,6.0,9.1,3.5,76.5,89.4,9.7,67.2,3.0,6.7,75.4,19.0,8.2,18.9,20.9,7.1,4.3,10.6,3.9,34.3,6.7,4.4,4.5,32.9,16.0,81.0,12.3,7.0,21.9,8.5,1.7,4.1,35.0,1.8,4.7,2.6,3.5475000000000003,40
51059492202,VA,Virginia,Fairfax,51059,6831,5171,-77.2669774,38.7405861,3.8,23.5,14.2,30.1,78.5,8.9,9.2,4.8,80.3,92.3,8.4,72.9,3.6,6.2,81.3,18.6,9.8,19.3,17.7,5.0,3.0,10.5,4.9,40.1,4.8,4.1,3.5,29.2,14.7,82.4,10.8,8.2,22.7,9.2,1.9,3.1,31.1,2.3,3.6,2.5,3.3824999999999994,40
51059432701,VA,Virginia,Fairfax,51059,3132,2461,-77.2207466,38.7540026,5.7,23.1,14.1,30.5,78.0,8.3,9.3,5.0,79.4,91.4,9.5,73.4,3.9,7.0,78.9,18.6,10.4,21.4,19.7,6.8,4.2,11.9,5.2,39.1,6.5,4.7,4.3,31.0,16.9,82.2,11.6,9.1,23.7,9.8,2.1,4.0,32.8,2.5,4.4,2.9,3.7475,40
51059470100,VA,Virginia,Fairfax,51059,2769,2046,-77.1630928,38.959448,3.5,24.7,13.2,30.9,80.6,10.4,8.7,5.3,81.6,93.2,7.4,71.8,3.5,4.9,82.8,17.5,9.8,19.1,16.2,3.9,2.1,9.8,5.6,42.0,3.5,3.8,2.8,27.8,14.0,83.3,9.4,8.2,20.4,8.7,1.7,2.3,28.9,2.4,2.4,2.4,3.5824999999999996,40
51059431900,VA,Virginia,Fairfax,51059,3173,2386,-77.2579344,38.7974708,5.4,24.2,13.8,31.1,78.9,9.1,9.0,5.4,79.9,91.7,9.2,70.9,4.2,7.1,78.0,18.5,10.6,21.5,18.6,6.2,3.8,12.1,5.6,40.8,5.5,4.7,3.9,29.9,17.0,81.0,11.0,9.3,22.8,9.9,2.1,3.4,31.9,2.5,3.6,3.0,3.9199999999999995,40
51059482502,VA,Virginia,Fairfax,51059,3090,2227,-77.4139956,38.9121866,4.2,20.8,14.6,27.2,75.6,7.5,8.9,4.0,78.7,91.7,8.5,68.7,3.3,6.5,78.7,18.4,9.0,18.0,18.8,5.5,3.2,10.3,4.2,38.4,5.1,4.0,3.6,29.9,14.8,83.2,10.9,7.3,21.9,8.9,1.8,3.2,33.1,2.0,2.5,2.4,3.7024999999999997,40
51059491103,VA,Virginia,Fairfax,51059,6548,4944,-77.4613994,38.8395675,10.6,18.6,14.3,27.5,71.7,4.8,9.5,4.2,75.0,86.4,13.5,61.4,4.2,10.8,67.0,19.6,11.0,25.1,24.6,14.5,9.8,16.8,4.5,35.2,12.0,6.5,7.7,35.5,23.8,74.9,14.6,10.1,26.5,11.4,2.8,7.1,38.3,2.3,8.0,4.4,4.4725,40
51059491707,VA,Virginia,Fairfax,51059,4568,3684,-77.3765851,38.8694037,6.6,17.5,15.3,25.1,71.6,5.6,9.3,3.7,75.6,87.7,11.0,66.3,3.2,7.5,74.7,19.2,8.6,21.1,22.3,8.9,5.6,12.0,4.2,33.4,8.1,5.1,5.5,34.5,17.6,80.5,13.2,7.8,22.8,9.1,2.0,4.8,34.9,2.0,6.4,3.1,3.8775,40
51059432202,VA,Virginia,Fairfax,51059,4741,3539,-77.282473,38.7921787,6.2,23.3,14.0,29.7,77.4,8.6,9.2,5.2,78.8,90.9,10.1,66.6,4.2,7.6,75.5,18.9,10.0,22.6,19.8,7.2,4.5,12.7,5.6,38.8,6.5,5.2,4.4,31.3,18.0,80.4,11.8,9.7,23.1,10.2,2.2,3.9,33.4,2.5,6.0,3.2,4.085,40
51059440600,VA,Virginia,Fairfax,51059,3002,2260,-77.331492,38.838332,7.6,20.7,14.4,28.2,75.4,6.9,9.0,4.7,77.2,89.2,10.7,64.7,3.9,7.9,73.1,18.5,10.3,22.3,21.1,8.8,5.4,13.4,5.0,37.5,7.7,5.2,5.2,32.4,18.9,81.8,12.2,9.2,23.5,10.2,2.3,4.5,34.1,2.3,7.0,3.4,4.0375,40
51059431002,VA,Virginia,Fairfax,51059,2368,1707,-77.254875,38.7771746,7.8,20.1,13.2,30.0,75.0,5.3,9.5,4.5,77.6,88.9,11.5,65.5,4.0,9.4,72.6,18.5,11.8,23.2,23.1,12.2,8.7,15.2,4.5,36.7,10.4,5.8,6.7,33.5,21.7,81.4,13.2,10.0,26.3,10.6,2.7,6.7,36.8,2.5,7.1,4.0,4.125,40
51059452200,VA,Virginia,Fairfax,51059,6982,5287,-77.2091592,38.8220023,14.8,21.4,11.8,32.5,75.5,5.1,9.4,5.8,76.1,85.8,15.1,57.6,5.5,12.5,58.1,17.9,14.8,30.3,27.3,20.4,14.5,22.2,6.0,38.6,15.2,8.1,9.8,36.7,30.2,74.7,14.5,14.1,27.8,13.6,4.0,8.9,40.2,3.2,10.3,6.4,4.8774999999999995,40
51059461902,VA,Virginia,Fairfax,51059,1839,1283,-77.306651,38.8680135,17.2,14.3,15.1,23.9,63.7,3.1,9.3,3.3,71.0,82.5,16.2,49.8,3.5,12.2,53.7,19.2,9.7,27.1,28.8,20.8,13.7,19.5,4.0,30.9,17.4,7.3,10.2,39.3,27.3,74.5,16.2,9.5,28.1,11.8,3.0,9.4,42.7,2.0,16.1,5.2,4.9625,40
51059482504,VA,Virginia,Fairfax,51059,5277,3954,-77.3959131,38.9097905,3.7,21.5,13.8,28.0,77.8,8.2,8.6,4.3,79.8,92.1,7.9,69.3,3.2,5.7,79.1,17.6,9.3,17.7,18.3,4.7,2.5,9.8,4.4,39.8,4.3,3.8,3.2,29.5,14.3,82.1,10.2,7.3,20.5,8.6,1.7,2.6,32.7,2.1,2.3,2.3,3.5300000000000002,40
51059492203,VA,Virginia,Fairfax,51059,4014,3066,-77.2643325,38.7212462,4.2,23.7,14.3,30.1,78.3,8.8,9.4,4.8,80.0,92.0,9.0,73.6,3.8,6.6,79.9,19.0,9.9,20.1,18.3,5.5,3.3,11.0,4.9,40.1,5.1,4.4,3.7,30.0,15.3,81.6,11.2,8.5,22.9,9.6,2.0,3.2,31.6,2.4,3.3,2.7,3.585,40
51059422202,VA,Virginia,Fairfax,51059,6444,4688,-77.2400878,38.6924058,5.8,17.3,13.7,26.9,72.9,4.6,9.8,3.3,78.0,89.9,10.2,62.3,2.9,7.3,71.5,17.7,9.6,19.5,23.5,9.5,6.2,12.1,3.3,33.8,9.2,4.9,5.7,34.4,17.5,82.4,12.7,7.7,24.9,8.9,2.1,5.8,39.5,2.0,5.0,3.1,3.7050000000000005,40
51059421800,VA,Virginia,Fairfax,51059,5933,4561,-77.1264136,38.7240814,14.4,21.3,13.3,32.9,73.2,4.6,10.9,5.1,75.7,85.0,16.8,63.3,5.6,13.9,60.4,20.2,13.6,30.9,27.6,22.8,18.4,22.5,4.9,35.1,18.5,9.0,11.5,38.0,28.9,77.8,16.7,14.0,32.8,13.8,4.4,11.8,43.0,3.2,11.5,6.4,5.0225,40
51059481202,VA,Virginia,Fairfax,51059,6301,4601,-77.3709877,38.9456001,12.8,20.2,14.0,29.6,73.0,5.4,9.9,4.9,75.4,86.1,14.5,60.2,4.8,11.2,64.3,19.6,11.8,27.5,24.7,16.6,12.0,18.9,5.0,35.6,13.6,7.3,8.7,35.8,25.0,77.2,14.8,11.7,28.4,12.3,3.4,8.1,38.9,2.7,12.7,5.1,4.772499999999999,40
51061930204,VA,Virginia,Fauquier,51061,3468,2814,-77.8966685,38.7915771,6.0,31.9,15.0,37.2,80.4,10.6,10.4,7.1,81.2,90.3,12.6,72.4,6.9,11.7,74.1,22.6,12.6,29.9,18.2,8.2,6.5,16.5,7.4,42.6,7.1,7.0,5.2,29.7,20.7,79.9,14.9,13.9,32.7,13.4,3.2,4.7,30.3,3.5,9.1,3.9,5.1475,40
51059422402,VA,Virginia,Fairfax,51059,5236,3969,-77.1329366,38.7648774,5.8,18.4,15.9,26.0,71.5,5.7,10.0,3.4,77.1,90.1,10.2,67.4,3.1,7.4,76.8,20.0,8.4,19.4,20.3,8.1,5.6,11.4,3.5,33.4,8.3,4.8,5.1,32.3,15.8,83.0,12.9,7.4,26.1,9.0,2.0,5.3,35.6,1.9,6.8,2.8,3.8074999999999997,40
51059451000,VA,Virginia,Fairfax,51059,2707,2193,-77.1826546,38.8416805,7.7,24.9,13.2,32.4,79.4,8.9,9.0,6.0,79.3,91.0,10.4,68.8,4.7,8.1,71.5,18.0,11.6,24.9,20.5,8.3,5.2,14.5,6.4,40.6,7.0,5.6,4.7,31.4,20.4,80.6,11.5,11.4,23.5,11.0,2.6,4.1,33.9,3.0,7.3,3.7,4.1675,40
51059460900,VA,Virginia,Fairfax,51059,2631,1916,-77.259836,38.9113136,4.6,24.2,14.0,30.3,78.5,9.5,9.0,5.2,79.9,91.9,8.9,69.4,4.0,6.7,81.1,18.7,9.8,21.1,17.7,5.5,3.4,11.4,5.7,40.1,4.9,4.6,3.6,29.3,16.0,83.4,10.9,9.1,22.2,9.7,2.1,3.1,30.3,2.5,4.9,2.8,3.9725,40
51059482400,VA,Virginia,Fairfax,51059,2344,1761,-77.3106466,38.9404043,3.7,23.9,14.6,29.6,78.6,9.6,9.1,5.0,80.1,92.3,8.3,72.2,3.6,5.9,81.2,19.0,9.3,19.5,16.8,4.4,2.6,10.1,5.3,40.0,4.2,4.1,3.2,28.8,14.2,81.7,10.6,8.2,22.0,9.1,1.8,2.8,30.5,2.3,3.0,2.4,3.4200000000000004,40
51061930203,VA,Virginia,Fauquier,51061,2703,2247,-77.9881263,38.885797,6.9,31.7,14.5,37.6,81.2,10.9,10.0,7.2,81.7,90.9,11.8,75.0,6.6,10.6,75.2,21.2,12.6,29.3,18.1,8.2,6.1,16.3,7.5,42.9,7.0,6.6,5.0,29.3,20.5,79.1,13.8,13.7,31.8,12.8,3.1,4.4,30.4,3.5,6.5,3.9,4.86,40
51059470700,VA,Virginia,Fairfax,51059,5753,4129,-77.170277,38.9222237,3.8,22.7,13.6,29.3,78.5,8.9,8.7,4.8,80.2,92.3,8.0,68.9,3.4,5.7,81.4,17.6,9.6,19.3,17.8,4.8,2.8,10.2,5.2,39.9,4.4,4.1,3.3,29.3,15.1,83.4,10.2,8.1,20.8,8.8,1.8,2.8,30.4,2.3,3.1,2.5,3.5375000000000005,40
51059461201,VA,Virginia,Fairfax,51059,4633,3500,-77.3126083,38.8870961,3.5,24.8,13.8,30.6,79.6,10.3,9.0,5.2,81.1,93.0,7.9,73.0,3.6,5.5,80.8,18.4,9.6,19.4,16.6,4.1,2.4,9.9,5.5,41.3,4.0,4.0,3.0,28.3,13.9,83.7,10.1,8.2,21.6,9.1,1.8,2.6,30.6,2.4,3.4,2.4,3.5149999999999992,40
51059482201,VA,Virginia,Fairfax,51059,2481,1842,-77.34107,38.9591868,11.5,20.0,15.2,28.4,71.7,5.7,10.0,4.8,74.6,85.5,14.5,62.4,4.8,10.8,67.5,21.1,10.6,27.1,22.8,15.0,11.3,17.6,5.2,34.4,12.5,7.3,8.3,35.0,23.1,78.3,15.2,11.0,28.2,11.9,3.2,7.7,36.9,2.6,13.2,4.8,4.7124999999999995,40
51059460800,VA,Virginia,Fairfax,51059,3162,2385,-77.250557,38.9020666,4.9,24.3,14.0,30.6,78.3,9.2,9.2,5.3,79.5,91.4,9.4,68.8,4.2,7.1,77.0,19.2,10.2,21.5,18.0,6.0,3.9,12.0,5.6,40.2,5.3,4.8,3.9,29.6,16.6,81.6,11.3,9.3,22.9,10.0,2.2,3.4,32.7,2.5,3.7,3.0,3.9650000000000007,40
51059430102,VA,Virginia,Fairfax,51059,3117,2459,-77.3022141,38.802432,6.0,20.3,14.2,28.0,75.5,6.4,9.3,4.3,77.5,89.2,10.6,66.8,3.7,7.8,71.1,19.0,10.4,21.5,21.5,8.5,5.2,12.7,4.5,37.0,7.5,5.1,5.1,33.0,18.4,79.9,12.7,8.8,23.4,9.9,2.2,4.5,36.3,2.3,5.2,3.2,3.9200000000000004,40
51059430201,VA,Virginia,Fairfax,51059,4379,3296,-77.2964263,38.8082895,6.2,21.7,14.5,28.5,76.1,7.5,9.3,4.7,77.9,89.9,10.4,67.6,4.0,7.8,77.1,19.2,9.9,21.8,20.4,7.7,4.8,12.6,5.0,37.8,6.8,5.1,4.7,32.1,17.8,81.9,12.3,9.1,23.2,10.0,2.2,4.1,33.7,2.4,3.7,3.1,3.9875,40
51059492300,VA,Virginia,Fairfax,51059,3402,2529,-77.242462,38.7363597,6.5,19.9,15.2,27.0,74.3,6.7,9.2,4.2,77.2,90.0,10.0,68.9,3.5,7.3,75.4,18.9,9.3,20.3,20.6,7.6,4.6,11.8,4.4,36.2,7.2,4.6,4.7,32.1,16.7,80.9,12.2,8.0,23.8,9.4,2.0,4.3,34.5,2.1,5.4,2.9,3.820000000000001,40
51059430802,VA,Virginia,Fairfax,51059,4276,3402,-77.2270784,38.7885941,7.3,22.1,14.4,29.1,75.8,7.3,9.6,4.8,77.6,89.6,11.2,67.9,4.2,8.5,75.7,19.9,10.2,23.2,20.7,9.2,6.1,13.8,5.1,37.2,8.3,5.6,5.4,32.5,19.4,81.8,13.0,9.8,25.2,10.6,2.4,5.0,34.2,2.5,6.0,3.5,4.062500000000001,40
51059481900,VA,Virginia,Fairfax,51059,5821,4502,-77.3127711,38.9599681,5.8,22.8,14.5,29.8,77.0,8.2,9.5,5.1,78.4,90.0,10.5,69.8,4.2,7.7,75.2,19.4,9.9,22.8,19.9,7.5,5.0,12.7,5.5,37.8,6.7,5.3,4.7,31.9,17.8,80.8,12.3,9.6,23.6,10.1,2.3,4.2,32.9,2.6,4.2,3.2,3.8,40
51059452600,VA,Virginia,Fairfax,51059,6347,5037,-77.1521699,38.8009935,8.0,19.4,14.2,28.9,73.6,5.5,9.8,4.1,77.4,89.1,11.3,66.3,3.7,8.3,70.9,18.5,10.3,22.4,22.5,11.3,8.0,14.2,4.2,34.7,10.4,5.6,6.5,33.7,19.5,81.5,13.1,9.2,27.0,10.0,2.5,6.5,37.7,2.4,6.5,3.7,4.119999999999999,40
51059450400,VA,Virginia,Fairfax,51059,2726,2215,-77.168111,38.8613778,7.2,23.2,14.3,30.1,77.4,8.3,9.3,5.2,78.4,90.7,10.4,68.9,4.3,7.9,77.4,18.8,10.6,22.8,20.2,7.8,4.8,13.4,5.5,39.5,6.9,5.2,4.6,31.5,18.3,81.6,11.9,9.9,23.7,10.5,2.4,4.0,32.8,2.6,6.0,3.3,4.090000000000001,40
51059451502,VA,Virginia,Fairfax,51059,4924,3916,-77.1269418,38.8533565,12.1,23.7,12.6,32.7,77.4,7.8,9.5,6.4,77.9,88.0,13.2,64.8,5.2,9.2,69.1,18.5,12.5,29.3,22.4,14.2,10.3,18.4,7.1,37.8,11.7,7.5,7.6,34.0,25.1,80.8,13.3,13.4,27.0,12.3,3.3,7.1,35.3,3.3,6.5,5.3,4.3575,40
51059471000,VA,Virginia,Fairfax,51059,2247,1706,-77.1870281,38.9017568,3.9,20.2,15.0,26.2,75.6,7.8,8.7,3.9,78.6,91.9,7.9,69.3,2.9,5.4,80.8,18.2,8.3,17.4,18.1,4.5,2.5,9.1,4.3,37.3,4.6,3.7,3.2,29.7,13.6,82.9,10.6,6.7,20.9,8.1,1.6,2.9,31.7,1.9,3.1,2.2,3.2900000000000005,40
51059481600,VA,Virginia,Fairfax,51059,3480,2622,-77.3352284,38.9025047,3.7,25.4,14.0,30.8,79.6,10.5,9.1,5.3,81.1,93.0,8.1,73.9,3.8,5.8,82.4,18.7,9.6,19.8,16.4,4.3,2.5,10.3,5.6,41.4,4.1,4.1,3.1,28.2,14.2,83.6,10.3,8.5,22.1,9.3,1.9,2.7,29.3,2.4,2.6,2.5,3.7,40
51059481201,VA,Virginia,Fairfax,51059,1156,943,-77.384211,38.9476928,4.6,22.7,13.8,30.2,78.5,8.1,9.0,4.8,79.7,91.4,8.9,73.8,3.8,6.7,77.9,18.0,10.4,19.8,19.5,6.0,3.6,11.3,4.8,40.1,5.3,4.4,3.8,30.6,15.9,82.9,10.9,8.5,22.2,9.3,2.0,3.3,33.1,2.4,3.2,2.7,3.8875,40
51059470400,VA,Virginia,Fairfax,51059,4994,3681,-77.1540845,38.9362124,3.7,24.9,13.6,30.7,79.9,10.2,9.0,5.2,81.1,92.9,8.0,71.8,3.7,5.4,82.9,18.4,9.7,19.8,16.3,4.3,2.5,10.3,5.6,41.0,4.0,4.1,3.1,28.2,14.4,82.5,10.1,8.5,21.6,9.1,1.9,2.6,29.1,2.4,3.1,2.5,3.6474999999999995,40
51059491502,VA,Virginia,Fairfax,51059,7014,5307,-77.4116361,38.8641311,3.8,21.1,12.9,28.8,78.2,7.5,8.5,4.4,79.8,91.7,8.1,67.2,3.3,6.0,77.4,16.8,10.3,18.4,19.7,5.5,3.0,10.5,4.5,40.2,4.7,4.0,3.5,30.3,15.8,82.4,10.3,7.8,20.3,8.8,1.8,2.9,33.1,2.2,3.1,2.6,3.4075,40
51059481104,VA,Virginia,Fairfax,51059,2948,2180,-77.4102485,38.9442444,6.7,12.9,13.7,22.0,66.1,3.5,8.1,2.7,73.8,86.9,10.2,60.8,2.4,8.0,75.6,16.3,7.6,18.2,26.3,10.4,6.0,11.4,3.1,31.2,8.7,4.4,5.6,36.0,18.7,83.1,12.5,6.0,20.3,7.9,1.6,4.9,35.8,1.6,5.8,2.8,4.0725,40
51059451602,VA,Virginia,Fairfax,51059,2885,2244,-77.1453706,38.8515749,9.1,21.4,13.8,30.3,75.0,6.4,9.6,5.1,77.1,88.2,12.4,64.7,4.5,9.4,68.5,19.3,11.7,25.3,22.4,12.4,8.7,16.3,5.3,37.1,10.5,6.3,6.9,33.6,21.8,80.8,13.5,10.9,26.7,11.3,3.0,6.5,37.1,2.7,7.6,4.4,4.245,40
51059451900,VA,Virginia,Fairfax,51059,6015,4724,-77.1543577,38.8234282,7.0,18.4,15.0,26.3,73.2,6.1,9.1,3.8,77.0,89.6,10.0,67.8,3.1,6.6,70.6,18.2,8.9,20.2,21.1,8.2,5.1,11.7,4.1,34.5,8.1,4.7,5.1,32.9,16.9,82.4,12.1,7.7,24.0,8.9,1.9,4.8,36.7,2.0,5.1,3.0,3.7675000000000005,40
51059451400,VA,Virginia,Fairfax,51059,3263,2452,-77.146627,38.8705495,24.0,21.4,12.4,32.7,74.1,4.6,9.3,6.6,73.6,82.5,18.4,56.6,6.5,14.7,53.9,18.7,16.2,35.7,28.6,27.7,20.5,28.0,6.9,38.8,19.8,10.0,12.7,38.2,36.4,77.1,15.7,16.9,29.7,15.7,4.9,11.2,39.9,3.7,17.7,8.5,5.5925,40
51059482206,VA,Virginia,Fairfax,51059,1154,1001,-77.3478597,38.9667029,6.0,31.3,10.6,40.0,84.4,11.2,9.2,8.3,83.2,92.5,9.7,71.5,6.0,7.4,73.3,17.9,15.4,28.1,18.1,7.7,5.7,15.8,8.5,45.8,5.9,6.2,4.6,29.1,22.3,82.2,10.6,14.4,23.8,11.9,3.0,4.1,31.2,4.0,7.6,4.4,4.257500000000001,40
51059422101,VA,Virginia,Fairfax,51059,6872,5190,-77.2112298,38.7084014,10.0,20.9,12.9,32.5,74.1,4.8,10.6,4.9,77.2,86.5,14.4,60.9,5.0,11.7,66.3,19.7,13.1,27.7,24.6,18.4,15.2,19.3,4.6,35.3,14.9,7.9,9.8,35.5,25.4,79.6,15.3,12.4,31.0,12.3,3.8,10.3,40.2,3.0,10.2,5.6,4.717499999999999,40
51059451300,VA,Virginia,Fairfax,51059,2491,1983,-77.153342,38.8675675,6.3,23.5,14.5,30.3,77.1,8.3,9.4,5.3,78.4,90.2,10.5,71.7,4.4,8.0,75.6,19.8,10.5,23.1,19.0,7.7,5.2,13.2,5.7,38.7,6.9,5.4,4.8,30.9,18.3,81.7,12.4,9.9,24.7,10.5,2.4,4.4,32.9,2.6,5.0,3.4,4.025,40
51061930405,VA,Virginia,Fauquier,51061,4932,3561,-77.7754716,38.7179146,6.9,25.3,16.7,31.4,75.4,7.6,10.5,5.0,78.7,88.3,13.0,66.1,5.2,11.1,70.9,22.8,10.4,27.0,19.4,9.7,7.4,15.3,5.4,36.9,8.8,6.6,6.0,31.5,19.6,77.0,15.9,11.3,32.8,11.8,2.9,5.7,33.8,2.7,7.2,3.7,5.077500000000001,40
51059471401,VA,Virginia,Fairfax,51059,3759,2851,-77.1976624,38.8849109,9.0,20.5,14.7,27.9,74.2,6.5,9.2,4.6,76.2,88.6,11.6,65.3,4.2,9.1,71.8,19.2,10.3,23.3,21.9,10.3,6.6,14.6,5.0,37.0,8.7,5.6,5.7,33.1,20.3,80.6,12.9,9.7,24.5,10.7,2.5,5.0,34.9,2.4,6.0,3.7,4.265,40
51059482507,VA,Virginia,Fairfax,51059,3656,2890,-77.4217944,38.9505903,6.4,11.6,15.7,19.6,62.8,3.0,8.5,2.2,72.9,86.4,10.3,60.1,2.1,6.9,71.4,17.5,6.5,17.2,25.1,9.0,5.1,10.1,2.6,28.7,8.4,4.2,5.4,36.4,16.3,79.9,13.0,5.1,20.8,7.4,1.5,4.7,38.3,1.3,5.7,2.5,3.8324999999999996,40
51059482203,VA,Virginia,Fairfax,51059,4695,4335,-77.3624427,38.959634,4.6,22.1,15.8,28.0,76.1,8.6,9.3,4.6,78.1,90.8,9.2,72.5,3.6,6.2,78.6,19.9,8.6,20.1,17.6,5.3,3.4,10.5,5.0,37.2,5.3,4.4,3.8,30.1,14.6,81.1,11.6,8.0,23.1,9.1,1.9,3.4,31.8,2.2,4.6,2.6,3.7624999999999993,40
51059461603,VA,Virginia,Fairfax,51059,5056,4090,-77.2721415,38.8712084,5.3,16.0,15.2,23.4,70.9,5.3,8.5,3.3,75.5,88.6,9.3,65.7,2.7,6.3,74.9,18.1,8.0,18.2,21.2,7.1,4.2,10.2,3.8,33.4,6.4,4.1,4.4,33.0,15.8,82.5,11.9,6.4,20.6,8.0,1.6,3.8,34.7,1.7,4.7,2.5,3.6449999999999996,40
51059480401,VA,Virginia,Fairfax,51059,4717,3424,-77.3068139,38.99028,3.3,22.5,13.8,28.7,78.6,9.1,8.6,4.7,80.3,92.6,7.6,70.0,3.2,5.1,80.7,17.6,9.2,18.3,17.4,4.0,2.2,9.4,5.1,39.9,3.8,3.7,2.9,28.9,13.9,79.7,9.9,7.5,20.2,8.4,1.7,2.5,31.2,2.2,2.5,2.3,3.4200000000000004,40
51059430902,VA,Virginia,Fairfax,51059,3415,2611,-77.2587998,38.7916693,7.8,22.4,13.0,31.1,77.2,6.8,9.1,5.3,78.2,89.4,11.1,67.4,4.5,8.9,71.8,18.4,12.3,24.0,21.3,10.6,7.1,15.3,5.4,39.3,8.6,5.7,5.8,32.1,21.6,80.0,12.4,10.7,25.2,11.1,2.7,5.3,35.9,2.7,4.8,4.0,4.09,40
51059491404,VA,Virginia,Fairfax,51059,4006,3051,-77.4383709,38.8131237,6.0,18.1,14.5,26.0,73.6,5.5,8.9,3.6,76.8,89.6,9.9,65.5,3.1,7.5,75.5,18.1,9.5,19.4,22.1,8.1,4.8,11.7,3.8,35.9,7.3,4.5,4.8,33.0,17.7,82.4,12.2,7.6,22.5,9.1,1.9,4.3,34.9,2.0,4.8,2.9,3.7425000000000006,40
51059461000,VA,Virginia,Fairfax,51059,2530,1884,-77.2747173,38.9020855,4.2,23.0,14.4,29.2,77.8,8.8,9.2,4.7,79.8,92.0,8.6,69.8,3.5,6.1,79.7,18.9,9.3,19.7,17.6,5.1,3.1,10.5,5.0,38.9,4.9,4.3,3.5,29.5,14.9,82.4,11.0,8.2,22.5,9.1,1.9,3.1,31.8,2.3,6.8,2.6,3.69,40
51059471303,VA,Virginia,Fairfax,51059,4153,3368,-77.2091642,38.8962791,6.9,18.7,14.8,25.7,72.2,6.1,9.1,4.0,75.6,87.9,11.0,67.4,3.7,8.1,75.4,19.5,9.0,21.4,21.5,9.2,5.9,12.7,4.5,34.8,7.9,5.2,5.4,33.4,18.4,81.0,13.0,8.2,23.0,9.6,2.1,4.7,34.2,2.1,4.7,3.2,4.0225,40
51059491302,VA,Virginia,Fairfax,51059,3405,2784,-77.4453462,38.8317317,7.5,16.9,15.4,25.0,70.1,4.7,9.3,3.6,74.4,86.4,12.3,63.0,3.5,9.4,71.0,19.9,9.3,22.2,24.1,10.9,7.0,13.5,4.0,33.6,9.3,5.6,6.3,35.7,20.0,81.8,14.4,8.1,23.8,9.9,2.2,5.5,37.0,2.0,9.7,3.4,4.1,40
51059461202,VA,Virginia,Fairfax,51059,6502,5064,-77.336499,38.8591863,5.5,17.0,14.2,25.1,71.7,5.1,8.9,3.5,76.4,88.6,10.2,62.5,3.1,7.5,74.2,18.3,9.1,19.5,22.4,8.6,5.4,11.7,3.8,34.5,7.5,4.7,5.2,33.7,17.6,80.3,12.6,7.3,21.9,8.8,1.9,4.7,35.7,1.9,3.4,2.9,3.7349999999999994,40
51061930102,VA,Virginia,Fauquier,51061,2744,2262,-77.7615866,38.8867425,7.3,30.2,15.1,35.4,79.9,10.3,10.0,6.7,80.8,90.3,12.1,72.2,6.2,10.5,75.6,21.8,11.8,28.8,17.9,8.1,5.9,15.8,7.2,41.6,7.1,6.5,5.0,29.7,20.2,80.6,14.3,13.0,31.6,12.6,3.0,4.5,29.6,3.2,4.9,3.8,5.154999999999999,40
51059452502,VA,Virginia,Fairfax,51059,5011,3580,-77.1493966,38.8153416,15.1,18.4,13.8,30.3,70.4,3.9,10.2,4.5,74.4,83.9,16.4,58.7,4.8,13.2,59.3,19.1,12.3,29.4,28.3,22.8,17.7,21.4,4.5,33.4,18.6,8.4,11.5,38.3,28.4,77.7,16.4,12.2,31.6,12.8,3.8,11.6,42.6,2.8,10.6,6.0,4.925,40
51059450500,VA,Virginia,Fairfax,51059,3065,2439,-77.181402,38.8637809,13.2,19.5,14.0,27.8,74.7,5.9,8.4,4.8,75.5,87.9,12.0,61.9,4.0,8.7,71.8,17.0,11.5,24.8,24.2,12.4,6.9,16.5,5.3,37.9,10.2,5.7,6.3,34.5,23.4,80.1,12.3,10.5,23.8,11.1,2.6,5.1,34.1,2.5,10.7,4.3,4.4525,40
51059461604,VA,Virginia,Fairfax,51059,2520,2010,-77.2528744,38.8770696,5.7,18.7,14.7,26.2,74.3,6.3,8.6,4.1,76.8,89.4,9.7,63.4,3.3,7.1,72.4,18.0,9.3,19.9,21.2,7.3,4.3,11.5,4.4,36.4,6.3,4.5,4.4,32.6,17.1,79.0,11.8,7.7,21.1,8.9,1.9,3.7,34.0,2.1,8.1,2.8,3.7250000000000005,40
51059452302,VA,Virginia,Fairfax,51059,5762,4014,-77.2178285,38.8220254,26.8,17.8,13.4,29.1,67.5,3.4,9.7,5.3,70.8,79.0,20.8,51.2,5.9,16.1,49.4,20.4,14.3,36.0,28.4,34.1,27.4,29.6,5.8,34.5,25.1,10.9,16.2,39.0,36.8,72.0,17.6,15.3,33.2,16.0,5.3,15.1,42.2,3.0,19.6,9.4,6.42,40
51059451601,VA,Virginia,Fairfax,51059,6129,4140,-77.1390073,38.8502385,37.7,16.6,14.2,27.8,63.9,2.9,9.8,5.4,67.3,74.3,25.2,43.6,6.0,17.7,46.4,20.9,14.1,41.5,31.3,41.4,32.1,35.2,6.3,33.6,30.4,12.7,19.6,42.2,41.5,67.2,19.2,16.8,34.5,17.9,6.1,17.0,41.8,3.0,24.3,11.5,6.8575,40
51059461700,VA,Virginia,Fairfax,51059,6937,5482,-77.2532257,38.8689851,6.8,17.4,13.9,26.0,72.2,5.2,8.6,4.0,75.8,87.6,10.4,66.9,3.3,7.5,73.8,17.9,9.7,20.8,21.8,9.7,6.1,12.9,4.3,35.0,8.0,5.0,5.6,33.1,18.9,81.6,12.2,8.0,22.6,9.2,2.1,5.0,34.7,2.1,4.1,3.4,3.8999999999999995,40
51059460503,VA,Virginia,Fairfax,51059,3778,2969,-77.2200457,38.9019952,5.4,18.2,14.8,25.8,72.9,5.9,8.9,3.9,76.6,89.2,9.8,64.7,3.3,7.1,75.9,18.8,9.0,19.5,20.5,7.5,4.7,11.5,4.2,35.7,6.6,4.6,4.7,32.1,16.6,81.5,12.1,7.5,22.0,8.9,1.9,4.1,33.6,2.0,4.5,2.9,3.6650000000000005,40
51153901235,VA,Virginia,Prince William,51153,3262,2389,-77.3364202,38.6980298,5.2,21.1,15.8,30.4,75.9,6.6,9.9,3.8,81.0,90.8,9.8,68.4,3.5,8.0,77.5,20.2,9.3,21.9,18.9,7.3,4.8,11.4,4.0,36.0,7.4,4.8,4.7,31.0,16.5,79.5,13.3,8.8,31.3,9.4,2.1,4.7,34.7,2.2,3.3,2.9,3.995,40
51153901228,VA,Virginia,Prince William,51153,6336,4682,-77.3642237,38.6397935,12.4,21.8,14.7,33.2,75.1,5.6,10.0,4.7,78.8,87.4,13.9,65.9,5.0,12.4,65.5,20.0,12.1,29.4,23.7,15.7,11.2,18.5,4.9,36.7,13.5,7.2,8.2,34.7,25.2,76.2,15.5,12.8,35.5,12.5,3.4,7.9,39.4,2.8,11.0,4.9,4.915,40
51107611202,VA,Virginia,Loudoun,51107,4735,3648,-77.3749149,39.0517538,5.2,25.1,13.6,32.4,79.0,9.5,9.1,5.3,81.4,91.5,9.6,67.5,4.0,6.8,79.6,18.6,9.3,23.8,16.8,5.9,3.6,12.3,6.3,38.4,5.4,5.0,3.9,30.4,17.2,79.6,12.0,9.9,26.9,10.0,2.1,3.5,27.0,2.6,4.5,2.9,4.3100000000000005,40
51107611502,VA,Virginia,Loudoun,51107,6550,5077,-77.4032175,39.0156284,14.0,21.6,13.5,31.4,74.9,6.0,9.2,5.0,77.3,87.2,13.7,60.6,4.7,10.6,66.9,18.2,11.5,28.6,23.2,14.4,8.8,19.0,5.6,37.0,11.8,6.7,7.4,35.4,25.5,77.0,14.4,12.1,30.8,12.3,3.1,6.3,32.7,2.7,11.7,4.7,4.81,40
51107611300,VA,Virginia,Loudoun,51107,6349,4771,-77.3859529,39.0114479,13.2,19.3,14.0,29.4,71.5,4.9,9.2,4.3,76.2,86.0,14.0,65.0,4.3,11.2,69.2,18.9,10.7,27.2,23.2,15.5,10.3,18.6,4.8,34.9,12.8,6.7,8.0,35.6,25.0,75.0,15.2,10.7,31.7,11.9,3.0,7.2,33.3,2.4,9.1,4.6,4.955,40
51153901420,VA,Virginia,Prince William,51153,4546,3138,-77.5594319,38.7715293,6.3,17.8,17.3,27.0,71.4,5.1,9.5,3.2,78.5,89.0,10.7,60.2,3.1,9.0,71.9,20.6,8.4,21.6,20.1,8.3,5.3,11.7,3.6,33.5,8.3,4.9,5.2,32.2,17.2,76.2,14.2,7.8,30.9,9.3,2.0,5.1,37.4,1.9,6.1,2.9,4.3774999999999995,40
51153900904,VA,Virginia,Prince William,51153,6853,4995,-77.2885287,38.5604161,7.7,19.2,14.7,31.8,73.9,4.6,10.4,3.6,80.2,88.8,12.0,63.2,3.6,10.1,71.0,19.1,10.5,24.9,24.0,12.8,9.1,14.5,3.6,33.5,12.4,6.0,7.3,35.1,20.8,78.2,15.1,10.0,35.0,10.2,2.7,7.7,40.7,2.4,7.9,3.8,4.6,40
51153901219,VA,Virginia,Prince William,51153,5662,4442,-77.3683538,38.7037012,5.1,25.8,15.4,34.1,79.2,9.2,9.7,5.3,82.0,91.5,9.9,72.1,4.6,8.7,78.4,20.7,10.4,24.5,17.5,6.5,4.3,12.4,5.7,40.2,6.3,5.2,4.3,29.4,17.2,79.6,12.9,10.5,31.0,10.6,2.4,4.0,32.6,2.7,4.7,3.0,4.09,40
51107611204,VA,Virginia,Loudoun,51107,5768,4399,-77.3725977,39.0390863,13.5,21.4,14.5,30.5,73.6,5.9,9.5,4.7,76.9,87.0,14.0,64.3,4.7,10.8,69.0,19.5,10.9,28.1,22.0,14.0,8.9,18.7,5.3,36.2,11.9,6.7,7.4,34.9,24.4,75.1,15.0,11.5,32.2,12.4,3.1,6.5,31.6,2.6,11.3,4.6,5.069999999999999,40
51107611206,VA,Virginia,Loudoun,51107,4311,3334,-77.392009,39.0575376,6.0,20.1,15.5,27.8,73.1,6.2,9.5,3.7,78.4,89.3,10.7,67.3,3.5,8.0,75.8,20.2,8.4,21.4,18.3,7.6,4.8,12.3,4.2,34.6,7.1,4.9,4.8,32.2,17.0,79.1,13.8,7.9,29.0,9.6,2.0,4.5,30.5,2.0,4.5,2.8,4.2475000000000005,40
51153901416,VA,Virginia,Prince William,51153,4984,3444,-77.542824,38.7240552,6.8,20.1,16.4,30.1,72.3,5.3,10.2,3.9,78.8,87.8,12.5,58.8,4.2,11.3,68.9,22.5,9.9,25.2,19.7,11.1,8.5,14.5,4.3,34.4,10.0,6.3,6.7,32.1,20.0,77.0,15.7,9.9,34.2,10.9,2.8,6.9,38.3,2.3,8.8,3.8,4.657500000000001,40
51153901009,VA,Virginia,Prince William,51153,7488,5428,-77.355868,38.6215185,6.3,22.7,15.9,31.7,76.3,7.4,10.1,4.4,80.7,90.4,10.7,69.8,4.2,9.1,73.2,20.9,9.7,24.0,19.2,8.3,5.8,12.8,4.7,36.9,8.1,5.4,5.2,31.3,17.7,79.0,13.8,9.9,32.1,10.3,2.4,5.1,36.0,2.4,4.1,3.1,4.2025,40
51107611805,VA,Virginia,Loudoun,51107,5069,3416,-77.4967137,38.8951302,5.1,18.7,15.3,26.7,71.9,5.6,9.3,3.2,78.6,89.9,10.0,60.7,3.1,8.0,77.0,19.6,8.1,19.6,18.6,7.0,4.4,11.5,3.6,34.5,6.5,4.5,4.4,31.7,16.4,76.8,13.3,7.2,27.8,9.1,1.9,4.2,30.5,1.8,6.3,2.6,4.4425,40
51153901015,VA,Virginia,Prince William,51153,3726,2602,-77.3147366,38.5841196,9.3,18.6,14.6,32.2,71.9,3.8,11.0,3.4,79.8,87.7,13.6,59.9,3.7,11.4,64.1,19.7,10.8,27.0,25.6,16.7,12.9,16.4,3.4,31.6,16.2,7.0,9.3,36.8,22.8,77.1,16.7,10.8,38.4,10.9,3.1,10.4,44.5,2.5,12.9,4.4,5.014999999999999,40
51107610506,VA,Virginia,Loudoun,51107,5646,4079,-77.5260435,39.0894872,9.2,19.5,14.2,29.3,71.6,4.9,9.7,3.9,77.4,87.0,13.3,57.9,4.1,10.7,68.7,20.3,10.1,25.4,21.4,13.2,9.4,16.5,4.3,34.1,11.3,6.4,7.3,34.6,22.6,75.2,15.5,9.9,32.1,11.2,2.8,7.1,33.9,2.2,8.2,4.1,4.67,40
51107610703,VA,Virginia,Loudoun,51107,5364,4071,-77.6503433,39.0966955,5.5,26.4,14.5,33.4,78.1,9.1,9.8,5.4,80.6,90.7,10.9,68.9,4.9,9.0,77.2,20.8,10.0,24.6,16.9,6.9,4.7,13.9,5.9,39.5,6.1,5.6,4.5,30.4,18.0,78.2,13.4,10.5,29.8,11.2,2.5,4.0,28.7,2.7,5.1,3.2,4.275,40
51153901900,VA,Virginia,Prince William,51153,8748,6357,-77.4478916,38.7873394,15.9,18.5,15.3,29.4,70.7,4.5,9.6,4.4,75.8,84.0,15.7,56.5,4.7,13.1,61.6,20.5,11.2,30.9,25.2,19.0,12.9,19.9,5.0,34.3,15.7,7.7,9.6,36.7,27.4,71.5,16.6,12.2,34.5,12.7,3.4,8.7,39.4,2.5,16.0,5.4,5.3225,40
51157950100,VA,Virginia,Rappahannock,51157,2729,2251,-78.1897421,38.7499605,7.9,33.6,13.9,40.0,80.7,11.0,10.7,8.1,80.7,89.1,14.3,72.4,8.5,14.0,67.5,23.7,13.6,33.3,19.6,10.6,8.7,19.2,8.6,42.8,8.4,8.3,6.1,31.9,24.6,73.7,15.9,16.3,35.2,15.0,3.8,5.5,35.2,4.0,11.7,4.7,5.4275,40
51153901505,VA,Virginia,Prince William,51153,7669,5456,-77.61703,38.8344415,5.3,21.9,15.7,30.8,76.3,7.0,9.6,4.2,80.7,90.4,10.1,64.5,3.9,8.7,72.9,20.4,9.6,22.7,18.6,7.4,4.9,12.2,4.5,37.5,6.9,5.1,4.7,30.6,17.2,76.7,13.2,9.3,30.1,9.9,2.3,4.4,36.0,2.3,5.7,3.0,4.317500000000001,40
51153901602,VA,Virginia,Prince William,51153,8294,6092,-77.4982233,38.7964637,14.7,19.1,16.0,29.7,71.2,4.9,9.7,4.3,76.5,85.3,14.9,60.7,4.5,12.3,67.6,20.6,10.7,29.8,24.1,16.7,11.4,18.5,4.9,34.2,14.6,7.3,8.8,35.7,25.5,77.7,16.2,11.7,35.0,12.2,3.2,8.2,38.2,2.5,11.6,4.9,4.9475,40
51107611011,VA,Virginia,Loudoun,51107,3833,2932,-77.4959445,39.0813289,6.3,17.9,15.7,26.5,70.1,5.0,9.7,3.2,77.3,87.8,11.5,62.0,3.3,8.7,71.2,20.8,8.1,21.5,19.4,9.0,6.1,12.8,3.7,32.4,8.3,5.2,5.6,33.5,17.7,77.6,14.7,7.6,29.6,9.5,2.1,5.3,33.0,1.8,5.6,3.0,4.467499999999999,40
51107611006,VA,Virginia,Loudoun,51107,5950,4146,-77.4598859,39.0182207,7.0,19.4,14.6,28.0,72.6,5.6,9.4,3.7,78.1,88.9,11.3,62.5,3.7,9.3,75.8,19.5,9.0,22.1,20.6,9.3,5.8,13.7,4.1,35.1,8.1,5.2,5.4,33.3,18.9,77.5,14.0,8.4,28.5,10.1,2.2,4.9,31.1,2.0,5.0,3.1,4.61,40
51107610601,VA,Virginia,Loudoun,51107,7193,5440,-77.5952768,39.0965719,7.2,24.3,15.2,31.8,75.8,7.9,9.9,5.0,79.0,89.0,12.2,64.2,4.9,9.9,76.5,21.4,9.6,25.6,17.8,8.9,6.4,14.9,5.6,36.9,7.8,6.1,5.4,31.8,19.4,77.4,14.5,10.5,31.3,11.4,2.6,5.0,28.6,2.6,8.5,3.5,4.805,40
51153901417,VA,Virginia,Prince William,51153,3427,2581,-77.6157075,38.72553,7.0,24.1,16.1,32.1,76.3,8.1,9.9,5.1,79.7,89.1,12.0,66.8,5.0,10.9,73.6,22.0,9.8,26.7,19.2,8.8,6.2,14.2,5.7,37.8,7.9,6.1,5.3,31.7,19.7,78.0,14.6,11.1,31.7,11.4,2.6,4.9,34.5,2.6,9.0,3.5,4.527500000000001,40
51153901016,VA,Virginia,Prince William,51153,5440,3805,-77.3065775,38.6011606,10.1,17.5,14.5,30.5,72.0,3.8,10.2,3.4,78.9,87.3,13.0,61.9,3.6,10.9,65.9,18.6,10.4,25.9,25.8,15.4,10.8,16.0,3.5,32.6,14.1,6.4,8.2,36.7,22.9,77.1,15.5,10.2,34.5,10.5,2.8,8.4,41.7,2.3,9.8,4.2,4.58,40
51153901230,VA,Virginia,Prince William,51153,4419,3280,-77.389239,38.6634529,10.8,22.1,14.6,33.9,75.5,5.4,10.4,4.7,79.3,87.5,14.0,65.4,5.1,12.6,68.5,20.5,12.3,29.4,23.8,15.4,11.3,18.2,4.8,36.5,13.4,7.3,8.3,34.9,24.5,76.6,15.9,12.8,35.9,12.5,3.5,8.2,39.5,2.9,9.0,4.8,4.845000000000001,40
51107611205,VA,Virginia,Loudoun,51107,6018,4491,-77.3786571,39.0252724,11.3,20.0,13.9,29.7,73.2,5.4,9.1,4.3,77.2,87.2,12.9,63.1,4.2,10.1,69.8,18.5,10.6,25.9,22.2,13.2,8.4,17.1,4.8,35.7,11.0,6.1,7.1,34.7,23.1,75.6,14.4,10.3,30.5,11.4,2.8,6.3,32.8,2.4,6.7,4.2,4.7675,40
51153901102,VA,Virginia,Prince William,51153,3607,2253,-77.3313676,38.5267349,11.2,7.9,23.4,15.6,38.3,1.7,10.2,1.3,68.8,74.9,18.2,52.8,2.4,11.2,62.0,26.8,3.1,26.9,23.2,14.4,10.5,12.7,2.7,19.4,13.2,7.1,9.5,40.5,18.0,73.7,21.6,4.4,31.3,8.8,1.5,7.9,38.7,0.8,12.2,3.3,5.13,40
51153901415,VA,Virginia,Prince William,51153,4224,2840,-77.572052,38.7409926,5.9,17.8,18.2,25.8,70.2,5.3,9.7,3.0,78.2,89.1,10.8,60.4,3.1,8.9,75.5,21.7,7.6,21.2,19.4,7.5,4.8,11.2,3.6,32.9,7.8,4.9,4.9,32.0,16.2,74.9,14.5,7.5,30.6,9.3,2.0,4.8,36.5,1.8,5.7,2.7,4.455,40
51107611102,VA,Virginia,Loudoun,51107,6225,4645,-77.4124143,39.0522021,6.3,21.7,15.3,29.1,74.9,7.2,9.3,4.0,79.1,90.3,10.2,69.6,3.7,7.8,78.4,19.8,8.7,21.5,17.7,7.0,4.4,12.3,4.5,36.3,6.7,4.7,4.4,31.1,16.7,74.7,13.0,8.3,28.9,9.8,2.0,4.0,29.0,2.1,2.8,2.8,4.4225,40
51107611901,VA,Virginia,Loudoun,51107,7388,5047,-77.5001788,38.9705643,4.6,14.8,12.0,25.1,72.0,4.0,7.5,2.7,78.9,90.3,7.9,57.7,2.2,6.4,75.5,14.6,8.6,16.4,21.8,7.1,3.6,10.2,3.1,34.9,6.0,3.5,4.1,32.6,17.1,78.7,10.9,5.8,21.9,7.5,1.4,3.5,32.1,1.5,4.3,2.3,3.9300000000000006,40
51107611028,VA,Virginia,Loudoun,51107,6439,4121,-77.5539788,39.0202945,4.3,16.6,14.2,25.5,71.4,5.0,8.3,2.8,79.1,91.0,8.1,58.1,2.4,6.6,78.0,16.9,7.7,16.6,19.0,6.0,3.3,9.9,3.2,34.3,5.6,3.6,3.8,30.9,15.2,78.8,11.5,5.9,25.0,7.8,1.5,3.5,30.8,1.5,3.8,2.2,3.8949999999999996,40
51107611207,VA,Virginia,Loudoun,51107,4325,3349,-77.3944404,39.0372878,5.9,19.7,15.1,27.9,73.0,6.1,9.3,3.7,78.3,89.1,10.6,66.6,3.5,8.1,76.4,19.6,8.5,21.3,18.9,7.8,4.9,12.4,4.2,34.8,7.1,4.9,4.9,32.4,17.3,77.3,13.6,7.9,28.2,9.5,2.0,4.4,30.5,2.0,4.5,2.8,4.3149999999999995,40
51153901303,VA,Virginia,Prince William,51153,5107,3713,-77.4863504,38.7272124,7.4,20.7,16.3,29.7,74.0,6.1,9.9,4.0,79.1,88.7,11.8,67.3,4.2,10.0,74.0,21.4,9.6,24.7,19.9,9.8,6.7,13.9,4.4,35.8,9.0,5.8,5.9,32.3,18.9,76.1,14.6,9.8,31.9,10.7,2.6,5.5,35.9,2.3,6.4,3.5,4.4575000000000005,40
51107610701,VA,Virginia,Loudoun,51107,5640,3905,-77.7329499,39.1281225,4.4,21.9,16.6,28.2,74.1,7.8,9.5,3.9,79.2,90.6,9.8,67.1,3.4,7.3,78.3,21.0,7.6,20.4,15.9,5.1,3.3,10.8,4.5,35.5,5.3,4.5,3.7,30.0,14.4,78.3,13.1,7.6,28.5,9.3,1.9,3.5,29.2,2.0,4.7,2.4,4.0725,40
51107611808,VA,Virginia,Loudoun,51107,5569,3786,-77.5296094,38.9115884,6.0,17.8,12.9,27.8,73.5,4.8,8.6,3.4,78.9,89.5,9.9,56.7,3.1,8.3,76.0,17.0,9.6,20.1,21.5,8.9,5.3,12.8,3.7,35.8,7.4,4.6,5.0,33.3,19.3,77.6,12.6,7.7,25.6,9.2,2.0,4.4,31.0,1.9,5.8,2.9,4.492500000000001,40
51107611701,VA,Virginia,Loudoun,51107,4797,3638,-77.405117,38.9907295,15.2,22.6,13.8,32.2,75.1,6.4,9.1,5.3,77.2,87.2,14.0,65.2,5.0,11.1,66.0,18.6,11.8,29.5,22.7,14.6,9.1,19.7,5.9,37.5,12.3,6.9,7.5,34.9,26.3,77.2,14.6,12.5,32.4,12.9,3.2,6.6,33.2,2.8,10.1,4.9,5.045,40
51153901012,VA,Virginia,Prince William,51153,3721,3119,-77.3236699,38.5975118,7.1,32.4,11.2,43.0,84.2,11.6,10.0,8.1,85.1,92.0,10.9,75.3,6.6,9.3,71.1,19.2,14.4,32.0,18.5,9.7,7.6,16.7,8.5,43.9,8.1,7.0,5.6,30.2,23.2,79.2,12.5,16.0,32.8,12.6,3.4,5.4,33.9,4.2,5.9,4.6,4.612500000000001,40
51153901013,VA,Virginia,Prince William,51153,3494,2493,-77.3277781,38.5735915,11.0,19.0,15.2,31.5,72.5,4.3,10.6,3.7,78.9,87.2,13.9,59.3,4.0,11.5,60.8,19.9,10.8,27.7,24.9,16.1,11.7,17.0,3.8,32.8,15.1,7.0,8.8,36.3,23.4,74.3,16.3,11.1,36.9,11.3,3.1,9.1,43.4,2.5,9.5,4.5,4.8100000000000005,40
51153900202,VA,Virginia,Prince William,51153,4127,3057,-77.2665481,38.6628993,17.8,18.7,16.1,29.4,71.5,4.7,9.2,4.3,75.8,85.4,15.0,61.0,4.2,11.8,62.8,19.4,11.1,30.5,25.6,17.2,10.2,19.1,5.0,34.6,15.3,7.0,8.6,36.7,27.4,72.4,15.9,11.9,35.1,12.5,3.1,7.7,39.6,2.5,9.1,5.1,5.0475,40
51107611027,VA,Virginia,Loudoun,51107,2163,1647,-77.534131,38.9979761,6.7,16.3,15.8,24.5,67.5,4.4,9.4,2.7,76.4,88.0,11.2,59.1,2.9,8.8,73.7,20.3,7.3,20.4,20.4,9.0,5.9,12.2,3.3,31.2,8.4,5.0,5.4,33.7,17.6,75.0,14.5,6.9,28.4,9.0,1.9,5.2,32.3,1.6,5.8,2.8,4.5649999999999995,40
51153900601,VA,Virginia,Prince William,51153,3950,2869,-77.2572448,38.6362957,19.2,19.6,14.9,31.5,71.8,4.6,9.5,4.8,76.3,84.1,16.4,54.3,5.1,13.6,54.8,19.9,12.7,33.2,24.9,22.1,15.7,22.6,5.4,35.2,18.1,8.4,10.9,36.1,30.3,70.6,16.5,13.9,37.5,13.8,4.0,10.3,40.8,2.8,26.8,6.5,5.5600000000000005,40
51107611018,VA,Virginia,Loudoun,51107,4004,3257,-77.443079,39.0325747,8.0,37.0,7.8,45.3,86.6,15.8,8.7,10.4,86.4,93.0,10.4,71.0,6.9,6.3,77.1,15.4,13.6,36.7,17.5,7.7,5.3,17.8,12.8,44.7,6.1,7.9,4.7,30.9,25.8,79.1,10.5,18.5,25.7,13.0,3.3,3.9,25.2,4.9,11.0,5.0,5.464999999999999,40
51153900702,VA,Virginia,Prince William,51153,8133,5981,-77.2636848,38.6182696,11.9,19.1,15.5,30.2,73.4,5.1,9.5,4.0,78.4,87.6,12.6,61.2,3.9,9.9,65.9,19.0,10.6,26.7,22.4,13.7,9.1,16.0,4.4,34.3,12.5,6.2,7.5,34.0,22.6,77.3,14.5,10.7,34.3,10.9,2.8,7.2,38.8,2.4,12.2,4.3,4.7875,40
51107611813,VA,Virginia,Loudoun,51107,13108,8428,-77.5552326,38.8946146,5.2,16.3,13.9,25.6,70.7,4.6,8.4,2.9,78.4,90.1,9.0,59.4,2.5,7.4,75.4,17.1,8.0,17.9,20.5,7.4,4.3,10.8,3.3,33.7,6.8,4.0,4.4,32.2,16.7,77.6,12.2,6.3,25.5,8.2,1.6,4.2,32.3,1.6,5.1,2.4,3.9949999999999997,40
51153900502,VA,Virginia,Prince William,51153,4323,3517,-77.2842706,38.6271336,6.5,17.6,16.2,28.9,71.0,4.4,10.6,2.9,79.6,89.3,11.3,64.6,3.0,8.8,71.9,20.3,8.6,22.6,22.0,10.5,7.6,12.4,3.2,31.1,11.2,5.4,6.5,34.2,17.7,81.5,15.1,8.3,34.6,9.2,2.3,7.2,40.4,2.0,6.3,3.2,4.4025,40
51153901226,VA,Virginia,Prince William,51153,6345,4619,-77.368372,38.6710656,9.9,20.0,14.7,31.5,74.5,5.0,10.0,4.1,79.2,88.0,12.8,64.6,4.1,10.8,70.0,19.5,11.2,26.8,23.8,13.5,9.2,16.1,4.3,35.2,12.2,6.4,7.5,35.0,22.6,78.0,15.1,11.0,33.6,11.1,2.9,7.2,38.9,2.5,9.6,4.2,4.592499999999999,40
51153901223,VA,Virginia,Prince William,51153,6777,5008,-77.2946313,38.6895771,9.1,21.8,15.5,31.4,74.9,6.6,10.0,4.5,79.5,88.8,12.1,67.3,4.5,10.2,74.6,20.7,10.3,26.4,20.8,11.3,7.9,15.0,4.9,36.1,10.5,6.1,6.5,32.8,20.7,77.6,14.6,10.8,33.3,11.0,2.7,6.3,35.2,2.5,8.3,3.8,4.645,40
51153901508,VA,Virginia,Prince William,51153,6034,4296,-77.6532602,38.8005563,8.5,19.8,15.5,30.5,72.6,5.1,9.8,4.1,78.2,87.0,13.1,60.9,4.4,12.2,69.7,21.1,10.5,26.6,22.7,13.2,9.7,15.8,4.5,35.0,11.3,6.6,7.3,34.1,22.6,75.5,15.8,10.6,32.9,11.2,2.8,7.1,37.8,2.4,12.0,4.1,4.717500000000001,40
51107610602,VA,Virginia,Loudoun,51107,2807,1939,-77.579475,39.0746768,4.6,19.5,15.9,27.1,73.4,6.4,9.2,3.4,78.9,90.4,9.5,63.7,3.0,7.0,78.1,19.7,7.8,19.2,17.2,5.7,3.4,10.6,3.9,34.7,5.6,4.2,3.9,30.8,15.0,77.3,12.9,6.9,27.5,8.7,1.7,3.6,29.6,1.8,4.3,2.4,3.9549999999999996,40
51107611602,VA,Virginia,Loudoun,51107,4316,3172,-77.4158044,39.0016438,23.1,19.3,14.2,29.8,69.4,4.3,9.7,4.7,73.8,82.3,18.4,53.8,5.2,13.7,55.2,19.9,12.0,33.9,25.5,24.3,16.6,25.5,5.4,34.4,19.2,8.9,11.8,38.5,31.7,71.2,17.2,13.7,35.9,14.6,4.1,10.4,35.8,2.7,18.2,6.8,6.0325,40
51107611009,VA,Virginia,Loudoun,51107,5542,3724,-77.4851543,39.0908089,5.0,20.9,14.7,29.2,74.8,6.5,9.4,3.7,79.8,90.8,9.9,63.3,3.4,8.0,76.0,19.2,9.0,20.4,18.5,6.8,4.2,12.0,4.1,36.6,6.3,4.6,4.3,31.3,16.7,79.1,12.9,8.0,28.1,9.6,2.1,4.0,31.0,2.0,3.5,2.7,4.4575000000000005,40
51153901703,VA,Virginia,Prince William,51153,2762,2075,-77.4872922,38.7760558,16.5,20.5,15.9,30.4,73.1,5.6,9.3,4.9,76.4,85.8,14.9,62.6,4.8,12.3,64.7,20.0,11.2,30.9,24.6,16.1,9.9,19.2,5.6,36.2,13.9,7.2,8.1,35.9,26.6,76.1,15.7,12.6,34.0,12.8,3.2,7.1,37.8,2.7,11.5,5.0,4.9750000000000005,40
51107611208,VA,Virginia,Loudoun,51107,4384,3222,-77.3506348,39.0572316,4.6,20.7,15.0,28.4,74.7,6.7,9.3,3.7,79.6,90.7,9.6,63.6,3.3,7.4,76.6,19.5,8.6,19.9,17.6,6.2,3.8,11.4,4.1,36.6,5.7,4.4,4.0,30.9,15.8,78.5,12.7,7.6,27.3,9.3,1.9,3.6,30.6,1.9,5.2,2.6,4.415,40
51153901221,VA,Virginia,Prince William,51153,5646,4206,-77.3154418,38.6920592,9.0,21.9,15.8,32.2,73.8,5.9,10.6,4.4,78.9,87.4,13.7,65.4,4.9,12.3,69.6,22.2,10.6,28.2,22.1,13.5,10.5,16.2,4.8,34.9,12.4,7.0,7.7,34.2,22.5,78.4,16.5,11.5,35.9,11.8,3.0,8.0,38.8,2.7,8.9,4.2,4.675,40
51107611020,VA,Virginia,Loudoun,51107,6892,5100,-77.4597804,38.9989021,6.4,15.8,15.9,24.3,68.0,4.4,9.1,2.7,76.6,88.1,10.8,59.8,2.7,7.8,72.7,19.3,7.3,19.8,20.5,8.3,5.1,11.6,3.3,31.3,8.0,4.6,5.2,34.0,16.8,78.7,14.0,6.5,27.7,8.6,1.8,4.8,32.7,1.6,5.9,2.6,4.1775,40
51107611029,VA,Virginia,Loudoun,51107,7139,4542,-77.5916968,39.0064293,4.6,19.9,15.4,27.4,72.5,6.5,9.2,3.5,79.2,90.9,9.3,62.2,3.1,7.6,79.0,19.7,7.8,19.1,17.2,6.0,3.8,10.9,4.0,35.0,5.9,4.3,4.0,30.2,15.2,78.4,12.7,7.1,28.1,9.0,1.8,3.9,29.7,1.8,3.6,2.4,4.0175,40
51107611810,VA,Virginia,Loudoun,51107,8135,5144,-77.5903265,38.9401988,5.0,17.2,14.1,26.0,71.1,5.2,8.5,3.1,78.4,90.2,9.0,62.2,2.8,7.5,75.7,17.8,8.0,18.2,19.4,7.0,4.3,11.0,3.6,34.3,6.3,4.1,4.2,31.4,16.4,78.9,12.2,6.5,25.7,8.4,1.7,4.0,31.1,1.7,2.9,2.4,4.18,40
51153901601,VA,Virginia,Prince William,51153,4130,3075,-77.4939559,38.787528,21.5,24.1,14.2,35.5,75.0,6.2,9.8,6.7,76.8,83.7,17.9,55.4,7.1,15.6,57.0,20.9,14.6,38.2,24.5,23.7,17.9,26.0,7.5,38.2,18.4,10.0,11.5,35.8,33.8,69.3,17.0,17.7,38.4,15.9,4.9,10.7,40.0,3.7,13.8,7.7,5.795,40
51107611032,VA,Virginia,Loudoun,51107,2991,2128,-77.4829189,38.9932441,6.8,15.4,14.2,25.4,68.4,3.8,9.1,2.8,77.1,87.6,11.1,57.0,2.8,8.5,72.2,18.5,8.2,20.5,21.9,10.4,6.7,12.8,3.2,31.6,9.3,4.9,6.0,34.7,19.0,77.0,14.2,6.9,28.2,8.9,2.0,5.8,33.1,1.7,6.4,3.0,4.265,40
51153901409,VA,Virginia,Prince William,51153,8502,6042,-77.539587,38.7587015,8.2,16.5,17.9,25.6,67.7,4.3,10.0,3.0,76.6,86.4,12.9,60.7,3.4,10.4,69.5,22.2,7.9,23.9,21.9,11.2,7.7,13.2,3.5,31.1,10.6,5.9,6.7,34.9,19.0,75.7,16.2,8.2,32.1,9.9,2.2,6.4,38.1,1.8,6.8,3.3,4.355,40
51107610900,VA,Virginia,Loudoun,51107,2404,1985,-77.6799069,38.9857195,6.3,31.1,12.7,38.6,81.4,10.8,10.1,6.9,82.5,91.5,11.4,72.6,6.1,9.7,75.3,20.6,12.0,28.7,17.1,8.0,6.0,16.1,7.4,41.9,7.0,6.5,5.0,30.3,20.8,78.8,13.5,13.4,31.9,12.6,3.0,4.7,29.0,3.4,8.2,3.9,4.387500000000001,40
51107611101,VA,Virginia,Loudoun,51107,4716,3589,-77.4323803,39.0638765,9.1,21.2,14.9,30.0,72.9,6.2,9.7,4.4,77.6,87.6,13.0,64.1,4.3,10.2,73.2,20.6,9.6,26.1,20.4,11.3,7.9,15.7,5.2,34.4,10.2,6.3,6.6,34.0,21.6,77.6,15.3,10.1,31.9,11.2,2.6,6.3,31.0,2.4,7.9,3.8,4.495,40
51107610300,VA,Virginia,Loudoun,51107,8911,6526,-77.5613225,39.1928396,5.6,24.6,15.2,31.4,76.8,8.6,9.8,4.8,80.1,90.8,10.6,69.4,4.3,8.4,79.6,20.6,9.1,23.1,17.0,6.5,4.3,12.8,5.3,38.0,6.2,5.1,4.3,30.6,16.8,76.4,13.3,9.4,29.5,10.5,2.3,4.0,28.0,2.4,3.9,2.9,4.2675,40
51107610604,VA,Virginia,Loudoun,51107,6964,5102,-77.547947,39.0783208,6.0,20.3,16.2,27.6,72.3,6.3,9.8,3.6,78.0,89.2,11.2,63.1,3.6,8.7,75.7,21.0,8.0,21.8,18.4,7.6,5.1,12.5,4.1,34.1,7.3,5.1,4.8,32.4,17.1,76.8,14.3,8.1,29.7,9.8,2.1,4.6,30.6,2.0,6.5,2.8,4.4350000000000005,40
51153900408,VA,Virginia,Prince William,51153,4700,3346,-77.3366721,38.6270493,11.4,20.5,14.7,32.4,73.7,4.9,10.4,4.2,78.8,87.0,14.1,65.9,4.6,12.4,70.4,20.2,11.5,28.8,24.7,16.5,12.1,17.9,4.4,34.8,14.5,7.3,8.7,35.9,24.5,80.1,16.1,12.1,35.9,12.0,3.3,8.7,39.0,2.7,5.7,4.8,4.96,40
51153901418,VA,Virginia,Prince William,51153,4138,3098,-77.5487966,38.7897864,14.5,17.2,16.1,28.0,67.6,4.0,10.4,3.7,75.7,83.4,16.1,59.0,4.5,12.8,63.3,21.8,9.7,30.0,24.3,19.1,14.5,19.0,4.3,31.4,16.1,8.0,10.1,37.0,25.2,75.3,17.4,11.2,35.4,11.9,3.3,9.5,40.0,2.3,12.5,5.2,5.33,40
51153900203,VA,Virginia,Prince William,51153,5392,3584,-77.2626427,38.6546809,21.9,18.5,14.5,32.5,68.1,3.2,11.0,4.5,75.4,80.1,20.7,55.8,5.7,17.3,55.8,22.1,13.0,37.8,27.8,32.1,27.2,27.0,4.9,32.1,25.5,11.2,16.1,39.6,34.4,74.9,20.1,15.4,42.2,15.1,5.1,16.2,43.9,3.0,16.9,8.3,5.959999999999999,40
51107610507,VA,Virginia,Loudoun,51107,6297,4801,-77.4945191,39.1018593,5.3,25.2,14.0,33.0,78.2,8.6,9.6,5.1,80.9,90.9,10.4,68.2,4.5,8.4,77.4,19.7,10.0,23.7,17.7,6.9,4.5,13.3,5.5,39.1,6.2,5.2,4.4,30.9,17.9,76.7,13.0,9.9,29.0,10.7,2.4,4.0,28.6,2.6,3.8,3.0,4.3925,40
51107610702,VA,Virginia,Loudoun,51107,6207,4485,-77.6972893,39.1319347,7.1,23.2,16.1,30.0,74.0,7.2,10.4,4.6,77.9,87.5,13.3,64.6,4.9,10.6,74.9,22.9,9.0,26.0,18.6,9.1,6.5,14.9,5.2,35.4,8.1,6.4,5.7,33.4,19.3,77.6,16.0,10.2,31.3,11.6,2.6,5.2,30.0,2.4,9.9,3.4,4.665,40
51107610504,VA,Virginia,Loudoun,51107,7094,5297,-77.5497896,39.1208762,7.7,20.4,16.3,28.0,72.2,6.2,9.7,3.8,77.4,88.4,11.9,66.6,3.8,9.0,73.0,20.9,8.4,23.2,19.3,8.7,5.6,13.4,4.3,34.0,8.4,5.4,5.4,33.3,18.3,76.9,14.8,8.5,30.7,10.3,2.2,5.0,32.0,2.0,8.9,3.0,4.4875,40
51153900503,VA,Virginia,Prince William,51153,3368,2577,-77.2801936,38.6447685,21.1,21.5,13.7,34.4,72.4,4.7,10.7,5.6,76.6,82.4,19.3,58.3,6.5,16.5,60.9,21.3,13.9,38.0,27.3,28.0,22.6,26.7,6.1,35.4,21.9,10.8,13.7,38.7,34.1,76.3,18.5,17.1,39.3,15.5,5.1,13.2,40.5,3.5,16.3,8.0,5.92,40
51153901704,VA,Virginia,Prince William,51153,6821,4793,-77.4996021,38.7797454,21.0,18.2,15.5,29.5,69.7,4.3,9.5,4.5,74.7,82.5,17.2,54.2,4.8,13.5,58.1,20.1,11.4,33.5,26.2,22.4,15.3,22.3,5.3,33.6,18.4,8.5,11.0,37.7,30.2,76.2,17.0,13.2,36.2,13.4,3.7,9.9,40.5,2.6,16.7,6.3,5.51,40
51107611015,VA,Virginia,Loudoun,51107,3771,3013,-77.4573225,39.0541295,6.0,22.8,13.1,30.9,77.5,8.3,8.8,4.9,80.2,90.4,9.8,67.4,3.8,7.0,76.5,17.7,9.3,23.5,19.1,7.1,4.2,12.6,5.8,37.2,6.3,5.0,4.4,32.2,18.3,78.1,12.2,9.5,25.6,9.6,2.1,3.8,29.2,2.5,5.0,3.0,4.0875,40
51107610603,VA,Virginia,Loudoun,51107,3587,2873,-77.5611851,39.1036546,10.8,22.1,14.8,31.0,72.9,6.1,10.2,4.8,77.1,86.1,14.5,65.5,5.2,11.3,68.3,21.9,10.3,28.5,19.9,14.0,10.7,18.1,5.3,34.6,11.6,7.4,7.9,34.3,23.1,75.0,16.2,11.6,33.7,12.2,3.2,7.4,32.6,2.6,11.2,4.6,5.25,40
51153901005,VA,Virginia,Prince William,51153,6501,4477,-77.3882838,38.6207175,6.0,19.9,16.7,29.7,73.5,5.7,10.1,3.5,79.9,90.0,10.8,63.6,3.5,9.3,76.0,20.8,9.1,22.5,20.2,8.7,5.9,12.3,3.7,34.5,8.9,5.2,5.4,32.1,17.5,78.5,14.4,8.8,33.0,9.8,2.3,5.6,36.7,2.1,5.1,3.0,4.1899999999999995,40
51153900302,VA,Virginia,Prince William,51153,6165,4653,-77.2785698,38.6677907,13.1,20.1,14.5,32.6,72.2,4.3,10.8,4.4,77.9,84.8,16.1,59.7,5.2,14.1,61.4,21.6,12.2,31.5,24.9,20.7,16.7,20.6,4.5,34.0,17.2,8.6,10.8,36.7,27.2,75.4,17.6,13.2,37.8,13.0,3.9,10.9,41.4,2.9,10.4,5.8,5.11,40
51153901509,VA,Virginia,Prince William,51153,7056,5321,-77.6682758,38.8657722,5.7,22.9,16.8,30.7,75.5,7.9,9.8,4.5,79.9,90.0,10.8,69.3,4.4,9.6,73.6,21.9,9.1,24.0,18.1,7.2,5.0,12.3,5.1,37.2,6.9,5.3,4.7,30.5,17.2,78.2,14.0,9.6,31.1,10.4,2.3,4.4,35.4,2.3,5.0,3.0,4.1875,40
51107611702,VA,Virginia,Loudoun,51107,2461,1883,-77.4154898,38.9833544,7.4,14.3,14.3,24.3,69.8,3.8,7.9,2.7,76.7,88.2,9.5,62.2,2.3,6.8,74.2,15.7,8.1,18.6,22.1,8.6,4.6,11.5,3.1,32.5,7.6,4.0,4.9,34.2,17.7,79.3,12.1,6.3,24.8,8.0,1.6,4.2,31.6,1.6,6.1,2.7,4.1975,40
51153901304,VA,Virginia,Prince William,51153,2789,2168,-77.4819401,38.7039294,8.2,24.8,16.6,32.5,76.3,8.2,10.1,5.3,79.1,88.7,12.8,66.0,5.5,11.7,69.6,22.9,10.2,28.2,19.6,9.3,6.4,15.0,5.9,38.3,8.5,6.4,5.6,32.1,20.7,77.4,15.4,11.7,32.7,12.1,2.8,5.1,35.7,2.8,11.7,3.7,4.8025,40
51153901224,VA,Virginia,Prince William,51153,4459,3263,-77.3081957,38.674409,7.9,22.8,15.3,31.9,77.3,7.7,9.3,4.8,80.6,90.3,10.4,71.2,4.2,8.5,72.0,19.6,10.2,24.5,18.7,8.5,5.5,13.3,5.2,38.0,8.0,5.2,5.1,30.6,18.7,81.0,12.8,10.2,31.3,10.4,2.4,4.7,35.4,2.5,5.5,3.3,4.375,40
51153901306,VA,Virginia,Prince William,51153,5777,4513,-77.4659808,38.6721551,6.8,26.5,15.7,34.7,78.2,8.9,10.0,5.7,80.7,89.9,11.9,69.9,5.6,11.0,74.2,22.2,10.9,27.8,18.3,8.6,6.2,14.8,6.2,39.8,7.7,6.3,5.3,30.6,20.0,78.5,14.4,12.1,32.9,12.0,2.8,5.0,34.3,2.9,6.9,3.7,4.49,40
51107611811,VA,Virginia,Loudoun,51107,8098,5546,-77.5498926,38.928686,5.4,17.2,14.3,26.5,71.3,4.8,8.8,3.0,78.4,89.7,9.7,60.5,2.8,7.7,74.1,18.0,8.3,19.1,20.2,7.9,4.8,11.5,3.4,33.7,7.3,4.3,4.8,32.6,17.3,79.5,12.9,6.8,27.2,8.6,1.8,4.6,33.0,1.7,4.9,2.6,4.092499999999999,40
51153901010,VA,Virginia,Prince William,51153,4416,3184,-77.3553713,38.6123227,6.4,22.0,16.1,31.1,75.3,6.9,10.1,4.2,80.2,89.8,11.1,69.6,4.1,9.5,76.8,21.1,9.5,24.2,19.6,8.7,6.2,12.9,4.5,36.0,8.5,5.5,5.4,31.7,18.2,80.3,14.2,9.8,32.5,10.3,2.4,5.4,34.8,2.4,3.7,3.2,4.35,40
51107610400,VA,Virginia,Loudoun,51107,4695,3738,-77.5641223,39.1353356,6.0,28.4,13.8,35.2,79.8,10.5,9.7,6.2,81.3,90.9,11.0,71.9,5.3,8.6,75.1,20.5,10.3,27.0,16.3,6.9,4.9,14.5,7.0,39.9,6.1,6.0,4.5,30.2,19.2,77.9,13.1,11.9,29.7,11.5,2.6,4.1,28.3,3.0,10.7,3.5,4.4075,40
51153901233,VA,Virginia,Prince William,51153,7347,5510,-77.4247245,38.6801187,7.7,25.2,15.7,34.3,77.5,7.8,10.1,5.4,80.2,89.1,12.4,68.6,5.5,11.4,73.7,21.8,11.3,27.8,19.4,10.1,7.3,15.5,5.7,39.0,8.9,6.5,5.9,31.4,21.0,77.7,14.7,12.2,33.9,12.1,3.0,5.7,34.8,2.9,7.3,3.9,4.79,40
51153901231,VA,Virginia,Prince William,51153,7144,5514,-77.4178402,38.738969,6.9,23.0,15.6,31.9,77.0,7.6,9.5,4.8,80.2,89.6,10.9,68.3,4.4,9.2,74.4,20.4,10.2,25.3,19.1,8.4,5.6,13.3,5.3,37.8,7.7,5.6,5.1,31.3,19.1,78.5,13.6,10.5,30.7,10.6,2.4,4.7,34.6,2.6,7.1,3.4,4.347499999999999,40
51153900801,VA,Virginia,Prince William,51153,7324,5436,-77.274894,38.5982148,7.1,20.2,14.7,31.9,75.6,5.4,9.9,3.8,80.7,89.9,10.9,66.4,3.6,9.4,73.8,18.6,10.4,23.7,22.7,10.6,7.1,13.6,3.8,35.6,10.1,5.4,6.1,33.6,19.5,78.6,13.8,9.8,32.6,10.0,2.5,6.1,38.1,2.4,7.1,3.4,4.540000000000001,40
51153901507,VA,Virginia,Prince William,51153,2958,2112,-77.6226833,38.8023441,8.4,18.7,17.2,27.7,70.3,5.2,9.8,3.6,77.2,86.9,12.9,60.0,4.0,11.4,70.1,22.2,8.8,25.2,21.6,11.1,7.7,14.1,4.2,33.5,10.2,6.1,6.4,33.8,20.3,75.5,16.0,9.2,32.3,10.6,2.4,6.2,37.4,2.1,6.2,3.5,4.4750000000000005,40
51107610201,VA,Virginia,Loudoun,51107,6225,4568,-77.7079581,39.1922482,5.1,24.6,15.6,31.1,76.4,8.6,9.8,4.7,79.8,90.4,10.8,70.6,4.3,8.5,77.6,21.5,8.8,23.1,16.6,6.2,4.2,12.5,5.3,37.5,6.0,5.1,4.2,30.6,16.6,77.7,13.8,9.2,29.7,10.5,2.2,3.9,28.7,2.3,7.5,2.8,4.180000000000001,40
51153900410,VA,Virginia,Prince William,51153,5663,4047,-77.3046167,38.6195144,9.7,18.5,14.4,32.0,72.1,3.8,10.9,3.5,79.6,87.3,13.7,60.5,3.9,11.3,65.8,19.9,11.0,27.1,24.7,17.0,13.3,16.9,3.4,32.1,15.8,7.1,9.4,36.2,23.1,79.3,16.4,10.9,37.8,11.0,3.2,10.2,42.8,2.5,9.7,4.6,4.765000000000001,40
51107610505,VA,Virginia,Loudoun,51107,6702,4486,-77.550885,39.1111887,19.7,17.9,14.6,28.9,67.5,3.8,9.7,4.1,74.2,82.7,17.5,55.4,4.6,13.1,57.5,20.5,11.0,31.6,23.5,23.2,17.4,23.3,4.8,32.1,19.0,8.5,11.7,36.9,29.6,71.1,17.4,12.1,37.4,13.5,3.8,11.4,36.3,2.4,12.9,6.3,5.7325,40
51107611902,VA,Virginia,Loudoun,51107,6290,4073,-77.5169928,38.9789833,4.4,14.8,13.2,24.2,70.3,4.1,7.9,2.5,78.6,90.5,8.0,55.8,2.1,6.3,76.1,15.9,7.7,15.9,20.1,6.5,3.5,9.8,2.9,33.6,5.7,3.5,3.9,31.7,15.7,78.6,11.2,5.5,23.4,7.4,1.4,3.5,31.6,1.4,4.6,2.2,3.9375,40
51107611812,VA,Virginia,Loudoun,51107,3241,2181,-77.5340828,38.9444257,6.2,14.0,14.1,23.5,67.2,3.6,8.5,2.4,76.7,88.3,9.9,57.8,2.4,7.7,72.5,17.1,7.3,18.2,22.5,9.0,5.3,11.2,2.9,31.1,8.0,4.2,5.2,34.7,17.4,77.3,13.1,5.9,25.2,8.0,1.6,4.7,33.7,1.5,5.2,2.5,4.1625,40
51153901237,VA,Virginia,Prince William,51153,3468,2531,-77.3277445,38.6855748,7.5,18.8,16.5,28.9,71.6,4.9,10.2,3.4,78.8,88.3,12.0,66.3,3.6,10.0,71.8,21.3,9.2,24.0,20.9,11.0,8.0,13.5,3.7,32.9,10.8,5.8,6.6,33.3,19.2,78.1,15.3,9.1,34.2,10.1,2.5,6.9,38.6,2.1,6.6,3.5,4.4725,40
51153901503,VA,Virginia,Prince William,51153,6044,4577,-77.5766167,38.8519431,5.5,25.4,16.1,32.9,78.2,9.2,9.6,5.3,80.9,90.7,10.6,70.4,4.8,9.4,74.7,21.5,9.8,25.4,17.8,6.5,4.3,12.6,6.0,39.5,6.2,5.4,4.3,30.2,17.8,76.1,13.5,10.6,30.3,10.9,2.4,3.9,33.6,2.6,6.1,3.0,4.1325,40
51153900301,VA,Virginia,Prince William,51153,3301,2638,-77.2588703,38.6771114,10.8,23.7,14.8,34.2,74.6,6.3,10.8,5.4,78.8,86.5,15.2,61.9,6.2,14.4,64.0,22.8,12.1,31.5,22.3,16.6,13.6,19.5,5.7,36.8,13.9,8.3,9.0,34.2,25.5,75.1,17.0,13.8,36.9,13.5,3.8,9.0,39.8,3.1,12.0,5.2,4.992500000000001,40
51153900602,VA,Virginia,Prince William,51153,4332,3020,-77.256415,38.6469519,18.9,16.9,15.8,29.5,67.3,3.5,10.0,3.9,75.3,82.2,17.5,54.6,4.3,13.6,56.1,20.6,11.0,32.9,26.3,24.1,18.1,21.7,4.5,31.2,20.5,8.6,12.2,38.1,29.6,73.3,18.1,12.3,39.3,12.9,3.7,12.0,42.5,2.5,20.3,6.3,5.465,40
51107611030,VA,Virginia,Loudoun,51107,6176,4249,-77.5149317,38.9942494,6.4,15.2,13.6,24.7,69.2,4.0,8.4,2.8,77.1,88.3,10.2,54.7,2.7,8.5,73.7,17.2,8.0,19.1,22.5,9.5,5.7,12.3,3.2,32.9,7.8,4.5,5.1,34.3,18.7,78.7,13.0,6.7,24.8,8.5,1.8,4.5,32.1,1.6,5.5,2.7,4.2575,40
51107611807,VA,Virginia,Loudoun,51107,7561,5087,-77.5341709,38.9246882,5.4,15.6,13.3,25.3,70.4,4.2,8.2,2.8,78.1,89.6,9.1,57.3,2.5,7.6,73.9,16.5,8.2,18.0,21.6,8.1,4.6,11.2,3.2,33.7,7.0,4.0,4.6,33.1,17.6,78.6,12.2,6.4,24.7,8.2,1.7,4.2,32.6,1.6,5.3,2.5,4.24,40
51153900905,VA,Virginia,Prince William,51153,5628,4177,-77.3178651,38.5412028,8.5,22.0,14.5,34.6,75.6,5.5,10.7,4.6,80.6,88.6,13.1,64.0,4.6,11.3,71.3,20.0,11.8,28.2,23.4,14.0,10.4,16.6,4.5,35.3,13.1,7.0,8.0,34.7,22.6,79.8,15.7,12.1,36.6,11.6,3.3,8.4,39.4,2.9,6.3,4.4,4.705,40
51107611803,VA,Virginia,Loudoun,51107,6838,4729,-77.5138979,38.9042311,5.8,18.3,13.2,28.2,73.5,5.0,8.6,3.5,78.8,89.4,10.1,59.6,3.2,8.6,74.8,17.5,9.5,20.5,21.2,8.8,5.3,12.7,3.9,35.7,7.4,4.7,5.0,33.0,19.4,78.3,12.9,7.8,26.5,9.3,2.0,4.6,31.7,1.9,4.4,2.9,4.2725,40
51153900409,VA,Virginia,Prince William,51153,5517,3995,-77.3235485,38.6282075,15.8,19.5,15.1,30.7,72.6,4.8,9.9,4.4,77.2,85.7,15.1,61.5,4.4,11.8,62.0,19.5,11.4,30.7,25.8,17.7,11.6,19.4,4.9,34.6,15.6,7.4,9.1,37.0,26.5,78.6,16.0,12.5,35.2,12.5,3.4,8.4,40.1,2.7,9.7,5.2,5.06,40
51153901413,VA,Virginia,Prince William,51153,4504,3134,-77.5913334,38.7599442,6.4,17.9,18.1,26.0,70.1,5.2,9.8,3.1,77.8,88.4,11.4,61.4,3.3,9.5,73.6,21.9,7.8,22.0,20.0,8.3,5.4,11.7,3.6,33.1,8.2,5.1,5.2,32.7,17.0,78.0,15.0,7.8,30.8,9.6,2.0,5.0,36.3,1.8,7.3,2.8,4.41,40
51157950200,VA,Virginia,Rappahannock,51157,4619,3888,-78.1387548,38.640675,7.4,35.6,13.0,42.7,82.3,11.6,10.6,9.1,81.9,89.8,13.9,71.7,9.1,13.7,70.5,23.3,15.2,34.2,18.3,10.8,9.5,20.2,9.4,44.4,8.2,8.6,6.3,30.4,25.2,74.7,15.2,17.6,36.0,15.4,4.2,5.8,33.4,4.4,10.8,5.2,5.534999999999999,40
51107611804,VA,Virginia,Loudoun,51107,8852,6106,-77.4925558,38.9167021,6.8,18.1,12.9,28.1,72.6,4.9,8.7,3.6,78.2,88.5,10.7,57.9,3.5,9.3,71.6,17.5,9.7,21.5,22.0,10.4,6.5,14.0,4.0,35.6,8.2,5.1,5.6,33.7,20.5,75.8,13.1,8.3,26.2,9.7,2.2,4.9,33.0,2.0,8.0,3.2,4.6925,40
51107611014,VA,Virginia,Loudoun,51107,4472,3378,-77.4794238,39.0525593,6.3,20.1,15.7,27.8,72.6,6.2,9.5,3.7,78.1,89.1,10.9,62.3,3.6,8.3,76.2,20.3,8.3,21.7,18.3,7.8,5.1,12.6,4.2,34.6,7.3,5.0,4.9,32.1,17.3,77.8,13.9,8.1,29.3,9.8,2.1,4.6,30.1,2.0,3.4,2.9,4.452500000000001,40
51107611501,VA,Virginia,Loudoun,51107,4242,3234,-77.4135613,39.0310742,10.3,16.3,15.5,26.0,67.3,4.0,9.4,3.2,75.6,85.5,13.2,54.8,3.3,9.6,62.5,19.9,8.5,24.1,21.6,13.2,9.0,15.3,3.7,30.7,11.8,5.9,7.5,35.4,21.3,72.4,15.6,8.2,31.8,10.1,2.4,7.2,35.6,1.9,14.8,3.8,4.7225,40
51107610102,VA,Virginia,Loudoun,51107,3866,2908,-77.6086565,39.261068,5.5,27.0,14.8,33.7,78.0,9.3,10.1,5.5,80.4,90.4,11.4,70.7,5.2,9.6,75.5,21.6,9.9,25.4,16.7,7.1,5.1,14.3,6.0,39.3,6.3,5.8,4.6,30.4,18.3,77.0,14.0,10.8,30.8,11.6,2.6,4.3,29.2,2.7,4.5,3.3,4.5925,40
51107611026,VA,Virginia,Loudoun,51107,14425,9366,-77.5389276,38.9742669,4.6,15.5,13.8,24.6,69.9,4.6,8.2,2.6,78.5,90.6,8.2,59.5,2.3,6.4,74.5,16.7,7.4,16.4,19.6,6.5,3.7,9.9,3.0,33.1,6.1,3.6,4.0,31.5,15.4,77.3,11.6,5.6,24.9,7.6,1.5,3.8,32.3,1.5,5.0,2.2,4.007499999999999,40
51107611019,VA,Virginia,Loudoun,51107,6045,4389,-77.4942634,39.0241155,5.1,20.6,14.9,28.4,74.4,6.5,9.2,3.8,79.2,90.1,10.0,64.8,3.5,7.8,76.2,19.3,8.7,20.5,18.2,6.8,4.1,12.0,4.1,36.2,6.1,4.6,4.3,31.4,16.5,79.8,12.9,7.9,27.5,9.5,2.0,3.8,30.1,2.0,4.9,2.7,4.4399999999999995,40
51153900803,VA,Virginia,Prince William,51153,6016,4293,-77.3006221,38.5829842,12.5,19.5,14.3,33.5,71.2,3.7,11.5,3.9,78.7,85.0,16.5,60.9,4.8,14.1,62.1,21.3,12.0,31.7,26.2,22.7,19.3,20.6,3.9,31.9,19.9,9.0,12.2,37.9,27.2,77.4,18.5,13.1,40.7,12.7,4.1,13.2,44.1,2.8,12.6,5.9,5.2225,40
51107611023,VA,Virginia,Loudoun,51107,5954,4160,-77.516482,39.0221353,4.4,18.4,16.3,25.7,71.4,5.9,9.2,3.1,78.4,90.0,9.4,64.9,2.9,7.0,80.2,19.8,7.2,18.4,17.3,5.8,3.5,10.3,3.5,33.8,5.6,4.1,3.9,31.1,14.5,79.4,12.9,6.5,27.3,8.6,1.7,3.6,28.6,1.6,5.3,2.3,4.2924999999999995,40
51153901419,VA,Virginia,Prince William,51153,4270,2881,-77.5270594,38.7881629,20.3,18.9,14.2,32.0,69.3,3.6,10.5,4.6,75.5,80.8,19.4,54.3,5.9,16.9,53.6,21.8,13.0,36.3,26.5,29.3,24.6,25.9,5.1,33.4,22.5,10.6,14.4,38.2,33.7,70.1,18.9,15.1,39.8,14.8,4.8,14.1,42.2,3.0,18.8,7.9,5.8950000000000005,40
51153901412,VA,Virginia,Prince William,51153,8112,5394,-77.6107683,38.7676013,5.9,18.2,16.8,27.3,71.6,5.3,9.5,3.2,78.8,89.4,10.6,60.1,3.2,9.3,75.7,20.6,8.5,21.5,20.2,8.2,5.3,11.7,3.7,34.2,8.0,4.9,5.1,32.0,17.4,79.0,14.1,7.9,30.4,9.4,2.0,5.0,36.0,1.9,5.8,2.8,4.22,40
51153901511,VA,Virginia,Prince William,51153,4691,3625,-77.666769,38.8529217,4.6,32.1,11.9,40.3,84.5,13.5,9.0,7.2,85.9,94.1,8.1,77.1,5.3,6.9,81.0,18.3,11.9,26.7,15.5,4.9,3.3,12.3,8.0,45.4,4.5,5.0,3.2,26.9,17.8,81.1,10.3,12.5,28.5,10.7,2.3,2.9,29.6,3.4,5.9,3.0,4.255,40
51153901234,VA,Virginia,Prince William,51153,3385,2552,-77.4083755,38.647253,7.4,25.5,15.1,34.3,78.1,8.5,10.0,5.4,81.0,90.3,11.5,70.0,5.2,10.4,76.0,20.9,10.9,27.1,19.4,9.1,6.3,14.7,5.8,39.4,8.3,6.1,5.4,31.2,20.1,77.2,13.9,11.9,32.7,11.7,2.8,5.1,34.2,2.9,9.2,3.7,4.5525,40
51153901702,VA,Virginia,Prince William,51153,4047,2875,-77.4693126,38.7909265,24.7,19.9,15.8,30.6,70.3,4.7,9.7,5.1,74.0,82.2,18.8,55.8,5.7,15.4,56.4,21.1,12.5,36.5,26.9,24.4,16.2,25.4,5.9,35.8,20.0,9.2,11.6,38.2,32.9,70.1,17.7,15.1,37.8,15.3,4.3,10.2,39.9,2.9,16.1,7.0,5.475,40
51153901305,VA,Virginia,Prince William,51153,3642,2727,-77.5495714,38.6691098,7.1,25.8,16.5,33.5,76.9,8.5,10.2,5.4,79.7,89.2,12.6,68.0,5.6,12.1,73.2,23.1,10.4,28.0,19.0,8.8,6.4,14.9,6.0,39.0,8.0,6.5,5.4,31.4,20.4,76.6,15.3,11.9,33.2,12.3,2.8,5.1,35.1,2.8,8.3,3.6,4.54,40
51153901510,VA,Virginia,Prince William,51153,6546,4577,-77.6545745,38.8296394,5.2,20.3,16.6,28.8,74.1,6.4,9.6,3.8,79.8,90.1,10.2,63.5,3.5,8.8,76.0,20.9,8.8,21.9,19.0,7.1,4.6,11.4,4.2,35.8,7.0,4.8,4.6,31.0,16.8,76.9,13.7,8.4,30.0,9.5,2.0,4.5,35.4,2.1,5.7,2.8,4.2675,40
51153901421,VA,Virginia,Prince William,51153,4884,3420,-77.5841256,38.7743603,6.5,18.6,16.4,28.2,72.6,5.3,9.6,3.5,78.6,88.6,11.2,62.6,3.5,9.9,72.8,20.3,8.9,22.9,21.5,9.1,5.9,12.5,3.9,34.4,8.6,5.3,5.5,33.2,18.7,77.4,14.5,8.6,30.4,9.8,2.2,5.2,37.4,2.0,7.9,3.1,4.295,40
51107611005,VA,Virginia,Loudoun,51107,5573,3994,-77.4955021,39.040569,5.1,19.4,16.0,26.8,72.4,6.1,9.3,3.3,78.6,90.1,9.8,66.0,3.1,7.2,78.2,19.9,7.8,19.5,17.6,6.4,3.9,11.1,3.7,34.4,6.3,4.4,4.2,31.2,15.4,73.6,13.1,7.1,28.4,9.0,1.8,4.0,29.7,1.8,5.4,2.5,4.235,40
51153900201,VA,Virginia,Prince William,51153,2710,2062,-77.2518531,38.6642184,15.3,19.6,15.5,31.8,70.8,4.3,10.4,4.5,76.6,83.5,16.8,59.7,5.3,14.3,59.1,21.7,12.0,32.6,24.5,21.4,17.0,21.4,4.9,33.8,17.7,8.7,11.1,36.5,28.1,72.9,17.7,13.3,38.3,13.3,4.0,11.0,41.5,2.8,15.0,6.1,5.387499999999999,40
51153901504,VA,Virginia,Prince William,51153,4713,4405,-77.5879954,38.8102603,5.2,41.0,7.8,49.0,89.0,18.4,8.7,10.6,89.5,95.7,8.2,81.3,7.3,6.3,76.0,16.6,14.9,34.7,15.1,4.7,3.2,15.0,12.1,51.0,3.6,6.3,3.0,26.5,22.3,80.6,9.0,17.9,26.6,12.7,2.9,2.3,28.9,4.8,5.9,4.0,4.817500000000001,40
51153901225,VA,Virginia,Prince William,51153,4875,3588,-77.32198,38.6692765,8.9,21.4,14.6,31.8,75.8,6.4,9.7,4.4,80.1,89.1,11.6,66.8,4.2,9.6,72.7,19.2,10.4,26.0,21.6,11.2,7.6,14.7,4.8,36.1,10.3,5.9,6.3,33.3,20.9,77.0,13.9,10.8,32.3,10.7,2.6,6.1,37.0,2.5,7.4,3.8,4.335000000000001,40
51153901014,VA,Virginia,Prince William,51153,3977,3067,-77.3919514,38.5879276,9.6,22.9,14.8,34.7,76.2,6.2,10.3,5.1,79.9,88.0,13.4,64.6,5.0,12.0,69.7,20.2,11.9,29.3,23.2,14.0,10.4,17.3,5.2,36.5,12.5,7.1,7.7,34.5,23.6,77.4,15.6,12.7,35.6,12.1,3.3,7.7,38.1,3.0,9.1,4.6,4.5200000000000005,40
51107611809,VA,Virginia,Loudoun,51107,6941,4588,-77.5622392,38.9305683,5.3,15.7,13.8,25.1,70.2,4.4,8.4,2.8,78.1,89.9,9.1,61.0,2.4,7.3,76.5,17.1,7.9,17.8,21.1,7.5,4.4,10.7,3.2,33.1,7.0,4.0,4.5,32.9,16.7,79.5,12.4,6.2,25.3,8.0,1.6,4.3,32.3,1.6,5.0,2.4,4.135,40
51107611031,VA,Virginia,Loudoun,51107,2141,1541,-77.4927421,38.9982744,5.1,13.8,16.0,22.2,65.3,3.9,8.8,2.1,76.6,88.9,9.4,59.8,2.1,6.9,77.3,18.5,6.0,16.8,20.1,6.9,4.2,9.6,2.7,29.4,6.9,3.8,4.4,33.4,14.7,80.0,13.1,5.1,26.4,7.4,1.4,4.3,31.5,1.3,4.9,2.1,4.025,40
51153901506,VA,Virginia,Prince William,51153,5536,3846,-77.6231483,38.8151011,8.4,17.4,16.7,27.2,69.6,4.4,9.8,3.3,77.0,86.6,13.0,57.9,3.7,11.7,70.0,21.4,8.9,24.8,23.1,11.9,8.0,14.3,3.9,33.0,10.6,6.1,6.7,34.9,20.8,75.6,15.9,9.0,31.4,10.5,2.4,6.3,38.1,2.0,9.4,3.5,4.602500000000001,40
51107610800,VA,Virginia,Loudoun,51107,6657,5162,-77.7905205,39.0477448,5.3,28.7,13.9,35.6,79.7,10.2,10.0,6.0,81.6,91.3,10.9,71.5,5.5,9.1,76.8,21.3,10.6,25.8,16.0,6.8,4.9,14.4,6.4,40.7,6.0,5.8,4.4,29.6,18.3,78.2,13.4,11.4,31.0,11.7,2.7,4.1,28.5,2.9,8.4,3.3,4.225,40
51107611010,VA,Virginia,Loudoun,51107,1951,1886,-77.4727067,39.0813513,4.9,48.4,4.7,55.5,91.4,21.2,8.7,13.0,91.9,97.0,8.5,80.2,8.8,5.5,80.5,14.7,17.3,39.8,13.8,4.7,3.4,18.5,15.1,53.9,2.9,7.7,3.0,26.5,26.6,79.9,8.0,22.0,25.4,14.5,3.6,2.0,21.4,6.0,5.7,5.1,5.3525,40
51153901209,VA,Virginia,Prince William,51153,6645,4842,-77.2970196,38.6663535,12.8,24.0,13.7,35.8,76.6,6.2,10.1,5.8,79.3,86.9,14.7,63.8,6.0,13.8,65.8,20.6,13.7,32.3,23.3,17.6,13.6,20.6,6.0,38.2,14.2,8.1,9.0,34.3,28.0,77.0,15.9,14.8,36.4,13.6,3.9,8.8,38.4,3.3,9.1,5.7,4.7875,40
51107611601,VA,Virginia,Loudoun,51107,4317,3303,-77.423746,38.9978936,10.0,17.6,15.3,26.7,70.4,4.9,9.2,3.4,76.5,87.5,12.1,60.5,3.4,9.1,71.8,19.0,8.7,23.1,21.2,11.2,7.0,14.7,4.0,33.1,9.9,5.4,6.2,34.4,20.1,76.7,14.2,8.5,29.7,10.1,2.3,5.6,32.1,1.9,7.6,3.5,4.387500000000001,40
51107611004,VA,Virginia,Loudoun,51107,8935,6283,-77.5230497,39.0563815,5.5,19.1,15.6,26.6,71.8,5.9,9.5,3.2,78.4,89.8,10.3,63.9,3.2,7.9,77.4,20.1,7.8,20.0,18.3,7.2,4.5,11.7,3.7,34.0,6.8,4.7,4.6,31.8,16.2,78.0,13.5,7.4,28.4,9.2,1.9,4.3,30.1,1.8,5.2,2.6,4.049999999999999,40
51107611400,VA,Virginia,Loudoun,51107,5767,4276,-77.3925179,39.000281,17.6,21.5,13.4,32.0,73.7,5.4,9.3,5.2,76.2,85.3,15.6,62.7,5.3,12.5,66.2,19.0,12.5,31.1,24.1,18.8,12.5,22.2,5.7,36.8,15.0,7.7,9.2,36.2,29.0,72.2,15.7,13.2,33.9,13.6,3.6,8.3,32.8,2.8,11.3,5.7,5.325,40
51153901222,VA,Virginia,Prince William,51153,2654,1924,-77.3053328,38.6995521,7.6,21.4,16.7,30.1,73.5,6.5,10.2,4.2,79.0,88.7,12.2,64.2,4.3,10.6,70.4,21.9,9.2,25.4,20.6,9.9,6.9,13.8,4.6,35.2,9.6,6.0,6.0,32.9,19.2,74.5,15.2,10.0,32.9,10.8,2.5,5.8,38.0,2.3,7.7,3.4,4.7325,40
51153901208,VA,Virginia,Prince William,51153,3116,2517,-77.2770107,38.6846113,9.7,30.8,12.0,40.5,82.4,11.1,9.6,8.0,83.2,90.7,12.0,69.3,6.7,9.9,67.2,19.2,13.6,33.6,19.2,10.9,8.1,18.0,9.0,42.2,9.1,7.6,6.2,31.0,24.9,77.9,13.0,16.6,32.6,13.2,3.6,5.8,35.3,4.1,9.8,5.1,4.935,40
51153901411,VA,Virginia,Prince William,51153,6810,4987,-77.6328876,38.7807416,5.3,22.8,15.0,32.0,77.7,7.6,9.3,4.6,81.3,90.8,9.8,67.4,4.0,8.4,74.5,19.7,10.2,23.4,18.6,7.1,4.5,12.2,5.0,38.5,6.6,5.0,4.5,30.3,17.8,80.2,12.8,9.8,29.5,10.0,2.3,4.2,34.6,2.4,4.8,3.1,4.28,40
51153901414,VA,Virginia,Prince William,51153,4936,3571,-77.5997634,38.7483287,6.4,24.6,14.8,33.2,78.4,8.6,9.5,5.1,81.5,90.8,10.3,67.0,4.5,8.8,76.7,20.1,10.4,25.4,18.6,7.7,5.1,13.1,5.7,38.8,7.2,5.4,4.7,30.5,18.9,80.3,13.0,10.8,30.6,10.6,2.4,4.5,33.8,2.7,5.6,3.3,4.2775,40
51107611002,VA,Virginia,Loudoun,51107,4736,3788,-77.4557941,39.0642268,9.1,18.0,15.4,27.2,69.1,4.8,9.7,3.6,76.0,85.7,13.3,62.6,3.9,10.2,67.4,21.0,8.6,24.7,20.8,12.3,8.9,15.2,4.2,32.0,10.7,6.2,7.1,34.8,20.9,75.0,15.8,8.7,31.2,10.4,2.4,6.7,33.4,2.0,7.1,3.7,4.590000000000001,40
51107610503,VA,Virginia,Loudoun,51107,8097,5670,-77.5272113,39.1266106,5.6,19.0,15.6,27.0,71.9,5.7,9.4,3.3,78.3,89.6,10.4,62.3,3.2,8.0,75.8,19.9,8.0,20.4,18.8,7.4,4.7,11.8,3.8,34.0,7.1,4.7,4.7,32.2,16.5,77.6,13.7,7.4,28.7,9.3,1.9,4.4,30.8,1.8,4.6,2.7,4.135,40
51153901232,VA,Virginia,Prince William,51153,5839,4531,-77.4408887,38.7197605,8.4,21.1,16.6,30.9,73.1,6.3,9.8,4.4,78.4,87.6,12.5,66.7,4.6,11.3,69.4,20.8,9.7,26.3,21.9,10.9,7.6,14.7,4.9,35.6,10.0,6.1,6.4,33.5,20.3,76.7,15.1,10.4,32.7,11.0,2.6,6.1,37.7,2.5,9.7,3.6,4.380000000000001,40
51153901101,VA,Virginia,Prince William,51153,2191,1646,-77.300699,38.5287151,10.7,13.1,20.2,22.4,58.7,3.0,10.2,2.7,72.4,77.9,17.3,57.9,3.6,12.0,63.7,24.3,6.4,28.8,23.6,15.3,11.1,15.1,3.7,25.8,12.9,7.6,9.5,39.0,20.7,74.1,19.8,7.6,32.4,10.3,2.3,8.0,38.8,1.6,12.2,4.0,4.910000000000001,40
51107611209,VA,Virginia,Loudoun,51107,6639,5012,-77.3515373,39.0392626,5.0,23.1,14.4,30.5,76.7,8.0,9.3,4.4,80.3,91.0,9.7,68.0,3.8,7.4,77.7,19.4,9.1,21.6,17.3,6.2,3.8,11.9,5.0,37.7,5.7,4.7,4.0,30.6,16.5,76.1,12.5,8.7,27.6,9.7,2.0,3.6,28.8,2.2,5.9,2.7,4.27,40
51153900407,VA,Virginia,Prince William,51153,6849,5013,-77.341737,38.6384548,14.0,19.8,14.6,32.9,72.6,4.3,10.5,4.3,78.1,85.9,15.4,61.3,4.7,13.4,61.2,20.1,12.1,30.9,26.3,19.8,14.8,19.9,4.5,33.9,17.4,7.9,10.2,37.1,27.2,77.8,17.0,12.8,38.0,12.6,3.7,10.4,42.9,2.8,11.1,5.4,5.182499999999999,40
51153901229,VA,Virginia,Prince William,51153,3983,2951,-77.3839385,38.6498882,10.4,20.6,14.9,32.3,74.6,5.0,10.1,4.3,78.9,87.6,13.5,62.9,4.4,11.8,65.6,20.0,11.7,28.1,24.2,14.6,10.0,17.1,4.5,35.7,13.0,6.8,7.9,35.2,23.9,79.4,15.7,11.8,35.0,11.9,3.2,7.7,40.5,2.7,8.1,4.5,4.675,40
51107610101,VA,Virginia,Loudoun,51107,5055,3740,-77.6935906,39.2822227,6.2,25.8,15.4,32.6,76.4,8.6,10.1,5.2,79.4,90.0,11.9,66.7,5.1,10.5,74.6,22.0,9.6,25.4,17.8,7.7,5.5,14.5,5.7,38.2,7.0,5.9,4.8,31.4,18.8,78.0,14.6,10.5,31.3,11.6,2.6,4.6,30.2,2.6,5.0,3.2,4.437500000000001,40
51153901407,VA,Virginia,Prince William,51153,4247,3176,-77.5231001,38.794635,14.8,17.1,16.3,28.2,68.4,4.0,9.7,3.7,75.7,84.4,15.1,56.5,4.1,12.3,61.0,20.7,10.1,29.0,24.2,17.9,12.6,18.3,4.3,32.2,15.7,7.2,9.4,36.0,25.4,74.9,16.6,10.8,35.7,11.8,3.1,9.1,40.3,2.2,13.1,5.0,5.1875,40
51107611017,VA,Virginia,Loudoun,51107,3397,2757,-77.4640679,39.0390671,5.9,29.2,11.0,37.5,82.6,10.5,9.2,6.4,83.5,92.3,9.7,71.6,5.1,7.6,77.6,17.7,12.1,26.5,17.8,7.2,4.6,14.7,7.0,42.8,5.9,5.6,4.2,30.4,20.7,78.9,11.5,12.4,27.3,11.2,2.6,3.7,27.9,3.2,6.6,3.6,4.532500000000001,40
51153901211,VA,Virginia,Prince William,51153,4659,3345,-77.3398683,38.6673898,18.7,21.7,14.5,33.3,74.3,5.2,9.8,5.4,77.2,85.3,16.2,58.1,5.6,13.8,58.4,20.0,13.3,33.9,25.7,20.7,14.2,22.6,5.8,36.9,17.1,8.4,10.1,36.5,30.3,71.6,16.4,14.9,36.9,14.2,4.1,9.3,40.7,3.2,17.5,6.3,5.415000000000001,40
51107611022,VA,Virginia,Loudoun,51107,7320,4813,-77.5169756,39.008728,5.1,18.5,14.1,27.4,72.7,5.4,8.9,3.3,78.9,90.0,9.6,59.3,3.1,7.8,77.4,18.4,8.6,19.5,19.2,7.5,4.6,11.8,3.7,35.0,6.7,4.4,4.6,31.7,17.3,77.7,12.7,7.3,27.1,9.0,1.9,4.3,30.7,1.8,6.5,2.7,4.2825,40
51107611012,VA,Virginia,Loudoun,51107,4509,3161,-77.4984735,39.0656193,4.4,20.2,14.0,28.8,75.6,6.5,8.8,3.7,80.3,91.0,9.0,61.9,3.1,6.8,77.5,18.0,9.0,19.4,18.2,6.0,3.4,11.1,4.1,36.9,5.5,4.2,3.9,31.0,16.1,79.1,12.0,7.5,26.1,8.9,1.8,3.5,30.0,1.9,4.3,2.5,4.2375,40
51153900403,VA,Virginia,Prince William,51153,5550,4227,-77.3005652,38.645467,13.7,23.1,13.8,34.9,76.9,6.0,9.9,5.3,79.6,87.6,13.9,64.3,5.2,11.6,64.1,19.0,13.2,31.4,24.0,16.7,11.7,19.5,5.6,37.3,14.1,7.6,8.6,35.0,26.8,75.9,15.0,14.3,35.6,12.8,3.7,8.2,39.5,3.2,11.9,5.5,4.985,40
51153900404,VA,Virginia,Prince William,51153,5996,4244,-77.3214704,38.6406633,20.3,21.7,14.2,34.0,73.3,4.9,10.2,5.5,76.9,83.7,17.8,58.9,6.1,15.3,55.8,20.8,14.0,36.0,25.2,25.0,19.4,25.1,6.0,36.2,19.9,9.7,12.2,36.5,32.6,72.7,17.3,16.2,39.3,15.1,4.8,11.8,41.2,3.3,15.8,7.5,5.76,40
51153901212,VA,Virginia,Prince William,51153,7978,5764,-77.3530624,38.6684118,12.6,21.0,14.1,33.4,74.7,5.0,10.4,4.6,78.9,86.7,14.5,61.2,4.9,12.4,61.4,19.7,12.4,30.2,25.1,17.5,12.7,19.2,4.8,35.6,14.9,7.6,9.1,36.1,25.9,76.9,16.0,13.1,35.7,12.5,3.6,8.9,41.2,2.9,12.5,5.2,4.8100000000000005,40
51153901227,VA,Virginia,Prince William,51153,5282,3882,-77.3636473,38.6545058,15.7,20.8,15.0,32.4,74.1,5.1,9.9,4.7,77.5,86.0,15.0,62.8,4.9,12.9,65.1,19.7,12.2,31.1,25.6,17.8,12.0,19.9,5.0,35.9,15.1,7.5,8.9,36.5,27.3,75.5,16.0,13.2,35.7,12.9,3.5,8.2,39.8,2.9,10.8,5.3,5.07,40
51107611013,VA,Virginia,Loudoun,51107,4370,3116,-77.4901911,39.0590764,5.3,20.4,13.9,29.0,74.2,6.2,9.2,3.8,79.3,89.9,10.1,60.2,3.5,8.2,71.0,19.1,9.2,21.1,18.9,7.8,5.0,12.6,4.3,36.0,6.9,4.8,4.8,31.6,18.0,76.5,13.1,8.2,28.0,9.6,2.1,4.5,32.6,2.0,6.9,2.9,4.2575,40
51107611016,VA,Virginia,Loudoun,51107,4140,3429,-77.4636783,39.0469608,5.0,32.4,10.4,39.8,84.5,13.1,9.0,7.1,85.3,93.9,8.5,76.2,5.1,6.3,79.8,17.2,12.0,26.3,16.1,5.2,3.3,13.2,7.9,44.9,4.5,5.0,3.4,28.7,18.9,80.0,10.4,12.2,26.6,10.9,2.3,2.9,26.2,3.3,7.1,3.1,4.215,40
51153901403,VA,Virginia,Prince William,51153,6754,5242,-77.5182829,38.7706914,12.9,18.9,15.9,29.9,70.6,4.7,9.9,4.2,76.7,84.4,15.0,61.5,4.6,12.2,62.2,21.5,10.7,29.9,23.1,17.1,12.8,18.2,4.8,33.2,14.7,7.6,9.3,35.5,25.2,76.4,16.8,11.5,35.4,11.9,3.2,9.0,40.1,2.5,10.2,5.0,4.8025,40
51153901236,VA,Virginia,Prince William,51153,6506,4617,-77.3412157,38.6851074,6.1,20.7,15.5,30.8,74.9,6.2,10.0,3.8,80.6,90.3,10.6,67.5,3.7,9.1,73.7,20.0,9.5,22.9,20.4,9.0,6.3,12.6,4.0,35.4,8.9,5.2,5.5,32.1,17.8,80.0,13.8,9.2,32.3,9.8,2.3,5.6,37.7,2.3,4.4,3.1,4.3375,40
51107610202,VA,Virginia,Loudoun,51107,5624,3892,-77.8010924,39.153846,5.1,22.5,16.6,28.8,74.0,7.7,9.8,4.1,78.9,90.2,10.7,66.8,3.8,8.4,76.1,21.6,7.9,21.8,16.8,6.0,4.0,11.8,4.7,35.5,6.1,4.9,4.2,30.9,15.7,78.2,14.0,8.2,29.6,9.9,2.0,3.9,29.6,2.1,5.1,2.6,4.3125,40
51153900901,VA,Virginia,Prince William,51153,6221,4268,-77.3196575,38.5618028,18.3,21.1,14.0,35.3,71.9,4.0,11.2,5.1,77.3,82.9,19.0,58.8,6.2,16.9,57.5,21.9,14.1,36.7,26.4,28.6,25.0,25.9,5.1,34.0,23.1,10.8,14.5,37.8,32.7,74.2,19.1,16.3,42.6,15.1,5.3,15.2,43.4,3.4,17.9,7.9,5.4075,40
51179010503,VA,Virginia,Stafford,51179,2618,2019,-77.3790417,38.3353683,7.1,28.2,15.8,33.6,78.2,9.1,10.4,6.1,78.2,88.4,13.3,70.4,6.2,11.9,67.9,24.0,11.0,29.1,19.3,9.0,6.7,16.3,6.8,39.5,7.9,6.9,5.6,32.0,21.7,78.3,15.8,12.7,33.9,12.9,3.0,5.0,35.4,3.1,12.2,3.8,5.652500000000001,40
51600300400,VA,Virginia,Fairfax,51600,4129,3332,-77.3207879,38.8462945,8.6,21.5,14.7,29.9,75.1,6.8,9.1,4.8,78.0,87.1,11.9,69.3,4.3,8.8,68.6,19.3,10.6,24.9,21.0,10.2,6.6,14.7,5.5,36.0,8.4,5.9,5.9,33.5,20.7,78.2,14.0,10.2,30.6,10.6,2.5,4.9,35.0,2.5,7.4,3.8,5.030000000000001,40
51510200900,VA,Virginia,Alexandria,51510,5078,3697,-77.0753683,38.8260244,3.8,24.5,16.5,29.9,76.7,9.4,9.3,4.4,80.5,92.3,8.2,72.0,3.5,6.0,80.8,20.7,8.5,19.8,15.2,4.3,2.8,10.1,4.9,39.1,4.4,4.0,3.1,27.8,13.6,83.2,11.6,7.9,27.4,8.9,1.8,2.9,29.0,2.1,3.6,2.3,4.2625,40
51177020109,VA,Virginia,Spotsylvania,51177,3656,2838,-77.5427972,38.2804092,10.3,30.5,13.4,39.6,80.0,10.3,10.4,7.3,80.2,89.1,13.6,72.6,6.9,11.4,69.0,21.3,13.4,32.5,20.8,11.5,8.3,19.1,8.2,40.2,9.8,8.0,6.5,32.9,25.9,80.0,14.9,15.8,37.8,13.7,3.5,5.8,38.2,3.9,11.7,4.8,5.3025,40
51510201000,VA,Virginia,Alexandria,51510,2831,2535,-77.0814867,38.8377946,4.4,21.9,17.5,26.1,72.7,7.8,10.0,3.5,78.6,91.0,9.3,73.8,3.3,6.5,80.3,23.0,7.3,19.6,15.9,5.3,3.7,10.1,4.0,35.5,5.6,4.4,3.8,29.6,13.9,83.0,13.3,7.2,28.4,8.9,1.7,3.7,30.3,1.8,3.1,2.3,4.3575,40
51177020104,VA,Virginia,Spotsylvania,51177,4945,3684,-77.6620008,38.2898382,7.0,25.8,16.0,34.6,76.2,8.0,10.6,5.3,78.5,88.8,12.8,68.7,5.3,11.4,71.1,22.8,11.2,26.5,20.4,9.4,6.5,15.6,5.6,37.4,8.6,6.5,5.7,32.6,21.1,79.8,15.7,11.6,37.7,12.1,2.8,5.3,39.5,2.8,9.9,3.6,4.835,40
51600300100,VA,Virginia,Fairfax,51600,5368,4354,-77.317843,38.858071,10.7,23.4,14.2,32.6,75.3,6.8,9.7,5.7,77.8,85.9,13.9,66.6,5.7,11.3,65.0,20.5,12.1,28.6,21.6,14.1,10.5,18.4,6.2,37.1,10.8,7.5,7.7,33.8,23.9,73.6,15.2,12.6,33.6,12.5,3.4,6.6,35.7,3.0,9.6,4.9,5.5975,40
51510201100,VA,Virginia,Alexandria,51510,3388,2400,-77.0724866,38.8364121,8.2,24.4,15.9,31.4,74.6,7.8,9.7,5.2,78.3,89.0,11.7,65.1,4.9,9.7,72.6,21.8,10.4,25.5,17.6,9.8,7.6,15.5,5.8,38.3,8.4,6.1,5.7,30.0,20.0,76.5,14.0,10.7,32.0,11.5,2.8,5.5,32.1,2.6,6.7,3.8,5.0675,40
51510200201,VA,Virginia,Alexandria,51510,3505,2986,-77.0986804,38.8272503,6.7,20.3,17.0,27.6,70.8,6.1,10.2,3.9,77.2,87.6,11.8,68.4,3.8,8.4,73.2,22.4,8.6,23.4,19.3,9.5,7.2,13.2,4.4,33.5,9.0,5.7,6.0,32.9,17.7,81.3,15.2,8.6,31.1,9.9,2.3,5.9,34.1,2.1,6.6,3.2,4.514999999999999,40
51177020316,VA,Virginia,Spotsylvania,51177,5003,3703,-77.5846322,38.2231828,7.2,23.9,16.5,33.2,74.3,7.1,10.8,4.7,77.8,88.3,13.0,70.4,4.9,11.4,71.1,23.1,10.5,25.7,21.1,10.1,7.3,15.1,5.0,35.4,9.7,6.4,6.1,33.3,20.7,79.6,16.3,10.7,38.9,11.6,2.7,6.0,40.6,2.6,7.9,3.5,4.7925,40
51179010103,VA,Virginia,Stafford,51179,5044,3648,-77.3928997,38.4589777,7.6,21.9,16.1,29.4,73.8,6.1,10.6,4.2,77.3,87.5,12.9,67.5,4.2,9.7,72.1,22.9,9.7,25.5,20.6,10.9,8.0,14.7,4.5,34.0,10.5,6.3,6.8,33.6,19.9,77.8,16.0,10.0,35.3,11.0,2.7,6.6,36.6,2.4,5.9,3.6,5.0525,40
51179010105,VA,Virginia,Stafford,51179,8089,5790,-77.3746796,38.4206802,7.8,22.4,15.8,30.4,74.9,6.2,10.4,4.2,77.8,88.5,12.4,70.4,4.2,10.2,73.1,21.6,10.0,25.1,22.0,10.6,7.5,14.7,4.4,35.1,10.3,6.0,6.3,33.8,20.5,81.7,15.4,10.1,34.9,11.0,2.6,6.2,37.4,2.4,7.2,3.5,5.1775,40
51177020407,VA,Virginia,Spotsylvania,51177,5768,4554,-77.7325098,38.2385589,6.8,29.3,14.5,38.4,79.4,9.8,10.5,6.6,80.2,89.7,12.5,73.2,6.4,11.5,72.2,22.3,12.7,28.5,19.1,9.2,6.9,16.8,6.9,40.6,7.8,6.8,5.5,31.1,22.0,78.2,14.7,13.4,37.6,12.8,3.1,5.0,37.3,3.4,7.2,3.9,5.09,40
51510200108,VA,Virginia,Alexandria,51510,1667,1385,-77.1385626,38.8173144,8.4,21.3,14.3,32.8,73.0,5.0,10.5,4.2,78.7,87.4,13.1,67.3,4.3,10.6,67.8,20.1,11.6,26.6,23.4,15.4,12.9,17.2,4.2,34.5,13.6,6.9,8.5,34.9,23.1,81.9,15.8,11.1,35.2,11.2,3.2,9.1,38.7,2.7,10.5,4.5,5.075,40
51510200404,VA,Virginia,Alexandria,51510,3694,3003,-77.119651,38.8082942,3.8,22.3,16.4,28.2,74.8,8.0,9.4,3.7,80.1,92.4,8.1,71.0,3.0,5.8,81.7,20.3,8.2,18.4,16.2,4.6,3.0,9.7,4.1,37.5,5.0,3.9,3.4,28.4,13.4,82.7,11.8,7.1,27.8,8.5,1.7,3.3,30.3,1.9,3.2,2.2,4.1425,40
51630000400,VA,Virginia,Fredericksburg,51630,3528,2795,-77.4583457,38.287654,9.6,24.8,15.0,34.9,76.5,6.4,11.2,5.6,78.0,85.7,15.4,69.0,6.0,12.8,65.6,22.6,12.5,32.3,23.6,15.5,12.8,19.3,5.6,35.7,12.8,8.4,8.7,35.0,25.1,79.2,17.0,14.0,40.6,13.0,3.7,8.2,39.2,3.4,11.7,5.2,5.820000000000001,40
51510200106,VA,Virginia,Alexandria,51510,3392,2814,-77.1138008,38.8381814,11.3,28.2,12.7,36.2,79.3,10.2,9.7,7.4,80.3,88.8,13.1,68.1,6.0,8.9,65.0,19.0,12.0,32.8,21.2,12.3,9.1,18.7,8.7,39.6,10.2,8.0,6.8,33.8,25.0,76.0,13.7,15.3,29.5,12.7,3.4,6.1,33.6,3.8,11.1,5.1,5.779999999999999,40
51179010211,VA,Virginia,Stafford,51179,4242,2980,-77.412402,38.4586023,9.8,20.9,16.4,29.3,71.7,5.0,10.9,3.9,75.7,85.7,14.9,65.9,4.5,12.3,64.6,23.5,10.1,27.7,23.5,14.4,10.8,17.0,4.2,33.0,13.4,7.2,8.3,35.9,23.1,75.1,17.8,10.7,37.5,12.0,3.0,8.2,40.4,2.4,11.5,4.2,5.4875,40
51177020404,VA,Virginia,Spotsylvania,51177,3677,2889,-77.7060594,38.0721767,7.8,29.5,15.1,38.6,78.0,9.2,10.8,6.9,78.8,87.9,14.3,68.4,7.3,13.9,63.5,23.9,13.0,30.8,19.8,11.4,9.2,19.0,7.2,40.0,9.2,7.9,6.5,32.1,24.2,77.7,16.3,14.6,39.6,14.0,3.6,6.1,39.8,3.6,17.1,4.5,5.1850000000000005,40
51179010504,VA,Virginia,Stafford,51179,1935,1530,-77.3778722,38.2704318,8.4,31.1,14.5,37.3,79.2,9.4,11.2,7.4,78.6,87.8,15.3,69.9,8.1,14.8,65.8,24.9,13.3,33.5,20.4,12.4,10.4,20.4,7.9,41.2,10.0,8.7,7.3,32.5,25.3,77.0,16.8,16.1,36.8,15.2,4.1,6.6,36.6,3.8,12.7,5.1,6.2524999999999995,40
51600300200,VA,Virginia,Fairfax,51600,5200,3955,-77.2914204,38.8612003,7.5,22.9,15.1,31.0,76.0,7.6,9.1,5.0,79.1,89.2,10.8,66.9,4.3,8.4,72.2,19.5,10.4,23.7,18.9,8.5,5.7,13.8,5.6,37.3,7.3,5.5,5.1,31.1,18.9,79.4,13.1,10.0,31.1,10.5,2.4,4.5,33.1,2.5,6.3,3.5,5.0325,40
51510202001,VA,Virginia,Alexandria,51510,2379,2018,-77.0439449,38.800584,3.5,27.5,15.4,32.4,79.4,11.4,9.2,5.3,82.0,93.2,7.9,76.0,3.9,5.7,83.8,20.3,9.0,21.0,14.5,3.7,2.5,10.2,5.9,41.8,3.8,4.1,2.8,26.9,13.7,82.5,11.0,8.6,26.8,9.3,1.8,2.5,26.8,2.4,2.8,2.3,4.2700000000000005,40
51510200301,VA,Virginia,Alexandria,51510,3333,2626,-77.1164683,38.8260946,9.6,17.7,16.9,27.3,66.1,4.2,10.5,3.4,75.1,84.8,14.4,63.1,3.9,11.0,67.9,22.1,8.9,26.0,23.5,15.2,12.2,16.3,3.9,30.9,13.9,6.9,8.7,36.1,21.6,80.4,17.2,9.2,34.1,10.8,2.8,8.9,37.6,2.1,6.1,4.1,5.14,40
51177020403,VA,Virginia,Spotsylvania,51177,4091,3048,-77.6298383,38.0730922,8.7,27.9,15.9,37.0,75.9,7.9,11.2,6.3,77.2,86.3,15.9,66.4,7.3,15.7,65.3,25.3,12.7,31.5,21.6,12.9,10.4,19.7,6.6,38.3,10.8,8.4,7.3,34.0,25.5,78.5,18.2,14.3,41.2,14.5,3.7,6.9,40.6,3.4,13.7,4.6,5.3149999999999995,40
51510202002,VA,Virginia,Alexandria,51510,2430,2211,-77.042343,38.7921158,4.5,23.9,16.8,29.1,76.2,9.3,9.5,4.6,79.4,90.7,9.3,76.7,3.6,6.1,81.5,21.6,8.2,21.5,16.1,4.9,3.2,10.4,5.3,37.5,5.1,4.5,3.7,29.7,14.3,83.4,12.7,8.2,27.2,9.1,1.8,3.3,28.4,2.2,5.0,2.4,4.1525,40
51187020300,VA,Virginia,Warren,51187,6829,5398,-78.2882849,38.9128381,8.4,31.7,14.8,38.6,78.8,9.5,11.0,7.8,78.7,87.1,15.9,67.6,8.6,15.9,68.3,24.7,13.7,35.0,20.5,12.4,10.9,20.6,8.3,40.1,10.0,9.0,7.2,32.6,26.6,71.5,17.5,16.4,38.5,15.6,4.1,6.6,37.0,3.9,13.9,5.1,5.7825,40
51179010308,VA,Virginia,Stafford,51179,2618,1942,-77.5945671,38.3850509,6.9,25.2,16.8,31.0,75.4,7.5,10.4,5.0,77.1,88.2,13.1,69.2,5.2,11.9,73.5,24.0,10.1,26.7,20.0,9.2,6.8,15.2,5.5,37.2,8.6,6.4,5.8,32.3,20.7,77.6,16.1,11.0,34.8,12.2,2.8,5.5,35.9,2.6,7.6,3.5,5.397500000000001,40
51510201802,VA,Virginia,Alexandria,51510,2084,1803,-77.0424767,38.8074142,5.4,30.9,13.2,38.5,80.6,10.3,10.3,6.9,82.4,91.5,10.9,74.0,6.1,9.2,73.5,21.7,13.1,27.6,16.6,8.8,7.5,16.1,6.9,43.0,7.5,6.5,5.4,28.8,20.5,78.4,13.4,13.2,33.2,12.4,3.2,5.4,31.5,3.4,8.1,4.0,4.94,40
51187020400,VA,Virginia,Warren,51187,4834,3696,-78.205647,38.923993,10.7,30.6,14.6,37.7,77.5,9.0,11.5,7.7,77.8,85.3,17.8,67.2,8.9,16.4,59.6,25.3,13.6,37.6,22.5,15.6,13.7,22.5,8.4,38.3,12.5,10.3,8.7,35.2,28.8,70.4,18.9,17.6,38.7,16.1,4.4,7.9,39.5,4.1,13.3,5.9,6.1575,40
51510200406,VA,Virginia,Alexandria,51510,4949,3959,-77.1360556,38.8117133,8.0,17.8,16.1,28.3,69.6,4.4,10.1,3.2,77.5,88.1,11.8,66.5,3.1,8.4,66.1,19.4,9.2,22.9,23.4,12.0,8.7,13.8,3.4,31.8,12.2,5.5,7.1,35.2,19.2,78.5,15.2,8.3,33.3,9.5,2.3,7.5,39.5,2.0,8.2,3.4,4.722499999999999,40
51179010307,VA,Virginia,Stafford,51179,8635,6587,-77.537563,38.3456243,6.3,27.2,14.3,34.3,79.4,8.8,10.4,5.5,80.4,90.2,11.4,73.8,5.0,9.3,75.1,21.7,11.4,26.4,19.4,8.7,6.3,14.6,5.8,38.9,8.2,6.0,5.5,31.6,20.0,81.4,14.3,11.6,34.1,11.5,2.7,5.2,34.7,2.9,5.3,3.5,5.1049999999999995,40
51510200304,VA,Virginia,Alexandria,51510,2825,2533,-77.1313574,38.8166069,10.2,25.8,13.5,37.2,76.5,6.2,11.0,6.1,79.2,86.2,15.2,68.5,6.1,11.9,64.4,21.4,14.4,33.1,23.5,18.5,16.6,21.1,6.2,37.2,15.1,9.1,10.2,35.7,27.6,80.0,17.0,15.4,36.3,13.3,4.2,10.5,37.8,3.8,12.9,6.1,5.3725000000000005,40
51510201206,VA,Virginia,Alexandria,51510,5710,3894,-77.0686289,38.8416687,28.1,16.6,16.2,27.3,62.3,2.9,10.2,4.0,70.2,78.4,21.5,48.8,5.0,16.3,54.0,22.0,11.7,36.3,28.6,32.1,25.0,28.9,4.8,32.1,25.6,10.5,15.3,40.1,34.7,72.7,19.5,13.8,38.7,15.5,4.8,14.2,39.3,2.4,15.1,8.1,6.925,40
51179010218,VA,Virginia,Stafford,51179,4638,3588,-77.448635,38.4093294,10.0,19.0,18.1,28.4,68.3,4.8,10.3,3.8,74.1,84.3,14.8,64.4,4.2,12.8,68.8,22.5,8.9,26.9,24.5,13.6,10.1,16.3,4.3,31.4,12.9,6.7,8.0,36.0,21.9,79.0,17.5,9.5,36.9,11.3,2.7,7.9,39.4,2.2,8.6,3.8,5.2775,40
51510201400,VA,Virginia,Alexandria,51510,4158,3255,-77.0616812,38.8219432,5.5,20.7,18.4,26.0,70.9,6.9,9.8,3.5,77.3,90.0,10.2,71.0,3.4,7.7,79.0,22.7,7.5,20.3,17.2,6.2,4.3,11.0,4.0,34.9,6.5,4.6,4.2,30.3,15.0,81.4,14.0,7.3,29.5,9.3,1.8,4.1,30.7,1.8,3.6,2.5,4.62,40
51510201602,VA,Virginia,Alexandria,51510,3220,2723,-77.0505695,38.8150812,7.4,15.7,19.0,23.6,62.6,4.1,10.5,2.8,74.1,84.8,13.4,65.6,3.3,9.6,71.8,24.3,6.7,22.8,20.3,11.5,9.5,13.3,3.4,28.8,10.7,6.1,7.1,34.7,17.6,80.9,17.0,7.1,32.2,9.5,2.2,7.1,35.0,1.6,4.1,3.2,5.3,40
51177020110,VA,Virginia,Spotsylvania,51177,3881,2896,-77.5564746,38.2735515,12.2,24.6,15.5,34.7,74.1,6.6,10.8,5.5,76.4,85.4,16.0,62.5,6.2,14.1,57.7,23.3,12.3,30.9,23.1,15.7,11.8,20.1,5.8,36.0,13.3,8.2,8.4,35.4,26.7,74.3,17.7,13.5,41.1,13.7,3.5,7.9,43.8,3.1,14.3,5.0,5.55,40
51510200704,VA,Virginia,Alexandria,51510,2906,2692,-77.067989,38.8013013,5.9,13.8,20.5,20.7,60.9,4.0,9.6,2.2,73.7,86.5,10.9,66.4,2.3,7.1,76.2,22.4,5.5,18.7,19.6,7.5,5.2,10.0,2.8,28.0,7.9,4.5,5.1,33.7,13.9,80.5,15.1,5.2,28.6,7.8,1.5,4.9,33.5,1.3,2.8,2.3,4.575,40
51630000201,VA,Virginia,Fredericksburg,51630,4690,3716,-77.4881844,38.311378,9.6,23.2,14.8,31.0,74.2,6.4,11.8,5.5,77.3,82.6,17.5,68.3,6.1,11.6,62.3,25.9,11.0,34.2,21.8,16.5,14.0,19.1,6.0,33.0,13.2,9.6,9.9,36.7,25.0,80.0,19.3,13.5,38.9,13.1,3.6,8.8,38.7,3.1,14.9,5.4,5.945,40
51177020203,VA,Virginia,Spotsylvania,51177,5067,3627,-77.4600551,38.2337139,8.0,22.4,15.8,32.8,73.5,6.2,10.8,4.3,77.9,87.9,13.0,67.3,4.5,10.9,68.9,22.2,10.7,25.4,21.3,11.9,8.8,15.8,4.5,34.3,11.0,6.5,6.9,33.6,21.3,79.3,16.0,10.6,39.5,11.3,2.8,6.9,42.1,2.5,9.7,3.8,5.095000000000001,40
51510200600,VA,Virginia,Alexandria,51510,4731,3791,-77.0985375,38.8074359,8.9,22.1,15.2,31.7,73.8,6.0,9.9,4.6,78.2,88.4,12.4,67.4,4.3,9.9,68.9,20.1,11.2,26.1,22.2,12.5,9.3,16.2,4.9,36.3,11.3,6.3,7.0,33.6,21.9,80.1,14.9,10.9,32.8,11.2,2.9,7.1,37.1,2.6,9.6,4.1,4.907500000000001,40
51177020405,VA,Virginia,Spotsylvania,51177,3677,3054,-77.8483583,38.1471161,7.8,32.1,14.2,41.5,79.8,10.0,11.0,7.9,79.8,88.4,14.7,67.6,8.3,14.7,65.2,24.0,14.5,32.9,19.9,11.8,9.7,20.3,8.1,41.8,9.3,8.4,6.7,32.0,25.8,78.0,16.5,16.3,40.6,15.0,4.0,6.3,39.7,4.0,10.8,4.9,5.29,40
51510200802,VA,Virginia,Alexandria,51510,2991,2361,-77.0785167,38.8091228,9.2,21.2,16.3,29.0,70.7,5.8,10.5,4.2,76.5,86.3,13.8,67.2,4.7,11.0,68.1,22.9,9.6,26.5,21.0,13.4,10.9,16.5,4.7,34.3,11.6,7.0,7.6,34.1,21.5,78.5,16.3,10.4,33.1,11.5,2.9,7.4,35.7,2.4,8.1,4.1,5.355,40
51510200111,VA,Virginia,Alexandria,51510,3909,3325,-77.1072192,38.836821,8.6,15.3,18.2,23.7,62.9,3.8,10.4,2.7,74.3,84.8,13.8,67.5,3.1,9.6,68.2,22.9,7.1,23.5,23.1,12.8,9.7,13.7,3.3,28.7,12.3,6.1,7.7,36.8,19.0,80.7,17.4,7.2,32.0,9.5,2.1,7.5,37.6,1.7,5.7,3.3,4.697500000000001,40
51179010217,VA,Virginia,Stafford,51179,5305,4044,-77.5027376,38.4431247,5.5,26.3,15.2,32.8,78.9,8.3,10.1,5.1,79.9,90.3,10.9,71.7,4.7,8.9,77.4,21.9,10.8,24.8,18.0,7.6,5.3,13.8,5.3,38.8,7.1,5.6,4.9,30.4,18.7,79.4,13.8,10.8,33.4,11.1,2.6,4.6,33.2,2.7,7.6,3.3,4.852499999999999,40
51179010301,VA,Virginia,Stafford,51179,4690,3522,-77.5721534,38.4539457,6.9,26.5,16.0,32.8,77.3,8.0,10.4,5.4,78.1,88.4,13.0,68.9,5.5,11.7,70.3,23.6,10.9,27.6,19.7,9.3,6.9,15.7,5.8,38.3,8.4,6.6,5.7,32.0,21.3,78.2,15.8,11.8,34.9,12.4,2.9,5.4,36.8,2.8,10.0,3.7,5.42,40
51187020602,VA,Virginia,Warren,51187,2665,2012,-78.1564775,38.8647785,10.2,29.9,15.1,36.8,76.7,8.3,11.4,7.3,77.0,85.2,17.8,67.5,8.9,17.6,62.2,25.8,13.3,36.0,22.1,15.1,13.4,22.3,7.7,38.8,11.9,9.8,8.3,34.4,28.2,72.7,19.0,16.6,39.1,16.2,4.3,7.5,39.6,3.8,17.5,5.6,5.96,40
51187020101,VA,Virginia,Warren,51187,4716,3746,-78.0989278,38.9237422,6.9,26.4,17.0,32.7,75.7,8.4,10.3,5.5,77.8,88.6,12.9,69.8,5.7,11.9,71.8,23.3,10.6,27.4,19.4,8.6,6.4,15.2,6.0,37.4,8.0,6.4,5.4,31.3,20.2,74.5,15.7,11.3,35.5,12.5,2.8,4.9,36.8,2.7,9.6,3.5,5.1075,40
51600300500,VA,Virginia,Fairfax,51600,3560,2955,-77.29894,38.8403654,6.3,24.2,14.7,31.9,77.9,8.5,9.1,5.4,79.8,89.1,10.4,72.7,4.5,7.6,74.5,19.4,10.6,24.0,18.5,7.4,4.9,13.1,6.0,38.2,6.3,5.4,4.7,31.2,18.3,80.0,12.8,10.1,29.7,10.3,2.3,3.9,32.0,2.6,6.1,3.3,4.575,40
51630000302,VA,Virginia,Fredericksburg,51630,4471,3558,-77.4710605,38.2770373,8.7,25.0,15.7,33.2,75.1,7.1,11.1,5.7,77.9,85.8,15.2,67.5,6.0,12.3,65.6,24.5,11.5,31.8,20.8,13.6,11.4,18.0,6.2,35.6,11.8,8.1,8.2,33.4,23.6,76.2,17.5,13.0,40.8,13.0,3.5,7.9,38.8,3.1,14.7,4.8,5.654999999999999,40
51179010405,VA,Virginia,Stafford,51179,6241,4695,-77.4282188,38.3222432,6.3,25.3,16.2,31.0,76.8,8.2,10.3,4.9,78.4,89.3,11.9,70.6,4.8,10.0,75.3,23.0,9.8,25.5,19.3,8.0,5.6,13.9,5.5,37.4,7.7,5.9,5.1,31.9,19.2,81.2,15.0,10.5,33.2,11.3,2.5,4.8,34.1,2.6,6.5,3.2,5.1975,40
51179010106,VA,Virginia,Stafford,51179,3865,2999,-77.3640763,38.3790248,6.9,24.5,16.6,31.1,76.1,7.5,10.2,4.8,77.8,89.0,12.1,69.8,4.6,10.3,70.9,22.5,10.1,25.5,20.3,8.6,5.8,14.2,5.2,37.0,8.4,5.8,5.4,32.4,19.6,79.3,15.2,10.4,34.1,11.4,2.6,5.2,36.2,2.5,5.3,3.3,4.9799999999999995,40
51179010502,VA,Virginia,Stafford,51179,4226,3310,-77.4125747,38.2809373,6.6,28.2,15.5,33.8,78.8,9.4,10.2,6.0,78.9,89.2,12.5,72.1,5.8,10.9,72.4,23.3,11.0,28.2,18.8,8.3,6.1,15.4,6.6,39.6,7.5,6.5,5.2,31.4,20.9,75.2,15.1,12.3,33.7,12.4,2.8,4.7,34.4,3.0,11.6,3.6,5.555000000000001,40
51177020309,VA,Virginia,Spotsylvania,51177,5749,4360,-77.5387743,38.2276424,8.4,24.0,16.3,33.5,74.0,6.8,11.1,4.9,77.3,86.8,14.3,69.7,5.4,12.2,68.2,23.8,11.1,27.7,21.5,12.2,9.2,17.0,5.1,35.3,11.0,7.3,7.1,34.3,22.3,78.4,17.1,11.8,39.7,12.4,3.1,6.8,41.0,2.8,9.8,4.1,5.012499999999999,40
51177020406,VA,Virginia,Spotsylvania,51177,3817,2928,-77.7225824,38.1791459,9.8,29.6,15.3,39.0,76.4,8.2,11.6,7.1,77.3,85.8,17.2,65.2,8.6,17.7,62.9,25.8,13.9,34.2,21.8,15.2,12.9,22.5,7.4,39.5,11.9,9.6,8.3,34.1,27.8,76.5,18.7,16.4,42.4,15.9,4.4,7.9,41.0,3.8,15.4,5.4,5.949999999999999,40
51177020206,VA,Virginia,Spotsylvania,51177,4570,3558,-77.4616442,38.1927237,7.6,22.9,16.6,32.5,73.4,6.7,10.9,4.6,77.2,87.1,13.7,67.9,4.9,11.3,70.8,23.5,10.4,26.4,20.9,11.2,8.4,15.8,5.0,34.3,10.4,6.8,6.7,33.9,21.0,79.1,16.7,10.8,38.8,11.6,2.8,6.5,40.2,2.6,9.5,3.8,5.115,40
51510201803,VA,Virginia,Alexandria,51510,2393,2110,-77.0461711,38.8193687,4.2,18.7,19.2,23.8,69.4,6.5,9.6,3.0,77.0,90.3,9.1,73.2,2.7,6.0,80.8,22.6,6.4,17.9,16.3,4.8,3.2,9.1,3.5,33.0,5.5,4.0,3.6,30.0,12.6,81.7,13.3,6.0,27.8,8.1,1.5,3.5,30.4,1.6,2.9,2.0,4.2375,40
51600300300,VA,Virginia,Fairfax,51600,5889,4847,-77.2774603,38.8475799,7.7,22.5,14.4,31.1,76.2,7.1,9.2,5.1,78.8,87.7,11.7,68.9,4.6,8.8,71.3,19.6,11.1,24.9,20.5,9.8,6.6,14.5,5.6,37.0,8.1,5.9,5.8,33.0,20.5,76.9,14.0,10.4,30.6,10.7,2.5,4.9,34.0,2.6,7.0,3.7,4.7675,40
51179010219,VA,Virginia,Stafford,51179,1462,1017,-77.4661822,38.4556689,5.8,22.0,16.0,29.8,75.3,6.2,10.2,3.9,78.6,89.7,11.2,69.4,3.7,8.9,75.7,21.4,9.7,23.0,20.4,8.6,5.8,13.1,4.1,35.0,8.7,5.4,5.5,32.5,18.3,81.3,14.6,9.2,34.0,10.3,2.4,5.5,36.5,2.3,5.4,3.1,4.965,40
51177020314,VA,Virginia,Spotsylvania,51177,1850,1290,-77.5241261,38.2051728,10.0,21.9,15.7,32.9,72.0,5.4,11.4,4.4,76.6,86.2,15.4,63.8,5.0,13.4,65.3,23.1,11.3,28.4,24.7,15.5,11.6,18.5,4.6,33.5,13.8,7.8,8.4,36.6,24.6,79.0,17.9,12.0,40.7,12.5,3.3,8.3,43.2,2.8,8.8,4.5,5.33,40
51510201900,VA,Virginia,Alexandria,51510,1798,1594,-77.050946,38.8049862,4.5,21.6,17.9,26.9,72.6,7.8,9.8,4.0,77.9,90.0,9.8,73.1,3.5,6.7,79.5,22.9,7.6,20.7,16.0,5.4,3.9,10.5,4.6,35.4,5.6,4.6,4.0,29.8,14.0,81.9,13.6,7.5,28.3,9.0,1.8,3.8,29.9,2.0,3.8,2.4,4.4275,40
51179010215,VA,Virginia,Stafford,51179,2114,1399,-77.418287,38.4847426,10.5,22.1,14.6,31.6,72.8,4.8,11.6,4.4,76.9,85.4,16.3,63.1,5.2,13.4,58.2,23.7,11.7,30.4,25.0,18.3,14.9,19.5,4.5,33.5,16.4,8.4,10.3,37.3,26.1,74.9,18.9,12.4,39.5,13.0,3.6,10.5,44.1,2.8,15.9,5.0,5.8,40
51510200408,VA,Virginia,Alexandria,51510,2713,2113,-77.1359476,38.8051567,10.6,15.9,16.2,26.8,65.0,3.2,10.5,3.0,75.1,84.1,14.7,62.3,3.5,10.7,59.8,21.0,9.0,26.0,25.2,17.2,13.6,16.9,3.3,29.7,15.5,7.1,9.6,37.6,22.5,77.2,17.4,8.9,34.3,10.5,2.8,9.8,41.1,2.0,12.2,4.3,5.4175,40
51510200202,VA,Virginia,Alexandria,51510,1698,1303,-77.0975078,38.817098,3.6,26.9,15.0,32.6,79.3,10.7,9.1,5.2,82.3,93.1,7.8,75.2,3.7,5.4,82.1,19.6,9.5,21.1,14.6,4.0,2.6,10.4,5.8,41.4,4.2,4.1,3.0,27.0,14.3,80.9,10.9,8.7,27.3,9.2,1.9,2.9,28.1,2.4,3.2,2.4,4.1325,40
51630000100,VA,Virginia,Fredericksburg,51630,3175,2789,-77.466221,38.30416,5.4,25.6,16.8,31.7,76.9,9.1,10.0,5.4,79.0,88.9,11.2,74.5,4.9,8.7,77.0,23.0,9.6,25.9,17.1,6.8,5.1,12.9,6.0,37.5,6.4,5.7,4.7,29.6,17.3,82.0,14.1,10.2,35.6,10.8,2.4,4.2,32.4,2.6,5.5,3.1,5.257499999999999,40
51510201805,VA,Virginia,Alexandria,51510,3383,3203,-77.0419989,38.8149345,4.8,27.9,14.4,34.3,79.9,10.2,9.8,5.7,81.6,91.9,9.4,77.2,4.5,6.9,76.9,20.8,10.7,24.0,16.1,6.0,4.5,12.7,6.0,41.0,5.5,5.1,4.0,28.8,16.9,83.2,12.2,10.6,28.9,10.3,2.3,3.7,30.2,2.8,4.8,3.1,4.62,40
51177020207,VA,Virginia,Spotsylvania,51177,1575,1115,-77.4880843,38.2024213,10.2,21.4,16.8,32.5,69.8,5.0,11.4,4.2,75.3,84.6,16.4,59.5,5.3,15.1,61.0,24.6,11.0,28.8,23.6,16.3,13.1,19.1,4.5,32.6,14.3,8.2,9.1,35.8,24.7,77.6,19.0,11.7,42.6,12.9,3.4,9.2,44.8,2.6,13.9,4.6,5.592499999999999,40
51177020113,VA,Virginia,Spotsylvania,51177,4512,3323,-77.6187532,38.2557175,8.0,26.9,15.3,36.3,76.3,7.9,11.1,5.7,78.6,87.9,14.1,69.6,6.2,12.7,67.4,23.9,12.3,28.8,20.2,12.1,9.6,18.0,5.9,37.7,10.5,7.5,7.0,32.6,23.2,78.5,16.6,13.1,40.6,13.2,3.4,6.9,40.8,3.1,10.1,4.3,5.14,40
51510201300,VA,Virginia,Alexandria,51510,4004,3164,-77.0544298,38.8235803,4.2,19.0,19.2,24.4,69.3,6.4,9.7,3.0,77.1,90.3,9.2,70.5,2.8,6.4,77.5,22.5,6.6,18.2,16.2,5.1,3.5,9.5,3.5,33.2,5.6,4.1,3.7,29.7,12.9,80.9,13.3,6.3,28.5,8.3,1.6,3.7,32.2,1.6,4.0,2.1,4.3675,40
51630000500,VA,Virginia,Fredericksburg,51630,8872,6361,-77.5063977,38.3007831,9.7,20.7,16.0,30.3,70.6,4.8,11.4,4.2,76.7,84.7,15.8,63.9,4.8,12.6,63.9,23.9,10.4,30.0,23.4,16.7,14.0,17.9,4.4,32.0,14.9,8.0,9.6,35.5,23.9,78.3,18.4,11.3,42.1,12.2,3.3,9.8,41.9,2.5,13.9,4.7,5.75,40
51510200801,VA,Virginia,Alexandria,51510,2701,1998,-77.0808815,38.8166038,5.9,26.2,15.6,32.1,77.5,9.5,9.6,5.2,80.4,91.5,9.9,71.5,4.4,8.0,78.5,20.5,9.8,23.4,17.5,6.5,4.4,12.8,5.7,40.3,6.1,5.0,4.1,29.6,17.2,82.6,12.6,9.9,29.1,10.5,2.2,3.8,30.2,2.5,6.4,2.9,4.4125,40
51187020102,VA,Virginia,Warren,51187,4010,3053,-78.03247759999999,38.9733204,9.4,27.8,16.4,35.5,74.0,7.3,11.3,6.6,76.1,84.6,17.6,62.0,8.2,18.3,61.5,26.7,12.8,34.2,20.8,15.4,14.6,21.4,7.0,36.8,12.7,9.5,8.8,33.0,26.8,69.4,19.6,15.0,41.5,15.6,4.3,8.8,40.8,3.4,14.2,5.4,6.067500000000001,40
51177020107,VA,Virginia,Spotsylvania,51177,2340,1728,-77.506705,38.2730339,7.0,23.6,16.0,33.9,74.6,6.9,10.6,4.7,78.3,88.6,12.5,66.8,4.8,11.0,70.9,22.4,11.0,25.1,20.0,10.5,7.9,15.5,4.9,35.8,9.8,6.3,6.3,32.0,20.5,78.7,15.5,10.7,39.3,11.5,2.8,6.4,40.3,2.6,9.2,3.7,5.1899999999999995,40
51510200407,VA,Virginia,Alexandria,51510,3921,3392,-77.1417563,38.8098741,7.3,27.0,13.2,35.6,78.8,8.6,9.9,5.8,81.2,90.8,11.0,72.9,4.9,8.6,71.9,19.2,12.2,27.0,20.7,10.1,7.4,15.6,6.1,40.1,9.2,6.2,5.9,32.0,21.3,83.1,13.3,12.3,31.3,11.5,2.9,5.8,34.7,3.1,5.1,4.0,4.7075000000000005,40
51179010107,VA,Virginia,Stafford,51179,3661,2675,-77.3372703,38.4551376,8.7,26.1,15.8,33.0,76.3,7.4,10.6,5.4,77.4,87.9,13.9,67.9,5.8,12.8,68.4,23.9,11.4,28.8,20.6,11.7,9.0,17.4,5.7,37.7,10.5,7.1,6.9,32.6,22.9,77.0,16.5,12.5,36.8,13.1,3.3,6.7,37.4,2.9,7.3,4.2,5.297499999999999,40
51177020311,VA,Virginia,Spotsylvania,51177,5571,4324,-77.5642531,38.1471853,11.4,30.9,14.0,41.9,77.5,7.8,11.9,7.9,77.8,84.6,18.8,61.6,9.8,19.4,58.4,25.7,16.3,37.7,23.0,20.1,18.6,26.0,7.9,39.9,15.0,11.2,10.5,35.0,32.1,74.3,19.6,19.1,45.2,17.3,5.4,10.4,43.2,4.5,17.3,6.9,5.737500000000001,40
51510201804,VA,Virginia,Alexandria,51510,3710,3180,-77.0488125,38.8312553,4.9,15.6,19.0,22.4,65.2,4.8,9.5,2.5,75.8,88.7,9.7,67.7,2.4,6.3,75.6,21.6,6.2,17.8,18.1,6.4,4.3,9.6,3.0,30.4,6.9,4.1,4.5,31.8,13.4,79.2,13.8,5.5,28.6,7.7,1.5,4.4,33.4,1.4,7.0,2.2,4.172499999999999,40
51510201205,VA,Virginia,Alexandria,51510,2568,1990,-77.0592287,38.8412597,15.4,15.0,17.6,24.1,62.8,3.2,10.0,3.1,72.6,82.8,16.0,60.9,3.4,10.9,64.5,22.1,8.7,27.4,24.0,18.2,13.4,18.4,3.8,29.7,16.0,7.3,9.7,37.3,23.9,81.9,17.5,9.1,34.0,11.2,2.9,9.0,37.4,1.9,11.1,4.8,5.7175,40
51510200703,VA,Virginia,Alexandria,51510,3494,2982,-77.0566261,38.7971997,5.0,20.6,17.5,27.5,72.4,6.7,10.0,3.6,78.2,89.8,10.0,68.3,3.2,7.0,75.5,21.8,7.9,20.7,17.8,6.8,5.0,11.0,4.0,34.0,7.0,4.7,4.6,31.2,15.0,80.2,13.8,7.6,29.9,8.9,1.9,4.6,32.7,2.0,5.5,2.6,4.545,40
51177020307,VA,Virginia,Spotsylvania,51177,3791,2825,-77.5428503,38.2532909,13.0,24.1,15.3,34.9,73.7,6.2,11.1,5.3,76.3,85.5,16.2,65.5,6.1,14.6,64.6,23.0,12.6,31.0,24.2,17.0,12.7,20.9,5.5,35.9,14.2,8.3,8.9,35.9,27.0,80.0,17.7,13.7,41.5,13.8,3.7,8.4,41.8,3.1,6.7,5.1,5.477500000000001,40
51177020315,VA,Virginia,Spotsylvania,51177,593,438,-77.5438756,38.1914448,8.4,26.7,15.1,36.4,77.5,8.6,10.4,6.1,78.8,89.0,12.9,74.0,5.7,11.3,74.0,22.6,12.1,28.0,20.2,10.2,7.5,16.6,6.5,38.3,9.3,6.7,6.0,32.2,22.4,83.4,15.5,12.4,38.6,12.3,2.9,5.6,37.3,3.1,5.0,3.9,4.842499999999999,40
51510200701,VA,Virginia,Alexandria,51510,951,853,-77.0816421,38.8035955,5.8,11.4,21.7,17.5,54.7,3.1,9.8,1.7,72.2,85.7,11.3,63.4,2.0,6.7,77.9,24.0,4.3,17.8,19.0,7.1,4.9,9.2,2.4,25.3,7.8,4.4,5.0,34.4,13.0,81.2,15.9,4.2,27.9,7.3,1.3,4.8,32.0,1.0,3.7,2.1,4.6475,40
51187020500,VA,Virginia,Warren,51187,4178,3230,-78.1900959,38.9236563,11.4,29.6,15.0,37.7,76.7,7.8,11.7,7.3,77.0,84.7,18.4,65.9,8.7,17.7,64.4,25.3,14.0,37.3,23.9,17.1,14.9,23.3,7.6,37.9,13.8,10.2,9.3,35.9,29.4,70.3,19.5,17.2,40.3,16.3,4.6,8.7,40.5,4.0,15.0,5.9,6.172500000000001,40
51187020200,VA,Virginia,Warren,51187,3865,3118,-78.1851961,38.993678,7.4,28.1,16.2,34.8,77.0,9.2,10.3,6.3,78.3,88.2,13.4,69.3,6.4,12.5,69.8,22.9,11.3,29.6,19.9,9.2,7.1,16.3,6.9,38.2,8.3,6.9,5.6,31.7,21.7,74.4,15.8,12.6,35.6,13.0,3.0,5.1,36.8,3.1,9.0,3.8,5.37,40
51610500100,VA,Virginia,Falls Church,51610,3529,2700,-77.1774767,38.8904727,4.2,26.4,14.5,32.1,79.0,10.0,9.2,5.2,81.7,92.0,8.7,73.7,4.0,6.4,80.5,20.1,9.7,22.1,15.6,4.9,3.2,11.1,5.8,39.4,4.6,4.6,3.5,28.0,15.9,80.2,11.6,9.4,28.5,9.6,2.0,3.1,29.9,2.5,3.5,2.7,4.7675,40
51510200104,VA,Virginia,Alexandria,51510,4095,3035,-77.1227225,38.8296955,17.1,15.7,16.4,26.1,61.6,2.9,10.9,3.2,72.6,80.3,18.9,58.0,4.3,13.7,58.6,23.1,9.5,31.4,26.3,24.7,20.3,22.1,3.8,29.4,20.8,9.2,13.1,39.4,27.8,78.8,19.7,10.7,36.9,12.8,3.6,12.8,39.8,2.1,8.8,6.0,5.909999999999999,40
51179010404,VA,Virginia,Stafford,51179,6642,4956,-77.4508489,38.333362,6.5,24.0,16.2,30.6,75.8,7.5,10.3,4.7,78.1,88.6,12.0,70.8,4.5,9.7,73.8,22.9,9.7,25.4,19.8,8.7,6.3,13.8,5.2,35.9,8.6,5.9,5.6,32.5,19.2,79.5,15.4,10.1,33.9,11.0,2.5,5.5,35.4,2.5,5.1,3.2,4.77,40
51510201204,VA,Virginia,Alexandria,51510,2878,2420,-77.05602,38.8341111,7.8,18.4,18.4,26.0,69.2,5.2,9.9,3.3,75.7,88.0,11.7,67.6,3.3,8.7,74.6,21.7,8.2,22.1,20.6,9.3,6.6,12.9,3.7,32.6,9.2,5.3,5.6,33.2,17.5,82.8,15.0,7.9,31.0,9.6,2.1,5.5,33.5,2.0,5.6,3.0,4.785,40
51187020700,VA,Virginia,Warren,51187,3536,2796,-78.2662101,38.825048,7.9,32.0,14.9,38.2,79.1,10.2,10.9,7.8,79.1,88.0,15.1,71.5,8.2,14.6,67.9,24.2,13.1,34.0,20.3,10.6,8.7,19.3,8.3,40.6,8.8,8.4,6.3,32.3,25.0,75.0,16.8,15.8,36.8,15.1,3.7,5.6,37.1,3.8,8.2,4.7,5.5075,40
51510201601,VA,Virginia,Alexandria,51510,3347,2895,-77.0522964,38.8095645,5.1,19.1,18.4,25.9,69.5,5.9,10.0,3.4,76.7,88.6,10.7,69.6,3.3,7.7,73.9,23.0,7.5,20.7,17.8,7.3,5.6,11.3,3.9,32.8,7.3,4.9,4.9,31.4,15.2,81.3,14.6,7.2,30.0,9.0,1.9,4.9,33.9,1.9,4.3,2.6,4.705,40
51179010214,VA,Virginia,Stafford,51179,3873,2713,-77.4545832,38.4644624,9.7,22.1,15.5,30.7,73.4,5.4,10.7,4.4,76.6,86.0,14.6,64.5,4.9,12.3,65.2,23.1,10.9,28.2,22.5,14.7,11.7,17.7,4.6,34.3,13.1,7.4,8.3,34.8,23.9,76.9,17.2,11.5,37.4,12.2,3.2,8.3,39.9,2.6,9.1,4.4,5.59,40
51510200105,VA,Virginia,Alexandria,51510,4065,3392,-77.1134622,38.8327537,10.4,19.5,15.0,32.9,69.7,4.0,11.3,4.1,76.8,84.6,16.0,64.1,4.8,13.7,64.3,20.8,11.4,29.3,27.7,20.4,17.5,19.9,4.0,32.3,17.8,8.3,11.0,38.5,25.2,82.3,18.2,11.6,37.2,12.1,3.7,11.7,42.4,2.8,8.0,5.1,5.72,40
51179010305,VA,Virginia,Stafford,51179,6752,4822,-77.5097313,38.3985063,8.1,25.7,14.6,33.5,77.0,7.4,10.8,5.5,78.5,87.6,13.9,66.9,5.6,11.6,68.5,22.7,11.6,29.5,21.6,12.4,9.6,17.4,5.9,37.0,11.0,7.5,7.3,34.0,23.5,78.1,16.3,12.9,35.7,12.6,3.3,7.0,37.9,3.1,9.3,4.4,5.2875,40
51510200102,VA,Virginia,Alexandria,51510,5043,3613,-77.1255106,38.8339909,15.8,18.8,15.6,28.6,68.7,4.5,9.7,4.2,74.6,83.9,15.5,63.4,4.5,11.9,64.2,20.2,10.8,29.3,25.1,19.3,14.1,20.2,4.8,33.7,16.1,7.6,9.9,36.6,26.4,77.7,16.5,11.3,34.1,12.4,3.3,9.3,37.2,2.5,6.4,5.3,5.4350000000000005,40
51610500300,VA,Virginia,Falls Church,51610,4437,3348,-77.1619697,38.8788854,5.0,20.8,16.6,27.2,73.7,7.5,9.1,4.1,78.3,89.4,9.5,71.0,3.3,6.7,79.0,20.6,8.0,20.5,17.2,5.7,3.6,10.5,4.7,34.7,5.5,4.4,4.0,30.2,15.2,78.6,12.7,7.6,28.0,8.7,1.8,3.5,31.4,2.0,5.9,2.5,4.55,40
51510201500,VA,Virginia,Alexandria,51510,3835,3010,-77.0649035,38.8136653,4.8,24.9,16.4,30.3,76.4,9.2,9.4,4.9,79.9,91.5,9.4,72.4,3.9,7.0,76.4,21.2,9.2,22.4,16.0,5.4,3.7,11.8,5.6,39.2,5.3,4.7,3.7,28.7,15.9,77.7,12.5,9.2,28.1,9.9,2.1,3.4,30.2,2.3,4.1,2.8,4.592499999999999,40
51630000301,VA,Virginia,Fredericksburg,51630,1725,1703,-77.4746206,38.3025674,7.6,5.7,20.8,10.2,27.7,1.2,12.9,1.0,69.4,68.7,23.7,74.0,2.0,6.3,71.4,33.6,1.7,31.3,23.3,13.9,8.3,11.8,2.3,14.5,10.3,9.6,11.2,47.2,16.4,74.9,27.6,3.4,27.8,8.5,1.2,5.8,34.5,0.6,12.8,3.3,5.5649999999999995,40
51510200110,VA,Virginia,Alexandria,51510,2614,2437,-77.1029359,38.8367246,5.1,14.4,18.9,20.9,63.2,4.3,9.8,2.1,76.0,89.2,9.5,67.4,2.0,5.8,77.2,21.5,5.5,17.0,19.0,6.5,4.4,9.0,2.6,28.6,7.6,4.0,4.6,32.9,13.0,82.8,14.0,5.0,28.6,7.3,1.4,4.7,33.8,1.2,2.9,2.0,4.125,40
51510200302,VA,Virginia,Alexandria,51510,4452,3259,-77.1174125,38.8195648,11.7,21.7,15.6,30.4,72.8,6.1,10.1,4.6,76.9,86.8,13.7,66.8,4.7,10.5,67.4,20.4,10.5,27.6,23.1,14.0,10.1,17.5,5.0,35.6,12.2,6.9,7.6,35.2,22.7,79.2,15.4,11.2,32.2,11.7,3.0,7.0,36.0,2.6,13.2,4.4,5.275,40
51177020305,VA,Virginia,Spotsylvania,51177,3858,2950,-77.5120779,38.2370986,9.6,21.3,16.4,31.5,71.1,5.8,11.0,4.4,76.0,85.0,15.0,68.4,5.1,12.1,63.5,23.8,10.5,27.6,22.0,14.2,11.1,17.3,4.8,33.1,12.3,7.4,8.1,35.2,22.7,81.0,17.6,10.9,39.7,11.8,3.0,7.7,42.0,2.6,12.7,4.2,5.375,40
51510200305,VA,Virginia,Alexandria,51510,2426,2044,-77.1212644,38.8144158,8.1,24.0,13.9,34.1,76.1,7.0,10.3,5.0,80.2,89.9,11.7,73.5,4.5,9.3,71.4,19.1,11.5,26.2,22.4,12.0,9.2,15.9,5.1,37.2,11.2,6.3,6.8,33.6,21.3,82.6,14.2,11.4,33.1,11.1,2.9,7.0,36.5,2.9,8.2,4.0,4.9625,40
51510200109,VA,Virginia,Alexandria,51510,5794,4431,-77.1361626,38.8237508,13.5,20.2,14.8,32.1,70.8,4.3,10.3,4.3,76.5,85.1,15.5,61.8,4.7,12.7,63.2,20.2,12.2,29.8,25.6,20.5,16.6,20.8,4.5,34.1,17.5,8.0,10.6,36.5,27.2,79.1,17.0,12.3,37.1,12.7,3.7,11.0,39.6,2.7,6.9,5.6,5.445,40
51510200500,VA,Virginia,Alexandria,51510,4650,3929,-77.1078315,38.8154618,9.7,18.4,16.4,28.5,68.2,4.2,11.0,3.7,75.9,84.2,15.1,64.2,4.1,10.5,63.2,22.7,9.6,27.5,23.0,16.3,13.7,17.1,4.0,30.7,14.5,7.6,9.5,36.8,22.2,79.0,17.8,10.0,35.0,11.0,3.0,9.6,39.2,2.4,13.0,4.6,5.365,40
51179010201,VA,Virginia,Stafford,51179,1633,1602,-77.4512451,38.5276989,17.8,7.8,18.7,21.0,32.0,1.0,10.1,2.5,65.5,54.7,28.6,48.5,5.0,14.9,39.6,28.5,4.8,43.6,21.4,35.4,35.8,27.7,5.3,19.1,20.5,15.4,24.0,40.1,30.2,64.4,25.4,8.0,38.1,13.2,3.9,17.9,40.0,1.3,33.5,10.2,8.940000000000001,40
51177020111,VA,Virginia,Spotsylvania,51177,2454,1774,-77.577511,38.2827674,10.2,23.2,16.2,33.5,72.3,5.9,11.4,4.8,76.2,85.4,16.0,63.3,5.7,14.2,67.3,24.3,11.6,29.6,23.0,15.5,12.1,19.3,5.0,34.5,13.4,8.2,8.6,35.5,24.7,77.6,18.3,12.6,41.5,13.3,3.5,8.3,41.5,2.9,10.9,4.7,5.529999999999999,40
51510200409,VA,Virginia,Alexandria,51510,6318,5216,-77.1267592,38.8101164,10.8,19.5,15.3,30.5,68.7,4.3,10.8,4.1,76.0,84.3,15.6,61.4,4.7,12.8,63.9,22.0,10.7,28.9,24.7,19.1,16.5,19.2,4.4,32.4,16.2,8.1,10.4,36.7,25.0,75.7,17.9,11.2,36.0,12.0,3.4,10.8,38.8,2.6,16.6,5.1,5.5649999999999995,40
51510200705,VA,Virginia,Alexandria,51510,2597,2463,-77.0626501,38.8029936,4.3,22.2,16.9,27.7,74.6,8.4,9.2,4.2,78.8,90.7,8.9,75.0,3.3,5.9,78.1,21.1,7.9,20.2,16.2,4.8,3.2,9.9,4.9,36.6,5.0,4.2,3.6,29.5,14.0,83.2,12.5,7.4,26.8,8.6,1.7,3.3,30.4,2.0,2.6,2.3,4.052499999999999,40
51179010403,VA,Virginia,Stafford,51179,3815,2776,-77.4316504,38.3593183,7.5,24.0,16.6,30.7,74.9,7.0,10.4,4.7,77.1,88.0,13.0,68.0,4.8,11.4,70.9,23.5,10.1,26.4,20.4,9.9,7.3,15.1,5.2,36.0,9.4,6.3,6.1,32.6,20.8,76.9,16.0,10.7,35.2,11.7,2.7,5.9,37.2,2.5,8.0,3.5,5.325,40
51179010206,VA,Virginia,Stafford,51179,5495,3945,-77.4575355,38.4797055,10.6,22.6,15.6,31.2,74.0,5.6,10.6,4.6,76.4,86.3,14.7,66.5,5.0,12.4,68.3,22.6,11.2,28.6,23.1,14.7,11.0,18.0,4.8,34.9,13.2,7.3,8.2,34.9,24.3,75.6,17.0,11.8,37.5,12.6,3.3,8.1,38.9,2.7,8.0,4.5,5.55,40
51179010108,VA,Virginia,Stafford,51179,6426,4597,-77.3783942,38.4821465,9.4,22.6,15.7,30.9,74.4,6.0,10.5,4.4,77.0,87.6,13.6,67.4,4.6,11.6,68.9,22.1,10.7,26.9,23.0,12.5,9.0,16.5,4.7,35.3,11.7,6.6,7.1,34.5,22.6,79.9,16.2,11.0,36.2,11.9,2.9,7.0,38.5,2.6,6.7,3.9,5.085,40
51510200403,VA,Virginia,Alexandria,51510,1410,1255,-77.1209266,38.8035154,5.2,14.8,18.5,22.8,64.4,4.0,9.6,2.3,75.7,88.4,10.1,65.5,2.3,6.8,75.0,21.0,6.5,18.2,20.0,7.5,5.1,10.1,2.8,29.6,8.1,4.3,5.0,33.0,14.4,82.7,14.3,5.6,29.3,7.9,1.6,5.2,34.9,1.4,3.9,2.4,4.352499999999999,40
51187020601,VA,Virginia,Warren,51187,6094,4692,-78.1575275,38.9347811,8.9,27.9,15.7,34.4,76.5,8.3,11.1,6.7,77.3,85.1,16.5,69.8,7.4,14.2,64.4,25.4,12.0,33.6,21.0,12.5,10.2,19.2,7.2,37.0,10.3,8.7,7.5,34.4,25.0,72.5,18.4,14.5,36.7,14.4,3.6,6.5,37.9,3.4,10.9,4.8,5.569999999999999,40
51177020313,VA,Virginia,Spotsylvania,51177,695,536,-77.5034593,38.204463,12.1,18.6,15.1,31.8,65.1,3.4,13.0,3.6,75.3,79.1,20.9,59.3,5.4,15.6,52.6,26.3,10.7,33.9,26.7,26.9,24.8,22.4,3.8,27.7,21.8,11.1,14.8,41.6,29.4,78.3,23.2,12.3,46.0,13.1,3.9,14.9,48.2,2.7,18.6,6.2,5.87,40
51179010210,VA,Virginia,Stafford,51179,11687,7927,-77.4258782,38.4381236,7.2,18.8,16.8,27.2,70.9,4.6,10.5,3.1,76.8,88.0,12.2,63.2,3.3,9.6,70.0,22.0,8.7,22.8,22.1,10.6,7.5,13.4,3.3,31.6,10.9,5.6,6.5,34.3,18.8,80.5,15.9,8.4,35.3,10.0,2.3,6.7,40.3,2.0,7.6,3.2,5.032500000000001,40
51177020201,VA,Virginia,Spotsylvania,51177,7310,5215,-77.4229079,38.2496542,9.7,22.8,16.2,33.1,72.2,6.0,11.2,4.7,76.5,86.0,15.1,63.7,5.3,13.3,66.4,23.8,11.1,28.3,22.5,14.4,11.2,18.0,5.0,34.0,12.9,7.6,8.1,35.0,23.8,79.2,17.8,11.8,41.2,12.5,3.2,8.1,42.4,2.7,12.4,4.4,5.385,40
51179010406,VA,Virginia,Stafford,51179,3216,2376,-77.4335641,38.3051765,7.2,24.8,15.9,31.8,75.9,7.3,10.5,5.0,77.8,87.8,13.1,65.6,5.1,11.0,70.3,23.6,10.5,27.3,20.0,10.4,8.0,15.5,5.5,36.3,9.7,6.7,6.4,32.7,21.3,78.3,16.1,11.3,35.6,11.9,2.8,6.3,36.6,2.7,9.5,3.7,5.2675,40
51630000202,VA,Virginia,Fredericksburg,51630,1521,1327,-77.4733537,38.3151592,9.3,30.3,14.4,37.6,78.7,8.9,11.3,7.2,78.9,86.3,16.0,71.0,8.1,14.6,62.3,24.8,13.5,35.6,20.5,14.5,13.0,20.9,7.7,39.6,11.2,9.4,8.2,32.6,26.8,77.2,17.2,16.7,41.1,15.0,4.2,7.7,38.2,3.9,17.6,5.6,6.2725,40
51179010202,VA,Virginia,Stafford,51179,6860,5075,-77.5400425,38.4939061,8.6,25.6,16.5,31.8,75.3,7.4,10.6,5.3,76.5,86.9,14.5,69.6,5.9,13.3,69.2,24.5,10.8,29.0,20.9,11.2,8.4,17.3,5.8,37.6,9.9,7.2,6.6,33.3,22.7,77.2,16.9,12.2,35.7,13.2,3.1,6.1,36.6,2.8,11.3,4.0,5.7625,40
51510201202,VA,Virginia,Alexandria,51510,3429,2742,-77.0634792,38.8327236,5.2,17.3,19.4,23.6,67.9,5.7,9.3,2.9,76.3,89.6,9.4,69.9,2.5,6.3,79.2,21.5,6.7,18.2,17.3,5.7,3.8,9.7,3.5,32.1,6.3,4.0,4.0,30.6,13.4,81.8,13.3,6.0,28.4,8.0,1.5,3.9,31.4,1.6,3.3,2.2,4.285000000000001,40
51179010304,VA,Virginia,Stafford,51179,6868,5328,-77.4780609,38.363103,10.1,28.7,13.4,36.8,78.7,8.5,11.0,7.0,79.0,86.8,15.4,70.6,7.0,12.9,67.8,23.2,13.2,34.1,22.6,15.0,12.3,20.2,7.6,38.4,12.6,8.8,8.5,35.0,27.2,77.6,17.1,15.7,37.1,14.1,3.8,8.2,37.6,3.8,8.6,5.3,5.3575,40
51179010212,VA,Virginia,Stafford,51179,4675,3332,-77.42756,38.4667512,8.8,22.1,15.9,30.1,74.1,5.7,10.6,4.2,77.1,87.4,13.4,66.1,4.5,11.0,69.7,22.6,10.4,26.3,21.8,12.2,8.9,16.0,4.4,34.6,11.4,6.6,7.1,34.1,21.7,79.3,16.2,10.6,36.3,11.6,2.9,7.0,38.0,2.5,11.2,3.9,5.369999999999999,40
51177020105,VA,Virginia,Spotsylvania,51177,2434,1844,-77.6612739,38.3438836,6.0,27.1,16.3,34.7,76.9,9.0,10.5,5.5,78.8,89.5,12.1,72.1,5.5,10.9,74.9,23.5,11.0,25.7,18.4,7.6,5.3,14.7,5.9,38.9,7.1,6.1,4.9,30.8,19.5,78.6,15.2,11.2,37.1,12.1,2.7,4.5,36.8,2.8,8.7,3.3,4.99,40
51177020114,VA,Virginia,Spotsylvania,51177,5913,4141,-77.5696964,38.2637291,9.4,23.5,15.5,33.7,73.7,6.4,11.1,4.7,77.4,86.8,14.5,68.3,5.3,12.5,70.8,23.1,11.4,28.0,22.3,13.8,10.6,17.8,5.0,34.7,12.4,7.5,7.7,34.7,23.8,81.1,17.1,12.0,40.4,12.4,3.2,7.7,40.6,2.8,8.9,4.3,5.2675,40
51179010306,VA,Virginia,Stafford,51179,2773,1920,-77.4863367,38.3318251,11.1,21.0,15.6,30.4,71.3,5.2,10.9,4.4,75.7,84.5,15.8,63.2,4.9,12.8,65.0,23.1,10.4,30.0,24.4,17.0,13.7,18.5,4.9,32.2,15.3,8.0,9.5,36.8,25.4,79.3,18.3,11.7,38.3,12.3,3.2,9.7,40.2,2.7,7.8,4.7,5.5375,40
51179010213,VA,Virginia,Stafford,51179,2629,1870,-77.4451742,38.4564269,5.8,21.5,16.6,28.6,74.6,6.1,10.3,3.7,78.2,89.6,11.0,69.6,3.6,8.5,74.7,22.1,9.2,22.1,19.8,8.0,5.3,12.4,3.8,34.7,8.3,5.1,5.2,32.2,17.2,81.5,14.7,8.6,33.8,10.0,2.3,5.2,36.9,2.1,5.5,2.9,4.84,40
51177020112,VA,Virginia,Spotsylvania,51177,2749,2034,-77.5876906,38.2772719,9.8,24.6,15.8,34.9,74.1,6.8,11.0,5.3,77.0,86.4,15.0,66.9,5.9,13.5,70.0,23.5,11.9,29.2,21.9,14.0,10.9,18.7,5.6,35.9,12.1,7.8,7.8,34.1,24.3,77.8,17.2,12.8,41.0,13.1,3.4,7.7,40.1,3.0,11.8,4.6,5.475,40
51177020312,VA,Virginia,Spotsylvania,51177,6724,5040,-77.5204034,38.2225933,8.0,27.5,13.2,38.9,79.3,8.5,10.4,6.0,81.0,90.1,11.9,71.9,5.5,10.5,69.2,20.0,13.3,27.6,21.4,11.2,8.1,17.0,6.0,39.1,10.0,6.6,6.3,32.4,23.2,81.6,14.2,13.1,38.7,12.1,3.1,6.2,40.5,3.3,9.4,4.1,4.9975000000000005,40
51177020408,VA,Virginia,Spotsylvania,51177,3100,2203,-77.7227009,38.3048517,8.4,23.5,17.3,32.0,72.1,6.7,10.9,4.8,75.9,86.1,14.8,67.4,5.4,13.4,74.7,24.9,10.3,27.6,21.3,11.5,8.6,16.6,5.3,34.8,10.5,7.2,6.8,34.1,22.3,78.3,17.8,11.1,39.5,12.5,2.9,6.5,38.0,2.6,7.3,3.8,5.154999999999999,40
51177020308,VA,Virginia,Spotsylvania,51177,4032,2938,-77.550644,38.245347,8.5,24.6,16.1,34.1,73.8,6.9,11.0,4.9,77.4,87.4,14.2,64.9,5.5,12.9,62.8,23.8,11.4,27.7,21.3,12.5,9.5,17.3,5.3,35.7,11.3,7.2,7.2,33.6,22.9,78.4,17.1,11.9,40.8,12.6,3.1,7.2,43.3,2.8,18.4,4.1,5.244999999999999,40
51179010216,VA,Virginia,Stafford,51179,7379,5121,-77.3966446,38.4832019,17.3,20.3,15.1,30.1,69.8,4.1,11.2,4.3,73.9,82.0,18.8,57.3,5.5,15.5,53.7,23.5,11.6,33.4,26.4,24.0,19.4,23.6,4.6,32.6,19.9,9.6,12.3,38.4,30.1,73.5,19.4,13.6,40.3,14.2,4.2,12.1,42.9,2.8,20.0,6.3,5.9975000000000005,40
51683910201,VA,Virginia,Manassas,51683,5239,4046,-77.4711757,38.7622914,13.8,23.4,15.7,31.4,75.3,7.1,9.8,5.4,76.8,87.0,14.0,65.9,5.4,11.2,67.3,20.5,11.5,28.9,21.8,13.6,9.3,18.6,6.0,37.4,11.9,7.1,7.3,33.7,24.5,77.5,15.2,12.5,34.5,12.8,3.2,6.6,35.2,2.8,13.8,4.7,5.772499999999999,40
51683910402,VA,Virginia,Manassas,51683,6112,4745,-77.4918386,38.7391458,9.6,23.4,15.7,31.4,76.0,7.3,10.0,5.0,77.9,88.3,12.7,71.0,4.9,10.4,70.8,20.5,10.8,26.4,21.5,10.9,7.5,15.9,5.4,37.3,9.9,6.3,6.2,33.4,21.6,81.1,14.8,11.2,33.0,11.6,2.8,5.7,35.3,2.7,5.5,3.9,5.31,40
51683910202,VA,Virginia,Manassas,51683,8207,5849,-77.4800866,38.7758396,17.8,19.4,16.0,28.3,71.3,4.9,9.8,4.3,74.4,84.8,15.7,64.0,4.5,11.8,67.6,20.0,11.2,29.3,25.4,17.7,11.4,20.3,4.8,34.6,15.5,7.3,9.0,36.8,26.8,79.2,16.3,11.8,35.3,12.8,3.3,8.0,37.3,2.5,9.8,5.2,5.847499999999999,40
51683910401,VA,Virginia,Manassas,51683,7543,5117,-77.4826328,38.7468077,22.4,17.7,16.2,28.0,67.6,3.6,10.2,4.1,72.1,81.0,18.9,58.8,4.8,14.7,56.9,21.0,11.6,32.8,27.7,24.8,17.8,24.3,4.6,32.7,20.6,8.9,12.1,39.1,31.3,78.0,18.5,12.7,38.5,14.1,3.9,11.1,40.6,2.5,11.2,6.5,6.3,40
51683910100,VA,Virginia,Manassas,51683,4656,3504,-77.4893659,38.7602791,12.8,23.4,15.4,32.2,76.0,6.9,9.6,5.5,77.3,87.2,13.6,67.6,5.2,10.9,65.9,20.1,12.0,28.6,21.7,13.5,9.3,18.2,6.0,37.5,11.8,6.9,7.3,33.4,24.6,79.6,15.0,12.4,35.0,12.5,3.2,6.8,36.8,2.9,8.6,4.7,5.3925,40
51683910301,VA,Virginia,Manassas,51683,4579,3479,-77.4556935,38.7527306,14.7,21.6,15.6,30.8,73.5,5.6,10.0,4.9,75.6,85.3,15.2,64.3,5.3,12.5,63.3,20.8,11.8,29.5,23.9,16.8,12.1,19.9,5.3,35.9,14.2,7.6,8.8,35.4,26.2,77.3,16.3,12.6,35.7,13.0,3.5,8.0,38.3,2.8,11.8,5.2,5.775,40
51683910302,VA,Virginia,Manassas,51683,6436,4920,-77.4676135,38.7400102,14.1,20.2,16.2,29.4,71.7,5.2,10.2,4.5,75.0,84.4,15.7,65.0,4.9,12.5,67.2,21.4,11.0,29.2,24.1,16.8,12.2,19.3,5.0,34.2,14.5,7.6,9.0,36.2,25.7,78.3,17.1,11.7,35.9,12.6,3.3,8.3,37.3,2.6,8.0,5.0,5.6925,40
51685920201,VA,Virginia,Manassas Park,51685,2872,2066,-77.4423225,38.7740354,16.0,17.2,16.6,27.3,66.9,3.5,10.0,3.5,73.7,82.9,16.6,57.6,3.9,12.4,60.5,21.7,10.3,29.6,26.1,19.1,13.0,19.6,4.1,31.1,17.0,7.5,9.9,37.9,27.1,75.7,18.1,10.6,37.8,12.2,3.1,9.3,40.4,2.2,15.9,5.1,5.8325,40
51685920100,VA,Virginia,Manassas Park,51685,7137,5026,-77.4649323,38.7808628,26.8,21.5,14.9,32.4,70.2,4.5,10.0,5.7,73.1,80.5,20.6,53.9,6.4,16.6,51.8,21.9,14.3,38.6,27.3,29.3,21.8,29.1,6.5,35.5,23.0,10.5,13.9,38.2,36.7,73.8,18.8,16.6,41.9,16.5,5.1,12.7,40.3,3.2,20.4,8.4,6.7575,40
54037972204,WV,West Virginia,Jefferson,54037,2438,2005,-77.8322891,39.3967418,6.3,35.9,13.4,41.9,78.4,9.9,12.2,7.4,81.6,89.0,15.3,72.0,8.1,14.8,63.2,28.7,13.7,32.8,20.5,11.0,10.9,19.7,7.6,41.7,9.5,8.4,6.7,30.1,25.9,78.7,18.7,15.2,37.9,14.7,3.5,8.2,36.7,3.5,12.5,4.3,5.1499999999999995,40
54037972201,WV,West Virginia,Jefferson,54037,5169,4220,-77.8270338,39.4497104,5.4,29.8,14.3,35.8,75.9,8.6,11.9,5.8,81.0,87.6,14.2,73.3,5.9,10.6,68.7,27.9,11.0,28.8,19.8,9.2,8.3,15.9,6.1,37.4,8.2,7.2,6.2,31.3,21.2,79.3,18.1,11.6,33.7,11.9,2.6,6.8,34.0,2.7,9.3,3.5,5.209999999999999,40
54037972601,WV,West Virginia,Jefferson,54037,1950,1613,-77.7913914,39.2933111,6.4,35.4,13.5,41.7,78.3,9.9,12.0,7.3,81.7,89.6,14.7,72.6,7.8,14.3,64.1,27.9,13.5,31.8,20.3,10.5,10.3,19.2,7.5,41.9,9.2,8.0,6.4,29.6,25.0,76.2,17.9,14.7,37.4,14.3,3.4,7.8,35.8,3.4,13.8,4.2,5.2299999999999995,40
54037972503,WV,West Virginia,Jefferson,54037,4049,2953,-77.8366763,39.2992138,9.1,30.7,14.2,38.2,74.1,7.3,12.3,5.9,79.3,87.2,16.8,67.3,7.1,16.4,60.2,28.4,12.7,32.2,23.7,14.6,13.9,20.9,6.1,38.3,12.9,8.7,8.1,32.5,27.6,78.8,20.0,14.0,39.0,14.5,3.5,10.1,38.6,3.0,14.9,4.6,5.695,40
54037972402,WV,West Virginia,Jefferson,54037,4461,3329,-77.8757748,39.324099,9.3,33.3,13.6,41.2,75.0,7.7,12.9,6.9,79.6,86.3,18.6,64.4,8.8,19.0,52.7,29.9,14.4,35.7,23.8,17.3,18.2,23.8,7.0,39.4,14.5,10.2,9.5,32.7,30.5,74.9,21.4,16.3,41.4,16.2,4.3,12.3,41.6,3.6,17.4,5.4,5.6850000000000005,40
54037972800,WV,West Virginia,Jefferson,54037,6064,4724,-77.9405575,39.2351271,6.6,34.7,13.6,41.4,77.7,9.2,12.0,7.0,81.4,89.2,15.0,68.8,7.8,15.2,62.3,28.0,13.6,31.5,21.0,11.4,11.2,19.7,7.0,41.6,9.8,8.1,6.6,29.9,25.6,78.2,18.3,14.5,38.1,14.5,3.5,8.3,36.8,3.3,14.9,4.2,5.45,40
54037972300,WV,West Virginia,Jefferson,54037,4569,3541,-77.9196007,39.3535742,8.5,36.0,13.3,42.9,77.3,9.0,12.6,7.7,80.5,87.6,17.6,66.8,9.4,18.4,53.7,29.2,14.8,35.7,23.0,14.9,15.2,23.4,7.7,41.9,12.2,9.7,8.2,31.8,29.7,73.8,20.1,17.0,40.1,16.4,4.2,10.2,40.1,3.8,17.6,5.2,6.2,40
54037972203,WV,West Virginia,Jefferson,54037,2488,2053,-77.7760116,39.3917373,6.2,36.5,12.8,43.4,79.4,10.4,11.7,7.8,82.5,89.6,14.3,73.2,8.1,13.6,62.5,26.9,14.4,32.4,20.0,10.6,10.5,19.6,7.8,42.9,8.9,8.0,6.4,29.1,25.4,77.6,17.2,15.3,37.3,14.4,3.5,7.7,36.6,3.6,13.4,4.4,5.245,40
54037972602,WV,West Virginia,Jefferson,54037,4633,3495,-77.787806,39.3389243,5.4,32.5,14.3,38.6,76.9,9.2,11.5,6.0,81.7,90.5,12.8,71.7,6.1,12.0,66.6,27.1,11.9,27.4,19.4,8.3,7.5,15.9,6.1,40.3,8.1,6.5,5.4,28.6,21.5,79.1,16.9,11.8,36.2,12.5,2.7,6.8,36.6,2.8,9.6,3.3,5.1425,40
54037972702,WV,West Virginia,Jefferson,54037,4243,3366,-77.8121504,39.195229,7.3,34.2,14.3,40.9,75.7,8.5,12.3,6.9,80.0,87.5,16.6,67.5,8.5,17.7,59.0,29.8,13.7,33.0,21.3,13.2,13.8,21.1,7.0,40.7,11.2,8.9,7.7,30.4,27.0,76.4,20.0,14.9,40.1,15.3,3.8,9.8,38.1,3.3,15.2,4.6,5.8575,40
54037972401,WV,West Virginia,Jefferson,54037,2718,2147,-77.8597406,39.2998141,12.5,34.4,12.7,43.6,75.9,7.5,12.9,7.9,79.4,85.0,20.2,65.8,10.1,20.8,50.9,28.9,16.3,39.4,25.8,21.8,22.8,27.7,7.8,40.4,17.3,11.6,11.4,34.0,34.8,74.2,21.7,19.0,42.9,17.6,5.1,14.3,41.8,4.2,17.6,6.7,6.147499999999999,40
54037972701,WV,West Virginia,Jefferson,54037,2770,2204,-77.7669057,39.2817528,8.7,34.7,14.1,41.6,75.7,8.4,12.5,7.2,79.5,86.9,17.8,68.1,9.2,19.4,54.3,29.7,14.1,34.9,23.0,14.9,15.3,23.1,7.3,41.2,12.3,9.6,8.3,31.6,29.3,74.9,20.5,16.1,40.5,16.3,4.1,10.2,39.6,3.5,21.9,5.0,6.4,40
54037972505,WV,West Virginia,Jefferson,54037,2705,2203,-77.8590612,39.2797456,8.1,36.0,12.4,44.5,78.8,9.2,12.2,7.8,82.0,88.8,16.0,67.1,8.5,15.8,53.5,27.1,15.6,34.8,22.1,14.6,15.1,22.5,7.8,41.7,12.3,9.3,8.2,30.6,29.2,75.4,18.6,17.0,40.4,15.4,4.1,10.6,40.1,3.9,16.6,5.3,5.727500000000001,40
54037972501,WV,West Virginia,Jefferson,54037,5313,3945,-77.8935922,39.2730672,6.2,31.9,14.3,38.6,76.0,8.6,11.6,5.9,81.1,89.7,13.7,70.3,6.2,13.1,66.2,27.2,12.0,28.6,20.4,9.9,9.3,17.1,6.2,39.2,9.5,7.0,6.1,29.5,23.3,78.1,17.6,12.3,37.4,12.9,2.9,8.0,36.7,2.9,14.1,3.6,5.12,40
54037972506,WV,West Virginia,Jefferson,54037,4131,3167,-77.8403162,39.2575056,8.0,34.0,12.9,41.3,77.7,9.0,11.9,7.0,81.4,89.1,15.2,69.1,7.6,14.6,58.6,26.9,13.8,32.5,22.0,12.9,12.4,20.5,7.1,40.8,11.1,8.4,7.2,30.8,27.1,76.1,18.1,15.1,38.1,14.4,3.5,9.0,37.9,3.5,14.4,4.6,5.505000000000001,40
