LocationID,StateAbbr,CountyName,CountyFIPS,lon,lat,TotalPopulation,chronic_disease_burden_score,preventive_care_gap_score,health_need_score,need_intensity,priority_weighted_population,health_priority_rank
11001004704,DC,District of Columbia,11001,-77.0114767,38.904566,1945,2.917046742149456,2.6257347281342693,2.7713907351418627,1.0,1945.0,1
11001006804,DC,District of Columbia,11001,-76.9704836,38.8863842,2429,0.7546094926787364,4.7258716563147765,2.7402405744967564,0.9915718781136695,2408.5280919381034,2
24033805601,MD,Prince George's,24033,-76.9845267,38.990467,6373,0.15826116858230296,4.863568088997124,2.5109146287897137,0.9295244606336378,5923.859387618174,3
11001009511,DC,District of Columbia,11001,-77.0010516,38.9372097,2066,0.09374735629233139,4.5904742009287895,2.3421107786105604,0.8838521624904407,1826.0385677052507,4
11001007403,DC,District of Columbia,11001,-76.9743805,38.8484714,2613,1.8438309405434423,2.6024684094064736,2.223149674974958,0.8516655329383147,2225.4020375678165,5
24033805602,MD,Prince George's,24033,-76.98076,38.9893628,5555,-0.16729159658005846,4.207546733435285,2.020127568427613,0.7967349956902054,4425.862901059091,6
11001007408,DC,District of Columbia,11001,-76.9706266,38.8525662,2867,1.6988616163536046,2.20429896621755,1.9515802912855773,0.7781885485848062,2231.0665687926394,7
11001007401,DC,District of Columbia,11001,-76.9991203,38.8675208,1259,1.9694496363585154,1.8845946438884462,1.9270221401234808,0.7715439892306767,971.373882441422,8
51179010201,VA,Stafford,51179,-77.4512451,38.5276989,1633,-0.9971183032438006,4.557020869780729,1.779951283268464,0.731751863545576,1194.9507931699256,9
11001009602,DC,District of Columbia,11001,-76.9523616,38.9035769,4481,1.696041549779312,1.8313542017839106,1.7636978757816113,0.7273542714776549,3259.2744904913716,10
11001007409,DC,District of Columbia,11001,-76.975165,38.8445818,3835,1.2628027340663908,2.170053777573312,1.7164282558198516,0.7145647991183584,2740.356004618904,11
51059451601,VA,Fairfax,51059,-77.1390073,38.8502385,6129,-0.02632689791403767,3.3843394847210946,1.6790062934035284,0.7044397514801208,4317.5112368216605,12
24033803900,MD,Prince George's,24033,-76.921979,38.9492635,4654,0.4971432365012119,2.821572666442788,1.6593579514719998,0.6991236112986982,3253.721286984141,13
11001000201,DC,District of Columbia,11001,-77.0743418,38.9092171,4108,-0.8998977343013135,4.200126531358442,1.6501143985285642,0.6966226357256472,2861.725787560959,14
11001009801,DC,District of Columbia,11001,-76.9963306,38.8328939,1848,1.658764223701207,1.4373013267313697,1.5480327752162883,0.6690029912097689,1236.317527755653,15
11001007804,DC,District of Columbia,11001,-76.9313427,38.8942107,3499,1.509345862440149,1.5384492767397582,1.5238975695899537,0.6624728658249307,2317.9925575214324,16
11001010900,DC,District of Columbia,11001,-77.0238475,38.8132364,3333,1.0493061113461049,1.9529628401816268,1.5011344757638658,0.656313984929837,2187.4945117711463,17
24033805500,MD,Prince George's,24033,-76.9817825,38.9797221,3716,0.43702458356842083,2.450480157754452,1.4437523706614364,0.6407884349525054,2381.16982428351,18
24033805700,MD,Prince George's,24033,-76.979425,38.993184,6610,0.3122148353623764,2.4172267887828984,1.3647208120726373,0.6194053154160831,4094.2691349003094,19
54037972401,WV,Jefferson,54037,-77.8597406,39.2998141,2718,1.9184490332794228,0.7828508843487462,1.3506499588140846,0.6155982446385401,1673.1960289275519,20
24031702000,MD,Montgomery,24031,-76.9932806,38.9951964,5438,0.3988417518877597,2.2850408007096803,1.34194127629872,0.6132419859166327,3334.8099194146484,21
24021772200,MD,Frederick,24021,-77.383808,39.4123663,1566,1.4043000520320097,1.2258098665997597,1.3150549593158847,0.6059675079713175,948.9451174830832,22
24033805101,MD,Prince George's,24033,-76.9758623,38.9626634,4031,0.10559018850426934,2.513896874659675,1.309743531581972,0.6045304251632426,2436.862143833031,23
24033980000,MD,Prince George's,24033,-76.9445325,38.9936953,15052,-1.1433819421535474,3.717803174557835,1.2872106162021437,0.5984338223418573,9007.625893889635,24
11001009811,DC,District of Columbia,11001,-76.9984594,38.826651,4438,1.0726210956258309,1.5006775455193402,1.2866493205725855,0.5982819557741667,2655.1753197257517,25
11001009803,DC,District of Columbia,11001,-77.0043421,38.8356929,2968,1.3302611478526465,1.2134464248212093,1.271853786336928,0.5942788121842446,1763.819514562838,26
51153900504,VA,Prince William,51153,-77.2720178,38.6434388,5065,0.6874057391797957,1.8306389028227572,1.2590223210012765,0.5908070755514487,2992.437837668088,27
24033806501,MD,Prince George's,24033,-76.9318346,38.9592228,5316,0.37974835473054047,2.119427561494878,1.2495879581127092,0.5882544736162413,3127.1607817439385,28
24033803001,MD,Prince George's,24033,-76.9110876,38.9025631,3119,1.49605513222267,0.9837009146419204,1.2398780234322953,0.5856273117878579,1826.5715854663288,29
51177020311,VA,Spotsylvania,51177,-77.5642531,38.1471853,5571,1.707275435207307,0.7606534043739158,1.2339644197906114,0.5840273016676086,3253.6160975902476,30
24031701900,MD,Montgomery,24031,-76.9999195,38.9927913,3395,0.33365008262666224,2.037639455888056,1.1856447692573593,0.5709537285056956,1938.3879082768365,31
11001002001,DC,District of Columbia,11001,-77.0351061,38.9597034,2926,0.9427539398636786,1.3866277647370011,1.1646908523003399,0.5652843463114322,1654.0219973072506,32
51685920100,VA,Manassas Park,51685,-77.4649323,38.7808628,7137,0.41226314361860356,1.91700832034937,1.1646357319839868,0.5652694327207792,4034.327941328201,33
24033802404,MD,Prince George's,24033,-76.8909924,38.8641336,4687,1.195871287913279,1.1101465510390836,1.1530089194761812,0.5621236321555197,2634.673463912921,34
51059452302,VA,Fairfax,51059,-77.2178285,38.8220254,5762,0.004786820101282288,2.2798242340602703,1.1423055270807763,0.5592276761207035,3222.2698698074933,35
11001009802,DC,District of Columbia,11001,-76.9965578,38.8307312,2064,0.8947713559098104,1.3881163935005254,1.1414438747051678,0.558994543735673,1153.7647382704292,36
54037972300,WV,Jefferson,54037,-77.9196007,39.3535742,4569,1.8438557950771048,0.42478995149523435,1.1343228732861697,0.5570678548625138,2545.243028866825,37
24033806601,MD,Prince George's,24033,-76.9138813,38.9570351,4939,-0.026493896666443573,2.2702779568889007,1.1218920301112285,0.5537045122903231,2734.7465862019058,38
54037972402,WV,Jefferson,54037,-77.8757748,39.324099,4461,1.6209815669968441,0.6092804322728438,1.115130999634844,0.5518752187087789,2461.9153506598627,39
54037972701,WV,Jefferson,54037,-77.7669057,39.2817528,2770,1.6894591493584252,0.5288642593667139,1.1091617043625694,0.5502601404206311,1524.2205889651482,40
11001007808,DC,District of Columbia,11001,-76.9192026,38.8922212,3792,1.100410782267023,1.1164825947802077,1.1084466885236153,0.5500666826497381,2085.852860607807,41
24033803508,MD,Prince George's,24033,-76.8616682,38.9257902,3971,1.173462326362503,1.0323639682163837,1.1029131472894433,0.5485695038545474,2178.3694998064075,42
24033805906,MD,Prince George's,24033,-76.974639,39.0070815,3816,-0.034179989595397434,2.2153037200994268,1.0905618652520146,0.545227687687052,2080.58885621379,43
11001007406,DC,District of Columbia,11001,-76.9895582,38.8555543,3528,0.5321716465831285,1.6426340737312932,1.0874028601572108,0.5443729736365571,1920.5478509897735,44
24033804002,MD,Prince George's,24033,-76.9328205,38.9413687,4532,0.5582997841051062,1.6142759402640374,1.0862878621845717,0.5440712949735327,2465.73110882005,45
11001007304,DC,District of Columbia,11001,-76.9855591,38.8417979,4410,0.8850761101636401,1.277425323547777,1.0812507168557086,0.542708423196578,2393.344146296909,46
11001009810,DC,District of Columbia,11001,-77.0037886,38.826037,2461,0.9346294928892092,1.2170127616179505,1.0758211272535798,0.5412393700035352,1331.9900895787,47
11001009907,DC,District of Columbia,11001,-76.9388146,38.8827718,2259,1.2061120879883918,0.9107251661634095,1.0584186270759006,0.5365308744585078,1212.0232454017691,48
24033801707,MD,Prince George's,24033,-76.9848028,38.8130945,6882,0.7276876911744641,1.3834220822333996,1.055554886703932,0.535756048505578,3687.073125815388,49
24033805801,MD,Prince George's,24033,-76.9673917,38.9783801,4745,0.41654510153383656,1.6657535805432027,1.0411493410385195,0.5318584219061381,2523.668211944625,50
51510201206,VA,Alexandria,51510,-77.0686289,38.8416687,5710,-0.22131056172725525,2.2938188276644613,1.036254132968603,0.5305339532864654,3029.348873265717,51
24033803403,MD,Prince George's,24033,-76.8718709,38.91772,6119,1.2508984723598893,0.8149272796365513,1.0329128759982202,0.5296299283820429,3240.805531769721,52
24031701602,MD,Montgomery,24031,-76.9847238,39.0107123,6790,0.08231829960791626,1.9823784855247426,1.0323483925663295,0.529477199308797,3595.150183306732,53
24033805802,MD,Prince George's,24033,-76.9744218,38.9742915,4387,0.16482970554763685,1.895815529994025,1.030322617770831,0.5289290969383073,2320.411948268354,54
11001007504,DC,District of Columbia,11001,-76.9796257,38.8609955,2730,0.9745530846204153,1.0726197014883319,1.0235863930543736,0.5271065149102132,1439.000785704882,55
51153901601,VA,Prince William,51153,-77.4939559,38.787528,4130,0.6872280612270808,1.3559383358598802,1.0215831985434805,0.526564521958967,2174.7114756905335,56
24033804600,MD,Prince George's,24033,-76.9552428,38.943613,3576,0.6236961359376441,1.3931674507782588,1.0084317933579514,0.5230062210197527,1870.2702463666355,57
24033803602,MD,Prince George's,24033,-76.8672051,38.9418591,2220,1.0925306616954218,0.9021930738540108,0.9973618677747162,0.5200110941839374,1154.4246290883411,58
54037972505,WV,Jefferson,54037,-77.8590612,39.2797456,2705,1.7693330686186706,0.2249884365339544,0.9971607525763124,0.5199566795879854,1406.4828182855006,59
51187020500,VA,Warren,51187,-78.1900959,38.9236563,4178,1.2936622522293555,0.6924132378886035,0.9930377450589796,0.5188411408820944,2167.7182866053904,60
51059421500,VA,Fairfax,51059,-77.0874676,38.7507061,7103,0.39557430778201946,1.5748838709267388,0.9852290893543791,0.5167283972979904,3670.3218060076256,61
24033801600,MD,Prince George's,24033,-76.9964504,38.8203631,3054,1.0055063704236396,0.9549500862212841,0.9802282283224618,0.5153753427569948,1573.9562967798622,62
51187020400,VA,Warren,51187,-78.205647,38.923993,4834,1.3646045465228371,0.595256183048046,0.9799303647854416,0.515294751513049,2490.934828814079,63
11001009804,DC,District of Columbia,11001,-76.997258,38.8420148,2517,0.9356676305620225,1.0209902621044535,0.9783289463332381,0.5148614648260248,1295.9063069671045,64
24021750507,MD,Frederick,24021,-77.4664381,39.4266123,4271,0.13285423575040897,1.822362392155458,0.9776083139529335,0.514666487419467,2198.1405677685434,65
24031703701,MD,Montgomery,24031,-77.0624733,39.0532841,4053,0.3218222767656876,1.612283249383191,0.9670527630744392,0.511810532023446,2074.3680862910264,66
24033807305,MD,Prince George's,24033,-76.963551,39.0121779,4075,0.5699868326823281,1.3627487863510888,0.9663678095167084,0.5116252080330884,2084.8727227348354,67
51153901419,VA,Prince William,51153,-77.5270594,38.7881629,4270,0.1433283896332835,1.777891958743725,0.9606101741885043,0.5100673973727838,2177.987786781787,68
24031700727,MD,Montgomery,24031,-77.1877298,39.1376131,1793,0.5237230540102851,1.3802217682572098,0.9519724111337474,0.507730326926177,910.3604761786354,69
51047930400,VA,Culpeper,51047,-77.8361379,38.4456315,5143,1.438563316691265,0.46422133094810136,0.9513923238196832,0.5075733759992348,2610.4498727640644,70
51187020102,VA,Warren,51187,-78.03247759999999,38.9733204,4010,1.0571440727430248,0.8452796343102909,0.9512118535266578,0.5075245471779709,2035.1734341836634,71
11001009204,DC,District of Columbia,11001,-76.9987071,38.9234161,2889,0.8465529933259471,1.0394849223429605,0.9430189578344539,0.5053078419647111,1459.8343554360504,72
24033801709,MD,Prince George's,24033,-76.9628854,38.8189496,5577,1.1072777114286443,0.7782759487741059,0.942776830101375,0.5052423308403963,2817.73647909689,73
24031703216,MD,Montgomery,24031,-77.0705409,39.0976145,3889,2.685176642208292,-0.8159961226249383,0.9345902597916769,0.5030273370499232,1956.2733137871512,74
24033805202,MD,Prince George's,24033,-76.9858458,38.971338,3865,0.5901126223594508,1.2712652679449556,0.9306889451522032,0.5019717805257363,1940.1209317319708,75
51187020602,VA,Warren,51187,-78.1564775,38.8647785,2665,1.2744691189401633,0.5855556065619982,0.9300123627510808,0.5017887214716348,1337.2669427219066,76
11001009904,DC,District of Columbia,11001,-76.9311353,38.8851712,2886,0.6195151869297839,1.2382798461866844,0.9288975165582342,0.5014870838748059,1447.2917240626898,77
24033805907,MD,Prince George's,24033,-76.9784818,39.0048847,3346,0.440371880720442,1.4014700628181154,0.9209209717692787,0.49932891549554737,1670.7545512481015,78
11001007601,DC,District of Columbia,11001,-76.9798185,38.8716327,4693,0.9710677107298745,0.8633573400498988,0.9172125253898866,0.49832554224009207,2338.641769732752,79
11001007502,DC,District of Columbia,11001,-76.9697843,38.8568592,4687,1.2238111738739343,0.6064827054220391,0.9151469396479868,0.497766668448148,2333.03237501647,80
11001007703,DC,District of Columbia,11001,-76.947455,38.8863224,5227,1.0653068846667948,0.7631660353550829,0.9142364600109388,0.4975203251485584,2600.5387395515145,81
51153900203,VA,Prince William,51153,-77.2626427,38.6546809,5392,0.15828238435470862,1.648758100401506,0.9035202423781072,0.4946208990621591,2666.995887743162,82
11001007707,DC,District of Columbia,11001,-76.9353432,38.8779453,3927,1.0050196879964206,0.7979368800328965,0.9014782840146586,0.49406841799568785,1940.206677469066,83
24031703404,MD,Montgomery,24031,-77.0701459,39.0548319,3118,0.31491419980520835,1.4880106654508765,0.9014624326280424,0.4940641291761216,1540.491954771147,84
11001009510,DC,District of Columbia,11001,-77.0046255,38.9455978,4525,0.5047130755285424,1.2963346655362715,0.900523870532407,0.4938101877653524,2234.4910996382196,85
24031700713,MD,Montgomery,24031,-77.2011707,39.1570998,6081,-0.0008324099978852882,1.7942067198513965,0.8966871549267555,0.4927721094345205,2996.547197471319,86
51153901702,VA,Prince William,51153,-77.4693126,38.7909265,4047,0.12370469206250209,1.6674327518053242,0.8955687219339131,0.49246950137760664,1993.024072075174,87
51059451400,VA,Fairfax,51059,-77.146627,38.8705495,3263,0.35886424040879733,1.4310887852960217,0.8949765128524095,0.4923092707329571,1606.405150401639,88
24033801907,MD,Prince George's,24033,-76.935807,38.8268937,3605,1.7568836227409668,0.027772450820777332,0.892328036780872,0.49159268761808145,1772.1916388631837,89
54037972702,WV,Jefferson,54037,-77.8121504,39.195229,4243,1.5610598001522613,0.21942302353477303,0.8902414118435171,0.4910281213706246,2083.43231897556,90
24033802103,MD,Prince George's,24033,-76.8906618,38.8487846,3202,1.4439871754028433,0.3335116627070518,0.8887494190549475,0.4906244413633574,1570.9794612454705,91
51177020406,VA,Spotsylvania,51177,-77.7225824,38.1791459,3817,1.3494484542548537,0.4233216895146369,0.8863850718847452,0.4899847333901276,1870.271727350117,92
24033801702,MD,Prince George's,24033,-76.9586498,38.8103778,3984,0.9631937408969928,0.8083216114867754,0.8857576761918842,0.4898149825040684,1951.4228902962086,93
11001009603,DC,District of Columbia,11001,-76.9477195,38.8918285,3971,1.248220345984943,0.509419243138094,0.8788197945615185,0.4879378393111378,1937.6011599045282,94
11001007709,DC,District of Columbia,11001,-76.9675363,38.879862,2072,1.1571663489448867,0.5995035422083479,0.8783349455766173,0.48780665647751564,1010.7353922214124,95
51177020108,VA,Spotsylvania,51177,-77.5220283,38.2811368,4225,1.3481027207265528,0.402075916756749,0.8750893187416509,0.48692850567520385,2057.272936477736,96
24033806602,MD,Prince George's,24033,-76.9105793,38.9665203,5814,0.16741297793521379,1.5752290624197989,0.8713210201775063,0.48590893855436196,2825.07456875506,97
51059415401,VA,Fairfax,51059,-77.0779752,38.7569882,5352,0.5510238272203718,1.1771897107402909,0.8641067689803313,0.48395701961881876,2590.137968999918,98
11001007407,DC,District of Columbia,11001,-76.9850206,38.8574823,3491,0.6666070069714931,1.060740669696228,0.8636738383338606,0.48383988403488526,1689.0850351657843,99
24031700731,MD,Montgomery,24031,-77.1966015,39.1334282,4261,0.006584705060219949,1.7195306607829268,0.8630576829215734,0.4836731743676434,2060.9313959805286,100
51153900901,VA,Prince William,51153,-77.3196575,38.5618028,6221,0.4554517471324593,1.270230589229633,0.8628411681810462,0.48361459320512096,3008.5663843290577,101
24021753002,MD,Frederick,24021,-77.3861778,39.6336537,2746,1.2974092449604662,0.41140054281455823,0.8544048938875122,0.4813320384272344,1321.7377775211855,102
24031703213,MD,Montgomery,24031,-77.0755351,39.0891297,6321,0.05064278684555517,1.6545715617652137,0.8526071743053845,0.48084563965940025,3039.425288287069,103
24033803606,MD,Prince George's,24033,-76.8587387,38.9724116,6167,0.6887954674215079,1.013122514352013,0.8509589908867605,0.4803997000412566,2962.6249501544294,104
11001007809,DC,District of Columbia,11001,-76.9321955,38.9015402,3155,0.6612681712863153,1.0345844273313862,0.8479262993088508,0.4795791619209729,1513.0722558606694,105
24033804900,MD,Prince George's,24033,-76.9774185,38.9508937,3983,1.0166274357632432,0.672939226321047,0.8447833310421451,0.4787287868638919,1906.7767580788816,106
24033801801,MD,Prince George's,24033,-76.947898,38.8291686,2000,0.8736978210983561,0.8103737301731458,0.842035775635751,0.4779853964166207,955.9707928332414,107
51153900503,VA,Prince William,51153,-77.2801936,38.6447685,3368,0.4630239789151197,1.2071334022593556,0.8350786905872376,0.4761030574640076,1603.5150975387776,108
51047930300,VA,Culpeper,51047,-77.9632862,38.4895139,7819,0.84163192640718,0.8280974413125559,0.8348646838598679,0.47604515488034793,3722.1970660094403,109
24031700724,MD,Montgomery,24031,-77.2078144,39.1396063,3279,0.057066041802931906,1.6037016071794592,0.8303838244911955,0.4748327942333216,1556.9767322910616,110
51179010216,VA,Stafford,51179,-77.3966446,38.4832019,7379,0.15128442523435257,1.5086725458085024,0.8299784855214275,0.47472312397250316,3502.981931793101,111
51047930202,VA,Culpeper,51047,-78.1122668,38.5123826,6283,1.5626736651944197,0.09489817004966093,0.8287859176220403,0.47440045765536043,2980.6580754486295,112
24031700725,MD,Montgomery,24031,-77.1884889,39.1450647,6270,-0.17150196107025287,1.8221758437661988,0.825336941347973,0.47346728775129227,2968.6398942006026,113
11001007803,DC,District of Columbia,11001,-76.9407751,38.8962674,4590,0.8658027342866782,0.7769954932094545,0.8213991137480663,0.47240185212296637,2168.324501244416,114
51107611602,VA,Loudoun,51107,-77.4158044,39.0016438,4316,-0.08356273030899573,1.7177730814347734,0.8171051755628889,0.4712400656779668,2033.8721234661045,115
24033803801,MD,Prince George's,24033,-76.9052779,38.945753,2872,0.20132080597724877,1.4314858491844284,0.8164033275808387,0.4710501706592609,1352.8560901333974,116
51153900404,VA,Prince William,51153,-77.3214704,38.6406633,5996,0.3885942058433993,1.2421402343879024,0.8153672201156509,0.4707698369523684,2822.735942366401,117
24033803100,MD,Prince George's,24033,-76.916304,38.9092635,2688,1.1855341986058072,0.4443180200526815,0.8149261093292444,0.47065048811447424,1265.1085120517068,118
24031703214,MD,Montgomery,24031,-77.0677793,39.0850135,7345,0.25503286469293474,1.370557962627731,0.8127954136603329,0.4700739978997093,3452.6935145733646,119
51187020300,VA,Warren,51187,-78.2882849,38.9128381,6829,1.3665699925781618,0.2570458901351718,0.8118079413566668,0.4698068231319932,3208.3107951683814,120
51153900601,VA,Prince William,51153,-77.2572448,38.6362957,3950,0.005689612564758668,1.6116948459272762,0.8086922292460175,0.4689638226181132,1852.407099341547,121
11001009700,DC,District of Columbia,11001,-76.9870248,38.8354183,3188,1.0229642357280613,0.5784447918127483,0.8007045137704047,0.4668026318496679,1488.1667903367413,122
11001008903,DC,District of Columbia,11001,-76.977718,38.9041579,3062,0.6641433917655991,0.9330201285574147,0.7985817601615068,0.4662282904729325,1427.5910254281193,123
11001009601,DC,District of Columbia,11001,-76.9490606,38.90913,2086,0.6742694798091965,0.9205150563517382,0.7973922680804674,0.465906456362475,971.8808679721229,124
51177020313,VA,Spotsylvania,51177,-77.5034593,38.204463,695,0.21829297917993964,1.372700855253701,0.7954969172168204,0.465393642053805,323.44858122739447,125
24031700732,MD,Montgomery,24031,-77.1930288,39.125288,3361,0.3869515207062893,1.2022660355770378,0.7946087781416635,0.46515334331304686,1563.3803868751504,126
24033801405,MD,Prince George's,24033,-76.9902698,38.7978743,4865,0.45807240543373756,1.1246821329451686,0.7913772691894531,0.46427901230601637,2258.7173948687696,127
24033803525,MD,Prince George's,24033,-76.8719606,38.9096918,2354,0.9350215489993019,0.6394144109690154,0.7872179799841587,0.46315365707006423,1090.2637087429312,128
24033803509,MD,Prince George's,24033,-76.8810467,38.9336796,4175,0.0824292549583717,1.4785551807703878,0.7804922178643797,0.4613339058472766,1926.06905691238,129
11001007503,DC,District of Columbia,11001,-76.98709,38.8640724,2528,0.4508189703951878,1.0996890875813345,0.7752540289882612,0.459916638860614,1162.6692630396321,130
51061930706,VA,Fauquier,51061,-77.7710901,38.5410081,6071,0.6697754587273732,0.8548373007868928,0.762306379757133,0.45641346701168983,2770.886158227969,131
24033801809,MD,Prince George's,24033,-76.9570032,38.8434318,4107,1.2031102025051588,0.3111460508581462,0.7571281266816525,0.4550124165138886,1868.7359946225404,132
24031703219,MD,Montgomery,24031,-77.0631981,39.1059788,3363,3.0293732403864424,-1.5311272189365144,0.749123010724964,0.45284651779619517,1522.9228393486044,133
51630000202,VA,Fredericksburg,51630,-77.4733537,38.3151592,1521,1.2801213086129606,0.20782550015010975,0.7439734043815351,0.4514532180818369,686.6603447024739,134
24033804001,MD,Prince George's,24033,-76.9137092,38.9465843,5339,0.6248526743154673,0.8589984113954318,0.7419255428554495,0.4508991398302088,2407.350507553485,135
54037972506,WV,Jefferson,54037,-77.8403162,39.2575056,4131,1.422461212769498,0.05507675341519463,0.7387689830923463,0.4500450873992111,1859.1362560461412,136
24033802901,MD,Prince George's,24033,-76.9033623,38.8936958,4006,1.0793234952895872,0.3929046788151618,0.7361140870523745,0.4493267672699718,1800.003029683507,137
24033805904,MD,Prince George's,24033,-76.968443,38.9957928,3717,0.2983414535570403,1.1569530576344234,0.7276472555957318,0.44703594481417136,1661.6326068742749,138
24033806713,MD,Prince George's,24033,-76.9025767,39.0013909,4036,-0.09850623225504927,1.5454813038815471,0.723487535813249,0.445910473079397,1799.6946693484463,139
24033806714,MD,Prince George's,24033,-76.910219,39.0046859,5649,-0.27261838335675787,1.718298249891492,0.7228399332673671,0.44573525493998595,2517.9584551559806,140
11001006400,DC,District of Columbia,11001,-77.0114342,38.8688572,2481,0.5429565122723198,0.8959857317076949,0.7194711219900074,0.4448237748233628,1103.607785336763,141
51157950200,VA,Rappahannock,51157,-78.1387548,38.640675,4619,1.7508745379390434,-0.3219156889124151,0.7144794245133141,0.44347319961341225,2048.4027090143513,142
24033800218,MD,Prince George's,24033,-76.8592109,39.0693303,5612,0.5075445046239188,0.9106911601019512,0.709117832362935,0.4420225441043439,2480.630517513578,143
24033801214,MD,Prince George's,24033,-76.8505009,38.7923197,4234,1.286469774171554,0.12733930236664304,0.7069045382690986,0.4414237057032944,1868.9879699477485,144
24021750702,MD,Frederick,24021,-77.4203868,39.4326934,3822,0.9288015085781219,0.48039209450723835,0.7045968015426801,0.4407993144960256,1684.7349800038098,145
24033800109,MD,Prince George's,24033,-76.8657097,39.0989194,3892,0.47579945358268555,0.931727512954258,0.7037634832684718,0.44057384830774005,1714.7134176137242,146
24033802104,MD,Prince George's,24033,-76.87917,38.8374123,2178,1.139915215921494,0.25834492699912026,0.6991300714603071,0.4393202124143756,956.83942263851,147
24033804802,MD,Prince George's,24033,-76.963964,38.9497841,2970,-0.020843813217487864,1.4156187385970422,0.6973874626897771,0.4388487246655468,1303.380712256674,148
54037972800,WV,Jefferson,54037,-77.9405575,39.2351271,6064,1.4855586231192675,-0.09368677043448538,0.695935926342391,0.4384559907275878,2658.797127772092,149
51153901211,VA,Prince William,51153,-77.3398683,38.6673898,4659,0.2594442846216153,1.128244679043208,0.6938444818324117,0.4378901204757638,2040.1300712965835,150
54037972204,WV,Jefferson,54037,-77.8322891,39.3967418,2438,1.6375112891315198,-0.25139641643574806,0.6930574363478859,0.4376771740531356,1067.0569503415445,151
51177020405,VA,Spotsylvania,51177,-77.8483583,38.1471161,3677,1.489568522835517,-0.10670376914468364,0.6914323768454167,0.43723749094153336,1607.7222541920182,152
24033802700,MD,Prince George's,24033,-76.9143548,38.8840144,2675,0.9651710978126673,0.41420371863482763,0.6896874082237474,0.4367653647011969,1168.3473505757017,153
54037972203,WV,Jefferson,54037,-77.7760116,39.3917373,2488,1.6680305411270275,-0.2897359464972163,0.6891472973149056,0.4366192299629618,1086.308644147849,154
51059440504,VA,Fairfax,51059,-77.310936,38.8450359,643,-1.0666778673036144,2.4438753515541682,0.6885987421252769,0.43647081050367736,280.65073115386457,155
24033807410,MD,Prince George's,24033,-76.9464217,39.0450064,5966,1.3674387225889888,0.005077730144501598,0.6862582263667452,0.4358375504600287,2600.206826044531,156
24033803803,MD,Prince George's,24033,-76.8973349,38.9548118,6062,0.18999503090082248,1.1823359305089969,0.6861654807049097,0.43581245679353736,2641.8951130824234,157
11001007807,DC,District of Columbia,11001,-76.9210632,38.8985783,2114,0.8192502557768209,0.5442456250918956,0.6817479404343583,0.43461722803493935,918.7808200658618,158
24033802203,MD,Prince George's,24033,-76.8703467,38.8520844,4691,1.0980006988903488,0.2633586012948064,0.6806796500925776,0.4343281867900772,2037.433524232252,159
24033802301,MD,Prince George's,24033,-76.8906411,38.8571492,3688,1.2266938820985434,0.13276788028782324,0.6797308811931833,0.4340714837824376,1600.85563218963,160
54037972601,WV,Jefferson,54037,-77.7913914,39.2933111,1950,1.5477587557247927,-0.19170773998725668,0.678025507868768,0.4336100706165917,845.5396377023537,161
24033801808,MD,Prince George's,24033,-76.9625289,38.8327451,3761,0.838124989998206,0.5154569093510601,0.676790949674633,0.43327604322410146,1629.5511985658457,162
54037972503,WV,Jefferson,54037,-77.8366763,39.2992138,4049,1.120328927628556,0.23299270629887284,0.6766608169637144,0.433240833956274,1754.1921366889535,163
24033804400,MD,Prince George's,24033,-76.9438421,38.9268332,2922,0.28623017408458834,1.066197474377542,0.6762138242310651,0.4331198936736221,1265.5763293143236,164
24017850901,MD,Charles,24017,-76.9093737,38.6119042,5761,1.0599563638203318,0.287218805960074,0.6735875848902029,0.432409327024556,2491.110132988467,165
51061930101,VA,Fauquier,51061,-77.8843126,38.9414757,3182,1.1218186193555266,0.2236973541488266,0.6727579867521766,0.4321848673723694,1375.2122479788793,166
24033803700,MD,Prince George's,24033,-76.8881511,38.9433616,2950,0.13091099650142296,1.2130817034988073,0.6719963500001152,0.4319787956460429,1274.3374471558266,167
24033802501,MD,Prince George's,24033,-76.9448553,38.8623009,3231,1.0046963188956204,0.3322587439347591,0.6684775314151897,0.4310267289049587,1392.6473610919215,168
11001010400,DC,District of Columbia,11001,-77.0009082,38.8512668,4616,0.7939862439029676,0.5357537990963053,0.6648700214996364,0.43005066545473036,1985.1138717390354,169
24033804102,MD,Prince George's,24033,-76.9009524,38.9375103,6888,0.25167261814411857,1.073705051705028,0.6626888349245732,0.4294605142025137,2958.1240218269145,170
24033802407,MD,Prince George's,24033,-76.9089053,38.8593834,3611,0.9939255043550556,0.3303028238074109,0.6621141640812332,0.42930502877926435,1550.2204589219236,171
51177020110,VA,Spotsylvania,51177,-77.5564746,38.2735515,3881,0.583874658787103,0.7310763222203513,0.6574754905037272,0.4280499692388807,1661.2619306160962,172
24033807409,MD,Prince George's,24033,-76.9471923,39.0378008,4002,0.2275828307653975,1.0843084740391102,0.6559456524022539,0.4276360496404406,1711.3994706610433,173
51157950100,VA,Rappahannock,51157,-78.1897421,38.7499605,2729,1.4564760896108184,-0.1538433468603979,0.6513163713752103,0.4263835313890417,1163.600657160695,174
24031702101,MD,Montgomery,24031,-76.9944183,39.0084284,6021,0.5550845286885339,0.7467513974583428,0.6509179630734383,0.4262757363196642,2566.6062083806983,175
11001001803,DC,District of Columbia,11001,-77.0419173,38.9672412,4102,0.5144664790145972,0.7863019081538926,0.6503841935842449,0.42613131734329424,1747.990663742193,176
24031703302,MD,Montgomery,24031,-77.0819211,39.0736794,4446,0.12979722167014718,1.1640678142214875,0.6469325179458174,0.42519741708755626,1890.4277163712752,177
51179010504,VA,Stafford,51179,-77.3778722,38.2704318,1935,1.2828444526475398,0.00818729275408112,0.6455158727008105,0.42481412343682234,822.0153288502512,178
24033806000,MD,Prince George's,24033,-76.961756,38.9626564,6345,-0.13927011448585522,1.4270925943949446,0.6439112399545447,0.4243799670765261,2692.690891100558,179
51059450200,VA,Fairfax,51059,-77.1914399,38.8712906,4330,0.1436870799110858,1.1396054970609553,0.6416462884860206,0.4237671520332642,1834.911768304034,180
51153900602,VA,Prince William,51153,-77.256415,38.6469519,4332,-0.28717250115902676,1.5703555983247235,0.6415915485828484,0.42375234136884304,1835.695142809828,181
24033804300,MD,Prince George's,24033,-76.9304323,38.9256205,3677,0.40007116588843683,0.8809245093396276,0.6404978376140322,0.4234564222094326,1557.0492644640835,182
24033800103,MD,Prince George's,24033,-76.8401149,39.0966921,2454,0.10254204988112797,1.1751871683936923,0.6388646091374102,0.423014528864932,1038.077653834543,183
24033805201,MD,Prince George's,24033,-76.9954638,38.9664183,4254,0.13704756586632982,1.1315065016324597,0.6342770337493948,0.4217732946712009,1794.2235955312885,184
24017850400,MD,Charles,24017,-77.2060697,38.4504408,3559,1.319287861324408,-0.051287315029752464,0.6340002731473278,0.42169841312840145,1500.8246523239807,185
51043010101,VA,Clarke,51043,-77.985989,39.1493529,4595,1.1779035536926539,0.07655904999970602,0.6272313018461799,0.41986697104304227,1929.2887319427791,186
24033803002,MD,Prince George's,24033,-76.8954348,38.9032756,2791,0.9631393588260493,0.2879803079341859,0.6255598333801176,0.4194147313219818,1170.5865151196513,187
51187020601,VA,Warren,51187,-78.1575275,38.9347811,6094,0.9146433060295999,0.33400664048767886,0.6243249732586393,0.41908062223872666,2553.8773119228003,188
24021766800,MD,Frederick,24021,-77.344928,39.6979835,5872,0.17283942380821113,1.074242800388896,0.6235411120985536,0.4188685373806602,2459.5960514992366,189
24033803200,MD,Prince George's,24033,-76.8954776,38.9233213,2860,0.5503801731523613,0.6860030900722687,0.618191631612315,0.4174211588557072,1193.8245143273225,190
11001007605,DC,District of Columbia,11001,-76.9752566,38.8660433,3663,0.8761877486714905,0.3594118394309576,0.6177997940512241,0.417315141594283,1528.6253636598587,191
24033802600,MD,Prince George's,24033,-76.9241902,38.8755529,3318,0.6807916454150952,0.5540767512715175,0.6174341983433063,0.41721622444189477,1384.323432698207,192
11001010800,DC,District of Columbia,11001,-77.044612,38.8973521,6879,-1.5827681453119715,2.8119086262623263,0.6145702404751774,0.41644133964226543,2864.699975399144,193
24033803608,MD,Prince George's,24033,-76.8506247,38.9550751,6581,0.5851957769176095,0.6356991955948933,0.6104474862562514,0.4153258694698845,2733.2595469813095,194
51177020403,VA,Spotsylvania,51177,-77.6298383,38.0730922,4091,1.0059077670604777,0.21378366660801326,0.6098457168342455,0.41516305213825283,1698.4320462975923,195
51177020404,VA,Spotsylvania,51177,-77.7060594,38.0721767,3677,1.1123846746910355,0.10659052021674814,0.6094875974538918,0.4150661578133129,1526.1982622795515,196
24033803605,MD,Prince George's,24033,-76.8834453,38.9692863,7464,0.3498548095093301,0.8689395687460547,0.6093971891276924,0.41504169654643763,3097.8712230226106,197
51107610505,VA,Loudoun,51107,-77.550885,39.1111887,6702,-0.2759951621243045,1.4854738564963417,0.6047393471860185,0.41378145073072764,2773.1632827973367,198
24033802804,MD,Prince George's,24033,-76.8789655,38.8807289,5689,0.967528345435397,0.2393070306410097,0.6034176880382034,0.41342385692834316,2351.968322065344,199
24017851301,MD,Charles,24017,-76.8729416,38.4480974,4900,1.0884584621636153,0.0939602043079337,0.5912093332357745,0.4101207117703229,2009.5914876745821,200
51153901704,VA,Prince William,51153,-77.4996021,38.7797454,6821,-0.18868369004577462,1.3682405078207227,0.589778408887474,0.4097335547037833,2794.792576634506,201
51187020700,VA,Warren,51187,-78.2662101,38.825048,3536,1.311161420815039,-0.13166275009249032,0.5897493353612744,0.40972568844507384,1448.7900343417812,202
24033801216,MD,Prince George's,24033,-76.9148895,38.7523033,3724,1.1759854752620413,-0.0033523372573685973,0.5863165690023364,0.4087969043655937,1522.3596718574709,203
51013102701,VA,Arlington,51013,-77.1020908,38.8558721,3579,0.11267508236454492,1.0505217017149944,0.5815983920397696,0.40752033404626736,1458.515275551591,204
24033803610,MD,Prince George's,24033,-76.880049,38.9630071,3527,0.5312257803564172,0.6316818275066551,0.5814538039315362,0.4074812136637631,1437.1862405920924,205
51683910401,VA,Manassas,51683,-77.4826328,38.7468077,7543,-0.18584320078328478,1.3486761976157573,0.5814164984162362,0.40747112012255915,3073.5546590844638,206
51059451501,VA,Fairfax,51059,-77.1443728,38.8642756,5868,0.16942617265721233,0.9915170491405578,0.5804716108988851,0.40721546727839447,2389.5403619896188,207
51153900201,VA,Prince William,51153,-77.2518531,38.6642184,2710,0.07135022955498213,1.0841137509763215,0.5777319902656518,0.40647422369759056,1101.5451462204705,208
24031700820,MD,Montgomery,24031,-77.2296841,39.1446815,3097,-0.010892363736175366,1.1642780038103941,0.5766928200371094,0.4061930613162281,1257.9799108963584,209
24031701509,MD,Montgomery,24031,-76.9767518,39.0331015,7181,0.30946141908960795,0.8406322956780858,0.5750468573838469,0.40574772255794395,2913.6743956885953,210
24033802803,MD,Prince George's,24033,-76.9054707,38.8738924,5939,0.8002421798641969,0.3477695512560556,0.5740058655601262,0.40546606731792934,2408.062973801182,211
24033802107,MD,Prince George's,24033,-76.902819,38.8430099,3976,0.5083841837162697,0.6373441047569476,0.5728641442366087,0.405157158269772,1610.9048612806134,212
51047930101,VA,Culpeper,51047,-78.0122937,38.5398536,4385,0.9375260728337829,0.2062887249659077,0.5719073988998453,0.4048982971228171,1775.479032883553,213
24033801704,MD,Prince George's,24033,-76.9807272,38.8234411,5506,0.7514046093044265,0.3885672902051766,0.5699859497548015,0.40437842155051057,2226.507589057111,214
24017850801,MD,Charles,24017,-76.8593942,38.6500734,4548,1.1927077473641547,-0.060375775825584434,0.5661659857692851,0.4033448756103107,1834.412494275693,215
24033802805,MD,Prince George's,24033,-76.8877306,38.8939623,5264,0.7969373304610194,0.33512468676819446,0.566031008614607,0.40330835560887446,2123.0151839251153,216
24021767500,MD,Frederick,24021,-77.3204795,39.6455539,2792,1.1557723987303907,-0.04296573149834462,0.556403333616023,0.4007034503149819,1118.7640332794294,217
51059452301,VA,Fairfax,51059,-77.2152908,38.8296645,3568,0.3653919258980972,0.7416951567070732,0.5535435413025852,0.39992969256580535,1426.9491430747935,218
24031700818,MD,Montgomery,24031,-77.2556386,39.1798565,6624,-0.11690314880348952,1.212533825201053,0.5478153381987817,0.3983798452151434,2638.86809470511,219
24033802106,MD,Prince George's,24033,-76.8948117,38.8403665,4576,0.5379256215831674,0.5369626705913382,0.5374441460872528,0.3955737707226753,1810.1455748269623,220
24033800209,MD,Prince George's,24033,-76.8499027,39.0865559,4788,0.06746082034069513,1.00719686511018,0.5373288427254376,0.3955425737475343,1893.8578431031942,221
51059450702,VA,Fairfax,51059,-77.2033775,38.837048,4568,-0.1749013835902346,1.2448544674088748,0.5349765419093201,0.3949061250878492,1803.9311794012954,222
11001001804,DC,District of Columbia,11001,-77.0304334,38.9670945,5500,0.4346934846948365,0.6332147269828123,0.5339541058388244,0.3946294903725008,2170.462197048754,223
24033807000,MD,Prince George's,24033,-76.9282772,38.9977381,9219,-0.7835101598308264,1.8457901236938907,0.5311399819315321,0.3938680888643637,3631.069911240569,224
24033801908,MD,Prince George's,24033,-76.9437961,38.8436057,3781,0.43631916319557135,0.6061031969986801,0.5212111800971257,0.39118170939431934,1479.0580432199215,225
24033801217,MD,Prince George's,24033,-76.890362,38.7651558,3927,1.0972457995231932,-0.055270548751031406,0.5209876253860809,0.39112122346699413,1535.933044554886,226
24021750505,MD,Frederick,24021,-77.4433531,39.4109536,7660,-0.27925394223877503,1.3204708837788746,0.5206084707700498,0.39101863775791595,2995.202765225636,227
24033804801,MD,Prince George's,24033,-76.9695724,38.9445014,2648,0.02890116298913471,1.0035651329880293,0.516233147988582,0.3898348315453454,1032.2826339320745,228
24009860702,MD,Calvert,24009,-76.5778835,38.5706394,3453,0.8721879837453815,0.15727486759673356,0.5147314256710576,0.38942851907473836,1344.6966763650717,229
24033803612,MD,Prince George's,24033,-76.8756757,38.9506525,3834,0.1859895322775545,0.8427489562491015,0.514369244263328,0.38933052571014276,1492.6932355726874,230
11001011100,DC,District of Columbia,11001,-76.9681631,38.9158612,5903,0.7355604059007558,0.29279163216579845,0.5141760190332771,0.38927824585807597,2297.9094853002225,231
24017850202,MD,Charles,24017,-77.1451872,38.6004992,4647,0.77605936539142,0.24879575616381577,0.5124275607776179,0.38880517544730836,1806.7776503036418,232
24033802001,MD,Prince George's,24033,-76.9194955,38.8401426,5576,0.5734359460562525,0.4486499994086724,0.5110429727324625,0.38843055533090265,2165.8887765251134,233
51013102200,VA,Arlington,51013,-77.1182708,38.8577759,7880,0.01392843395560902,1.0055131424089772,0.509720788182293,0.38807281937338994,3058.013816662313,234
24031700834,MD,Montgomery,24031,-77.2317358,39.1886162,5105,0.1245362925343027,0.887605336143704,0.5060708143390034,0.38708526669962884,1976.0702865016053,235
51179010215,VA,Stafford,51179,-77.418287,38.4847426,2114,0.26386737368955776,0.7446272659040105,0.5042473197967842,0.3865918941473657,817.2552642275311,236
24021775400,MD,Frederick,24021,-77.6088179,39.3128573,3929,0.7024769021941728,0.30470556765867574,0.5035912349264242,0.38641438099364017,1518.2221029240122,237
11001007708,DC,District of Columbia,11001,-76.9606349,38.8871944,2574,0.721735967865466,0.2815945701441187,0.5016652690047924,0.38589328334276873,993.2893113242867,238
51177020207,VA,Spotsylvania,51177,-77.4880843,38.2024213,1575,0.256545293494899,0.7466160114611814,0.5015806524780402,0.38587038913014526,607.7458628799787,239
51047930501,VA,Culpeper,51047,-78.0684367,38.3621033,5742,0.8296080122324848,0.17151289381090554,0.5005604530216952,0.38559435956277305,2214.082812609443,240
51047930502,VA,Culpeper,51047,-77.9641375,38.4211213,6267,0.6522145213567888,0.3405552632189722,0.4963848922878805,0.384464601831848,2409.439659680191,241
11001009905,DC,District of Columbia,11001,-76.9250522,38.8843295,2790,0.7165933397990952,0.273903192056298,0.4952482659276966,0.3841570712989565,1071.7982289240886,242
51059421600,VA,Fairfax,51059,-77.0986647,38.7393673,6409,0.0962065235412986,0.8939903497529298,0.49509843664711417,0.38411653284224423,2461.802858985943,243
24021751003,MD,Frederick,24021,-77.396194,39.3871801,5920,0.4191299101574165,0.565309432204727,0.49221967118107174,0.38333764163502426,2269.358838479344,244
51153901900,VA,Prince William,51153,-77.4478916,38.7873394,8748,-0.19141252807411216,1.1719842202137372,0.4902858460698125,0.38281441756789253,3348.860524883924,245
24017851200,MD,Charles,24017,-76.909535,38.3348487,4675,1.0985527003578446,-0.11865631101731638,0.48994819467026407,0.3827230611481646,1789.2303108676697,246
24031700822,MD,Montgomery,24031,-77.2271642,39.138353,1771,0.21666176594718597,0.7576771184933937,0.48716944222028985,0.38197122989415794,676.4710481425537,247
11001009807,DC,District of Columbia,11001,-77.0117577,38.8292038,3523,0.7264780156530022,0.24217619681596325,0.4843271062344827,0.38120219520431436,1342.9753337047996,248
51047930204,VA,Culpeper,51047,-78.0091787,38.465479,1520,1.1845005313551225,-0.22131430916796016,0.48159311109358116,0.3804624736809914,578.3029599951069,249
24031701508,MD,Montgomery,24031,-76.9770714,39.0453954,4142,0.36083139194282765,0.6009834458857736,0.4809074189143006,0.3802769498459999,1575.1071262621317,250
24033801500,MD,Prince George's,24033,-77.0119692,38.8034632,2680,0.7368833522917931,0.2240910327281705,0.48048719250998184,0.38016325157664577,1018.8375142254107,251
51179010304,VA,Stafford,51179,-77.4780609,38.363103,6868,0.9956137057164812,-0.035247289012175255,0.480183208352153,0.38008100431112174,2610.396337608784,252
24033802406,MD,Prince George's,24033,-76.9211247,38.8553465,2450,0.6326525287815337,0.3255193556067255,0.4790859421941296,0.37978412324437766,930.4711019487253,253
11001007604,DC,District of Columbia,11001,-76.9638007,38.8660921,3803,0.8349448542102703,0.1222808495604183,0.4786128518853443,0.37965612188890757,1443.8322315435155,254
51059421400,VA,Fairfax,51059,-77.0875449,38.7687048,8188,0.024043290220806392,0.9287097389461204,0.4763765145834634,0.3790510488180514,3103.669987722205,255
51153900301,VA,Prince William,51153,-77.2588703,38.6771114,3301,0.4903083979681507,0.4577324497886368,0.4740204238783937,0.37841357474965687,1249.1432102486174,256
51047930103,VA,Culpeper,51047,-77.9826291,38.6331974,5342,0.9813658614751123,-0.0376867609325759,0.47183955027126817,0.37782350817539595,2018.3331806729652,257
51630000201,VA,Fredericksburg,51630,-77.4881844,38.311378,4690,0.5250572695154432,0.4171726423099194,0.47111495591268127,0.3776274587988969,1771.0727817668267,258
51059452200,VA,Fairfax,51059,-77.2091592,38.8220023,6982,0.1387919347757384,0.8032652067763556,0.471028570776047,0.3776040860635516,2636.4317288957172,259
24031700710,MD,Montgomery,24031,-77.156163,39.1446487,6718,0.37872610338045354,0.5621036343232118,0.47041486885183265,0.3774380402226302,2535.6287542156297,260
51059421701,VA,Fairfax,51059,-77.1067237,38.7335134,4517,-0.00954809158198679,0.9479190682025398,0.4691854883102765,0.3771054137181648,1703.3851537649505,261
24033801906,MD,Prince George's,24033,-76.888256,38.8301626,2352,0.4751043964975554,0.4546635761345936,0.4648839863160745,0.3759415807763554,884.214597985988,262
24021751600,MD,Frederick,24021,-77.2206287,39.5383021,3023,0.939464230983074,-0.010244948047819091,0.46460964146762745,0.37586735285028017,1136.247007666397,263
51177020202,VA,Spotsylvania,51177,-77.4697839,38.2596703,5418,0.7804517339873942,0.1486226361867689,0.46453718508708153,0.3758477487392889,2036.3431026694673,264
11001007404,DC,District of Columbia,11001,-76.9820932,38.8503364,3637,0.2583804270903363,0.6701280575674817,0.464254242328909,0.37577119452565566,1366.6798344898095,265
51630000302,VA,Fredericksburg,51630,-77.4710605,38.2770373,4471,0.6134069530044381,0.3149794286690741,0.46419319083675614,0.37575467617048347,1679.9991571582316,266
24017850711,MD,Charles,24017,-76.9384389,38.6269699,5739,0.9541979261850393,-0.034812367751781585,0.4596927792166289,0.37453702538192973,2149.4679886668946,267
51059421800,VA,Fairfax,51059,-77.1264136,38.7240814,5933,0.21756568639908533,0.6927859014666073,0.45517579393284635,0.3733148903514171,2214.8772444549577,268
24017850300,MD,Charles,24017,-77.1569782,38.5530041,1956,1.1187505767388477,-0.2120051407148438,0.45337271801200196,0.37282704234946556,729.2496948355547,269
24031703218,MD,Montgomery,24031,-77.071024,39.1071892,1963,2.697609643698016,-1.7932486303409871,0.4521805066785145,0.37250447250633134,731.2262795299284,270
24033802408,MD,Prince George's,24033,-76.919751,38.8651094,2320,0.929641347197179,-0.03147016169477677,0.4490855927512011,0.37166709923868513,862.2676702337495,271
24021752900,MD,Frederick,24021,-77.4409586,39.642645,3094,0.836799362168983,0.06046410510040265,0.44863173363469283,0.37154430115758574,1149.5580677815703,272
24021751002,MD,Frederick,24021,-77.4300066,39.3835628,5297,0.7613412021242971,0.1333455162946134,0.4473433592094552,0.37119571301337534,1966.2236918318492,273
24021765100,MD,Frederick,24021,-77.4251109,39.4049463,4288,0.7381105712897963,0.15069706173641434,0.44440381651310534,0.3704003776564516,1588.2768193908646,274
24033806712,MD,Prince George's,24033,-76.8555957,39.0010037,3300,0.5936198335078262,0.2876951916604206,0.44065751258412345,0.3693867614990126,1218.9763129467417,275
51177020111,VA,Spotsylvania,51177,-77.577511,38.2827674,2454,0.45517754863130055,0.42053693744441506,0.4378572430378578,0.3686291084865806,904.6158322260687,276
24021750504,MD,Frederick,24021,-77.4394695,39.4246793,6012,0.30011223614101773,0.5714001603813279,0.43575619826117284,0.3680606407451688,2212.7805721599548,277
24033803300,MD,Prince George's,24033,-76.8909427,38.9166861,5004,0.3518201396185958,0.5176334104641973,0.43472677504139656,0.3677821155565593,1840.3817062450228,278
51510200104,VA,Alexandria,51510,-77.1227225,38.8296955,4095,-0.42405737986591063,1.2912831990558065,0.4336129095949479,0.36748074331470815,1504.83364387373,279
24033804101,MD,Prince George's,24033,-76.9061209,38.9268545,3282,0.7433071473186758,0.12332993226952531,0.4333185397941005,0.3674010973510977,1205.8104015063027,280
24021751701,MD,Frederick,24021,-77.3239141,39.457718,2463,0.9001346429979737,-0.036549268890703375,0.43179268705363516,0.3669882560491299,903.8920746490069,281
51059461902,VA,Fairfax,51059,-77.306651,38.8680135,1839,-0.8169283540658866,1.6801708889321902,0.4316212674331518,0.3669418760168854,674.8061099950522,282
24021773500,MD,Frederick,24021,-77.345378,39.4686515,4236,0.700579966280542,0.16128611344228078,0.4309330398614114,0.36675566619516903,1553.577002002736,283
51510200304,VA,Alexandria,51510,-77.1313574,38.8166069,2825,0.7068877862946795,0.1524555142127937,0.4296716502537366,0.3664143791796459,1035.1206211824997,284
51107611010,VA,Loudoun,51107,-77.4727067,39.0813513,1951,2.6083024611745596,-1.7564429689020715,0.425929746136244,0.36540195345418996,712.8992111891246,285
51177020307,VA,Spotsylvania,51177,-77.5428503,38.2532909,3791,0.5689231914340287,0.28211566525287063,0.4255194283434497,0.36529093610152846,1384.8179387608943,286
51107611400,VA,Loudoun,51107,-77.3925179,39.000281,5767,0.05350036226061041,0.7913191546469368,0.4224097584537736,0.364449570397029,2101.7806724796665,287
54037972501,WV,Jefferson,54037,-77.8935922,39.2730672,5313,1.027491967869282,-0.1831545162044187,0.42216872583243165,0.3643843555708714,1935.9740811480397,288
24033807404,MD,Prince George's,24033,-76.9073024,39.0368587,5617,0.004409706123830262,0.837899173154058,0.42115443963894417,0.36410992592141544,2045.2054539005906,289
24021751302,MD,Frederick,24021,-77.4364911,39.5407408,3166,1.014945607199312,-0.17779537576079996,0.418575115719256,0.3634120529111562,1150.5625595167205,290
51177020308,VA,Spotsylvania,51177,-77.550644,38.245347,4032,0.47605369800907,0.3589353812038726,0.4174945396064713,0.36311968757507446,1464.0985803027002,291
51153900302,VA,Prince William,51153,-77.2785698,38.6677907,6165,0.11791506319401174,0.7170116994659611,0.4174633813299864,0.36311125725733145,2238.5809009914483,292
51061930705,VA,Fauquier,51061,-77.7208395,38.5710913,3988,0.5785018405431179,0.25613980180253226,0.4173208211728251,0.36307268556602046,1447.9338700372896,293
24033801213,MD,Prince George's,24033,-76.9393047,38.7747752,3888,0.955536132353576,-0.12488580144128542,0.4153251654561453,0.3625327323434688,1409.5272633514066,294
51059481000,VA,Fairfax,51059,-77.4109061,38.9636519,6231,-0.42248730317408323,1.2529459320820706,0.4152293144539937,0.36250679848270106,2258.7798613457103,295
24021753001,MD,Frederick,24021,-77.4043582,39.6040079,4527,0.8819949113277896,-0.05699846637176355,0.41249822247801304,0.36176786245220716,1637.723113321142,296
24031701601,MD,Montgomery,24031,-76.9763685,39.0147267,2128,-0.0231129546647012,0.8433211814816818,0.4101041134084903,0.36112010197106564,768.4635769944277,297
24033800900,MD,Prince George's,24033,-76.7242704,38.6048461,1626,0.98761008973282,-0.1701437532354907,0.4087331682486647,0.3607491731325879,586.578155513588,298
24017851401,MD,Charles,24017,-76.7707538,38.579955,3218,1.0948210955146893,-0.27803129207384103,0.40839490172042414,0.3606576502809867,1160.5963186042152,299
24033807407,MD,Prince George's,24033,-76.9228098,39.0676225,6708,0.3603898530946082,0.4544407461808038,0.407415299637706,0.36039260491421266,2417.5135937645387,300
51177020109,VA,Spotsylvania,51177,-77.5427972,38.2804092,3656,1.103117448824448,-0.29570515260960595,0.403706148107421,0.3593890408700888,1313.9263334210448,301
51685920201,VA,Manassas Park,51685,-77.4423225,38.7740354,2872,-0.39402849619269614,1.2000982260504385,0.4030348649288712,0.35920741559651415,1031.6436975931886,302
11001007806,DC,District of Columbia,11001,-76.932552,38.9055926,3457,0.40033381913325106,0.40534396773872217,0.4028388934359866,0.3591543927037241,1241.5967355767743,303
24031703215,MD,Montgomery,24031,-77.0540058,39.0846638,3357,0.4170458045934431,0.381402938467639,0.399224371530541,0.35817643205925176,1202.398282422908,304
24021750701,MD,Frederick,24021,-77.4078207,39.4551284,5623,0.322062942391054,0.4630252336205642,0.3925440880058091,0.3563689857213937,2003.8628067113968,305
24033802502,MD,Prince George's,24033,-76.930274,38.8693278,2318,0.7649489670186,0.01864493850517353,0.3917969527618868,0.35616683758568773,825.5947295236242,306
24033801210,MD,Prince George's,24033,-76.9235417,38.7684717,4253,0.9648457598224252,-0.1867287539295617,0.38905850294643174,0.3554259107863943,1511.626398574535,307
24033800707,MD,Prince George's,24033,-76.7912595,38.805245,3617,1.0895704004573405,-0.3192353442479257,0.38516752810470745,0.3543731518425059,1281.767690214344,308
24021750100,MD,Frederick,24021,-77.4094197,39.4209637,1651,0.39596499651453954,0.37003373709575427,0.3829993668051469,0.35378652476503714,584.1015523870764,309
51177020112,VA,Spotsylvania,51177,-77.5876906,38.2772719,2749,0.5610154993994543,0.2046205013657994,0.3828180003826268,0.3537374534831101,972.4242596250697,310
24033800412,MD,Prince George's,24033,-76.8433498,38.9839494,4807,0.42242452229037447,0.34186772478633376,0.3821461235383541,0.35355566758477563,1699.5420940800166,311
51510200409,VA,Alexandria,51510,-77.1267592,38.8101164,6318,-0.07904046277448264,0.8428509646674625,0.3819052509464899,0.35349049605688415,2233.352954087394,312
51059431601,VA,Fairfax,51059,-77.2054172,38.7665692,1908,2.899835820142565,-2.139559582846585,0.38013811864798996,0.3530123731165015,673.547607906285,313
11001002802,DC,District of Columbia,11001,-77.0346327,38.9294344,4685,-0.4032614851368895,1.1583307323953678,0.3775346236292392,0.3523079602693744,1650.562793862019,314
51153901209,VA,Prince William,51153,-77.2970196,38.6663535,6645,0.49747855123482637,0.25515532936620294,0.37631694030051466,0.35197849861328967,2338.89712328531,315
24033801807,MD,Prince George's,24033,-76.9705827,38.8364528,4557,0.7296121154440811,0.01906417413043846,0.3743381447872598,0.35144310716013333,1601.5262393287276,316
51059452502,VA,Fairfax,51059,-77.1493966,38.8153416,5011,-0.1811518648774488,0.9286135493534952,0.37373084223802316,0.35127879276172114,1760.2580305289846,317
51059482302,VA,Fairfax,51059,-77.3547124,38.9367321,4625,-0.1723567212967706,0.9178138297258845,0.372728554214557,0.35100760938892167,1623.4101934237626,318
24021750508,MD,Frederick,24021,-77.453806,39.424136,5056,-0.14017261012032423,0.883797535385701,0.3718124626326884,0.35075974769732426,1773.4412843576715,319
24021752501,MD,Frederick,24021,-77.586872,39.3995827,5170,0.8412306251200138,-0.09986944915045741,0.3706805879847782,0.3504535028082106,1811.8446095184488,320
51630000400,VA,Fredericksburg,51630,-77.4583457,38.287654,3528,0.6076614148203537,0.1327415464353326,0.3702014806278432,0.3503238734542277,1235.9426255465155,321
51059450100,VA,Fairfax,51059,-77.2096115,38.8691906,5524,-0.05581705460715236,0.7928967829759309,0.3685398641843893,0.3498742993389186,1932.7056295481864,322
51153900803,VA,Prince William,51153,-77.3006221,38.5829842,6016,0.06277575466692394,0.6693554347074219,0.3660655946871729,0.34920485030654436,2100.8163794441707,323
24033803613,MD,Prince George's,24033,-76.8855778,38.9583217,6943,0.1311558900886576,0.5927913998139567,0.3619736449513071,0.34809771472803064,2416.842433356717,324
24033800210,MD,Prince George's,24033,-76.8552654,39.0769091,3689,-0.06503372262092538,0.7888961718156322,0.3619312245973534,0.3480862372940085,1284.0901293775973,325
24031702301,MD,Montgomery,24031,-77.0041516,39.0002187,3551,-0.12119569630582362,0.8442447057182948,0.3615245047062356,0.3479761934051506,1235.6634627816898,326
24033802405,MD,Prince George's,24033,-76.936699,38.8556709,3916,0.6562769250966141,0.06159187575941935,0.3589344004280167,0.34727540361456677,1359.9304805546435,327
24033802204,MD,Prince George's,24033,-76.8613977,38.871171,6185,0.8349188763713823,-0.12276068545248625,0.35607909545944805,0.34650285998078234,2143.1201889811387,328
24031703401,MD,Montgomery,24031,-77.079775,39.061611,5871,-0.06634029268858153,0.775686551030954,0.3546731291711862,0.34612245567466826,2032.0849372659773,329
51510200106,VA,Alexandria,51510,-77.1138008,38.8381814,3392,0.6928950375169062,0.016260660128355378,0.35457784882263077,0.34609667621240015,1173.9599257124612,330
51061930707,VA,Fauquier,51061,-77.8291296,38.5865018,3584,0.5313203067411261,0.16781145145986526,0.34956587910049564,0.344740616056242,1235.5503679455715,331
24031700832,MD,Montgomery,24031,-77.2386096,39.1700922,3206,0.04777323772577553,0.6504258671141886,0.3490995524199821,0.3446144446972242,1104.8339096993006,332
51061930704,VA,Fauquier,51061,-77.6242992,38.5493987,3920,0.9280236968325113,-0.23033924374129303,0.34884222654560915,0.34454482149821636,1350.615700273008,333
51683910301,VA,Manassas,51683,-77.4556935,38.7527306,4579,0.11496080478887293,0.5814855882155747,0.34822319650222383,0.34437733405837956,1576.90381265332,334
24031703222,MD,Montgomery,24031,-77.0410781,39.0666172,4737,0.33004226431953065,0.3662592553863091,0.3481507598529199,0.34435773528595826,1631.2225920495844,335
51177020113,VA,Spotsylvania,51177,-77.6187532,38.2557175,4512,0.7727792909934361,-0.07679373488533875,0.3479927780540487,0.3443149910487174,1553.5492396118127,336
24033806711,MD,Prince George's,24033,-76.8582378,38.9843628,4794,0.42844172272082126,0.2653553665068964,0.34689854461385883,0.3440189305271974,1649.2267529473843,337
51177020201,VA,Spotsylvania,51177,-77.4229079,38.2496542,7310,0.34223982812839365,0.3473287835704341,0.3447843058494139,0.3434468929635213,2510.596787563341,338
11001009102,DC,District of Columbia,11001,-76.9888946,38.9187926,4608,0.19493170033946433,0.4898897866027762,0.34241074347112027,0.3428046916838239,1579.6440192790606,339
24009860703,MD,Calvert,24009,-76.6074909,38.4831446,4042,0.8107037282358263,-0.127948682787132,0.3413775227243471,0.3425251390199227,1384.4866119185276,340
51153901208,VA,Prince William,51153,-77.2770107,38.6846113,3116,1.0656229862269426,-0.3859048902586052,0.3398590479841687,0.34211429394155074,1066.028139921872,341
51059452801,VA,Fairfax,51059,-77.1275939,38.8405835,5627,0.3104756802437623,0.36387350429598303,0.3371745922698727,0.3413879760192675,1920.9901410604184,342
24033801207,MD,Prince George's,24033,-76.8669781,38.7540356,4722,0.9470357033035132,-0.2728971870051804,0.3370692581491664,0.3413594763650212,1611.89944739563,343
11001008804,DC,District of Columbia,11001,-76.9812669,38.9102408,2417,0.0007707311980344012,0.6732118795638642,0.3369913053809493,0.341338385127663,825.0148768535615,344
24033806900,MD,Prince George's,24033,-76.9194234,39.0128373,4393,-0.2404735669780781,0.9093505322626227,0.33443848264227233,0.34064768239129867,1496.465268744975,345
51187020200,VA,Warren,51187,-78.1851961,38.993678,3865,0.7059330115406396,-0.04634241019523561,0.32979530067270196,0.33939140304090304,1311.7477727530902,346
51061930703,VA,Fauquier,51061,-77.722683,38.4595467,2541,0.8339059262216387,-0.17492902277741454,0.3294884517221121,0.33930838066468716,862.1825952689701,347
51061930207,VA,Fauquier,51061,-77.7708466,38.6429971,1734,0.7832215285939225,-0.12429288549488667,0.3294643215495179,0.3393018519010612,588.3494111964401,348
24017851004,MD,Charles,24017,-76.9605345,38.5540556,5953,0.7401954508446343,-0.081506713409384,0.3293443687176252,0.3392693969452322,2019.6707200149674,349
24031703501,MD,Montgomery,24031,-77.0882029,39.0533187,6694,-0.014034487704474437,0.6699920555747395,0.3279787839351325,0.3388999184335773,2268.5960539943667,350
24021752801,MD,Frederick,24021,-77.5145169,39.581793,2192,0.8954313121736707,-0.24045615932351305,0.3274875764250788,0.33876701520995095,742.5772973402125,351
24033801406,MD,Prince George's,24033,-76.9800136,38.7771595,3216,0.6765305571210423,-0.021859534988411065,0.3273355110663156,0.3387258717502768,1089.3424035488902,352
24021750300,MD,Frederick,24021,-77.4158102,39.4109494,1728,0.29797234552901136,0.35564384572633934,0.3268080956276753,0.3385831719532441,585.0717211352058,353
24031703207,MD,Montgomery,24031,-77.0334936,39.0540685,5906,-0.0619504954665556,0.7135164005456197,0.32578295253953204,0.33830580481551925,1998.0340832404568,354
24033807500,MD,Prince George's,24033,-76.9413648,38.9527218,7321,0.1026800664864715,0.5481710178464688,0.3254255421664702,0.33820910232265183,2476.028838104134,355
51630000500,VA,Fredericksburg,51630,-77.5063977,38.3007831,8872,0.11411724336729759,0.535957570481593,0.32503740692444527,0.33810408677665077,2999.6594578824456,356
11001007901,DC,District of Columbia,11001,-76.9804319,38.8965543,4148,0.09633427376047284,0.5497905822092543,0.32306242798486356,0.33756972795213713,1400.239231545465,357
51059471402,VA,Fairfax,51059,-77.2054531,38.8828957,3550,0.0018071289880336057,0.6431526629724961,0.32247989598026483,0.33741211557917433,1197.813010306069,358
51153901418,VA,Prince William,51153,-77.5487966,38.7897864,4138,-0.3178952098600624,0.9617107536845071,0.3219077719122223,0.33725731922243957,1395.570786942455,359
24033801212,MD,Prince George's,24033,-76.9156495,38.7925306,3337,0.8225861379597532,-0.18247366844296148,0.32005623475839584,0.33675635934016784,1123.75597111814,360
51177020106,VA,Spotsylvania,51177,-77.5817765,38.3103641,8064,1.1338776139312021,-0.4943967693237683,0.3197404223037169,0.33667091175960534,2714.9142324294576,361
24031700721,MD,Montgomery,24031,-77.205747,39.1632023,3200,-0.12794852265608803,0.7659976492815831,0.31902456331274753,0.3364772258618647,1076.727122757967,362
51600300100,VA,Fairfax,51600,-77.317843,38.858071,5368,0.28338279625399,0.35371237343512263,0.3185475848445563,0.3363481725092071,1805.5169900294238,363
24033806706,MD,Prince George's,24033,-76.8990044,38.9885501,4083,0.4273358192484134,0.20666849848881397,0.3170021588686137,0.3359300353881843,1371.6023344899563,364
24033800706,MD,Prince George's,24033,-76.8169711,38.7764948,4011,0.7115007424738469,-0.07938979062533116,0.31605547592425787,0.3356738967655414,1346.3879999265864,365
11001009906,DC,District of Columbia,11001,-76.9359151,38.8879464,1773,0.5269363669142526,0.10370759888443283,0.3153219828993427,0.33547543972748023,594.7979546368224,366
24009860701,MD,Calvert,24009,-76.6309766,38.5439619,2877,0.768145306001334,-0.14160919685890708,0.3132680545712135,0.3349197200157111,963.5640344852008,367
24021750801,MD,Frederick,24021,-77.4071631,39.4324126,2883,0.48251963806390047,0.14396306663246927,0.31324135234818484,0.33491249534702044,965.5527240854599,368
24017850712,MD,Charles,24017,-77.0367885,38.5984332,6117,0.8199108378039628,-0.19515863037910425,0.3123761037124293,0.3346783899423257,2047.2277112772063,369
24017850500,MD,Charles,24017,-77.0902045,38.4724635,2775,0.935523117724994,-0.3118529583321331,0.31183507969643043,0.3345320081498778,928.326322615911,370
51177020204,VA,Spotsylvania,51177,-77.4903394,38.2315022,4572,0.6848020433467608,-0.06161572411904956,0.3115931596138556,0.3344665532083794,1529.1810812687108,371
24021751301,MD,Frederick,24021,-77.4670894,39.5006996,4752,1.135278880950862,-0.512590187472816,0.311344346739023,0.3343992333232632,1589.0651567521468,372
24033800102,MD,Prince George's,24033,-76.8569904,39.1061029,3129,0.20128368617694586,0.41461830915696324,0.30795099766695455,0.3334811141550158,1043.4624061910445,373
11001009604,DC,District of Columbia,11001,-76.9585043,38.8931572,1996,0.7401688688934936,-0.12938572157887743,0.3053915736573081,0.33278862535029147,664.2460961991818,374
51153901227,VA,Prince William,51153,-77.3636473,38.6545058,5282,0.05005049168621714,0.560061083821776,0.30505578775399655,0.33269777366727565,1757.30964051055,375
54037972602,WV,Jefferson,54037,-77.787806,39.3389243,4633,1.045851810839251,-0.4368694160405424,0.30449119739935426,0.33254501566454864,1540.6810575738539,376
51153901407,VA,Prince William,51153,-77.5231001,38.794635,4247,-0.40139299205607126,1.0086630473315976,0.3036350276377632,0.33231336667922584,1411.3348682866722,377
51059452700,VA,Fairfax,51059,-77.1356196,38.8455017,5398,0.11037034710243522,0.49438508756796534,0.3023777173352003,0.3319731833780972,1791.9912438749689,378
24033807304,MD,Prince George's,24033,-76.9594342,39.024978,2266,0.08376279848598074,0.5190915476598166,0.3014271730728987,0.3317160000206082,751.6684560466981,379
51153900403,VA,Prince William,51153,-77.3005652,38.645467,5550,0.2735022087368489,0.32886706752295886,0.30118463812990387,0.3316503787198213,1840.659601895008,380
24031700833,MD,Montgomery,24031,-77.2275649,39.1800898,4600,-0.05062578740333445,0.6508072692706242,0.30009074093364485,0.3313544091739103,1524.2302821999874,381
24033801904,MD,Prince George's,24033,-76.9058078,38.8128814,3547,0.48183882393617394,0.1170048769553183,0.2994218504457461,0.33117343127704335,1174.6721607396728,382
51061930205,VA,Fauquier,51061,-77.8890661,38.7167858,1847,1.0963465968099955,-0.4976381666889147,0.2993542150605404,0.33115513155535536,611.6435279827414,383
24021767600,MD,Frederick,24021,-77.3112605,39.5459235,3170,0.8219208460704187,-0.22590517378352187,0.2980078361434484,0.33079084946552223,1048.6069928057054,384
51153901102,VA,Prince William,51153,-77.3313676,38.5267349,3607,-1.475758821159433,2.068813730496437,0.29652745466850206,0.33039031106537525,1191.7178520128086,385
51153900202,VA,Prince William,51153,-77.2665481,38.6628993,4127,-0.2666136763355333,0.8533213115872678,0.2933538176258672,0.329531638131934,1359.9770705704916,386
11001008904,DC,District of Columbia,11001,-76.9748514,38.9009808,3137,0.40722175000997624,0.1792936408053084,0.29325769540764235,0.32950563088977514,1033.6591641012246,387
51153900407,VA,Prince William,51153,-77.341737,38.6384548,6849,0.004222529280269569,0.5743714654177805,0.28929699734902503,0.3284340073314477,2249.444516213085,388
51683910201,VA,Manassas,51683,-77.4711757,38.7622914,5239,0.23009655004382576,0.34778734440488634,0.28894194722435607,0.3283379434375706,1720.1624856694325,389
51153901212,VA,Prince William,51153,-77.3530624,38.6684118,7978,0.09298722503154848,0.4834823159967631,0.2882347705141558,0.32814660665518136,2617.953627895037,390
24031700723,MD,Montgomery,24031,-77.2025986,39.1471102,3756,1.2920250485839757,-0.7197620236275278,0.28613151247822394,0.32757754008479684,1230.381240558497,391
51179010202,VA,Stafford,51179,-77.5400425,38.4939061,6860,0.4807731322609026,0.08996612436375091,0.28536962831232676,0.32737140141711535,2245.767813721411,392
24033801701,MD,Prince George's,24033,-76.9437236,38.8066469,4441,0.5158355043273176,0.052244366036192064,0.28403993518175485,0.3270116339056872,1452.258666175157,393
51153901703,VA,Prince William,51153,-77.4872922,38.7760558,2762,-0.052354496437918834,0.6185757413303218,0.2831106224462015,0.32676019504169557,902.5116587051632,394
51177020314,VA,Spotsylvania,51177,-77.5241261,38.2051728,1850,0.2591982660125963,0.3024202914723796,0.28080927874248796,0.32613753355823755,603.3544370827394,395
51179010503,VA,Stafford,51179,-77.3790417,38.3353683,2618,0.700727826828563,-0.14393088476135585,0.2783984710336036,0.32548525502117087,852.1203976454253,396
51107611018,VA,Loudoun,51107,-77.443079,39.0325747,4004,1.4393183081907688,-0.8864855798030624,0.2764163641938532,0.32494896764122855,1301.0956664354792,397
24033801409,MD,Prince George's,24033,-76.9821766,38.7901087,2719,0.58407600323207,-0.03497024428033894,0.27455287947586554,0.3244447751744401,882.1653436993026,398
11001003702,DC,District of Columbia,11001,-77.0343972,38.9249042,2906,-0.6299733288704661,1.1790273870679846,0.27452702909875926,0.3244377809848582,942.8161915419979,399
24031700815,MD,Montgomery,24031,-77.2672574,39.1616006,8255,-0.09650983556025702,0.6434713804684609,0.2734807724541019,0.32415470127217166,2675.897059001777,400
24031703702,MD,Montgomery,24031,-77.0563037,39.0486516,4147,-0.07805808073729124,0.609529175053686,0.26573554715819736,0.32205911969316525,1335.5791693675562,401
51061930305,VA,Fauquier,51061,-77.8141732,38.7052922,4677,0.9486338522828461,-0.41990771015301864,0.26436307106491375,0.3216877766387247,1504.5337313393154,402
24021751702,MD,Frederick,24021,-77.2091951,39.4723055,3782,0.6828084500356791,-0.15638036906826258,0.2632140404837083,0.3213768899662657,1215.4473978524168,403
24033801305,MD,Prince George's,24033,-76.9718128,38.7642507,6143,0.7139902333019885,-0.18867300417930527,0.26265861456134165,0.3212266115318824,1973.2950746403537,404
11001007100,DC,District of Columbia,11001,-76.986838,38.8771811,3218,-0.07499878246867965,0.598958693161203,0.2619799553462617,0.32104299056603436,1033.1163436414986,405
51179010107,VA,Stafford,51179,-77.3372703,38.4551376,3661,0.5297209473931109,-0.006089515616069978,0.2618157158885205,0.3209985532296059,1175.1757033735873,406
24031703403,MD,Montgomery,24031,-77.0623465,39.061654,3970,-0.3162147346456031,0.8390104357692513,0.2613978505618241,0.32088549378360204,1273.9154103209,407
24031700715,MD,Montgomery,24031,-77.1862379,39.1728726,6117,-0.007707600017713188,0.5261625696356921,0.25922748480898944,0.32029827025974256,1959.2645191788451,408
51059481202,VA,Fairfax,51059,-77.3709877,38.9456001,6301,-0.10352403123913959,0.6217399872980341,0.2591079780294473,0.32026593598976244,2017.9956626714932,409
51059421002,VA,Fairfax,51059,-77.1802056,38.7572597,5348,0.10828278318551163,0.40846799225724384,0.25837538772137775,0.3200677231946664,1711.722183645076,410
24009860902,MD,Calvert,24009,-76.4705743,38.4015851,2992,0.6103368679540805,-0.09645000471521487,0.2569434316194328,0.3196802869724085,956.4834186214463,411
51179010306,VA,Stafford,51179,-77.4863367,38.3318251,2773,0.07249121965360138,0.4383375200392836,0.2554143698464425,0.31926657742075276,885.3262191877474,412
24033800800,MD,Prince George's,24033,-76.7300104,38.7107792,3446,0.9091302560839989,-0.4006474657709784,0.25424139515651023,0.3189492123269107,1099.0989856785343,413
51153901403,VA,Prince William,51153,-77.5182829,38.7706914,6754,-0.16233499389907757,0.6675414920893624,0.2526032490951424,0.3185059884594605,2151.189446055196,414
51177020304,VA,Spotsylvania,51177,-77.5209704,38.2616661,4351,0.7556352277810524,-0.25366394690619065,0.2509856404374309,0.3180683212805685,1383.9152658917535,415
51510200109,VA,Alexandria,51510,-77.1361626,38.8237508,5794,-0.02410007424989157,0.5229061086468152,0.2494030171984618,0.3176401199075439,1840.4068547443096,416
51153901101,VA,Prince William,51153,-77.300699,38.5287151,2191,-0.8585130488025204,1.352444685834546,0.2469658185160128,0.3169807009147847,694.5047157042933,417
54037972201,WV,Jefferson,54037,-77.8270338,39.4497104,5169,0.8476076652046131,-0.3539157849742986,0.24684594011515723,0.31694826609733834,1638.3055874571419,418
24009861004,MD,Calvert,24009,-76.4076066,38.3586351,7201,0.2759964507705347,0.21348571964581614,0.24474108520817542,0.31637876747063154,2278.243504556018,419
24017850906,MD,Charles,24017,-76.8969636,38.5985749,4750,0.5088642566894316,-0.02279146211610321,0.24303639728666418,0.315917539750353,1500.6083138141769,420
24031700903,MD,Montgomery,24031,-77.1278026,39.0963997,2377,-0.24055884585638634,0.7184243281222128,0.23893274113291324,0.31480723683289963,748.2968019518024,421
51177020305,VA,Spotsylvania,51177,-77.5120779,38.2370986,3858,0.1814786976050612,0.29529606377842144,0.2383873806917413,0.314659681758544,1213.9570522244626,422
51179010305,VA,Stafford,51179,-77.5097313,38.3985063,6752,0.5014216468688081,-0.02525314001926561,0.23808425342477124,0.3145776663371084,2124.0284031081555,423
24033805000,MD,Prince George's,24033,-76.9828138,38.9614009,5906,0.0998803922462398,0.37327634793085795,0.23657837008854887,0.31417022804332645,1855.489366823886,424
24017850102,MD,Charles,24017,-77.093736,38.5951955,2374,0.7453927558724662,-0.27280764444726924,0.2362925557125985,0.31409289687239544,745.6565371750668,425
24033801802,MD,Prince George's,24033,-76.950463,38.8348674,3896,0.5453731378829351,-0.07354610221204748,0.2359135178354438,0.3139903427486915,1223.306375348902,426
51179010211,VA,Stafford,51179,-77.412402,38.4586023,4242,-0.023899839490239747,0.4954751955552289,0.23578767803249456,0.3139562949885694,1331.8026033415115,427
51177020309,VA,Spotsylvania,51177,-77.5387743,38.2276424,5749,0.42628604122554686,0.03806251510782913,0.232174278166688,0.3129786379279837,1799.3141894479782,428
51177020407,VA,Spotsylvania,51177,-77.7325098,38.2385589,5768,0.9511111149819353,-0.4872123387157512,0.23194938813309207,0.31291779071002673,1804.9098168154342,429
51061930303,VA,Fauquier,51061,-77.7846848,38.7600555,3797,0.8952056093290973,-0.4313341442398436,0.23193573254462685,0.31291409599508363,1188.1348224933326,430
24031701505,MD,Montgomery,24031,-76.9933235,39.0300467,7010,0.2641826278434918,0.19874517521826085,0.23146390153087631,0.3127864353599124,2192.632911872986,431
51179010214,VA,Stafford,51179,-77.4545832,38.4644624,3873,0.12390474590282129,0.33850953202362793,0.23120713896322462,0.31271696457160186,1211.152803785814,432
24033801004,MD,Prince George's,24033,-76.8513765,38.7250838,5725,0.6700974039992231,-0.20769730995173918,0.23120004702374197,0.3127150457458516,1790.2936368950006,433
24033801211,MD,Prince George's,24033,-76.9058928,38.7827065,3253,0.6588913670952476,-0.1996071339304563,0.2296421165823957,0.3122935253627086,1015.8908380048911,434
51179010206,VA,Stafford,51179,-77.4575355,38.4797055,5495,0.17355158836914658,0.28517556660731525,0.2293635774882309,0.31221816262341257,1715.638803615652,435
24033801410,MD,Prince George's,24033,-77.023794,38.7564194,3416,0.7756384663448437,-0.31735263296055816,0.22914291669214276,0.3121584596862061,1066.33329828808,436
51107610603,VA,Loudoun,51107,-77.5611851,39.1036546,3587,0.06980928467477154,0.38741585040789783,0.2286125675413347,0.3120149661313494,1119.1976835131502,437
24009861003,MD,Calvert,24009,-76.427426,38.3394149,6517,0.6264120577826036,-0.1737178238468059,0.22634711696789883,0.31140201604810885,2029.4069385855255,438
51683910302,VA,Manassas,51683,-77.4676135,38.7400102,6436,-0.030645175657466203,0.4831206224596501,0.22623772340109194,0.31137241805260785,2003.992882586584,439
24031700812,MD,Montgomery,24031,-77.1993066,39.1698064,4669,0.2774162115558453,0.17377803816728923,0.22559712486156724,0.31119909494738124,1452.988574309323,440
51061930204,VA,Fauquier,51061,-77.8966685,38.7915771,3468,1.059060694502721,-0.6080079790691258,0.22552635771679758,0.3111799478833111,1079.1720592593229,441
24033800609,MD,Prince George's,24033,-76.7119581,38.8418527,3655,0.7304676927416781,-0.2836681808473752,0.22339975594715145,0.31060456533159764,1135.2596862869893,442
51061930404,VA,Fauquier,51061,-77.6709596,38.6607113,2758,0.8392509176585897,-0.39564955941823976,0.22180067912017498,0.31017191220479967,855.4541338608375,443
24033807405,MD,Prince George's,24033,-76.928309,39.0383526,6459,-0.026597147547624565,0.46671718989471256,0.220060021173544,0.30970095227930344,2000.358450772021,444
24021750506,MD,Frederick,24021,-77.4637271,39.4140488,4321,0.16487994895882352,0.27459260083673676,0.21973627489778014,0.3096133580898715,1337.8393203063347,445
24031701219,MD,Montgomery,24031,-77.1095765,39.0593842,3879,-0.7760637531335731,1.215429534564064,0.21968289071524544,0.3095989142350763,1200.9341883178608,446
51043010200,VA,Clarke,51043,-78.0625801,39.0765553,3118,0.9785340537127507,-0.5396362588637309,0.2194488974245099,0.3095356040005844,965.1320132738222,447
51510200102,VA,Alexandria,51510,-77.1255106,38.8339909,5043,-0.2503949100237655,0.6830682872905645,0.21633668863339947,0.3086935513599567,1556.7415795082616,448
24017850902,MD,Charles,24017,-76.9254057,38.5956661,5433,0.6338220369957821,-0.2043313737904209,0.2147453316026806,0.3082629869345474,1674.792808015396,449
24033801209,MD,Prince George's,24033,-76.903318,38.7344628,4523,0.7677664024585439,-0.3394321103010387,0.2141671460787526,0.30810655056415126,1393.565928201656,450
24033806800,MD,Prince George's,24033,-76.9129902,38.9895238,4183,-0.040518889412183096,0.46862229459395865,0.2140517025908878,0.30807531567590163,1288.6790454722966,451
24033801901,MD,Prince George's,24033,-76.9269322,38.8083563,5125,0.8376566357625935,-0.41356862267799277,0.21204400654230038,0.30753210476919135,1576.1020369421058,452
24031701422,MD,Montgomery,24031,-76.9437971,39.0829685,2902,-0.31907625477267776,0.7415907123475923,0.21125722878745729,0.30731923078466145,891.8404077370875,453
51683910202,VA,Manassas,51683,-77.4800866,38.7758396,8207,-0.17878144491637699,0.5990314754085535,0.21012501524608826,0.3070128942030711,2519.6548227246044,454
51153900409,VA,Prince William,51153,-77.3235485,38.6282075,5517,-0.13215967479681867,0.5515303696776405,0.2096853474404109,0.30689393578426993,1693.1338437218171,455
51179010502,VA,Stafford,51179,-77.4125747,38.2809373,4226,0.640930094234374,-0.22204115096989757,0.2094444716322382,0.30682876338616005,1296.6583540699123,456
51153901602,VA,Prince William,51153,-77.4982233,38.7964637,8294,-0.18004254038330733,0.5965449195499077,0.2082511895833002,0.30650590384563314,2542.159966495681,457
51059422101,VA,Fairfax,51059,-77.2112298,38.7084014,6872,0.07987180881638772,0.33066811899089044,0.20526996390363908,0.3056992905608702,2100.7655247343,458
51177020408,VA,Spotsylvania,51177,-77.7227009,38.3048517,3100,0.35196765643035577,0.05480756372587254,0.20338761007811415,0.30518999278692066,946.088977639454,459
51187020101,VA,Warren,51187,-78.0989278,38.9237422,4716,0.4666622509580517,-0.06220473064291158,0.20222876015757005,0.30487644935163677,1437.797335142319,460
51059482201,VA,Fairfax,51059,-77.34107,38.9591868,2481,-0.13591841985758724,0.5394602428831361,0.20177091151277443,0.304752571846548,756.0911307512856,461
24033803607,MD,Prince George's,24033,-76.8352854,38.9655063,3672,0.41429427697292315,-0.01295400136558447,0.20067013780366935,0.3044547417616472,1117.9578117487686,462
24021770700,MD,Frederick,24021,-77.548239,39.475432,3638,0.7717254259715733,-0.37121970325948817,0.2002528613560426,0.30434184164530564,1107.195619905622,463
24033801105,MD,Prince George's,24033,-76.8897501,38.8072697,1367,-1.4732769598134843,1.8710243163642761,0.19887367827539593,0.30396868391942145,415.5251909178491,464
51059450602,VA,Fairfax,51059,-77.1976333,38.8632892,4814,-0.3640378981380285,0.7616136998076514,0.19878790083481143,0.3039454756049418,1463.1935195621897,465
51153901228,VA,Prince William,51153,-77.3642237,38.6397935,6336,0.11944732923403403,0.27579162105760224,0.19761947514581812,0.30362934130842406,1923.7955065301749,466
24033800211,MD,Prince George's,24033,-76.8420634,39.0771053,3008,0.15827874252576477,0.23617714232493073,0.19722794242534775,0.30352340652599363,912.9984068301889,467
24033803524,MD,Prince George's,24033,-76.8775964,38.9008183,4691,0.30588914568022774,0.08796313341514833,0.19692613954768803,0.303441749437045,1423.445246609178,468
51013102003,VA,Arlington,51013,-77.1066295,38.8720429,4820,-0.16447308006675715,0.5553380257023149,0.1954324728177789,0.3030376165209855,1460.64131163115,469
24031700733,MD,Montgomery,24031,-77.2187548,39.1602123,5480,-0.22129268442300754,0.6105470238941433,0.19462716973556787,0.3028197302439406,1659.4521217367944,470
51047930203,VA,Culpeper,51047,-78.044639,38.476237,6844,0.3035331632855448,0.08547532919682549,0.19450424624118515,0.30278647153284904,2072.270611170819,471
51107611701,VA,Loudoun,51107,-77.405117,38.9907295,4797,0.05146779603016038,0.33440068184837307,0.19293423893926673,0.3023616835821944,1450.4289961437864,472
51013103401,VA,Arlington,51013,-77.0791393,38.877879,923,-1.7897537938036323,2.1719016692225774,0.19107393770947256,0.30185835245370923,278.6152593147736,473
24033801408,MD,Prince George's,24033,-76.9634017,38.7998494,3329,0.46995996789772554,-0.08795766912391917,0.19100114938690319,0.30183865853105163,1004.8208942498709,474
24033803601,MD,Prince George's,24033,-76.8471941,38.9398413,3663,0.6809059697912239,-0.30273081367893073,0.18908757805614657,0.30132091441417375,1103.7385094991184,475
11001004703,DC,District of Columbia,11001,-77.0170713,38.9034762,3331,-0.5575760323636748,0.9345397653238319,0.18848186648007853,0.30115703047632747,1003.1540685166468,476
24031700729,MD,Montgomery,24031,-77.1725951,39.1562999,2579,-0.12077009832478343,0.4923349451418502,0.1857824234085334,0.30042665750999203,774.8003497182694,477
24031700811,MD,Montgomery,24031,-77.1938227,39.1817227,5010,-0.06618685690985636,0.436962062477322,0.1853876027837328,0.30031983313797783,1504.6023640212688,478
24021751203,MD,Frederick,24021,-77.4725942,39.4461141,2424,1.0128206978373535,-0.6429283319265573,0.1849461829553981,0.30020040068436593,727.6857712589031,479
51630000301,VA,Fredericksburg,51630,-77.4746206,38.3025674,1725,-1.4438354102869928,1.8135628321733803,0.18486371094319376,0.3001780867008527,517.807199558971,480
51153901012,VA,Prince William,51153,-77.3236699,38.5975118,3721,1.2427766811582592,-0.8865019891656225,0.17813734599631836,0.2983581723745645,1110.1907594057545,481
24031700904,MD,Montgomery,24031,-77.1290436,39.0656133,4141,-0.4572700585649898,0.8116863966959915,0.17720816906550085,0.2981067702544883,1234.460135623836,482
24031700726,MD,Montgomery,24031,-77.185443,39.1489719,3149,-0.46166696545106073,0.8149499955714558,0.1766415150601975,0.2979534539015331,938.2554263359277,483
24031701201,MD,Montgomery,24031,-77.0957459,39.0498578,6144,-0.1051778202468395,0.45820846911277546,0.17651532443296797,0.29791931122087995,1830.4162481410863,484
51107611502,VA,Loudoun,51107,-77.4032175,39.0156284,6550,-0.07809153195788082,0.42877592316943997,0.17534219560577957,0.2976019044229967,1949.2924739706286,485
51510200105,VA,Alexandria,51510,-77.1134622,38.8327537,4065,-0.0011083870559752693,0.34465866815741814,0.17177514055072143,0.2966367866143987,1205.8285375875307,486
51177020114,VA,Spotsylvania,51177,-77.5696964,38.2637291,5913,0.37162667654258014,-0.03271136420308793,0.16945765616974612,0.29600975803964885,1750.3056992884437,487
11001009902,DC,District of Columbia,11001,-76.9445542,38.8717861,2774,0.6940731841584002,-0.35780246161263196,0.16813536127288414,0.29565199222625893,820.1386264356423,488
51153901013,VA,Prince William,51153,-77.3277781,38.5735915,3494,-0.20382279214993576,0.5371139825518861,0.1666455952009752,0.29524891468906034,1031.5997079235767,489
51683910100,VA,Manassas,51683,-77.4893659,38.7602791,4656,0.23366238556891153,0.09925201749651301,0.16645720153271226,0.2951979420852005,1374.4416183486935,490
51107611204,VA,Loudoun,51107,-77.3725977,39.0390863,5768,-0.08181772173699083,0.41366630158506185,0.16592428992403552,0.2950537552206851,1701.8700601129117,491
24009860801,MD,Calvert,24009,-76.53816,38.4464607,7092,0.6324237214290906,-0.30119336844245825,0.1656151764933162,0.2949701201569535,2091.9280921531144,492
51510200500,VA,Alexandria,51510,-77.1078315,38.8154618,4650,-0.2472110656433639,0.5779265098454818,0.16535772210105892,0.29490046218559224,1371.287149163004,493
51153901230,VA,Prince William,51153,-77.389239,38.6634529,4419,0.19180324170375887,0.13832004595377934,0.1650616438287691,0.2948203539705759,1302.8111441959747,494
11001010300,DC,District of Columbia,11001,-77.0271875,38.9761556,3604,0.07567695089005644,0.25139904133369595,0.1635379961118762,0.2944081092693011,1061.0468258065612,495
24033806708,MD,Prince George's,24033,-76.8791652,39.0029852,4248,0.573496262127371,-0.24662623036927092,0.16343501587905007,0.2943802464931174,1250.5272871027628,496
51153901304,VA,Prince William,51153,-77.4819401,38.7039294,2789,0.3616443266535177,-0.03577538141305858,0.16293447262022956,0.29424481734901814,820.6487955864116,497
24031701423,MD,Montgomery,24031,-76.9382912,39.0864582,5118,0.15979376718676752,0.16533808266444114,0.16256592492560434,0.2941451014943677,1505.4346294481738,498
51059452102,VA,Fairfax,51059,-77.1961058,38.8184488,3354,0.3402536186474566,-0.01901873334967389,0.16061744264889136,0.29361791172130075,984.7944759132428,499
51179010301,VA,Stafford,51179,-77.5721534,38.4539457,4690,0.48190931040890983,-0.16467850566374606,0.15861540237258187,0.29307623106474434,1374.527523693651,500
11001008802,DC,District of Columbia,11001,-76.9866786,38.9039498,4360,-0.1554156811094197,0.4707289206916182,0.15765661979109924,0.2928168187120669,1276.6813295846116,501
24031703220,MD,Montgomery,24031,-77.0511748,39.0960373,5055,0.5702004710158118,-0.25711851187080387,0.15654097957250399,0.292514966280205,1478.6631545464363,502
51153901504,VA,Prince William,51153,-77.5879954,38.8102603,4713,1.8868835331448208,-1.5755791996818707,0.15565216673147508,0.29227448524244504,1377.4896489476434,503
51047930104,VA,Culpeper,51047,-77.9218097,38.5889117,3207,0.6663978362680079,-0.3565039828676454,0.15494692670018123,0.29208367245625805,936.7123375672196,504
24021752201,MD,Frederick,24021,-77.3971148,39.2908367,2399,0.7071372826199502,-0.3974905927443413,0.15482334493780447,0.2920502356413374,700.6285153035685,505
24009861100,MD,Calvert,24009,-76.4736433,38.4588399,5914,0.6545799474073543,-0.34559272238687944,0.1544936125102374,0.29196102181284156,1726.657483001145,506
51043010300,VA,Clarke,51043,-77.9404684,39.0705762,2900,0.7726225913967135,-0.4675556064302684,0.15253349248322257,0.2914306832798326,845.1489815115146,507
51061930206,VA,Fauquier,51061,-77.8194688,38.6476043,2220,0.8513426422966411,-0.547502815928326,0.1519199131841576,0.29126467061690076,646.6075687695197,508
24031701424,MD,Montgomery,24031,-76.9538478,39.0651575,3464,0.4235959120634547,-0.1311029944802381,0.1462464587916083,0.2897296363138127,1003.6234601910472,509
51179010406,VA,Stafford,51179,-77.4335641,38.3051765,3216,0.3211633486759737,-0.03077574569783075,0.14519380148907146,0.28944482481150957,930.8545565938148,510
24009860600,MD,Calvert,24009,-76.6355421,38.6160327,7126,0.7254906002390479,-0.4358526098407347,0.14481899519915659,0.28934341560430976,2061.8611795963116,511
51059416000,VA,Fairfax,51059,-77.1052972,38.7234341,5569,0.29685135366004894,-0.0104920556476801,0.14317964900618443,0.2888998670240738,1608.883359457067,512
24033807408,MD,Prince George's,24033,-76.8891889,39.0394986,5930,0.43381991509733503,-0.147863290861665,0.14297831211783502,0.28884539244673346,1712.8531772091294,513
51510201802,VA,Alexandria,51510,-77.0424767,38.8074142,2084,0.9753479707378422,-0.6925236921269229,0.14141213930545965,0.2884216419721166,601.0707018698911,514
24033800402,MD,Prince George's,24033,-76.7438263,38.9837933,5205,0.5042079260845262,-0.22532414684280708,0.13944188962085957,0.2878885627152389,1498.4599689328184,515
51179010205,VA,Stafford,51179,-77.4916174,38.4660558,6821,0.22084434137192857,0.05707454037224085,0.1389594408720847,0.2877580292998608,1962.7975178543504,516
51059452000,VA,Fairfax,51059,-77.1741137,38.8340559,3061,0.7613706959927419,-0.4896516075245704,0.13585954423408575,0.28691930788850956,878.2600014467278,517
24017851502,MD,Charles,24017,-76.9687207,38.6012971,5540,0.4405866795551281,-0.17086684964745977,0.13485991495383415,0.28664884387674755,1588.0345950771814,518
51153901014,VA,Prince William,51153,-77.3919514,38.5879276,3977,0.24378514338565235,0.025356051836658455,0.13457059761115542,0.2865705649280222,1139.6911367187442,519
24031703301,MD,Montgomery,24031,-77.0936023,39.0700877,5064,-0.2559379470225237,0.5245108843195702,0.13428646864852323,0.2864936897697916,1450.8040449942248,520
51107611501,VA,Loudoun,51107,-77.4135613,39.0310742,4242,-0.7151466907880604,0.9814547795614738,0.1331540443867067,0.2861872961747677,1214.0065103733646,521
51059422000,VA,Fairfax,51059,-77.1937315,38.7241216,3979,0.7679817477011714,-0.504520049488638,0.1317308491062667,0.2858022303181817,1137.2070744360449,522
24017851100,MD,Charles,24017,-76.9740673,38.4594916,2849,0.790814332037997,-0.527352943601855,0.131730694218071,0.28580218841096305,814.2504347828337,523
51177020104,VA,Spotsylvania,51177,-77.6620008,38.2898382,4945,0.49093061474889144,-0.2307525603681967,0.13008902719034737,0.2853580118956616,1411.0953688240468,524
24017850802,MD,Charles,24017,-76.8560416,38.6195583,5937,0.3287702951299176,-0.07560826604475117,0.12658101454258322,0.28440886885556654,1688.5354543954986,525
51061930203,VA,Fauquier,51061,-77.9881263,38.885797,2703,0.9864658971949413,-0.7351974303518575,0.1256342334215419,0.284152703669816,768.0647580195126,526
24031700902,MD,Montgomery,24031,-77.1442283,39.0896147,3816,-0.06498784219957604,0.315672452963831,0.12534230538212748,0.2840737183597159,1084.0253092606758,527
24033801003,MD,Prince George's,24033,-76.8631539,38.6794572,6009,0.36208584842677943,-0.113349110200415,0.12436836911318222,0.283810205959966,1705.4155276134356,528
24033800108,MD,Prince George's,24033,-76.8603976,39.0957097,4351,-0.07926663809464736,0.3229921685110985,0.12186276520822559,0.2831322789550162,1231.9085457332756,529
51177020206,VA,Spotsylvania,51177,-77.4616442,38.1927237,4570,0.2511727481560469,-0.009387995465849501,0.1208923763450987,0.28286972635669255,1292.714649450085,530
24031700813,MD,Montgomery,24031,-77.2135046,39.1729704,6353,-0.008561085922672702,0.24961651084660647,0.12052771246196688,0.28277106132283947,1796.4445525839992,531
24033803513,MD,Prince George's,24033,-76.8264489,38.8866395,4894,0.4638641813090647,-0.22446824990702594,0.11969796570101938,0.28254656145859397,1382.7828717783589,532
51510200302,VA,Alexandria,51510,-77.1174125,38.8195648,4452,-0.029949510342256336,0.26755198815780945,0.11880123890777655,0.28230393918777186,1256.8171372639604,533
11001005004,DC,District of Columbia,11001,-77.0283862,38.907252,3861,-0.5599819619404289,0.7949878191192641,0.11750292858941758,0.28195266274544223,1088.6192308601524,534
24033803527,MD,Prince George's,24033,-76.8189558,38.8973278,3043,0.7182829403874933,-0.4885264748297104,0.11487823277889145,0.2812425137206047,855.8209692518002,535
51685920202,VA,Manassas Park,51685,-77.4318584,38.7648316,7210,-0.11179867004192023,0.33803347061410294,0.11311740028609135,0.28076609528283775,2024.3235469892602,536
51153901203,VA,Prince William,51153,-77.3343473,38.6527058,4013,0.04796050419144615,0.17533357066369507,0.11164703742757061,0.28036826756278416,1125.117857729453,537
51177020312,VA,Spotsylvania,51177,-77.5204034,38.2225933,6724,0.7061227160979069,-0.4844462427083777,0.11083823669476459,0.2801494349463009,1883.7248005789272,538
51153901305,VA,Prince William,51153,-77.5495714,38.6691098,3642,0.453729654773203,-0.23657983191020562,0.10857491143149868,0.27953705989615124,1018.0739721417829,539
24031703902,MD,Montgomery,24031,-77.0397148,39.0322535,7469,-0.09108194342009296,0.3064983538937194,0.10770820523681321,0.2793025601280226,2086.110821596201,540
51043010102,VA,Clarke,51043,-77.9811063,39.1717811,4170,0.914281519302508,-0.6991822576574585,0.10754963082252478,0.27925965555019705,1164.5127636443217,541
51510200408,VA,Alexandria,51510,-77.1359476,38.8051567,2713,-0.5970055558008858,0.809999693754171,0.10649706897664263,0.2789748698750584,756.8588219710334,542
24033801411,MD,Prince George's,24033,-77.001109,38.7700808,3359,0.5065750677133296,-0.298260921822615,0.10415707294535731,0.2783417504510563,934.9499397650981,543
24033805908,MD,Prince George's,24033,-76.9551963,38.9710564,3492,-0.6332766112594673,0.8408058165380845,0.10376460263930859,0.27823556199142585,971.5985824740591,544
24031701417,MD,Montgomery,24031,-76.9381795,39.0769598,6168,-0.1314278582323465,0.33776963072050875,0.10317088624408112,0.2780749235214706,1715.1661282804307,545
51059451502,VA,Fairfax,51059,-77.1269418,38.8533565,4924,0.24570208889074915,-0.03939032270494949,0.10315588309289983,0.27807086420414395,1369.2209353412047,546
11001003200,DC,District of Columbia,11001,-77.0211591,38.9322375,5099,-0.5381480061620033,0.7417570230530696,0.10180450844553313,0.27770523044796963,1416.018970054197,547
51510201205,VA,Alexandria,51510,-77.0592287,38.8412597,2568,-0.6729969818641888,0.8723365245895096,0.09966977136266042,0.27712764677080337,711.663796907423,548
24009860404,MD,Calvert,24009,-76.5615839,38.7080371,6567,0.4654718123885349,-0.2743053857152107,0.09558321333666212,0.2760219699965782,1812.636276967529,549
51061930405,VA,Fauquier,51061,-77.7754716,38.7179146,4932,0.29364789701258526,-0.10496887976456637,0.09433950862400944,0.27568546788256787,1359.6807275968247,550
51177020105,VA,Spotsylvania,51177,-77.6612739,38.3438836,2434,0.6057727931503443,-0.4182787127435524,0.09374704020339594,0.27552516707000957,670.6282566484033,551
11001008803,DC,District of Columbia,11001,-76.9913622,38.9104603,4036,-1.029426681794937,1.214948444548008,0.0927608813765356,0.2752583476822461,1110.9426912455453,552
24033802002,MD,Prince George's,24033,-76.914964,38.8478842,3714,0.47958762307717645,-0.2958642574920225,0.09186168279257698,0.2750150566330614,1021.4059203351901,553
24017851302,MD,Charles,24017,-76.8591522,38.5203189,4407,0.5516850879786114,-0.3690173841390125,0.09133385191979942,0.27487224443437586,1211.3619812222944,554
51177020107,VA,Spotsylvania,51177,-77.506705,38.2730339,2340,0.28801464160529894,-0.10900247747981526,0.08950608206274184,0.2743777151344808,642.043853414685,555
24021751001,MD,Frederick,24021,-77.4408029,39.3798137,2076,-0.014589597036400125,0.19301572281511,0.08921306288935495,0.27429843460246456,569.4435502347164,556
51107610900,VA,Loudoun,51107,-77.6799069,38.9857195,2404,0.8834047041233188,-0.7050247063763252,0.08918999887349682,0.2742921943028059,659.3984351039453,557
24031700204,MD,Montgomery,24031,-77.2187401,39.3075065,2103,0.34373919205587344,-0.16569501611656043,0.08902208796965651,0.27424676360407746,576.7409438593749,558
11001003000,DC,District of Columbia,11001,-77.0299525,38.9288689,3561,-0.6568946954972974,0.8344385689269624,0.08877193671483252,0.27417908160109533,976.3517095815005,559
51179010218,VA,Stafford,51179,-77.448635,38.4093294,4638,-0.2637540567718425,0.4401554473245528,0.08820069527635516,0.27402452405242456,1270.925742555145,560
51153901221,VA,Prince William,51153,-77.3154418,38.6920592,5646,0.12029487222270094,0.0530526318381673,0.08667375203043412,0.2736113876985947,1544.8098949462658,561
24021752502,MD,Frederick,24021,-77.5454082,39.3247563,2362,0.7240126287235308,-0.5537660511615556,0.08512328878098757,0.2731918876711153,645.2792386791743,562
24031700730,MD,Montgomery,24031,-77.1763166,39.1602733,5343,0.025321870913528433,0.14486586745616564,0.08509386918484704,0.2731839277782292,1459.6217261190786,563
51153901508,VA,Prince William,51153,-77.6532602,38.8005563,6034,-0.16968945569302538,0.3388201666055428,0.08456535545625872,0.2730409308231287,1647.5289765867585,564
24031700207,MD,Montgomery,24031,-77.2179052,39.2710465,5804,-0.07526242046338256,0.2402438947469909,0.08249073714180416,0.272479613139376,1581.4716746609383,565
24017851402,MD,Charles,24017,-76.7237164,38.531775,3445,0.575912266227284,-0.4120792181843035,0.08191652402149024,0.2723242515596438,938.1570466229729,566
24017851001,MD,Charles,24017,-76.9997715,38.5327926,3507,0.7239549279961419,-0.5620609985511079,0.080946964722517,0.2720619234117774,954.1211654051033,567
24033801208,MD,Prince George's,24033,-76.8905647,38.7471805,4433,0.5451241340136701,-0.38372379054503625,0.08070017173431693,0.27199515003590496,1205.7545001091667,568
51153901015,VA,Prince William,51153,-77.3147366,38.5841196,3726,-0.23861200809659236,0.39942971631458796,0.0804088541089978,0.2719163298820766,1013.1602451406173,569
51179010308,VA,Stafford,51179,-77.5945671,38.3850509,2618,0.32226147337655353,-0.1617089141946339,0.08027627959095981,0.2718804599483778,711.7830441448531,570
51179010403,VA,Stafford,51179,-77.4316504,38.3593183,3815,0.1947948218708526,-0.037975251152506107,0.07840978535917324,0.2713754532145489,1035.2973540135042,571
24033800106,MD,Prince George's,24033,-76.8795704,39.0953558,3161,0.13831164241989688,0.017891031938364138,0.07810133717913051,0.27129199814391114,857.554006132903,572
24021752302,MD,Frederick,24021,-77.4542163,39.3037786,4274,0.581332375136179,-0.4267273105389295,0.07730253229862474,0.27107587004836126,1158.578268586696,573
24031702302,MD,Montgomery,24031,-77.0189819,39.0094941,4434,0.1865461266568345,-0.03524992778848953,0.07564809943417249,0.2706282395531861,1199.965614178827,574
24031701800,MD,Montgomery,24031,-77.0121085,38.9824111,4869,0.5238166023384262,-0.37596914263384845,0.07392372985228887,0.27016168667794505,1315.4172524349144,575
24033800515,MD,Prince George's,24033,-76.7452951,38.9456938,4336,0.45456996586467,-0.3088637638140478,0.07285310102531112,0.2698720127224367,1170.1650471644857,576
51107611300,VA,Loudoun,51107,-77.3859529,39.0114479,6349,-0.31261039388776224,0.4574825385996751,0.07243607235595642,0.2697591796460536,1712.7010315727944,577
24031703402,MD,Montgomery,24031,-77.0690635,39.0695576,4035,-0.27969758156089636,0.4238015580506815,0.07205198824489256,0.2696552601915272,1088.0589748728123,578
24031701101,MD,Montgomery,24031,-77.1194308,39.0801609,4705,-0.11999678460260386,0.26346837449309646,0.07173579494524629,0.26956970956790693,1268.325483517002,579
24033800504,MD,Prince George's,24033,-76.7177355,38.9689221,4720,0.4933751077606087,-0.350798634253009,0.07128823675379986,0.2694486162922828,1271.7974688995748,580
24033801312,MD,Prince George's,24033,-76.9768917,38.7183053,3940,0.5696456860976921,-0.42975780726141743,0.06994393941813731,0.26908489740410385,1060.1944957721691,581
51059430600,VA,Fairfax,51059,-77.18676,38.7874596,7152,-0.4667805767040319,0.605072579049718,0.06914600117284306,0.2688690037891166,1922.9511150997619,582
24009860300,MD,Calvert,24009,-76.5793751,38.6629535,4291,0.6321711884762818,-0.4950093880748933,0.06858090020069427,0.26871610763151355,1153.0608178468246,583
51177020203,VA,Spotsylvania,51177,-77.4600551,38.2337139,5067,0.1481414498807498,-0.013083011800283968,0.06752921904023292,0.26843156023842274,1360.142715728088,584
51510200802,VA,Alexandria,51510,-77.0785167,38.8091228,2991,-0.04982456820508279,0.1844031867452309,0.06728930927007405,0.26836664921572667,802.6846478042385,585
51059480901,VA,Fairfax,51059,-77.397781,38.967678,6969,-0.3379553443777928,0.4714016767136915,0.06672316616794935,0.26821347109494026,1869.1796800606387,586
24021752602,MD,Frederick,24021,-77.5184053,39.4106761,2729,0.722502836294944,-0.5910069123297537,0.0657479619825952,0.2679496156422553,731.2345010877146,587
51510201100,VA,Alexandria,51510,-77.0724866,38.8364121,3388,0.20233682126278305,-0.07280430537762712,0.06476625794257795,0.2676840015608438,906.9133972881389,588
51059480801,VA,Fairfax,51059,-77.3858773,38.9776181,5388,-0.18066482589391872,0.3085491894599869,0.06394218178303408,0.2674610359589844,1441.080061747008,589
51179010212,VA,Stafford,51179,-77.42756,38.4667512,4675,0.03914808837500981,0.08690897413916275,0.06302853125708628,0.2672138347300107,1249.2246773628,590
24033800511,MD,Prince George's,24033,-76.729449,38.9112952,5222,0.416945083167813,-0.2932167527051907,0.061864165231311136,0.26689879883349193,1393.745527508495,591
51059491201,VA,Fairfax,51059,-77.4481326,38.8418714,6558,-0.42977877325907693,0.5526371627383274,0.06142919473962524,0.2667811113402346,1749.5505281692583,592
24033801005,MD,Prince George's,24033,-76.835778,38.7565957,4217,0.48839823226208073,-0.3667126702180592,0.06084278102201077,0.26662244871424756,1124.346866227982,593
51059491103,VA,Fairfax,51059,-77.4613994,38.8395675,6548,-0.3784229225263072,0.49970082160154017,0.06063894953761648,0.26656729918823646,1745.4826750845723,594
24031701702,MD,Montgomery,24031,-77.0027324,38.9896313,2274,-0.12520630586338488,0.2397635475759616,0.05727862085628836,0.2656581141594005,604.1065515984767,595
24033801302,MD,Prince George's,24033,-77.0360274,38.6741134,2852,0.5587677595468985,-0.4448399855105421,0.0569638870181782,0.2655729584139915,757.4140773967036,596
24033801407,MD,Prince George's,24033,-76.949994,38.792036,6575,0.47378918755767824,-0.36075023822683333,0.05651947466542245,0.2654527162900587,1745.3516096071357,597
24009860402,MD,Calvert,24009,-76.5420675,38.6689117,3958,0.39881094348639134,-0.28579768465814204,0.056506629414124654,0.2654492408234364,1050.6480951791614,598
24031701102,MD,Montgomery,24031,-77.1243447,39.0723414,6167,-0.33095605793562605,0.4420754491327923,0.05555969559858312,0.265193034324003,1635.4454426761265,599
51153901233,VA,Prince William,51153,-77.4247245,38.6801187,7347,0.41996096412521344,-0.30895687171132,0.05550204620694671,0.2651774364558276,1948.2586256409652,600
51061930102,VA,Fauquier,51061,-77.7615866,38.8867425,2744,0.7939648096625308,-0.6837991706245643,0.05508281951898325,0.26506400867404456,727.3356398015783,601
24031702700,MD,Montgomery,24031,-77.0552841,38.9992707,7380,0.1292147566100165,-0.02313844791170154,0.05303815434915748,0.2645107952423593,1952.0896688886119,602
24031701701,MD,Montgomery,24031,-77.0074384,38.9767741,3524,0.4497633716928339,-0.3444083268418155,0.052677522425509216,0.26441322111286325,931.7921912017301,603
11001009507,DC,District of Columbia,11001,-76.9977787,38.9584945,1525,0.2655357984949162,-0.16219057794471395,0.05167261027510113,0.26414132774495463,402.8155248110558,604
24017851403,MD,Charles,24017,-76.808432,38.5955599,1847,0.7755154271271956,-0.6736942884603647,0.05091056933341542,0.2639351466593392,487.4882158797995,605
24009860502,MD,Calvert,24009,-76.5203131,38.579279,2843,0.6533735173417513,-0.5520718991903855,0.05065080907568292,0.26386486480306454,750.1678106351125,606
24021751906,MD,Frederick,24021,-77.2967749,39.4012357,2521,0.5057694201240405,-0.4074329948919106,0.04916821261606494,0.2634637271071064,664.1920560370153,607
51177020315,VA,Spotsylvania,51177,-77.5438756,38.1914448,593,0.6872596572272855,-0.5935861555784453,0.046836750824420126,0.2628329167438092,155.85991962907886,608
51177020316,VA,Spotsylvania,51177,-77.5846322,38.2231828,5003,0.30523148388329285,-0.2118332292806271,0.04669912730133288,0.26279568072951637,1314.7667906897705,609
24031703100,MD,Montgomery,24031,-77.0220358,39.0264084,4481,0.2010917316230082,-0.10812657100318057,0.04648258030991381,0.2627370908410535,1177.3249040587607,610
24033800203,MD,Prince George's,24033,-76.899811,39.1017126,4883,0.4214011098686248,-0.3292037335752972,0.04609868814666379,0.26263322332075595,1282.4380294752514,611
51107610506,VA,Loudoun,51107,-77.5260435,39.0894872,5646,-0.31594279405054104,0.40710942284217155,0.045583314395815255,0.26249378157473563,1482.0398907709573,612
24033801404,MD,Prince George's,24033,-77.0222938,38.7909435,6585,0.25325286013344156,-0.1649081351037539,0.04417236251484383,0.26211202834514374,1726.0077066527715,613
51153901229,VA,Prince William,51153,-77.3839385,38.6498882,3983,-0.03341651233110052,0.11949990591359604,0.04304169679124776,0.26180611054780933,1042.7737383119245,614
51059482206,VA,Fairfax,51059,-77.3478597,38.9667029,1154,0.99370737307145,-0.9080088035817925,0.04284928474482874,0.2617540507142151,302.0641745242042,615
24033801313,MD,Prince George's,24033,-76.9832014,38.745892,3229,0.5173383845528738,-0.4368744431641706,0.04023197069435161,0.2610458989302309,842.9172076457155,616
24009860901,MD,Calvert,24009,-76.4536627,38.3502934,4739,1.1440494614245098,-1.0652831309784225,0.03938316522304364,0.26081624245906626,1236.008173013515,617
51059452501,VA,Fairfax,51059,-77.170137,38.8091897,3912,0.09382361282561687,-0.019001580644817297,0.03741101609039978,0.26028264927932915,1018.2257239807357,618
24009860403,MD,Calvert,24009,-76.5544036,38.6894562,3456,0.18142536181310723,-0.11500656599723334,0.03320939790793694,0.2591458413326522,895.6080276456461,619
24033800521,MD,Prince George's,24033,-76.7802285,38.889193,7885,0.8726550763024851,-0.8062827494193566,0.03318616344156422,0.2591395549151668,2043.3153905060904,620
24031701425,MD,Montgomery,24031,-76.9597374,39.0504895,3717,1.0024950733230673,-0.937436978282749,0.03252904752015917,0.25896176279582117,962.5608723120673,621
24033803526,MD,Prince George's,24033,-76.8055873,38.8844633,3496,0.6517826561828913,-0.5875124316234088,0.03213511227974125,0.25885517797722624,904.9577022083829,622
24021751802,MD,Frederick,24021,-77.1883485,39.4201331,3823,0.5600834496829802,-0.49628230808529433,0.031900570798842925,0.2587917194220382,989.3607433504521,623
51153900702,VA,Prince William,51153,-77.2636848,38.6182696,8133,-0.29881647693972285,0.3617369301384514,0.03146022659936426,0.2586725779952113,2103.784076835054,624
51179010108,VA,Stafford,51179,-77.3783942,38.4821465,6426,0.09621561560842778,-0.0347476567435035,0.030733979432462144,0.2584760814277622,1660.9672992547999,625
24017850713,MD,Charles,24017,-76.9892567,38.6280827,9599,0.15951584251029208,-0.10645595816452515,0.026529942172883465,0.2573386189651418,2470.193403446396,626
24033800704,MD,Prince George's,24033,-76.7828533,38.7781062,5406,0.40916304144225946,-0.3589318204909287,0.02511561047566538,0.2569559512778813,1389.1038726082263,627
24021752802,MD,Frederick,24021,-77.5802262,39.5384807,3654,0.4557722979834838,-0.4094270228123408,0.023172637585571504,0.25643025214823273,936.9961413496424,628
51107610702,VA,Loudoun,51107,-77.6972893,39.1319347,6207,0.06254740654874484,-0.016436724280057227,0.023055341134343807,0.2563985159142195,1591.4655882795605,629
51153901416,VA,Prince William,51153,-77.542824,38.7240552,4984,-0.13894920422146348,0.18499402839388562,0.023022412086211072,0.2563896064888581,1277.8457987404688,630
51153901306,VA,Prince William,51153,-77.4659808,38.6721551,5777,0.5102981830003146,-0.4666298610269293,0.021834160986692636,0.25606810814371617,1479.3054607462484,631
51153900701,VA,Prince William,51153,-77.2768035,38.6208833,7608,-0.37414174250688054,0.41517980783617076,0.02051903266464511,0.2557122813497339,1945.4590365087754,632
11001002302,DC,District of Columbia,11001,-77.0095843,38.934127,1762,0.7995548826891727,-0.7594656335097145,0.02004462458972911,0.2555839234537729,450.3388731255478,633
24021775302,MD,Frederick,24021,-77.623296,39.3408448,5722,0.21395911164415082,-0.17477589756624742,0.0195916070389517,0.25546135307032936,1461.7498622684245,634
51153900410,VA,Prince William,51153,-77.3046167,38.6195144,5663,-0.21823357970181956,0.2566770901847524,0.01922175524146641,0.2553612843719814,1446.1109533985307,635
51059450800,VA,Fairfax,51059,-77.1942345,38.8411784,3483,0.05768408317922918,-0.020239006428726773,0.018722538375251202,0.25522621410238927,888.9529037186219,636
24021750200,MD,Frederick,24021,-77.4090222,39.4157363,1686,0.31915233231142165,-0.2828084058835466,0.01817196321393752,0.255077248110849,430.06024031489136,637
24021752001,MD,Frederick,24021,-77.1772797,39.3816577,4815,0.21171317757578142,-0.1787660316784963,0.01647357294864256,0.2546177243116126,1225.9843425604147,638
24031700614,MD,Montgomery,24031,-77.2653454,39.1532437,5624,-0.16744120223446118,0.19956489721405096,0.01606184748979489,0.25450632609474916,1431.3435779568692,639
11001009000,DC,District of Columbia,11001,-76.9545101,38.9226934,4676,0.6245444497609808,-0.5927534991037109,0.015895475328634945,0.25446131172488046,1189.8610936255411,640
24021740200,MD,Frederick,24021,-77.3629588,39.4923785,5027,0.4430482968709119,-0.4177863245085742,0.01263098618116884,0.2535780574539023,1274.7368948207668,641
51059440503,VA,Fairfax,51059,-77.307044,38.830907,6817,-1.6425781523319278,1.6675564288077827,0.01248913823792741,0.2535396784622629,1728.379988077246,642
24033804700,MD,Prince George's,24033,-76.9626213,38.9398245,3537,-0.06734799900284766,0.09220111605587561,0.012426558526513976,0.25352274662549285,896.7099548143682,643
24017850708,MD,Charles,24017,-76.9353838,38.6477177,5281,0.29377548362293804,-0.2694705432090258,0.012152470206956117,0.2534485881069808,1338.4619937929656,644
51013102100,VA,Arlington,51013,-77.1247567,38.8635511,2325,0.639026920747956,-0.6156126664609939,0.011707127143481044,0.25332809416593943,588.9878189358092,645
24017850201,MD,Charles,24017,-77.201418,38.5657919,972,-0.7967214253946728,0.8175439654484669,0.010411270026897013,0.25297748147246835,245.89411199123924,646
24033800607,MD,Prince George's,24033,-76.7754842,38.8552574,6200,0.6638125627746665,-0.6434487986957439,0.010181882039461299,0.2529154172687104,1568.0755870660046,647
24033800105,MD,Prince George's,24033,-76.8746806,39.1059782,4238,0.0063996104647941416,0.005446703445805886,0.005923156955300013,0.2517631582322768,1066.972264588389,648
24031703800,MD,Montgomery,24031,-77.054713,39.03606,4126,-0.4662877026795327,0.47679765046445305,0.005254973892460185,0.2515823717393866,1038.028865796709,649
51013102001,VA,Arlington,51013,-77.1106161,38.8753997,2802,-0.5824303552500235,0.5871142611010419,0.0023419529255092053,0.25079421221601805,702.7253826292825,650
24033801905,MD,Prince George's,24033,-76.9093403,38.8259053,6771,0.15172067582245125,-0.1489515525421667,0.001384561640142279,0.25053517629842154,1696.3736787166122,651
51059420502,VA,Fairfax,51059,-77.0694402,38.7911821,2516,0.2516940308902399,-0.25073423804381617,0.0004798964232118619,0.2502904061734299,629.7306619323497,652
24031700208,MD,Montgomery,24031,-77.1777758,39.2905405,2433,0.10391810264454611,-0.10808814158346623,-0.0020850194694600616,0.24959643146113508,607.2681177449416,653
51153901232,VA,Prince William,51153,-77.4408887,38.7197605,5839,-0.08056445928770088,0.0753078884919547,-0.0026282853978730897,0.24944944308718991,1456.535298186102,654
24033800217,MD,Prince George's,24033,-76.8493195,39.0546111,4776,0.10326705475676677,-0.10942868028819067,-0.0030808127657119475,0.2493270053297575,1190.7857774549218,655
51153900408,VA,Prince William,51153,-77.3366721,38.6270493,4700,-0.01776458553166014,0.009709755675823427,-0.004027414927918356,0.24907088856388157,1170.6331762502434,656
24033800520,MD,Prince George's,24033,-76.722106,38.9394397,2440,0.33705622347691677,-0.34621963989101945,-0.004581708207051338,0.2489209165823393,607.3670364609079,657
51013102301,VA,Arlington,51013,-77.1054262,38.8664141,1734,0.001268169099372506,-0.012072750150240544,-0.005402290525434019,0.24869889628922137,431.2438861655099,658
24033802201,MD,Prince George's,24033,-76.8539783,38.8479982,4215,-0.03696171070825942,0.02302708763127632,-0.0069673115384915486,0.24827545745039828,1046.4810531534288,659
51059491602,VA,Fairfax,51059,-77.4181238,38.8816575,5310,-0.16169928567695868,0.1466084419923922,-0.00754542184228324,0.24811904143188682,1317.512110003319,660
24033807301,MD,Prince George's,24033,-76.9438518,39.0107603,3693,-0.5827343737595015,0.5649039451339908,-0.008915214312755382,0.24774842447001474,914.9349315677645,661
24017850600,MD,Charles,24017,-77.0933062,38.5266341,4546,0.5827191644660545,-0.6011679007967357,-0.009224368165340557,0.24766477846956864,1125.884082922659,662
51153900905,VA,Prince William,51153,-77.3178651,38.5412028,5628,0.14595925699968434,-0.1651204893144518,-0.009580616157383731,0.2475683904755256,1393.314901596258,663
24021752303,MD,Frederick,24021,-77.4977232,39.3099211,3606,0.15829622166598234,-0.17867662407995835,-0.010190201206988006,0.2474034585139642,892.1368714013549,664
51153901234,VA,Prince William,51153,-77.4083755,38.647253,3385,0.38265596658742285,-0.40647429671908786,-0.011909165065832505,0.24693836823447587,835.8863764737008,665
51153901222,VA,Prince William,51153,-77.3053328,38.6995521,2654,-0.08510961758776696,0.059428742156688155,-0.012840437715539402,0.24668639908765322,654.7057031786317,666
51107610601,VA,Loudoun,51107,-77.5952768,39.0965719,7193,0.14134459551092773,-0.1695245503115128,-0.014089977400292539,0.24634831823841175,1771.9834530888957,667
24031701503,MD,Montgomery,24031,-76.9902806,39.0601655,7440,0.3565158381881085,-0.38561443467242307,-0.014549298242157283,0.24622404240933102,1831.9068755254227,668
51107610400,VA,Loudoun,51107,-77.5641223,39.1353356,4695,0.5085184806065407,-0.5419908426282419,-0.016736181010850615,0.24563234997038502,1153.2438831109578,669
51510200301,VA,Alexandria,51510,-77.1164683,38.8260946,3333,-0.4142249953411406,0.3805277293007252,-0.0168486330202077,0.24560192446946957,818.5912142567421,670
51153901417,VA,Prince William,51153,-77.6157075,38.72553,3427,0.20705987488450833,-0.2410122025770873,-0.016976163846289485,0.2455674191788315,841.5595455258555,671
24033800213,MD,Prince George's,24033,-76.8633956,39.0861685,4826,-0.09413959255957692,0.0562752669109366,-0.01893216282432016,0.24503819565461923,1182.5543322291924,672
51059421900,VA,Fairfax,51059,-77.1530607,38.7275332,2916,-1.0645033379993987,1.025477603745365,-0.01951286712701683,0.24488107779257018,714.0732228431347,673
51510200108,VA,Alexandria,51510,-77.1385626,38.8173144,1667,-0.01851990988778831,-0.02127702513201833,-0.019898467509903317,0.2447767480889963,408.0428390643568,674
24031701408,MD,Montgomery,24031,-76.9696305,39.1262319,6706,0.24541157622540674,-0.2854795578031506,-0.020033990788871928,0.24474008032581537,1641.2269786649179,675
51059490104,VA,Fairfax,51059,-77.463638,38.9019912,3504,-0.27688140760652247,0.2362946500729707,-0.02029337876677588,0.24466989919517756,857.3233267799022,676
11001001901,DC,District of Columbia,11001,-77.0236327,38.9646853,4206,0.01077317273206092,-0.05542425571177925,-0.022325541489859164,0.2441200684794347,1026.7690080245025,677
24033801215,MD,Prince George's,24033,-76.8483924,38.7650152,2860,0.3115746904330511,-0.3580743367832205,-0.0232498231750847,0.2438699908381302,697.4681737970524,678
51059420600,VA,Fairfax,51059,-77.0806525,38.788465,4911,-0.38785524098012425,0.3410378117218741,-0.023408714629125082,0.24382700048066128,1197.4343993605276,679
51107611205,VA,Loudoun,51107,-77.3786571,39.0252724,6018,-0.3038677592277949,0.2557705906293127,-0.024048584299241116,0.2436538745814871,1466.3090172313894,680
51059480902,VA,Fairfax,51059,-77.38397,38.9604345,4211,-0.27449936614653364,0.2262509477072342,-0.024124209219649723,0.24363341317667736,1025.9403028869883,681
51013101804,VA,Arlington,51013,-77.0879512,38.8866986,2215,-0.7626875878262037,0.7113046104512384,-0.025691488687482666,0.24320936328058432,538.7087396664942,682
24033800507,MD,Prince George's,24033,-76.7062714,38.9064512,3967,0.2705081849020394,-0.3222699628162234,-0.025880888957092008,0.2431581183263204,964.608255400513,683
11001009503,DC,District of Columbia,11001,-76.9845276,38.9434458,3106,0.46255194427427604,-0.5145355492328667,-0.025991802479295334,0.2431281090851283,755.1559068184085,684
24031701703,MD,Montgomery,24031,-76.9911737,38.9844888,3719,0.015653668210084872,-0.07072481870231312,-0.027535575246114122,0.24271041926350004,902.6400492409566,685
11001009903,DC,District of Columbia,11001,-76.9212121,38.888318,2004,0.03697336387661978,-0.09388470739521915,-0.028455671759299684,0.24246147398040296,485.89279385672756,686
24031700728,MD,Montgomery,24031,-77.1761624,39.1271568,2043,0.010655787380903616,-0.06914378002601214,-0.029243996322554262,0.24224818148471428,494.91303477327125,687
24033803512,MD,Prince George's,24033,-76.8295131,38.8768597,6711,0.4174270650303024,-0.47971436613646556,-0.031143650553081575,0.24173420283853086,1622.2782352493807,688
51107611002,VA,Loudoun,51107,-77.4557941,39.0642268,4736,-0.49618251548347186,0.43335865892954956,-0.031411928276961154,0.24166161645985998,1144.5094155538968,689
24021751903,MD,Frederick,24021,-77.2391448,39.3607925,6485,0.4396985355523367,-0.503719611909614,-0.032010538178638664,0.2414996539816827,1566.1252560712123,690
24033800401,MD,Prince George's,24033,-76.7251021,38.9947113,2592,0.34985128778036934,-0.41497738185139055,-0.032563047035510606,0.24135016480112767,625.5796271645229,691
24033800705,MD,Prince George's,24033,-76.7865355,38.761088,4236,0.4942415281488132,-0.5600382709852754,-0.03289837141823107,0.2412594379891146,1021.9749793218894,692
51107610800,VA,Loudoun,51107,-77.7905205,39.0477448,6657,0.5819215999833875,-0.6486032627051777,-0.03334083136089505,0.24113972411768142,1605.2671434514052,693
51510200600,VA,Alexandria,51510,-77.0985375,38.8074359,4731,-0.014298275220223448,-0.05271807707452419,-0.033508176147373815,0.24109444659010928,1140.617826817807,694
24033800206,MD,Prince George's,24033,-76.8264852,39.0425507,4272,0.08398431544326639,-0.15117951551507422,-0.03359760003590392,0.24107025167693794,1029.8521151638788,695
24017850706,MD,Charles,24017,-76.9455906,38.6412926,5638,0.20138859403066034,-0.2692677717377924,-0.033939588853566044,0.240977721706648,1358.6323949820815,696
51153901507,VA,Prince William,51153,-77.6226833,38.8023441,2958,-0.3568972972014047,0.28732650512743935,-0.03478539603698266,0.24074887646519375,712.135176584043,697
24031703201,MD,Montgomery,24031,-77.092528,39.080826,7546,-0.03297157628409256,-0.039904071754250765,-0.03643782401917166,0.2403017884196154,1813.3172954144177,698
51153901506,VA,Prince William,51153,-77.6231483,38.8151011,5536,-0.5019685080690482,0.4284699170076636,-0.03674929553069231,0.24021751534336633,1329.844164940876,699
24033803519,MD,Prince George's,24033,-76.8585764,38.8973034,6212,0.08562265589973754,-0.16502913574282738,-0.03970323992154492,0.23941828340183027,1487.2663764921697,700
51059491303,VA,Fairfax,51059,-77.438283,38.8343899,4269,-0.6211191345887888,0.5400948751077456,-0.040512129740521596,0.23919942668180827,1021.1423525046395,701
24033806100,MD,Prince George's,24033,-76.9549813,38.9569825,4574,-0.07047076692897734,-0.010809483028533746,-0.04064012497875555,0.2391647957378142,1093.9397757047623,702
51179010103,VA,Stafford,51179,-77.3928997,38.4589777,5044,-0.019520094132728184,-0.06451285324878045,-0.042016473690754313,0.23879240489094253,1204.468890269914,703
24021751202,MD,Frederick,24021,-77.4463886,39.4525529,6654,0.2880300718045388,-0.38100874627554704,-0.04648933723550411,0.23758220762854101,1580.8720095603119,704
51059451602,VA,Fairfax,51059,-77.1453706,38.8515749,2885,-0.06447307874058249,-0.030846619933719264,-0.047659849337150874,0.2372655088232123,684.5109929549675,705
51107610101,VA,Loudoun,51107,-77.6935906,39.2822227,5055,0.2853104530330519,-0.3812839750262768,-0.04798676099661245,0.23717705819390747,1198.9300291702023,706
51059451800,VA,Fairfax,51059,-77.1438869,38.8325682,3485,0.01755184405319331,-0.11622923561723732,-0.049338695782022005,0.23681127288436715,825.2872860020195,707
24031706012,MD,Montgomery,24031,-77.1523847,39.0301126,3522,0.5112706399427664,-0.611054821759285,-0.0498920909082593,0.23666154391094812,833.5219576543593,708
51153901226,VA,Prince William,51153,-77.368372,38.6710656,6345,-0.16508602395828145,0.06516460275627765,-0.0499607106010019,0.23664297787076533,1501.499694590006,709
51107611101,VA,Loudoun,51107,-77.4323803,39.0638765,4716,-0.1694855467797165,0.0685049743821322,-0.05049028619879215,0.2364996936117513,1115.3325550730192,710
51153901011,VA,Prince William,51153,-77.3253145,38.6127626,6654,0.00898448245683952,-0.10996744555434121,-0.05049148154875084,0.23649937019270817,1573.6668092622801,711
24033803520,MD,Prince George's,24033,-76.821443,38.941721,4351,0.7346350315107631,-0.8365847206124132,-0.050974844550825016,0.23636858941301214,1028.4397325360158,712
11001009504,DC,District of Columbia,11001,-76.9931121,38.9409032,3208,0.3156041848131373,-0.41805756742542177,-0.05122669130614224,0.23630044866810002,758.0518393272648,713
51059452802,VA,Fairfax,51059,-77.1159147,38.8426281,3030,0.5822605535889941,-0.6850569418677451,-0.05139819413937552,0.23625404612145476,715.849759748008,714
24031703209,MD,Montgomery,24031,-77.0339921,39.0389118,6618,-0.15254409206538422,0.04667002867062878,-0.05293703169737772,0.2358376915912208,1560.7738429506994,715
24031700104,MD,Montgomery,24031,-77.17381,39.1893001,5486,-0.012349580235442048,-0.09883979261350134,-0.0555946864244717,0.23511862505968914,1289.8607770774547,716
11001002202,DC,District of Columbia,11001,-77.0118821,38.9479653,3339,-0.42123715182398414,0.30618019718153505,-0.05752847732122454,0.2345954102497819,783.3140748240218,717
24033807102,MD,Prince George's,24033,-76.9265842,38.9740059,2763,-0.365414633059725,0.24889231563748485,-0.05826115871112007,0.23439717281119407,647.6393884773292,718
24033800408,MD,Prince George's,24033,-76.8073698,38.9726945,7307,0.23561880246813682,-0.3527501867647749,-0.058565692148319026,0.2343147769302733,1712.138075029507,719
24031700720,MD,Montgomery,24031,-77.1778676,39.1493064,3150,-0.19276369005198585,0.07455515389301062,-0.05910426807948761,0.23416905750222133,737.6325311319972,720
24021752603,MD,Frederick,24021,-77.5105935,39.4427461,4057,0.29226587457803666,-0.41151930761573596,-0.059626716518849654,0.23402770159794742,949.4503853828727,721
51059492400,VA,Fairfax,51059,-77.2309157,38.7269219,4873,-0.2910155689646119,0.17102483421761389,-0.059995367373499,0.23392795783187564,1139.93093851473,722
24009860501,MD,Calvert,24009,-76.5619789,38.6032383,7145,0.2420305911344397,-0.3623754746314272,-0.06017244174849376,0.23388004782484853,1671.0729417085427,723
24031701414,MD,Montgomery,24031,-76.9660918,39.0726448,7592,0.20291586389383,-0.32387298582497404,-0.06047856096557201,0.23379722288848057,1774.9885161693444,724
51153901016,VA,Prince William,51153,-77.3065775,38.6011606,5440,-0.4325915180270031,0.30328202568835094,-0.06465474616932607,0.23266729619827395,1265.7100913186102,725
24031701426,MD,Montgomery,24031,-76.9207785,39.1131808,5398,-0.08071937576789037,-0.04862076994736062,-0.0646700728576255,0.23266314934334845,1255.915680155395,726
24033801308,MD,Prince George's,24033,-77.0005143,38.7161564,3761,0.4319028398445934,-0.5620453536710524,-0.06507125691322949,0.23255460325403593,874.6378628384291,727
51179010106,VA,Stafford,51179,-77.3640763,38.3790248,3865,0.18488926766728253,-0.3170082684165269,-0.06605950037462219,0.23228721983855763,897.7901046760252,728
24033800413,MD,Prince George's,24033,-76.8288898,38.9864764,4348,0.05848079878260349,-0.190941223619276,-0.06623021241833627,0.2322410312513372,1009.7840038808141,729
24017850709,MD,Charles,24017,-76.9006667,38.644537,7566,-0.06023656006302256,-0.07251363969384823,-0.0663750998784354,0.23220182987490037,1756.8390448334962,730
51059450300,VA,Fairfax,51059,-77.1724644,38.8746771,5620,-0.37173012067267935,0.2326097004726776,-0.06956021010000088,0.23134005270865746,1300.1310962226548,731
24033803528,MD,Prince George's,24033,-76.8159207,38.9122985,7396,0.6248849846370519,-0.7659448745482216,-0.07052994495558484,0.23107767706143686,1709.050499546387,732
24031700310,MD,Montgomery,24031,-77.283306,39.1826275,6962,-0.36623110169918455,0.22375682232985974,-0.0712371396846624,0.23088633540378245,1607.4306670811334,733
51683910402,VA,Manassas,51683,-77.4918386,38.7391458,6112,0.14992828700300517,-0.2962443329942733,-0.07315802299563405,0.23036661292598426,1408.0007382036158,734
24017850905,MD,Charles,24017,-76.885086,38.6020694,4312,0.05457647600213613,-0.20229972820367234,-0.0738616261007681,0.2301762430336029,992.5199599608957,735
51059415500,VA,Fairfax,51059,-77.0703824,38.7407429,6306,0.5130531182756343,-0.6608213798330096,-0.07388413077868766,0.2301701540708306,1451.4529915706578,736
51153901223,VA,Prince William,51153,-77.2946313,38.6895771,6777,-0.004480430441974947,-0.1453926815962894,-0.07493655601913217,0.2298854053562486,1557.9333920992967,737
24031701001,MD,Montgomery,24031,-77.1398562,39.0639542,5503,0.2405636538300066,-0.3919065216084536,-0.07567143388922348,0.22968657362850053,1263.9652146776384,738
51107610102,VA,Loudoun,51107,-77.6086565,39.261068,3866,0.3929743620829729,-0.545703214819688,-0.07636442636835755,0.22949907459287774,887.2434223760654,739
24021752601,MD,Frederick,24021,-77.5181143,39.4567413,4481,0.3141655139281081,-0.4687201199844536,-0.07727730302817276,0.22925208274446435,1027.2785827779448,740
51600300300,VA,Fairfax,51600,-77.2774603,38.8475799,5889,-0.006319571489480139,-0.1547139178036481,-0.08051674464656412,0.22837560544104013,1344.9039404422854,741
51059452400,VA,Fairfax,51059,-77.1981593,38.8054579,7283,-0.23670071808205417,0.07509534852055107,-0.08080268478075156,0.2282982402444178,1662.696083700095,742
24031700706,MD,Montgomery,24031,-77.2356765,39.1538746,4691,-0.514753881079375,0.3468806089200091,-0.08393663607968296,0.22745030485704873,1066.9693800844157,743
51059416300,VA,Fairfax,51059,-77.1567574,38.6432916,2025,0.4862697294101334,-0.6550070473421618,-0.08436865896601417,0.22733341488061595,460.3501651332473,744
24009860103,MD,Calvert,24009,-76.6702766,38.7374016,6290,0.4876973941937617,-0.6681426250183674,-0.09022261541230286,0.22574954316294818,1419.964626494944,745
51059450500,VA,Fairfax,51059,-77.181402,38.8637809,3065,-0.3940396954053736,0.21307624533600178,-0.0904817250346859,0.2256794373453813,691.7074754635936,746
24017851501,MD,Charles,24017,-76.9375292,38.6117566,4630,0.06409428368912873,-0.2459195295587218,-0.09091262293479653,0.225562851750075,1044.3560036028473,747
24033801307,MD,Prince George's,24033,-77.0086623,38.7318678,3755,0.819104338780679,-1.0024964817174369,-0.09169607146837894,0.22535087853401595,846.1925488952298,748
24031700901,MD,Montgomery,24031,-77.1522375,39.0865869,5213,-0.08226713510484483,-0.1092899174836136,-0.09577852629422921,0.2242463119393294,1168.996024139724,749
51059420100,VA,Fairfax,51059,-77.164436,38.7859377,4106,-0.22094323588968123,0.023174890107509907,-0.09888417289108567,0.2234060347942969,917.3051788653831,750
24033800505,MD,Prince George's,24033,-76.7307043,38.9581151,2737,0.16909505346024478,-0.3673844455570194,-0.0991446960483873,0.22333554652462262,611.2693908378922,751
24031700400,MD,Montgomery,24031,-77.3697452,39.2138172,2352,0.39288750368520736,-0.5930733489159372,-0.10009292261536493,0.223078990252782,524.6817850745432,752
11001007903,DC,District of Columbia,11001,-76.9743021,38.8964252,1865,0.014322792910292481,-0.2148875259721762,-0.10028236653094186,0.2230277334894768,415.9467229578742,753
11001002801,DC,District of Columbia,11001,-77.0345166,38.9349477,4398,-0.8455096336141026,0.6421970496050963,-0.10165629200450316,0.22265599828445373,979.2410804550275,754
24033800605,MD,Prince George's,24033,-76.7484697,38.7982387,4867,-0.09823609986080874,-0.10681766517866896,-0.10252688251973885,0.22242044755779505,1082.5203182637886,755
24031700316,MD,Montgomery,24031,-77.2720944,39.2214431,3851,-0.517810896926001,0.3115285363287281,-0.10314118029863645,0.22225424049985926,855.901080164958,756
51013103505,VA,Arlington,51013,-77.0598298,38.8613937,3813,-0.3040787023261696,0.09756228639667845,-0.10325820796474558,0.22222257698950762,847.3346860609926,757
51059415300,VA,Fairfax,51059,-77.0698878,38.7668046,3908,0.15826564757668382,-0.3670636548661218,-0.10439900364471899,0.221913918387462,867.2395930582014,758
24017850710,MD,Charles,24017,-76.9571932,38.6268451,5578,0.19603257936286642,-0.4054164889843271,-0.10469195481073033,0.22183465625581472,1237.3937125949344,759
51179010307,VA,Stafford,51179,-77.537563,38.3456243,8635,0.49181923394164156,-0.7128881023197183,-0.11053443418903838,0.22025388982318675,1901.8923386232175,760
24033801310,MD,Prince George's,24033,-76.9831879,38.6633112,7058,0.3639722884317958,-0.5854163112910489,-0.11072201142962654,0.22020313811552175,1554.1937488193525,761
51013101602,VA,Arlington,51013,-77.0838062,38.8940355,1654,-0.5580086858930285,0.3362192958502276,-0.11089469502140048,0.22015641609775044,364.1387122256792,762
51059490101,VA,Fairfax,51059,-77.439116,38.8630528,5064,0.0022078188504390693,-0.22427653138152767,-0.1110343562655443,0.22011862874885516,1114.6807359842026,763
51059430202,VA,Fairfax,51059,-77.2865324,38.8167742,4949,0.04530578911642384,-0.2679813302437178,-0.11133777056364697,0.22003653566703774,1088.9608150161698,764
51600300400,VA,Fairfax,51600,-77.3207879,38.8462945,4129,-0.14589889394431146,-0.07934186988061878,-0.11262038191246512,0.21968950680565275,907.0979736005402,765
51059491202,VA,Fairfax,51059,-77.4384615,38.8406498,2102,-0.9646183365320135,0.7368576301954853,-0.11388035316826406,0.2193486035455338,461.070764652712,766
51179010405,VA,Stafford,51179,-77.4282188,38.3222432,6241,0.261088399989381,-0.48934590186597393,-0.11412875093829647,0.2192813959729637,1368.5351922672664,767
24017851003,MD,Charles,24017,-76.9506454,38.5160231,4438,0.3502923843597273,-0.5785566454277233,-0.11413213053399801,0.21928048157496674,973.1667772297023,768
24021751801,MD,Frederick,24021,-77.2648269,39.4104487,5417,0.01633685490835142,-0.24489389233773176,-0.11427851871469016,0.2192408741570902,1187.6278153089577,769
51059491601,VA,Fairfax,51059,-77.4307098,38.8863942,5421,-0.40988349044793676,0.18032067713550248,-0.11478140665621714,0.2191048106255199,1187.7671784009433,770
51013102804,VA,Arlington,51013,-77.1132806,38.8524166,5339,-0.5794134039119746,0.3466107360257571,-0.11640133394310875,0.2186665161083114,1167.4605295022745,771
51059431602,VA,Fairfax,51059,-77.19041,38.7701117,6485,-0.16347653564827233,-0.07062571122595,-0.11705112343711116,0.2184907062587795,1416.9122300881852,772
51179010404,VA,Stafford,51179,-77.4508489,38.333362,6642,0.1416216274377827,-0.37879988827754985,-0.11858913041988357,0.2180745764525639,1448.4513367979293,773
24021750802,MD,Frederick,24021,-77.3880023,39.455722,6055,0.5751346309151996,-0.8145927779404522,-0.1197290735126263,0.21776614853019857,1318.5740293503522,774
24021752101,MD,Frederick,24021,-77.2805758,39.3101667,3661,0.26999706251286754,-0.5109244737943958,-0.12046370564076411,0.2175673832914539,796.5141902300127,775
51153901503,VA,Prince William,51153,-77.5766167,38.8519431,6044,0.2628262362804991,-0.5057836820508897,-0.12147872288519532,0.21729275584569985,1313.31741633141,776
24021752102,MD,Frederick,24021,-77.2867811,39.33305,6881,0.0717734057357447,-0.3167139212674865,-0.1224702577658709,0.2170244818896169,1493.345459882454,777
51153901409,VA,Prince William,51153,-77.539587,38.7587015,8502,-0.6164961643380175,0.3695526546976413,-0.12347175482018807,0.2167535125248438,1842.8383634862219,778
51059480903,VA,Fairfax,51059,-77.3936942,38.9585855,4177,-0.8115069468730927,0.5638243634690111,-0.12384129170204078,0.21665352903142834,904.9617907642762,779
11001002102,DC,District of Columbia,11001,-77.0142356,38.9557854,5099,-0.3366047457737686,0.07767490591881686,-0.12946491992747586,0.21513197591112937,1096.9579451708487,780
24031703202,MD,Montgomery,24031,-77.0938453,39.0951706,5780,0.21785165434753614,-0.47977380039491624,-0.13096107302369003,0.2147271702730729,1241.1230441783614,781
51179010217,VA,Stafford,51179,-77.5027376,38.4431247,5305,0.333742338500367,-0.5959523761359165,-0.13110501881777473,0.21468822367785653,1138.921026611029,782
24031700810,MD,Montgomery,24031,-77.2051429,39.1885123,5277,-0.11680827548075151,-0.146634720523074,-0.13172149800191274,0.21452142640950544,1132.0295671629601,783
24033800519,MD,Prince George's,24033,-76.7247516,38.9266468,3994,0.2045135414699122,-0.468064196624806,-0.13177532757744687,0.21450686204725833,856.7404070167497,784
11001007603,DC,District of Columbia,11001,-76.9585469,38.859109,4185,0.2669283186261531,-0.5325712882439979,-0.1328214848089224,0.2142238092322313,896.526641636888,785
51059420501,VA,Fairfax,51059,-77.0699833,38.7889176,980,1.0168841293827369,-1.2835062319848463,-0.1333110513010547,0.21409135000949525,209.80952300930534,786
11001002101,DC,District of Columbia,11001,-77.0241312,38.9559119,5687,-0.48730686230331455,0.21830750315605715,-0.13449967957362868,0.2137697496147838,1215.7085660592754,787
11001005503,DC,District of Columbia,11001,-77.0523495,38.9062488,2492,-0.6706586536677602,0.39991050099206865,-0.1353740763378458,0.21353316905297556,532.1246572800151,788
24033800212,MD,Prince George's,24033,-76.8838574,39.0789014,6374,0.08870586002049427,-0.35968022836144625,-0.135487184170476,0.21350256610968527,1360.865356383134,789
24021751004,MD,Frederick,24021,-77.4700084,39.3961113,5749,-0.207123318787108,-0.06552040408564065,-0.13632186143637431,0.21327673222674362,1226.127933571549,790
24017850101,MD,Charles,24017,-77.0984582,38.6619481,7030,0.17473428584888653,-0.44856543678794725,-0.13691557546953037,0.2131160943958806,1498.2061436030408,791
51153901225,VA,Prince William,51153,-77.32198,38.6692765,4875,-0.11157462705949825,-0.1645938857232669,-0.13808425639138255,0.2127998910424592,1037.3994688319885,792
51059452101,VA,Fairfax,51059,-77.184375,38.8234565,5091,-0.10731579327036452,-0.16937830435821388,-0.1383470488142892,0.21272878879049026,1083.002263732386,793
24033804200,MD,Prince George's,24033,-76.918844,38.925195,2980,0.2856225549833566,-0.5623806150628325,-0.13837903003973798,0.21272013581212434,633.9060047201306,794
24031703502,MD,Montgomery,24031,-77.0818199,39.0379826,3108,0.08448230100201748,-0.36265292244041536,-0.13908531071919894,0.21252904146367857,660.540260869113,795
51059421702,VA,Fairfax,51059,-77.1153294,38.7389962,4000,-0.06622575237879301,-0.2123089511428125,-0.13926735176080277,0.21247978765390113,849.9191506156045,796
11001010500,DC,District of Columbia,11001,-77.0133789,38.8818529,3712,-0.41635348817785367,0.13650088194053614,-0.13992630311865878,0.21230149893094885,788.0631640316822,797
51107610703,VA,Loudoun,51107,-77.6503433,39.0966955,5364,0.2977468454496016,-0.5777991843170333,-0.14002616943371582,0.21227447866979424,1138.6403035847763,798
51059461901,VA,Fairfax,51059,-77.2862942,38.8692112,3756,-0.3468194649711224,0.06550423235262565,-0.1406576163092484,0.21210363167826943,796.66124058358,799
51059430700,VA,Fairfax,51059,-77.2015728,38.7857498,2923,-0.30101078996458547,0.017594130309890862,-0.1417083298273473,0.21181934609467185,619.1479486347258,800
24031704000,MD,Montgomery,24031,-77.0544179,39.021678,7285,-0.11918497305967328,-0.16428568680104194,-0.14173532993035762,0.2118120408302879,1543.0507174486474,801
51510200407,VA,Alexandria,51510,-77.1417563,38.8098741,3921,0.43369467013233187,-0.7194485866046705,-0.1428769582361693,0.21150315694940244,829.303878398607,802
24033801309,MD,Prince George's,24033,-77.0317003,38.7102524,3605,0.5946034369146627,-0.8871725540244243,-0.14628455855488082,0.21058118190236486,759.1451607580253,803
24031700209,MD,Montgomery,24031,-77.221281,39.233428,4451,0.1162229266194949,-0.4097035292240082,-0.14674030130225665,0.21045787417796963,936.7479979661429,804
24033800513,MD,Prince George's,24033,-76.7593049,38.9606453,6950,0.14656987185702522,-0.4419981258239847,-0.14771412698347974,0.210194391699311,1460.8510223102114,805
24033800411,MD,Prince George's,24033,-76.8124995,39.0245929,4877,0.12660399094877273,-0.42493799467341753,-0.1491670018623224,0.20980129560250493,1023.2009186534166,806
51153901303,VA,Prince William,51153,-77.4863504,38.7272124,5107,-0.1604902755599645,-0.14668229657998466,-0.1535862860699746,0.20860559499675926,1065.3487736484497,807
24031700308,MD,Montgomery,24031,-77.2779343,39.1979284,6221,-0.13596688812502739,-0.1734600251034112,-0.15471345661421929,0.2083006228702329,1295.838174875719,808
24031700500,MD,Montgomery,24031,-77.4397368,39.1234371,7196,0.11296154627963285,-0.4258171681171481,-0.15642781091875763,0.20783677977164927,1495.5934672367882,809
24031700309,MD,Montgomery,24031,-77.2703189,39.1881087,5807,-0.5330030755417648,0.21813592762125297,-0.15743357396025592,0.20756465618297537,1205.327958454538,810
51059431001,VA,Fairfax,51059,-77.2713144,38.7807414,4948,-0.11172681349489434,-0.20368950510910588,-0.1577081593020001,0.20749036318799582,1026.6623170542034,811
51510200305,VA,Alexandria,51510,-77.1212644,38.8144158,2426,0.18101699544721514,-0.4976278435328532,-0.15830542404281905,0.20732876466234518,502.9795830708494,812
51059451000,VA,Fairfax,51059,-77.1826546,38.8416805,2707,0.1589605417299395,-0.4792970618357184,-0.16016826005288945,0.20682474771277015,559.8745920584688,813
51107611017,VA,Loudoun,51107,-77.4640679,39.0390671,3397,0.5343043699652721,-0.8567707376353891,-0.16123318383505852,0.20653661733880424,701.604889099918,814
24033806710,MD,Prince George's,24033,-76.8729085,38.986222,5256,-0.0012158724777954716,-0.3220424341788787,-0.16162915332833708,0.20642948212397685,1084.9933580436223,815
24033805909,MD,Prince George's,24033,-76.9604189,38.9777773,5024,-1.0879015061872026,0.7638520131478302,-0.16202474651968618,0.20632244872302338,1036.5639823844695,816
51630000100,VA,Fredericksburg,51630,-77.466221,38.30416,3175,0.34856006217634267,-0.6769359747767772,-0.1641879563002173,0.2057371613499105,653.2154872859658,817
24021752301,MD,Frederick,24021,-77.4308471,39.3659437,7217,-0.3851594339096328,0.055048576094304455,-0.16505542890766417,0.20550245421783783,1483.1112120901357,818
24033801311,MD,Prince George's,24033,-76.9495856,38.7120864,8300,0.25474755925307213,-0.5852332966674728,-0.16524286870720034,0.205451739696817,1705.249439483581,819
24033800403,MD,Prince George's,24033,-76.7514702,38.9981639,3952,0.22897120308490201,-0.5610312163839513,-0.1660300066495246,0.20523876825840784,811.1036121572278,820
51600300200,VA,Fairfax,51600,-77.2914204,38.8612003,5200,-0.03345445750558931,-0.2991904168653987,-0.166322437185494,0.20515964699067138,1066.8301643514912,821
51059430500,VA,Fairfax,51059,-77.2064204,38.7961973,1716,0.014375573413872128,-0.35058417672462283,-0.16810430165537535,0.2046775380504261,351.2266552945312,822
51153900904,VA,Prince William,51153,-77.2885287,38.5604161,6853,-0.2786090480583869,-0.059738281415248534,-0.16917366473681772,0.20438820656049192,1400.672379559051,823
51179010105,VA,Stafford,51179,-77.3746796,38.4206802,8089,-0.021514325291862504,-0.31839214120905823,-0.16995323325046036,0.20417728313937122,1651.5900433143738,824
24031701704,MD,Montgomery,24031,-76.9981538,38.9758298,3033,-0.02364012425723988,-0.32108526102705187,-0.17236269264214588,0.2035253694088242,617.2924454169638,825
51153901231,VA,Prince William,51153,-77.4178402,38.738969,7144,0.037775787374636424,-0.38832455624915746,-0.1752743844372605,0.20273756951192354,1448.3571965931817,826
24033803516,MD,Prince George's,24033,-76.8174928,38.9536716,4887,0.21165059977842804,-0.5627381872983376,-0.17554379375995477,0.20266467696299417,990.4222763181525,827
24031701506,MD,Montgomery,24031,-77.0050149,39.0548604,5144,0.30138112723473615,-0.6526750014717111,-0.17564693711848747,0.20263677005081535,1042.363545141394,828
51013102302,VA,Arlington,51013,-77.1030117,38.8616135,4668,-0.5710659766732281,0.21755995103805795,-0.1767530128175851,0.2023375054366225,944.5114753781538,829
51059430902,VA,Fairfax,51059,-77.2587998,38.7916693,3415,-0.029242780568895652,-0.3258909416263715,-0.1775668610976336,0.20211730713397566,690.2306038625269,830
24021751201,MD,Frederick,24021,-77.4266399,39.4521276,5702,0.10211370627835975,-0.45751060659140325,-0.17769845015652175,0.202081703830357,1152.2698752406957,831
51059491706,VA,Fairfax,51059,-77.3588968,38.8629314,2899,-0.928605013142145,0.5726034183215483,-0.1780007974102984,0.20199989945265703,585.5977085132528,832
51061930304,VA,Fauquier,51061,-77.7224372,38.806579,2564,0.7146822723584145,-1.0725146134655814,-0.17891617055358344,0.20175223214490298,517.2927232195312,833
24031700823,MD,Montgomery,24031,-77.2359227,39.1335903,3509,-0.06907344175627227,-0.2904942084439966,-0.17978382510013444,0.2015174757866012,707.1248225351836,834
24031700105,MD,Montgomery,24031,-77.1631963,39.1753881,6406,-0.32134863687434884,-0.04069539790471402,-0.18102201738953144,0.20118246513761467,1288.7748716715596,835
51059481103,VA,Fairfax,51059,-77.4061185,38.9473416,3664,-0.6795711933329415,0.3166456303357497,-0.18146278149859588,0.20106321009823822,736.6956017999448,836
51059440202,VA,Fairfax,51059,-77.2361249,38.8567708,6032,-0.47413116045415843,0.10825255350051216,-0.18293930347682313,0.20066371594017834,1210.4035345511559,837
24031701316,MD,Montgomery,24031,-77.0066759,39.1586446,6480,0.3477813769215172,-0.7147155118773043,-0.18346706747789354,0.20052092183459042,1299.3755734881458,838
51059432000,VA,Fairfax,51059,-77.3222022,38.7953989,3393,-0.07873120943400719,-0.28893175812580574,-0.18383148377990646,0.20042232378735328,680.0329446104897,839
51107610504,VA,Loudoun,51107,-77.5497896,39.1208762,7094,-0.3607289648025924,-0.007382551539511268,-0.18405575817105185,0.2003616431402744,1421.3654964371067,840
51107611601,VA,Loudoun,51107,-77.423746,38.9978936,4317,-0.6448607278699398,0.27586335866139083,-0.18449868460427446,0.20024180305314265,864.4438637804168,841
11001009203,DC,District of Columbia,11001,-77.0054956,38.9219735,2775,-0.4775672819952339,0.10730986192831743,-0.18512871003345824,0.20007134065427593,555.1979703156157,842
24033801006,MD,Prince George's,24033,-76.8230132,38.7571595,3930,0.2939296929163158,-0.6663925035848911,-0.18623140533428764,0.19977299065522597,785.1078532750381,843
51059420700,VA,Fairfax,51059,-77.1052402,38.7857532,4241,0.014293242171581072,-0.39008712779658905,-0.187896942812504,0.19932235564783107,845.3261103024515,844
24031701415,MD,Montgomery,24031,-76.9894825,39.0843083,7916,0.13790817584583903,-0.5170302791945848,-0.18956105167437287,0.19887210717304007,1574.2716003817852,845
51059431300,VA,Fairfax,51059,-77.2436285,38.7674808,4419,0.030715145050577205,-0.41202188856501326,-0.19065337175721803,0.19857656433774007,877.5098378084733,846
24033801106,MD,Prince George's,24033,-76.8691578,38.8098033,1674,-0.9231436255829386,0.5405620566531495,-0.19129078446489456,0.19840410320492605,332.1284687650462,847
51059422102,VA,Fairfax,51059,-77.218254,38.6906011,6677,-0.4341497656302193,0.04330072643754748,-0.1954245195963359,0.19728566198946904,1317.2763651036848,848
51059451100,VA,Fairfax,51059,-77.1577285,38.841836,2314,0.15031338847548736,-0.5463087515287062,-0.1979976815266094,0.19658945619365664,454.90800163212145,849
51059471401,VA,Fairfax,51059,-77.1976624,38.8849109,3759,-0.2845433635918029,-0.11169788647400998,-0.19812062503290642,0.1965561920680552,738.8547259838194,850
51179010210,VA,Stafford,51179,-77.4258782,38.4381236,11687,-0.4248812494222243,0.026986569920494433,-0.19894733975086495,0.19633251256644488,2294.538074364041,851
24031701418,MD,Montgomery,24031,-76.9467203,39.0709656,3524,-0.05490096112980217,-0.3459504706218755,-0.20042571587583885,0.19593251674244008,690.4661890003589,852
51013102600,VA,Arlington,51013,-77.0936975,38.8554206,3688,-0.587974570516175,0.18468747321199713,-0.20164354865208892,0.19560301465118793,721.383918033581,853
24021750805,MD,Frederick,24021,-77.3726272,39.446551,4914,-0.27429952385710815,-0.13496293272203597,-0.20463122828957206,0.19479465515574593,957.2209354353355,854
24009860200,MD,Calvert,24009,-76.6579871,38.6758822,6280,0.3897312297130762,-0.8020010478784414,-0.2061349090826826,0.19438781279153292,1220.7554643308267,855
24021750600,MD,Frederick,24021,-77.4228616,39.4194962,2756,0.1458586960602421,-0.5604432641702425,-0.2072922840550002,0.19407466842460608,534.8697861782143,856
24033800606,MD,Prince George's,24033,-76.7622344,38.8278223,4778,-0.06333230040904901,-0.3516404682238646,-0.2074863843164568,0.1940221518202661,927.0378413972314,857
24031700819,MD,Montgomery,24031,-77.248836,39.166638,6585,-0.3701145215469982,-0.045161639661683656,-0.2076380806043409,0.19398110821800166,1277.365597615541,858
24031701004,MD,Montgomery,24031,-77.1659654,39.0986188,5301,0.0299354802754534,-0.44525531832971166,-0.20765991902712913,0.19397519952009284,1028.2625326560121,859
51059430901,VA,Fairfax,51059,-77.2446555,38.7836547,4326,-0.26695289763209173,-0.14940413204497635,-0.20817851483853406,0.19383488599946425,838.5297168336823,860
24031701313,MD,Montgomery,24031,-77.0777344,39.1351468,3785,0.15656974237622243,-0.5735157310238028,-0.20847299432379018,0.19375521035916693,733.3634712094469,861
51153900804,VA,Prince William,51153,-77.2771532,38.5814189,5423,-0.24510010964236742,-0.17367256710883158,-0.2093863383755995,0.19350809205115868,1049.3943831934334,862
51107611016,VA,Loudoun,51107,-77.4636783,39.0469608,4140,0.7711263462599525,-1.1904816553354165,-0.20967765453773202,0.19342927229321638,800.7971872939158,863
24033800409,MD,Prince George's,24033,-76.7772461,38.9840406,6678,0.1910412668623841,-0.6124534358747539,-0.2107060845061849,0.19315101584297117,1289.8624837993616,864
51061930306,VA,Fauquier,51061,-77.835649,38.7324236,2900,0.24437259765716038,-0.666811731485066,-0.21121956691395283,0.19301208582689644,559.7350488979997,865
24031701315,MD,Montgomery,24031,-77.0527544,39.1585226,4394,0.05211160684396174,-0.4758215876961462,-0.21185499042609224,0.19284016289941092,847.3396757800116,866
51059460701,VA,Fairfax,51059,-77.2537963,38.8827853,3501,-0.27094973252491283,-0.15602478944338985,-0.21348726098415133,0.19239852873349042,673.5872490959499,867
51107610507,VA,Loudoun,51107,-77.4945191,39.1018593,6297,0.13821157095060446,-0.566206921728092,-0.21399767538874376,0.1922604288095942,1210.6639202140148,868
24017850904,MD,Charles,24017,-76.8970548,38.5547766,13090,0.008916874938490187,-0.43744464305278447,-0.21426388405714714,0.19218840224350156,2515.7461853674354,869
11001003400,DC,District of Columbia,11001,-77.0177044,38.9221674,5120,-1.2849441111797923,0.8550482667658992,-0.21494792220694658,0.19200332592986416,983.0570287609045,870
51059482100,VA,Fairfax,51059,-77.3374464,38.9680419,3258,0.09605796066114584,-0.5278951867031201,-0.2159186130209871,0.1917406916343983,624.6911733448696,871
24021751902,MD,Frederick,24021,-77.3398797,39.4050409,6005,0.0094633273381446,-0.4418907970477154,-0.2162137348547854,0.1916608421975075,1150.9233573960325,872
51153901509,VA,Prince William,51153,-77.6682758,38.8657722,7056,0.01174921369921932,-0.44473438908760116,-0.2164925876941909,0.1915853945699452,1351.8265440855332,873
51510200406,VA,Alexandria,51510,-77.1360556,38.8117133,4949,-0.5508328851457348,0.11390259622386385,-0.21846514446093548,0.19105169109896675,945.5148192487865,874
51153901414,VA,Prince William,51153,-77.5997634,38.7483287,4936,0.16903707265423012,-0.606281251107976,-0.21862208922687296,0.19100922744583146,942.8215466726241,875
24031701218,MD,Montgomery,24031,-77.1197203,39.05568,3050,0.10173200177152521,-0.5391239896655082,-0.21869599394699152,0.19098923146583538,582.517155970798,876
51153901237,VA,Prince William,51153,-77.3277445,38.6855748,3468,-0.36127796104600274,-0.07740752949136664,-0.2193427452686847,0.1908142436373141,661.7437969342053,877
24031701317,MD,Montgomery,24031,-77.0496568,39.1984774,4494,0.11514554727023336,-0.5549781693914296,-0.21991631106059814,0.19065905720154733,856.8218030637537,878
11001001902,DC,District of Columbia,11001,-77.0156458,38.9639299,2117,0.06014818475654048,-0.5032573691661754,-0.22155459220481744,0.19021579678549788,402.686841794899,879
24021751904,MD,Frederick,24021,-77.3459482,39.3781197,4606,-0.06879098075831157,-0.37449554466688995,-0.22164326271260076,0.19019180571027244,876.0234571015149,880
51510200111,VA,Alexandria,51510,-77.1072192,38.836821,3909,-0.7475801754883449,0.30036156346738035,-0.22360930601048226,0.1896598645515372,741.3804105319589,881
51153901511,VA,Prince William,51153,-77.666769,38.8529217,4691,0.8761265147432521,-1.3247557085226496,-0.22431459688969874,0.18946903800771686,888.7992572941998,882
24031700101,MD,Montgomery,24031,-77.1626524,39.2286822,4570,0.14121971280141563,-0.5924893801385616,-0.22563483366857295,0.189111829047611,864.2410587475823,883
24021750804,MD,Frederick,24021,-77.3950189,39.4257211,2441,-0.03324770927778184,-0.41847691081127397,-0.2258623100445279,0.18905028205770455,461.4717385028568,884
51510201602,VA,Alexandria,51510,-77.0505695,38.8150812,3220,-0.6810712257544502,0.22754374736128075,-0.22676373919658474,0.18880638749638964,607.9565677383747,885
24033800516,MD,Prince George's,24033,-76.7288343,38.9454867,3889,0.09264180151621239,-0.5476125364831992,-0.2274853674834934,0.18861114063304338,733.5087259219057,886
51059431002,VA,Fairfax,51059,-77.254875,38.7771746,2368,-0.256882871274963,-0.1993541873052617,-0.22811852929011234,0.1884398296423634,446.2255165931165,887
51107610201,VA,Loudoun,51107,-77.7079581,39.1922482,6225,0.04840559126520425,-0.5050731180733377,-0.2283337634040667,0.1883815949716928,1172.6754286987878,888
11001002900,DC,District of Columbia,11001,-77.0299131,38.9338478,4443,-0.975796223860604,0.5176170672506306,-0.22908957830498672,0.18817709843053423,836.0708483268636,889
51059432702,VA,Fairfax,51059,-77.2129918,38.7280475,4502,-0.2691333373250074,-0.1906571671281981,-0.22989525222660273,0.18795911181757965,846.1919214027436,890
51510200201,VA,Alexandria,51510,-77.0986804,38.8272503,3505,-0.2744967470536015,-0.18958649341678613,-0.2320416202351938,0.1873783812269601,656.7612262004951,891
24031703901,MD,Montgomery,24031,-77.0362582,39.0202612,3109,-0.12647169139416678,-0.3387282676244551,-0.23259997950931094,0.18722730913226893,582.0897040922241,892
51153901505,VA,Prince William,51153,-77.61703,38.8344415,7669,-0.13506632924372006,-0.3342736342407278,-0.23466998174222392,0.18666724039545785,1431.5510665927661,893
24021775600,MD,Frederick,24021,-77.3351285,39.4259707,5172,-0.24032576940759204,-0.23449406012349724,-0.23740991476554463,0.18592591229304384,961.6088183796227,894
51107611804,VA,Loudoun,51107,-77.4925558,38.9167021,8852,-0.6337622420604917,0.1583662952717383,-0.2376979733943767,0.1858479739073685,1645.1262650280262,895
11001002301,DC,District of Columbia,11001,-77.0165915,38.942552,3266,-0.48830619966021777,0.012668674808383617,-0.23781876242591707,0.18581529270575445,606.872745976994,896
51600300500,VA,Fairfax,51600,-77.29894,38.8403654,3560,0.0843624868551054,-0.5611917960124313,-0.23841465457866295,0.18565406555345595,660.9284733703032,897
11001002504,DC,District of Columbia,11001,-77.0329275,38.9394498,3349,-0.8588338178412332,0.38091332143623263,-0.2389602482025003,0.18550644738819208,621.2610923030553,898
11001009508,DC,District of Columbia,11001,-76.9985582,38.9536826,4243,-0.12163291486316749,-0.35685936559933684,-0.23924614023125218,0.18542909520718398,786.7756509640816,899
24031700606,MD,Montgomery,24031,-77.2439621,39.0958132,4192,0.02593026641226043,-0.5056599233434916,-0.2398648284656156,0.18526170024867122,776.6170474424298,900
51059420800,VA,Fairfax,51059,-77.0977278,38.7797043,3640,-0.25021919811771626,-0.2310907366188898,-0.24065496736830302,0.18504791685747618,673.5744173612132,901
24031702200,MD,Montgomery,24031,-77.0065074,39.0093138,4361,-0.11746409202478775,-0.36496350634798486,-0.2412137991863863,0.18489671690925039,806.334582441241,902
51059422302,VA,Fairfax,51059,-77.1437691,38.7719875,5788,-0.14570831273695053,-0.3394553423466516,-0.24258182754180108,0.1845265772539609,1068.0398291459258,903
11001009400,DC,District of Columbia,11001,-76.9742464,38.9368061,4424,0.0698783854677168,-0.555438156764067,-0.24277988564817513,0.18447298979802082,816.1085068664441,904
11001005801,DC,District of Columbia,11001,-77.0205095,38.8975634,1672,-0.7350662118145308,0.24580544065490673,-0.24463038557981204,0.18397231055106059,307.6017032413733,905
51107610300,VA,Loudoun,51107,-77.5613225,39.1928396,8911,0.05724868466546439,-0.5478472038116984,-0.245299259573117,0.18379133711704215,1637.7646050499627,906
11001009505,DC,District of Columbia,11001,-77.0051999,38.9618925,3796,-0.01799914015139918,-0.47317033071112746,-0.24558473543126333,0.18371409753694898,697.3787142502583,907
51061930401,VA,Fauquier,51061,-77.6729203,38.7302699,7315,0.05811339322550755,-0.5518008855495543,-0.24684374616202337,0.18337345416062947,1341.3768171850045,908
51059491401,VA,Fairfax,51059,-77.4267685,38.8313107,4934,-0.5422119838081016,0.04683549170000819,-0.24768824605404674,0.18314496262557592,903.6372455945916,909
24031702502,MD,Montgomery,24031,-77.0247984,38.9879974,1731,-0.4964694365205013,0.00048563723291011266,-0.2479918996437956,0.1830628047999781,316.8817151087621,910
51013102904,VA,Arlington,51013,-77.0903914,38.8395976,3125,-0.7492027033475914,0.25294416213001925,-0.2481292706087861,0.18302563711889377,571.9551159965431,911
51059415402,VA,Fairfax,51059,-77.0661035,38.7504589,2801,0.4131376987880898,-0.910896950991777,-0.2488796261018436,0.18282261769868544,512.0861521740179,912
51153901421,VA,Prince William,51153,-77.5841256,38.7743603,4884,-0.46460473169807504,-0.03507550255321121,-0.24984011712564314,0.1825627431024823,891.6364373125235,913
24031701312,MD,Montgomery,24031,-77.0801289,39.1527986,6458,0.09768285842402674,-0.5978360311218103,-0.25007658634889174,0.18249876296900527,1178.577011253836,914
24031705602,MD,Montgomery,24031,-77.0907661,38.9644227,4965,0.6178355427216039,-1.1184401576481795,-0.2503023074632878,0.18243769089024067,905.8031352700449,915
11001004901,DC,District of Columbia,11001,-77.0244761,38.9113296,3380,-0.836806542498623,0.33572751221059316,-0.2505395151440149,0.1823735109565216,616.4224670330431,916
51059491803,VA,Fairfax,51059,-77.3984158,38.8742071,7003,-0.2386886479148519,-0.2651103375593211,-0.2518994927370865,0.18200554955023307,1274.5848635002822,917
51059491302,VA,Fairfax,51059,-77.4453462,38.8317317,3405,-0.6669879212551321,0.16262469921923714,-0.25218161101794745,0.1819292184107392,619.4689886885669,918
51059470600,VA,Fairfax,51059,-77.1936696,38.9357929,2849,0.5154003902420069,-1.021469930528892,-0.2530347701434425,0.18169838399611035,517.6586960049184,919
51059422403,VA,Fairfax,51059,-77.1214125,38.77322,3024,0.03426752822704879,-0.5424296638406759,-0.25408106780681355,0.18141529318522367,548.5998465921164,920
51059422401,VA,Fairfax,51059,-77.1453114,38.7606985,2447,-0.46725483495837916,-0.04126886393612385,-0.2542618494472515,0.18136638012446032,443.80353216455444,921
51107610604,VA,Loudoun,51107,-77.547947,39.0783208,6964,-0.39890821506048124,-0.1116607624720331,-0.2552844887662572,0.1810896904173179,1261.108604066202,922
24033800517,MD,Prince George's,24033,-76.7643572,38.912238,5622,0.46955727609246706,-0.9803798104761164,-0.2554112671918247,0.18105538869940982,1017.893395268082,923
51153901009,VA,Prince William,51153,-77.355868,38.6215185,7488,0.009872156483180633,-0.5214303959758788,-0.2557791197463491,0.18095586092486474,1354.9974866053872,924
51153901219,VA,Prince William,51153,-77.3683538,38.7037012,5662,0.30638222704755796,-0.8186650289941485,-0.2561414009732953,0.18085784055275111,1024.017093209677,925
51107611013,VA,Loudoun,51107,-77.4901911,39.0590764,4370,-0.42312481693316395,-0.09027342654241849,-0.2566991217377912,0.18070694121597844,789.6893331138258,926
24033806400,MD,Prince George's,24033,-76.9459129,38.9751066,3934,-0.3110850082438372,-0.20298313270519155,-0.2570340704745144,0.18061631604036738,710.5445873028052,927
51059421102,VA,Fairfax,51059,-77.1557476,38.7541324,3514,-0.00825062292961581,-0.506607958627042,-0.2574292907783289,0.1805093835294744,634.3099737225731,928
51013100800,VA,Arlington,51013,-77.1281268,38.894648,1596,-0.27221314651539646,-0.2442269130823015,-0.25822002979884895,0.18029543776780887,287.75151867742295,929
51059491102,VA,Fairfax,51059,-77.4679399,38.8563248,3422,-0.126541373912841,-0.3922033232237678,-0.2593723485683044,0.17998366142894745,615.9040894098582,930
51153900100,VA,Prince William,51153,-77.2499428,38.6261299,3271,0.33212022939734837,-0.8540897806511246,-0.26098477562688815,0.1795473962058756,587.299532989419,931
51059482506,VA,Fairfax,51059,-77.4141302,38.9545964,5298,-1.139125205428879,0.6145653268925634,-0.2622799392681578,0.17919697114207805,949.3855531107296,932
24031703206,MD,Montgomery,24031,-77.0546839,39.0724469,3951,-0.10339344203617268,-0.42328526317169235,-0.2633393526039325,0.1789103316982678,706.8747205398561,933
24031701221,MD,Montgomery,24031,-77.2037745,39.087633,4491,-0.14789649239852112,-0.38002224186146133,-0.26395936712999124,0.17874257789255063,802.7329173154449,934
51059490501,VA,Fairfax,51059,-77.4130304,38.8368365,3326,-0.7885196049830135,0.2605457177859476,-0.263986943598533,0.17873511668422135,594.4729980917202,935
24031700206,MD,Montgomery,24031,-77.1784846,39.2473445,5708,0.018287642272342673,-0.5488151189730424,-0.26526373835034983,0.1783896615864214,1018.2481883352933,936
51013100300,VA,Arlington,51013,-77.1286948,38.9154001,6199,0.1516784100940697,-0.6838302590310475,-0.26607592446848893,0.17816991300547344,1104.47529072093,937
51013102803,VA,Arlington,51013,-77.1084793,38.8496208,2748,-0.44747750393234326,-0.08517698452708106,-0.26632724422971216,0.1781019148463575,489.42406199779043,938
51059430802,VA,Fairfax,51059,-77.2270784,38.7885941,4276,-0.13029898849625743,-0.4038500829239602,-0.2670745357101088,0.17789972443863683,760.699221699611,939
51061930402,VA,Fauquier,51061,-77.7240654,38.7177076,6027,0.17472667989535481,-0.7131320052427941,-0.2692026626737196,0.17732392922386267,1068.7313214322203,940
51153901413,VA,Prince William,51153,-77.5913334,38.7599442,4504,-0.5553173887675945,0.013873915499068837,-0.27072173663426286,0.17691292201784298,796.8158007683647,941
24031703601,MD,Montgomery,24031,-77.0693759,39.041529,4750,-0.2855850958883586,-0.25789770954306834,-0.27174140271571345,0.17663703676268386,839.0259246227483,942
51059491801,VA,Fairfax,51059,-77.3946652,38.8575252,2324,-0.6882715385089982,0.1414810939318083,-0.273395222288595,0.17618957220232265,409.46456579819784,943
51153901420,VA,Prince William,51153,-77.5594319,38.7715293,4546,-0.5769984274258673,0.029026619500972836,-0.2739859039624472,0.1760297548196784,800.231265410258,944
24031702402,MD,Montgomery,24031,-77.0178539,38.9929711,4665,-0.38145317104496357,-0.16769406223122568,-0.27457361663809465,0.17587074074200054,820.4370055614326,945
51059491301,VA,Fairfax,51059,-77.4688671,38.8153258,6797,-0.5537510574398301,0.0019861077146533144,-0.2758824748625884,0.17551661041266975,1192.9864009749163,946
24031703208,MD,Montgomery,24031,-77.014166,39.0527225,5425,0.13334750050997143,-0.6858831837899186,-0.2762678416399736,0.17541234391440838,951.6119657356654,947
51107611011,VA,Loudoun,51107,-77.4959445,39.0813289,3833,-0.6085375556986311,0.05450235587187602,-0.27701759991337754,0.17520948608052667,671.5779601466587,948
51059421300,VA,Fairfax,51059,-77.1137802,38.7575006,3658,-0.0793548174068441,-0.47544843016337907,-0.2774016237851116,0.17510558292461328,640.5362223382353,949
24031701215,MD,Montgomery,24031,-77.116226,39.0295371,4662,-0.179170568183559,-0.37618012122362443,-0.27767534470359173,0.17503152381172227,815.9969640102493,950
24031701427,MD,Montgomery,24031,-76.9157945,39.1002506,3468,-0.30088281962069535,-0.2549362094540136,-0.27790951453735446,0.1749681658109871,606.7895990325032,951
24031700830,MD,Montgomery,24031,-77.2448532,39.1851226,2376,-0.7357369442994977,0.17411176189290176,-0.28081259120329793,0.17418269686061177,413.8580877408136,952
11001002201,DC,District of Columbia,11001,-77.0232932,38.9491337,3485,-0.45407699780293487,-0.10879612363495267,-0.28143656071894374,0.17401387297584495,606.4383473208196,953
24031703221,MD,Montgomery,24031,-77.0469507,39.1089671,4694,-0.05315852755631006,-0.5108283863829779,-0.28199345696964395,0.17386319672308287,816.113845418151,954
51153901224,VA,Prince William,51153,-77.3081957,38.674409,4459,-0.009971449293176605,-0.5541236704921878,-0.2820475598926822,0.17384855840275548,775.1907219178867,955
11001002400,DC,District of Columbia,11001,-77.0224058,38.9417822,4095,-0.6952115929107643,0.12913422640472028,-0.283038683253022,0.17358039578939038,710.8117207575536,956
51059452600,VA,Fairfax,51059,-77.1521699,38.8009935,6347,-0.38000810040034594,-0.18741463983301776,-0.28371137011668185,0.1733983907287151,1100.5595859551547,957
51510200801,VA,Alexandria,51510,-77.0808815,38.8166038,2701,0.2106571650878681,-0.7798526590618713,-0.2845977469870016,0.17315856877770205,467.70129426857324,958
51153901415,VA,Prince William,51153,-77.572052,38.7409926,4224,-0.5986277323820478,0.027843644049807388,-0.2853920441661202,0.1729436603052916,730.5140211295517,959
51059440600,VA,Fairfax,51059,-77.331492,38.838332,3002,-0.31922939215907575,-0.2523591518671158,-0.2857942720130958,0.1728348318032813,518.8501650734504,960
51059432202,VA,Fairfax,51059,-77.282473,38.7921787,4741,-0.08568609181815066,-0.4872899284329713,-0.28648801012556097,0.17264713102588683,818.5200481937295,961
24031701212,MD,Montgomery,24031,-77.1290395,39.1206316,2723,0.10879356604061562,-0.6824239587336485,-0.2868151963465164,0.17255860611003945,469.87708443763745,962
51153900801,VA,Prince William,51153,-77.274894,38.5982148,7324,-0.2585823156333633,-0.3155627337553628,-0.28707252469436306,0.17248898224179784,1263.3093059389273,963
51059416200,VA,Fairfax,51059,-77.1510948,38.6904794,5201,-1.1725163462117818,0.5971533579991914,-0.2876814941062952,0.1723242168498217,896.2582518359226,964
51107611006,VA,Loudoun,51107,-77.4598859,39.0182207,5950,-0.4623946101795305,-0.1145371113351711,-0.2884658607573508,0.17211199522393714,1024.066371582426,965
24033800216,MD,Prince George's,24033,-76.8696671,39.0652176,4392,-0.24458400602186667,-0.33463304506429215,-0.2896085255430794,0.17180283090857265,754.5580333504511,966
51059432100,VA,Fairfax,51059,-77.3069348,38.7883684,3573,-0.016851362198900512,-0.5637299072777101,-0.2902906347383053,0.17161827650120864,613.1921019388185,967
24031700103,MD,Montgomery,24031,-77.1154936,39.2251306,5492,0.08607770426264956,-0.6703150254312902,-0.2921186605843203,0.17112367793983665,939.8112392455829,968
51059450400,VA,Fairfax,51059,-77.168111,38.8613778,2726,-0.036164045355121986,-0.5513495535508367,-0.29375679945297933,0.17068045601847673,465.27492310636757,969
51013100200,VA,Arlington,51013,-77.1421557,38.9038595,6660,0.010779685649850546,-0.5985986432928811,-0.2939094788215153,0.17063914642966882,1136.4567152215943,970
24033803521,MD,Prince George's,24033,-76.8374179,38.9245604,7592,0.2718525246860891,-0.8607910008733346,-0.29446923809362274,0.17048769554548002,1294.3425845812842,971
51059451300,VA,Fairfax,51059,-77.153342,38.8675675,2491,0.013798973012249293,-0.604055797895139,-0.29512841244144483,0.17030934648940027,424.24058210509605,972
11001011001,DC,District of Columbia,11001,-77.0157419,38.8741656,2423,-0.18944714327673334,-0.403245296152541,-0.29634621971463715,0.16997985129836546,411.8611796959395,973
51107610202,VA,Loudoun,51107,-77.8010924,39.153846,5624,-0.19971641237884932,-0.3947470295486737,-0.2972317209637615,0.1697402662592016,954.6192574417498,974
24031701304,MD,Montgomery,24031,-77.0758148,39.169024,6045,0.22948284433774824,-0.8274774627926356,-0.29899730922744366,0.16926256107954227,1023.192181725833,975
11001007301,DC,District of Columbia,11001,-77.024445,38.834928,3841,-1.4764392373353694,0.878298243855451,-0.2990704967399592,0.1692427591503302,650.0614378964184,976
11001010202,DC,District of Columbia,11001,-77.024577,38.8843563,2631,-0.608131887907163,0.009036000050321173,-0.29954794392842093,0.16911357897869364,444.937826292943,977
24031701409,MD,Montgomery,24031,-76.9522476,39.1003467,4361,0.09541421689911124,-0.6986233123996297,-0.30160454775025924,0.16855713537380104,735.0776673651463,978
51153901510,VA,Prince William,51153,-77.6545745,38.8296394,6546,-0.3205532391289888,-0.2850896938238589,-0.30282146647642383,0.1682278805918844,1101.2197063544752,979
51059415900,VA,Fairfax,51059,-77.0863636,38.7186601,3216,0.23702135538694433,-0.8427506812192667,-0.30286466291616115,0.16821619317674363,540.9832772564075,980
51107611027,VA,Loudoun,51107,-77.534131,38.9979761,2163,-0.8547511540342557,0.24742729870419014,-0.3036619276650328,0.16800048178585483,363.385042102804,981
51510201500,VA,Alexandria,51510,-77.0649035,38.8136653,3835,0.043467945252889,-0.6535445260964012,-0.3050382904217561,0.1676280871389819,642.8537141779956,982
24033800518,MD,Prince George's,24033,-76.7691425,38.929507,4176,0.35693033041305594,-0.9678688059021945,-0.30546923774456924,0.16751148817165593,699.5279746048351,983
51153901010,VA,Prince William,51153,-77.3553713,38.6123227,4416,-0.059715004404124986,-0.5516727962744129,-0.30569390033926896,0.1674507024905482,739.4623021982608,984
24031703223,MD,Montgomery,24031,-77.0382996,39.0805511,6420,-0.2437895527124277,-0.36802946903004746,-0.3059095108712376,0.1673923659745953,1074.6589895569018,985
51153901005,VA,Prince William,51153,-77.3882838,38.6207175,6501,-0.30894991011355893,-0.30343233586291163,-0.30619112298823525,0.1673161717849805,1087.7224327741583,986
24021752202,MD,Frederick,24021,-77.3425194,39.3365151,4481,-0.4969477370759605,-0.11640007119897113,-0.3066739041374658,0.16718554843390074,749.1584425323092,987
51059416100,VA,Fairfax,51059,-77.1167623,38.7048315,4129,0.3955643399200523,-1.009886005774935,-0.30716083292744134,0.16705380287924265,689.7651520883929,988
24021752206,MD,Frederick,24021,-77.3635685,39.3370294,5889,-0.39112844807531516,-0.2245979986210519,-0.3078632233481835,0.1668637610959835,982.6606890942468,989
51107611014,VA,Loudoun,51107,-77.4794238,39.0525593,4472,-0.4258748906450698,-0.19205952240880814,-0.308967206526939,0.16656506264312426,744.8789601400517,990
51179010219,VA,Stafford,51179,-77.4661822,38.4556689,1462,-0.13409676349148517,-0.48788272577919994,-0.31098974463534257,0.16601783600466222,242.71807623881617,991
51059421103,VA,Fairfax,51059,-77.1678766,38.7395362,5913,-0.04867038145701772,-0.5734213474598115,-0.31104586445841464,0.16600265198315814,981.5736811764141,992
51013100900,VA,Arlington,51013,-77.1323332,38.8867432,4406,-0.1023280448564517,-0.5220629247759767,-0.3121954848162142,0.16569160573819877,730.0372148825038,993
51059431801,VA,Fairfax,51059,-77.2804249,38.8004471,4263,-0.3672653054440449,-0.25737965979480715,-0.312322482619426,0.16565724466452858,706.1968340048853,994
51059430400,VA,Fairfax,51059,-77.2331389,38.8028289,7217,-0.2554373318612866,-0.3726373994060393,-0.3140373656336629,0.16519325851596733,1192.1997467097362,995
51510201805,VA,Alexandria,51510,-77.0419989,38.8149345,3383,0.42140529338708743,-1.0512860856731017,-0.3149403961430071,0.16494893068451447,558.0222325057124,996
51059415100,VA,Fairfax,51059,-77.071946,38.7753905,3633,-0.07042090491886745,-0.5601602390231021,-0.31529057197098476,0.16485418560138415,598.9152562898287,997
11001009901,DC,District of Columbia,11001,-76.9553332,38.8753461,2364,0.32314025779036976,-0.9550974199092153,-0.3159785810594228,0.1646680348934529,389.2752344881227,998
11001009302,DC,District of Columbia,11001,-76.9907773,38.9251636,1750,-0.7853672579295616,0.15230982991342562,-0.31652871400806804,0.16451918854888045,287.9085799605408,999
24031701308,MD,Montgomery,24031,-77.0607673,39.1321116,4234,0.004249068373863487,-0.6381917743827814,-0.31697135300445894,0.16439942623189827,696.0671706658572,1000
51059481900,VA,Fairfax,51059,-77.3127711,38.9599681,5821,-0.08475530645694104,-0.5509542389397175,-0.3178547726983293,0.16416040438730647,955.577713938511,1001
51013102400,VA,Arlington,51013,-77.0890693,38.8706341,3617,-0.6118397786519698,-0.02611846994305122,-0.3189791242975105,0.16385619496672107,592.6678571946301,1002
11001009201,DC,District of Columbia,11001,-76.9990184,38.9287161,3103,-1.05479871712741,0.4166004592722197,-0.3190991289275952,0.16382372599614975,508.3450217660527,1003
24031703000,MD,Montgomery,24031,-77.0213915,39.0183846,1829,-0.15032022130907377,-0.48819324445887297,-0.3192567328839734,0.1637810839896042,299.55560261698605,1004
51013101200,VA,Arlington,51013,-77.1383001,38.87293,3897,-0.12435707536724044,-0.5150133490190373,-0.31968521219313883,0.16366515277870097,637.8031003785977,1005
11001006801,DC,District of Columbia,11001,-76.9801087,38.8877413,2238,-0.7000012455021272,0.05558585439873484,-0.32220769555169615,0.1629826587959452,364.75519038532536,1006
51059430102,VA,Fairfax,51059,-77.3022141,38.802432,3117,-0.35516127956089777,-0.2929330095442724,-0.3240471445525851,0.1624849695364962,506.4656500452586,1007
51059491402,VA,Fairfax,51059,-77.4317689,38.8238977,4323,-0.6586881279230837,0.005725740965745667,-0.32648119347866905,0.1618264027554112,699.5755391116426,1008
51107611209,VA,Loudoun,51107,-77.3515373,39.0392626,6639,-0.17451212718001385,-0.47873574630125343,-0.3266239367406336,0.16178778152247453,1074.1090815277084,1009
51059480203,VA,Fairfax,51059,-77.23499,38.9269191,2828,-0.034602998458249344,-0.619852034522486,-0.3272275164903677,0.16162447438076066,457.07401354879113,1010
51179010213,VA,Stafford,51179,-77.4451742,38.4564269,2629,-0.19400255623856444,-0.46434046293166514,-0.32917150958511476,0.1610984992201386,423.5279544497444,1011
51059481400,VA,Fairfax,51059,-77.3413712,38.9276343,6647,0.08922502682856298,-0.7485669530793927,-0.3296709631254149,0.1609633649149847,1069.9234865899032,1012
24031700313,MD,Montgomery,24031,-77.2570537,39.1946701,3713,-0.5721380735957403,-0.08916957703224845,-0.3306538253139944,0.16069743747990053,596.6695853628706,1013
51059431400,VA,Fairfax,51059,-77.2299357,38.7681302,4405,-0.24839631234337223,-0.41602534135448754,-0.3322108268489299,0.1602761684256845,706.0165219151403,1014
51153901411,VA,Prince William,51153,-77.6328876,38.7807416,6810,-0.053621207854026624,-0.6111739034528904,-0.33239755565345847,0.16022564627454106,1091.1366511296246,1015
24031700835,MD,Montgomery,24031,-77.2273849,39.1980942,4388,-0.2630046967062174,-0.4019685853105524,-0.3324866410083849,0.1602015429564824,702.9643704930447,1016
51107611032,VA,Loudoun,51107,-77.4829189,38.9932441,2991,-0.9143282592815368,0.24619541004525702,-0.3340664246181399,0.1597741098857918,477.88436266840324,1017
51059420300,VA,Fairfax,51059,-77.1007551,38.7971322,6184,-0.27365687279424283,-0.39508069429978854,-0.3343687835470157,0.15969230234922666,987.5371977276177,1018
24031701407,MD,Montgomery,24031,-77.0147455,39.1081025,5578,0.12876262834027305,-0.800396231862958,-0.3358168017613425,0.15930052029252992,888.5783021917318,1019
51059430203,VA,Fairfax,51059,-77.2999921,38.8183279,2679,-0.21835633501412807,-0.45619060030271785,-0.337273467658423,0.15890639848147003,425.71024153185823,1020
24033803514,MD,Prince George's,24033,-76.8387812,38.9042525,5436,-0.11998121080944059,-0.5645054701435732,-0.3422433404765069,0.1575617282453327,856.5055547416287,1021
51510201204,VA,Alexandria,51510,-77.05602,38.8341111,2878,-0.510048244373402,-0.1820368624648025,-0.3460425534191023,0.1565337967968524,450.50426718134116,1022
24031701005,MD,Montgomery,24031,-77.1673715,39.083326,3281,-0.06510609881528444,-0.627400228154102,-0.3462531634846932,0.15647681322866114,513.4004242032372,1023
51153901412,VA,Prince William,51153,-77.6107683,38.7676013,8112,-0.5423003207222852,-0.152040091855122,-0.3471702062887036,0.15622869417029614,1267.3271671094424,1024
24033800608,MD,Prince George's,24033,-76.7424353,38.8558523,8212,-0.09804447575994467,-0.597291489555207,-0.3476679826575758,0.1560940136478813,1281.8440400764014,1025
51153901236,VA,Prince William,51153,-77.3412157,38.6851074,6506,-0.22308643148140048,-0.47291423122892173,-0.3480003313551611,0.1560040919500793,1014.962622227216,1026
24031700317,MD,Montgomery,24031,-77.3037387,39.2378679,6673,-0.6855324136418829,-0.011189436918361002,-0.34836092528012197,0.15590652810167208,1040.3642620224578,1027
11001009301,DC,District of Columbia,11001,-76.9864892,38.9307613,3853,-0.304548793992039,-0.3922077900472625,-0.34837829201965076,0.15590182928168253,600.6897482223228,1028
24031705502,MD,Montgomery,24031,-77.101874,38.9703808,4097,0.3232344496516746,-1.0208871609699257,-0.34882635565912556,0.15578059924985863,638.2331151266708,1029
51107611102,VA,Loudoun,51107,-77.4124143,39.0522021,6225,-0.2991011191571215,-0.4025063455141915,-0.35080373233565654,0.15524559168328902,966.4038082284742,1030
51107611202,VA,Loudoun,51107,-77.3749149,39.0517538,4735,0.019529972319864516,-0.7268160601046465,-0.353643043892391,0.1544773752960267,731.4503720266864,1031
51013103800,VA,Arlington,51013,-77.0720389,38.8464071,4964,-0.9974007047245912,0.2893211312009464,-0.3540397867618224,0.15437003083321008,766.2928330560549,1032
51059492100,VA,Fairfax,51059,-77.3310034,38.7604956,6592,0.3283280773820614,-1.0390300491194833,-0.35535098586871094,0.15401526714463692,1015.2686410174466,1033
51013100700,VA,Arlington,51013,-77.120587,38.8906898,5827,-0.3583795587655254,-0.3531394706884275,-0.3557595147269764,0.1539047338138213,896.8028839331367,1034
51107611015,VA,Loudoun,51107,-77.4573225,39.0541295,3771,-0.2174635618811351,-0.49556189198857925,-0.3565127269348572,0.1537009414685228,579.6062502777995,1035
24033800701,MD,Prince George's,24033,-76.8240372,38.8401423,8802,-0.08743402864629445,-0.6295106579299824,-0.35847234328813843,0.15317073921165272,1348.2088465409672,1036
51013100500,VA,Arlington,51013,-77.1138532,38.9017722,5029,-0.3086158817014409,-0.40852159167077523,-0.35856873668610806,0.15314465859793192,770.1644880889996,1037
24031700711,MD,Montgomery,24031,-77.1658884,39.1342913,6733,-0.45046251971250695,-0.2701398034844117,-0.3603011615984593,0.15267592623771842,1027.967011358558,1038
51013102702,VA,Arlington,51013,-77.0982611,38.8510432,1912,-0.9496524626394932,0.22865691187781628,-0.3604977753808385,0.15262272956431105,291.81465892696275,1039
51059460800,VA,Fairfax,51059,-77.250557,38.9020666,3162,0.011893189545680532,-0.7332871391014203,-0.3606969747778699,0.1525688333158457,482.4226509447041,1040
51059415200,VA,Fairfax,51059,-77.0516104,38.776663,3218,0.08848501705287014,-0.810308248967459,-0.36091161595729443,0.15251075907210018,490.77962269401837,1041
51059440800,VA,Fairfax,51059,-77.2410705,38.8280602,6397,0.04771042286878859,-0.7703677807202739,-0.36132867892574266,0.15239791671560632,974.8894732297337,1042
24031702602,MD,Montgomery,24031,-77.0480743,38.9936755,4769,-0.9148204082020966,0.19100222619497428,-0.36190909100356117,0.1522408779191813,726.0367467965757,1043
51059415800,VA,Fairfax,51059,-77.066409,38.723418,5047,0.10487983673120217,-0.8298996045544099,-0.3625098839116039,0.15207832479738154,767.5393052523846,1044
51013100100,VA,Arlington,51013,-77.158098,38.8957185,5125,-0.12776015467782037,-0.5990196065613388,-0.36338988061957955,0.15184022909062458,778.181174089451,1045
51059430801,VA,Fairfax,51059,-77.2235142,38.7820055,4629,-0.0921967302064215,-0.6349243095094567,-0.3635605198579391,0.1517940602019351,702.6547046747576,1046
51059450601,VA,Fairfax,51059,-77.208465,38.857657,4192,-0.2678395627206917,-0.4597112483322041,-0.36377540552644794,0.15173591980816786,636.0769758358397,1047
24031700718,MD,Montgomery,24031,-77.1823146,39.1146622,5487,-0.0046945331530550555,-0.7253687005650716,-0.3650316168590633,0.15139603384909064,830.7100377299604,1048
51013101000,VA,Arlington,51013,-77.1411664,38.8882158,3319,-0.10939008453770235,-0.6369611968010587,-0.3731756406693805,0.1491925516230908,495.1700788370384,1049
51107611207,VA,Loudoun,51107,-77.3944404,39.0372878,4325,-0.47909801079400455,-0.2674391970753749,-0.37326860393468975,0.14916739908086465,645.1490010247396,1050
51059491802,VA,Fairfax,51059,-77.3962895,38.8672075,2915,-0.44890215117405724,-0.2987306614123182,-0.3738164062931877,0.14901918331081965,434.39091935103926,1051
11001006500,DC,District of Columbia,11001,-77.0033314,38.883848,2609,-0.6844350719384268,-0.06668880259100864,-0.3755619372647177,0.14854690491867817,387.5588749328313,1052
51059415700,VA,Fairfax,51059,-77.05275,38.7212071,4187,-0.06163989637698945,-0.689888117387888,-0.3757640068824387,0.14849223209091716,621.7369757646702,1053
51059490105,VA,Fairfax,51059,-77.4514548,38.8803573,2761,-0.3489885299021799,-0.4031548278150206,-0.37607167885860027,0.14840898703335098,409.75721319908206,1054
51059461604,VA,Fairfax,51059,-77.2528744,38.8770696,2520,-0.6147579027661213,-0.13832051238131973,-0.3765392075737205,0.14828249044666286,373.6718759255904,1055
24031701002,MD,Montgomery,24031,-77.1661876,39.0630609,4089,0.2210255062308536,-0.976347227798378,-0.3776608607837622,0.14797901111388742,605.0861764446856,1056
24031700306,MD,Montgomery,24031,-77.2864135,39.1703788,7833,-0.5227638987187759,-0.2344466025458315,-0.3786052506323037,0.14772349292114348,1157.118120051317,1057
24031703210,MD,Montgomery,24031,-77.0141838,39.0325523,3760,-0.3206303746234603,-0.4376429138235473,-0.3791366442235038,0.14757971677798726,554.8997350852321,1058
51059430201,VA,Fairfax,51059,-77.2964263,38.8082895,4379,-0.22734699220351207,-0.5309450597124564,-0.37914602595798425,0.14757717841542128,646.2404642811298,1059
51153900502,VA,Prince William,51153,-77.2842706,38.6271336,4323,-0.523602449874205,-0.23577633636135126,-0.37968939311777816,0.1474301626518768,637.3405931440634,1060
51059421001,VA,Fairfax,51059,-77.1573266,38.7708647,2855,-0.3413853432426514,-0.41879572126447,-0.3800905322535607,0.14732162871626503,420.60324998493667,1061
24021751905,MD,Frederick,24021,-77.3038764,39.4073122,3755,-0.6113645775115274,-0.15224065097683695,-0.38180261424418216,0.14685840042474047,551.4532935949004,1062
51059471303,VA,Fairfax,51059,-77.2091642,38.8962791,4153,-0.5496673641528227,-0.214974474496067,-0.38232091932444484,0.1467181655655843,609.3205415938717,1063
51059440100,VA,Fairfax,51059,-77.2575052,38.8517375,7503,0.019777342594603974,-0.7848530374392397,-0.3825378474223179,0.14665947256331463,1100.3860226425497,1064
24031704403,MD,Montgomery,24031,-77.1050193,39.0165836,1622,0.3304079987204579,-1.0960054906579826,-0.38279874596876234,0.14658888272673395,237.76716778276247,1065
51510200703,VA,Alexandria,51510,-77.0566261,38.7971997,3494,-0.3668662529912819,-0.405589818816902,-0.38622803590409194,0.14566103924342705,508.9396711165341,1066
51107611805,VA,Loudoun,51107,-77.4967137,38.8951302,5069,-0.6256758388625839,-0.14717635121248587,-0.3864260950375349,0.14560745150959878,738.0841717021563,1067
51107610503,VA,Loudoun,51107,-77.5272113,39.1266106,8097,-0.5868662226365853,-0.1878923373469087,-0.387379279991747,0.1453495536751111,1176.8953361073745,1068
24033800410,MD,Prince George's,24033,-76.7682859,39.0107193,7030,-0.43365547998491605,-0.3421524409919951,-0.38790396048845555,0.14520759385576953,1020.8093848060598,1069
51107611206,VA,Loudoun,51107,-77.392009,39.0575376,4311,-0.4350484024539946,-0.3470702016503192,-0.3910593020521569,0.14435387102605896,622.3095379933402,1070
51510201601,VA,Alexandria,51510,-77.0522964,38.8095645,3347,-0.4582875382123877,-0.3257195723020891,-0.3920035552572384,0.1440983898041592,482.2973106745209,1071
51107611005,VA,Loudoun,51107,-77.4955021,39.040569,5573,-0.5820672515835407,-0.20249745511970532,-0.392282353351623,0.14402295698864595,802.6399392977239,1072
24031702401,MD,Montgomery,24031,-77.0086375,38.9891295,2722,0.006845522572593609,-0.7934531375727527,-0.39330380750007954,0.14374658794636166,391.27821238999644,1073
51059431900,VA,Fairfax,51059,-77.2579344,38.7974708,3173,0.006198235785543687,-0.7930943249775149,-0.3934480445959856,0.14370756253526745,455.9840959244036,1074
24031700613,MD,Montgomery,24031,-77.2979604,39.1409496,6636,-0.4648933084079043,-0.3229489970031649,-0.3939211527055346,0.1435795563635459,952.7939360284906,1075
11001000400,DC,District of Columbia,11001,-77.0649214,38.9227989,1643,-0.13023733543589808,-0.6603018384484701,-0.3952695869421841,0.14321471817758402,235.30178196577054,1076
24031704200,MD,Montgomery,24031,-77.0737102,39.0268367,2122,-0.21276623870199843,-0.5824876591348253,-0.3976269489184118,0.14257690014857907,302.5481821152848,1077
51059432201,VA,Fairfax,51059,-77.2982493,38.7917832,2393,-0.7074521125191144,-0.08869640886552593,-0.3980742606923202,0.14245587354474734,340.8969053925804,1078
51107611808,VA,Loudoun,51107,-77.5296094,38.9115884,5569,-0.7191442174120587,-0.07780631884898546,-0.3984752681305221,0.14234737524180127,792.7325327215913,1079
11001002704,DC,District of Columbia,11001,-77.0427534,38.9345766,2993,-1.0760054454013466,0.2781789069759946,-0.398913269212676,0.14222886777890903,425.6910012622747,1080
51059440501,VA,Fairfax,51059,-77.2732524,38.8295203,5006,-0.060969045257881646,-0.7407943138392823,-0.40088167954858195,0.1416962861841514,709.3316086378619,1081
51013103100,VA,Arlington,51013,-77.0829912,38.8511188,6207,-0.6942795366508139,-0.10795727424816565,-0.40111840544948973,0.14163223660285923,879.1112925939473,1082
51059470900,VA,Fairfax,51059,-77.1658514,38.9072006,7993,0.09265515483113873,-0.8959291122500718,-0.4016369787094665,0.14149192918384237,1130.944989966452,1083
11001001500,DC,District of Columbia,11001,-77.0558797,38.9741576,6156,-0.009104166599046276,-0.7965835767767044,-0.40284387168787533,0.14116538701150258,869.0141224428099,1084
51059432300,VA,Fairfax,51059,-77.2891663,38.7800323,5127,0.009709918743298455,-0.817843245714718,-0.4040666634857098,0.14083454318597088,722.0587029144727,1085
51059491707,VA,Fairfax,51059,-77.3765851,38.8694037,4568,-0.6888866649730212,-0.12043946718156212,-0.40466306607729163,0.14067317792713827,642.5950767711676,1086
51107610701,VA,Loudoun,51107,-77.7329499,39.1281225,5640,-0.3196362280309938,-0.4919376885635751,-0.40578695829728445,0.14036909279816845,791.68168338167,1087
24033800522,MD,Prince George's,24033,-76.7487053,38.8843063,3841,0.1400910719893354,-0.9528363788331183,-0.40637265342189144,0.14021062459780642,538.5490090801744,1088
51059460702,VA,Fairfax,51059,-77.2632296,38.8926878,4649,-0.0942750874763762,-0.7185993851680996,-0.40643723632223794,0.1401931507695943,651.7579579278439,1089
51059431500,VA,Fairfax,51059,-77.2169257,38.7691619,5733,-0.07279843116590902,-0.7410008631663562,-0.4068996471661326,0.1400680388962301,803.0100669920871,1090
24031702604,MD,Montgomery,24031,-77.0349117,38.9940399,2821,-1.0051945335539008,0.19080313724411796,-0.40719569815489143,0.1399879380631636,394.9059732761845,1091
11001000903,DC,District of Columbia,11001,-77.093331,38.9376821,4202,-1.6760416987062194,0.8590116132572017,-0.4085150427245089,0.1396309705030444,586.7293380537926,1092
24033800514,MD,Prince George's,24033,-76.7834766,38.9592889,6586,-0.043870342509358756,-0.774447203484498,-0.4091587729969284,0.13945680006265138,918.4624852126219,1093
24031700615,MD,Montgomery,24031,-77.2599373,39.0993888,2895,-0.01500885501061272,-0.8052650722802037,-0.4101369636454082,0.13919213657961563,402.96123539798725,1094
51610500100,VA,Falls Church,51610,-77.1774767,38.8904727,3529,0.14239713580606936,-0.9647276732284905,-0.41116526871121056,0.1389139139235705,490.2272022362803,1095
51059480302,VA,Fairfax,51059,-77.2439024,38.9539886,4621,-0.21336378051312524,-0.6100591679800109,-0.41171147424656807,0.13876613019688516,641.2382876398063,1096
24031700837,MD,Montgomery,24031,-77.210064,39.125196,7443,-1.0126107140928697,0.1846895409651064,-0.4139605865638817,0.13815760066272545,1028.3070217326656,1097
51059421200,VA,Fairfax,51059,-77.1344966,38.748636,2024,0.027828842269476503,-0.858874279960085,-0.4155227188453043,0.1377349434115992,278.7755254650768,1098
51013100600,VA,Arlington,51013,-77.1086306,38.8935957,3285,-0.3341647093733146,-0.49834474977109067,-0.41625472957220266,0.137536887430486,451.80867520914654,1099
51107611009,VA,Loudoun,51107,-77.4851543,39.0908089,5542,-0.3881381533672484,-0.44496163113102116,-0.41654989224913475,0.13745702694290068,761.7868433175556,1100
51059432800,VA,Fairfax,51059,-77.2049112,38.7390623,2225,-0.38562766803222465,-0.44857499121752376,-0.41710132962487423,0.13730782766690464,305.5099165588628,1101
51610500200,VA,Falls Church,51610,-77.1844491,38.8845752,6692,-0.2591900339334012,-0.578002383777834,-0.41859620885561755,0.13690336669138706,916.1573298987622,1102
51107611803,VA,Loudoun,51107,-77.5138979,38.9042311,6838,-0.6652922463216494,-0.1725879673989043,-0.41894010686027683,0.13681032016322447,935.5089692761289,1103
51107611208,VA,Loudoun,51107,-77.3506348,39.0572316,4384,-0.4289737106539903,-0.4099359157647254,-0.41945481320935785,0.13667105899230642,599.1659226222713,1104
51107611022,VA,Loudoun,51107,-77.5169756,39.008728,7320,-0.6694129642480044,-0.17064495578040162,-0.42002896001420303,0.13651571535517357,999.2950363998705,1105
51107611004,VA,Loudoun,51107,-77.5230497,39.0563815,8935,-0.5854084775028173,-0.25476841369391606,-0.42008844559836667,0.13649962067882432,1219.6241107652952,1106
51059440702,VA,Fairfax,51059,-77.2443509,38.8208175,5397,-0.06154379676939681,-0.7787502036275292,-0.420147000198463,0.13648377789354177,736.6029492914449,1107
24031700838,MD,Montgomery,24031,-77.2024124,39.1034094,4720,-0.8979670243975115,0.05674985596796098,-0.42060858421477526,0.13635888973021626,643.6139595266208,1108
51059432402,VA,Fairfax,51059,-77.2675605,38.7630373,5100,-0.15206107438286587,-0.6899664987690378,-0.42101378657595184,0.13624925643080787,694.8712077971202,1109
51107611020,VA,Loudoun,51107,-77.4597804,38.9989021,6892,-0.9348854704956779,0.09240211235144874,-0.4212416790721146,0.13618759685362228,938.6049175151647,1110
51013101803,VA,Arlington,51013,-77.0886623,38.8789158,4722,-1.0470426293867532,0.20159731775194248,-0.42272265581740537,0.13578689739456212,641.1857294971223,1111
24021752205,MD,Frederick,24021,-77.3349063,39.3436882,3571,-0.5366194268490129,-0.30908816091290947,-0.42285379388096117,0.1357514161141868,484.7683069437611,1112
24031704805,MD,Montgomery,24031,-77.0933803,38.9865015,2679,-0.2641508802675356,-0.5817770281658777,-0.42296395421670663,0.13572161065837293,363.5981949537811,1113
51059471304,VA,Fairfax,51059,-77.2053067,38.8909877,2073,-0.14732408183351717,-0.699811748658456,-0.4235679152459866,0.13555820035601981,281.0121493380291,1114
51107611019,VA,Loudoun,51107,-77.4942634,39.0241155,6045,-0.4270246737342535,-0.4230631433036488,-0.42504390851895113,0.1351588492467374,817.0352436965276,1115
51059481500,VA,Fairfax,51059,-77.3370658,38.9189251,2289,0.2550626349385243,-1.1059182935330054,-0.42542782929724055,0.13505497398423127,309.1408354499054,1116
24031703602,MD,Montgomery,24031,-77.0621522,39.0315386,2928,-0.20537323524268308,-0.6486596725937895,-0.4270164539182363,0.13462514885138782,394.18243583686353,1117
51059491000,VA,Fairfax,51059,-77.5079088,38.8524412,2206,-0.08090681039560811,-0.775042335630742,-0.42797457301317504,0.13436591601449288,296.4112107279713,1118
51059431802,VA,Fairfax,51059,-77.2755187,38.8079685,3259,-0.16325854676335075,-0.6937128285408827,-0.4284856876521167,0.13422762663216942,437.44783519424016,1119
11001004801,DC,District of Columbia,11001,-77.0195344,38.9117413,2820,-0.9550780968769953,0.09710609000224643,-0.4289860034373744,0.13409225903429894,378.14017047672303,1120
51013102002,VA,Arlington,51013,-77.1048667,38.8788638,1243,-1.10770492007032,0.2456144145722946,-0.4310452527490127,0.13353509965427002,165.98412887025762,1121
51059450900,VA,Fairfax,51059,-77.1846865,38.8518932,1704,-0.1093264486252989,-0.7532772583268001,-0.43130185347604955,0.1334656726542546,227.42550620284985,1122
11001001004,DC,District of Columbia,11001,-77.0853886,38.9487665,4480,-0.32673001315600325,-0.5362488093788553,-0.4314894112674293,0.13341492620885134,597.698869415654,1123
51153901235,VA,Prince William,51153,-77.3364202,38.6980298,3262,-0.2342274387425811,-0.6300347082441088,-0.43213107349334495,0.13324131530804462,434.63317053484155,1124
51059492300,VA,Fairfax,51059,-77.242462,38.7363597,3402,-0.45345932588050153,-0.4126219988992742,-0.43304066238988786,0.13299521301104986,452.44971466359164,1125
24031700318,MD,Montgomery,24031,-77.2631573,39.2650337,3290,-0.6726346903740085,-0.19410573263965597,-0.4333702115068322,0.13290604877986711,437.2609004857628,1126
11001011002,DC,District of Columbia,11001,-77.0182455,38.8681789,1859,0.041001311152765,-0.9091923475821893,-0.43409551821471215,0.13270980666706936,246.70753059408193,1127
11001002002,DC,District of Columbia,11001,-77.0310824,38.9525009,4072,-0.38949440227260773,-0.4814896881331219,-0.4354920452028648,0.13233195629872627,538.8557260484133,1128
51059482303,VA,Fairfax,51059,-77.3361848,38.9337358,3617,-0.09795446204800871,-0.7744261470985024,-0.4361903045732556,0.13214303223027685,477.96134757691135,1129
51059492500,VA,Fairfax,51059,-77.3949078,38.7872701,4139,0.12636730780029104,-0.9994980918112331,-0.436565392005471,0.132041546956003,546.5199628508965,1130
24031701507,MD,Montgomery,24031,-77.013595,39.0833905,5133,0.1509904627828197,-1.0283618717250171,-0.4386857044710987,0.13146786606552505,674.8245565143401,1131
51610500300,VA,Falls Church,51610,-77.1619697,38.8788854,4437,-0.40676876426830827,-0.4715717304431538,-0.43917024735573107,0.13133676605171254,582.7412309714485,1132
51059440505,VA,Fairfax,51059,-77.2950675,38.8319832,1346,-0.05639988773182981,-0.8247091932790572,-0.4405545405054435,0.13096222572349045,176.27515582381815,1133
51059422301,VA,Fairfax,51059,-77.1283467,38.7801378,3133,-0.5105866829635192,-0.37180207844744373,-0.44119438070548145,0.1307891077978678,409.76227473071975,1134
24031700610,MD,Montgomery,24031,-77.2520748,39.1387592,1938,-0.11536429018143214,-0.7684819616000634,-0.4419231258907478,0.1305919353557903,253.08717071952162,1135
51059460100,VA,Fairfax,51059,-77.275014,38.9478426,4544,0.002230823101017064,-0.8861763990868723,-0.4419727879929276,0.13057849856311782,593.3486974708073,1136
24031701303,MD,Montgomery,24031,-77.0989671,39.107439,3789,0.1264276121003345,-1.0107679334292181,-0.4421701606644418,0.13052509656139127,494.55959087111154,1137
51059440701,VA,Fairfax,51059,-77.2532501,38.8144058,2895,0.026124172479631433,-0.9120619783234586,-0.4429689029219136,0.13030898540939975,377.2445127602123,1138
51059492201,VA,Fairfax,51059,-77.3144427,38.7295885,3097,0.14352823096471579,-1.0308339367739994,-0.4436528529046418,0.13012393295062558,402.9938203480874,1139
51059482204,VA,Fairfax,51059,-77.3540586,38.9577858,1975,-0.19347850907216868,-0.6973255695885019,-0.4454020393303353,0.12965066552303126,256.0600644079867,1140
51059422201,VA,Fairfax,51059,-77.2345178,38.7118565,4071,-0.11539088266911039,-0.7765680812907174,-0.4459794819799139,0.1294944301479248,527.1718251322019,1141
51059440300,VA,Fairfax,51059,-77.2273479,38.8444043,2765,0.06624051370641981,-0.9585213217292237,-0.4461404040114019,0.12945089038865906,357.9317119246423,1142
51013102802,VA,Arlington,51013,-77.103158,38.8465841,1317,-0.3096862085067528,-0.5841584961858554,-0.44692235234630406,0.12923932307282876,170.20818848691547,1143
51013103602,VA,Arlington,51013,-77.0537786,38.854059,1241,-1.5356129900762496,0.6363597268735334,-0.44962663160135813,0.12850764160781353,159.4779832352966,1144
51059461700,VA,Fairfax,51059,-77.2532257,38.8689851,6937,-0.6883416289647379,-0.21123510529638817,-0.449788367130563,0.12846388174509504,891.1539476657243,1145
24031701211,MD,Montgomery,24031,-77.1540952,39.1090766,6350,-0.5007458607355884,-0.39898145395852863,-0.44986365734705847,0.1284435108992204,815.6162942100495,1146
51059450701,VA,Fairfax,51059,-77.2132808,38.8432133,3055,-0.3028000843424867,-0.5992231769789877,-0.45101163066073724,0.12813291028562582,391.44604092258686,1147
11001005601,DC,District of Columbia,11001,-77.0524317,38.901567,2900,-1.4702013465195327,0.5663495581120414,-0.4519258942037457,0.12788554319611087,370.8680752687215,1148
24031701306,MD,Montgomery,24031,-77.0958669,39.1388468,3000,-0.03276823314296914,-0.8711217810937057,-0.45194500711833746,0.12788037192346102,383.64111577038307,1149
51059451200,VA,Fairfax,51059,-77.1634913,38.8518281,1721,0.24116509192535956,-1.150031058782853,-0.4544329834287467,0.12720721431656032,218.92361583880032,1150
24031701307,MD,Montgomery,24031,-77.1120004,39.1611045,4598,-0.3804635145606655,-0.5289679092297115,-0.4547157118951885,0.12713071808262255,584.5470417438985,1151
51510201400,VA,Alexandria,51510,-77.0616812,38.8219432,4158,-0.3779818625222438,-0.5321890705830222,-0.45508546655263304,0.12703067566690326,528.1935494229838,1152
51107611030,VA,Loudoun,51107,-77.5149317,38.9942494,6176,-1.0438702933135566,0.13196108868417822,-0.4559546023146892,0.12679551854454252,783.0891225310946,1153
51059471301,VA,Fairfax,51059,-77.2108042,38.9044018,3973,-1.270656711241587,0.35858917662726164,-0.45603376730716266,0.12677409932255845,503.6734966085247,1154
51013103300,VA,Arlington,51013,-77.0730769,38.8627679,2492,-0.9439843335555236,0.02948529550871241,-0.4572495190234056,0.12644516029188219,315.10133944737044,1155
51013103700,VA,Arlington,51013,-77.0628271,38.8499615,2626,-0.027351792442473332,-0.8888733024483573,-0.4581125474454153,0.1262116555977994,331.43180759982124,1156
51059420201,VA,Fairfax,51059,-77.1460645,38.7895063,3732,-0.3784348918903634,-0.538305712266914,-0.4583703020786387,0.12614191639194672,470.76163197474517,1157
51059432701,VA,Fairfax,51059,-77.2207466,38.7540026,3132,-0.09631665572652212,-0.8212050932498379,-0.45876087448818004,0.12603624143538533,394.74550817562687,1158
24031702503,MD,Montgomery,24031,-77.0281693,38.997102,4014,-0.6991275754435772,-0.22274514911792773,-0.46093636228075247,0.12544763207035128,503.5467951303901,1159
51059461606,VA,Fairfax,51059,-77.2240807,38.8803925,3069,-1.2251750966744597,0.30133783036946027,-0.4619186331524997,0.12518186462450093,384.18314253259337,1160
11001004802,DC,District of Columbia,11001,-77.0188917,38.9062118,3634,-0.9038387559226244,-0.02018074922165726,-0.46200975257214083,0.12515721096111548,454.8213046326937,1161
11001000202,DC,District of Columbia,11001,-77.0696362,38.9063048,4672,-0.8842651492466977,-0.04071995933061312,-0.46249255428865543,0.12502658204526257,584.1241913154668,1162
51059480502,VA,Fairfax,51059,-77.3831614,38.9942965,5763,-0.1673753591719764,-0.7582151787479638,-0.46279526895997014,0.12494467825748798,720.0561807979033,1163
11001000803,DC,District of Columbia,11001,-77.0835217,38.9336425,3174,-0.4232457610082699,-0.5036505511150671,-0.46344815606166845,0.12476803030585082,396.0137281907705,1164
51510201900,VA,Alexandria,51510,-77.050946,38.8049862,1798,-0.2564428499575907,-0.6710244148279088,-0.46373363239274973,0.12469079059779835,224.19404149484143,1165
51059460504,VA,Fairfax,51059,-77.2302783,38.9018463,3979,-0.41096954056542945,-0.5165231268513215,-0.4637463337083755,0.1246873540750327,496.1309818645551,1166
24031700604,MD,Montgomery,24031,-77.3117792,39.0887088,6725,-0.04598339861213155,-0.8815111373855907,-0.4637472679988611,0.12468710128936716,838.5207561709942,1167
51059460900,VA,Fairfax,51059,-77.259836,38.9113136,2631,-0.05107945623869415,-0.8790519644239514,-0.46506571033132277,0.12433037784242629,327.1132241034236,1168
51059490502,VA,Fairfax,51059,-77.3713933,38.8417093,6585,-0.12517100468635314,-0.8070900378333363,-0.4661305212598447,0.12404227800263012,816.8184006473193,1169
51059432401,VA,Fairfax,51059,-77.2786229,38.7671156,3615,-0.030985992082115,-0.9014848282632685,-0.46623541017269177,0.12401389880574343,448.3102441827625,1170
51107611029,VA,Loudoun,51107,-77.5916968,39.0064293,7139,-0.5429374776769421,-0.3932388161140606,-0.4680881468955014,0.1235126143629111,881.7565539368223,1171
51107610602,VA,Loudoun,51107,-77.579475,39.0746768,2807,-0.5822113203373142,-0.35514308687478413,-0.46867720360604914,0.12335323663735072,346.25253524104346,1172
24031701222,MD,Montgomery,24031,-77.1168941,39.0393872,3784,0.02081756152450977,-0.9584156699624065,-0.46879905421894835,0.12332026820970314,466.6438949055167,1173
24031705901,MD,Montgomery,24031,-77.1411785,38.9959383,4501,0.15139992509235878,-1.094971827860142,-0.47178595138389157,0.12251212042340813,551.42705402576,1174
51059480504,VA,Fairfax,51059,-77.3529986,38.9823873,2017,-0.21709494988641548,-0.7284064107534941,-0.4727506803199548,0.1222510991993751,246.5804670851396,1175
51059432500,VA,Fairfax,51059,-77.2526381,38.7551834,5758,-0.15672485796941,-0.7894231082981527,-0.47307398313378135,0.12216362499491858,703.4181527207412,1176
51059471100,VA,Fairfax,51059,-77.1975824,38.910538,7030,-0.6165963581087534,-0.3308109971957822,-0.4737036776522678,0.1219932521286781,857.6125624646071,1177
24031705501,MD,Montgomery,24031,-77.0902928,38.9607393,2377,-0.5449308318653944,-0.40460872945591675,-0.47476978066065556,0.12170480269817774,289.2923160135685,1178
24031701007,MD,Montgomery,24031,-77.1865835,39.0987809,3129,-0.46564440612435365,-0.48438152179357985,-0.47501296395896675,0.12163900597557854,380.6084496975853,1179
11001005602,DC,District of Columbia,11001,-77.0554558,38.8988888,4100,-0.7196638545540164,-0.23061544906700682,-0.4751396518105116,0.12160472876376888,498.5793879314524,1180
11001002702,DC,District of Columbia,11001,-77.0421774,38.930168,5825,-1.013933267125135,0.06364616377693266,-0.4751435516741012,0.121603673599847,708.3413987191087,1181
24031700611,MD,Montgomery,24031,-77.32003,39.1576526,5816,-0.6529709257162284,-0.2977253719565849,-0.47534814883640664,0.12154831690871616,706.9250111410933,1182
51059461202,VA,Fairfax,51059,-77.336499,38.8591863,6502,-0.7739369710255459,-0.17712477962088016,-0.47553087532321303,0.12149887764192678,789.985702427808,1183
51059460600,VA,Fairfax,51059,-77.234497,38.8882025,4173,-0.2120971463248611,-0.7389981994497954,-0.47554767288732824,0.1214943328204933,506.9958508599185,1184
51059420203,VA,Fairfax,51059,-77.1291703,38.7922052,2718,-0.21222089553045215,-0.739951655344515,-0.4760862754374836,0.12134860619029336,329.82551162521736,1185
51059460503,VA,Fairfax,51059,-77.2200457,38.9019952,3778,-0.6319541844320408,-0.32383628213429183,-0.4778952332831663,0.12085916674937534,456.60593197914005,1186
11001009509,DC,District of Columbia,11001,-76.9950319,38.949214,3194,-0.21587099356536293,-0.741241229060197,-0.47855611131278,0.12068035673779817,385.4530594205274,1187
51013100400,VA,Arlington,51013,-77.1060829,38.9115768,3780,0.07986777548915963,-1.037184062797294,-0.4786581436540671,0.12065275042723969,456.067396614966,1188
11001001303,DC,District of Columbia,11001,-77.0589323,38.9446266,3763,-0.549089814515286,-0.4099499616623386,-0.4795198880888123,0.12041959313429197,453.13892896434066,1189
24031706009,MD,Montgomery,24031,-77.1938101,38.9959125,5569,0.024047397908840362,-0.9840101538892845,-0.47998137799022206,0.12029473043510062,669.9213537930754,1190
51059482203,VA,Fairfax,51059,-77.3624427,38.959634,4695,-0.263057053618445,-0.7004814639039325,-0.48176925876118876,0.11981099369847159,562.5126154143242,1191
24031704503,MD,Montgomery,24031,-77.1190762,39.00658,4247,-0.3237761146202866,-0.640328105400765,-0.48205211001052584,0.11973446424386384,508.51226964368976,1192
24031704100,MD,Montgomery,24031,-77.0745888,39.0169675,4844,0.06924314124804812,-1.0338696466379178,-0.48231325269493486,0.11966380835226192,579.6514876583568,1193
24031705100,MD,Montgomery,24031,-77.0730231,38.9954347,5665,0.1251377082179802,-1.0907678558343152,-0.4828150738081675,0.11952803346635862,677.1263095869216,1194
51059451900,VA,Fairfax,51059,-77.1543577,38.8234282,6015,-0.6382331312432243,-0.32825200134015975,-0.48324256629169204,0.11941236925525925,718.2654010703844,1195
51013101603,VA,Arlington,51013,-77.074845,38.8961541,4482,-0.9485492544277321,-0.018588492019745256,-0.48356887322373865,0.11932408224361345,534.8105366158754,1196
24031700905,MD,Montgomery,24031,-77.1311847,39.0573474,4149,-0.76976119132683,-0.19856615981019343,-0.4841636755685117,0.11916314995446295,494.40790916106675,1197
51059461100,VA,Fairfax,51059,-77.2916371,38.8986765,7442,-0.16230350818252942,-0.8064566955035075,-0.4843801018430185,0.11910459272768877,886.3763790794598,1198
51059422202,VA,Fairfax,51059,-77.2400878,38.6924058,6444,-0.69505996451454,-0.2743056355737392,-0.4846828000441396,0.11902269339616085,766.9822362448606,1199
24031704300,MD,Montgomery,24031,-77.0894389,39.0231982,4088,-0.20821976926291416,-0.7636236782448996,-0.4859217237539069,0.1186874848509226,485.1944380705716,1200
11001003500,DC,District of Columbia,11001,-77.024341,38.9223765,4801,-1.522469639639863,0.5477114841665633,-0.4873790777366498,0.11829317686843661,567.9255421453641,1201
51510200202,VA,Alexandria,51510,-77.0975078,38.817098,1698,0.15459710392119635,-1.1311915161470385,-0.48829720611292105,0.11804476409295617,200.44000942983956,1202
24031705702,MD,Montgomery,24031,-77.1108685,38.9542113,4565,0.16225551114667136,-1.1391093380186934,-0.488426913436011,0.11800966991989534,538.7141431843222,1203
24031704404,MD,Montgomery,24031,-77.0997918,39.0120658,5733,-0.09613038512197716,-0.8809118132627594,-0.48852109919236825,0.11798418661521583,676.4033418650323,1204
51013101703,VA,Arlington,51013,-77.0748886,38.8893216,2352,-0.8095603900794817,-0.16823758634952235,-0.488898988214502,0.11788194333068401,277.25833071376877,1205
51059422402,VA,Fairfax,51059,-77.1329366,38.7648774,5236,-0.5846182729940174,-0.39708236948918463,-0.490850321241601,0.11735398224629082,614.4654510415787,1206
51059480100,VA,Fairfax,51059,-77.2702475,39.0056714,4399,0.07111976563752398,-1.0548613274349912,-0.4918707808987336,0.11707788227787067,515.025604140353,1207
24031706013,MD,Montgomery,24031,-77.1589988,39.0095058,2980,0.005649203845068665,-0.9902314278365841,-0.49229111199575776,0.11696415568240634,348.5531839335709,1208
51013101409,VA,Arlington,51013,-77.1128394,38.8811748,2120,-0.5554780850589194,-0.42991055502201003,-0.4926943200404647,0.11685506197386801,247.73273138460019,1209
51059471204,VA,Fairfax,51059,-77.2070218,38.9258503,2692,-1.0687218606635713,0.08280407042283405,-0.4929588951203686,0.1167834773985292,314.3811211568406,1210
51059470300,VA,Fairfax,51059,-77.1381524,38.929091,3418,0.09288248494191674,-1.0805255973395265,-0.49382155619880486,0.11655007209450885,398.36814641903123,1211
51059421101,VA,Fairfax,51059,-77.1731098,38.7514882,5912,-0.5629890049637303,-0.42807057701877294,-0.4955297909912516,0.11608788471752421,686.3115744500031,1212
51059480802,VA,Fairfax,51059,-77.3721513,38.9698035,3910,-0.6023128804215019,-0.38950445372747594,-0.4959086670744889,0.11598537436948075,453.50281378466974,1213
11001001100,DC,District of Columbia,11001,-77.0776732,38.9572432,5300,-0.18470224383980083,-0.8161029528198016,-0.5004025983298013,0.11476947693639598,608.2782277628987,1214
51059461000,VA,Fairfax,51059,-77.2747173,38.9020855,2530,-0.20471184646811694,-0.7985508216332176,-0.5016313340506673,0.11443702489739907,289.52567299041965,1215
11001010602,DC,District of Columbia,11001,-76.9994636,38.9033936,6594,-1.436399810308718,0.42950711820425996,-0.503446346052229,0.11394594741794092,751.3595772739025,1216
51107611012,VA,Loudoun,51107,-77.4984735,39.0656193,4509,-0.5281066698730146,-0.4788135081294458,-0.5034600890012302,0.11394222906635428,513.7655108601914,1217
51107611811,VA,Loudoun,51107,-77.5498926,38.928686,8098,-0.8231564397878625,-0.18565732719256978,-0.5044068834902161,0.11368606026371496,920.6297160155638,1218
51059440201,VA,Fairfax,51059,-77.2221663,38.8732853,4133,-1.1182240647683885,0.10902276871440046,-0.504600648026994,0.11363363449449283,469.6478113657389,1219
51510202001,VA,Alexandria,51510,-77.0439449,38.800584,2379,0.22144175000031996,-1.232344290827059,-0.5054512704133696,0.11340348643094694,269.7868942192228,1220
11001001600,DC,District of Columbia,11001,-77.0382324,38.9849725,4471,0.10484620139988779,-1.116492807931581,-0.5058233032658466,0.11330282761694856,506.576942275377,1221
51059430101,VA,Fairfax,51059,-77.3165912,38.8096896,4718,-0.08079543600337859,-0.9325425085452357,-0.5066689722743072,0.11307401976070663,533.4832252310139,1222
51059420503,VA,Fairfax,51059,-77.0749248,38.7895702,3505,-0.8531830353493952,-0.16145521803143048,-0.5073191266904129,0.11289811117627577,395.70787967284656,1223
11001001702,DC,District of Columbia,11001,-77.0160682,38.9717231,3356,-0.5674141271665765,-0.44728756794712243,-0.5073508475568494,0.11288952864176774,378.85725812177253,1224
24031701006,MD,Montgomery,24031,-77.182253,39.0802814,5550,-0.0013114344651778671,-1.0153367449495343,-0.5083240897073561,0.11262620404569786,625.0754324536231,1225
51059492203,VA,Fairfax,51059,-77.2643325,38.7212462,4014,-0.08544310959701752,-0.9321032092531496,-0.5087731594250836,0.11250470180500036,451.59387304527144,1226
24031701314,MD,Montgomery,24031,-77.0606903,39.147117,2885,-0.23919100250449132,-0.7807456360875373,-0.5099683192960143,0.11218133419285171,323.6431491463772,1227
51510202002,VA,Alexandria,51510,-77.042343,38.7921158,2430,-0.08429967581671906,-0.9387073252025933,-0.5115035005096562,0.11176596893892607,271.59130452159036,1228
51107611812,VA,Loudoun,51107,-77.5340828,38.9444257,3241,-1.193161265945676,0.1691901181330554,-0.5119855739063104,0.1116355370804375,361.8107756776979,1229
24031705701,MD,Montgomery,24031,-77.115724,38.9658091,4652,-0.1655606600477793,-0.8623314745660262,-0.5139460673069027,0.11110509752586221,516.860913690311,1230
51059470500,VA,Fairfax,51059,-77.1813634,38.9451371,5717,0.01743258399554459,-1.0460117114748793,-0.5142895637396674,0.11101215964872434,634.656516711757,1231
51059482002,VA,Fairfax,51059,-77.345466,38.972905,3545,-0.049739237084301856,-0.9793060236383277,-0.5145226303613148,0.11094910013781974,393.314559988571,1232
11001002600,DC,District of Columbia,11001,-77.0404553,38.9464323,2592,-0.29894528113513885,-0.731128785109546,-0.5150370331223424,0.1108099211069955,287.2193155093323,1233
51013102500,VA,Arlington,51013,-77.0800458,38.8661713,5291,-0.8881678306033719,-0.1433404076910315,-0.5157541191472017,0.1106159032176705,585.2687439246946,1234
51059491703,VA,Fairfax,51059,-77.3569829,38.8547254,5035,-1.1105404989328453,0.07872071439482226,-0.5159098922690115,0.11057375656962637,556.7388643280688,1235
51059461801,VA,Fairfax,51059,-77.2915199,38.8740065,1385,-0.7037286667658785,-0.3283675773866331,-0.5160481220762558,0.11053635651647568,153.09285377531882,1236
51059481702,VA,Fairfax,51059,-77.3542665,38.8713315,4787,-0.6576298114027934,-0.374521467505359,-0.5160756394540762,0.11052891129598695,529.1018983738895,1237
24031706010,MD,Montgomery,24031,-77.1669436,39.0254825,3147,-0.11853819281057741,-0.9139535667805316,-0.5162458797955545,0.11048285033455899,347.6895300028571,1238
51510201804,VA,Alexandria,51510,-77.0488125,38.8312553,3710,-0.9385646350571574,-0.09731072264457856,-0.5179376788508679,0.11002510988153821,408.19315766050676,1239
11001002501,DC,District of Columbia,11001,-77.0317348,38.9446515,2688,-0.5338427485882794,-0.5059747748185809,-0.5199087617034301,0.10949180519914133,294.3139723752919,1240
11001000802,DC,District of Columbia,11001,-77.0896118,38.9126765,3327,-0.674079215281081,-0.3685676043751933,-0.5213234098281372,0.10910905189789398,363.00581566429327,1241
51510200704,VA,Alexandria,51510,-77.067989,38.8013013,2906,-1.0917868953058638,0.047411591838189486,-0.5221876517338372,0.1088752188784274,316.39138606071003,1242
24031700829,MD,Montgomery,24031,-77.2211774,39.1269866,3498,-0.5935303157996636,-0.45304392062647675,-0.5232871182130702,0.10857774248328188,379.80494320652,1243
24031705200,MD,Montgomery,24031,-77.065309,38.9837902,3344,0.05133478416395342,-1.0980819102953754,-0.523373563065711,0.10855435359091616,363.0057584080236,1244
51013101705,VA,Arlington,51013,-77.0755724,38.8927606,4175,-1.0011021139543437,-0.04659932188010322,-0.5238507179172235,0.10842525251522611,452.67542925106903,1245
51059491101,VA,Fairfax,51059,-77.4842191,38.8569742,3765,-0.2172030563382216,-0.8305750861832293,-0.5238890712607255,0.10841487546910215,408.1820061411696,1246
51059491404,VA,Fairfax,51059,-77.4383709,38.8131237,4006,-0.6726464409531974,-0.375507922661151,-0.5240771818071742,0.10836397946790213,434.10610174841594,1247
51059482603,VA,Fairfax,51059,-77.3772411,38.8788529,3501,-0.37086657152870167,-0.6781041553977762,-0.5244853634632389,0.10825354007761225,378.99564381172047,1248
11001001003,DC,District of Columbia,11001,-77.0930741,38.9492362,3111,-0.21133415538040914,-0.8377620009096683,-0.5245480781450388,0.10823657172267201,336.7239746292326,1249
51059491405,VA,Fairfax,51059,-77.4270519,38.8098819,2761,-0.22962965757636092,-0.8205101402208393,-0.5250698988986001,0.10809538564777699,298.45135977351225,1250
51059460200,VA,Fairfax,51059,-77.2889423,38.9273764,3970,0.02797565479520459,-1.0811601532039365,-0.526592249204366,0.10768349197965547,427.50346315923224,1251
51510200701,VA,Alexandria,51510,-77.0816421,38.8035955,951,-1.319109034806943,0.26061801202970486,-0.5292455113886191,0.10696561391346998,101.72429883170996,1252
24031700608,MD,Montgomery,24031,-77.2582656,39.0580546,5800,-0.26890424629567344,-0.7972170733074939,-0.5330606598015837,0.1059333708953603,614.4135511930897,1253
24031705800,MD,Montgomery,24031,-77.1596982,38.9660822,6489,-0.05141100217320105,-1.0149245874350474,-0.5331677948041242,0.10590438398675359,687.213547690044,1254
51510200900,VA,Alexandria,51510,-77.0753683,38.8260244,5078,-0.0861872772128748,-0.9811689283969619,-0.5336781028049183,0.10576631285192821,537.0813366620914,1255
51013103200,VA,Arlington,51013,-77.0833651,38.8597977,5520,-0.8741058807650174,-0.19393165889646677,-0.534018769830742,0.10567414051134201,583.3212556226079,1256
51013101300,VA,Arlington,51013,-77.1228324,38.8738117,6940,-0.6788632647244658,-0.3914550519934386,-0.5351591583589522,0.10536559207003442,731.2372089660389,1257
51059460400,VA,Fairfax,51059,-77.2523996,38.9232301,5134,-0.2718704814869826,-0.7985054623732434,-0.535187971930113,0.10535779614588203,540.9069254129583,1258
24031706011,MD,Montgomery,24031,-77.1759645,39.0379466,5578,-0.06105043632217613,-1.0099025515746747,-0.5354764939484254,0.10527973238354926,587.2503472354377,1259
51059492000,VA,Fairfax,51059,-77.3516158,38.803927,6550,0.01791425045451105,-1.0897864019523538,-0.5359360757489213,0.1051553859483752,688.7677779618575,1260
11001003701,DC,District of Columbia,11001,-77.0342887,38.9214487,2916,-1.3771372104677535,0.30440607411087167,-0.5363655681784409,0.10503918062325704,306.2942506974175,1261
51059415600,VA,Fairfax,51059,-77.0496127,38.7491985,2754,0.1837316962514811,-1.2568798287321434,-0.5365740662403311,0.104982768487901,289.1225444156794,1262
11001005003,DC,District of Columbia,11001,-77.0307609,38.9074041,2143,-1.169393971651057,0.09564784314127325,-0.5368730642548919,0.10490187029481625,224.80470804179123,1263
24031700314,MD,Montgomery,24031,-77.2613337,39.209673,3839,-0.5518546712742783,-0.523017526035694,-0.5374360986549862,0.10474953327786615,402.1334582537282,1264
24031704401,MD,Montgomery,24031,-77.1147298,39.0218818,3664,-0.14415437064759126,-0.9309545738379664,-0.5375544722427789,0.1047175056091358,383.6849405518736,1265
11001006802,DC,District of Columbia,11001,-76.9814483,38.8832158,2580,-0.8072131716019414,-0.2730286577028152,-0.5401209146523783,0.10402311787583368,268.3796441196509,1266
51059491501,VA,Fairfax,51059,-77.4170951,38.8448545,7696,-0.9533409690707418,-0.12850892013967322,-0.5409249446052076,0.10380557606216827,798.887713374447,1267
24031705400,MD,Montgomery,24031,-77.0836487,38.9786948,2904,0.038381949096824186,-1.1202882975930786,-0.5409531742481272,0.10379793812816066,301.42921232417854,1268
11001003600,DC,District of Columbia,11001,-77.0296273,38.9236744,4775,-1.1004218825516108,0.01636150536828762,-0.5420301885916616,0.10350653647973734,494.24371169074584,1269
51059481106,VA,Fairfax,51059,-77.3832159,38.9242274,5362,-0.25654272505834846,-0.830142950212853,-0.5433428376356008,0.10315138048993887,553.0977021870522,1270
51059482400,VA,Fairfax,51059,-77.3106466,38.9404043,2344,-0.11824624850187422,-0.9704350991486987,-0.5443406738252865,0.10288140162449812,241.15400540782358,1271
51059491701,VA,Fairfax,51059,-77.3794583,38.8611759,4127,-0.7442642990883108,-0.3458465879618484,-0.5450554435250796,0.10268801045007865,423.7934191274746,1272
51059461802,VA,Fairfax,51059,-77.3040196,38.8720349,5448,-0.681682989124205,-0.410036945177512,-0.5458599671508585,0.10247033506612964,558.2583854402743,1273
51013101701,VA,Arlington,51013,-77.0813675,38.8898621,5507,-1.5730801064654047,0.48050387024179625,-0.5462881181118042,0.10235449269453767,563.6661912688189,1274
11001004600,DC,District of Columbia,11001,-77.0133001,38.9097456,3543,-1.0035893973482921,-0.09351408134441486,-0.5485517393463535,0.1017420375651204,360.4720390932216,1275
51013101401,VA,Arlington,51013,-77.1181079,38.8817173,1938,-1.625704822409959,0.5283610234032703,-0.5486718995033444,0.1017095265145182,197.11306238513626,1276
51059470800,VA,Fairfax,51059,-77.183044,38.920754,3255,-0.19345874967653967,-0.9063587030188422,-0.549908726347691,0.10137488530623678,329.9752516718007,1277
11001000904,DC,District of Columbia,11001,-77.1036767,38.9366243,3148,-0.02055773006962132,-1.079663087338336,-0.5501104087039786,0.10132031725760035,318.9563587269259,1278
51059481201,VA,Fairfax,51059,-77.384211,38.9476928,1156,-0.17970847094713316,-0.9207905493059708,-0.550249510126552,0.10128268137644497,117.08277967117039,1279
11001000300,DC,District of Columbia,11001,-77.0748728,38.9179099,6161,-1.1217619564267522,0.019966216984992742,-0.5508978697208797,0.10110725840673954,622.9218190439223,1280
24031705000,MD,Montgomery,24031,-77.0906078,38.9984654,5311,-0.632658915887248,-0.47024259457046913,-0.5514507552288586,0.10095766731783569,536.1861711250253,1281
51107611813,VA,Loudoun,51107,-77.5552326,38.8946146,13108,-0.974757983431669,-0.12835603291669975,-0.5515570081741844,0.10092891906243533,1322.9762710704022,1282
51107611807,VA,Loudoun,51107,-77.5341709,38.9246882,7561,-1.0478098459759513,-0.055498598402586974,-0.5516542221892691,0.10090261641900668,762.9246827441095,1283
51059460501,VA,Fairfax,51059,-77.2334779,38.9101096,2691,-0.2670386629270386,-0.8369484807156704,-0.5519935718213544,0.10081080051815526,271.2818641943558,1284
51059482601,VA,Fairfax,51059,-77.4140799,38.8987586,7321,-0.5466000413249809,-0.5636432915669423,-0.5551216664459615,0.09996444973786464,731.8397365309071,1285
24031702603,MD,Montgomery,24031,-77.0314179,38.9907396,2186,-0.8827121087915983,-0.22838789896233688,-0.5555500038769676,0.09984855691412846,218.26894541428481,1286
51510201300,VA,Alexandria,51510,-77.0544298,38.8235803,4004,-0.6149252734082133,-0.496195490638432,-0.5555603820233227,0.09984574895806585,399.78237882809566,1287
51059482301,VA,Fairfax,51059,-77.3429557,38.9425862,5387,-0.308630867614191,-0.8034966836188219,-0.5560637756165064,0.09970954861520126,537.1353383900891,1288
51059491403,VA,Fairfax,51059,-77.4259416,38.8220549,3711,-0.26819623306527385,-0.8442302924917346,-0.5562132627785042,0.09966910272356966,369.872040207167,1289
51107611023,VA,Loudoun,51107,-77.516482,39.0221353,5954,-0.7159660497077235,-0.39662075333980007,-0.5562934015237617,0.09964742003883031,593.3007389111957,1290
24031701216,MD,Montgomery,24031,-77.1158425,39.0478603,5986,-0.5867586903208499,-0.527743699531851,-0.5572511949263504,0.09938827532266305,594.938216081461,1291
24031705601,MD,Montgomery,24031,-77.1006777,38.9566642,3057,-0.23743955130223116,-0.8806698649159759,-0.5590547081091035,0.0989003090132426,302.3382446534826,1292
24031702102,MD,Montgomery,24031,-77.0047129,39.0219894,3406,-0.39617259778722497,-0.7234388265585004,-0.5598057121728627,0.09869711411294643,336.16237066869553,1293
51059470400,VA,Fairfax,51059,-77.1540845,38.9362124,4994,-0.03503729794658619,-1.0849046338137183,-0.5599709658801523,0.09865240235678335,492.67009736977604,1294
51510201000,VA,Alexandria,51510,-77.0814867,38.8377946,2831,-0.311491055444224,-0.8102970311045022,-0.5608940432743631,0.09840265055365269,278.57790371739077,1295
24031704803,MD,Montgomery,24031,-77.0964429,38.9779198,4318,-0.6546744041298616,-0.46735481682662766,-0.5610146104782446,0.09837002937068723,424.76178682262747,1296
51013101501,VA,Arlington,51013,-77.0905137,38.8965348,3136,-1.2575230811540057,0.13384565722842917,-0.5618387119627882,0.09814705691678656,307.7891704910426,1297
11001001301,DC,District of Columbia,11001,-77.0520508,38.9519215,4160,-0.4910981961497301,-0.6343415214146471,-0.5627198587821886,0.0979086500309195,407.2999841286251,1298
51059481102,VA,Fairfax,51059,-77.398648,38.9482799,3656,-1.3790217069195514,0.25346746231448214,-0.5627771223025346,0.09789315656574557,357.89738040436583,1299
51013102903,VA,Arlington,51013,-77.0956433,38.8415196,1625,-0.5646032775080644,-0.5614637124888784,-0.5630334949984714,0.09782379126280862,158.963660802064,1300
24031706007,MD,Montgomery,24031,-77.210422,39.0439125,7270,-0.01795208766549049,-1.1085821237323084,-0.5632671056988994,0.09776058454360131,710.7194496319815,1301
11001010601,DC,District of Columbia,11001,-77.0063018,38.907653,2130,-1.7030982225893956,0.5763736303835536,-0.563362296102921,0.09773482941711438,208.17518665845364,1302
51059492202,VA,Fairfax,51059,-77.2669774,38.7405861,6831,-0.13727532458175487,-0.992403480989959,-0.564839402785857,0.09733517705882538,664.8965944888362,1303
51059491704,VA,Fairfax,51059,-77.3661498,38.8517642,5062,-1.0749601540607419,-0.056339703708373615,-0.5656499288845578,0.09711587761990016,491.6005725119346,1304
51059482507,VA,Fairfax,51059,-77.4217944,38.9505903,3656,-1.4662036787734296,0.3297767671210296,-0.5682134558262,0.09642227870818967,352.51985095714144,1305
11001008701,DC,District of Columbia,11001,-77.0062645,38.9141018,2814,-0.9026610168393269,-0.2342663311862005,-0.5684636740127637,0.09635457859586725,271.14178416877047,1306
11001000902,DC,District of Columbia,11001,-77.1077517,38.9285125,2317,-0.3349321512024264,-0.8036293452129845,-0.5692807482077055,0.09613350747576609,222.74133682135002,1307
24031701205,MD,Montgomery,24031,-77.1354132,39.0418495,7090,-0.20633627211185762,-0.9345082714062214,-0.5704222717590395,0.09582465193770415,679.3967822383224,1308
51013101704,VA,Arlington,51013,-77.0696004,38.8928523,1990,-1.2971919804638203,0.15491607239891103,-0.5711379540324546,0.09563101385342748,190.3057175683207,1309
51059481600,VA,Fairfax,51059,-77.3352284,38.9025047,3480,0.0247695924903086,-1.1672876972942166,-0.571259052401954,0.09559824895600033,332.68190636688115,1310
24031701202,MD,Montgomery,24031,-77.1001237,39.0386325,2785,-0.08556049850552573,-1.0578522911697579,-0.5717063948376419,0.0954772140561852,265.9040411464758,1311
24031700824,MD,Montgomery,24031,-77.2453973,39.1194939,2872,-0.35522474071851945,-0.7882649942542841,-0.5717448674864017,0.09546680473031582,274.18066318546704,1312
11001000703,DC,District of Columbia,11001,-77.0790462,38.9290941,3022,0.1341372221936927,-1.2804114629174002,-0.5731371203618537,0.09509011078434906,287.3623147903029,1313
24031706005,MD,Montgomery,24031,-77.1887353,39.0201034,4664,0.05818283682126732,-1.2045813767704265,-0.5731992699745796,0.09507329531693592,443.42184935818915,1314
51107611810,VA,Loudoun,51107,-77.5903265,38.9401988,8135,-0.8506978967152707,-0.2970721409069304,-0.5738850188111005,0.09488775615251702,771.911896300726,1315
11001004100,DC,District of Columbia,11001,-77.0516151,38.9159337,2836,-0.495985786311775,-0.6519939680254472,-0.573989877168611,0.09485938522281404,269.0212164919006,1316
51059461500,VA,Fairfax,51059,-77.2854059,38.8787455,6940,-0.5500305433260579,-0.597999643907455,-0.5740150936167565,0.09485256255178734,658.2767841094042,1317
24031704501,MD,Montgomery,24031,-77.1345988,39.01776,3742,-0.3385625762794975,-0.8104164120043621,-0.5744894941419298,0.09472420669851735,354.4579814658519,1318
11001001002,DC,District of Columbia,11001,-77.0788872,38.9384216,3643,-0.9750789573506838,-0.17484600661057176,-0.5749624819806278,0.09459623306779628,344.61407706598186,1319
51510200705,VA,Alexandria,51510,-77.0626501,38.8029936,2597,-0.29393268289434604,-0.8627770299150573,-0.5783548564047016,0.09367837760451615,243.28274663892844,1320
51059480503,VA,Fairfax,51059,-77.3712001,38.9879209,3259,-0.36593184179290605,-0.7922315871612889,-0.5790817144770974,0.09348171574784038,304.6569116222118,1321
51059482001,VA,Fairfax,51059,-77.3264962,38.9792048,4874,-0.22457250278086435,-0.9352771033936212,-0.5799248030872428,0.09325360605530182,454.51807591354105,1322
51059461201,VA,Fairfax,51059,-77.3126083,38.8870961,4633,-0.037091837007463664,-1.123920226564768,-0.5805060317861159,0.09309634631036033,431.3153724558994,1323
24031700315,MD,Montgomery,24031,-77.2450077,39.2433948,6324,-0.8080398725930332,-0.35466333056108656,-0.5813516015770599,0.09286756529883786,587.2944829498506,1324
24031701210,MD,Montgomery,24031,-77.1836415,39.0628456,3977,-0.0857951594318813,-1.0778625950851104,-0.5818288772584959,0.09273843153088229,368.8207421983189,1325
24031700210,MD,Montgomery,24031,-77.2461554,39.224043,9416,-0.9170800301855423,-0.24690561982213963,-0.581992825003841,0.09269407312141853,872.8073925112769,1326
51059480501,VA,Fairfax,51059,-77.3611812,38.9992939,3537,-0.312637591710447,-0.8569799083825027,-0.5848087500464749,0.09193218429033098,325.16413583490066,1327
11001000702,DC,District of Columbia,11001,-77.077893,38.9241271,3452,-1.115702537179854,-0.05477837286639748,-0.5852404550231257,0.09181538032891322,316.94669289540843,1328
24031704600,MD,Montgomery,24031,-77.1177739,38.9970312,5255,-0.3300860019288623,-0.8424792022336847,-0.5862826020812735,0.09153341252368682,481.00808281197425,1329
24031704502,MD,Montgomery,24031,-77.1363213,39.0089751,2786,-0.1382680520303434,-1.0360386756635718,-0.5871533638469576,0.09129781546276781,254.35571387927112,1330
11001007000,DC,District of Columbia,11001,-76.9959451,38.8812697,2697,-0.9911573118656082,-0.18673768353462522,-0.5889474977001167,0.0908123868652369,244.92100737554392,1331
11001005900,DC,District of Columbia,11001,-77.0149475,38.8959944,2617,-1.4241736874528916,0.24617611863867517,-0.5889987844071083,0.09079851051247588,237.61970201114937,1332
11001000600,DC,District of Columbia,11001,-77.0675114,38.9368114,4676,-0.45408721654974643,-0.7240344409148611,-0.5890608287323038,0.09078172353211131,424.49533923615246,1333
51510200403,VA,Alexandria,51510,-77.1209266,38.8035154,1410,-1.0043642454098347,-0.17645644706509492,-0.5904103462374648,0.09041659225234629,127.48739507580827,1334
24031702900,MD,Montgomery,24031,-77.0277748,39.0056401,5439,-0.11413159993677083,-1.0668406969187993,-0.5904861484277851,0.09039608288462427,491.66429480947136,1335
51013103404,VA,Arlington,51013,-77.0476975,38.8632307,1438,-0.6954178635639163,-0.48729214819885325,-0.5913550058813848,0.0901610010626005,129.65151952801952,1336
24031701206,MD,Montgomery,24031,-77.1676408,39.0497416,6579,-0.2460255499816036,-0.9385455964010038,-0.5922855731913037,0.08990922275555464,591.512776508794,1337
24031704804,MD,Montgomery,24031,-77.093526,38.9834063,1886,-0.47896910980972307,-0.7060895490871655,-0.5925293294484443,0.08984327101074208,169.44440912625956,1338
24031704700,MD,Montgomery,24031,-77.1073449,38.9850986,3816,-0.049641547963638996,-1.1362653852904658,-0.5929534666270524,0.08972851462542003,342.4040118106028,1339
11001002703,DC,District of Columbia,11001,-77.0397435,38.9334921,2614,-1.1855197463876161,-0.0013343739930988991,-0.5934270601903575,0.08960037710723538,234.2153857583133,1340
51013102901,VA,Arlington,51013,-77.0993186,38.8391008,2904,-0.6970137664070267,-0.4907931474372642,-0.5939034569221455,0.08947148115168949,259.8251812645063,1341
11001000102,DC,District of Columbia,11001,-77.0620045,38.905422,3417,-0.4395580520444107,-0.748915998028997,-0.5942370250367038,0.08938122952316915,305.415661280669,1342
11001004402,DC,District of Columbia,11001,-77.0270354,38.9155152,2755,-1.3796220538176043,0.18964522521720062,-0.5949884143002018,0.08917793040156942,245.68519825632376,1343
51013101402,VA,Arlington,51013,-77.1124038,38.8857788,2878,-1.1852617816752256,-0.004754857002354402,-0.59500831933879,0.08917254480843285,256.63858395866976,1344
51059480301,VA,Fairfax,51059,-77.2733799,38.9747821,3145,-0.1608153320701495,-1.031103942600453,-0.5959596373353012,0.0889151521060772,279.6381533736128,1345
51059420202,VA,Fairfax,51059,-77.1414206,38.7925317,1943,-0.928645414095644,-0.2632901421255949,-0.5959677781106194,0.08891294950277724,172.75786088389617,1346
51013101503,VA,Arlington,51013,-77.1007202,38.8902535,1793,-0.5356090995718967,-0.6563874291043565,-0.5959982643381266,0.08890470101750576,159.40612892438784,1347
51013101100,VA,Arlington,51013,-77.1525714,38.8853426,5948,-0.5084512405143289,-0.6850003694884553,-0.5967258050013922,0.0887078544760987,527.6343184238351,1348
24031700616,MD,Montgomery,24031,-77.2504363,39.1126374,4573,-0.34823841711671927,-0.8496649896268489,-0.598951703371784,0.08810560580759322,402.9069353581238,1349
24031700617,MD,Montgomery,24031,-77.2254127,39.09442,2546,-0.49066758518938813,-0.7083051393760279,-0.599486362282708,0.0879609461854417,223.94856898813458,1350
51059491705,VA,Fairfax,51059,-77.3902011,38.847358,3341,-0.7658786528114561,-0.4340459743102405,-0.5999623135608483,0.08783217075375702,293.44728248830216,1351
24031700826,MD,Montgomery,24031,-77.2340947,39.1174039,5822,-0.4255508321164418,-0.7747889627077742,-0.600169897412108,0.08777600597117424,511.0319067641764,1352
24031700828,MD,Montgomery,24031,-77.2239047,39.1085173,2258,-0.3254860934672274,-0.8763600572047322,-0.6009230753359798,0.08757222290190517,197.73807931250187,1353
51107611702,VA,Loudoun,51107,-77.4154898,38.9833544,2461,-1.18653339431914,-0.015571235424780906,-0.6010523148719605,0.08753725529534324,215.42918528183972,1354
51059480402,VA,Fairfax,51059,-77.3294905,39.0203972,6028,-0.15583961840716387,-1.0465437848835504,-0.6011917016453572,0.08749954220843775,527.4472404324628,1355
11001000804,DC,District of Columbia,11001,-77.0918347,38.9221746,3832,-0.625788769182,-0.5771071338018076,-0.6014479514919038,0.08743021014416194,335.03256527242854,1356
24031705902,MD,Montgomery,24031,-77.1410698,38.9798697,4402,-0.12485082497403686,-1.0790876739778807,-0.6019692494759588,0.08728916551204047,384.24690658400215,1357
24031706008,MD,Montgomery,24031,-77.2227804,38.9966198,5301,-0.11966451030823215,-1.0881616137205485,-0.6039130620143903,0.08676323920351428,459.9319310178292,1358
51059420400,VA,Fairfax,51059,-77.068124,38.7952432,3835,-1.1748682489319324,-0.03309500809879754,-0.603981628515365,0.08674468755512577,332.6658767739073,1359
24031705300,MD,Montgomery,24031,-77.0793222,38.9698497,2049,0.13815691512220107,-1.346325660089969,-0.6040843724838839,0.08671688870363256,177.6829049537431,1360
11001005802,DC,District of Columbia,11001,-77.0265766,38.8979674,2145,-0.9501877571308668,-0.2580695381580265,-0.6041286476444466,0.08670490942513025,185.98203071690438,1361
51059491502,VA,Fairfax,51059,-77.4116361,38.8641311,7014,-0.4151191025335954,-0.7961471899844001,-0.6056331462589978,0.08629784578761913,605.2930903543606,1362
51059432600,VA,Fairfax,51059,-77.2326566,38.7487953,4967,-0.3600972039308463,-0.8552651731015124,-0.6076811885161794,0.08574371863660575,425.88905046802074,1363
51059481701,VA,Fairfax,51059,-77.3603143,38.8976539,6196,-0.16532877384777708,-1.05183450279483,-0.6085816383213035,0.08550008905162315,529.7585517638571,1364
11001008702,DC,District of Columbia,11001,-77.0013085,38.9150961,3574,-1.2327667923704684,0.015028884504351877,-0.6088689539330583,0.08542235169985461,305.2994849752804,1365
11001008002,DC,District of Columbia,11001,-76.9827594,38.8915403,3366,-0.8559546406839424,-0.3657057985684086,-0.6108302196261756,0.08489170319048112,285.7454729391594,1366
51059480401,VA,Fairfax,51059,-77.3068139,38.99028,4717,-0.32718127548088616,-0.8945579753072226,-0.6108696253940544,0.08488104139587622,400.38387226434816,1367
51013103601,VA,Arlington,51013,-77.0595087,38.8536932,2612,-0.6592645904791801,-0.5648735884989695,-0.6120690894890748,0.08455650921428386,220.86160206770944,1368
51013103503,VA,Arlington,51013,-77.0534309,38.860739,5102,-1.2848276205243918,0.05963232128275404,-0.6125976496208189,0.08441349970414531,430.6776754905494,1369
51059460300,VA,Fairfax,51059,-77.2756809,38.9228761,2896,-0.17040019873091525,-1.054965580250272,-0.6126828894905936,0.08439043683714371,244.3947050803682,1370
51059470700,VA,Fairfax,51059,-77.170277,38.9222237,5753,-0.27054352354239886,-0.9561051627887007,-0.6133243431655497,0.08421688236278455,484.49972423309947,1371
51510201202,VA,Alexandria,51510,-77.0634792,38.8327236,3429,-0.7824265087332752,-0.4454610646921352,-0.6139437867127052,0.08404928304358336,288.20499155644734,1372
11001002503,DC,District of Columbia,11001,-77.0271734,38.9386375,3031,-1.2018114704190028,-0.026715240091419862,-0.6142633552552114,0.08396281919968977,254.4913049942597,1373
24031701223,MD,Montgomery,24031,-77.1111259,39.0325195,3158,-0.8660731700684835,-0.3634899902583698,-0.6147815801634267,0.08382260603222873,264.7117898497783,1374
51059481104,VA,Fairfax,51059,-77.4102485,38.9442444,2948,-1.306685221411947,0.06866088361217437,-0.6190121688998864,0.08267795968744586,243.7346251585904,1375
51107611809,VA,Loudoun,51107,-77.5622392,38.9305683,6941,-1.027995811659334,-0.21070715911673782,-0.6193514853880359,0.08258615275416077,573.2304862666299,1376
51059482604,VA,Fairfax,51059,-77.3928605,38.8890989,4210,-0.5546316756342415,-0.6843920370585806,-0.619511856346411,0.0825427620956145,347.505028422537,1377
24031701214,MD,Montgomery,24031,-77.0984854,39.0295353,3718,-0.8605641535855715,-0.37967238771115003,-0.6201182706483608,0.08237868802522123,306.28396207777257,1378
51510200404,VA,Alexandria,51510,-77.119651,38.8082942,3694,-0.3296909694011258,-0.9113709011751749,-0.6205309352881504,0.08226703569950933,303.89442987398746,1379
11001003802,DC,District of Columbia,11001,-77.0393505,38.922971,3911,-1.1747711935213068,-0.06934676372768774,-0.6220589786244972,0.08185360170046671,320.1294362505253,1380
51107611026,VA,Loudoun,51107,-77.5389276,38.9742669,14425,-1.1036200625186263,-0.14083195129212933,-0.6222260069053778,0.08180840980801506,1180.0863114806173,1381
51059461603,VA,Fairfax,51059,-77.2721415,38.8712084,5056,-0.9632599267231076,-0.2823936645966161,-0.6228267956598619,0.08164585781002001,412.8014570874612,1382
11001000704,DC,District of Columbia,11001,-77.0752384,38.9300215,2753,-0.8061421780381685,-0.4398867935988442,-0.6230144858185063,0.08159507555075843,224.63124299123794,1383
51059470100,VA,Fairfax,51059,-77.1630928,38.959448,2769,-0.07338028588461774,-1.1751176660613885,-0.6242489759730031,0.08126106656736627,225.01189332503722,1384
24031701220,MD,Montgomery,24031,-77.2056504,39.0686855,3970,-0.4845975429577551,-0.7665041882709621,-0.6255508656143586,0.08090882168796085,321.20802210120456,1385
51059482502,VA,Fairfax,51059,-77.4139956,38.9121866,3090,-0.4630620096229382,-0.7888370608609022,-0.6259495352419202,0.08080095591314998,249.67495377163343,1386
11001001402,DC,District of Columbia,11001,-77.0630933,38.9606051,3514,-0.23236682973481562,-1.0226353995170343,-0.627501114625925,0.08038115389948801,282.4593748028009,1387
24031705903,MD,Montgomery,24031,-77.1224382,38.9817886,4616,-0.18490592456064736,-1.0707795993110516,-0.6278427619358495,0.08028871632900525,370.61271457468825,1388
51013101900,VA,Arlington,51013,-77.0979879,38.8779202,3183,-0.6667677698604672,-0.5893442014247365,-0.6280559856426018,0.08023102560278277,255.37535449365754,1389
11001001200,DC,District of Columbia,11001,-77.0705215,38.9462221,5371,-0.6575809506784821,-0.6030061330127341,-0.6302935418456082,0.0796256227407781,427.66921974071914,1390
11001005203,DC,District of Columbia,11001,-77.0331441,38.9077655,2979,-1.4607546240156586,0.19956904060761252,-0.630592791704023,0.0795446564077334,236.96353143863777,1391
51013103403,VA,Arlington,51013,-77.0523089,38.8447159,1328,-1.0738828761746624,-0.1882456778268001,-0.6310642770007312,0.07941708931125702,105.46589460534932,1392
24031700836,MD,Montgomery,24031,-77.214609,39.1044461,1521,-0.7598294339044421,-0.5078514858730432,-0.6338404598887426,0.07866595328902333,119.65091495260448,1393
51013101408,VA,Arlington,51013,-77.1100679,38.8788633,788,-1.7610297709896512,0.49213874716937234,-0.6344455119101394,0.07850224780313513,61.85977126887048,1394
11001007203,DC,District of Columbia,11001,-76.9994857,38.8781777,3748,-1.4108567322936727,0.14162275861836054,-0.6346169868376561,0.078455852806781,294.05253631981515,1395
11001004202,DC,District of Columbia,11001,-77.0430254,38.9134023,2850,-1.2884336844755186,0.009226834122932582,-0.639603425176293,0.07710670053191768,219.7540965159654,1396
11001008402,DC,District of Columbia,11001,-76.991021,38.898596,2447,-0.9148934923082073,-0.37044986115965245,-0.6426716767339299,0.07627654115006711,186.64869619421424,1397
51107611028,VA,Loudoun,51107,-77.5539788,39.0202945,6439,-0.9932396494238744,-0.29840695540585677,-0.6458233024148656,0.07542382370563272,485.6540008405691,1398
24031700839,MD,Montgomery,24031,-77.1998813,39.1151984,4931,-1.0011473257025918,-0.29116383724139816,-0.646155581471995,0.07533392085005301,371.4715637116114,1399
51510201803,VA,Alexandria,51510,-77.0461711,38.8193687,2393,-0.652041320381085,-0.6417012701174573,-0.6468712952492711,0.07514027424195578,179.8106762610002,1400
51059482503,VA,Fairfax,51059,-77.4081196,38.9208387,4832,-0.5945536374921746,-0.7003384748925326,-0.6474460561923536,0.07498476444093129,362.32638177857996,1401
51059480505,VA,Fairfax,51059,-77.3558162,38.9710405,3263,-0.9109338213457563,-0.3876197108964211,-0.6492767661210888,0.07448943966255589,243.05904161891988,1402
51059482504,VA,Fairfax,51059,-77.3959131,38.9097905,5277,-0.41742346044586537,-0.8821091044131725,-0.649766282429519,0.07435699401773882,392.3818574316077,1403
51013101407,VA,Arlington,51013,-77.1089384,38.8819613,3812,-1.5352008195827707,0.23447308934207958,-0.6503638651203455,0.07419530946616208,282.83251968500986,1404
11001000502,DC,District of Columbia,11001,-77.0595624,38.9283547,3418,-0.6440907449472845,-0.659129207432077,-0.6516099761896808,0.07385815627790354,252.4471781578743,1405
51107611031,VA,Loudoun,51107,-77.4927421,38.9982744,2141,-1.250579515718151,-0.055296895577262584,-0.6529382056477068,0.07349878478403561,157.36089822262025,1406
11001003902,DC,District of Columbia,11001,-77.0452397,38.9257717,2022,-1.0234567229975033,-0.2837740075509079,-0.6536153652742056,0.07331556955334527,148.24408163686414,1407
51059471203,VA,Fairfax,51059,-77.1999828,38.9265086,2420,-0.9013037262311205,-0.41054350609049695,-0.6559236161608087,0.07269103923267813,175.91231494308107,1408
51013103000,VA,Arlington,51013,-77.0893538,38.8336744,3390,-0.5157809533612064,-0.8021961494874982,-0.6589885514243523,0.07186177712166825,243.61142444245536,1409
24031702800,MD,Montgomery,24031,-77.0431441,39.0059732,5264,-0.7180961705066844,-0.6023636753173806,-0.6602299229120325,0.07152590629507499,376.51237073727475,1410
11001006600,DC,District of Columbia,11001,-76.9982439,38.8877585,2164,-0.7927716133175231,-0.5281041709017766,-0.6604378921096499,0.07146963725151882,154.66029501228672,1411
51013103501,VA,Arlington,51013,-77.0656784,38.8627351,3535,-1.1460682199287922,-0.18378954090709587,-0.6649288804179441,0.07025453607487898,248.3497850246972,1412
51059480201,VA,Fairfax,51059,-77.2176342,38.9460081,4646,-0.13240542908730932,-1.1984466286333695,-0.6654260288603394,0.07012002544696139,325.7776382265826,1413
11001004902,DC,District of Columbia,11001,-77.0243932,38.9058867,3449,-1.4102523440871972,0.06976154501498252,-0.6702453995361074,0.06881607571991043,237.34664515797107,1414
11001008410,DC,District of Columbia,11001,-76.9911234,38.9015543,1843,-1.1560808147557624,-0.19026574366571053,-0.6731732792107364,0.06802389596047283,125.36804025515141,1415
11001004201,DC,District of Columbia,11001,-77.0388456,38.9162076,3548,-1.466365705344657,0.11744769745669721,-0.67445900394398,0.06767602472836255,240.11453573623032,1416
51013101502,VA,Arlington,51013,-77.0928398,38.8907435,3284,-1.104008060685951,-0.2466772704228557,-0.6753426655544034,0.06743693742978421,221.46290251941136,1417
11001005502,DC,District of Columbia,11001,-77.0463615,38.9101768,2968,-1.0394307420295905,-0.31222397406272495,-0.6758273580461578,0.06730579693762315,199.7636053108655,1418
11001003302,DC,District of Columbia,11001,-77.0111677,38.9139237,2434,-1.2924477294079344,-0.06295256419459545,-0.6777001468012649,0.06679908713040193,162.5889780753983,1419
51107611902,VA,Loudoun,51107,-77.5169928,38.9789833,6290,-1.2110657385374108,-0.14891701818754083,-0.6799913783624758,0.06617916163185633,416.26692666437634,1420
51013101406,VA,Arlington,51013,-77.1045769,38.883756,3641,-1.2949080334512943,-0.06624484128384699,-0.6805764373675707,0.06602086554273458,240.3819714410966,1421
11001004702,DC,District of Columbia,11001,-77.0136108,38.9008601,3934,-1.6307338593518226,0.2660684188930201,-0.6823327202294013,0.06554567807275576,257.85669753822117,1422
11001003100,DC,District of Columbia,11001,-77.0254235,38.930617,3873,-1.50209293332437,0.13619201107572865,-0.6829504611243207,0.06537853943049103,253.21108321429176,1423
51059482505,VA,Fairfax,51059,-77.4263608,38.9218618,3528,-0.8668469327227957,-0.517184150307161,-0.6920155415149783,0.06292585216148171,222.00240642570748,1424
11001001401,DC,District of Columbia,11001,-77.0706075,38.9653036,3258,-0.5199178763870217,-0.8644790983872702,-0.692198487387146,0.06287635353684229,204.8511598230322,1425
51510200110,VA,Alexandria,51510,-77.1029359,38.8367246,2614,-1.100874401927141,-0.2933123897283457,-0.6970933958277434,0.06155196598617119,160.8968390878515,1426
11001000501,DC,District of Columbia,11001,-77.051434,38.9264548,3829,-1.0966986171312818,-0.2978174978550591,-0.6972580574931705,0.06150741441540928,235.51188979660213,1427
24031700618,MD,Montgomery,24031,-77.2263638,39.0890223,5093,-0.6229165707428055,-0.7764371074171805,-0.699676839079993,0.06085297843151798,309.9242191517211,1428
51059461605,VA,Fairfax,51059,-77.2334479,38.8776507,3829,-1.6420906810760123,0.23630773186370588,-0.7028914746061532,0.05998321277145348,229.67572170189536,1429
51013101405,VA,Arlington,51013,-77.1066078,38.8804443,2176,-1.178714209188331,-0.22957971678153774,-0.7041469629849343,0.059643522417885404,129.78430478131864,1430
51059471000,VA,Fairfax,51059,-77.1870281,38.9017568,2247,-0.5872376866232233,-0.825038705050861,-0.7061381958370421,0.059104765864658244,132.80840889788706,1431
51013103504,VA,Arlington,51013,-77.0553661,38.8623832,2571,-1.5044680991856856,0.0901759161981392,-0.7071460914937732,0.05883206526640411,151.25723979992497,1432
51107611901,VA,Loudoun,51107,-77.5001788,38.9705643,7388,-1.2088573952770147,-0.21355109244638715,-0.711204243861701,0.05773407404960537,426.5393390784845,1433
11001005303,DC,District of Columbia,11001,-77.0391656,38.909613,3215,-1.297096133653335,-0.1347716755232523,-0.7159339045882938,0.05645439663352833,181.5008851767936,1434
11001005202,DC,District of Columbia,11001,-77.0344946,38.911127,3408,-1.225451079813575,-0.2067765851708599,-0.7161138324922174,0.05640571456340044,192.2306752320687,1435
51059482205,VA,Fairfax,51059,-77.3446112,38.9538267,2622,-1.3623376365409592,-0.07080048237142068,-0.71656905945619,0.05628254639158852,147.57283663874512,1436
11001008200,DC,District of Columbia,11001,-77.000604,38.8918309,2695,-1.0707036081769417,-0.3636005812695681,-0.7171520947232549,0.05612479785376117,151.25633021588635,1437
11001010201,DC,District of Columbia,11001,-77.0184625,38.8779576,3341,-1.401220867122094,-0.03376734389081341,-0.7174941055064538,0.056032261940380836,187.20378714281236,1438
24031704806,MD,Montgomery,24031,-77.0980578,38.9906261,4531,-1.2175992110945544,-0.22633828117729982,-0.7219687461359271,0.054821583862267854,248.39659647993565,1439
51059481105,VA,Fairfax,51059,-77.3984538,38.9374167,5332,-0.6345525321386802,-0.8095498637430422,-0.7220511979408613,0.054799275346120856,292.1897361455164,1440
51013101805,VA,Arlington,51013,-77.0857667,38.8889631,3760,-1.4370212935238362,-0.009005073418742966,-0.7230131834712896,0.05453899638975501,205.06662642547886,1441
51059480204,VA,Fairfax,51059,-77.2230232,38.9299115,3823,-1.4299651686707715,-0.022059599548247828,-0.7260123841095096,0.0537275197226371,205.40030789964163,1442
11001010700,DC,District of Columbia,11001,-77.0419809,38.9039988,2296,-1.6782415952434313,0.2219315960524826,-0.7281549995954744,0.053147804430732595,122.02735897296203,1443
51013103405,VA,Arlington,51013,-77.0509711,38.8557771,3874,-1.1014224586830124,-0.3637744389496404,-0.7325984488163264,0.051945565634736374,201.2371212689687,1444
51059471201,VA,Fairfax,51059,-77.2151023,38.9175553,3050,-0.8588503536518012,-0.6108201978576728,-0.734835275754737,0.05134036008570775,156.58809826140862,1445
51059480205,VA,Fairfax,51059,-77.2240394,38.9209595,3268,-1.518014214571935,0.044326270040024554,-0.7368439722659552,0.05079687848951078,166.00419890372123,1446
51013101601,VA,Arlington,51013,-77.0805264,38.8994834,1362,-1.116832349087664,-0.35967071215867474,-0.7382515306231694,0.05041604342635075,68.66665114668972,1447
11001007201,DC,District of Columbia,11001,-76.9999179,38.8738481,2985,-1.7542957638662413,0.2676911707740618,-0.7433022965460898,0.04904948640269105,146.41271691203278,1448
11001010100,DC,District of Columbia,11001,-77.0318472,38.9026971,2699,-1.2652975158363786,-0.22751111897959087,-0.7464043174079847,0.048210190252155866,130.11930349056868,1449
11001980000,DC,District of Columbia,11001,-77.0363219,38.8809933,176,-0.29468931667598314,-1.2096794051434272,-0.7521843609097052,0.04664631673972678,8.209751746191913,1450
11001006900,DC,District of Columbia,11001,-76.9873112,38.8836933,2799,-1.0074637993530824,-0.5030385535666034,-0.7552511764598429,0.04581654589026201,128.24051194684336,1451
51059481101,VA,Fairfax,51059,-77.3970252,38.9530276,2376,-1.6525133016213873,0.13356928505341048,-0.7594720082839884,0.04467453941777886,106.14670565664257,1452
11001008100,DC,District of Columbia,11001,-76.9925272,38.893171,3153,-1.201633221919551,-0.318142819883387,-0.7598880209014689,0.0445619812487754,140.50392687738884,1453
24031702501,MD,Montgomery,24031,-77.02863,38.9908535,4116,-1.283159627306519,-0.23802278785537498,-0.7605912075809469,0.044371724026316554,182.63401609231894,1454
11001000101,DC,District of Columbia,11001,-77.0547765,38.9076994,1406,-0.94577244050557,-0.5768355586094422,-0.7613039995575062,0.0441788679532297,62.11548834224096,1455
11001005501,DC,District of Columbia,11001,-77.0494324,38.9052766,2303,-1.2857189893453032,-0.24164450875719773,-0.7636817490512504,0.04353553378950732,100.26233431723536,1456
11001004300,DC,District of Columbia,11001,-77.0341511,38.916804,4436,-1.3059997767914395,-0.2250396947660834,-0.7655197357787614,0.04303824016905358,190.9176333899217,1457
11001003301,DC,District of Columbia,11001,-77.0114293,38.9204778,3824,-1.262175562742016,-0.27031504796819,-0.7662453053551029,0.0428419269334305,163.82752859343825,1458
11001008301,DC,District of Columbia,11001,-77.0008008,38.8970373,3220,-1.3263713401708743,-0.22176125975632077,-0.7740662999635975,0.0407258448822427,131.1372205208215,1459
11001006700,DC,District of Columbia,11001,-76.989959,38.8875984,3927,-0.8914383634239553,-0.657013297689308,-0.7742258305566316,0.04068268159656953,159.76089062972855,1460
11001005302,DC,District of Columbia,11001,-77.0386443,38.9124517,2518,-1.3915314230681484,-0.15713405200058914,-0.7743327375343687,0.04065375638333764,102.36615857324418,1461
11001008001,DC,District of Columbia,11001,-76.9866524,38.8961726,3103,-1.1147898824545803,-0.43481437539468737,-0.7748021289246338,0.040526755823224306,125.75452331946502,1462
11001004002,DC,District of Columbia,11001,-77.0437209,38.9181186,3291,-1.3578074828228566,-0.19572750422760754,-0.776767493525232,0.03999499829575478,131.623539391329,1463
11001007202,DC,District of Columbia,11001,-77.0070741,38.8786426,4303,-1.820870175997007,0.2604274349357581,-0.7802213705306245,0.039060502428671186,168.0773419505721,1464
11001004001,DC,District of Columbia,11001,-77.0462674,38.9208738,3941,-1.100933433256128,-0.4622724024564333,-0.7816029178562807,0.0386867050224548,152.46430449349435,1465
11001008302,DC,District of Columbia,11001,-76.9966527,38.8963061,3026,-1.2067980377859433,-0.360091287038298,-0.7834446624121206,0.03818839466775223,115.55808226461825,1466
11001001304,DC,District of Columbia,11001,-77.0554702,38.9367508,4018,-1.0542951943420258,-0.5202895200071318,-0.7872923571745788,0.03714734576887641,149.25803529934544,1467
51013101801,VA,Arlington,51013,-77.0926147,38.8853358,3399,-1.5277977367176803,-0.06199552049567111,-0.7948966286066756,0.03508990127551962,119.27057443549118,1468
11001005001,DC,District of Columbia,11001,-77.0295088,38.9119619,2012,-1.4905793616253349,-0.1643292708952905,-0.8274543162603127,0.02628095280786415,52.87727704942267,1469
11001004401,DC,District of Columbia,11001,-77.0282129,38.9186825,3430,-1.6484498196003328,-0.0803905900637249,-0.8644202048320289,0.01627930247711762,55.838007496513434,1470
11001010603,DC,District of Columbia,11001,-77.0063567,38.9011144,3068,-1.840481767013799,0.1114531387526749,-0.864514314130562,0.01625383985919693,49.866780688016185,1471
11001003901,DC,District of Columbia,11001,-77.0401076,38.9254851,2598,-1.504619748343619,-0.2961076732284557,-0.9003637107860374,0.00655427239930256,17.02799969338805,1472
11001003801,DC,District of Columbia,11001,-77.0389415,38.9197759,1800,-1.5026919150155023,-0.34648441152108117,-0.9245881632682917,0.0,0.0,1473
