LocationID,StateAbbr,CountyName,TotalPopulation,preventive_care_gap_score,preventive_care_gap_rank,CHECKUP_pct,DENTAL_pct,COLON_SCREEN_pct,CHOLSCREEN_pct,BPMED_pct,MAMMOUSE_pct,ACCESS2_pct,LACKTRPT_pct,TEETHLOST_pct
24033805601,MD,Prince George's,6373,4.863568088997124,1,61.9,28.4,36.7,71.6,56.7,64.5,52.1,26.8,30.9
11001006804,DC,District of Columbia,2429,4.7258716563147765,2,68.9,26.3,40.1,71.3,59.2,58.7,23.3,34.2,51.3
11001009511,DC,District of Columbia,2066,4.5904742009287895,3,68.4,35.1,42.0,66.9,48.2,62.8,20.3,35.3,43.1
51179010201,VA,Stafford,1633,4.557020869780729,4,65.5,39.6,48.5,54.7,32.0,64.4,17.8,24.0,33.5
24033805602,MD,Prince George's,5555,4.207546733435285,5,61.9,32.9,40.8,73.1,55.9,70.1,48.5,22.9,25.3
11001000201,DC,District of Columbia,4108,4.200126531358442,6,66.0,48.1,63.9,58.9,22.3,63.2,12.1,32.1,29.0
24033980000,MD,Prince George's,15052,3.717803174557835,7,65.3,42.9,57.2,62.5,27.0,68.6,12.4,22.3,25.4
51059451601,VA,Fairfax,6129,3.3843394847210946,8,67.3,46.4,43.6,74.3,63.9,67.2,37.7,19.6,24.3
24033803900,MD,Prince George's,4654,2.821572666442788,9,68.1,43.8,51.5,79.4,66.3,71.8,37.1,19.9,22.2
11001010800,DC,District of Columbia,6879,2.8119086262623263,10,66.4,60.5,56.2,71.4,27.4,65.3,7.8,15.3,14.8
11001004704,DC,District of Columbia,1945,2.6257347281342693,11,77.3,41.4,59.0,78.5,73.9,68.2,19.5,37.7,28.1
11001007403,DC,District of Columbia,2613,2.6024684094064736,12,77.6,39.0,53.9,82.0,71.6,67.2,15.8,31.0,35.8
24033805101,MD,Prince George's,4031,2.513896874659675,13,67.6,48.4,52.7,79.8,64.2,74.3,35.0,18.1,17.7
24033805500,MD,Prince George's,3716,2.450480157754452,14,69.5,43.2,54.9,81.9,68.9,71.5,32.7,16.4,24.4
51059440504,VA,Fairfax,643,2.4438753515541682,15,65.0,47.4,53.2,73.2,52.3,74.7,18.4,13.0,14.7
24033805700,MD,Prince George's,6610,2.4172267887828984,16,68.5,44.3,54.9,80.8,67.1,73.3,34.3,17.4,18.3
51510201206,VA,Alexandria,5710,2.2938188276644613,17,70.2,54.0,48.8,78.4,62.3,72.7,28.1,15.3,15.1
24031702000,MD,Montgomery,5438,2.2850408007096803,18,70.2,46.3,52.8,82.1,69.5,72.8,31.0,16.7,21.4
51059452302,VA,Fairfax,5762,2.2798242340602703,19,70.8,49.4,51.2,79.0,67.5,72.0,26.8,16.2,19.6
24033806601,MD,Prince George's,4939,2.2702779568889007,20,68.2,45.0,55.1,81.6,65.4,74.8,32.5,15.6,17.8
24033805906,MD,Prince George's,3816,2.2153037200994268,21,69.8,41.5,55.0,81.7,64.6,74.9,26.5,16.4,20.6
11001007408,DC,District of Columbia,2867,2.20429896621755,22,78.3,37.8,57.4,82.3,71.7,71.3,13.8,30.5,30.2
51013103401,VA,Arlington,923,2.1719016692225774,23,62.9,66.0,62.7,73.5,37.2,73.8,10.5,7.3,
11001007409,DC,District of Columbia,3835,2.170053777573312,24,78.1,41.8,56.7,84.7,72.4,71.8,13.1,24.1,44.7
24033806501,MD,Prince George's,5316,2.119427561494878,25,70.0,44.7,55.1,82.2,68.2,74.1,28.6,15.9,19.1
51153901102,VA,Prince William,3607,2.068813730496437,26,68.8,62.0,52.8,74.9,38.3,73.7,11.2,9.5,12.2
24031701900,MD,Montgomery,3395,2.037639455888056,27,69.9,51.1,53.9,81.5,66.1,73.0,23.3,16.0,18.3
24031701602,MD,Montgomery,6790,1.9823784855247426,28,71.2,46.2,51.8,83.6,69.7,71.7,26.0,14.5,15.9
11001010900,DC,District of Columbia,3333,1.9529628401816268,29,76.9,44.1,61.5,81.9,70.3,73.7,12.8,25.4,33.6
51685920100,VA,Manassas Park,7137,1.91700832034937,30,73.1,51.8,53.9,80.5,70.2,73.8,26.8,13.9,20.4
24033805802,MD,Prince George's,4387,1.895815529994025,31,70.3,45.3,58.2,83.9,70.0,75.0,30.5,13.9,18.4
11001007401,DC,District of Columbia,1259,1.8845946438884462,32,78.8,43.3,60.3,84.6,75.2,66.8,14.4,26.8,24.8
24033801105,MD,Prince George's,1367,1.8710243163642761,33,65.4,59.9,56.7,78.8,44.5,77.8,11.1,9.4,18.1
24033807000,MD,Prince George's,9219,1.8457901236938907,34,68.1,54.9,64.1,75.5,56.4,74.8,13.0,13.1,18.9
11001009602,DC,District of Columbia,4481,1.8313542017839106,35,78.5,40.5,61.1,83.6,73.3,70.7,14.4,27.6,23.0
51153900504,VA,Prince William,5065,1.8306389028227572,36,76.0,49.9,54.8,81.1,73.0,71.7,25.6,15.4,19.8
24021750507,MD,Frederick,4271,1.822362392155458,37,72.9,50.6,56.1,82.2,67.8,69.1,22.0,13.6,15.2
24031700725,MD,Montgomery,6270,1.8221758437661988,38,69.8,56.1,55.4,82.6,65.4,72.6,24.3,14.5,13.3
51630000301,VA,Fredericksburg,1725,1.8135628321733803,39,69.4,71.4,74.0,68.7,27.7,74.9,7.6,11.2,12.8
24031700713,MD,Montgomery,6081,1.7942067198513965,40,71.4,49.7,54.3,83.4,67.4,70.4,21.7,14.7,11.4
51153901419,VA,Prince William,4270,1.777891958743725,41,75.5,53.6,54.3,80.8,69.3,70.1,20.3,14.4,18.8
24031700731,MD,Montgomery,4261,1.7195306607829268,42,71.6,47.6,56.1,84.2,68.2,73.1,19.4,12.7,20.4
24033806714,MD,Prince George's,5649,1.718298249891492,43,71.5,52.4,53.6,81.6,62.7,78.3,17.4,16.0,18.0
51107611602,VA,Loudoun,4316,1.7177730814347734,44,73.8,55.2,53.8,82.3,69.4,71.2,23.1,11.8,18.2
51059461902,VA,Fairfax,1839,1.6801708889321902,45,71.0,53.7,49.8,82.5,63.7,74.5,17.2,10.2,16.1
51059440503,VA,Fairfax,6817,1.6675564288077827,46,68.6,63.5,59.2,77.7,37.9,76.5,9.4,10.2,9.1
51153901702,VA,Prince William,4047,1.6674327518053242,47,74.0,56.4,55.8,82.2,70.3,70.1,24.7,11.6,16.1
24033805801,MD,Prince George's,4745,1.6657535805432027,48,71.1,51.6,58.0,84.2,71.3,76.4,29.9,14.4,15.7
24031703213,MD,Montgomery,6321,1.6545715617652137,49,71.2,52.1,55.6,83.4,66.9,75.3,21.6,15.0,14.4
51153900203,VA,Prince William,5392,1.648758100401506,50,75.4,55.8,55.8,80.1,68.1,74.9,21.9,16.1,16.9
11001007406,DC,District of Columbia,3528,1.6426340737312932,51,78.1,44.4,59.1,85.6,69.0,67.6,9.9,21.5,20.6
24033804002,MD,Prince George's,4532,1.6142759402640374,52,71.8,50.2,61.2,83.8,70.6,77.0,27.6,16.2,16.6
24031703701,MD,Montgomery,4053,1.612283249383191,53,71.4,53.1,56.6,84.6,71.4,73.5,25.6,13.0,15.4
51153900601,VA,Prince William,3950,1.6116948459272762,54,76.3,54.8,54.3,84.1,71.8,70.6,19.2,10.9,26.8
24031700724,MD,Montgomery,3279,1.6037016071794592,55,72.3,46.5,54.4,84.9,69.5,76.1,22.2,13.6,16.3
24033806602,MD,Prince George's,5814,1.5752290624197989,56,71.6,47.8,58.4,83.4,68.9,77.3,22.4,14.3,16.6
51059421500,VA,Fairfax,7103,1.5748838709267388,57,74.5,52.4,50.6,83.4,73.0,74.6,21.5,14.2,16.2
51153900602,VA,Prince William,4332,1.5703555983247235,58,75.3,56.1,54.6,82.2,67.3,73.3,18.9,12.2,20.3
24033806713,MD,Prince George's,4036,1.5454813038815471,59,71.9,52.1,60.2,83.2,63.9,76.6,19.5,16.0,15.1
11001007804,DC,District of Columbia,3499,1.5384492767397582,60,80.5,46.9,59.8,87.6,77.7,68.3,10.9,19.6,35.1
51179010216,VA,Stafford,7379,1.5086725458085024,61,73.9,53.7,57.3,82.0,69.8,73.5,17.3,12.3,20.0
11001009811,DC,District of Columbia,4438,1.5006775455193402,62,78.3,48.6,62.9,85.6,72.5,70.8,11.8,22.0,26.0
24031703404,MD,Montgomery,3118,1.4880106654508765,63,71.2,53.5,57.3,84.5,71.7,76.2,27.8,13.6,11.2
51107610505,VA,Loudoun,6702,1.4854738564963417,64,74.2,57.5,55.4,82.7,67.5,71.1,19.7,11.7,12.9
24033803509,MD,Prince George's,4175,1.4785551807703878,65,74.4,49.0,58.6,85.0,66.2,80.2,16.4,15.6,27.3
11001009801,DC,District of Columbia,1848,1.4373013267313697,66,79.5,44.6,60.4,86.1,76.4,72.9,12.7,21.8,26.8
24033803801,MD,Prince George's,2872,1.4314858491844284,67,72.6,44.9,59.0,86.0,71.9,75.1,24.2,12.3,13.7
51059451400,VA,Fairfax,3263,1.4310887852960217,68,73.6,53.9,56.6,82.5,74.1,77.1,24.0,12.7,17.7
24033806000,MD,Prince George's,6345,1.4270925943949446,69,70.3,52.1,60.2,83.7,65.8,77.9,23.5,13.3,10.4
24033804802,MD,Prince George's,2970,1.4156187385970422,70,71.8,51.3,59.8,84.3,68.9,78.8,23.6,13.6,16.1
24033805907,MD,Prince George's,3346,1.4014700628181154,71,73.5,49.3,58.7,84.9,70.7,77.9,22.2,15.5,15.8
24033804600,MD,Prince George's,3576,1.3931674507782588,72,72.9,50.4,60.7,84.9,71.6,77.9,22.4,13.9,19.9
11001009802,DC,District of Columbia,2064,1.3881163935005254,73,78.2,53.6,61.0,85.1,70.9,75.5,11.1,22.9,26.5
11001002001,DC,District of Columbia,2926,1.3866277647370011,74,75.5,54.7,61.1,87.0,75.6,70.6,17.6,15.0,25.2
24033801707,MD,Prince George's,6882,1.3834220822333996,75,74.6,51.7,63.5,84.6,71.8,79.3,21.7,16.4,25.4
24031700727,MD,Montgomery,1793,1.3802217682572098,76,73.0,55.4,58.7,85.9,73.3,70.9,20.8,11.3,16.9
51177020313,VA,Spotsylvania,695,1.372700855253701,77,75.3,52.6,59.3,79.1,65.1,78.3,12.1,14.8,18.6
24031703214,MD,Montgomery,7345,1.370557962627731,78,73.3,53.1,57.2,85.3,70.5,74.9,19.7,13.8,15.1
51153901704,VA,Prince William,6821,1.3682405078207227,79,74.7,58.1,54.2,82.5,69.7,76.2,21.0,11.0,16.7
24033807305,MD,Prince George's,4075,1.3627487863510888,80,72.4,50.9,61.3,84.1,72.0,77.7,25.7,14.6,12.6
51153901601,VA,Prince William,4130,1.3559383358598802,81,76.8,57.0,55.4,83.7,75.0,69.3,21.5,11.5,13.8
51153901101,VA,Prince William,2191,1.352444685834546,82,72.4,63.7,57.9,77.9,58.7,74.1,10.7,9.5,12.2
51683910401,VA,Manassas,7543,1.3486761976157573,83,72.1,56.9,58.8,81.0,67.6,78.0,22.4,12.1,11.2
24021750505,MD,Frederick,7660,1.3204708837788746,84,73.6,55.7,56.7,84.5,66.1,71.8,16.0,10.7,12.1
11001009510,DC,District of Columbia,4525,1.2963346655362715,85,75.6,49.7,62.9,86.2,73.0,75.9,15.5,16.6,25.2
51510200104,VA,Alexandria,4095,1.2912831990558065,86,72.6,58.6,58.0,80.3,61.6,78.8,17.1,13.1,8.8
11001007304,DC,District of Columbia,4410,1.277425323547777,87,79.5,47.7,62.2,87.9,75.5,71.0,10.0,17.1,30.8
24033805202,MD,Prince George's,3865,1.2712652679449556,88,75.4,47.5,61.2,86.1,72.6,77.2,18.7,14.9,21.0
51153900901,VA,Prince William,6221,1.270230589229633,89,77.3,57.5,58.8,82.9,71.9,74.2,18.3,14.5,17.9
51059481000,VA,Fairfax,6231,1.2529459320820706,90,72.0,58.9,57.2,81.7,67.7,76.9,17.6,11.4,11.3
51059450702,VA,Fairfax,4568,1.2448544674088748,91,72.1,59.8,57.8,82.7,70.4,77.3,22.1,11.2,12.2
51153900404,VA,Prince William,5996,1.2421402343879024,92,76.9,55.8,58.9,83.7,73.3,72.7,20.3,12.2,15.8
11001009904,DC,District of Columbia,2886,1.2382798461866844,93,78.7,54.2,61.8,87.4,73.2,72.5,9.9,17.8,29.9
24021772200,MD,Frederick,1566,1.2258098665997597,94,77.7,53.5,62.5,85.3,75.4,65.9,11.7,11.9,21.4
11001009810,DC,District of Columbia,2461,1.2170127616179505,95,78.9,48.0,61.8,86.9,73.8,73.0,10.1,19.5,23.4
24031701219,MD,Montgomery,3879,1.215429534564064,96,70.4,57.3,58.1,84.6,62.6,75.9,13.6,10.0,11.5
11001008803,DC,District of Columbia,4036,1.214948444548008,97,71.1,59.8,64.9,83.7,60.0,72.6,7.6,10.8,17.5
11001009803,DC,District of Columbia,2968,1.2134464248212093,98,79.4,52.6,67.0,87.2,76.2,72.3,11.1,19.5,32.6
24033803700,MD,Prince George's,2950,1.2130817034988073,99,72.2,54.2,61.1,86.1,70.5,77.8,23.4,11.9,14.8
24031700818,MD,Montgomery,6624,1.212533825201053,100,72.9,55.4,60.9,85.3,68.1,75.8,15.7,12.6,17.2
51153900503,VA,Prince William,3368,1.2071334022593556,101,76.6,60.9,58.3,82.4,72.4,76.3,21.1,13.7,16.3
24031700732,MD,Montgomery,3361,1.2022660355770378,102,73.1,53.6,63.4,85.6,73.0,74.4,22.0,12.6,14.0
51685920201,VA,Manassas Park,2872,1.2000982260504385,103,73.7,60.5,57.6,82.9,66.9,75.7,16.0,9.9,15.9
24033803803,MD,Prince George's,6062,1.1823359305089969,104,72.7,52.7,63.6,86.1,71.5,77.8,23.2,12.4,16.2
11001003702,DC,District of Columbia,2906,1.1790273870679846,105,72.4,60.7,59.5,85.7,64.2,72.6,8.7,10.8,18.4
51059415401,VA,Fairfax,5352,1.1771897107402909,106,74.9,56.2,59.5,82.3,71.9,77.0,17.3,14.7,13.7
24033800103,MD,Prince George's,2454,1.1751871683936923,107,73.1,51.9,61.0,85.4,68.1,74.9,15.8,12.2,12.7
51153901900,VA,Prince William,8748,1.1719842202137372,108,75.8,61.6,56.5,84.0,70.7,71.5,15.9,9.6,16.0
24031700820,MD,Montgomery,3097,1.1642780038103941,109,72.8,56.7,59.4,85.4,69.9,75.2,17.3,11.7,14.0
24031703302,MD,Montgomery,4446,1.1640678142214875,110,72.7,52.8,58.9,86.3,72.5,75.5,21.1,10.8,12.2
11001002802,DC,District of Columbia,4685,1.1583307323953678,111,71.6,61.5,61.8,85.1,66.8,72.2,12.7,11.7,13.9
24033805904,MD,Prince George's,3717,1.1569530576344234,112,72.8,51.4,64.2,86.0,73.2,76.9,23.5,11.3,15.9
51059450200,VA,Fairfax,4330,1.1396054970609553,113,73.0,61.9,57.8,82.8,71.6,78.2,19.7,11.3,14.9
24033805201,MD,Prince George's,4254,1.1315065016324597,114,73.1,54.6,63.2,86.5,72.5,78.8,23.3,11.7,19.1
51153901211,VA,Prince William,4659,1.128244679043208,115,77.2,58.4,58.1,85.3,74.3,71.6,18.7,10.1,17.5
24033801405,MD,Prince George's,4865,1.1246821329451686,116,74.5,49.5,63.5,86.5,73.9,78.5,20.3,12.3,21.5
11001007808,DC,District of Columbia,3792,1.1164825947802077,117,80.1,52.4,66.3,87.8,76.5,73.3,10.5,17.9,33.8
24033802404,MD,Prince George's,4687,1.1101465510390836,118,79.0,45.3,62.6,86.6,74.0,78.8,13.0,18.2,25.5
11001007503,DC,District of Columbia,2528,1.0996890875813345,119,78.5,47.9,59.7,88.2,72.8,73.0,8.9,15.4,22.7
24033807409,MD,Prince George's,4002,1.0843084740391102,120,74.1,54.9,59.6,86.2,71.9,78.1,19.1,12.3,16.4
51153900201,VA,Prince William,2710,1.0841137509763215,121,76.6,59.1,59.7,83.5,70.8,72.9,15.3,11.1,15.0
24021766800,MD,Frederick,5872,1.074242800388896,122,74.6,60.2,64.4,81.2,69.4,69.1,8.5,9.1,15.6
24033804102,MD,Prince George's,6888,1.073705051705028,123,74.4,53.1,62.2,86.6,71.6,78.8,18.9,12.8,19.1
11001007504,DC,District of Columbia,2730,1.0726197014883319,124,79.0,53.7,63.9,87.4,74.4,74.2,10.1,18.7,26.4
24033804400,MD,Prince George's,2922,1.066197474377542,125,73.4,52.6,62.6,86.7,72.7,76.6,21.6,11.4,13.5
11001007407,DC,District of Columbia,3491,1.060740669696228,126,78.6,53.2,63.5,87.0,72.6,76.8,9.9,18.5,27.1
51013102701,VA,Arlington,3579,1.0505217017149944,127,74.9,60.9,59.4,83.5,70.4,76.1,17.4,12.4,12.2
11001009204,DC,District of Columbia,2889,1.0394849223429605,128,77.0,52.4,66.6,87.0,75.8,73.6,13.9,16.0,22.5
11001007809,DC,District of Columbia,3155,1.0345844273313862,129,78.9,49.8,62.8,88.5,74.9,71.8,10.2,15.5,23.2
24033803508,MD,Prince George's,3971,1.0323639682163837,130,77.6,47.6,64.6,86.8,75.3,78.9,16.5,16.3,23.1
51059421900,VA,Fairfax,2916,1.025477603745365,131,70.2,68.1,55.0,83.2,54.7,78.9,8.9,8.2,8.5
11001009804,DC,District of Columbia,2517,1.0209902621044535,132,79.9,50.8,61.7,88.5,76.3,73.6,9.9,16.7,26.6
24033803606,MD,Prince George's,6167,1.013122514352013,133,75.0,50.0,65.2,86.7,74.9,78.4,20.3,12.6,19.4
51153901407,VA,Prince William,4247,1.0086630473315976,134,75.7,61.0,56.5,84.4,68.4,74.9,14.8,9.4,13.1
24033800209,MD,Prince George's,4788,1.00719686511018,135,74.2,50.1,63.7,86.3,69.5,79.5,17.3,12.5,16.2
51013102200,VA,Arlington,7880,1.0055131424089772,136,75.3,62.3,59.9,84.3,71.9,74.6,18.1,11.2,12.9
24033804801,MD,Prince George's,2648,1.0035651329880293,137,73.6,51.3,66.2,85.7,68.0,80.3,17.3,13.7,15.8
51059451501,VA,Fairfax,5868,0.9915170491405578,138,74.6,58.0,57.5,84.9,73.5,75.8,16.4,10.2,13.5
24033803001,MD,Prince George's,3119,0.9837009146419204,139,78.9,45.7,61.5,87.5,77.4,80.1,16.4,16.6,23.1
51107611501,VA,Loudoun,4242,0.9814547795614738,140,75.6,62.5,54.8,85.5,67.3,72.4,10.3,7.5,14.8
51153901418,VA,Prince William,4138,0.9617107536845071,141,75.7,63.3,59.0,83.4,67.6,75.3,14.5,10.1,12.5
24033801600,MD,Prince George's,3054,0.9549500862212841,142,76.9,49.6,65.6,85.7,72.6,81.1,16.6,17.6,18.0
51059421701,VA,Fairfax,4517,0.9479190682025398,143,74.2,63.6,62.9,84.4,72.0,78.4,19.5,11.8,16.4
11001004703,DC,District of Columbia,3331,0.9345397653238319,144,70.5,62.9,67.3,83.3,62.8,77.4,8.9,11.4,14.4
11001008903,DC,District of Columbia,3062,0.9330201285574147,145,76.7,53.0,65.7,86.0,72.0,76.3,10.9,17.6,16.8
24033800109,MD,Prince George's,3892,0.931727512954258,146,73.5,56.4,62.9,85.5,71.2,80.3,20.3,13.2,11.5
51059421400,VA,Fairfax,8188,0.9287097389461204,147,73.6,65.7,59.5,83.1,70.4,79.8,18.4,12.7,11.0
51059452502,VA,Fairfax,5011,0.9286135493534952,148,74.4,59.3,58.7,83.9,70.4,77.7,15.1,11.5,10.6
11001009601,DC,District of Columbia,2086,0.9205150563517382,149,79.8,49.8,65.7,88.9,75.9,72.5,8.7,14.8,27.3
51059482302,VA,Fairfax,4625,0.9178138297258845,150,73.4,60.5,58.0,83.3,68.3,77.5,14.1,10.8,7.3
11001009907,DC,District of Columbia,2259,0.9107251661634095,151,79.6,54.3,66.0,87.9,76.3,70.7,11.3,18.7,17.0
24033800218,MD,Prince George's,5612,0.9106911601019512,152,75.3,54.8,60.6,86.5,70.8,78.4,15.3,14.0,12.5
24033806900,MD,Prince George's,4393,0.9093505322626227,153,71.4,58.6,62.2,86.2,68.9,77.1,16.1,8.5,12.2
24033803602,MD,Prince George's,2220,0.9021930738540108,154,79.2,45.7,61.5,88.6,77.2,79.1,14.9,14.0,24.6
11001006400,DC,District of Columbia,2481,0.8959857317076949,155,76.5,50.6,65.5,86.2,72.9,76.2,9.4,15.2,18.8
51059421600,VA,Fairfax,6409,0.8939903497529298,156,75.4,59.4,60.8,85.3,72.7,78.7,17.9,12.2,14.7
24031700834,MD,Montgomery,5105,0.887605336143704,157,74.9,58.3,59.3,87.2,71.8,75.9,13.9,11.1,14.7
24021750508,MD,Frederick,5056,0.883797535385701,158,74.6,59.2,63.7,84.4,67.6,76.8,15.1,11.5,10.7
24033804300,MD,Prince George's,3677,0.8809245093396276,159,75.7,49.4,63.9,87.6,73.2,78.4,16.9,12.5,16.0
11001007301,DC,District of Columbia,3841,0.878298243855451,160,68.5,71.9,60.7,85.5,51.3,75.6,5.6,6.7,7.3
51510201205,VA,Alexandria,2568,0.8723365245895096,161,72.6,64.5,60.9,82.8,62.8,81.9,15.4,9.7,11.1
24033803605,MD,Prince George's,7464,0.8689395687460547,162,74.0,55.4,62.5,86.4,73.0,81.4,20.8,12.3,13.7
11001007601,DC,District of Columbia,4693,0.8633573400498988,163,79.9,53.1,67.1,89.1,76.9,71.0,9.5,15.4,25.0
11001000903,DC,District of Columbia,4202,0.8590116132572017,164,69.2,72.2,71.1,80.9,51.7,74.0,5.0,7.6,8.3
24033804001,MD,Prince George's,5339,0.8589984113954318,165,76.6,55.3,65.1,87.0,73.3,79.3,16.5,14.5,19.6
11001003400,DC,District of Columbia,5120,0.8550482667658992,166,70.7,69.2,68.4,81.4,54.4,78.9,6.5,11.0,11.1
51061930706,VA,Fauquier,6071,0.8548373007868928,167,75.4,61.7,63.2,83.1,72.3,75.4,14.6,10.6,13.0
51153900202,VA,Prince William,4127,0.8533213115872678,168,75.8,62.8,61.0,85.4,71.5,72.4,17.8,8.6,9.1
51187020102,VA,Warren,4010,0.8452796343102909,169,76.1,61.5,62.0,84.6,74.0,69.4,9.4,8.8,14.2
24031702301,MD,Montgomery,3551,0.8442447057182948,170,73.5,57.1,64.0,86.8,70.0,76.7,16.5,10.7,11.2
24031701601,MD,Montgomery,2128,0.8433211814816818,171,74.7,54.6,61.0,86.5,71.3,79.8,15.2,12.4,13.5
51510200409,VA,Alexandria,6318,0.8428509646674625,172,76.0,63.9,61.4,84.3,68.7,75.7,10.8,10.4,16.6
24033803612,MD,Prince George's,3834,0.8427489562491015,173,75.6,54.6,63.5,87.0,70.4,77.9,14.0,13.0,14.9
24033805908,MD,Prince George's,3492,0.8408058165380845,174,73.8,60.7,62.4,85.5,62.1,79.8,11.8,11.8,12.0
24031701509,MD,Montgomery,7181,0.8406322956780858,175,75.8,56.2,62.1,87.3,73.0,78.3,15.7,12.7,16.6
24031703403,MD,Montgomery,3970,0.8390104357692513,176,71.9,59.3,61.6,87.1,70.7,77.6,19.7,9.0,8.5
24033807404,MD,Prince George's,5617,0.837899173154058,177,72.8,56.0,62.4,86.8,71.0,79.1,17.8,9.8,12.1
11001003000,DC,District of Columbia,3561,0.8344385689269624,178,71.4,65.3,66.3,85.1,64.5,74.2,8.8,10.1,12.1
51047930300,VA,Culpeper,7819,0.8280974413125559,179,76.9,60.9,64.6,84.5,74.6,73.8,15.1,10.7,16.0
24017850201,MD,Charles,972,0.8175439654484669,180,72.8,61.3,62.6,81.8,62.0,79.6,10.6,9.9,7.3
24031700726,MD,Montgomery,3149,0.8149499955714558,181,73.4,58.0,58.6,87.9,69.5,75.9,13.3,8.6,10.8
24033803403,MD,Prince George's,6119,0.8149272796365513,182,77.8,48.3,67.7,87.2,76.3,79.1,17.8,15.9,17.1
24031700904,MD,Montgomery,4141,0.8116863966959915,183,72.8,59.6,60.7,86.1,68.4,76.8,11.4,8.8,12.3
24033801801,MD,Prince George's,2000,0.8103737301731458,184,78.2,47.2,65.8,87.5,73.6,80.4,13.1,15.3,21.2
51510200408,VA,Alexandria,2713,0.809999693754171,185,75.1,59.8,62.3,84.1,65.0,77.2,10.6,9.6,12.2
24033801702,MD,Prince George's,3984,0.8083216114867754,186,78.3,48.5,64.3,87.1,73.6,80.4,13.4,16.4,18.0
51059452200,VA,Fairfax,6982,0.8032652067763556,187,76.1,58.1,57.6,85.8,75.5,74.7,14.8,9.8,10.3
11001007707,DC,District of Columbia,3927,0.7979368800328965,188,80.3,54.6,67.8,89.2,77.6,72.9,10.2,15.5,27.1
11001005004,DC,District of Columbia,3861,0.7949878191192641,189,71.3,63.3,66.6,86.0,67.8,75.0,10.2,9.2,14.4
51059450100,VA,Fairfax,5524,0.7928967829759309,190,74.1,58.8,60.9,84.8,71.5,75.5,13.1,9.1,9.4
51107611400,VA,Loudoun,5767,0.7913191546469368,191,76.2,66.2,62.7,85.3,73.7,72.2,17.6,9.2,11.3
24033800210,MD,Prince George's,3689,0.7888961718156322,192,75.5,54.0,63.5,87.3,69.2,78.2,13.4,11.8,13.9
11001001803,DC,District of Columbia,4102,0.7863019081538926,193,76.5,61.1,64.8,88.0,74.5,76.5,14.6,14.9,18.4
54037972401,WV,Jefferson,2718,0.7828508843487462,194,79.4,50.9,65.8,85.0,75.9,74.2,12.5,11.4,17.6
24033801709,MD,Prince George's,5577,0.7782759487741059,195,77.8,49.2,64.7,87.1,75.4,81.3,16.1,15.9,17.3
11001007803,DC,District of Columbia,4590,0.7769954932094545,196,79.0,54.3,67.3,88.3,75.5,73.9,10.3,16.2,20.5
24031703401,MD,Montgomery,5871,0.775686551030954,197,73.3,59.8,61.9,87.6,72.9,78.6,19.3,9.6,12.3
24031700721,MD,Montgomery,3200,0.7659976492815831,198,74.2,58.3,60.9,88.0,71.1,77.2,14.2,9.5,13.8
24033805909,MD,Prince George's,5024,0.7638520131478302,199,71.0,59.2,66.5,85.3,61.3,79.4,12.3,8.7,8.8
11001007703,DC,District of Columbia,5227,0.7631660353550829,200,80.3,48.3,65.6,88.8,77.4,75.0,9.9,16.5,20.9
51059450602,VA,Fairfax,4814,0.7616136998076514,201,73.6,66.1,58.5,84.8,70.9,78.9,15.1,8.7,12.5
51177020311,VA,Spotsylvania,5571,0.7606534043739158,202,77.8,58.4,61.6,84.6,77.5,74.3,11.4,10.5,17.3
24031700822,MD,Montgomery,1771,0.7576771184933937,203,74.6,57.2,61.5,87.4,73.2,76.0,15.3,10.4,10.4
24031702101,MD,Montgomery,6021,0.7467513974583428,204,75.3,56.4,64.2,86.6,75.0,80.0,19.7,13.1,11.9
51177020207,VA,Spotsylvania,1575,0.7466160114611814,205,75.3,61.0,59.5,84.6,69.8,77.6,10.2,9.1,13.9
51179010215,VA,Stafford,2114,0.7446272659040105,206,76.9,58.2,63.1,85.4,72.8,74.9,10.5,10.3,15.9
11001003200,DC,District of Columbia,5099,0.7417570230530696,207,72.1,66.6,66.5,86.0,67.3,76.0,10.7,10.2,14.3
51059452301,VA,Fairfax,3568,0.7416951567070732,208,77.0,58.9,57.3,86.1,77.1,73.9,14.2,10.2,9.5
24031701422,MD,Montgomery,2902,0.7415907123475923,209,75.9,56.1,58.3,87.7,67.9,79.8,11.5,12.1,11.9
51059491202,VA,Fairfax,2102,0.7368576301954853,210,71.3,68.1,61.7,82.6,63.0,79.1,10.6,8.0,7.8
51177020110,VA,Spotsylvania,3881,0.7310763222203513,211,76.4,57.7,62.5,85.4,74.1,74.3,12.2,8.4,14.3
24031700903,MD,Montgomery,2377,0.7184243281222128,212,72.5,60.4,65.1,86.4,68.5,78.0,14.6,9.8,9.9
51153900302,VA,Prince William,6165,0.7170116994659611,213,77.9,61.4,59.7,84.8,72.2,75.4,13.1,10.8,10.4
24031703207,MD,Montgomery,5906,0.7135164005456197,214,73.5,59.5,65.1,87.4,72.2,78.2,17.9,9.6,12.6
51013101804,VA,Arlington,2215,0.7113046104512384,215,72.8,68.4,64.4,82.9,63.0,78.4,10.2,7.7,12.2
51059421800,VA,Fairfax,5933,0.6927859014666073,216,75.7,60.4,63.3,85.0,73.2,77.8,14.4,11.5,11.5
51187020500,VA,Warren,4178,0.6924132378886035,217,77.0,64.4,65.9,84.7,76.7,70.3,11.4,9.3,15.0
24033803200,MD,Prince George's,2860,0.6860030900722687,218,76.8,52.7,65.4,86.7,71.7,81.6,14.5,14.9,13.6
51510200102,VA,Alexandria,5043,0.6830682872905645,219,74.6,64.2,63.4,83.9,68.7,77.7,15.8,9.9,6.4
11001008804,DC,District of Columbia,2417,0.6732118795638642,220,76.9,60.5,65.5,88.9,72.8,73.4,7.9,11.4,20.6
24033804900,MD,Prince George's,3983,0.672939226321047,221,77.8,49.9,67.8,88.2,77.8,77.3,17.1,12.5,16.3
11001007404,DC,District of Columbia,3637,0.6701280575674817,222,78.2,56.5,66.6,87.6,71.2,77.9,9.2,15.9,17.9
24031703501,MD,Montgomery,6694,0.6699920555747395,223,74.4,59.8,62.2,88.1,73.1,76.9,16.8,9.5,10.1
51153900803,VA,Prince William,6016,0.6693554347074219,224,78.7,62.1,60.9,85.0,71.2,77.4,12.5,12.2,12.6
51153901403,VA,Prince William,6754,0.6675414920893624,225,76.7,62.2,61.5,84.4,70.6,76.4,12.9,9.3,10.2
24031700833,MD,Montgomery,4600,0.6508072692706242,226,74.1,60.7,62.2,87.3,72.5,77.3,15.5,9.7,9.2
24031700832,MD,Montgomery,3206,0.6504258671141886,227,74.0,59.1,63.5,87.2,72.5,79.3,17.0,10.2,10.3
24031700815,MD,Montgomery,8255,0.6434713804684609,228,74.7,59.6,60.4,88.2,72.1,76.3,13.1,9.2,10.0
51059471402,VA,Fairfax,3550,0.6431526629724961,229,75.6,59.6,58.7,86.5,74.2,77.6,12.5,8.1,13.2
11001002801,DC,District of Columbia,4398,0.6421970496050963,230,71.9,67.3,67.8,87.1,66.0,76.9,9.7,8.8,15.9
24033803525,MD,Prince George's,2354,0.6394144109690154,231,79.4,49.9,65.4,87.8,73.9,79.1,11.1,16.2,15.3
24033802107,MD,Prince George's,3976,0.6373441047569476,232,78.0,52.3,65.1,87.2,70.7,83.0,11.9,15.6,16.8
51013103602,VA,Arlington,1241,0.6363597268735334,233,71.6,71.3,62.8,82.5,54.6,77.7,6.1,5.7,4.6
24033803608,MD,Prince George's,6581,0.6356991955948933,234,76.1,56.3,64.9,88.1,75.6,79.9,18.8,11.9,13.7
11001001804,DC,District of Columbia,5500,0.6332147269828123,235,77.8,57.9,62.7,89.2,75.9,76.1,12.3,13.0,16.3
24033803610,MD,Prince George's,3527,0.6316818275066551,236,75.5,55.3,67.4,87.4,74.9,80.4,19.0,11.9,13.4
51059481202,VA,Fairfax,6301,0.6217399872980341,237,75.4,64.3,60.2,86.1,73.0,77.2,12.8,8.7,12.7
51153901703,VA,Prince William,2762,0.6185757413303218,238,76.4,64.7,62.6,85.8,73.1,76.1,16.5,8.1,11.5
51059482506,VA,Fairfax,5298,0.6145653268925634,239,73.1,66.6,58.0,85.2,62.3,79.5,7.4,7.2,8.7
24031700733,MD,Montgomery,5480,0.6105470238941433,240,73.9,59.0,63.6,87.1,70.4,78.4,13.0,9.5,10.0
24031703702,MD,Montgomery,4147,0.609529175053686,241,73.8,61.6,60.8,88.1,72.5,78.5,15.9,8.8,9.8
54037972402,WV,Jefferson,4461,0.6092804322728438,242,79.6,52.7,64.4,86.3,75.0,74.9,9.3,9.5,17.4
11001007502,DC,District of Columbia,4687,0.6064827054220391,243,80.8,55.4,67.6,88.9,78.1,76.5,9.7,16.7,23.5
24033801908,MD,Prince George's,3781,0.6061031969986801,244,77.6,54.8,63.1,87.8,71.9,81.4,12.4,13.5,15.6
51059430600,VA,Fairfax,7152,0.605072579049718,245,74.5,66.6,60.7,86.4,72.9,76.5,15.6,7.9,9.5
24031701508,MD,Montgomery,4142,0.6009834458857736,246,77.6,53.0,62.6,87.8,71.9,79.5,11.1,14.1,11.1
11001007709,DC,District of Columbia,2072,0.5995035422083479,247,80.8,51.2,67.8,90.1,78.6,75.9,9.2,14.8,25.3
51683910202,VA,Manassas,8207,0.5990314754085535,248,74.4,67.6,64.0,84.8,71.3,79.2,17.8,9.0,9.8
11001007100,DC,District of Columbia,3218,0.598958693161203,249,74.3,64.0,65.1,87.1,68.7,75.7,7.7,11.0,12.4
51059416200,VA,Fairfax,5201,0.5971533579991914,250,71.3,73.3,54.2,85.9,56.1,81.2,7.3,6.4,4.7
51153901602,VA,Prince William,8294,0.5965449195499077,251,76.5,67.6,60.7,85.3,71.2,77.7,14.7,8.8,11.6
51187020400,VA,Warren,4834,0.595256183048046,252,77.8,59.6,67.2,85.3,77.5,70.4,10.7,8.7,13.3
24033803613,MD,Prince George's,6943,0.5927913998139567,253,76.2,55.9,64.3,88.1,71.6,80.7,14.5,11.7,13.7
51013102001,VA,Arlington,2802,0.5871142611010419,254,74.5,58.6,66.8,84.4,69.2,76.3,9.9,6.9,11.0
51187020602,VA,Warren,2665,0.5855556065619982,255,77.0,62.2,67.5,85.2,76.7,72.7,10.2,8.3,17.5
51683910301,VA,Manassas,4579,0.5814855882155747,256,75.6,63.3,64.3,85.3,73.5,77.3,14.7,8.8,11.8
11001009700,DC,District of Columbia,3188,0.5784447918127483,257,80.7,54.1,64.3,88.9,77.2,76.6,9.3,16.4,17.9
51510200500,VA,Alexandria,4650,0.5779265098454818,258,75.9,63.2,64.2,84.2,68.2,79.0,9.7,9.5,13.0
11001010601,DC,District of Columbia,2130,0.5763736303835536,259,68.2,73.2,68.5,85.9,48.1,79.8,5.0,6.3,6.7
51153900407,VA,Prince William,6849,0.5743714654177805,260,78.1,61.2,61.3,85.9,72.6,77.8,14.0,10.2,11.1
51059491706,VA,Fairfax,2899,0.5726034183215483,261,71.5,69.2,64.8,83.0,61.7,79.8,9.5,7.9,5.8
24021750504,MD,Frederick,6012,0.5714001603813279,262,78.3,58.0,64.0,88.0,74.2,70.7,10.1,8.5,11.5
11001005601,DC,District of Columbia,2900,0.5663495581120414,263,69.8,70.5,70.9,84.3,57.1,74.7,4.8,6.3,6.6
24021751003,MD,Frederick,5920,0.565309432204727,264,77.6,58.9,60.8,87.1,73.9,74.1,10.9,9.0,9.7
24033807301,MD,Prince George's,3693,0.5649039451339908,265,72.5,57.3,67.5,85.6,67.9,79.5,11.8,8.7,8.1
51059480903,VA,Fairfax,4177,0.5638243634690111,266,72.8,65.3,61.8,85.2,68.1,80.0,13.2,7.6,7.8
24031700710,MD,Montgomery,6718,0.5621036343232118,267,75.2,62.1,63.3,88.0,75.0,77.7,15.1,9.4,13.4
51153901227,VA,Prince William,5282,0.560061083821776,268,77.5,65.1,62.8,86.0,74.1,75.5,15.7,8.9,10.8
51013102003,VA,Arlington,4820,0.5553380257023149,269,75.8,62.1,66.6,85.5,72.2,75.2,12.3,7.9,12.0
24033802600,MD,Prince George's,3318,0.5540767512715175,270,77.9,51.5,66.3,88.6,75.4,81.2,13.9,12.6,18.4
51059491201,VA,Fairfax,6558,0.5526371627383274,271,74.9,66.0,58.8,86.3,71.2,76.4,9.5,7.5,10.6
51153900409,VA,Prince William,5517,0.5515303696776405,272,77.2,62.0,61.5,85.7,72.6,78.6,15.8,9.1,9.7
11001007901,DC,District of Columbia,4148,0.5497905822092543,273,76.0,60.0,67.0,87.1,70.5,75.3,8.1,13.1,9.9
24033807500,MD,Prince George's,7321,0.5481710178464688,274,74.8,59.8,64.9,88.3,71.0,79.4,12.9,9.4,14.6
11001003500,DC,District of Columbia,4801,0.5477114841665633,275,70.4,74.3,67.6,84.9,55.8,79.4,5.5,7.5,10.9
11001007807,DC,District of Columbia,2114,0.5442456250918956,276,79.5,53.2,69.4,88.4,75.9,78.1,10.1,16.1,19.1
24033801106,MD,Prince George's,1674,0.5405620566531495,277,70.4,66.4,63.4,86.4,58.4,80.5,8.3,7.7,4.5
51059491303,VA,Fairfax,4269,0.5400948751077456,278,73.7,67.1,60.3,85.3,70.3,80.0,12.8,8.0,9.6
51059482201,VA,Fairfax,2481,0.5394602428831361,279,74.6,67.5,62.4,85.5,71.7,78.3,11.5,8.3,13.2
51153901013,VA,Prince William,3494,0.5371139825518861,280,78.9,60.8,59.3,87.2,72.5,74.3,11.0,8.8,9.5
24033802106,MD,Prince George's,4576,0.5369626705913382,281,77.8,51.4,69.1,87.6,72.0,80.3,12.1,14.3,13.8
51630000500,VA,Fredericksburg,8872,0.535957570481593,282,76.7,63.9,63.9,84.7,70.6,78.3,9.7,9.6,13.9
11001010400,DC,District of Columbia,4616,0.5357537990963053,283,80.2,51.8,69.2,89.7,76.5,76.1,8.3,14.7,21.9
54037972701,WV,Jefferson,2770,0.5288642593667139,284,79.5,54.3,68.1,86.9,75.7,74.9,8.7,8.3,21.9
51013101401,VA,Arlington,1938,0.5283610234032703,285,71.0,74.6,65.1,82.6,50.4,79.7,5.5,5.2,3.8
24031700715,MD,Montgomery,6117,0.5261625696356921,286,74.2,61.9,65.0,88.1,73.0,77.8,15.5,8.9,10.4
24031703301,MD,Montgomery,5064,0.5245108843195702,287,72.9,65.5,63.9,88.0,71.9,78.8,17.6,8.2,8.4
51510200109,VA,Alexandria,5794,0.5229061086468152,288,76.5,63.2,61.8,85.1,70.8,79.1,13.5,10.6,6.9
24033807304,MD,Prince George's,2266,0.5190915476598166,289,74.2,57.7,69.6,88.1,74.2,79.0,18.5,8.9,12.1
24033803300,MD,Prince George's,5004,0.5176334104641973,290,75.8,54.0,66.3,87.9,74.5,81.5,17.6,11.5,10.6
11001002900,DC,District of Columbia,4443,0.5176170672506306,291,70.8,70.3,65.5,86.7,63.2,78.2,8.6,8.0,8.6
24033801808,MD,Prince George's,3761,0.5154569093510601,292,79.4,49.8,64.8,89.0,75.6,79.2,11.5,13.2,15.6
11001009603,DC,District of Columbia,3971,0.509419243138094,293,80.1,52.8,67.2,88.6,77.6,77.7,10.8,17.3,14.5
51059491103,VA,Fairfax,6548,0.49970082160154017,294,75.0,67.0,61.4,86.4,71.7,74.9,10.6,7.7,8.0
51179010211,VA,Stafford,4242,0.4954751955552289,295,75.7,64.6,65.9,85.7,71.7,75.1,9.8,8.3,11.5
51059452700,VA,Fairfax,5398,0.49438508756796534,296,76.3,61.6,60.2,86.7,74.3,79.1,13.3,9.5,9.8
24031700729,MD,Montgomery,2579,0.4923349451418502,297,74.4,60.8,62.3,87.9,72.4,78.2,13.3,9.1,7.5
51013101408,VA,Arlington,788,0.49213874716937234,298,69.4,76.7,69.0,84.4,47.2,77.2,5.0,4.0,2.7
11001009102,DC,District of Columbia,4608,0.4898897866027762,299,78.0,62.9,66.7,88.6,73.9,76.5,8.2,12.5,19.8
51153901212,VA,Prince William,7978,0.4834823159967631,300,78.9,61.4,61.2,86.7,74.7,76.9,12.6,9.1,12.5
51683910302,VA,Manassas,6436,0.4831206224596501,301,75.0,67.2,65.0,84.4,71.7,78.3,14.1,9.0,8.0
51013101701,VA,Arlington,5507,0.48050387024179625,302,70.9,75.1,65.2,83.9,51.9,79.8,6.0,5.0,4.9
24021750702,MD,Frederick,3822,0.48039209450723835,303,78.0,58.0,66.1,86.9,75.7,75.6,12.4,9.9,12.0
24031703800,MD,Montgomery,4126,0.47679765046445305,304,73.8,60.4,64.6,87.5,66.6,79.7,11.1,9.5,6.6
51059480901,VA,Fairfax,6969,0.4714016767136915,305,74.1,71.2,62.0,86.5,72.7,79.2,15.7,7.6,11.1
11001008802,DC,District of Columbia,4360,0.4707289206916182,306,75.0,63.3,67.8,87.5,71.3,77.9,8.2,10.7,16.0
24033806800,MD,Prince George's,4183,0.46862229459395865,307,73.3,62.1,65.6,87.8,71.6,77.6,13.6,7.5,8.7
24033807405,MD,Prince George's,6459,0.46671718989471256,308,73.8,60.7,68.2,87.8,71.9,78.4,15.3,8.5,9.7
51047930400,VA,Culpeper,5143,0.46422133094810136,309,78.4,62.8,65.2,86.0,77.7,73.2,11.0,9.1,12.7
24021750701,MD,Frederick,5623,0.4630252336205642,310,76.8,61.5,64.8,87.3,72.8,73.8,11.2,8.7,7.9
24031701201,MD,Montgomery,6144,0.45820846911277546,311,73.9,63.3,64.1,88.1,71.9,76.1,12.2,7.7,7.8
51153900301,VA,Prince William,3301,0.4577324497886368,312,78.8,64.0,61.9,86.5,74.6,75.1,10.8,9.0,12.0
51107611300,VA,Loudoun,6349,0.4574825385996751,313,76.2,69.2,65.0,86.0,71.5,75.0,13.2,8.0,9.1
24033801906,MD,Prince George's,2352,0.4546635761345936,314,77.2,56.7,65.0,88.5,73.8,80.4,12.9,11.5,13.7
24033807407,MD,Prince George's,6708,0.4544407461808038,315,76.2,57.8,65.5,88.4,74.8,79.4,14.3,10.1,12.6
24033802001,MD,Prince George's,5576,0.4486499994086724,316,78.1,51.8,68.2,87.9,73.2,82.0,12.2,13.6,14.4
24033803100,MD,Prince George's,2688,0.4443180200526815,317,78.1,55.0,67.4,87.4,76.2,81.0,15.8,15.6,8.7
24031701102,MD,Montgomery,6167,0.4420754491327923,318,73.9,61.0,64.7,88.9,71.8,78.5,11.7,6.7,13.4
51179010218,VA,Stafford,4638,0.4401554473245528,319,74.1,68.8,64.4,84.3,68.3,79.0,10.0,8.0,8.6
51179010306,VA,Stafford,2773,0.4383375200392836,320,75.7,65.0,63.2,84.5,71.3,79.3,11.1,9.5,7.8
24031700811,MD,Montgomery,5010,0.436962062477322,321,74.8,60.9,66.0,88.3,72.6,77.9,14.2,9.2,8.5
51107611002,VA,Loudoun,4736,0.43335865892954956,322,76.0,67.4,62.6,85.7,69.1,75.0,9.1,7.1,7.1
11001010602,DC,District of Columbia,6594,0.42950711820425996,323,70.3,70.9,66.3,87.5,57.8,78.0,4.7,5.7,8.2
51107611502,VA,Loudoun,6550,0.42877592316943997,324,77.3,66.9,60.6,87.2,74.9,77.0,14.0,7.4,11.7
51153901506,VA,Prince William,5536,0.4284699170076636,325,77.0,70.0,57.9,86.6,69.6,75.6,8.4,6.7,9.4
54037972300,WV,Jefferson,4569,0.42478995149523435,326,80.5,53.7,66.8,87.6,77.3,73.8,8.5,8.2,17.6
24031703402,MD,Montgomery,4035,0.4238015580506815,327,73.8,61.1,65.4,88.5,73.1,79.4,15.5,7.9,9.3
51177020406,VA,Spotsylvania,3817,0.4233216895146369,328,77.3,62.9,65.2,85.8,76.4,76.5,9.8,8.3,15.4
51177020111,VA,Spotsylvania,2454,0.42053693744441506,329,76.2,67.3,63.3,85.4,72.3,77.6,10.2,8.6,10.9
51630000201,VA,Fredericksburg,4690,0.4171726423099194,330,77.3,62.3,68.3,82.6,74.2,80.0,9.6,9.9,14.9
11001009201,DC,District of Columbia,3103,0.4166004592722197,331,72.1,71.7,67.2,86.7,62.4,75.9,6.2,7.9,6.5
51153900701,VA,Prince William,7608,0.41517980783617076,332,78.2,64.6,61.6,86.1,69.6,78.3,10.2,9.5,9.3
24033800102,MD,Prince George's,3129,0.41461830915696324,333,75.0,57.9,67.1,88.6,72.5,79.4,12.5,8.5,12.8
24033802700,MD,Prince George's,2675,0.41420371863482763,334,78.0,54.4,69.3,88.1,76.5,81.6,15.8,13.3,14.2
51107611204,VA,Loudoun,5768,0.41366630158506185,335,76.9,69.0,64.3,87.0,73.6,75.1,13.5,7.4,11.3
24021753002,MD,Frederick,2746,0.41140054281455823,336,77.8,59.6,66.4,87.3,77.3,70.9,9.2,7.6,10.2
51059421002,VA,Fairfax,5348,0.40846799225724384,337,75.8,67.3,61.9,85.4,73.6,80.4,12.1,9.5,10.7
51107610506,VA,Loudoun,5646,0.40710942284217155,338,77.4,68.7,57.9,87.0,71.6,75.2,9.2,7.3,8.2
11001007806,DC,District of Columbia,3457,0.40534396773872217,339,80.0,59.1,64.8,90.4,74.9,76.3,8.1,13.6,16.6
51177020108,VA,Spotsylvania,4225,0.402075916756749,340,78.7,63.4,67.1,85.5,77.8,75.7,12.8,10.1,12.6
11001005503,DC,District of Columbia,2492,0.39991050099206865,341,73.1,68.8,67.8,87.3,67.8,71.6,4.6,6.1,8.8
51153901015,VA,Prince William,3726,0.39942971631458796,342,79.8,64.1,59.9,87.7,71.9,77.1,9.3,9.3,12.9
24033802901,MD,Prince George's,4006,0.3929046788151618,343,78.6,52.8,69.9,88.4,77.1,79.9,15.0,13.8,12.1
24033801704,MD,Prince George's,5506,0.3885672902051766,344,78.7,52.3,67.0,88.3,74.2,80.7,12.2,14.2,9.9
51107610603,VA,Loudoun,3587,0.38741585040789783,345,77.1,68.3,65.5,86.1,72.9,75.0,10.8,7.9,11.2
24031703215,MD,Montgomery,3357,0.381402938467639,346,76.3,61.6,65.2,88.6,75.6,78.8,14.8,9.9,10.8
11001002504,DC,District of Columbia,3349,0.38091332143623263,347,72.6,69.0,66.8,88.4,66.8,77.3,9.6,7.8,8.8
51510200301,VA,Alexandria,3333,0.3805277293007252,348,75.1,67.9,63.1,84.8,66.1,80.4,9.6,8.7,6.1
24033805000,MD,Prince George's,5906,0.37327634793085795,349,75.6,54.9,70.0,88.4,74.1,84.3,16.8,10.1,15.4
24021750100,MD,Frederick,1651,0.37003373709575427,350,77.0,59.5,65.3,87.8,72.8,73.8,7.8,7.3,9.3
51153901409,VA,Prince William,8502,0.3695526546976413,351,76.6,69.5,60.7,86.4,67.7,75.7,8.2,6.7,6.8
24031703222,MD,Montgomery,4737,0.3662592553863091,352,76.5,60.7,67.4,88.8,75.2,77.2,13.3,10.0,10.9
51059452801,VA,Fairfax,5627,0.36387350429598303,353,77.3,61.9,63.9,86.9,75.5,78.4,9.5,8.7,14.4
51153900702,VA,Prince William,8133,0.3617369301384514,354,78.4,65.9,61.2,87.6,73.4,77.3,11.9,7.5,12.2
11001007605,DC,District of Columbia,3663,0.3594118394309576,355,81.0,53.4,67.4,90.0,77.9,77.5,8.1,14.2,18.4
51177020308,VA,Spotsylvania,4032,0.3589353812038726,356,77.4,62.8,64.9,87.4,73.8,78.4,8.5,7.2,18.4
51059471301,VA,Fairfax,3973,0.35858917662726164,357,72.3,71.9,61.3,86.0,64.2,79.9,9.2,5.7,4.8
24021750300,MD,Frederick,1728,0.35564384572633934,358,77.0,59.8,68.0,87.0,73.2,75.2,8.1,8.1,11.6
51600300100,VA,Fairfax,5368,0.35371237343512263,359,77.8,65.0,66.6,85.9,75.3,73.6,10.7,7.7,9.6
51683910201,VA,Manassas,5239,0.34778734440488634,360,76.8,67.3,65.9,87.0,75.3,77.5,13.8,7.3,13.8
24033802803,MD,Prince George's,5939,0.3477695512560556,361,78.8,52.1,67.3,88.8,75.4,82.1,12.5,13.1,13.6
51177020201,VA,Spotsylvania,7310,0.3473287835704341,362,76.5,66.4,63.7,86.0,72.2,79.2,9.7,8.1,12.4
24031700706,MD,Montgomery,4691,0.3468806089200091,363,74.1,64.0,62.7,88.5,69.8,79.7,10.9,8.0,7.4
51013102804,VA,Arlington,5339,0.3466107360257571,364,75.6,69.2,65.3,86.6,69.0,76.1,10.9,7.4,6.8
51510200105,VA,Alexandria,4065,0.34465866815741814,365,76.8,64.3,64.1,84.6,69.7,82.3,10.4,11.0,8.0
24033800412,MD,Prince George's,4807,0.34186772478633376,366,77.3,58.3,65.7,88.7,75.0,80.7,13.4,10.7,12.3
51059420600,VA,Fairfax,4911,0.3410378117218741,367,74.2,68.1,63.4,86.3,69.8,79.8,11.6,7.7,6.8
51047930502,VA,Culpeper,6267,0.3405552632189722,368,78.1,65.8,68.1,86.5,75.8,73.7,11.5,8.2,11.5
51153901508,VA,Prince William,6034,0.3388201666055428,369,78.2,69.7,60.9,87.0,72.6,75.5,8.5,7.3,12.0
51179010214,VA,Stafford,3873,0.33850953202362793,370,76.6,65.2,64.5,86.0,73.4,76.9,9.7,8.3,9.1
51685920202,VA,Manassas Park,7210,0.33803347061410294,371,76.8,69.1,63.4,85.8,72.3,78.3,10.8,8.1,10.8
24031701417,MD,Montgomery,6168,0.33776963072050875,372,76.4,61.2,64.3,88.2,70.5,80.5,10.4,11.0,8.7
51013101602,VA,Arlington,1654,0.3362192958502276,373,74.4,68.8,66.8,84.8,67.0,76.3,8.1,6.8,5.2
11001004901,DC,District of Columbia,3380,0.33572751221059316,374,71.5,71.5,71.1,86.9,64.6,75.4,6.5,7.7,6.7
24033802805,MD,Prince George's,5264,0.33512468676819446,375,79.3,51.1,66.0,89.5,76.9,81.9,12.8,12.0,15.1
51107611701,VA,Loudoun,4797,0.33440068184837307,376,77.2,66.0,65.2,87.2,75.1,77.2,15.2,7.5,10.1
51187020601,VA,Warren,6094,0.33400664048767886,377,77.3,64.4,69.8,85.1,76.5,72.5,8.9,7.5,10.9
24033802103,MD,Prince George's,3202,0.3335116627070518,378,80.3,52.5,69.4,89.3,78.7,80.6,12.8,14.3,17.0
24033802501,MD,Prince George's,3231,0.3322587439347591,379,79.7,53.7,68.1,88.8,76.3,81.7,11.6,14.0,16.0
51059422101,VA,Fairfax,6872,0.33066811899089044,380,77.2,66.3,60.9,86.5,74.1,79.6,10.0,9.8,10.2
24033802407,MD,Prince George's,3611,0.3303028238074109,381,79.9,54.2,66.9,89.3,76.2,80.7,11.1,13.6,15.4
51059482507,VA,Fairfax,3656,0.3297767671210296,382,72.9,71.4,60.1,86.4,62.8,79.9,6.4,5.4,5.7
51153900403,VA,Prince William,5550,0.32886706752295886,383,79.6,64.1,64.3,87.6,76.9,75.9,13.7,8.6,11.9
24033802406,MD,Prince George's,2450,0.3255193556067255,384,78.0,54.2,68.4,88.4,74.5,82.1,13.4,12.7,11.7
24033800108,MD,Prince George's,4351,0.3229921685110985,385,75.8,62.7,67.9,87.7,68.7,82.1,11.1,11.3,10.8
51059481103,VA,Fairfax,3664,0.3166456303357497,386,75.7,64.6,59.3,87.0,71.9,80.9,9.4,7.4,9.3
24031700902,MD,Montgomery,3816,0.315672452963831,387,74.3,62.7,65.2,88.3,73.1,78.6,12.7,8.0,6.7
51630000302,VA,Fredericksburg,4471,0.3149794286690741,388,77.9,65.6,67.5,85.8,75.1,76.2,8.7,8.2,14.7
24031700316,MD,Montgomery,3851,0.3115285363287281,389,75.6,65.0,58.8,89.7,71.4,76.8,8.1,7.0,7.5
24033801809,MD,Prince George's,4107,0.3111460508581462,390,80.5,51.7,70.1,89.7,78.7,80.7,11.8,12.6,20.7
51059480801,VA,Fairfax,5388,0.3085491894599869,391,74.5,71.6,61.1,86.3,72.1,79.1,13.2,7.8,4.3
24031703902,MD,Montgomery,7469,0.3064983538937194,392,74.8,64.0,65.8,88.7,72.3,77.3,13.0,8.3,5.5
11001002202,DC,District of Columbia,3339,0.30618019718153505,393,75.4,65.2,68.8,89.3,71.5,76.1,9.8,9.4,10.6
24021775400,MD,Frederick,3929,0.30470556765867574,394,77.2,59.8,67.9,87.9,74.8,74.0,8.4,7.1,11.1
11001003701,DC,District of Columbia,2916,0.30440607411087167,395,70.3,71.7,67.0,88.4,59.7,78.8,6.2,5.7,5.9
51153901016,VA,Prince William,5440,0.30328202568835094,396,78.9,65.9,61.9,87.3,72.0,77.1,10.1,8.2,9.8
51177020314,VA,Spotsylvania,1850,0.3024202914723796,397,76.6,65.3,63.8,86.2,72.0,79.0,10.0,8.4,8.8
51059461606,VA,Fairfax,3069,0.30133783036946027,398,72.7,75.6,62.8,85.7,65.1,78.0,8.3,5.9,4.2
51510200111,VA,Alexandria,3909,0.30036156346738035,399,74.3,68.2,67.5,84.8,62.9,80.7,8.6,7.7,5.7
51177020305,VA,Spotsylvania,3858,0.29529606377842144,400,76.0,63.5,68.4,85.0,71.1,81.0,9.6,8.1,12.7
11001011100,DC,District of Columbia,5903,0.29279163216579845,401,79.8,59.5,67.8,90.0,77.9,77.6,9.0,12.4,18.8
51013103800,VA,Arlington,4964,0.2893211312009464,402,73.8,71.7,67.1,84.9,61.7,78.9,6.8,6.5,5.7
24033803002,MD,Prince George's,2791,0.2879803079341859,403,79.7,56.8,67.3,89.5,77.0,80.3,12.4,12.9,14.8
24033806712,MD,Prince George's,3300,0.2876951916604206,404,78.6,53.4,65.9,89.0,74.6,82.1,10.3,12.0,13.1
51153901507,VA,Prince William,2958,0.28732650512743935,405,77.2,70.1,60.0,86.9,70.3,75.5,8.4,6.4,6.2
24017850901,MD,Charles,5761,0.287218805960074,406,80.6,54.8,65.4,87.8,76.2,81.2,10.4,13.1,13.1
51179010206,VA,Stafford,5495,0.28517556660731525,407,76.4,68.3,66.5,86.3,74.0,75.6,10.6,8.2,8.0
51177020307,VA,Spotsylvania,3791,0.28211566525287063,408,76.3,64.6,65.5,85.5,73.7,80.0,13.0,8.9,6.7
11001007708,DC,District of Columbia,2574,0.2815945701441187,409,80.6,53.3,68.6,89.8,76.1,79.0,8.1,14.6,15.1
11001002704,DC,District of Columbia,2993,0.2781789069759946,410,72.0,70.5,66.0,89.0,65.3,77.4,7.5,6.2,7.0
51107611601,VA,Loudoun,4317,0.27586335866139083,411,76.5,71.8,60.5,87.5,70.4,76.7,10.0,6.2,7.6
51153901228,VA,Prince William,6336,0.27579162105760224,412,78.8,65.5,65.9,87.4,75.1,76.2,12.4,8.2,11.0
24021750506,MD,Frederick,4321,0.27459260083673676,413,77.2,62.8,67.3,88.5,74.6,75.7,12.2,7.3,10.0
11001009905,DC,District of Columbia,2790,0.273903192056298,414,80.2,57.9,72.0,89.4,75.8,77.5,8.2,15.0,16.3
11001007201,DC,District of Columbia,2985,0.2676911707740618,415,69.2,79.4,66.1,88.9,50.1,78.7,3.6,4.3,3.0
51510200302,VA,Alexandria,4452,0.26755198815780945,416,76.9,67.4,66.8,86.8,72.8,79.2,11.7,7.6,13.2
11001004702,DC,District of Columbia,3934,0.2660684188930201,417,69.3,74.8,70.7,87.8,54.3,79.2,4.5,5.0,5.9
24033806711,MD,Prince George's,4794,0.2653553665068964,418,78.0,55.4,68.3,89.1,74.5,81.0,11.5,10.9,13.1
24031701101,MD,Montgomery,4705,0.26346837449309646,419,74.3,67.5,65.0,89.1,73.0,77.3,11.8,6.8,8.4
24033802203,MD,Prince George's,4691,0.2633586012948064,420,79.9,54.5,69.3,89.9,78.4,81.8,12.7,12.0,19.9
51510200701,VA,Alexandria,951,0.26061801202970486,421,72.2,77.9,63.4,85.7,54.7,81.2,5.8,5.0,3.7
51059490501,VA,Fairfax,3326,0.2605457177859476,422,74.6,69.3,60.9,86.7,70.2,78.7,7.6,5.9,7.5
11001007202,DC,District of Columbia,4303,0.2604274349357581,423,68.1,79.7,68.9,88.2,47.1,80.2,3.5,4.1,3.1
24033802104,MD,Prince George's,2178,0.25834492699912026,424,79.8,52.6,66.9,89.3,78.0,79.4,12.2,13.0,9.6
51187020300,VA,Warren,6829,0.2570458901351718,425,78.7,68.3,67.6,87.1,78.8,71.5,8.4,7.2,13.9
51153900410,VA,Prince William,5663,0.2566770901847524,426,79.6,65.8,60.5,87.3,72.1,79.3,9.7,9.4,9.7
51061930705,VA,Fauquier,3988,0.25613980180253226,427,76.7,69.3,66.5,85.3,74.4,78.6,10.8,8.1,11.4
51107611205,VA,Loudoun,6018,0.2557705906293127,428,77.2,69.8,63.1,87.2,73.2,75.6,11.3,7.1,6.7
51153901209,VA,Prince William,6645,0.25515532936620294,429,79.3,65.8,63.8,86.9,76.6,77.0,12.8,9.0,9.1
51059481102,VA,Fairfax,3656,0.25346746231448214,430,73.6,69.7,58.7,86.6,64.2,81.7,6.1,5.5,5.3
51013102904,VA,Arlington,3125,0.25294416213001925,431,74.9,72.9,66.9,86.9,66.0,77.2,7.6,6.0,10.1
11001010300,DC,District of Columbia,3604,0.25139904133369595,432,77.7,63.4,70.2,90.5,75.7,74.7,9.2,9.5,15.8
24031700813,MD,Montgomery,6353,0.24961651084660647,433,75.9,61.9,65.3,89.5,74.5,79.1,12.7,7.9,9.8
24033807102,MD,Prince George's,2763,0.24889231563748485,434,73.4,67.3,66.9,87.8,69.6,78.6,10.0,6.7,7.3
24017850202,MD,Charles,4647,0.24879575616381577,435,79.6,56.0,65.5,88.6,75.8,78.0,8.5,9.9,12.3
51107611027,VA,Loudoun,2163,0.24742729870419014,436,76.4,73.7,59.1,88.0,67.5,75.0,6.7,5.4,5.8
51107611032,VA,Loudoun,2991,0.24619541004525702,437,77.1,72.2,57.0,87.6,68.4,77.0,6.8,6.0,6.4
11001005900,DC,District of Columbia,2617,0.24617611863867517,438,70.4,75.8,74.4,86.2,60.9,78.2,4.7,5.8,11.4
11001005801,DC,District of Columbia,1672,0.24580544065490673,439,74.1,69.3,68.1,89.4,70.2,71.9,5.2,5.6,9.3
51013102002,VA,Arlington,1243,0.2456144145722946,440,72.7,74.4,66.2,84.3,62.6,79.8,7.4,5.5,4.4
11001009807,DC,District of Columbia,3523,0.24217619681596325,441,80.1,58.8,71.7,89.6,76.7,76.0,8.8,14.1,13.9
24031700207,MD,Montgomery,5804,0.2402438947469909,442,74.4,62.7,66.7,88.8,71.6,79.8,10.5,7.4,9.4
24031701702,MD,Montgomery,2274,0.2397635475759616,443,75.5,62.5,66.3,89.0,70.8,79.5,11.2,9.1,6.7
24033802804,MD,Prince George's,5689,0.2393070306410097,444,80.6,54.4,67.2,90.2,77.8,81.1,11.0,12.1,18.1
51059461605,VA,Fairfax,3829,0.23630773186370588,445,70.9,75.2,65.2,86.2,55.5,81.5,5.3,4.4,3.9
51059490104,VA,Fairfax,3504,0.2362946500729707,446,74.3,71.5,62.7,86.7,71.8,80.4,13.2,7.3,5.2
24033800211,MD,Prince George's,3008,0.23617714232493073,447,77.2,59.4,66.2,88.9,72.8,81.3,10.8,9.8,11.5
51013101407,VA,Arlington,3812,0.23447308934207958,448,71.2,77.8,69.8,83.8,53.5,80.1,4.9,4.7,2.8
54037972503,WV,Jefferson,4049,0.23299270629887284,449,79.3,60.2,67.3,87.2,74.1,78.8,9.1,8.1,14.9
51059450300,VA,Fairfax,5620,0.2326097004726776,450,74.4,65.4,66.5,86.5,71.2,80.6,10.8,7.0,8.0
51013102702,VA,Arlington,1912,0.22865691187781628,451,74.4,73.3,64.3,87.7,64.8,78.3,8.6,5.6,7.1
51510201602,VA,Alexandria,3220,0.22754374736128075,452,74.1,71.8,65.6,84.8,62.6,80.9,7.4,7.1,4.1
51059480902,VA,Fairfax,4211,0.2262509477072342,453,75.1,70.0,64.7,86.8,72.2,79.7,11.5,7.6,8.0
54037972505,WV,Jefferson,2705,0.2249884365339544,454,82.0,53.5,67.1,88.8,78.8,75.4,8.1,8.2,16.6
24033801500,MD,Prince George's,2680,0.2240910327281705,455,77.5,56.1,68.5,89.3,77.0,82.8,16.8,11.0,10.4
24031700310,MD,Montgomery,6962,0.22375682232985974,456,74.2,63.7,65.6,88.4,69.6,80.6,10.5,8.1,5.7
51061930101,VA,Fauquier,3182,0.2236973541488266,457,78.6,64.9,68.7,86.4,77.8,77.4,11.7,8.6,13.6
11001010700,DC,District of Columbia,2296,0.2219315960524826,458,69.8,78.0,76.3,86.2,55.6,76.1,4.0,5.0,6.2
54037972702,WV,Jefferson,4243,0.21942302353477303,459,80.0,59.0,67.5,87.5,75.7,76.4,7.3,7.7,15.2
11001002101,DC,District of Columbia,5687,0.21830750315605715,460,76.0,67.1,69.6,90.3,71.8,74.6,9.0,8.5,10.6
24031700309,MD,Montgomery,5807,0.21813592762125297,461,74.7,63.6,64.4,89.2,69.9,79.9,9.4,7.3,7.6
51013102302,VA,Arlington,4668,0.21755995103805795,462,75.4,71.6,65.5,87.1,68.7,76.8,10.0,6.4,5.7
51177020403,VA,Spotsylvania,4091,0.21378366660801326,463,77.2,65.3,66.4,86.3,75.9,78.5,8.7,7.3,13.7
24009861004,MD,Calvert,7201,0.21348571964581614,464,76.7,62.5,63.2,87.4,72.2,79.7,7.5,7.5,9.4
51059450500,VA,Fairfax,3065,0.21307624533600178,465,75.5,71.8,61.9,87.9,74.7,80.1,13.2,6.3,10.7
51630000202,VA,Fredericksburg,1521,0.20782550015010975,466,78.9,62.3,71.0,86.3,78.7,77.2,9.3,8.2,17.6
24033806706,MD,Prince George's,4083,0.20666849848881397,467,77.1,59.9,67.9,88.8,76.2,79.2,12.6,9.5,9.6
51047930101,VA,Culpeper,4385,0.2062887249659077,468,78.3,66.8,68.2,87.4,77.1,72.8,9.4,6.9,10.9
51177020112,VA,Spotsylvania,2749,0.2046205013657994,469,77.0,70.0,66.9,86.4,74.1,77.8,9.8,7.8,11.8
51013101803,VA,Arlington,4722,0.20159731775194248,470,72.9,73.2,68.8,85.1,62.4,78.9,6.4,5.2,5.6
11001005203,DC,District of Columbia,2979,0.19956904060761252,471,70.1,76.2,69.6,88.3,59.5,76.8,4.6,4.8,5.0
24031700614,MD,Montgomery,5624,0.19956489721405096,472,75.6,64.5,66.6,89.3,72.7,77.7,10.8,8.0,7.4
24031701505,MD,Montgomery,7010,0.19874517521826085,473,77.1,61.1,66.4,88.9,74.3,80.1,11.6,10.0,8.8
24021751001,MD,Frederick,2076,0.19301572281511,474,77.0,66.2,64.8,87.4,70.9,77.2,8.5,8.4,5.1
24031702602,MD,Montgomery,4769,0.19100222619497428,475,73.0,68.6,66.5,87.9,64.4,81.6,7.8,7.0,6.8
24031702604,MD,Montgomery,2821,0.19080313724411796,476,72.0,67.3,67.7,87.4,63.0,82.2,7.9,6.9,4.6
11001004402,DC,District of Columbia,2755,0.18964522521720062,477,70.4,74.1,69.2,88.5,59.6,79.1,4.6,5.1,7.2
51153901416,VA,Prince William,4984,0.18499402839388562,478,78.8,68.9,58.8,87.8,72.3,77.0,6.8,6.7,8.8
24031700837,MD,Montgomery,7443,0.1846895409651064,479,73.0,68.8,66.3,88.8,67.4,79.0,9.8,6.3,4.8
51013102600,VA,Arlington,3688,0.18468747321199713,480,75.8,70.5,67.0,87.2,69.9,77.9,9.2,6.3,9.7
51510200802,VA,Alexandria,2991,0.1844031867452309,481,76.5,68.1,67.2,86.3,70.7,78.5,9.2,7.6,8.1
51059491601,VA,Fairfax,5421,0.18032067713550248,482,75.3,71.1,63.5,86.2,72.7,80.1,10.9,7.7,6.1
11001008904,DC,District of Columbia,3137,0.1792936408053084,483,79.4,58.6,71.7,90.0,75.6,77.4,7.8,12.7,14.5
51153901203,VA,Prince William,4013,0.17533357066369507,484,78.7,67.0,64.3,87.4,75.6,79.3,13.6,8.1,9.5
24031700830,MD,Montgomery,2376,0.17411176189290176,485,74.3,65.5,65.5,88.6,68.4,80.8,9.0,7.6,6.3
24031700812,MD,Montgomery,4669,0.17377803816728923,486,76.5,64.6,66.5,89.8,76.1,78.5,12.8,7.7,10.9
51047930501,VA,Culpeper,5742,0.17151289381090554,487,77.8,66.0,67.9,87.1,76.2,76.2,10.3,7.2,10.6
51059492400,VA,Fairfax,4873,0.17102483421761389,488,75.4,71.9,64.9,87.5,72.2,79.2,9.6,6.9,10.4
51107611812,VA,Loudoun,3241,0.1691901181330554,489,76.7,72.5,57.8,88.3,67.2,77.3,6.2,5.2,5.2
51061930707,VA,Fauquier,3584,0.16781145145986526,490,77.3,66.5,67.4,86.6,75.4,77.3,10.5,7.2,9.5
24031701423,MD,Montgomery,5118,0.16533808266444114,491,78.0,62.4,63.6,89.1,73.5,82.2,10.1,11.1,9.8
51059491302,VA,Fairfax,3405,0.16262469921923714,492,74.4,71.0,63.0,86.4,70.1,81.8,7.5,6.3,9.7
24021773500,MD,Frederick,4236,0.16128611344228078,493,78.4,63.6,69.1,88.7,76.0,72.7,8.7,7.2,9.1
51107611804,VA,Loudoun,8852,0.1583662952717383,494,78.2,71.6,57.9,88.5,72.6,75.8,6.8,5.6,8.0
24009860702,MD,Calvert,3453,0.15727486759673356,495,79.1,59.2,65.3,88.3,77.0,78.8,8.0,8.4,13.1
51013101704,VA,Arlington,1990,0.15491607239891103,496,73.3,75.2,68.6,84.5,60.9,79.7,5.8,5.4,4.4
51510200304,VA,Alexandria,2825,0.1524555142127937,497,79.2,64.4,68.5,86.2,76.5,80.0,10.2,10.2,12.9
11001009302,DC,District of Columbia,1750,0.15230982991342562,498,74.2,66.6,69.9,88.9,68.5,79.0,6.6,7.5,10.6
24021765100,MD,Frederick,4288,0.15069706173641434,499,77.8,63.9,69.6,87.9,76.1,77.8,11.8,8.3,10.8
51177020202,VA,Spotsylvania,5418,0.1486226361867689,500,77.9,64.8,68.1,86.7,75.6,78.8,10.3,8.1,11.1
51059491602,VA,Fairfax,5310,0.1466084419923922,501,76.8,68.6,62.3,88.0,76.0,79.4,9.8,6.4,11.7
24031700730,MD,Montgomery,5343,0.14486586745616564,502,76.0,64.7,66.5,89.4,74.5,77.8,11.4,7.9,6.7
24021750801,MD,Frederick,2883,0.14396306663246927,503,77.7,63.0,67.8,88.3,75.1,74.5,8.0,6.7,8.4
11001007203,DC,District of Columbia,3748,0.14162275861836054,504,70.4,77.5,70.3,88.0,57.8,79.2,4.5,5.4,5.5
51059491801,VA,Fairfax,2324,0.1414810939318083,505,74.9,70.2,62.1,87.0,69.6,80.7,6.9,6.2,7.5
51153901230,VA,Prince William,4419,0.13832004595377934,506,79.3,68.5,65.4,87.5,75.5,76.6,10.8,8.3,9.0
11001010500,DC,District of Columbia,3712,0.13650088194053614,507,75.0,66.6,68.6,88.9,70.0,79.5,6.2,8.5,11.0
11001003100,DC,District of Columbia,3873,0.13619201107572865,508,70.9,73.2,70.5,89.0,60.4,79.6,5.9,5.3,6.8
51013101501,VA,Arlington,3136,0.13384565722842917,509,72.6,76.9,70.6,85.3,60.3,77.9,6.0,4.8,3.6
51059481101,VA,Fairfax,2376,0.13356928505341048,510,72.1,74.7,63.7,86.0,60.4,82.6,6.0,4.9,3.2
24021751002,MD,Frederick,5297,0.1333455162946134,511,78.9,62.7,67.3,88.4,76.6,74.6,8.9,8.1,7.9
24033802301,MD,Prince George's,3688,0.13276788028782324,512,80.7,54.6,69.0,89.9,79.2,81.5,12.0,12.4,14.8
51630000400,VA,Fredericksburg,3528,0.1327415464353326,513,78.0,65.6,69.0,85.7,76.5,79.2,9.6,8.7,11.7
51107611030,VA,Loudoun,6176,0.13196108868417822,514,77.1,73.7,54.7,88.3,69.2,78.7,6.4,5.1,5.5
11001002400,DC,District of Columbia,4095,0.12913422640472028,515,73.5,69.3,69.8,88.7,69.2,79.6,7.8,7.7,9.5
24033801214,MD,Prince George's,4234,0.12733930236664304,516,80.3,53.9,69.7,90.4,79.9,79.1,12.9,11.1,12.3
24033804101,MD,Prince George's,3282,0.12332993226952531,517,77.6,59.4,68.6,88.8,75.0,83.4,12.6,12.0,9.3
11001007604,DC,District of Columbia,3803,0.1222808495604183,518,82.0,60.6,69.5,91.8,79.7,76.3,6.8,11.6,22.1
51153901229,VA,Prince William,3983,0.11949990591359604,519,78.9,65.6,62.9,87.6,74.6,79.4,10.4,7.9,8.1
11001004201,DC,District of Columbia,3548,0.11744769745669721,520,69.7,78.4,71.2,88.4,57.6,77.1,4.2,4.4,3.2
24033801904,MD,Prince George's,3547,0.1170048769553183,521,78.2,58.2,68.7,89.5,75.4,82.4,12.5,10.8,10.9
51510200406,VA,Alexandria,4949,0.11390259622386385,522,77.5,66.1,66.5,88.1,69.6,78.5,8.0,7.1,8.2
11001010603,DC,District of Columbia,3068,0.1114531387526749,523,68.8,78.9,74.9,87.8,52.4,78.8,3.9,4.4,3.3
51059440201,VA,Fairfax,4133,0.10902276871440046,524,72.7,75.4,65.2,85.9,63.9,82.2,7.4,5.8,4.4
51059440202,VA,Fairfax,6032,0.10825255350051216,525,75.8,67.8,63.7,87.8,72.7,79.4,8.2,6.2,7.9
11001009203,DC,District of Columbia,2775,0.10730986192831743,526,75.3,66.9,67.9,89.1,70.5,80.7,6.9,8.5,11.5
51177020404,VA,Spotsylvania,3677,0.10659052021674814,527,78.8,63.5,68.4,87.9,78.0,77.7,7.8,6.5,17.1
11001009906,DC,District of Columbia,1773,0.10370759888443283,528,80.5,58.1,69.0,90.4,77.1,78.5,8.0,12.4,13.4
51683910100,VA,Manassas,4656,0.09925201749651301,529,77.3,65.9,67.6,87.2,76.0,79.6,12.8,7.3,8.6
51013103505,VA,Arlington,3813,0.09756228639667845,530,75.8,69.1,70.7,85.4,71.5,79.9,8.2,6.9,10.5
11001004801,DC,District of Columbia,2820,0.09710609000224643,531,71.9,71.4,73.4,88.1,67.1,76.9,5.5,6.1,7.6
11001005003,DC,District of Columbia,2143,0.09564784314127325,532,71.5,76.4,70.7,88.3,62.2,78.2,4.9,5.8,6.4
51047930202,VA,Culpeper,6283,0.09489817004966093,533,79.4,66.9,69.0,87.4,79.1,75.2,9.6,8.0,12.1
24017851301,MD,Charles,4900,0.0939602043079337,534,78.7,62.4,67.4,88.4,77.2,76.4,7.4,7.6,11.4
51107611020,VA,Loudoun,6892,0.09240211235144874,535,76.6,72.7,59.8,88.1,68.0,78.7,6.4,5.2,5.9
24033804700,MD,Prince George's,3537,0.09220111605587561,536,75.0,64.8,67.8,89.7,72.4,80.6,11.7,7.5,7.4
51013103504,VA,Arlington,2571,0.0901759161981392,537,73.1,76.3,65.5,87.5,57.1,80.2,4.8,4.2,3.3
51179010202,VA,Stafford,6860,0.08996612436375091,538,76.5,69.2,69.6,86.9,75.3,77.2,8.6,6.6,11.3
24033803524,MD,Prince George's,4691,0.08796313341514833,539,78.6,54.1,68.3,89.4,73.0,84.3,10.1,11.6,9.7
51179010212,VA,Stafford,4675,0.08690897413916275,540,77.1,69.7,66.1,87.4,74.1,79.3,8.8,7.1,11.2
51047930203,VA,Culpeper,6844,0.08547532919682549,541,77.8,68.5,66.1,87.6,74.4,76.3,9.3,6.9,6.8
51059471204,VA,Fairfax,2692,0.08280407042283405,542,73.7,72.4,64.7,86.3,67.3,81.4,7.0,5.5,5.5
51059491703,VA,Fairfax,5035,0.07872071439482226,543,73.7,74.7,64.0,86.8,64.7,81.7,5.8,5.3,6.6
11001002102,DC,District of Columbia,5099,0.07767490591881686,544,77.8,64.0,70.4,91.4,74.5,75.4,7.0,7.8,14.1
51043010101,VA,Clarke,4595,0.07655904999970602,545,80.4,66.0,67.9,88.6,80.0,74.8,8.0,6.5,17.0
51153901232,VA,Prince William,5839,0.0753078884919547,546,78.4,69.4,66.7,87.6,73.1,76.7,8.4,6.4,9.7
51059452400,VA,Fairfax,7283,0.07509534852055107,547,76.0,67.7,66.3,87.7,74.9,80.0,11.4,6.7,7.8
24031700720,MD,Montgomery,3150,0.07455515389301062,548,75.6,67.3,67.1,89.6,74.3,78.6,12.3,7.1,6.3
11001004902,DC,District of Columbia,3449,0.06976154501498252,549,71.4,75.8,66.6,89.3,59.4,79.8,4.5,5.2,3.4
51059481104,VA,Fairfax,2948,0.06866088361217437,550,73.8,75.6,60.8,86.9,66.1,83.1,6.7,5.6,5.8
51107611101,VA,Loudoun,4716,0.0685049743821322,551,77.6,73.2,64.1,87.6,72.9,77.6,9.1,6.6,7.9
51059461901,VA,Fairfax,3756,0.06550423235262565,552,76.2,69.7,63.3,87.2,74.0,81.1,9.0,6.8,8.5
51153901226,VA,Prince William,6345,0.06516460275627765,553,79.2,70.0,64.6,88.0,74.5,78.0,9.9,7.5,9.6
11001002702,DC,District of Columbia,5825,0.06364616377693266,554,72.4,74.9,69.4,89.7,66.4,77.8,6.8,5.4,7.7
24033802405,MD,Prince George's,3916,0.06159187575941935,555,79.9,54.6,67.6,90.3,76.9,82.6,10.5,10.9,12.6
24021752900,MD,Frederick,3094,0.06046410510040265,556,78.4,64.3,69.1,89.1,77.3,72.7,6.9,5.8,10.1
51013103503,VA,Arlington,5102,0.05963232128275404,557,73.5,76.4,69.3,85.8,60.5,79.1,5.3,5.0,3.2
51153901222,VA,Prince William,2654,0.059428742156688155,558,79.0,70.4,64.2,88.7,73.5,74.5,7.6,6.0,7.7
51179010205,VA,Stafford,6821,0.05707454037224085,559,76.7,69.8,66.7,87.4,74.6,78.7,8.8,6.9,9.4
24031700838,MD,Montgomery,4720,0.05674985596796098,560,72.9,70.6,67.5,88.7,65.7,80.0,7.0,5.9,4.2
24033800213,MD,Prince George's,4826,0.0562752669109366,561,76.3,64.9,67.3,89.1,71.6,81.8,10.2,9.2,7.0
11001006801,DC,District of Columbia,2238,0.05558585439873484,562,74.5,66.9,70.5,90.0,68.9,78.3,4.8,6.5,11.3
54037972506,WV,Jefferson,4131,0.05507675341519463,563,81.4,58.6,69.1,89.1,77.7,76.1,8.0,7.2,14.4
24021752301,MD,Frederick,7217,0.055048576094304455,564,76.9,67.7,64.3,89.1,70.2,77.5,7.4,6.2,5.2
51177020408,VA,Spotsylvania,3100,0.05480756372587254,565,75.9,74.7,67.4,86.1,72.1,78.3,8.4,6.8,7.3
51107611011,VA,Loudoun,3833,0.05450235587187602,566,77.3,71.2,62.0,87.8,70.1,77.6,6.3,5.6,5.6
51153901221,VA,Prince William,5646,0.0530526318381673,567,78.9,69.6,65.4,87.4,73.8,78.4,9.0,7.7,8.9
24033801701,MD,Prince George's,4441,0.052244366036192064,568,78.7,57.0,70.8,89.4,74.9,82.8,11.1,11.5,10.6
51510200704,VA,Alexandria,2906,0.047411591838189486,569,73.7,76.2,66.4,86.5,60.9,80.5,5.9,5.1,2.8
51059491401,VA,Fairfax,4934,0.04683549170000819,570,75.5,74.1,62.2,87.3,72.3,80.6,8.2,6.3,7.3
24031703209,MD,Montgomery,6618,0.04667002867062878,571,76.3,64.6,67.4,89.5,73.8,80.0,10.2,7.7,8.0
51059480205,VA,Fairfax,3268,0.044326270040024554,572,72.1,77.6,64.5,86.4,59.8,82.5,4.9,4.5,3.0
51059422102,VA,Fairfax,6677,0.04330072643754748,573,77.2,68.4,62.0,88.3,73.2,81.2,8.8,7.5,7.4
51177020309,VA,Spotsylvania,5749,0.03806251510782913,574,77.3,68.2,69.7,86.8,74.0,78.4,8.4,7.1,9.8
51013103300,VA,Arlington,2492,0.02948529550871241,575,74.9,73.6,67.6,86.4,66.4,80.6,7.0,6.1,5.8
51153901420,VA,Prince William,4546,0.029026619500972836,576,78.5,71.9,60.2,89.0,71.4,76.2,6.3,5.2,6.1
51153901415,VA,Prince William,4224,0.027843644049807388,577,78.2,75.5,60.4,89.1,70.2,74.9,5.9,4.9,5.7
24033801907,MD,Prince George's,3605,0.027772450820777332,578,82.3,52.8,71.7,90.6,81.5,80.7,12.3,13.1,14.4
51179010210,VA,Stafford,11687,0.026986569920494433,579,76.8,70.0,63.2,88.0,70.9,80.5,7.2,6.5,7.6
51153901014,VA,Prince William,3977,0.025356051836658455,580,79.9,69.7,64.6,88.0,76.2,77.4,9.6,7.7,9.1
51059420100,VA,Fairfax,4106,0.023174890107509907,581,77.3,69.7,64.2,88.7,76.7,78.4,10.2,6.3,8.7
24033802201,MD,Prince George's,4215,0.02302708763127632,582,77.0,64.2,67.7,89.6,71.4,84.0,11.1,9.9,8.9
11001000300,DC,District of Columbia,6161,0.019966216984992742,583,72.7,77.1,69.9,89.3,65.3,76.0,4.0,4.3,7.8
24033801807,MD,Prince George's,4557,0.01906417413043846,584,80.5,54.8,71.5,90.2,77.2,82.1,9.9,11.4,14.9
24033802502,MD,Prince George's,2318,0.01864493850517353,585,79.4,57.5,69.9,90.1,77.0,81.2,12.0,11.2,9.1
24033800106,MD,Prince George's,3161,0.017891031938364138,586,78.2,60.0,66.9,90.8,74.4,80.5,8.9,8.5,10.2
51059430700,VA,Fairfax,2923,0.017594130309890862,587,76.5,70.8,62.5,88.5,75.2,80.7,10.0,5.9,9.0
11001003600,DC,District of Columbia,4775,0.01636150536828762,588,72.2,71.4,71.9,88.6,66.4,79.4,5.7,6.0,6.8
51510200106,VA,Alexandria,3392,0.016260660128355378,589,80.3,65.0,68.1,88.8,79.3,76.0,11.3,6.8,11.1
11001008702,DC,District of Columbia,3574,0.015028884504351877,590,72.8,74.1,67.8,89.0,62.8,81.3,5.0,6.5,5.9
51153901413,VA,Prince William,4504,0.013873915499068837,591,77.8,73.6,61.4,88.4,70.1,78.0,6.4,5.2,7.3
11001002301,DC,District of Columbia,3266,0.012668674808383617,592,76.2,70.2,71.9,90.5,72.8,78.0,6.4,7.3,16.3
51153900408,VA,Prince William,4700,0.009709755675823427,593,78.8,70.4,65.9,87.0,73.7,80.1,11.4,8.7,5.7
11001004202,DC,District of Columbia,2850,0.009226834122932582,594,71.0,76.4,74.0,88.7,61.0,77.0,3.9,4.5,5.1
11001010202,DC,District of Columbia,2631,0.009036000050321173,595,74.2,72.1,69.4,89.4,69.5,76.7,5.2,6.4,7.0
51179010504,VA,Stafford,1935,0.00818729275408112,596,78.6,65.8,69.9,87.8,79.2,77.0,8.4,7.3,12.7
51059491402,VA,Fairfax,4323,0.005725740965745667,597,76.1,70.7,61.4,88.2,72.2,79.7,7.2,5.9,4.8
24033800105,MD,Prince George's,4238,0.005446703445805886,598,77.2,62.7,67.6,90.5,73.2,81.9,10.2,8.2,10.1
24033807410,MD,Prince George's,5966,0.005077730144501598,599,82.1,61.9,69.5,92.1,82.8,80.5,14.4,7.6,24.6
51059491301,VA,Fairfax,6797,0.0019861077146533144,600,76.4,70.3,63.1,88.5,73.4,78.8,7.5,5.7,6.6
24031702502,MD,Montgomery,1731,0.00048563723291011266,601,74.8,60.6,71.6,88.4,68.9,83.8,9.0,8.1,6.3
11001002703,DC,District of Columbia,2614,-0.0013343739930988991,602,72.7,74.4,65.9,90.4,66.3,78.8,5.5,4.6,6.2
24033801216,MD,Prince George's,3724,-0.0033523372573685973,603,80.5,56.8,71.2,90.2,79.3,83.4,12.2,11.6,15.9
51013101402,VA,Arlington,2878,-0.004754857002354402,604,73.3,75.5,71.4,86.3,63.3,78.4,4.5,3.9,5.7
51179010107,VA,Stafford,3661,-0.006089515616069978,605,77.4,68.4,67.9,87.9,76.3,77.0,8.7,6.9,7.3
51107610504,VA,Loudoun,7094,-0.007382551539511268,606,77.4,73.0,66.6,88.4,72.2,76.9,7.7,5.4,8.9
51013101805,VA,Arlington,3760,-0.009005073418742966,607,72.2,79.6,69.5,86.0,57.5,80.6,4.3,3.8,2.7
51177020206,VA,Spotsylvania,4570,-0.009387995465849501,608,77.2,70.8,67.9,87.1,73.4,79.1,7.6,6.7,9.5
24021751600,MD,Frederick,3023,-0.010244948047819091,609,78.6,66.8,70.3,89.2,77.9,71.8,6.9,5.8,8.8
51059416000,VA,Fairfax,5569,-0.0104920556476801,610,78.3,68.2,65.2,89.1,76.8,79.8,9.9,7.5,10.6
24033806100,MD,Prince George's,4574,-0.010809483028533746,611,76.0,64.9,69.8,90.3,74.1,81.7,12.4,6.9,10.4
24031700317,MD,Montgomery,6673,-0.011189436918361002,612,75.2,69.6,65.1,90.4,70.2,78.7,7.2,5.7,6.0
51013102301,VA,Arlington,1734,-0.012072750150240544,613,77.7,70.8,65.8,88.8,73.5,76.2,7.8,6.1,6.5
24033803607,MD,Prince George's,3672,-0.01295400136558447,614,77.8,60.0,71.1,89.8,77.1,81.9,13.6,9.4,9.1
51177020203,VA,Spotsylvania,5067,-0.013083011800283968,615,77.9,68.9,67.3,87.9,73.5,79.3,8.0,6.9,9.7
51107611702,VA,Loudoun,2461,-0.015571235424780906,616,76.7,74.2,62.2,88.2,69.8,79.3,7.4,4.9,6.1
51107610702,VA,Loudoun,6207,-0.016436724280057227,617,77.9,74.9,64.6,87.5,74.0,77.6,7.1,5.7,9.9
51013101603,VA,Arlington,4482,-0.018588492019745256,618,73.6,75.6,70.9,84.8,64.4,80.4,6.2,5.3,3.2
51059452501,VA,Fairfax,3912,-0.019001580644817297,619,77.3,68.0,65.5,88.5,77.0,79.0,10.0,6.5,7.8
51059452102,VA,Fairfax,3354,-0.01901873334967389,620,78.1,67.8,65.6,88.3,78.9,78.6,11.0,7.0,8.0
11001004802,DC,District of Columbia,3634,-0.02018074922165726,621,74.4,66.9,69.2,89.9,70.2,78.3,5.4,6.1,6.8
51059450800,VA,Fairfax,3483,-0.020239006428726773,622,78.2,68.3,62.3,89.4,78.4,79.5,10.1,5.9,10.3
51510200108,VA,Alexandria,1667,-0.02127702513201833,623,78.7,67.8,67.3,87.4,73.0,81.9,8.4,8.5,10.5
24033801406,MD,Prince George's,3216,-0.021859534988411065,624,79.6,58.2,68.4,90.2,76.9,83.7,11.4,10.7,11.9
51059480204,VA,Fairfax,3823,-0.022059599548247828,625,72.9,75.2,65.9,87.2,63.3,81.6,5.0,4.2,4.1
24017850906,MD,Charles,4750,-0.02279146211610321,626,80.6,56.2,67.5,89.0,75.6,83.2,8.9,10.5,10.5
24031702700,MD,Montgomery,7380,-0.02313844791170154,627,76.8,65.1,66.9,89.8,74.2,80.0,9.4,7.7,6.8
51179010305,VA,Stafford,6752,-0.02525314001926561,628,78.5,68.5,66.9,87.6,77.0,78.1,8.1,7.3,9.3
51013102400,VA,Arlington,3617,-0.02611846994305122,629,74.9,73.7,69.7,86.9,68.7,79.1,8.0,5.6,5.1
11001002503,DC,District of Columbia,3031,-0.026715240091419862,630,72.4,73.7,71.1,89.2,64.6,80.3,6.4,6.2,5.4
51179010406,VA,Stafford,3216,-0.03077574569783075,631,77.8,70.3,65.6,87.8,75.9,78.3,7.2,6.4,9.5
51059451602,VA,Fairfax,2885,-0.030846619933719264,632,77.1,68.5,64.7,88.2,75.0,80.8,9.1,6.9,7.6
24033802408,MD,Prince George's,2320,-0.03147016169477677,633,80.1,57.3,71.2,89.9,77.2,82.9,11.1,12.3,11.2
51177020114,VA,Spotsylvania,5913,-0.03271136420308793,634,77.4,70.8,68.3,86.8,73.7,81.1,9.4,7.7,8.9
51059420400,VA,Fairfax,3835,-0.03309500809879754,635,72.7,77.8,66.5,86.5,62.0,83.7,6.7,5.7,2.8
11001010201,DC,District of Columbia,3341,-0.03376734389081341,636,71.2,76.7,71.7,88.9,59.9,81.1,4.4,5.3,5.7
51179010108,VA,Stafford,6426,-0.0347476567435035,637,77.0,68.9,67.4,87.6,74.4,79.9,9.4,7.1,6.7
24017850711,MD,Charles,5739,-0.034812367751781585,638,82.3,58.1,64.4,89.8,78.2,82.4,8.2,11.6,12.1
24033801409,MD,Prince George's,2719,-0.03497024428033894,639,79.1,59.6,70.0,90.7,79.0,82.4,13.3,9.0,13.6
51153901421,VA,Prince William,4884,-0.03507550255321121,640,78.6,72.8,62.6,88.6,72.6,77.4,6.5,5.5,7.9
51179010304,VA,Stafford,6868,-0.035247289012175255,641,79.0,67.8,70.6,86.8,78.7,77.6,10.1,8.5,8.6
24031702302,MD,Montgomery,4434,-0.03524992778848953,642,77.5,67.1,67.3,90.8,74.4,78.6,9.2,7.5,8.9
51153901304,VA,Prince William,2789,-0.03577538141305858,643,79.1,69.6,66.0,88.7,76.3,77.4,8.2,5.6,11.7
24021751701,MD,Frederick,2463,-0.036549268890703375,644,78.9,64.9,70.4,89.7,77.9,73.1,7.2,5.8,9.6
51047930103,VA,Culpeper,5342,-0.0376867609325759,645,79.7,68.6,69.4,89.1,78.5,73.3,6.9,5.6,12.6
51179010403,VA,Stafford,3815,-0.037975251152506107,646,77.1,70.9,68.0,88.0,74.9,76.9,7.5,6.1,8.0
51059451502,VA,Fairfax,4924,-0.03939032270494949,647,77.9,69.1,64.8,88.0,77.4,80.8,12.1,7.6,6.5
24031703201,MD,Montgomery,7546,-0.039904071754250765,648,76.1,69.4,68.4,90.4,75.5,77.4,10.9,6.1,7.2
24031700105,MD,Montgomery,6406,-0.04069539790471402,649,75.5,68.6,68.4,90.0,72.7,78.8,9.6,6.6,5.7
11001000202,DC,District of Columbia,4672,-0.04071995933061312,650,73.1,77.1,74.4,87.1,68.5,74.5,4.1,5.2,5.5
51059422401,VA,Fairfax,2447,-0.04126886393612385,651,75.5,72.8,66.8,87.2,69.5,81.4,7.0,7.0,6.0
24021767500,MD,Frederick,2792,-0.04296573149834462,652,79.7,64.4,69.3,90.2,79.6,72.0,7.5,5.4,9.8
24031700819,MD,Montgomery,6585,-0.045161639661683656,653,75.4,67.1,67.7,90.1,71.9,80.8,10.0,6.8,5.8
51187020200,VA,Warren,3865,-0.04634241019523561,654,78.3,69.8,69.3,88.2,77.0,74.4,7.4,5.6,9.0
51013101705,VA,Arlington,4175,-0.04659932188010322,655,74.7,74.0,69.9,87.0,66.1,80.4,5.3,4.5,8.7
24031701426,MD,Montgomery,5398,-0.04862076994736062,656,77.8,67.8,67.4,89.9,74.2,80.5,9.0,8.8,9.3
24017850400,MD,Charles,3559,-0.051287315029752464,657,80.7,58.1,68.5,89.9,79.9,78.1,7.5,8.1,12.8
51510200600,VA,Alexandria,4731,-0.05271807707452419,658,78.2,68.9,67.4,88.4,73.8,80.1,8.9,7.0,9.6
11001000702,DC,District of Columbia,3452,-0.05477837286639748,659,72.1,78.1,72.3,88.8,63.0,77.3,4.7,5.3,3.4
24033801217,MD,Prince George's,3927,-0.055270548751031406,660,80.8,56.3,72.6,90.8,79.8,82.4,11.0,10.7,17.2
51107611031,VA,Loudoun,2141,-0.055296895577262584,661,76.6,77.3,59.8,88.9,65.3,80.0,5.1,4.4,4.9
11001001901,DC,District of Columbia,4206,-0.05542425571177925,662,78.5,65.1,69.3,91.4,76.6,78.0,7.4,8.5,12.9
51107611807,VA,Loudoun,7561,-0.055498598402586974,663,78.1,73.9,57.3,89.6,70.4,78.6,5.4,4.6,5.3
51059491704,VA,Fairfax,5062,-0.056339703708373615,664,74.6,73.8,63.9,88.1,68.0,81.6,6.1,5.0,5.5
24021753001,MD,Frederick,4527,-0.05699846637176355,665,78.6,65.9,70.3,89.1,77.4,74.1,7.1,6.0,8.7
51153900904,VA,Prince William,6853,-0.059738281415248534,666,80.2,71.0,63.2,88.8,73.9,78.2,7.7,7.3,7.9
24017850801,MD,Charles,4548,-0.060375775825584434,667,81.5,62.3,68.4,90.1,79.7,77.9,8.9,9.2,12.9
51177020204,VA,Spotsylvania,4572,-0.06161572411904956,668,78.7,66.2,69.2,87.9,76.7,79.4,9.0,6.9,10.8
51013101801,VA,Arlington,3399,-0.06199552049567111,669,72.5,80.0,67.4,87.3,57.2,81.3,3.9,3.3,2.7
51187020101,VA,Warren,4716,-0.06220473064291158,670,77.8,71.8,69.8,88.6,75.7,74.5,6.9,5.4,9.6
11001003302,DC,District of Columbia,2434,-0.06295256419459545,671,71.8,74.5,70.0,89.2,62.3,81.0,4.5,5.3,4.4
51179010103,VA,Stafford,5044,-0.06451285324878045,672,77.3,72.1,67.5,87.5,73.8,77.8,7.6,6.8,5.9
24021751004,MD,Frederick,5749,-0.06552040408564065,673,77.2,69.2,69.5,89.3,71.7,76.7,7.0,5.9,7.1
51013101406,VA,Arlington,3641,-0.06624484128384699,674,72.9,77.8,71.6,85.6,61.5,80.0,4.7,4.0,3.2
11001006500,DC,District of Columbia,2609,-0.06668880259100864,675,74.1,74.7,71.3,90.1,69.3,74.2,3.8,4.6,7.3
24031700728,MD,Montgomery,2043,-0.06914378002601214,676,75.2,69.0,71.7,88.0,74.0,80.8,9.8,8.1,6.5
11001003802,DC,District of Columbia,3911,-0.06934676372768774,677,72.0,74.9,70.9,89.3,64.9,79.5,5.3,5.3,4.6
51059431602,VA,Fairfax,6485,-0.07062571122595,678,77.6,67.9,64.6,88.6,76.5,80.3,8.8,6.6,7.8
24031701703,MD,Montgomery,3719,-0.07072481870231312,679,76.4,66.8,67.5,90.1,73.9,81.9,10.3,7.8,7.7
51059482205,VA,Fairfax,2622,-0.07080048237142068,680,72.1,79.3,66.5,86.6,61.5,83.3,5.6,4.5,2.7
24017850709,MD,Charles,7566,-0.07251363969384823,681,80.1,61.8,66.6,89.5,72.9,83.5,7.7,9.4,11.4
51510201100,VA,Alexandria,3388,-0.07280430537762712,682,78.3,72.6,65.1,89.0,74.6,76.5,8.2,5.7,6.7
24033801802,MD,Prince George's,3896,-0.07354610221204748,683,79.7,57.1,69.1,90.3,75.9,84.0,10.2,10.8,10.5
24017850802,MD,Charles,5937,-0.07560826604475117,684,80.2,60.6,68.1,89.5,74.6,82.4,8.4,9.4,11.1
51177020113,VA,Spotsylvania,4512,-0.07679373488533875,685,78.6,67.4,69.6,87.9,76.3,78.5,8.0,7.0,10.1
51153901237,VA,Prince William,3468,-0.07740752949136664,686,78.8,71.8,66.3,88.3,71.6,78.1,7.5,6.6,6.6
51107611808,VA,Loudoun,5569,-0.07780631884898546,687,78.9,76.0,56.7,89.5,73.5,77.6,6.0,5.0,5.8
51600300400,VA,Fairfax,4129,-0.07934186988061878,688,78.0,68.6,69.3,87.1,75.1,78.2,8.6,5.9,7.4
24033800706,MD,Prince George's,4011,-0.07938979062533116,689,81.0,57.9,69.3,91.6,78.3,81.9,8.9,9.8,16.5
11001004401,DC,District of Columbia,3430,-0.0803905900637249,690,70.4,80.4,69.1,90.0,57.0,80.3,3.4,3.7,2.7
24017851004,MD,Charles,5953,-0.081506713409384,691,80.0,62.1,67.9,89.2,77.0,79.7,8.1,8.4,9.9
51013102803,VA,Arlington,2748,-0.08517698452708106,692,76.5,72.4,68.2,88.4,71.2,79.5,9.4,6.3,5.2
24033801408,MD,Prince George's,3329,-0.08795766912391917,693,79.1,60.2,72.4,90.1,75.5,83.8,11.0,10.6,12.5
51059432201,VA,Fairfax,2393,-0.08869640886552593,694,75.8,74.1,64.4,88.4,71.8,80.4,6.8,5.2,7.3
24031700313,MD,Montgomery,3713,-0.08916957703224845,695,75.6,70.8,66.9,89.9,71.7,79.8,7.8,6.4,6.1
51107611013,VA,Loudoun,4370,-0.09027342654241849,696,79.3,71.0,60.2,89.9,74.2,76.5,5.3,4.8,6.9
11001004600,DC,District of Columbia,3543,-0.09351408134441486,697,73.1,70.4,73.4,88.8,67.4,81.3,5.6,6.4,7.7
54037972800,WV,Jefferson,6064,-0.09368677043448538,698,81.4,62.3,68.8,89.2,77.7,78.2,6.6,6.6,14.9
11001009903,DC,District of Columbia,2004,-0.09388470739521915,699,80.1,65.6,70.6,90.9,75.0,78.7,6.7,10.6,12.2
24009860902,MD,Calvert,2992,-0.09645000471521487,700,78.8,65.2,69.6,88.7,75.8,79.9,7.2,7.8,11.1
51510201804,VA,Alexandria,3710,-0.09731072264457856,701,75.8,75.6,67.7,88.7,65.2,79.2,4.9,4.5,7.0
24031700104,MD,Montgomery,5486,-0.09883979261350134,702,76.6,67.6,68.5,90.3,74.4,79.6,10.0,7.1,6.3
24021752501,MD,Frederick,5170,-0.09986944915045741,703,79.3,69.0,70.8,90.1,78.0,71.7,7.0,5.7,8.7
51061930405,VA,Fauquier,4932,-0.10496887976456637,704,78.7,70.9,66.1,88.3,75.4,77.0,6.9,6.0,7.2
24017850713,MD,Charles,9599,-0.10645595816452515,705,80.9,61.8,64.2,90.6,75.5,80.2,6.7,7.9,10.1
51177020405,VA,Spotsylvania,3677,-0.10670376914468364,706,79.8,65.2,67.6,88.4,79.8,78.0,7.8,6.7,10.8
24033800605,MD,Prince George's,4867,-0.10681766517866896,707,77.4,64.1,70.1,89.4,72.0,83.2,9.2,9.1,7.5
51013103100,VA,Arlington,6207,-0.10795727424816565,708,76.4,73.3,68.3,87.8,70.1,80.8,8.2,6.4,6.0
24031700208,MD,Montgomery,2433,-0.10808814158346623,709,75.9,66.0,69.0,90.6,74.4,77.4,8.1,5.6,5.1
24031703100,MD,Montgomery,4481,-0.10812657100318057,710,76.3,68.6,69.2,90.1,75.1,80.2,11.4,7.2,6.3
11001002201,DC,District of Columbia,3485,-0.10879612363495267,711,76.6,66.8,70.5,90.8,73.9,81.7,7.5,7.3,13.8
51177020107,VA,Spotsylvania,2340,-0.10900247747981526,712,78.3,70.9,66.8,88.6,74.6,78.7,7.0,6.3,9.2
24031700901,MD,Montgomery,5213,-0.1092899174836136,713,76.8,66.8,68.8,90.0,76.0,78.2,7.8,6.0,8.4
24033800217,MD,Prince George's,4776,-0.10942868028819067,714,77.8,64.7,69.1,90.1,73.3,82.0,9.7,8.9,7.3
51153901011,VA,Prince William,6654,-0.10996744555434121,715,79.6,70.0,66.1,88.4,75.1,79.1,8.6,7.1,8.0
51107610604,VA,Loudoun,6964,-0.1116607624720331,716,78.0,75.7,63.1,89.2,72.3,76.8,6.0,4.8,6.5
51059471401,VA,Fairfax,3759,-0.11169788647400998,717,76.2,71.8,65.3,88.6,74.2,80.6,9.0,5.7,6.0
24033801003,MD,Prince George's,6009,-0.113349110200415,718,79.2,63.4,66.5,90.7,74.6,81.8,8.6,9.7,7.8
51107611006,VA,Loudoun,5950,-0.1145371113351711,719,78.1,75.8,62.5,88.9,72.6,77.5,7.0,5.4,5.0
24009860403,MD,Calvert,3456,-0.11500656599723334,720,78.3,69.4,63.3,89.3,73.4,80.2,5.9,6.4,8.0
51059451800,VA,Fairfax,3485,-0.11622923561723732,721,77.8,69.3,66.5,89.2,77.3,79.3,10.1,6.1,7.9
24021752202,MD,Frederick,4481,-0.11640007119897113,722,78.5,72.7,58.4,91.0,72.1,78.6,5.9,5.1,5.8
24017851200,MD,Charles,4675,-0.11865631101731638,723,79.5,64.1,68.8,89.5,78.6,78.4,7.4,7.0,11.7
51059491707,VA,Fairfax,4568,-0.12043946718156212,724,75.6,74.7,66.3,87.7,71.6,80.5,6.6,5.5,6.4
24033802204,MD,Prince George's,6185,-0.12276068545248625,725,80.7,58.5,70.7,90.8,78.4,84.3,10.7,10.7,15.3
51061930207,VA,Fauquier,1734,-0.12429288549488667,726,79.2,70.7,66.4,88.8,77.3,78.3,7.3,6.2,11.2
24033801213,MD,Prince George's,3888,-0.12488580144128542,727,80.0,57.5,70.5,90.6,79.3,83.2,12.8,10.4,9.9
24009860703,MD,Calvert,4042,-0.127948682787132,728,79.3,63.3,69.1,89.0,77.2,81.1,7.6,7.7,12.1
51107611813,VA,Loudoun,13108,-0.12835603291669975,729,78.4,75.4,59.4,90.1,70.7,77.6,5.2,4.4,5.1
51059491501,VA,Fairfax,7696,-0.12850892013967322,730,76.9,71.5,59.1,89.0,73.5,81.6,5.6,4.9,6.2
11001009604,DC,District of Columbia,1996,-0.12938572157887743,731,81.0,61.5,73.6,91.4,79.0,79.2,8.1,11.3,15.2
24031701424,MD,Montgomery,3464,-0.1311029944802381,732,78.5,63.4,69.3,90.4,78.6,81.0,11.7,8.1,9.1
51187020700,VA,Warren,3536,-0.13166275009249032,733,79.1,67.9,71.5,88.0,79.1,75.0,7.9,6.3,8.2
11001005303,DC,District of Columbia,3215,-0.1347716755232523,734,72.3,75.6,72.4,89.9,63.9,77.1,3.6,4.2,3.2
24021750805,MD,Frederick,4914,-0.13496293272203597,735,77.9,71.9,67.3,90.4,72.8,75.9,6.0,5.0,7.8
51059461604,VA,Fairfax,2520,-0.13832051238131973,736,76.8,72.4,63.4,89.4,74.3,79.0,5.7,4.4,8.1
51107611026,VA,Loudoun,14425,-0.14083195129212933,737,78.5,74.5,59.5,90.6,69.9,77.3,4.6,4.0,5.0
24009860701,MD,Calvert,2877,-0.14160919685890708,738,79.2,65.5,69.1,89.4,77.7,78.6,7.0,6.3,12.0
51013102500,VA,Arlington,5291,-0.1433404076910315,739,75.2,75.2,69.6,87.7,67.1,80.0,6.9,5.1,3.8
51179010503,VA,Stafford,2618,-0.14393088476135585,740,78.2,67.9,70.4,88.4,78.2,78.3,7.1,5.6,12.2
51153901223,VA,Prince William,6777,-0.1453926815962894,741,79.5,74.6,67.3,88.8,74.9,77.6,9.1,6.5,8.3
24031700810,MD,Montgomery,5277,-0.146634720523074,742,76.3,68.6,69.9,90.2,74.4,80.3,10.6,6.9,6.1
51153901303,VA,Prince William,5107,-0.14668229657998466,743,79.1,74.0,67.3,88.7,74.0,76.1,7.4,5.9,6.4
51107611805,VA,Loudoun,5069,-0.14717635121248587,744,78.6,77.0,60.7,89.9,71.9,76.8,5.1,4.4,6.3
24033807408,MD,Prince George's,5930,-0.147863290861665,745,77.3,65.8,70.4,90.2,75.8,79.0,9.9,7.5,5.5
51107611902,VA,Loudoun,6290,-0.14891701818754083,746,78.6,76.1,55.8,90.5,70.3,78.6,4.4,3.9,4.6
24033801905,MD,Prince George's,6771,-0.1489515525421667,747,78.4,62.8,69.8,89.9,73.3,85.4,9.3,9.9,10.4
51059430901,VA,Fairfax,4326,-0.14940413204497635,748,77.1,74.0,65.8,88.9,75.0,80.2,8.2,6.1,8.3
24033800206,MD,Prince George's,4272,-0.15117951551507422,749,78.2,63.4,69.2,90.0,73.5,83.5,8.9,9.2,8.2
51153901412,VA,Prince William,8112,-0.152040091855122,750,78.8,75.7,60.1,89.4,71.6,79.0,5.9,5.1,5.8
24021751905,MD,Frederick,3755,-0.15224065097683695,751,76.5,72.0,66.1,90.2,68.1,77.2,4.9,4.4,3.2
51157950100,VA,Rappahannock,2729,-0.1538433468603979,752,80.7,67.5,72.4,89.1,80.7,73.7,7.9,6.1,11.7
51600300300,VA,Fairfax,5889,-0.1547139178036481,753,78.8,71.3,68.9,87.7,76.2,76.9,7.7,5.8,7.0
51059460701,VA,Fairfax,3501,-0.15602478944338985,754,75.9,74.7,65.8,88.6,74.0,80.2,9.3,5.6,4.5
24021751702,MD,Frederick,3782,-0.15638036906826258,755,78.9,65.7,70.5,90.0,77.6,74.9,6.5,5.2,9.0
11001005302,DC,District of Columbia,2518,-0.15713405200058914,756,71.3,79.8,73.0,90.1,61.6,78.2,3.4,3.6,4.8
51059420503,VA,Fairfax,3505,-0.16145521803143048,757,74.7,75.2,67.2,87.9,67.8,83.6,7.7,6.1,4.3
51179010308,VA,Stafford,2618,-0.1617089141946339,758,77.1,73.5,69.2,88.2,75.4,77.6,6.9,5.8,7.6
11001009507,DC,District of Columbia,1525,-0.16219057794471395,759,80.6,64.2,68.8,91.9,78.8,78.7,7.5,9.2,12.8
24031704000,MD,Montgomery,7285,-0.16428568680104194,760,76.5,67.8,69.0,90.8,75.0,79.4,9.9,6.2,5.8
11001005001,DC,District of Columbia,2012,-0.1643292708952905,761,71.0,79.9,70.5,90.3,61.2,79.8,3.3,3.5,4.3
51153901225,VA,Prince William,4875,-0.1645938857232669,762,80.1,72.7,66.8,89.1,75.8,77.0,8.9,6.3,7.4
51179010301,VA,Stafford,4690,-0.16467850566374606,763,78.1,70.3,68.9,88.4,77.3,78.2,6.9,5.7,10.0
24033801404,MD,Prince George's,6585,-0.1649081351037539,764,78.4,61.8,68.8,91.0,76.0,81.5,10.0,8.2,7.0
24033803519,MD,Prince George's,6212,-0.16502913574282738,765,78.9,62.6,68.3,90.4,73.3,84.7,8.9,9.6,9.2
51153900905,VA,Prince William,5628,-0.1651204893144518,766,80.6,71.3,64.0,88.6,75.6,79.8,8.5,8.0,6.3
24031700204,MD,Montgomery,2103,-0.16569501611656043,767,75.9,68.9,71.0,90.3,75.6,77.6,8.4,5.4,6.9
24031702402,MD,Montgomery,4665,-0.16769406223122568,768,77.0,67.2,66.8,91.0,71.9,81.5,6.9,6.4,8.0
51013101703,VA,Arlington,2352,-0.16823758634952235,769,74.9,74.2,72.6,86.9,68.5,79.8,6.1,4.7,5.6
51059452101,VA,Fairfax,5091,-0.16937830435821388,770,78.2,67.7,66.8,89.8,77.1,79.4,8.4,5.7,8.6
51107610601,VA,Loudoun,7193,-0.1695245503115128,771,79.0,76.5,64.2,89.0,75.8,77.4,7.2,5.4,8.5
24033800900,MD,Prince George's,1626,-0.1701437532354907,772,79.1,63.6,72.3,90.9,78.8,77.7,8.6,7.8,10.6
51107611022,VA,Loudoun,7320,-0.17064495578040162,773,78.9,77.4,59.3,90.0,72.7,77.7,5.1,4.6,6.5
24017851502,MD,Charles,5540,-0.17086684964745977,774,81.4,63.5,66.1,89.7,76.0,81.3,7.6,10.0,7.7
51107611803,VA,Loudoun,6838,-0.1725879673989043,775,78.8,74.8,59.6,89.4,73.5,78.3,5.8,5.0,4.4
24031700308,MD,Montgomery,6221,-0.1734600251034112,776,76.2,68.5,69.4,90.5,73.6,79.5,8.6,6.4,5.3
51153900804,VA,Prince William,5423,-0.17367256710883158,777,80.6,70.4,64.7,89.6,73.9,80.2,7.4,7.1,9.3
24009861003,MD,Calvert,6517,-0.1737178238468059,778,78.5,66.7,68.3,89.0,76.1,80.0,6.8,6.7,9.1
24021775302,MD,Frederick,5722,-0.17477589756624742,779,78.1,70.3,69.0,90.1,74.6,76.2,6.8,5.4,7.1
11001001002,DC,District of Columbia,3643,-0.17484600661057176,780,74.2,76.2,70.1,89.7,67.3,76.7,3.6,4.7,3.6
51061930703,VA,Fauquier,2541,-0.17492902277741454,781,78.7,70.8,70.6,88.3,77.6,76.3,7.8,5.9,8.2
51510200403,VA,Alexandria,1410,-0.17645644706509492,782,75.7,75.0,65.5,88.4,64.4,82.7,5.2,5.0,3.9
51059461202,VA,Fairfax,6502,-0.17712477962088016,783,76.4,74.2,62.5,88.6,71.7,80.3,5.5,5.2,3.4
24021751302,MD,Frederick,3166,-0.17779537576079996,784,79.5,65.1,71.1,90.2,79.1,73.8,7.3,5.4,7.8
24021752303,MD,Frederick,3606,-0.17867662407995835,785,78.6,70.9,67.5,90.7,74.8,74.4,6.1,5.1,5.8
24021752001,MD,Frederick,4815,-0.1787660316784963,786,77.9,69.6,70.7,89.8,74.6,73.2,5.8,5.0,4.0
51510201204,VA,Alexandria,2878,-0.1820368624648025,787,75.7,74.6,67.6,88.0,69.2,82.8,7.8,5.6,5.6
24033801212,MD,Prince George's,3337,-0.18247366844296148,788,80.2,59.4,72.2,91.0,79.2,82.1,11.7,9.5,11.4
54037972501,WV,Jefferson,5313,-0.1831545162044187,789,81.1,66.2,70.3,89.7,76.0,78.1,6.2,6.1,14.1
51013103501,VA,Arlington,3535,-0.18378954090709587,790,74.5,75.4,72.8,86.4,65.4,80.4,5.5,4.6,3.4
51107611811,VA,Loudoun,8098,-0.18565732719256978,791,78.4,74.1,60.5,89.7,71.3,79.5,5.4,4.8,4.9
24033801210,MD,Prince George's,4253,-0.1867287539295617,792,81.3,57.3,68.6,91.3,80.0,82.7,10.3,9.8,11.3
11001007000,DC,District of Columbia,2697,-0.18673768353462522,793,72.7,79.7,71.7,89.4,66.8,77.4,4.5,4.6,3.7
51059452600,VA,Fairfax,6347,-0.18741463983301776,794,77.4,70.9,66.3,89.1,73.6,81.5,8.0,6.5,6.5
51107610503,VA,Loudoun,8097,-0.1878923373469087,795,78.3,75.8,62.3,89.6,71.9,77.6,5.6,4.7,4.6
51013103403,VA,Arlington,1328,-0.1882456778268001,796,75.2,74.6,69.1,88.7,64.5,80.5,5.4,4.5,3.3
24033801305,MD,Prince George's,6143,-0.18867300417930527,797,80.1,58.1,69.1,91.1,78.8,82.2,10.6,9.4,8.2
51510200201,VA,Alexandria,3505,-0.18958649341678613,798,77.2,73.2,68.4,87.6,70.8,81.3,6.7,6.0,6.6
11001008410,DC,District of Columbia,1843,-0.19026574366571053,799,73.1,74.3,70.0,89.7,65.3,81.1,4.5,5.6,3.2
51059432702,VA,Fairfax,4502,-0.1906571671281981,800,77.1,70.8,67.6,88.8,74.6,81.6,8.3,6.4,7.5
24033800413,MD,Prince George's,4348,-0.190941223619276,801,78.9,65.5,70.9,90.2,72.6,82.0,8.8,10.1,6.3
54037972601,WV,Jefferson,1950,-0.19170773998725668,802,81.7,64.1,72.6,89.6,78.3,76.2,6.4,6.4,13.8
51107611014,VA,Loudoun,4472,-0.19205952240880814,803,78.1,76.2,62.3,89.1,72.6,77.8,6.3,4.9,3.4
51013103200,VA,Arlington,5520,-0.19393165889646677,804,75.6,74.8,69.1,88.0,68.0,81.1,6.4,4.9,5.1
24031700318,MD,Montgomery,3290,-0.19410573263965597,805,76.2,71.4,62.3,91.2,71.8,81.1,6.7,5.4,4.3
24017850712,MD,Charles,6117,-0.19515863037910425,806,81.3,63.6,68.2,89.9,77.7,80.6,7.5,9.7,9.7
11001004002,DC,District of Columbia,3291,-0.19572750422760754,807,71.6,75.9,71.9,90.2,62.3,79.5,3.4,3.6,2.8
24031700905,MD,Montgomery,4149,-0.19856615981019343,808,74.9,73.3,67.4,89.8,72.0,78.9,6.9,4.8,3.2
51059431002,VA,Fairfax,2368,-0.1993541873052617,809,77.6,72.6,65.5,88.9,75.0,81.4,7.8,6.7,7.1
24033801211,MD,Prince George's,3253,-0.1996071339304563,810,79.7,61.9,71.1,91.0,78.1,81.5,10.9,9.4,9.1
24017850905,MD,Charles,4312,-0.20229972820367234,811,80.4,62.9,66.5,90.4,74.3,82.0,6.8,8.1,8.8
51107611005,VA,Loudoun,5573,-0.20249745511970532,812,78.6,78.2,66.0,90.1,72.4,73.6,5.1,4.2,5.4
24033806400,MD,Prince George's,3934,-0.20298313270519155,813,75.0,68.4,72.3,89.1,72.8,78.2,6.7,5.1,3.5
51059431001,VA,Fairfax,4948,-0.20368950510910588,814,77.9,71.5,65.8,89.4,76.5,79.7,8.1,5.7,7.3
24017850902,MD,Charles,5433,-0.2043313737904209,815,80.3,63.4,70.3,89.4,77.1,81.3,8.9,8.8,9.2
11001005202,DC,District of Columbia,3408,-0.2067765851708599,816,72.4,78.2,71.3,90.7,64.6,78.9,3.7,3.9,5.4
24033801004,MD,Prince George's,5725,-0.20769730995173918,817,80.3,60.7,69.2,91.2,77.6,81.9,8.5,9.6,9.9
51107611809,VA,Loudoun,6941,-0.21070715911673782,818,78.1,76.5,61.0,89.9,70.2,79.5,5.3,4.5,5.0
51059461700,VA,Fairfax,6937,-0.21123510529638817,819,75.8,73.8,66.9,87.6,72.2,81.6,6.8,5.6,4.1
51177020316,VA,Spotsylvania,5003,-0.2118332292806271,820,77.8,71.1,70.4,88.3,74.3,79.6,7.2,6.1,7.9
24017850300,MD,Charles,1956,-0.2120051407148438,821,80.8,61.9,70.4,90.2,79.6,79.3,7.7,7.8,11.6
51059421702,VA,Fairfax,4000,-0.2123089511428125,822,77.3,70.9,68.1,88.9,76.1,82.1,10.9,6.9,6.1
51107611901,VA,Loudoun,7388,-0.21355109244638715,823,78.9,75.5,57.7,90.3,72.0,78.7,4.6,4.1,4.3
11001007903,DC,District of Columbia,1865,-0.2148875259721762,824,77.2,69.7,72.8,89.8,74.4,81.2,7.0,9.6,9.0
51059471303,VA,Fairfax,4153,-0.214974474496067,825,75.6,75.4,67.4,87.9,72.2,81.0,6.9,5.4,4.7
51047930204,VA,Culpeper,1520,-0.22131430916796016,826,81.7,67.3,72.5,90.3,81.6,70.5,7.9,5.4,8.2
11001008301,DC,District of Columbia,3220,-0.22176125975632077,827,71.8,79.7,73.2,90.0,61.7,79.4,3.4,4.1,3.8
51179010502,VA,Stafford,4226,-0.22204115096989757,828,78.9,72.4,72.1,89.2,78.8,75.2,6.6,5.2,11.6
24031702503,MD,Montgomery,4014,-0.22274514911792773,829,74.5,70.6,73.3,88.8,67.9,82.9,7.1,6.8,4.5
51059490101,VA,Fairfax,5064,-0.22427653138152767,830,77.3,71.9,68.1,88.7,76.1,79.5,7.3,5.9,6.7
24033803513,MD,Prince George's,4894,-0.22446824990702594,831,81.1,60.6,71.6,91.4,76.7,81.9,7.7,9.8,13.0
24021752206,MD,Frederick,5889,-0.2245979986210519,832,78.3,70.5,65.6,91.0,72.6,76.6,5.3,4.6,4.6
11001004300,DC,District of Columbia,4436,-0.2250396947660834,833,71.9,76.7,73.5,89.9,64.8,79.7,4.0,4.3,4.4
24033800402,MD,Prince George's,5205,-0.22532414684280708,834,77.9,67.0,69.9,91.0,76.4,79.1,8.6,6.7,7.3
24021767600,MD,Frederick,3170,-0.22590517378352187,835,79.2,66.3,71.2,90.3,77.8,75.1,6.6,5.4,7.7
24031704806,MD,Montgomery,4531,-0.22633828117729982,836,72.1,75.1,71.1,89.4,63.4,83.0,5.0,4.2,3.8
11001010100,DC,District of Columbia,2699,-0.22751111897959087,837,72.6,77.9,71.7,89.4,66.0,79.4,4.2,4.6,3.4
24031702603,MD,Montgomery,2186,-0.22838789896233688,838,73.7,73.3,72.0,88.9,65.3,84.5,6.8,6.5,4.5
51013101405,VA,Arlington,2176,-0.22957971678153774,839,74.2,77.9,70.0,87.1,65.6,80.7,4.5,3.7,3.3
51061930704,VA,Fauquier,3920,-0.23033924374129303,840,79.6,70.4,70.5,88.6,78.8,77.7,7.7,6.1,10.3
11001005602,DC,District of Columbia,4100,-0.23061544906700682,841,74.9,76.7,77.3,87.8,73.9,74.6,4.3,5.2,7.5
51177020104,VA,Spotsylvania,4945,-0.2307525603681967,842,78.5,71.1,68.7,88.8,76.2,79.8,7.0,5.7,9.9
51059420800,VA,Fairfax,3640,-0.2310907366188898,843,76.4,71.4,68.6,89.4,74.1,81.6,9.5,5.6,6.0
11001008701,DC,District of Columbia,2814,-0.2342663311862005,844,74.4,74.0,73.4,89.6,68.1,81.5,4.8,6.6,7.8
24031700306,MD,Montgomery,7833,-0.2344466025458315,845,76.2,71.3,66.2,90.9,72.3,81.4,7.4,5.9,5.3
24021775600,MD,Frederick,5172,-0.23449406012349724,846,77.4,74.4,66.1,90.7,71.2,76.2,5.1,4.4,3.6
51153900502,VA,Prince William,4323,-0.23577633636135126,847,79.6,71.9,64.6,89.3,71.0,81.5,6.5,6.5,6.3
51153901305,VA,Prince William,3642,-0.23657983191020562,848,79.7,73.2,68.0,89.2,76.9,76.6,7.1,5.4,8.3
24031702501,MD,Montgomery,4116,-0.23802278785537498,849,73.4,74.5,69.4,89.9,61.5,84.7,5.1,5.2,3.8
24021752801,MD,Frederick,2192,-0.24045615932351305,850,80.0,66.3,71.9,90.8,78.9,73.5,6.0,5.0,9.3
51153901417,VA,Prince William,3427,-0.2410122025770873,851,79.7,73.6,66.8,89.1,76.3,78.0,7.0,5.3,9.0
11001005501,DC,District of Columbia,2303,-0.24164450875719773,852,72.3,80.5,73.8,89.3,64.6,78.5,3.7,4.1,4.3
51013100800,VA,Arlington,1596,-0.2442269130823015,853,77.9,73.3,68.8,88.4,74.8,80.8,7.8,6.0,8.2
24021751801,MD,Frederick,5417,-0.24489389233773176,854,77.9,70.9,67.1,90.4,73.4,77.6,5.4,4.7,5.9
24017851501,MD,Charles,4630,-0.2459195295587218,855,80.3,66.0,67.5,89.9,73.7,82.4,7.0,8.9,7.4
24033806708,MD,Prince George's,4248,-0.24662623036927092,856,78.4,65.8,74.7,90.6,76.2,77.0,8.2,7.6,6.2
51013101502,VA,Arlington,3284,-0.2466772704228557,857,74.1,79.1,71.7,87.3,64.6,80.2,4.6,3.9,3.0
24031700210,MD,Montgomery,9416,-0.24690561982213963,858,76.1,70.6,63.8,91.4,70.8,81.1,6.2,5.0,3.1
51059420502,VA,Fairfax,2516,-0.25073423804381617,859,77.7,71.4,71.6,88.6,76.4,81.4,8.1,6.3,11.3
54037972204,WV,Jefferson,2438,-0.25139641643574806,860,81.6,63.2,72.0,89.0,78.4,78.7,6.3,6.7,12.5
51059440600,VA,Fairfax,3002,-0.2523591518671158,861,77.2,73.1,64.7,89.2,75.4,81.8,7.6,5.2,7.0
51177020304,VA,Spotsylvania,4351,-0.25366394690619065,862,78.9,70.7,72.5,88.5,77.5,80.1,9.0,6.3,11.3
51107611004,VA,Loudoun,8935,-0.25476841369391606,863,78.4,77.4,63.9,89.8,71.8,78.0,5.5,4.6,5.2
24031701427,MD,Montgomery,3468,-0.2549362094540136,864,77.7,67.7,68.0,90.7,74.3,81.5,7.7,7.1,6.1
24031703220,MD,Montgomery,5055,-0.25711851187080387,865,79.5,66.0,71.9,91.2,79.4,79.9,11.2,7.8,9.8
51059431801,VA,Fairfax,4263,-0.25737965979480715,866,76.9,73.2,65.7,89.2,74.1,82.0,7.7,5.6,5.9
24031703601,MD,Montgomery,4750,-0.25789770954306834,867,75.9,71.1,69.9,91.0,73.9,80.4,9.2,5.5,5.8
11001005802,DC,District of Columbia,2145,-0.2580695381580265,868,74.3,77.6,69.1,91.2,67.5,77.4,3.6,4.5,3.4
51059420202,VA,Fairfax,1943,-0.2632901421255949,869,75.4,74.8,65.0,88.8,67.6,84.1,5.6,5.3,3.3
51059491803,VA,Fairfax,7003,-0.2651103375593211,870,77.3,74.7,64.7,89.3,75.5,80.2,6.9,5.2,5.8
51107611207,VA,Loudoun,4325,-0.2674391970753749,871,78.3,76.4,66.6,89.1,73.0,77.3,5.9,4.9,4.5
51059430202,VA,Fairfax,4949,-0.2679813302437178,872,77.8,74.2,68.9,88.6,77.1,78.3,6.9,5.6,7.1
24017850706,MD,Charles,5638,-0.2692677717377924,873,81.1,64.5,67.2,90.4,76.2,81.0,6.9,8.5,7.6
24017850708,MD,Charles,5281,-0.2694705432090258,874,81.3,63.2,67.3,90.5,76.8,82.9,6.7,8.4,11.5
24031700711,MD,Montgomery,6733,-0.2701398034844117,875,75.9,70.6,68.8,90.7,73.4,80.4,8.0,5.3,4.4
11001003301,DC,District of Columbia,3824,-0.27031504796819,876,73.0,74.8,69.3,90.3,64.9,82.5,3.9,4.8,3.3
24017850102,MD,Charles,2374,-0.27280764444726924,877,80.9,63.3,70.0,90.4,79.1,80.5,8.2,7.8,10.5
24033801207,MD,Prince George's,4722,-0.2728971870051804,878,80.8,63.9,71.3,91.3,79.3,82.8,10.3,10.1,12.1
11001006802,DC,District of Columbia,2580,-0.2730286577028152,879,75.0,76.5,70.9,91.3,69.2,79.3,4.0,5.2,8.5
24009860404,MD,Calvert,6567,-0.2743053857152107,880,78.6,68.2,69.3,89.8,76.0,79.4,6.4,5.8,8.0
51059422202,VA,Fairfax,6444,-0.2743056355737392,881,78.0,71.5,62.3,89.9,72.9,82.4,5.8,5.7,5.0
24017851401,MD,Charles,3218,-0.27803129207384103,882,81.3,63.2,68.6,90.4,79.3,79.9,6.9,8.5,9.0
51059461603,VA,Fairfax,5056,-0.2823936645966161,883,75.5,74.9,65.7,88.6,70.9,82.5,5.3,4.4,4.7
24021750200,MD,Frederick,1686,-0.2828084058835466,884,78.3,68.7,72.5,89.5,75.2,76.0,5.5,5.2,5.6
24033800609,MD,Prince George's,3655,-0.2836681808473752,885,80.4,63.2,69.7,90.8,78.2,84.4,10.0,10.0,10.2
11001003902,DC,District of Columbia,2022,-0.2837740075509079,886,72.9,78.9,71.5,90.5,66.1,79.7,4.5,4.3,3.9
51153901510,VA,Prince William,6546,-0.2850896938238589,887,79.8,76.0,63.5,90.1,74.1,76.9,5.2,4.6,5.7
24031701408,MD,Montgomery,6706,-0.2854795578031506,888,78.4,66.0,70.7,91.3,78.2,78.5,8.2,5.9,7.9
24009860402,MD,Calvert,3958,-0.28579768465814204,889,78.3,73.0,69.6,89.7,75.1,79.4,6.6,6.3,8.3
51059432000,VA,Fairfax,3393,-0.28893175812580574,890,77.6,72.2,66.1,89.5,75.9,81.4,7.3,5.5,6.9
54037972203,WV,Jefferson,2488,-0.2897359464972163,891,82.5,62.5,73.2,89.6,79.4,77.6,6.2,6.4,13.4
24031700823,MD,Montgomery,3509,-0.2904942084439966,892,77.1,70.7,67.7,91.4,75.2,78.2,6.9,5.2,4.6
24031700839,MD,Montgomery,4931,-0.29116383724139816,893,73.9,73.5,68.1,90.0,68.0,82.8,5.7,4.7,2.6
51059430102,VA,Fairfax,3117,-0.2929330095442724,894,77.5,71.1,66.8,89.2,75.5,79.9,6.0,5.1,5.2
24033800511,MD,Prince George's,5222,-0.2932167527051907,895,79.5,65.3,72.6,91.4,76.7,79.7,8.3,7.8,9.1
51510200110,VA,Alexandria,2614,-0.2933123897283457,896,76.0,77.2,67.4,89.2,63.2,82.8,5.1,4.6,2.9
51177020109,VA,Spotsylvania,3656,-0.29570515260960595,897,80.2,69.0,72.6,89.1,80.0,80.0,10.3,6.5,11.7
24033802002,MD,Prince George's,3714,-0.2958642574920225,898,80.5,59.2,72.1,91.1,77.2,84.1,9.5,9.7,9.9
11001003901,DC,District of Columbia,2598,-0.2961076732284557,899,71.1,80.0,74.7,90.0,60.7,81.2,3.8,4.0,2.5
51683910402,VA,Manassas,6112,-0.2962443329942733,900,77.9,70.8,71.0,88.3,76.0,81.1,9.6,6.2,5.5
51107611810,VA,Loudoun,8135,-0.2970721409069304,901,78.4,75.7,62.2,90.2,71.1,78.9,5.0,4.2,2.9
24031700611,MD,Montgomery,5816,-0.2977253719565849,902,78.0,73.2,61.9,92.0,75.7,79.0,5.5,4.6,6.3
11001000501,DC,District of Columbia,3829,-0.2978174978550591,903,73.1,79.2,74.2,90.2,66.0,78.0,3.8,4.2,4.0
24033801411,MD,Prince George's,3359,-0.298260921822615,904,79.2,65.6,70.6,90.8,78.6,83.7,11.6,8.8,8.9
51107611028,VA,Loudoun,6439,-0.29840695540585677,905,79.1,78.0,58.1,91.0,71.4,78.8,4.3,3.8,3.8
51059491802,VA,Fairfax,2915,-0.2987306614123182,906,76.7,75.4,67.1,89.4,73.7,80.2,6.3,4.9,5.7
51600300200,VA,Fairfax,5200,-0.2991904168653987,907,79.1,72.2,66.9,89.2,76.0,79.4,7.5,5.1,6.3
24009860801,MD,Calvert,7092,-0.30119336844245825,908,79.3,67.8,68.0,90.0,77.5,79.4,6.4,5.9,7.7
24033803601,MD,Prince George's,3663,-0.30273081367893073,909,80.0,60.9,73.2,91.0,78.6,84.0,11.8,9.6,9.4
51153901005,VA,Prince William,6501,-0.30343233586291163,910,79.9,76.0,63.6,90.0,73.5,78.5,6.0,5.4,5.1
24033800515,MD,Prince George's,4336,-0.3088637638140478,911,79.1,64.9,72.3,90.8,76.2,83.5,8.8,8.8,10.2
51153901233,VA,Prince William,7347,-0.30895687171132,912,80.2,73.7,68.6,89.1,77.5,77.7,7.7,5.9,7.3
24021752205,MD,Frederick,3571,-0.30908816091290947,913,79.3,73.8,60.8,91.9,73.8,77.8,5.1,4.4,4.0
24017850500,MD,Charles,2775,-0.3118529583321331,914,80.2,67.7,70.1,90.4,79.0,78.4,6.6,6.3,10.3
11001005502,DC,District of Columbia,2968,-0.31222397406272495,915,72.8,77.1,76.3,89.5,68.1,78.3,4.1,4.4,4.3
51153900801,VA,Prince William,7324,-0.3155627337553628,916,80.7,73.8,66.4,89.9,75.6,78.6,7.1,6.1,7.1
24021752102,MD,Frederick,6881,-0.3167139212674865,917,78.5,71.3,69.3,90.6,75.0,77.4,6.1,4.8,6.3
51179010106,VA,Stafford,3865,-0.3170082684165269,918,77.8,70.9,69.8,89.0,76.1,79.3,6.9,5.4,5.3
24033801410,MD,Prince George's,3416,-0.31735263296055816,919,80.5,60.4,70.4,91.5,80.3,82.1,10.7,8.6,7.9
11001008100,DC,District of Columbia,3153,-0.318142819883387,920,73.4,82.2,71.4,91.7,65.3,76.6,3.0,3.3,3.9
51179010105,VA,Stafford,8089,-0.31839214120905823,921,77.8,73.1,70.4,88.5,74.9,81.7,7.8,6.3,7.2
24033800707,MD,Prince George's,3617,-0.3192353442479257,922,81.8,61.8,70.5,92.1,80.8,81.7,9.1,9.2,12.6
24031701704,MD,Montgomery,3033,-0.32108526102705187,923,77.6,68.2,67.5,91.9,75.2,81.0,6.9,5.5,7.3
51157950200,VA,Rappahannock,4619,-0.3219156889124151,924,81.9,70.5,71.7,89.8,82.3,74.7,7.4,6.3,10.8
24033806710,MD,Prince George's,5256,-0.3220424341788787,925,79.2,63.6,70.6,91.3,75.5,82.8,7.6,7.6,9.1
24033800507,MD,Prince George's,3967,-0.3222699628162234,926,78.4,65.9,71.0,90.3,75.5,82.8,8.2,8.4,6.2
24031700613,MD,Montgomery,6636,-0.3229489970031649,927,76.9,72.2,66.6,91.1,74.5,81.4,6.7,5.3,6.8
51059460503,VA,Fairfax,3778,-0.32383628213429183,928,76.6,75.9,64.7,89.2,72.9,81.5,5.4,4.7,4.5
24031701414,MD,Montgomery,7592,-0.32387298582497404,929,79.9,62.8,69.8,91.7,78.3,80.9,8.0,7.0,9.1
51510201601,VA,Alexandria,3347,-0.3257195723020891,930,76.7,73.9,69.6,88.6,69.5,81.3,5.1,4.9,4.3
51059430902,VA,Fairfax,3415,-0.3258909416263715,931,78.2,71.8,67.4,89.4,77.2,80.0,7.8,5.8,4.8
51059451900,VA,Fairfax,6015,-0.32825200134015975,932,77.0,70.6,67.8,89.6,73.2,82.4,7.0,5.1,5.1
51059461801,VA,Fairfax,1385,-0.3283675773866331,933,76.4,74.9,67.5,89.6,71.9,80.5,5.8,4.7,3.9
24033800203,MD,Prince George's,4883,-0.3292037335752972,934,78.1,65.2,71.3,91.4,77.0,80.1,8.4,6.0,6.8
51059471100,VA,Fairfax,7030,-0.3308109971957822,935,77.0,74.4,66.8,90.2,74.1,79.9,6.1,4.1,6.1
51153901505,VA,Prince William,7669,-0.3342736342407278,936,80.7,72.9,64.5,90.4,76.3,76.7,5.3,4.7,5.7
24033800216,MD,Prince George's,4392,-0.33463304506429215,937,77.5,67.7,70.3,90.8,72.8,83.0,8.2,7.1,5.0
24031703901,MD,Montgomery,3109,-0.3387282676244551,938,77.4,73.6,68.0,91.9,74.8,79.2,6.6,5.0,7.5
24033801209,MD,Prince George's,4523,-0.3394321103010387,939,80.7,63.5,70.9,90.9,77.8,84.8,9.3,10.5,9.9
51059422302,VA,Fairfax,5788,-0.3394553423466516,940,78.1,72.7,68.0,90.0,75.3,80.5,6.3,5.6,7.2
24033800410,MD,Prince George's,7030,-0.3421524409919951,941,78.0,68.6,72.7,89.6,71.4,82.7,6.5,7.5,6.2
24031701701,MD,Montgomery,3524,-0.3444083268418155,942,78.5,69.3,70.3,91.6,77.4,77.5,7.1,6.1,5.7
24009861100,MD,Calvert,5914,-0.34559272238687944,943,79.1,68.7,69.3,89.9,77.3,79.7,6.2,5.7,7.7
51059491701,VA,Fairfax,4127,-0.3458465879618484,944,76.5,75.4,67.2,89.4,72.1,81.0,5.3,4.5,4.7
24031701418,MD,Montgomery,3524,-0.3459504706218755,945,79.2,64.0,70.0,91.4,76.4,80.7,7.6,7.3,5.3
24033800520,MD,Prince George's,2440,-0.34621963989101945,946,80.9,64.4,67.3,91.9,76.6,84.4,7.7,8.9,10.5
11001003801,DC,District of Columbia,1800,-0.34648441152108117,947,71.9,80.4,72.6,91.0,61.6,80.9,3.2,3.4,2.7
51107611206,VA,Loudoun,4311,-0.3470702016503192,948,78.4,75.8,67.3,89.3,73.1,79.1,6.0,4.8,4.5
51059430500,VA,Fairfax,1716,-0.35058417672462283,949,78.0,73.7,68.8,89.7,77.6,80.4,8.4,5.5,7.1
24033800504,MD,Prince George's,4720,-0.350798634253009,950,78.1,66.2,71.9,91.3,76.9,80.4,8.1,6.1,7.4
24033800606,MD,Prince George's,4778,-0.3516404682238646,951,79.9,68.7,66.3,91.8,73.0,84.7,6.7,8.7,8.7
24033800408,MD,Prince George's,7307,-0.3527501867647749,952,79.7,64.0,69.6,91.6,77.3,83.5,8.8,7.6,9.5
51013100700,VA,Arlington,5827,-0.3531394706884275,953,76.9,76.5,70.1,88.7,72.3,79.3,6.5,4.7,3.3
54037972201,WV,Jefferson,5169,-0.3539157849742986,954,81.0,68.7,73.3,87.6,75.9,79.3,5.4,6.2,9.3
24031700315,MD,Montgomery,6324,-0.35466333056108656,955,76.6,75.4,64.0,91.6,72.2,81.5,6.0,4.9,4.2
51107610602,VA,Loudoun,2807,-0.35514308687478413,956,78.9,78.1,63.7,90.4,73.4,77.3,4.6,3.9,4.3
51047930104,VA,Culpeper,3207,-0.3565039828676454,957,79.4,73.5,71.8,89.5,77.9,76.5,7.3,5.3,7.0
11001009508,DC,District of Columbia,4243,-0.35685936559933684,958,78.2,68.9,76.2,90.3,75.9,81.8,7.4,9.0,10.1
11001009902,DC,District of Columbia,2774,-0.35780246161263196,959,82.5,63.3,73.4,92.4,79.8,80.2,6.3,10.6,14.0
24033801215,MD,Prince George's,2860,-0.3580743367832205,960,80.0,64.0,70.7,91.4,76.6,83.9,8.7,8.8,9.1
24033800704,MD,Prince George's,5406,-0.3589318204909287,961,80.1,61.5,72.1,91.0,75.0,83.8,7.9,10.0,6.2
51013101601,VA,Arlington,1362,-0.35967071215867474,962,74.7,79.5,73.8,87.3,65.6,80.6,4.3,3.7,2.9
24033800212,MD,Prince George's,6374,-0.35968022836144625,963,78.9,65.5,71.5,90.8,76.7,83.0,8.5,7.3,8.8
11001008302,DC,District of Columbia,3026,-0.360091287038298,964,73.0,80.6,72.4,90.9,66.0,79.2,3.3,3.8,3.9
24033801407,MD,Prince George's,6575,-0.36075023822683333,965,79.8,60.7,72.9,91.2,77.9,85.2,10.8,8.9,9.5
24009860501,MD,Calvert,7145,-0.3623754746314272,966,78.7,69.8,67.4,90.2,75.5,81.8,5.6,5.4,8.4
24031703502,MD,Montgomery,3108,-0.36265292244041536,967,77.0,72.8,70.4,91.1,76.0,79.5,8.6,5.6,4.9
24031701223,MD,Montgomery,3158,-0.3634899902583698,968,74.4,75.2,70.3,90.9,68.5,81.2,5.5,4.2,3.2
11001008200,DC,District of Columbia,2695,-0.3636005812695681,969,73.3,80.0,75.6,90.4,66.6,77.7,3.3,3.8,4.4
51013103405,VA,Arlington,3874,-0.3637744389496404,970,75.6,76.3,72.5,88.1,67.1,80.7,4.7,4.0,2.8
24031702200,MD,Montgomery,4361,-0.36496350634798486,971,77.0,73.2,71.2,91.7,74.7,79.0,7.3,5.0,7.1
11001008002,DC,District of Columbia,3366,-0.3657057985684086,972,74.7,76.8,71.2,91.5,68.6,79.5,3.7,4.6,5.1
24033801005,MD,Prince George's,4217,-0.3667126702180592,973,80.7,63.2,72.5,91.6,77.6,82.8,8.0,8.9,11.2
51059415300,VA,Fairfax,3908,-0.3670636548661218,974,78.0,74.0,68.5,89.9,77.2,81.3,9.0,5.7,6.7
24033800505,MD,Prince George's,2737,-0.3673844455570194,975,77.5,69.7,71.9,91.5,75.6,79.5,7.4,5.6,6.8
24031703223,MD,Montgomery,6420,-0.36802946903004746,976,78.4,69.8,67.6,91.9,76.3,80.4,7.1,5.7,6.8
11001000802,DC,District of Columbia,3327,-0.3685676043751933,977,75.5,77.7,70.5,91.1,71.4,77.5,4.3,4.5,4.0
24017851302,MD,Charles,4407,-0.3690173841390125,978,79.8,68.3,70.8,90.5,77.3,78.9,6.0,6.1,8.3
11001008402,DC,District of Columbia,2447,-0.37044986115965245,979,75.2,75.9,71.6,91.4,70.9,79.7,3.6,4.5,8.0
24021770700,MD,Frederick,3638,-0.37121970325948817,980,80.4,71.9,70.7,91.6,79.0,73.2,5.6,4.5,7.5
51059422301,VA,Fairfax,3133,-0.37180207844744373,981,77.0,76.0,67.0,89.9,73.0,82.2,6.1,5.1,6.3
51059430400,VA,Fairfax,7217,-0.3726373994060393,982,78.0,72.4,67.9,90.5,76.6,80.7,6.8,4.5,8.3
24021751904,MD,Frederick,4606,-0.37449554466688995,983,78.5,71.9,69.3,90.5,74.3,78.5,5.5,4.8,5.5
51059481702,VA,Fairfax,4787,-0.374521467505359,984,76.8,77.4,63.7,89.8,72.7,82.3,5.6,4.6,4.2
51059491404,VA,Fairfax,4006,-0.375507922661151,985,76.8,75.5,65.5,89.6,73.6,82.4,6.0,4.8,4.8
24031701800,MD,Montgomery,4869,-0.37596914263384845,986,80.3,66.9,68.5,92.5,78.4,79.0,6.9,6.8,7.9
24031701215,MD,Montgomery,4662,-0.37618012122362443,987,77.0,70.6,70.3,91.3,74.9,80.9,6.0,4.7,8.6
51179010404,VA,Stafford,6642,-0.37879988827754985,988,78.1,73.8,70.8,88.6,75.8,79.5,6.5,5.6,5.1
24031701214,MD,Montgomery,3718,-0.37967238771115003,989,74.2,73.2,71.4,90.4,69.1,82.4,5.5,4.3,3.6
24031701221,MD,Montgomery,4491,-0.38002224186146133,990,78.6,72.7,63.8,91.6,77.8,78.8,5.5,5.1,5.0
24021751202,MD,Frederick,6654,-0.38100874627554704,991,79.9,69.8,69.7,90.6,76.6,78.4,6.4,5.8,6.3
51107610101,VA,Loudoun,5055,-0.3812839750262768,992,79.4,74.6,66.7,90.0,76.4,78.0,6.2,4.8,5.0
24033801208,MD,Prince George's,4433,-0.38372379054503625,993,81.0,63.2,71.3,91.8,77.7,83.3,8.3,9.2,10.1
24031701503,MD,Montgomery,7440,-0.38561443467242307,994,78.6,68.7,71.2,90.8,78.7,82.3,11.0,7.1,6.7
51153901208,VA,Prince William,3116,-0.3859048902586052,995,83.2,67.2,69.3,90.7,82.4,77.9,9.7,6.2,9.8
51059480505,VA,Fairfax,3263,-0.3876197108964211,996,74.3,77.4,71.0,88.5,68.0,82.4,4.7,4.0,2.8
51153901231,VA,Prince William,7144,-0.38832455624915746,997,80.2,74.4,68.3,89.6,77.0,78.5,6.9,5.1,7.1
51059480802,VA,Fairfax,3910,-0.38950445372747594,998,76.8,74.0,68.6,89.3,73.5,81.6,6.1,4.8,4.4
51059420700,VA,Fairfax,4241,-0.39008712779658905,999,77.9,76.4,70.3,90.0,76.6,79.7,7.9,5.3,7.4
51013101300,VA,Arlington,6940,-0.3914550519934386,1000,76.7,79.2,69.4,89.2,70.9,78.9,4.6,3.7,4.3
24031701001,MD,Montgomery,5503,-0.3919065216084536,1001,77.8,71.5,70.3,91.1,77.1,79.7,7.9,5.7,5.8
51059491102,VA,Fairfax,3422,-0.3922033232237678,1002,77.4,75.3,68.1,89.7,76.0,80.1,6.6,4.7,5.4
11001009301,DC,District of Columbia,3853,-0.3922077900472625,1003,77.8,71.4,72.8,91.7,74.9,78.1,5.0,6.4,6.9
51107611029,VA,Loudoun,7139,-0.3932388161140606,1004,79.2,79.0,62.2,90.9,72.5,78.4,4.6,4.0,3.6
51107610202,VA,Loudoun,5624,-0.3947470295486737,1005,78.9,76.1,66.8,90.2,74.0,78.2,5.1,4.2,5.1
51059420300,VA,Fairfax,6184,-0.39508069429978854,1006,77.2,76.7,67.5,90.1,74.7,81.5,7.1,4.9,6.2
51061930404,VA,Fauquier,2758,-0.39564955941823976,1007,79.9,72.8,71.9,88.9,78.7,78.1,7.6,6.0,6.7
51107611023,VA,Loudoun,5954,-0.39662075333980007,1008,78.4,80.2,64.9,90.0,71.4,79.4,4.4,3.9,5.3
51059422402,VA,Fairfax,5236,-0.39708236948918463,1009,77.1,76.8,67.4,90.1,71.5,83.0,5.8,5.1,6.8
24021752201,MD,Frederick,2399,-0.3974905927443413,1010,80.3,69.2,71.7,91.1,79.1,75.1,6.3,4.9,6.6
24031701211,MD,Montgomery,6350,-0.39898145395852863,1011,76.6,71.3,70.0,91.1,73.8,80.4,6.5,5.0,3.8
24033800800,MD,Prince George's,3446,-0.4006474657709784,1012,79.8,65.2,72.5,92.1,79.6,79.0,7.8,6.5,8.8
24031700835,MD,Montgomery,4388,-0.4019685853105524,1013,77.3,70.9,69.7,91.0,76.0,81.2,7.7,5.7,5.1
51107611102,VA,Loudoun,6225,-0.4025063455141915,1014,79.1,78.4,69.6,90.3,74.9,74.7,6.3,4.4,2.8
51059490105,VA,Fairfax,2761,-0.4031548278150206,1015,77.3,72.9,68.7,89.8,75.0,81.1,6.3,4.6,5.3
11001011001,DC,District of Columbia,2423,-0.403245296152541,1016,77.1,73.9,74.8,90.6,74.7,79.0,5.5,7.0,7.0
51059430802,VA,Fairfax,4276,-0.4038500829239602,1017,77.6,75.7,67.9,89.6,75.8,81.8,7.3,5.4,6.0
24031705501,MD,Montgomery,2377,-0.40460872945591675,1018,75.4,75.8,71.1,90.5,72.5,79.5,5.8,4.3,3.5
24017850710,MD,Charles,5578,-0.4054164889843271,1019,81.1,64.5,69.5,90.6,75.7,82.5,6.5,8.5,6.0
51510200703,VA,Alexandria,3494,-0.405589818816902,1020,78.2,75.5,68.3,89.8,72.4,80.2,5.0,4.6,5.5
51153901234,VA,Prince William,3385,-0.40647429671908786,1021,81.0,76.0,70.0,90.3,78.1,77.2,7.4,5.4,9.2
24021751906,MD,Frederick,2521,-0.4074329948919106,1022,79.9,71.5,71.6,91.1,77.8,75.7,6.1,4.7,7.1
51013100500,VA,Arlington,5029,-0.40852159167077523,1023,78.1,80.6,71.0,89.5,73.7,76.7,4.6,4.0,7.1
24021752802,MD,Frederick,3654,-0.4094270228123408,1024,79.4,73.5,69.7,91.0,76.9,76.2,5.3,4.6,6.3
24031700209,MD,Montgomery,4451,-0.4097035292240082,1025,76.6,73.0,71.9,91.3,75.3,79.3,6.7,4.8,6.1
51107611208,VA,Loudoun,4384,-0.4099359157647254,1026,79.6,76.6,63.6,90.7,74.7,78.5,4.6,4.0,5.2
11001001303,DC,District of Columbia,3763,-0.4099499616623386,1027,75.8,75.4,74.5,90.8,72.7,77.3,4.4,4.8,5.0
51059461802,VA,Fairfax,5448,-0.410036945177512,1028,76.5,75.7,67.5,89.4,72.4,82.5,5.5,4.6,4.4
51059471203,VA,Fairfax,2420,-0.41054350609049695,1029,76.4,77.1,65.8,89.4,71.2,82.6,5.0,4.2,3.5
24021752603,MD,Frederick,4057,-0.41151930761573596,1030,79.5,70.6,70.2,91.4,76.6,75.5,5.2,4.4,4.7
51059431300,VA,Fairfax,4419,-0.41202188856501326,1031,78.6,74.1,67.9,90.5,76.8,80.2,6.1,4.9,7.9
24017851402,MD,Charles,3445,-0.4120792181843035,1032,80.1,68.2,71.5,90.8,77.7,78.5,5.9,6.0,7.7
51059492300,VA,Fairfax,3402,-0.4126219988992742,1033,77.2,75.4,68.9,90.0,74.3,80.9,6.5,4.7,5.4
24033801901,MD,Prince George's,5125,-0.41356862267799277,1034,80.7,58.5,74.1,91.4,79.5,84.5,10.2,9.3,8.9
24033800401,MD,Prince George's,2592,-0.41497738185139055,1035,78.4,67.0,72.8,91.5,77.1,80.5,7.4,5.9,7.8
51059431400,VA,Fairfax,4405,-0.41602534135448754,1036,78.3,74.5,65.8,90.5,76.0,81.1,6.1,4.8,6.2
24021740200,MD,Frederick,5027,-0.4177863245085742,1037,79.4,72.5,70.0,90.9,76.8,76.7,6.3,5.1,4.4
11001009504,DC,District of Columbia,3208,-0.41805756742542177,1038,79.2,69.9,73.8,90.9,78.7,80.0,6.5,8.5,8.8
51177020105,VA,Spotsylvania,2434,-0.4182787127435524,1039,78.8,74.9,72.1,89.5,76.9,78.6,6.0,4.9,8.7
24021750804,MD,Frederick,2441,-0.41847691081127397,1040,78.8,73.6,72.8,91.1,74.8,75.1,6.1,4.7,3.6
51059421001,VA,Fairfax,2855,-0.41879572126447,1041,77.7,74.0,68.4,90.1,75.0,82.0,7.4,5.5,5.1
51061930305,VA,Fauquier,4677,-0.41990771015301864,1042,80.2,71.6,72.8,88.3,79.4,80.5,8.1,6.7,8.4
51107611019,VA,Loudoun,6045,-0.4230631433036488,1043,79.2,76.2,64.8,90.1,74.4,79.8,5.1,4.3,4.9
24031703206,MD,Montgomery,3951,-0.42328526317169235,1044,78.0,70.6,72.6,91.6,77.0,79.7,8.6,5.6,6.5
24033800411,MD,Prince George's,4877,-0.42493799467341753,1045,79.6,65.4,72.8,91.5,76.0,83.0,7.7,7.5,9.1
24031700500,MD,Montgomery,7196,-0.4258171681171481,1046,76.9,74.6,71.0,91.4,75.2,79.8,6.1,4.8,7.4
24021752302,MD,Frederick,4274,-0.4267273105389295,1047,80.4,71.4,68.6,91.4,78.7,76.6,6.2,4.8,6.3
51059421101,VA,Fairfax,5912,-0.42807057701877294,1048,77.3,76.3,65.8,90.4,73.0,82.4,6.1,4.9,4.3
24033801312,MD,Prince George's,3940,-0.42975780726141743,1049,80.4,66.0,72.1,91.8,79.2,83.3,10.2,8.2,9.9
51013101409,VA,Arlington,2120,-0.42991055502201003,1050,76.7,75.4,73.5,87.7,73.7,80.6,5.1,4.0,6.3
51061930303,VA,Fauquier,3797,-0.4313341442398436,1051,80.5,69.7,72.7,89.6,79.9,78.0,7.0,5.5,8.2
51059491705,VA,Fairfax,3341,-0.4340459743102405,1052,78.2,74.9,62.7,90.2,75.9,80.9,5.0,4.3,3.1
11001008001,DC,District of Columbia,3103,-0.43481437539468737,1053,74.5,78.5,71.5,91.8,68.0,80.5,3.3,4.1,5.4
24009860600,MD,Calvert,7126,-0.4358526098407347,1054,79.8,70.4,68.4,90.4,78.3,80.8,6.0,5.6,8.3
54037972602,WV,Jefferson,4633,-0.4368694160405424,1055,81.7,66.6,71.7,90.5,76.9,79.1,5.4,5.4,9.6
24033801313,MD,Prince George's,3229,-0.4368744431641706,1056,80.3,64.2,72.2,91.9,79.5,84.3,10.3,7.9,10.8
24017850904,MD,Charles,13090,-0.43744464305278447,1057,81.3,66.0,68.5,90.8,74.4,84.6,6.2,8.4,7.8
24031703210,MD,Montgomery,3760,-0.4376429138235473,1058,76.7,73.8,70.5,91.5,74.7,81.9,8.7,5.3,5.2
11001000704,DC,District of Columbia,2753,-0.4398867935988442,1059,75.8,77.9,73.0,91.4,71.4,77.1,3.9,4.2,4.3
24021751902,MD,Frederick,6005,-0.4418907970477154,1060,78.7,73.5,69.1,90.7,74.8,78.8,5.2,4.5,5.2
24033800513,MD,Prince George's,6950,-0.4419981258239847,1061,78.9,65.8,70.6,91.8,75.5,82.8,7.3,6.8,6.1
51153901509,VA,Prince William,7056,-0.44473438908760116,1062,79.9,73.6,69.3,90.0,75.5,78.2,5.7,4.7,5.0
24033801302,MD,Prince George's,2852,-0.4448399855105421,1063,79.7,68.3,71.1,92.2,78.4,80.5,8.2,6.6,7.9
51107611009,VA,Loudoun,5542,-0.44496163113102116,1064,79.8,76.0,63.3,90.8,74.8,79.1,5.0,4.3,3.5
24031701004,MD,Montgomery,5301,-0.44525531832971166,1065,77.5,73.0,70.1,91.3,75.7,79.4,6.7,5.2,3.9
51510201202,VA,Alexandria,3429,-0.4454610646921352,1066,76.3,79.2,69.9,89.6,67.9,81.8,5.2,4.0,3.3
11001001702,DC,District of Columbia,3356,-0.44728756794712243,1067,77.6,73.5,73.7,92.3,74.0,80.3,5.1,5.6,10.9
24017850101,MD,Charles,7030,-0.44856543678794725,1068,81.0,65.8,70.0,90.5,75.3,84.3,7.0,8.4,7.1
51059432800,VA,Fairfax,2225,-0.44857499121752376,1069,77.9,74.1,69.2,89.9,75.0,81.7,6.8,5.4,4.8
24031700829,MD,Montgomery,3498,-0.45304392062647675,1070,77.1,74.0,67.4,92.2,74.4,80.1,5.2,4.0,5.4
51059430203,VA,Fairfax,2679,-0.45619060030271785,1071,77.7,75.1,67.4,88.9,76.0,81.4,5.6,4.8,3.7
24021751201,MD,Frederick,5702,-0.45751060659140325,1072,79.7,71.4,70.6,90.9,76.2,78.2,6.1,5.1,5.1
51059450601,VA,Fairfax,4192,-0.4597112483322041,1073,78.4,74.0,69.2,90.9,77.5,79.9,6.7,4.2,7.5
11001004001,DC,District of Columbia,3941,-0.4622724024564333,1074,73.2,81.0,74.9,91.0,66.5,79.2,3.4,3.6,2.7
51179010213,VA,Stafford,2629,-0.46434046293166514,1075,78.2,74.7,69.6,89.6,74.6,81.5,5.8,5.2,5.5
51153901306,VA,Prince William,5777,-0.4666298610269293,1076,80.7,74.2,69.9,89.9,78.2,78.5,6.8,5.3,6.9
24031704803,MD,Montgomery,4318,-0.46735481682662766,1077,75.2,76.1,70.2,90.7,70.6,82.3,5.5,4.5,2.7
51043010300,VA,Clarke,2900,-0.4675556064302684,1078,80.1,73.1,72.1,90.0,78.6,77.5,6.2,4.9,7.5
24033800519,MD,Prince George's,3994,-0.468064196624806,1079,80.0,67.3,68.7,92.1,76.8,83.2,6.6,7.1,8.2
24021752601,MD,Frederick,4481,-0.4687201199844536,1080,79.7,73.7,71.7,91.4,77.2,76.2,5.1,4.2,7.7
24031705000,MD,Montgomery,5311,-0.47024259457046913,1081,75.3,75.2,71.6,89.9,73.0,81.0,5.2,3.9,3.4
51610500300,VA,Falls Church,4437,-0.4715717304431538,1082,78.3,79.0,71.0,89.4,73.7,78.6,5.0,4.0,5.9
51153901236,VA,Prince William,6506,-0.47291423122892173,1083,80.6,73.7,67.5,90.3,74.9,80.0,6.1,5.5,4.4
11001009505,DC,District of Columbia,3796,-0.47317033071112746,1084,79.9,69.2,74.0,92.1,77.6,80.4,6.6,8.0,9.2
51059421300,VA,Fairfax,3658,-0.47544843016337907,1085,78.0,74.6,69.8,90.3,76.1,82.2,6.8,5.1,7.4
24031701315,MD,Montgomery,4394,-0.4758215876961462,1086,77.8,71.0,70.2,91.5,76.2,81.2,6.1,5.5,5.8
51107611209,VA,Loudoun,6639,-0.47873574630125343,1087,80.3,77.7,68.0,91.0,76.7,76.1,5.0,4.0,5.9
51107611012,VA,Loudoun,4509,-0.4788135081294458,1088,80.3,77.5,61.9,91.0,75.6,79.1,4.4,3.9,4.3
51059451000,VA,Fairfax,2707,-0.4792970618357184,1089,79.3,71.5,68.8,91.0,79.4,80.6,7.7,4.7,7.3
24033803512,MD,Prince George's,6711,-0.47971436613646556,1090,80.9,63.6,73.9,91.6,77.5,83.6,7.7,9.0,9.0
24031703202,MD,Montgomery,5780,-0.47977380039491624,1091,78.7,69.8,71.0,92.4,78.0,77.8,6.8,4.7,4.8
11001002002,DC,District of Columbia,4072,-0.4814896881331219,1092,77.8,73.7,72.9,91.9,75.3,80.2,6.5,6.6,6.2
24031701007,MD,Montgomery,3129,-0.48438152179357985,1093,76.9,73.4,70.0,91.6,74.3,80.7,6.1,4.6,4.0
51177020312,VA,Spotsylvania,6724,-0.4844462427083777,1094,81.0,69.2,71.9,90.1,79.3,81.6,8.0,6.3,9.4
51177020407,VA,Spotsylvania,5768,-0.4872123387157512,1095,80.2,72.2,73.2,89.7,79.4,78.2,6.8,5.5,7.2
51059432202,VA,Fairfax,4741,-0.4872899284329713,1096,78.8,75.5,66.6,90.9,77.4,80.4,6.2,4.4,6.0
51013103404,VA,Arlington,1438,-0.48729214819885325,1097,76.6,78.9,74.7,88.8,70.9,80.4,4.8,4.1,5.8
51179010219,VA,Stafford,1462,-0.48788272577919994,1098,78.6,75.7,69.4,89.7,75.3,81.3,5.8,5.5,5.4
24031703000,MD,Montgomery,1829,-0.48819324445887297,1099,76.7,74.9,69.8,91.8,74.1,81.5,6.1,4.8,5.4
24033803527,MD,Prince George's,3043,-0.4885264748297104,1100,81.9,61.7,71.8,91.9,78.8,84.5,8.0,9.5,9.0
51179010405,VA,Stafford,6241,-0.48934590186597393,1101,78.4,75.3,70.6,89.3,76.8,81.2,6.3,5.1,6.5
51059452000,VA,Fairfax,3061,-0.4896516075245704,1102,80.7,73.3,69.2,89.9,82.0,80.8,9.8,6.8,6.3
51013102901,VA,Arlington,2904,-0.4907931474372642,1103,76.8,79.2,70.6,90.4,68.7,80.0,4.4,3.7,2.8
51107610701,VA,Loudoun,5640,-0.4919376885635751,1104,79.2,78.3,67.1,90.6,74.1,78.3,4.4,3.7,4.7
51177020106,VA,Spotsylvania,8064,-0.4943967693237683,1105,80.3,69.6,71.3,89.3,79.9,81.8,8.5,6.2,6.5
24009860300,MD,Calvert,4291,-0.4950093880748933,1106,79.8,70.3,71.3,90.6,78.2,80.4,6.1,5.7,7.6
51107611015,VA,Loudoun,3771,-0.49556189198857925,1107,80.2,76.5,67.4,90.4,77.5,78.1,6.0,4.4,5.0
51510201300,VA,Alexandria,4004,-0.496195490638432,1108,77.1,77.5,70.5,90.3,69.3,80.9,4.2,3.7,4.0
24021751802,MD,Frederick,3823,-0.49628230808529433,1109,79.8,69.0,72.9,91.5,77.8,77.9,5.1,4.3,8.3
51510200305,VA,Alexandria,2426,-0.4976278435328532,1110,80.2,71.4,73.5,89.9,76.1,82.6,8.1,6.8,8.2
51061930205,VA,Fauquier,1847,-0.4976381666889147,1111,81.3,69.4,73.4,90.1,80.8,78.0,6.3,5.5,9.1
51013100600,VA,Arlington,3285,-0.49834474977109067,1112,78.0,77.3,71.0,89.6,74.8,79.1,5.3,4.0,4.8
11001006900,DC,District of Columbia,2799,-0.5030385535666034,1113,75.2,78.9,71.0,92.4,69.1,79.7,2.9,3.7,4.4
11001001902,DC,District of Columbia,2117,-0.5032573691661754,1114,80.6,69.6,72.9,92.8,78.6,79.5,5.7,7.2,10.5
11001000803,DC,District of Columbia,3174,-0.5036505511150671,1115,77.1,77.5,73.9,89.6,76.0,77.7,3.7,4.8,5.5
24021751903,MD,Frederick,6485,-0.503719611909614,1116,79.4,73.4,72.3,90.9,77.4,77.7,5.5,4.6,6.8
51059422000,VA,Fairfax,3979,-0.504520049488638,1117,81.5,69.9,66.8,91.0,82.0,81.4,8.9,6.2,6.9
51107610201,VA,Loudoun,6225,-0.5050731180733377,1118,79.8,77.6,70.6,90.4,76.4,77.7,5.1,4.2,7.5
24031700606,MD,Montgomery,4192,-0.5056599233434916,1119,79.1,71.1,67.6,92.5,78.4,79.2,5.6,4.4,6.0
51153901503,VA,Prince William,6044,-0.5057836820508897,1120,80.9,74.7,70.4,90.7,78.2,76.1,5.5,4.3,6.1
11001002501,DC,District of Columbia,2688,-0.5059747748185809,1121,77.3,74.4,73.1,92.0,74.6,79.9,6.1,5.9,5.2
51059421102,VA,Fairfax,3514,-0.506607958627042,1122,79.4,72.9,69.4,90.8,77.5,80.6,6.4,5.3,6.2
24031700836,MD,Montgomery,1521,-0.5078514858730432,1123,76.2,75.0,69.9,91.6,72.5,81.7,5.8,4.5,3.1
24031703221,MD,Montgomery,4694,-0.5108283863829779,1124,78.4,70.1,71.3,91.5,76.4,82.5,7.8,6.2,5.2
24021752101,MD,Frederick,3661,-0.5109244737943958,1125,79.6,75.0,71.7,91.4,76.9,76.5,5.1,4.3,6.3
24021751301,MD,Frederick,4752,-0.512590187472816,1126,82.6,66.9,72.3,92.3,82.1,75.6,6.6,5.0,8.8
11001009503,DC,District of Columbia,3106,-0.5145355492328667,1127,81.1,68.5,73.7,92.4,80.2,79.6,5.7,7.9,10.9
51013101200,VA,Arlington,3897,-0.5150133490190373,1128,78.9,77.6,69.6,90.7,75.8,79.0,6.7,4.3,4.7
51059460504,VA,Fairfax,3979,-0.5165231268513215,1129,78.3,76.7,68.1,90.5,76.3,80.3,5.1,4.2,5.7
24031701415,MD,Montgomery,7916,-0.5170302791945848,1130,79.0,70.1,72.9,91.5,78.2,81.2,8.7,6.6,5.4
51059482505,VA,Fairfax,3528,-0.517184150307161,1131,77.6,74.5,66.6,90.3,74.6,82.3,4.5,4.0,4.1
11001001304,DC,District of Columbia,4018,-0.5202895200071318,1132,74.1,81.1,76.1,91.5,67.8,78.3,3.5,3.6,2.9
51153901009,VA,Prince William,7488,-0.5214303959758788,1133,80.7,73.2,69.8,90.4,76.3,79.0,6.3,5.2,4.1
51013100900,VA,Arlington,4406,-0.5220629247759767,1134,78.5,76.0,70.1,90.2,74.7,80.5,6.0,4.5,4.5
24031700314,MD,Montgomery,3839,-0.523017526035694,1135,77.9,73.9,67.3,91.7,75.9,80.7,5.9,4.8,2.7
24017851100,MD,Charles,2849,-0.527352943601855,1136,79.9,68.7,73.0,90.6,78.4,80.9,6.0,5.9,7.8
24031701216,MD,Montgomery,5986,-0.527743699531851,1137,76.3,71.3,72.2,91.4,73.1,81.8,5.5,4.3,3.4
51059482100,VA,Fairfax,3258,-0.5278951867031201,1138,78.8,76.2,68.9,90.6,77.2,80.3,6.6,5.0,4.7
11001006600,DC,District of Columbia,2164,-0.5281041709017766,1139,75.2,81.3,73.0,91.8,70.6,78.0,3.2,3.5,4.1
24031701307,MD,Montgomery,4598,-0.5289679092297115,1140,78.1,72.3,69.3,92.3,75.7,80.6,4.9,4.2,6.4
51059430201,VA,Fairfax,4379,-0.5309450597124564,1141,77.9,77.1,67.6,89.9,76.1,81.9,6.2,4.7,3.7
51510201400,VA,Alexandria,4158,-0.5321890705830222,1142,77.3,79.0,71.0,90.0,70.9,81.4,5.5,4.2,3.6
11001007603,DC,District of Columbia,4185,-0.5325712882439979,1143,82.5,71.5,77.1,93.2,79.2,76.4,5.1,8.4,12.7
11001001004,DC,District of Columbia,4480,-0.5362488093788553,1144,77.5,78.2,72.8,91.6,75.0,77.1,3.7,4.3,5.8
51059420201,VA,Fairfax,3732,-0.538305712266914,1145,77.9,75.8,69.0,90.1,74.9,83.9,6.7,5.3,5.3
24031701218,MD,Montgomery,3050,-0.5391239896655082,1146,78.6,69.8,72.1,91.7,78.6,80.7,7.1,4.9,6.5
51043010200,VA,Clarke,3118,-0.5396362588637309,1147,81.0,72.5,73.1,90.1,80.0,79.2,6.9,5.3,9.0
51107610400,VA,Loudoun,4695,-0.5419908426282419,1148,81.3,75.1,71.9,90.9,79.8,77.9,6.0,4.5,10.7
51059422403,VA,Fairfax,3024,-0.5424296638406759,1149,78.5,76.2,69.1,90.6,76.7,81.9,6.7,5.1,5.7
51107610102,VA,Loudoun,3866,-0.545703214819688,1150,80.4,75.5,70.7,90.4,78.0,77.0,5.5,4.6,4.5
51059451100,VA,Fairfax,2314,-0.5463087515287062,1151,78.3,76.5,69.1,90.5,77.8,83.3,8.7,4.9,6.6
51061930206,VA,Fauquier,2220,-0.547502815928326,1152,80.4,72.7,72.0,89.9,79.1,80.4,6.8,5.3,7.6
24033800516,MD,Prince George's,3889,-0.5476125364831992,1153,79.6,68.1,71.3,91.8,76.2,84.9,7.0,7.0,8.3
51107610300,VA,Loudoun,8911,-0.5478472038116984,1154,80.1,79.6,69.4,90.8,76.8,76.4,5.6,4.3,3.9
24031700206,MD,Montgomery,5708,-0.5488151189730424,1155,76.5,77.5,72.3,91.1,74.8,81.1,6.9,4.9,4.0
51059481900,VA,Fairfax,5821,-0.5509542389397175,1156,78.4,75.2,69.8,90.0,77.0,80.8,5.8,4.7,4.2
51059450400,VA,Fairfax,2726,-0.5513495535508367,1157,78.4,77.4,68.9,90.7,77.4,81.6,7.2,4.6,6.0
51153901010,VA,Prince William,4416,-0.5516727962744129,1158,80.2,76.8,69.6,89.8,75.3,80.3,6.4,5.4,3.7
51061930401,VA,Fauquier,7315,-0.5518008855495543,1159,79.0,76.0,70.0,89.9,75.1,81.5,5.6,4.6,5.6
24009860502,MD,Calvert,2843,-0.5520718991903855,1160,79.8,70.8,71.1,90.9,78.3,80.6,5.5,5.1,7.2
24021752502,MD,Frederick,2362,-0.5537660511615556,1161,80.7,69.7,72.3,91.8,79.3,76.8,5.0,4.4,6.6
51153901224,VA,Prince William,4459,-0.5541236704921878,1162,80.6,72.0,71.2,90.3,77.3,81.0,7.9,5.1,5.5
24031701317,MD,Montgomery,4494,-0.5549781693914296,1163,78.3,72.0,72.0,92.1,77.2,79.6,5.4,4.5,6.4
11001009400,DC,District of Columbia,4424,-0.555438156764067,1164,80.2,73.4,73.8,92.4,78.2,78.6,5.9,7.5,7.3
24033800705,MD,Prince George's,4236,-0.5600382709852754,1165,81.7,64.3,73.3,92.5,78.6,84.7,6.9,8.0,12.6
51059415100,VA,Fairfax,3633,-0.5601602390231021,1166,78.1,77.5,70.5,90.5,76.5,82.7,7.6,4.9,6.7
24021750600,MD,Frederick,2756,-0.5604432641702425,1167,79.7,75.1,74.2,89.4,77.1,78.0,4.9,4.8,5.7
24033800403,MD,Prince George's,3952,-0.5610312163839513,1168,79.1,69.5,72.7,92.1,77.0,82.0,6.7,5.9,7.2
51600300500,VA,Fairfax,3560,-0.5611917960124313,1169,79.8,74.5,72.7,89.1,77.9,80.0,6.3,4.7,6.1
51013102903,VA,Arlington,1625,-0.5614637124888784,1170,76.5,79.5,73.2,89.8,68.9,81.8,4.9,4.1,2.8
24033801308,MD,Prince George's,3761,-0.5620453536710524,1171,81.2,64.7,74.7,92.5,79.5,82.8,8.1,7.5,10.3
24017851001,MD,Charles,3507,-0.5620609985511079,1172,81.1,68.8,72.7,91.1,79.4,80.1,6.3,5.9,7.8
24033804200,MD,Prince George's,2980,-0.5623806150628325,1173,78.0,71.4,74.5,91.6,76.0,81.7,7.8,6.0,4.8
24033803516,MD,Prince George's,4887,-0.5627381872983376,1174,80.9,65.2,73.4,92.2,77.3,85.4,7.1,7.8,11.4
51059482601,VA,Fairfax,7321,-0.5636432915669423,1175,78.1,76.5,66.1,90.7,75.6,82.6,5.2,4.1,4.4
51059432100,VA,Fairfax,3573,-0.5637299072777101,1176,78.7,75.7,71.2,90.7,77.1,80.6,6.2,4.6,6.4
24033803514,MD,Prince George's,5436,-0.5645054701435732,1177,79.9,68.9,72.1,91.6,73.4,86.2,6.4,8.3,7.6
51013103601,VA,Arlington,2612,-0.5648735884989695,1178,77.0,79.0,70.7,90.0,71.2,80.9,4.5,3.5,2.6
51107610507,VA,Loudoun,6297,-0.566206921728092,1179,80.9,77.4,68.2,90.9,78.2,76.7,5.3,4.4,3.8
51059421103,VA,Fairfax,5913,-0.5734213474598115,1180,78.8,76.1,69.7,90.7,76.6,82.5,6.3,5.2,6.6
24031701313,MD,Montgomery,3785,-0.5735157310238028,1181,78.1,73.0,72.0,91.7,76.8,82.4,7.4,5.3,6.2
11001000101,DC,District of Columbia,1406,-0.5768355586094422,1182,74.9,80.9,74.4,91.9,70.1,79.0,3.1,3.2,4.3
11001000804,DC,District of Columbia,3832,-0.5771071338018076,1183,77.1,78.8,74.1,91.2,74.3,76.7,3.2,3.8,4.1
51107610703,VA,Loudoun,5364,-0.5777991843170333,1184,80.6,77.2,68.9,90.7,78.1,78.2,5.5,4.5,5.1
51610500200,VA,Falls Church,6692,-0.578002383777834,1185,79.0,77.7,71.0,90.3,74.4,79.7,5.5,4.2,4.0
24017851003,MD,Charles,4438,-0.5785566454277233,1186,79.8,70.6,71.4,91.0,76.9,81.1,5.2,5.3,5.9
24031704805,MD,Montgomery,2679,-0.5817770281658777,1187,77.1,71.9,73.1,91.5,75.7,80.5,5.3,4.2,3.9
24031704200,MD,Montgomery,2122,-0.5824876591348253,1188,77.5,77.1,70.3,92.3,74.7,80.0,5.6,4.2,4.0
51013102802,VA,Arlington,1317,-0.5841584961858554,1189,78.4,75.7,70.4,91.1,73.9,81.0,5.8,3.8,4.1
24033801311,MD,Prince George's,8300,-0.5852332966674728,1190,80.5,66.7,72.6,92.1,76.9,85.0,7.5,7.9,7.9
24033801310,MD,Prince George's,7058,-0.5854163112910489,1191,80.6,66.2,72.8,92.1,77.7,84.9,7.4,7.9,8.6
24033803526,MD,Prince George's,3496,-0.5875124316234088,1192,82.1,63.2,73.9,92.5,78.9,85.3,7.4,9.0,11.2
51013101900,VA,Arlington,3183,-0.5893442014247365,1193,76.8,81.4,72.9,89.0,71.6,81.2,4.0,3.5,4.6
24021752602,MD,Frederick,2729,-0.5910069123297537,1194,80.6,73.1,73.4,91.6,79.6,76.7,6.1,4.5,6.2
24031700101,MD,Montgomery,4570,-0.5924893801385616,1195,78.3,72.5,71.9,92.1,77.6,81.0,6.3,4.6,6.3
11001009000,DC,District of Columbia,4676,-0.5927534991037109,1196,82.2,67.7,75.8,92.6,80.7,83.3,7.2,9.5,13.7
24031700400,MD,Montgomery,2352,-0.5930733489159372,1197,78.2,73.9,73.1,91.9,77.9,79.5,6.8,4.5,5.2
51177020315,VA,Spotsylvania,593,-0.5935861555784453,1198,78.8,74.0,74.0,89.0,77.5,83.4,8.4,6.0,5.0
51179010217,VA,Stafford,5305,-0.5959523761359165,1199,79.9,77.4,71.7,90.3,78.9,79.4,5.5,4.9,7.6
24033800608,MD,Prince George's,8212,-0.597291489555207,1200,80.7,67.7,70.4,92.5,74.4,84.9,6.1,7.8,5.9
24031701312,MD,Montgomery,6458,-0.5978360311218103,1201,77.7,75.4,71.0,91.6,76.3,80.6,6.1,5.0,2.9
51059461500,VA,Fairfax,6940,-0.597999643907455,1202,78.1,79.4,67.4,90.8,75.1,80.8,4.6,3.9,3.4
51013100200,VA,Arlington,6660,-0.5985986432928811,1203,79.7,79.9,69.2,91.5,76.2,77.2,4.7,3.7,4.4
51013100100,VA,Arlington,5125,-0.5990196065613388,1204,79.2,79.1,69.6,91.0,75.5,79.6,5.0,3.7,5.8
51059450701,VA,Fairfax,3055,-0.5992231769789877,1205,78.3,76.5,69.0,90.2,77.5,82.6,6.7,4.6,4.5
24017850600,MD,Charles,4546,-0.6011679007967357,1206,81.4,68.5,71.6,91.3,78.7,81.8,5.9,6.5,7.2
24031702800,MD,Montgomery,5264,-0.6023636753173806,1207,76.0,73.4,74.0,91.7,71.1,83.5,5.0,4.2,4.6
11001001200,DC,District of Columbia,5371,-0.6030061330127341,1208,76.5,80.6,74.0,91.8,72.4,77.6,3.5,4.0,3.0
51059451300,VA,Fairfax,2491,-0.604055797895139,1209,78.4,75.6,71.7,90.2,77.1,81.7,6.3,4.8,5.0
51153901414,VA,Prince William,4936,-0.606281251107976,1210,81.5,76.7,67.0,90.8,78.4,80.3,6.4,4.7,5.6
51061930204,VA,Fauquier,3468,-0.6080079790691258,1211,81.2,74.1,72.4,90.3,80.4,79.9,6.0,5.2,9.1
51059480302,VA,Fairfax,4621,-0.6100591679800109,1212,79.4,79.3,71.0,91.0,78.6,77.9,4.8,3.7,7.2
51059471201,VA,Fairfax,3050,-0.6108201978576728,1213,76.9,77.4,70.8,89.8,73.5,82.7,4.7,3.9,3.2
24031706012,MD,Montgomery,3522,-0.611054821759285,1214,79.9,70.7,71.8,92.0,79.8,80.1,7.7,5.8,3.9
51153901411,VA,Prince William,6810,-0.6111739034528904,1215,81.3,74.5,67.4,90.8,77.7,80.2,5.3,4.5,4.8
24033800409,MD,Prince George's,6678,-0.6124534358747539,1216,80.0,67.1,73.7,92.3,77.3,82.3,6.8,6.4,6.0
51013102100,VA,Arlington,2325,-0.6156126664609939,1217,81.6,72.6,69.5,91.0,81.5,80.0,7.6,5.0,6.2
51059480203,VA,Fairfax,2828,-0.619852034522486,1218,79.1,74.6,69.5,90.5,78.3,81.3,5.5,4.5,4.6
24031701005,MD,Montgomery,3281,-0.627400228154102,1219,78.3,76.8,68.9,92.4,77.1,80.6,5.5,4.2,4.8
24033800701,MD,Prince George's,8802,-0.6295106579299824,1220,80.4,67.0,71.6,92.5,75.0,85.3,6.6,7.4,5.8
51153901235,VA,Prince William,3262,-0.6300347082441088,1221,81.0,77.5,68.4,90.8,75.9,79.5,5.2,4.7,3.3
11001001301,DC,District of Columbia,4160,-0.6343415214146471,1222,77.4,78.5,73.3,92.0,74.3,78.3,3.8,4.4,3.2
51059430801,VA,Fairfax,4629,-0.6349243095094567,1223,78.5,78.1,69.4,90.6,76.8,82.7,6.6,4.7,4.6
51013101000,VA,Arlington,3319,-0.6369611968010587,1224,78.8,79.7,69.7,90.7,74.4,80.7,5.2,4.2,3.2
24031701308,MD,Montgomery,4234,-0.6381917743827814,1225,78.8,73.0,71.8,92.3,78.3,80.7,6.2,4.5,5.7
24031704503,MD,Montgomery,4247,-0.640328105400765,1226,77.7,78.5,67.7,93.0,74.6,79.6,4.5,3.4,2.2
51510201803,VA,Alexandria,2393,-0.6417012701174573,1227,77.0,80.8,73.2,90.3,69.4,81.7,4.2,3.6,2.9
24021751203,MD,Frederick,2424,-0.6429283319265573,1228,82.2,72.3,73.1,92.4,81.7,76.5,6.5,4.5,7.8
24033800607,MD,Prince George's,6200,-0.6434487986957439,1229,82.1,66.6,74.3,92.4,79.4,82.6,7.5,8.6,7.0
51107610800,VA,Loudoun,6657,-0.6486032627051777,1230,81.6,76.8,71.5,91.3,79.7,78.2,5.3,4.4,8.4
24031703602,MD,Montgomery,2928,-0.6486596725937895,1231,77.4,76.4,71.9,92.6,75.1,81.0,5.6,4.1,4.4
11001004100,DC,District of Columbia,2836,-0.6519939680254472,1232,76.7,78.0,75.6,91.8,74.4,77.8,3.6,3.8,3.2
24031701506,MD,Montgomery,5144,-0.6526750014717111,1233,80.0,70.7,72.9,92.4,79.2,81.1,7.4,5.7,5.4
51510201500,VA,Alexandria,3835,-0.6535445260964012,1234,79.9,76.4,72.4,91.5,76.4,77.7,4.8,3.7,4.1
51059416300,VA,Fairfax,2025,-0.6550070473421618,1235,79.7,76.1,71.3,91.2,79.3,80.6,5.9,4.5,7.0
51013101503,VA,Arlington,1793,-0.6563874291043565,1236,77.7,79.6,74.4,90.0,73.7,78.8,4.4,3.3,2.4
11001006700,DC,District of Columbia,3927,-0.657013297689308,1237,75.5,81.9,74.4,92.5,70.4,78.7,2.9,3.2,2.8
11001000502,DC,District of Columbia,3418,-0.659129207432077,1238,76.1,77.5,76.1,92.1,72.5,78.8,3.7,3.7,2.6
11001000400,DC,District of Columbia,1643,-0.6603018384484701,1239,77.6,80.0,75.8,91.7,76.1,76.9,4.8,4.6,3.1
51059415500,VA,Fairfax,6306,-0.6608213798330096,1240,80.8,74.0,68.6,91.5,80.1,81.9,6.2,5.3,6.4
24033801006,MD,Prince George's,3930,-0.6663925035848911,1241,81.0,65.4,72.6,92.2,77.3,85.4,7.1,8.1,5.2
51061930306,VA,Fauquier,2900,-0.666811731485066,1242,79.9,76.1,71.8,90.0,77.7,82.1,5.9,4.5,6.5
24009860103,MD,Calvert,6290,-0.6681426250183674,1243,80.5,71.3,71.4,91.5,78.6,81.1,5.4,4.6,6.0
24031700103,MD,Montgomery,5492,-0.6703150254312902,1244,78.3,73.9,73.1,92.0,77.7,81.5,6.2,4.5,5.5
51510201900,VA,Alexandria,1798,-0.6710244148279088,1245,77.9,79.5,73.1,90.0,72.6,81.9,4.5,4.0,3.8
24017851403,MD,Charles,1847,-0.6736942884603647,1246,81.7,68.3,72.1,91.7,79.9,82.1,6.0,6.3,6.8
51630000100,VA,Fredericksburg,3175,-0.6769359747767772,1247,79.0,77.0,74.5,88.9,76.9,82.0,5.4,4.7,5.5
51059482603,VA,Fairfax,3501,-0.6781041553977762,1248,79.8,76.9,65.2,91.6,78.1,81.5,4.6,3.8,3.6
24031701212,MD,Montgomery,2723,-0.6824239587336485,1249,78.5,72.6,74.0,92.5,77.9,80.4,6.2,4.2,4.9
51061930102,VA,Fauquier,2744,-0.6837991706245643,1250,80.8,75.6,72.2,90.3,79.9,80.6,7.3,5.0,4.9
51013100300,VA,Arlington,6199,-0.6838302590310475,1251,80.8,79.6,71.2,91.3,78.2,77.3,4.2,3.7,6.0
51059482604,VA,Fairfax,4210,-0.6843920370585806,1252,79.4,80.1,64.9,91.1,77.6,81.4,4.2,4.0,3.0
51013101100,VA,Arlington,5948,-0.6850003694884553,1253,78.0,79.9,72.4,90.5,73.0,81.0,4.3,3.5,3.3
51059452802,VA,Fairfax,3030,-0.6850569418677451,1254,81.1,72.4,70.7,91.3,80.6,81.6,6.5,5.8,5.5
24031703208,MD,Montgomery,5425,-0.6858831837899186,1255,78.2,73.8,75.4,92.0,77.8,80.9,6.5,4.6,5.5
51059415700,VA,Fairfax,4187,-0.689888117387888,1256,78.9,82.8,69.1,91.9,76.3,82.9,4.3,3.5,11.2
51059432402,VA,Fairfax,5100,-0.6899664987690378,1257,79.3,77.4,71.1,91.6,77.4,80.8,4.8,3.9,6.5
51510201802,VA,Alexandria,2084,-0.6925236921269229,1258,82.4,73.5,74.0,91.5,80.6,78.4,5.4,5.4,8.1
51059431802,VA,Fairfax,3259,-0.6937128285408827,1259,79.1,77.9,67.9,91.0,77.9,83.3,6.3,4.4,4.3
51059482204,VA,Fairfax,1975,-0.6973255695885019,1260,78.0,76.6,74.2,90.2,76.6,80.8,5.1,4.0,3.3
24031701409,MD,Montgomery,4361,-0.6986233123996297,1261,79.4,71.7,74.0,92.2,79.0,81.1,6.6,5.2,4.9
51043010102,VA,Clarke,4170,-0.6991822576574585,1262,80.6,74.2,76.0,89.9,79.6,82.5,6.3,5.1,10.2
51059471304,VA,Fairfax,2073,-0.699811748658456,1263,78.9,76.5,71.2,91.5,76.5,80.8,4.6,3.8,4.3
51059482503,VA,Fairfax,4832,-0.7003384748925326,1264,78.6,78.8,67.2,91.4,75.8,81.9,4.0,3.6,3.0
51059482203,VA,Fairfax,4695,-0.7004814639039325,1265,78.1,78.6,72.5,90.8,76.1,81.1,4.6,3.8,4.6
51107610900,VA,Loudoun,2404,-0.7050247063763252,1266,82.5,75.3,72.6,91.5,81.4,78.8,6.3,5.0,8.2
24031704804,MD,Montgomery,1886,-0.7060895490871655,1267,76.3,77.0,74.9,91.5,73.8,81.7,4.6,3.7,3.1
24031700617,MD,Montgomery,2546,-0.7083051393760279,1268,79.1,75.5,68.4,93.1,77.6,81.5,4.6,3.7,5.5
51179010307,VA,Stafford,8635,-0.7128881023197183,1269,80.4,75.1,73.8,90.2,79.4,81.4,6.3,5.5,5.3
51061930402,VA,Fauquier,6027,-0.7131320052427941,1270,79.5,78.2,73.6,90.1,76.9,81.4,5.3,4.2,6.0
24031701316,MD,Montgomery,6480,-0.7147155118773043,1271,79.5,74.0,73.3,92.5,79.3,80.7,6.3,4.7,6.0
51059460702,VA,Fairfax,4649,-0.7185993851680996,1272,79.1,80.0,68.4,91.4,77.2,82.1,4.8,4.1,4.9
51510200407,VA,Alexandria,3921,-0.7194485866046705,1273,81.2,71.9,72.9,90.8,78.8,83.1,7.3,5.9,5.1
24031700723,MD,Montgomery,3756,-0.7197620236275278,1274,83.6,64.1,74.7,93.3,84.9,80.8,10.9,5.7,8.0
24031702102,MD,Montgomery,3406,-0.7234388265585004,1275,76.9,75.6,72.5,92.6,73.4,82.2,4.6,3.5,2.4
11001000600,DC,District of Columbia,4676,-0.7240344409148611,1276,77.7,78.7,74.3,92.8,74.7,78.6,3.6,3.6,3.8
24031700718,MD,Montgomery,5487,-0.7253687005650716,1277,79.0,74.0,73.5,92.1,77.9,81.3,5.8,4.8,4.4
51107611202,VA,Loudoun,4735,-0.7268160601046465,1278,81.4,79.6,67.5,91.5,79.0,79.6,5.2,3.9,4.5
51059480504,VA,Fairfax,2017,-0.7284064107534941,1279,78.4,77.2,71.3,91.4,75.8,81.7,4.6,3.8,3.3
11001002600,DC,District of Columbia,2592,-0.731128785109546,1280,79.2,76.2,73.6,93.3,77.2,79.2,4.8,4.9,4.6
51059460800,VA,Fairfax,3162,-0.7332871391014203,1281,79.5,77.0,68.8,91.4,78.3,81.6,4.9,3.9,3.7
51061930203,VA,Fauquier,2703,-0.7351974303518575,1282,81.7,75.2,75.0,90.9,81.2,79.1,6.9,5.0,6.5
51059460600,VA,Fairfax,4173,-0.7389981994497954,1283,79.1,79.3,67.3,91.5,77.5,82.0,4.7,3.7,3.2
51059420203,VA,Fairfax,2718,-0.739951655344515,1284,78.9,79.4,71.1,91.3,76.5,82.0,5.2,4.3,4.3
51059440501,VA,Fairfax,5006,-0.7407943138392823,1285,79.6,78.1,71.0,91.1,79.1,80.9,5.5,4.0,4.7
51059431500,VA,Fairfax,5733,-0.7410008631663562,1286,79.6,77.2,70.3,91.8,77.7,81.5,5.4,4.1,4.3
11001009509,DC,District of Columbia,3194,-0.741241229060197,1287,80.2,70.0,75.9,92.6,77.8,82.6,5.5,6.8,6.2
51059481400,VA,Fairfax,6647,-0.7485669530793927,1288,79.5,76.6,70.2,91.3,78.6,81.7,5.4,4.1,3.6
11001000102,DC,District of Columbia,3417,-0.748915998028997,1289,77.8,81.3,76.2,93.0,75.4,75.3,3.3,3.2,2.5
51059450900,VA,Fairfax,1704,-0.7532772583268001,1290,78.7,77.8,71.5,91.1,77.8,82.7,6.3,4.1,3.8
51059480502,VA,Fairfax,5763,-0.7582151787479638,1291,78.7,77.4,72.5,91.3,76.7,80.6,4.6,3.9,2.3
11001002302,DC,District of Columbia,1762,-0.7594656335097145,1292,82.5,70.9,74.3,93.0,82.4,79.6,6.7,6.7,6.4
24031704300,MD,Montgomery,4088,-0.7636236782448996,1293,77.9,79.3,70.8,93.0,75.1,81.6,4.2,3.4,4.2
24033803528,MD,Prince George's,7396,-0.7659448745482216,1294,82.7,67.1,74.7,92.8,80.0,85.9,7.0,8.2,10.4
24031701220,MD,Montgomery,3970,-0.7665041882709621,1295,79.4,75.9,70.0,93.1,78.4,79.5,4.0,3.3,3.5
24031700610,MD,Montgomery,1938,-0.7684819616000634,1296,78.7,72.5,73.5,92.9,77.6,81.9,5.3,3.7,4.9
51059440800,VA,Fairfax,6397,-0.7703677807202739,1297,80.5,76.2,70.4,91.8,80.1,81.0,5.2,3.8,5.7
51059482303,VA,Fairfax,3617,-0.7744261470985024,1298,78.9,78.1,72.1,91.7,77.1,81.4,4.4,3.6,4.8
24033800514,MD,Prince George's,6586,-0.774447203484498,1299,81.0,70.0,71.8,92.9,76.7,85.8,5.7,6.8,6.3
24031700826,MD,Montgomery,5822,-0.7747889627077742,1300,78.2,77.8,68.1,93.3,75.3,81.9,3.9,3.1,2.3
51059491000,VA,Fairfax,2206,-0.775042335630742,1301,79.5,79.4,70.8,91.2,78.5,80.3,4.5,4.0,3.1
24031700618,MD,Montgomery,5093,-0.7764371074171805,1302,79.4,74.5,68.9,93.2,78.0,81.0,4.1,3.4,3.1
51059422201,VA,Fairfax,4071,-0.7765680812907174,1303,80.0,76.8,70.0,90.8,79.0,83.3,5.4,4.9,4.1
51059440702,VA,Fairfax,5397,-0.7787502036275292,1304,80.2,77.9,69.4,92.1,79.2,80.3,4.6,3.6,4.2
51510200801,VA,Alexandria,2701,-0.7798526590618713,1305,80.4,78.5,71.5,91.5,77.5,82.6,5.9,4.1,6.4
24031701314,MD,Montgomery,2885,-0.7807456360875373,1306,77.9,75.8,72.8,92.2,76.0,83.3,6.0,4.5,2.2
51059440100,VA,Fairfax,7503,-0.7848530374392397,1307,79.6,77.0,70.2,91.0,78.8,83.3,5.5,4.3,4.2
24031700824,MD,Montgomery,2872,-0.7882649942542841,1308,77.7,77.0,72.3,92.7,74.7,83.0,4.2,3.5,4.2
51059482502,VA,Fairfax,3090,-0.7888370608609022,1309,78.7,78.7,68.7,91.7,75.6,83.2,4.2,3.6,2.5
51059432500,VA,Fairfax,5758,-0.7894231082981527,1310,79.6,80.5,70.8,92.0,77.6,80.7,4.5,3.7,4.8
51059480503,VA,Fairfax,3259,-0.7922315871612889,1311,78.1,81.1,72.7,91.1,75.7,82.0,4.5,3.7,3.6
51059431900,VA,Fairfax,3173,-0.7930943249775149,1312,79.9,78.0,70.9,91.7,78.9,81.0,5.4,3.9,3.6
24031702401,MD,Montgomery,2722,-0.7934531375727527,1313,78.3,78.2,73.6,92.7,76.2,82.9,5.9,4.6,4.8
51059491502,VA,Fairfax,7014,-0.7961471899844001,1314,79.8,77.4,67.2,91.7,78.2,82.4,3.8,3.5,3.1
11001001500,DC,District of Columbia,6156,-0.7965835767767044,1315,80.6,82.7,69.7,94.3,78.7,75.2,3.8,3.4,2.8
24031700608,MD,Montgomery,5800,-0.7972170733074939,1316,79.6,75.4,70.8,93.0,79.0,81.6,4.3,3.6,6.0
51059460400,VA,Fairfax,5134,-0.7985054623732434,1317,79.5,78.8,68.8,91.4,78.2,83.0,4.5,3.7,4.5
51059461000,VA,Fairfax,2530,-0.7985508216332176,1318,79.8,79.7,69.8,92.0,77.8,82.4,4.2,3.5,6.8
24031701407,MD,Montgomery,5578,-0.800396231862958,1319,79.7,73.2,74.9,92.7,79.0,82.1,6.5,5.0,5.0
24009860200,MD,Calvert,6280,-0.8020010478784414,1320,80.5,75.0,72.4,91.7,78.2,82.6,4.9,4.6,5.6
51013103000,VA,Arlington,3390,-0.8021961494874982,1321,77.8,79.6,75.3,91.2,71.7,82.2,4.3,3.3,2.2
51059482301,VA,Fairfax,5387,-0.8034966836188219,1322,77.9,80.1,72.6,90.7,75.4,83.2,4.9,3.9,2.4
11001000902,DC,District of Columbia,2317,-0.8036293452129845,1323,78.7,82.1,74.4,93.6,75.5,77.5,3.2,3.3,4.6
24031700615,MD,Montgomery,2895,-0.8052650722802037,1324,78.6,76.7,70.9,92.9,77.0,82.4,4.8,3.9,3.3
24033800521,MD,Prince George's,7885,-0.8062827494193566,1325,84.2,68.7,75.0,93.9,82.2,83.9,6.6,7.4,14.0
51059461100,VA,Fairfax,7442,-0.8064566955035075,1326,79.4,77.9,71.5,91.5,78.0,81.5,5.1,3.7,3.0
51059490502,VA,Fairfax,6585,-0.8070900378333363,1327,80.0,78.0,70.4,91.6,79.2,81.5,4.6,3.8,4.5
51059481105,VA,Fairfax,5332,-0.8095498637430422,1328,79.1,79.3,68.8,91.6,76.5,82.5,3.9,3.5,2.5
51510201000,VA,Alexandria,2831,-0.8102970311045022,1329,78.6,80.3,73.8,91.0,72.7,83.0,4.4,3.8,3.1
51059415200,VA,Fairfax,3218,-0.810308248967459,1330,79.1,78.5,72.0,91.5,76.8,83.1,4.8,4.2,4.5
24031704501,MD,Montgomery,3742,-0.8104164120043621,1331,78.7,76.3,72.9,93.5,76.8,81.1,4.5,3.3,4.8
24021750802,MD,Frederick,6055,-0.8145927779404522,1332,82.1,73.1,74.1,92.6,80.3,78.6,5.4,4.4,4.5
24031703216,MD,Montgomery,3889,-0.8159961226249383,1333,86.8,63.1,77.2,94.6,87.8,80.1,10.1,7.4,12.5
11001001100,DC,District of Columbia,5300,-0.8161029528198016,1334,79.5,79.8,73.0,93.3,77.7,77.9,3.3,3.7,3.9
51059432300,VA,Fairfax,5127,-0.817843245714718,1335,79.8,77.8,71.7,91.6,78.9,81.8,5.6,4.1,3.6
51153901219,VA,Prince William,5662,-0.8186650289941485,1336,82.0,78.4,72.1,91.5,79.2,79.6,5.1,4.3,4.7
51059491405,VA,Fairfax,2761,-0.8205101402208393,1337,79.2,79.6,70.0,91.7,77.1,82.2,4.2,3.5,3.4
51059432701,VA,Fairfax,3132,-0.8212050932498379,1338,79.4,78.9,73.4,91.4,78.0,82.2,5.7,4.3,4.4
51059440505,VA,Fairfax,1346,-0.8247091932790572,1339,80.3,76.1,69.9,91.9,79.3,81.6,4.3,3.8,3.5
51059471000,VA,Fairfax,2247,-0.825038705050861,1340,78.6,80.8,69.3,91.9,75.6,82.9,3.9,3.2,3.1
24031701304,MD,Montgomery,6045,-0.8274774627926356,1341,78.7,76.4,74.2,92.5,77.9,82.0,5.6,4.2,3.8
51059415800,VA,Fairfax,5047,-0.8298996045544099,1342,79.5,80.3,69.3,91.9,77.6,82.8,4.4,3.7,4.4
51059481106,VA,Fairfax,5362,-0.830142950212853,1343,79.2,80.9,72.0,91.6,77.4,81.4,4.3,3.6,4.3
51059491101,VA,Fairfax,3765,-0.8305750861832293,1344,78.8,79.3,71.4,91.1,77.4,82.7,4.6,3.8,2.8
24033803520,MD,Prince George's,4351,-0.8365847206124132,1345,83.1,67.9,77.8,93.1,81.6,84.4,7.1,7.3,11.7
51059460501,VA,Fairfax,2691,-0.8369484807156704,1346,80.1,78.8,70.9,91.9,79.2,81.6,4.3,3.4,5.7
11001001003,DC,District of Columbia,3111,-0.8377620009096683,1347,79.1,82.6,73.9,93.7,76.1,78.1,3.1,3.4,5.0
24031704600,MD,Montgomery,5255,-0.8424792022336847,1348,78.1,78.8,71.7,93.0,76.0,82.2,4.5,3.3,2.8
51059415900,VA,Fairfax,3216,-0.8427506812192667,1349,80.2,78.1,70.5,92.0,79.5,82.8,5.3,3.9,5.4
51059491403,VA,Fairfax,3711,-0.8442302924917346,1350,78.8,80.8,71.5,91.3,76.6,82.7,4.5,3.7,3.0
24031700616,MD,Montgomery,4573,-0.8496649896268489,1351,79.0,76.6,71.5,93.1,77.4,81.6,4.4,3.5,2.6
51153900100,VA,Prince William,3271,-0.8540897806511246,1352,82.7,75.5,73.4,92.1,80.1,80.0,6.1,4.6,4.6
51059432600,VA,Fairfax,4967,-0.8552651731015124,1353,79.3,80.3,71.0,91.9,76.8,82.7,4.4,3.7,3.7
51107611017,VA,Loudoun,3397,-0.8567707376353891,1354,83.5,77.6,71.6,92.3,82.6,78.9,5.9,4.2,6.6
51059480501,VA,Fairfax,3537,-0.8569799083825027,1355,79.1,79.7,70.8,91.4,77.3,83.3,4.3,3.6,3.6
51059421200,VA,Fairfax,2024,-0.858874279960085,1356,79.5,79.3,71.5,91.7,77.9,82.8,4.8,3.8,4.0
24033803521,MD,Prince George's,7592,-0.8607910008733346,1357,82.5,69.0,74.2,93.3,78.9,85.2,6.2,6.7,7.5
24031705701,MD,Montgomery,4652,-0.8623314745660262,1358,78.2,79.0,73.6,92.5,76.3,82.2,4.8,3.6,2.8
51510200705,VA,Alexandria,2597,-0.8627770299150573,1359,78.8,78.1,75.0,90.7,74.6,83.2,4.3,3.6,2.6
11001001401,DC,District of Columbia,3258,-0.8644790983872702,1360,78.3,82.2,74.7,93.5,74.6,78.7,3.0,3.4,2.4
24031701306,MD,Montgomery,3000,-0.8711217810937057,1361,78.6,77.3,73.8,93.0,77.4,82.4,4.8,3.6,4.3
24031700828,MD,Montgomery,2258,-0.8763600572047322,1362,79.0,78.9,70.8,92.9,77.5,82.0,4.0,3.5,2.8
51059460900,VA,Fairfax,2631,-0.8790519644239514,1363,79.9,81.1,69.4,91.9,78.5,83.4,4.6,3.6,4.9
24031705601,MD,Montgomery,3057,-0.8806698649159759,1364,78.7,79.0,71.0,93.6,76.0,82.2,3.9,3.0,3.3
24031704404,MD,Montgomery,5733,-0.8809118132627594,1365,79.3,76.9,71.6,93.2,78.0,83.1,4.8,3.5,4.6
24031700604,MD,Montgomery,6725,-0.8815111373855907,1366,79.0,77.8,74.8,93.1,77.7,80.4,4.5,3.5,3.3
51059482504,VA,Fairfax,5277,-0.8821091044131725,1367,79.8,79.1,69.3,92.1,77.8,82.1,3.7,3.2,2.3
51059460100,VA,Fairfax,4544,-0.8861763990868723,1368,80.8,79.0,68.0,92.2,80.0,82.4,4.2,3.7,3.7
51107611018,VA,Loudoun,4004,-0.8864855798030624,1369,86.4,77.1,71.0,93.0,86.6,79.1,8.0,4.7,11.0
51153901012,VA,Prince William,3721,-0.8865019891656225,1370,85.1,71.1,75.3,92.0,84.2,79.2,7.1,5.6,5.9
24033801309,MD,Prince George's,3605,-0.8871725540244243,1371,82.1,71.0,73.8,93.4,80.7,84.5,6.6,6.4,6.8
51013103700,VA,Arlington,2626,-0.8888733024483573,1372,80.4,80.7,74.2,92.1,77.5,79.9,4.3,3.3,4.3
51059480401,VA,Fairfax,4717,-0.8945579753072226,1373,80.3,80.7,70.0,92.6,78.6,79.7,3.3,2.9,2.5
51059470900,VA,Fairfax,7993,-0.8959291122500718,1374,80.9,80.2,68.1,92.4,79.9,82.4,4.4,3.5,4.5
51059432401,VA,Fairfax,3615,-0.9014848282632685,1375,79.8,79.4,70.4,91.9,78.4,83.0,4.7,3.7,2.6
51059470800,VA,Fairfax,3255,-0.9063587030188422,1376,80.9,81.5,68.3,93.0,79.3,81.0,3.9,3.2,4.0
51059482206,VA,Fairfax,1154,-0.9080088035817925,1377,83.2,73.3,71.5,92.5,84.4,82.2,6.0,4.6,7.6
11001011002,DC,District of Columbia,1859,-0.9091923475821893,1378,80.1,77.3,76.4,93.9,78.9,79.4,3.8,4.1,5.7
51059415402,VA,Fairfax,2801,-0.910896950991777,1379,81.2,77.0,72.2,92.4,80.8,82.8,5.7,4.4,5.4
51510200404,VA,Alexandria,3694,-0.9113709011751749,1380,80.1,81.7,71.0,92.4,74.8,82.7,3.8,3.4,3.2
51059440701,VA,Fairfax,2895,-0.9120619783234586,1381,80.1,78.4,72.2,91.8,79.2,82.3,4.7,3.7,3.2
24031706010,MD,Montgomery,3147,-0.9139535667805316,1382,80.0,75.8,71.0,93.6,78.5,83.2,4.6,3.7,4.0
51059481201,VA,Fairfax,1156,-0.9207905493059708,1383,79.7,77.9,73.8,91.4,78.5,82.9,4.6,3.8,3.2
24031704401,MD,Montgomery,3664,-0.9309545738379664,1384,79.7,77.2,73.0,93.8,78.0,81.6,4.3,3.4,3.5
51059492203,VA,Fairfax,4014,-0.9321032092531496,1385,80.0,79.9,73.6,92.0,78.3,81.6,4.2,3.7,3.3
51059430101,VA,Fairfax,4718,-0.9325425085452357,1386,79.7,80.1,71.4,91.7,78.5,83.2,4.5,3.6,2.8
24031701205,MD,Montgomery,7090,-0.9345082714062214,1387,78.9,79.4,73.7,93.3,77.0,82.3,4.3,3.3,3.7
51059482001,VA,Fairfax,4874,-0.9352771033936212,1388,79.4,81.1,72.7,91.9,77.4,82.3,3.9,3.4,2.9
24031701425,MD,Montgomery,3717,-0.937436978282749,1389,84.8,72.4,73.7,94.3,84.3,81.0,7.6,5.6,8.2
24031701206,MD,Montgomery,6579,-0.9385455964010038,1390,79.2,78.2,72.2,93.3,78.0,82.3,4.6,3.4,2.1
51510202002,VA,Alexandria,2430,-0.9387073252025933,1391,79.4,81.5,76.7,90.7,76.2,83.4,4.5,3.7,5.0
24033800522,MD,Prince George's,3841,-0.9528363788331183,1392,82.3,70.9,75.7,93.4,78.2,86.2,5.3,6.9,7.2
11001009901,DC,District of Columbia,2364,-0.9550974199092153,1393,83.7,73.9,75.3,94.2,81.7,82.1,4.5,6.9,9.1
51059470700,VA,Fairfax,5753,-0.9561051627887007,1394,80.2,81.4,68.9,92.3,78.5,83.4,3.8,3.3,3.1
24031701222,MD,Montgomery,3784,-0.9584156699624065,1395,79.8,77.0,74.3,93.3,78.8,82.6,4.7,3.6,4.4
51059440300,VA,Fairfax,2765,-0.9585213217292237,1396,80.5,80.1,73.4,92.2,79.6,81.2,4.5,3.6,3.3
51610500100,VA,Falls Church,3529,-0.9647276732284905,1397,81.7,80.5,73.7,92.0,79.0,80.2,4.2,3.5,3.5
24033800518,MD,Prince George's,4176,-0.9678688059021945,1398,82.7,70.7,73.4,93.4,79.7,86.0,5.5,6.7,5.6
51059482400,VA,Fairfax,2344,-0.9704350991486987,1399,80.1,81.2,72.2,92.3,78.6,81.7,3.7,3.2,3.0
24031701002,MD,Montgomery,4089,-0.976347227798378,1400,80.2,77.0,75.2,93.4,79.6,80.9,5.2,3.7,2.4
51059482002,VA,Fairfax,3545,-0.9793060236383277,1401,79.4,80.9,73.6,91.7,77.7,83.1,4.1,3.6,2.3
24033800517,MD,Prince George's,5622,-0.9803798104761164,1402,82.5,72.1,77.0,93.1,79.9,85.4,6.0,7.2,6.7
51510200900,VA,Alexandria,5078,-0.9811689283969619,1403,80.5,80.8,72.0,92.3,76.7,83.2,3.8,3.1,3.6
24031706009,MD,Montgomery,5569,-0.9840101538892845,1404,80.5,77.5,73.4,93.9,79.5,81.1,3.9,3.2,4.1
24031706013,MD,Montgomery,2980,-0.9902314278365841,1405,80.4,78.5,72.2,93.9,79.2,82.4,4.0,3.2,4.8
51059492202,VA,Fairfax,6831,-0.992403480989959,1406,80.3,81.3,72.9,92.3,78.5,82.4,3.8,3.5,3.6
51059492500,VA,Fairfax,4139,-0.9994980918112331,1407,80.2,80.5,74.2,91.9,79.5,82.5,4.3,3.5,3.8
24033801307,MD,Prince George's,3755,-1.0024964817174369,1408,83.1,66.1,77.8,93.5,82.7,85.0,7.7,6.7,5.0
51059416100,VA,Fairfax,4129,-1.009886005774935,1409,81.2,79.5,73.8,92.5,80.5,83.1,4.6,3.9,5.9
24031706011,MD,Montgomery,5578,-1.0099025515746747,1410,81.0,79.5,71.5,94.0,80.3,81.0,4.1,3.0,3.6
24031701303,MD,Montgomery,3789,-1.0107679334292181,1411,80.1,77.2,74.7,93.7,79.4,82.1,4.6,3.4,3.5
24031705800,MD,Montgomery,6489,-1.0149245874350474,1412,79.6,78.6,74.5,93.8,77.8,81.9,3.9,3.1,2.7
24031701006,MD,Montgomery,5550,-1.0153367449495343,1413,81.0,78.7,71.7,94.0,80.6,82.0,4.4,3.2,4.4
24031705502,MD,Montgomery,4097,-1.0208871609699257,1414,80.5,77.5,73.8,93.7,79.7,82.4,4.3,3.4,4.0
51059470600,VA,Fairfax,2849,-1.021469930528892,1415,82.0,79.3,70.8,92.4,82.4,83.3,5.5,4.0,4.1
11001001402,DC,District of Columbia,3514,-1.0226353995170343,1416,80.2,80.9,74.9,94.1,78.9,79.8,3.3,3.3,3.4
24031701507,MD,Montgomery,5133,-1.0283618717250171,1417,81.5,75.0,75.9,93.7,81.2,82.5,5.6,4.3,4.8
51059492201,VA,Fairfax,3097,-1.0308339367739994,1418,80.9,78.6,72.5,92.3,80.3,83.6,4.5,3.6,3.3
51059480301,VA,Fairfax,3145,-1.031103942600453,1419,81.2,82.4,71.4,92.8,80.1,81.3,3.5,3.0,3.6
24031704100,MD,Montgomery,4844,-1.0338696466379178,1420,79.8,79.6,75.0,93.6,78.7,81.6,4.2,3.2,2.7
24031704502,MD,Montgomery,2786,-1.0360386756635718,1421,79.9,79.3,72.1,93.9,78.1,82.7,3.5,3.0,2.4
51013100400,VA,Arlington,3780,-1.037184062797294,1422,81.4,81.8,74.7,92.7,78.8,81.3,3.9,3.0,5.0
51059492100,VA,Fairfax,6592,-1.0390300491194833,1423,80.9,80.8,74.2,92.1,80.5,82.4,4.4,3.7,3.8
51059470500,VA,Fairfax,5717,-1.0460117114748793,1424,81.3,80.0,70.1,92.6,80.4,83.5,4.0,3.3,2.9
51059480402,VA,Fairfax,6028,-1.0465437848835504,1425,80.7,79.9,71.7,92.4,79.6,83.6,3.7,3.2,3.1
51510201805,VA,Alexandria,3383,-1.0512860856731017,1426,81.6,76.9,77.2,91.9,79.9,83.2,4.8,4.0,4.8
51059481701,VA,Fairfax,6196,-1.05183450279483,1427,80.4,81.0,72.2,92.6,78.9,83.0,3.6,3.0,2.6
51059480100,VA,Fairfax,4399,-1.0548613274349912,1428,81.1,81.4,73.2,92.6,80.2,81.4,3.6,3.1,3.2
51059460300,VA,Fairfax,2896,-1.054965580250272,1429,80.4,81.7,72.7,92.8,78.6,82.7,3.4,2.9,3.3
24031701202,MD,Montgomery,2785,-1.0578522911697579,1430,79.4,79.1,75.4,93.8,77.7,82.5,4.0,3.0,2.4
24009860901,MD,Calvert,4739,-1.0652831309784225,1431,83.8,75.5,73.3,93.3,83.3,81.8,5.1,4.4,4.8
24031702900,MD,Montgomery,5439,-1.0668406969187993,1432,79.6,79.1,75.8,93.8,77.5,82.9,4.2,3.5,2.3
24031705903,MD,Montgomery,4616,-1.0707795993110516,1433,80.3,81.1,73.2,94.0,78.8,81.6,3.6,2.9,2.5
51061930304,VA,Fauquier,2564,-1.0725146134655814,1434,82.6,79.2,77.3,92.1,81.6,80.7,4.7,3.7,5.0
24031701210,MD,Montgomery,3977,-1.0778625950851104,1435,80.8,79.5,73.1,94.3,79.6,81.6,3.8,2.8,3.0
24031705902,MD,Montgomery,4402,-1.0790876739778807,1436,80.3,78.9,73.5,94.2,78.7,83.0,3.6,2.8,3.8
11001000904,DC,District of Columbia,3148,-1.079663087338336,1437,81.6,82.3,75.8,94.8,79.7,77.0,2.6,2.8,3.2
51059470300,VA,Fairfax,3418,-1.0805255973395265,1438,81.2,82.2,71.6,92.9,80.1,82.2,3.9,3.1,2.3
51059460200,VA,Fairfax,3970,-1.0811601532039365,1439,80.9,82.5,72.0,92.7,79.5,83.2,3.7,3.2,3.3
51059470400,VA,Fairfax,4994,-1.0849046338137183,1440,81.1,82.9,71.8,92.9,79.9,82.5,3.7,3.1,3.1
24031706008,MD,Montgomery,5301,-1.0881616137205485,1441,80.8,79.7,73.8,94.2,79.8,80.7,3.4,2.7,2.4
51059492000,VA,Fairfax,6550,-1.0897864019523538,1442,80.9,81.8,74.9,92.7,79.9,82.4,3.8,3.1,4.5
24031705100,MD,Montgomery,5665,-1.0907678558343152,1443,80.3,78.7,76.0,93.7,79.3,82.3,4.2,3.3,2.9
24031705901,MD,Montgomery,4501,-1.094971827860142,1444,81.4,78.4,72.9,94.2,80.7,81.5,4.0,3.0,2.4
24031704403,MD,Montgomery,1622,-1.0960054906579826,1445,81.5,75.5,76.1,94.4,81.1,81.3,4.9,3.4,2.9
24031705200,MD,Montgomery,3344,-1.0980819102953754,1446,79.9,80.8,75.8,93.6,78.6,82.2,3.8,3.1,2.7
51059481500,VA,Fairfax,2289,-1.1059182935330054,1447,81.4,79.9,73.1,93.1,80.6,83.3,4.0,3.2,3.9
24031706007,MD,Montgomery,7270,-1.1085821237323084,1448,81.1,79.4,73.0,94.0,80.7,82.0,4.1,3.1,2.2
11001001600,DC,District of Columbia,4471,-1.116492807931581,1449,82.9,78.7,76.5,94.7,81.3,80.3,4.0,5.1,4.2
24031705602,MD,Montgomery,4965,-1.1184401576481795,1450,82.0,75.7,77.2,93.7,82.6,81.5,5.5,3.8,3.2
24031705400,MD,Montgomery,2904,-1.1202882975930786,1451,80.1,77.7,75.0,94.1,78.5,83.0,3.5,2.8,2.0
51059461201,VA,Fairfax,4633,-1.123920226564768,1452,81.1,80.8,73.0,93.0,79.6,83.7,3.5,3.0,3.4
51510200202,VA,Alexandria,1698,-1.1311915161470385,1453,82.3,82.1,75.2,93.1,79.3,80.9,3.6,3.0,3.2
24031704700,MD,Montgomery,3816,-1.1362653852904658,1454,79.6,79.5,77.3,93.6,78.5,83.3,3.8,2.9,3.1
24031705702,MD,Montgomery,4565,-1.1391093380186934,1455,81.0,80.1,75.2,94.4,80.0,81.3,3.9,2.8,2.7
51059451200,VA,Fairfax,1721,-1.150031058782853,1456,81.2,80.9,75.8,93.0,80.6,83.3,4.8,3.3,3.6
51059481600,VA,Fairfax,3480,-1.1672876972942166,1457,81.1,82.4,73.9,93.0,79.6,83.6,3.7,3.1,2.6
51059470100,VA,Fairfax,2769,-1.1751176660613885,1458,81.6,82.8,71.8,93.2,80.6,83.3,3.5,2.8,2.4
51107611016,VA,Loudoun,4140,-1.1904816553354165,1459,85.3,79.8,76.2,93.9,84.5,80.0,5.0,3.4,7.1
51059480201,VA,Fairfax,4646,-1.1984466286333695,1460,81.4,83.0,72.4,92.9,80.4,84.1,3.5,2.9,2.2
24031706005,MD,Montgomery,4664,-1.2045813767704265,1461,81.4,79.8,74.5,94.1,80.9,83.3,4.2,3.1,2.1
11001980000,DC,District of Columbia,176,-1.2096794051434272,1462,82.5,79.2,77.3,95.3,77.7,83.7,2.9,5.0,4.9
51510202001,VA,Alexandria,2379,-1.232344290827059,1463,82.0,83.8,76.0,93.2,79.4,82.5,3.5,2.8,2.8
51059415600,VA,Fairfax,2754,-1.2568798287321434,1464,81.6,81.8,75.5,93.7,80.3,83.3,3.3,2.8,2.3
11001000703,DC,District of Columbia,3022,-1.2804114629174002,1465,82.5,83.6,79.4,94.9,81.8,80.1,3.7,3.0,4.9
51059420501,VA,Fairfax,980,-1.2835062319848463,1466,84.1,77.9,79.3,93.5,84.6,82.5,5.7,3.9,4.7
51153901511,VA,Prince William,4691,-1.3247557085226496,1467,85.9,81.0,77.1,94.1,84.5,81.1,4.6,3.2,5.9
24031705300,MD,Montgomery,2049,-1.346325660089969,1468,81.3,81.3,77.3,94.8,79.8,83.8,3.1,2.4,1.8
24031703219,MD,Montgomery,3363,-1.5311272189365144,1469,91.7,69.7,81.7,97.9,91.4,79.7,5.8,3.7,10.9
51153901504,VA,Prince William,4713,-1.5755791996818707,1470,89.5,76.0,81.3,95.7,89.0,80.6,5.2,3.0,5.9
51107611010,VA,Loudoun,1951,-1.7564429689020715,1471,91.9,80.5,80.2,97.0,91.4,79.9,4.9,3.0,5.7
24031703218,MD,Montgomery,1963,-1.7932486303409871,1472,92.0,73.4,82.9,98.2,91.3,82.9,5.3,3.0,9.0
51059431601,VA,Fairfax,1908,-2.139559582846585,1473,93.5,83.7,85.0,98.0,92.8,85.1,7.4,2.5,5.6
