{
"type": "FeatureCollection",
"name": "priority_score",
"crs": { "type": "name", "properties": { "name": "urn:ogc:def:crs:OGC:1.3:CRS84" } },
"features": [
{ "type": "Feature", "properties": { "LocationID": "11001004704", "StateAbbr": "DC", "CountyName": "District of Columbia", "CountyFIPS": 11001, "lon": -77.0114767, "lat": 38.904566, "TotalPopulation": 1945, "chronic_disease_burden_score": 2.9170467421494561, "preventive_care_gap_score": 2.6257347281342693, "health_need_score": 2.7713907351418627, "need_intensity": 1.0, "priority_weighted_population": 1945.0, "health_priority_rank": 1 }, "geometry": { "type": "Point", "coordinates": [ -77.0114767, 38.904566 ] } },
{ "type": "Feature", "properties": { "LocationID": "11001006804", "StateAbbr": "DC", "CountyName": "District of Columbia", "CountyFIPS": 11001, "lon": -76.9704836, "lat": 38.8863842, "TotalPopulation": 2429, "chronic_disease_burden_score": 0.75460949267873645, "preventive_care_gap_score": 4.7258716563147765, "health_need_score": 2.7402405744967564, "need_intensity": 0.99157187811366954, "priority_weighted_population": 2408.5280919381034, "health_priority_rank": 2 }, "geometry": { "type": "Point", "coordinates": [ -76.9704836, 38.8863842 ] } },
{ "type": "Feature", "properties": { "LocationID": "24033805601", "StateAbbr": "MD", "CountyName": "Prince George's", "CountyFIPS": 24033, "lon": -76.9845267, "lat": 38.990467, "TotalPopulation": 6373, "chronic_disease_burden_score": 0.15826116858230296, "preventive_care_gap_score": 4.8635680889971242, "health_need_score": 2.5109146287897137, "need_intensity": 0.92952446063363781, "priority_weighted_population": 5923.859387618174, "health_priority_rank": 3 }, "geometry": { "type": "Point", "coordinates": [ -76.9845267, 38.990467 ] } },
{ "type": "Feature", "properties": { "LocationID": "11001009511", "StateAbbr": "DC", "CountyName": "District of Columbia", "CountyFIPS": 11001, "lon": -77.0010516, "lat": 38.9372097, "TotalPopulation": 2066, "chronic_disease_burden_score": 0.093747356292331385, "preventive_care_gap_score": 4.5904742009287895, "health_need_score": 2.3421107786105604, "need_intensity": 0.88385216249044074, "priority_weighted_population": 1826.0385677052507, "health_priority_rank": 4 }, "geometry": { "type": "Point", "coordinates": [ -77.0010516, 38.9372097 ] } },
{ "type": "Feature", "properties": { "LocationID": "11001007403", "StateAbbr": "DC", "CountyName": "District of Columbia", "CountyFIPS": 11001, "lon": -76.9743805, "lat": 38.8484714, "TotalPopulation": 2613, "chronic_disease_burden_score": 1.8438309405434423, "preventive_care_gap_score": 2.6024684094064736, "health_need_score": 2.223149674974958, "need_intensity": 0.85166553293831471, "priority_weighted_population": 2225.4020375678165, "health_priority_rank": 5 }, "geometry": { "type": "Point", "coordinates": [ -76.9743805, 38.8484714 ] } },
{ "type": "Feature", "properties": { "LocationID": "24033805602", "StateAbbr": "MD", "CountyName": "Prince George's", "CountyFIPS": 24033, "lon": -76.98076, "lat": 38.9893628, "TotalPopulation": 5555, "chronic_disease_burden_score": -0.16729159658005846, "preventive_care_gap_score": 4.2075467334352847, "health_need_score": 2.020127568427613, "need_intensity": 0.79673499569020545, "priority_weighted_population": 4425.8629010590912, "health_priority_rank": 6 }, "geometry": { "type": "Point", "coordinates": [ -76.98076, 38.9893628 ] } },
{ "type": "Feature", "properties": { "LocationID": "11001007408", "StateAbbr": "DC", "CountyName": "District of Columbia", "CountyFIPS": 11001, "lon": -76.9706266, "lat": 38.8525662, "TotalPopulation": 2867, "chronic_disease_burden_score": 1.6988616163536046, "preventive_care_gap_score": 2.2042989662175501, "health_need_score": 1.9515802912855773, "need_intensity": 0.77818854858480624, "priority_weighted_population": 2231.0665687926394, "health_priority_rank": 7 }, "geometry": { "type": "Point", "coordinates": [ -76.9706266, 38.8525662 ] } },
{ "type": "Feature", "properties": { "LocationID": "11001007401", "StateAbbr": "DC", "CountyName": "District of Columbia", "CountyFIPS": 11001, "lon": -76.9991203, "lat": 38.8675208, "TotalPopulation": 1259, "chronic_disease_burden_score": 1.9694496363585154, "preventive_care_gap_score": 1.8845946438884462, "health_need_score": 1.9270221401234808, "need_intensity": 0.77154398923067669, "priority_weighted_population": 971.37388244142198, "health_priority_rank": 8 }, "geometry": { "type": "Point", "coordinates": [ -76.9991203, 38.8675208 ] } },
{ "type": "Feature", "properties": { "LocationID": "51179010201", "StateAbbr": "VA", "CountyName": "Stafford", "CountyFIPS": 51179, "lon": -77.4512451, "lat": 38.5276989, "TotalPopulation": 1633, "chronic_disease_burden_score": -0.99711830324380057, "preventive_care_gap_score": 4.5570208697807288, "health_need_score": 1.7799512832684641, "need_intensity": 0.73175186354557598, "priority_weighted_population": 1194.9507931699256, "health_priority_rank": 9 }, "geometry": { "type": "Point", "coordinates": [ -77.4512451, 38.5276989 ] } },
{ "type": "Feature", "properties": { "LocationID": "11001009602", "StateAbbr": "DC", "CountyName": "District of Columbia", "CountyFIPS": 11001, "lon": -76.9523616, "lat": 38.9035769, "TotalPopulation": 4481, "chronic_disease_burden_score": 1.696041549779312, "preventive_care_gap_score": 1.8313542017839106, "health_need_score": 1.7636978757816113, "need_intensity": 0.72735427147765486, "priority_weighted_population": 3259.2744904913716, "health_priority_rank": 10 }, "geometry": { "type": "Point", "coordinates": [ -76.9523616, 38.9035769 ] } },
{ "type": "Feature", "properties": { "LocationID": "11001007409", "StateAbbr": "DC", "CountyName": "District of Columbia", "CountyFIPS": 11001, "lon": -76.975165, "lat": 38.8445818, "TotalPopulation": 3835, "chronic_disease_burden_score": 1.2628027340663908, "preventive_care_gap_score": 2.1700537775733122, "health_need_score": 1.7164282558198516, "need_intensity": 0.71456479911835835, "priority_weighted_population": 2740.3560046189041, "health_priority_rank": 11 }, "geometry": { "type": "Point", "coordinates": [ -76.975165, 38.8445818 ] } },
{ "type": "Feature", "properties": { "LocationID": "51059451601", "StateAbbr": "VA", "CountyName": "Fairfax", "CountyFIPS": 51059, "lon": -77.1390073, "lat": 38.8502385, "TotalPopulation": 6129, "chronic_disease_burden_score": -0.02632689791403767, "preventive_care_gap_score": 3.3843394847210946, "health_need_score": 1.6790062934035284, "need_intensity": 0.70443975148012083, "priority_weighted_population": 4317.5112368216605, "health_priority_rank": 12 }, "geometry": { "type": "Point", "coordinates": [ -77.1390073, 38.8502385 ] } },
{ "type": "Feature", "properties": { "LocationID": "24033803900", "StateAbbr": "MD", "CountyName": "Prince George's", "CountyFIPS": 24033, "lon": -76.921979, "lat": 38.9492635, "TotalPopulation": 4654, "chronic_disease_burden_score": 0.49714323650121189, "preventive_care_gap_score": 2.8215726664427878, "health_need_score": 1.6593579514719998, "need_intensity": 0.69912361129869816, "priority_weighted_population": 3253.721286984141, "health_priority_rank": 13 }, "geometry": { "type": "Point", "coordinates": [ -76.921979, 38.9492635 ] } },
{ "type": "Feature", "properties": { "LocationID": "11001000201", "StateAbbr": "DC", "CountyName": "District of Columbia", "CountyFIPS": 11001, "lon": -77.0743418, "lat": 38.9092171, "TotalPopulation": 4108, "chronic_disease_burden_score": -0.89989773430131348, "preventive_care_gap_score": 4.2001265313584417, "health_need_score": 1.6501143985285642, "need_intensity": 0.6966226357256472, "priority_weighted_population": 2861.7257875609589, "health_priority_rank": 14 }, "geometry": { "type": "Point", "coordinates": [ -77.0743418, 38.9092171 ] } },
{ "type": "Feature", "properties": { "LocationID": "11001009801", "StateAbbr": "DC", "CountyName": "District of Columbia", "CountyFIPS": 11001, "lon": -76.9963306, "lat": 38.8328939, "TotalPopulation": 1848, "chronic_disease_burden_score": 1.658764223701207, "preventive_care_gap_score": 1.4373013267313697, "health_need_score": 1.5480327752162883, "need_intensity": 0.66900299120976892, "priority_weighted_population": 1236.3175277556529, "health_priority_rank": 15 }, "geometry": { "type": "Point", "coordinates": [ -76.9963306, 38.8328939 ] } },
{ "type": "Feature", "properties": { "LocationID": "11001007804", "StateAbbr": "DC", "CountyName": "District of Columbia", "CountyFIPS": 11001, "lon": -76.9313427, "lat": 38.8942107, "TotalPopulation": 3499, "chronic_disease_burden_score": 1.509345862440149, "preventive_care_gap_score": 1.5384492767397582, "health_need_score": 1.5238975695899537, "need_intensity": 0.6624728658249307, "priority_weighted_population": 2317.9925575214324, "health_priority_rank": 16 }, "geometry": { "type": "Point", "coordinates": [ -76.9313427, 38.8942107 ] } },
{ "type": "Feature", "properties": { "LocationID": "11001010900", "StateAbbr": "DC", "CountyName": "District of Columbia", "CountyFIPS": 11001, "lon": -77.0238475, "lat": 38.8132364, "TotalPopulation": 3333, "chronic_disease_burden_score": 1.0493061113461049, "preventive_care_gap_score": 1.9529628401816268, "health_need_score": 1.5011344757638658, "need_intensity": 0.65631398492983695, "priority_weighted_population": 2187.4945117711463, "health_priority_rank": 17 }, "geometry": { "type": "Point", "coordinates": [ -77.0238475, 38.8132364 ] } },
{ "type": "Feature", "properties": { "LocationID": "24033805500", "StateAbbr": "MD", "CountyName": "Prince George's", "CountyFIPS": 24033, "lon": -76.9817825, "lat": 38.9797221, "TotalPopulation": 3716, "chronic_disease_burden_score": 0.43702458356842083, "preventive_care_gap_score": 2.4504801577544519, "health_need_score": 1.4437523706614364, "need_intensity": 0.64078843495250537, "priority_weighted_population": 2381.16982428351, "health_priority_rank": 18 }, "geometry": { "type": "Point", "coordinates": [ -76.9817825, 38.9797221 ] } },
{ "type": "Feature", "properties": { "LocationID": "24033805700", "StateAbbr": "MD", "CountyName": "Prince George's", "CountyFIPS": 24033, "lon": -76.979425, "lat": 38.993184, "TotalPopulation": 6610, "chronic_disease_burden_score": 0.31221483536237638, "preventive_care_gap_score": 2.4172267887828984, "health_need_score": 1.3647208120726373, "need_intensity": 0.61940531541608312, "priority_weighted_population": 4094.2691349003094, "health_priority_rank": 19 }, "geometry": { "type": "Point", "coordinates": [ -76.979425, 38.993184 ] } },
{ "type": "Feature", "properties": { "LocationID": "54037972401", "StateAbbr": "WV", "CountyName": "Jefferson", "CountyFIPS": 54037, "lon": -77.8597406, "lat": 39.2998141, "TotalPopulation": 2718, "chronic_disease_burden_score": 1.9184490332794228, "preventive_care_gap_score": 0.78285088434874617, "health_need_score": 1.3506499588140846, "need_intensity": 0.61559824463854007, "priority_weighted_population": 1673.1960289275519, "health_priority_rank": 20 }, "geometry": { "type": "Point", "coordinates": [ -77.8597406, 39.2998141 ] } },
{ "type": "Feature", "properties": { "LocationID": "24031702000", "StateAbbr": "MD", "CountyName": "Montgomery", "CountyFIPS": 24031, "lon": -76.9932806, "lat": 38.9951964, "TotalPopulation": 5438, "chronic_disease_burden_score": 0.39884175188775972, "preventive_care_gap_score": 2.2850408007096803, "health_need_score": 1.34194127629872, "need_intensity": 0.6132419859166327, "priority_weighted_population": 3334.8099194146484, "health_priority_rank": 21 }, "geometry": { "type": "Point", "coordinates": [ -76.9932806, 38.9951964 ] } },
{ "type": "Feature", "properties": { "LocationID": "24021772200", "StateAbbr": "MD", "CountyName": "Frederick", "CountyFIPS": 24021, "lon": -77.383808, "lat": 39.4123663, "TotalPopulation": 1566, "chronic_disease_burden_score": 1.4043000520320097, "preventive_care_gap_score": 1.2258098665997597, "health_need_score": 1.3150549593158847, "need_intensity": 0.60596750797131749, "priority_weighted_population": 948.94511748308321, "health_priority_rank": 22 }, "geometry": { "type": "Point", "coordinates": [ -77.383808, 39.4123663 ] } },
{ "type": "Feature", "properties": { "LocationID": "24033805101", "StateAbbr": "MD", "CountyName": "Prince George's", "CountyFIPS": 24033, "lon": -76.9758623, "lat": 38.9626634, "TotalPopulation": 4031, "chronic_disease_burden_score": 0.10559018850426934, "preventive_care_gap_score": 2.5138968746596748, "health_need_score": 1.3097435315819721, "need_intensity": 0.60453042516324262, "priority_weighted_population": 2436.862143833031, "health_priority_rank": 23 }, "geometry": { "type": "Point", "coordinates": [ -76.9758623, 38.9626634 ] } },
{ "type": "Feature", "properties": { "LocationID": "24033980000", "StateAbbr": "MD", "CountyName": "Prince George's", "CountyFIPS": 24033, "lon": -76.9445325, "lat": 38.9936953, "TotalPopulation": 15052, "chronic_disease_burden_score": -1.1433819421535474, "preventive_care_gap_score": 3.7178031745578348, "health_need_score": 1.2872106162021437, "need_intensity": 0.59843382234185727, "priority_weighted_population": 9007.6258938896353, "health_priority_rank": 24 }, "geometry": { "type": "Point", "coordinates": [ -76.9445325, 38.9936953 ] } },
{ "type": "Feature", "properties": { "LocationID": "11001009811", "StateAbbr": "DC", "CountyName": "District of Columbia", "CountyFIPS": 11001, "lon": -76.9984594, "lat": 38.826651, "TotalPopulation": 4438, "chronic_disease_burden_score": 1.0726210956258309, "preventive_care_gap_score": 1.5006775455193402, "health_need_score": 1.2866493205725855, "need_intensity": 0.59828195577416665, "priority_weighted_population": 2655.1753197257517, "health_priority_rank": 25 }, "geometry": { "type": "Point", "coordinates": [ -76.9984594, 38.826651 ] } },
{ "type": "Feature", "properties": { "LocationID": "11001009803", "StateAbbr": "DC", "CountyName": "District of Columbia", "CountyFIPS": 11001, "lon": -77.0043421, "lat": 38.8356929, "TotalPopulation": 2968, "chronic_disease_burden_score": 1.3302611478526465, "preventive_care_gap_score": 1.2134464248212093, "health_need_score": 1.2718537863369279, "need_intensity": 0.59427881218424461, "priority_weighted_population": 1763.8195145628381, "health_priority_rank": 26 }, "geometry": { "type": "Point", "coordinates": [ -77.0043421, 38.8356929 ] } },
{ "type": "Feature", "properties": { "LocationID": "51153900504", "StateAbbr": "VA", "CountyName": "Prince William", "CountyFIPS": 51153, "lon": -77.2720178, "lat": 38.6434388, "TotalPopulation": 5065, "chronic_disease_burden_score": 0.68740573917979575, "preventive_care_gap_score": 1.8306389028227572, "health_need_score": 1.2590223210012765, "need_intensity": 0.59080707555144873, "priority_weighted_population": 2992.4378376680879, "health_priority_rank": 27 }, "geometry": { "type": "Point", "coordinates": [ -77.2720178, 38.6434388 ] } },
{ "type": "Feature", "properties": { "LocationID": "24033806501", "StateAbbr": "MD", "CountyName": "Prince George's", "CountyFIPS": 24033, "lon": -76.9318346, "lat": 38.9592228, "TotalPopulation": 5316, "chronic_disease_burden_score": 0.37974835473054047, "preventive_care_gap_score": 2.1194275614948781, "health_need_score": 1.2495879581127092, "need_intensity": 0.58825447361624128, "priority_weighted_population": 3127.1607817439385, "health_priority_rank": 28 }, "geometry": { "type": "Point", "coordinates": [ -76.9318346, 38.9592228 ] } },
{ "type": "Feature", "properties": { "LocationID": "24033803001", "StateAbbr": "MD", "CountyName": "Prince George's", "CountyFIPS": 24033, "lon": -76.9110876, "lat": 38.9025631, "TotalPopulation": 3119, "chronic_disease_burden_score": 1.4960551322226701, "preventive_care_gap_score": 0.98370091464192044, "health_need_score": 1.2398780234322953, "need_intensity": 0.58562731178785787, "priority_weighted_population": 1826.5715854663288, "health_priority_rank": 29 }, "geometry": { "type": "Point", "coordinates": [ -76.9110876, 38.9025631 ] } },
{ "type": "Feature", "properties": { "LocationID": "51177020311", "StateAbbr": "VA", "CountyName": "Spotsylvania", "CountyFIPS": 51177, "lon": -77.5642531, "lat": 38.1471853, "TotalPopulation": 5571, "chronic_disease_burden_score": 1.707275435207307, "preventive_care_gap_score": 0.76065340437391582, "health_need_score": 1.2339644197906114, "need_intensity": 0.58402730166760863, "priority_weighted_population": 3253.6160975902476, "health_priority_rank": 30 }, "geometry": { "type": "Point", "coordinates": [ -77.5642531, 38.1471853 ] } },
{ "type": "Feature", "properties": { "LocationID": "24031701900", "StateAbbr": "MD", "CountyName": "Montgomery", "CountyFIPS": 24031, "lon": -76.9999195, "lat": 38.9927913, "TotalPopulation": 3395, "chronic_disease_burden_score": 0.33365008262666224, "preventive_care_gap_score": 2.0376394558880562, "health_need_score": 1.1856447692573593, "need_intensity": 0.57095372850569559, "priority_weighted_population": 1938.3879082768365, "health_priority_rank": 31 }, "geometry": { "type": "Point", "coordinates": [ -76.9999195, 38.9927913 ] } },
{ "type": "Feature", "properties": { "LocationID": "11001002001", "StateAbbr": "DC", "CountyName": "District of Columbia", "CountyFIPS": 11001, "lon": -77.0351061, "lat": 38.9597034, "TotalPopulation": 2926, "chronic_disease_burden_score": 0.94275393986367861, "preventive_care_gap_score": 1.3866277647370011, "health_need_score": 1.1646908523003399, "need_intensity": 0.56528434631143221, "priority_weighted_population": 1654.0219973072506, "health_priority_rank": 32 }, "geometry": { "type": "Point", "coordinates": [ -77.0351061, 38.9597034 ] } },
{ "type": "Feature", "properties": { "LocationID": "51685920100", "StateAbbr": "VA", "CountyName": "Manassas Park", "CountyFIPS": 51685, "lon": -77.4649323, "lat": 38.7808628, "TotalPopulation": 7137, "chronic_disease_burden_score": 0.41226314361860356, "preventive_care_gap_score": 1.91700832034937, "health_need_score": 1.1646357319839868, "need_intensity": 0.56526943272077923, "priority_weighted_population": 4034.3279413282012, "health_priority_rank": 33 }, "geometry": { "type": "Point", "coordinates": [ -77.4649323, 38.7808628 ] } },
{ "type": "Feature", "properties": { "LocationID": "24033802404", "StateAbbr": "MD", "CountyName": "Prince George's", "CountyFIPS": 24033, "lon": -76.8909924, "lat": 38.8641336, "TotalPopulation": 4687, "chronic_disease_burden_score": 1.1958712879132789, "preventive_care_gap_score": 1.1101465510390836, "health_need_score": 1.1530089194761812, "need_intensity": 0.56212363215551975, "priority_weighted_population": 2634.6734639129209, "health_priority_rank": 34 }, "geometry": { "type": "Point", "coordinates": [ -76.8909924, 38.8641336 ] } },
{ "type": "Feature", "properties": { "LocationID": "51059452302", "StateAbbr": "VA", "CountyName": "Fairfax", "CountyFIPS": 51059, "lon": -77.2178285, "lat": 38.8220254, "TotalPopulation": 5762, "chronic_disease_burden_score": 0.0047868201012822879, "preventive_care_gap_score": 2.2798242340602703, "health_need_score": 1.1423055270807763, "need_intensity": 0.55922767612070345, "priority_weighted_population": 3222.2698698074933, "health_priority_rank": 35 }, "geometry": { "type": "Point", "coordinates": [ -77.2178285, 38.8220254 ] } },
{ "type": "Feature", "properties": { "LocationID": "11001009802", "StateAbbr": "DC", "CountyName": "District of Columbia", "CountyFIPS": 11001, "lon": -76.9965578, "lat": 38.8307312, "TotalPopulation": 2064, "chronic_disease_burden_score": 0.89477135590981038, "preventive_care_gap_score": 1.3881163935005254, "health_need_score": 1.1414438747051678, "need_intensity": 0.55899454373567303, "priority_weighted_population": 1153.7647382704292, "health_priority_rank": 36 }, "geometry": { "type": "Point", "coordinates": [ -76.9965578, 38.8307312 ] } },
{ "type": "Feature", "properties": { "LocationID": "54037972300", "StateAbbr": "WV", "CountyName": "Jefferson", "CountyFIPS": 54037, "lon": -77.9196007, "lat": 39.3535742, "TotalPopulation": 4569, "chronic_disease_burden_score": 1.8438557950771048, "preventive_care_gap_score": 0.42478995149523435, "health_need_score": 1.1343228732861697, "need_intensity": 0.55706785486251376, "priority_weighted_population": 2545.2430288668252, "health_priority_rank": 37 }, "geometry": { "type": "Point", "coordinates": [ -77.9196007, 39.3535742 ] } },
{ "type": "Feature", "properties": { "LocationID": "24033806601", "StateAbbr": "MD", "CountyName": "Prince George's", "CountyFIPS": 24033, "lon": -76.9138813, "lat": 38.9570351, "TotalPopulation": 4939, "chronic_disease_burden_score": -0.026493896666443573, "preventive_care_gap_score": 2.2702779568889007, "health_need_score": 1.1218920301112285, "need_intensity": 0.55370451229032314, "priority_weighted_population": 2734.7465862019058, "health_priority_rank": 38 }, "geometry": { "type": "Point", "coordinates": [ -76.9138813, 38.9570351 ] } },
{ "type": "Feature", "properties": { "LocationID": "54037972402", "StateAbbr": "WV", "CountyName": "Jefferson", "CountyFIPS": 54037, "lon": -77.8757748, "lat": 39.324099, "TotalPopulation": 4461, "chronic_disease_burden_score": 1.6209815669968441, "preventive_care_gap_score": 0.60928043227284379, "health_need_score": 1.115130999634844, "need_intensity": 0.55187521870877887, "priority_weighted_population": 2461.9153506598627, "health_priority_rank": 39 }, "geometry": { "type": "Point", "coordinates": [ -77.8757748, 39.324099 ] } },
{ "type": "Feature", "properties": { "LocationID": "54037972701", "StateAbbr": "WV", "CountyName": "Jefferson", "CountyFIPS": 54037, "lon": -77.7669057, "lat": 39.2817528, "TotalPopulation": 2770, "chronic_disease_burden_score": 1.6894591493584252, "preventive_care_gap_score": 0.52886425936671388, "health_need_score": 1.1091617043625694, "need_intensity": 0.55026014042063109, "priority_weighted_population": 1524.2205889651482, "health_priority_rank": 40 }, "geometry": { "type": "Point", "coordinates": [ -77.7669057, 39.2817528 ] } },
{ "type": "Feature", "properties": { "LocationID": "11001007808", "StateAbbr": "DC", "CountyName": "District of Columbia", "CountyFIPS": 11001, "lon": -76.9192026, "lat": 38.8922212, "TotalPopulation": 3792, "chronic_disease_burden_score": 1.100410782267023, "preventive_care_gap_score": 1.1164825947802077, "health_need_score": 1.1084466885236153, "need_intensity": 0.55006668264973813, "priority_weighted_population": 2085.8528606078071, "health_priority_rank": 41 }, "geometry": { "type": "Point", "coordinates": [ -76.9192026, 38.8922212 ] } },
{ "type": "Feature", "properties": { "LocationID": "24033803508", "StateAbbr": "MD", "CountyName": "Prince George's", "CountyFIPS": 24033, "lon": -76.8616682, "lat": 38.9257902, "TotalPopulation": 3971, "chronic_disease_burden_score": 1.173462326362503, "preventive_care_gap_score": 1.0323639682163837, "health_need_score": 1.1029131472894433, "need_intensity": 0.54856950385454739, "priority_weighted_population": 2178.3694998064075, "health_priority_rank": 42 }, "geometry": { "type": "Point", "coordinates": [ -76.8616682, 38.9257902 ] } },
{ "type": "Feature", "properties": { "LocationID": "24033805906", "StateAbbr": "MD", "CountyName": "Prince George's", "CountyFIPS": 24033, "lon": -76.974639, "lat": 39.0070815, "TotalPopulation": 3816, "chronic_disease_burden_score": -0.034179989595397434, "preventive_care_gap_score": 2.2153037200994268, "health_need_score": 1.0905618652520146, "need_intensity": 0.54522768768705199, "priority_weighted_population": 2080.5888562137902, "health_priority_rank": 43 }, "geometry": { "type": "Point", "coordinates": [ -76.974639, 39.0070815 ] } },
{ "type": "Feature", "properties": { "LocationID": "11001007406", "StateAbbr": "DC", "CountyName": "District of Columbia", "CountyFIPS": 11001, "lon": -76.9895582, "lat": 38.8555543, "TotalPopulation": 3528, "chronic_disease_burden_score": 0.53217164658312854, "preventive_care_gap_score": 1.6426340737312932, "health_need_score": 1.0874028601572108, "need_intensity": 0.54437297363655712, "priority_weighted_population": 1920.5478509897735, "health_priority_rank": 44 }, "geometry": { "type": "Point", "coordinates": [ -76.9895582, 38.8555543 ] } },
{ "type": "Feature", "properties": { "LocationID": "24033804002", "StateAbbr": "MD", "CountyName": "Prince George's", "CountyFIPS": 24033, "lon": -76.9328205, "lat": 38.9413687, "TotalPopulation": 4532, "chronic_disease_burden_score": 0.55829978410510617, "preventive_care_gap_score": 1.6142759402640374, "health_need_score": 1.0862878621845717, "need_intensity": 0.54407129497353268, "priority_weighted_population": 2465.7311088200499, "health_priority_rank": 45 }, "geometry": { "type": "Point", "coordinates": [ -76.9328205, 38.9413687 ] } },
{ "type": "Feature", "properties": { "LocationID": "11001007304", "StateAbbr": "DC", "CountyName": "District of Columbia", "CountyFIPS": 11001, "lon": -76.9855591, "lat": 38.8417979, "TotalPopulation": 4410, "chronic_disease_burden_score": 0.88507611016364007, "preventive_care_gap_score": 1.277425323547777, "health_need_score": 1.0812507168557086, "need_intensity": 0.54270842319657797, "priority_weighted_population": 2393.344146296909, "health_priority_rank": 46 }, "geometry": { "type": "Point", "coordinates": [ -76.9855591, 38.8417979 ] } },
{ "type": "Feature", "properties": { "LocationID": "11001009810", "StateAbbr": "DC", "CountyName": "District of Columbia", "CountyFIPS": 11001, "lon": -77.0037886, "lat": 38.826037, "TotalPopulation": 2461, "chronic_disease_burden_score": 0.93462949288920916, "preventive_care_gap_score": 1.2170127616179505, "health_need_score": 1.0758211272535798, "need_intensity": 0.54123937000353517, "priority_weighted_population": 1331.9900895787, "health_priority_rank": 47 }, "geometry": { "type": "Point", "coordinates": [ -77.0037886, 38.826037 ] } },
{ "type": "Feature", "properties": { "LocationID": "11001009907", "StateAbbr": "DC", "CountyName": "District of Columbia", "CountyFIPS": 11001, "lon": -76.9388146, "lat": 38.8827718, "TotalPopulation": 2259, "chronic_disease_burden_score": 1.2061120879883918, "preventive_care_gap_score": 0.91072516616340948, "health_need_score": 1.0584186270759006, "need_intensity": 0.53653087445850778, "priority_weighted_population": 1212.0232454017691, "health_priority_rank": 48 }, "geometry": { "type": "Point", "coordinates": [ -76.9388146, 38.8827718 ] } },
{ "type": "Feature", "properties": { "LocationID": "24033801707", "StateAbbr": "MD", "CountyName": "Prince George's", "CountyFIPS": 24033, "lon": -76.9848028, "lat": 38.8130945, "TotalPopulation": 6882, "chronic_disease_burden_score": 0.72768769117446408, "preventive_care_gap_score": 1.3834220822333996, "health_need_score": 1.0555548867039319, "need_intensity": 0.53575604850557801, "priority_weighted_population": 3687.0731258153878, "health_priority_rank": 49 }, "geometry": { "type": "Point", "coordinates": [ -76.9848028, 38.8130945 ] } },
{ "type": "Feature", "properties": { "LocationID": "24033805801", "StateAbbr": "MD", "CountyName": "Prince George's", "CountyFIPS": 24033, "lon": -76.9673917, "lat": 38.9783801, "TotalPopulation": 4745, "chronic_disease_burden_score": 0.41654510153383656, "preventive_care_gap_score": 1.6657535805432027, "health_need_score": 1.0411493410385195, "need_intensity": 0.53185842190613808, "priority_weighted_population": 2523.668211944625, "health_priority_rank": 50 }, "geometry": { "type": "Point", "coordinates": [ -76.9673917, 38.9783801 ] } },
{ "type": "Feature", "properties": { "LocationID": "51510201206", "StateAbbr": "VA", "CountyName": "Alexandria", "CountyFIPS": 51510, "lon": -77.0686289, "lat": 38.8416687, "TotalPopulation": 5710, "chronic_disease_burden_score": -0.22131056172725525, "preventive_care_gap_score": 2.2938188276644613, "health_need_score": 1.036254132968603, "need_intensity": 0.53053395328646535, "priority_weighted_population": 3029.348873265717, "health_priority_rank": 51 }, "geometry": { "type": "Point", "coordinates": [ -77.0686289, 38.8416687 ] } },
{ "type": "Feature", "properties": { "LocationID": "24033803403", "StateAbbr": "MD", "CountyName": "Prince George's", "CountyFIPS": 24033, "lon": -76.8718709, "lat": 38.91772, "TotalPopulation": 6119, "chronic_disease_burden_score": 1.2508984723598893, "preventive_care_gap_score": 0.81492727963655132, "health_need_score": 1.0329128759982202, "need_intensity": 0.52962992838204292, "priority_weighted_population": 3240.8055317697208, "health_priority_rank": 52 }, "geometry": { "type": "Point", "coordinates": [ -76.8718709, 38.91772 ] } },
{ "type": "Feature", "properties": { "LocationID": "24031701602", "StateAbbr": "MD", "CountyName": "Montgomery", "CountyFIPS": 24031, "lon": -76.9847238, "lat": 39.0107123, "TotalPopulation": 6790, "chronic_disease_burden_score": 0.082318299607916257, "preventive_care_gap_score": 1.9823784855247426, "health_need_score": 1.0323483925663295, "need_intensity": 0.529477199308797, "priority_weighted_population": 3595.1501833067318, "health_priority_rank": 53 }, "geometry": { "type": "Point", "coordinates": [ -76.9847238, 39.0107123 ] } },
{ "type": "Feature", "properties": { "LocationID": "24033805802", "StateAbbr": "MD", "CountyName": "Prince George's", "CountyFIPS": 24033, "lon": -76.9744218, "lat": 38.9742915, "TotalPopulation": 4387, "chronic_disease_burden_score": 0.16482970554763685, "preventive_care_gap_score": 1.8958155299940249, "health_need_score": 1.0303226177708309, "need_intensity": 0.52892909693830725, "priority_weighted_population": 2320.4119482683541, "health_priority_rank": 54 }, "geometry": { "type": "Point", "coordinates": [ -76.9744218, 38.9742915 ] } },
{ "type": "Feature", "properties": { "LocationID": "11001007504", "StateAbbr": "DC", "CountyName": "District of Columbia", "CountyFIPS": 11001, "lon": -76.9796257, "lat": 38.8609955, "TotalPopulation": 2730, "chronic_disease_burden_score": 0.97455308462041534, "preventive_care_gap_score": 1.0726197014883319, "health_need_score": 1.0235863930543736, "need_intensity": 0.52710651491021321, "priority_weighted_population": 1439.000785704882, "health_priority_rank": 55 }, "geometry": { "type": "Point", "coordinates": [ -76.9796257, 38.8609955 ] } },
{ "type": "Feature", "properties": { "LocationID": "51153901601", "StateAbbr": "VA", "CountyName": "Prince William", "CountyFIPS": 51153, "lon": -77.4939559, "lat": 38.787528, "TotalPopulation": 4130, "chronic_disease_burden_score": 0.6872280612270808, "preventive_care_gap_score": 1.3559383358598802, "health_need_score": 1.0215831985434805, "need_intensity": 0.52656452195896697, "priority_weighted_population": 2174.7114756905335, "health_priority_rank": 56 }, "geometry": { "type": "Point", "coordinates": [ -77.4939559, 38.787528 ] } },
{ "type": "Feature", "properties": { "LocationID": "24033804600", "StateAbbr": "MD", "CountyName": "Prince George's", "CountyFIPS": 24033, "lon": -76.9552428, "lat": 38.943613, "TotalPopulation": 3576, "chronic_disease_burden_score": 0.62369613593764406, "preventive_care_gap_score": 1.3931674507782588, "health_need_score": 1.0084317933579514, "need_intensity": 0.52300622101975269, "priority_weighted_population": 1870.2702463666355, "health_priority_rank": 57 }, "geometry": { "type": "Point", "coordinates": [ -76.9552428, 38.943613 ] } },
{ "type": "Feature", "properties": { "LocationID": "24033803602", "StateAbbr": "MD", "CountyName": "Prince George's", "CountyFIPS": 24033, "lon": -76.8672051, "lat": 38.9418591, "TotalPopulation": 2220, "chronic_disease_burden_score": 1.0925306616954218, "preventive_care_gap_score": 0.90219307385401082, "health_need_score": 0.99736186777471625, "need_intensity": 0.52001109418393743, "priority_weighted_population": 1154.4246290883411, "health_priority_rank": 58 }, "geometry": { "type": "Point", "coordinates": [ -76.8672051, 38.9418591 ] } },
{ "type": "Feature", "properties": { "LocationID": "54037972505", "StateAbbr": "WV", "CountyName": "Jefferson", "CountyFIPS": 54037, "lon": -77.8590612, "lat": 39.2797456, "TotalPopulation": 2705, "chronic_disease_burden_score": 1.7693330686186706, "preventive_care_gap_score": 0.22498843653395439, "health_need_score": 0.99716075257631243, "need_intensity": 0.51995667958798542, "priority_weighted_population": 1406.4828182855006, "health_priority_rank": 59 }, "geometry": { "type": "Point", "coordinates": [ -77.8590612, 39.2797456 ] } },
{ "type": "Feature", "properties": { "LocationID": "51187020500", "StateAbbr": "VA", "CountyName": "Warren", "CountyFIPS": 51187, "lon": -78.1900959, "lat": 38.9236563, "TotalPopulation": 4178, "chronic_disease_burden_score": 1.2936622522293555, "preventive_care_gap_score": 0.69241323788860354, "health_need_score": 0.99303774505897957, "need_intensity": 0.51884114088209443, "priority_weighted_population": 2167.7182866053904, "health_priority_rank": 60 }, "geometry": { "type": "Point", "coordinates": [ -78.1900959, 38.9236563 ] } },
{ "type": "Feature", "properties": { "LocationID": "51059421500", "StateAbbr": "VA", "CountyName": "Fairfax", "CountyFIPS": 51059, "lon": -77.0874676, "lat": 38.7507061, "TotalPopulation": 7103, "chronic_disease_burden_score": 0.39557430778201946, "preventive_care_gap_score": 1.5748838709267388, "health_need_score": 0.98522908935437914, "need_intensity": 0.51672839729799036, "priority_weighted_population": 3670.3218060076256, "health_priority_rank": 61 }, "geometry": { "type": "Point", "coordinates": [ -77.0874676, 38.7507061 ] } },
{ "type": "Feature", "properties": { "LocationID": "24033801600", "StateAbbr": "MD", "CountyName": "Prince George's", "CountyFIPS": 24033, "lon": -76.9964504, "lat": 38.8203631, "TotalPopulation": 3054, "chronic_disease_burden_score": 1.0055063704236396, "preventive_care_gap_score": 0.95495008622128408, "health_need_score": 0.98022822832246181, "need_intensity": 0.51537534275699481, "priority_weighted_population": 1573.9562967798622, "health_priority_rank": 62 }, "geometry": { "type": "Point", "coordinates": [ -76.9964504, 38.8203631 ] } },
{ "type": "Feature", "properties": { "LocationID": "51187020400", "StateAbbr": "VA", "CountyName": "Warren", "CountyFIPS": 51187, "lon": -78.205647, "lat": 38.923993, "TotalPopulation": 4834, "chronic_disease_burden_score": 1.3646045465228371, "preventive_care_gap_score": 0.59525618304804595, "health_need_score": 0.9799303647854416, "need_intensity": 0.51529475151304904, "priority_weighted_population": 2490.9348288140791, "health_priority_rank": 63 }, "geometry": { "type": "Point", "coordinates": [ -78.205647, 38.923993 ] } },
{ "type": "Feature", "properties": { "LocationID": "11001009804", "StateAbbr": "DC", "CountyName": "District of Columbia", "CountyFIPS": 11001, "lon": -76.997258, "lat": 38.8420148, "TotalPopulation": 2517, "chronic_disease_burden_score": 0.93566763056202251, "preventive_care_gap_score": 1.0209902621044535, "health_need_score": 0.97832894633323808, "need_intensity": 0.5148614648260248, "priority_weighted_population": 1295.9063069671045, "health_priority_rank": 64 }, "geometry": { "type": "Point", "coordinates": [ -76.997258, 38.8420148 ] } },
{ "type": "Feature", "properties": { "LocationID": "24021750507", "StateAbbr": "MD", "CountyName": "Frederick", "CountyFIPS": 24021, "lon": -77.4664381, "lat": 39.4266123, "TotalPopulation": 4271, "chronic_disease_burden_score": 0.13285423575040897, "preventive_care_gap_score": 1.8223623921554579, "health_need_score": 0.97760831395293346, "need_intensity": 0.51466648741946697, "priority_weighted_population": 2198.1405677685434, "health_priority_rank": 65 }, "geometry": { "type": "Point", "coordinates": [ -77.4664381, 39.4266123 ] } },
{ "type": "Feature", "properties": { "LocationID": "24031703701", "StateAbbr": "MD", "CountyName": "Montgomery", "CountyFIPS": 24031, "lon": -77.0624733, "lat": 39.0532841, "TotalPopulation": 4053, "chronic_disease_burden_score": 0.32182227676568759, "preventive_care_gap_score": 1.6122832493831909, "health_need_score": 0.96705276307443921, "need_intensity": 0.51181053202344595, "priority_weighted_population": 2074.3680862910264, "health_priority_rank": 66 }, "geometry": { "type": "Point", "coordinates": [ -77.0624733, 39.0532841 ] } },
{ "type": "Feature", "properties": { "LocationID": "24033807305", "StateAbbr": "MD", "CountyName": "Prince George's", "CountyFIPS": 24033, "lon": -76.963551, "lat": 39.0121779, "TotalPopulation": 4075, "chronic_disease_burden_score": 0.56998683268232808, "preventive_care_gap_score": 1.3627487863510888, "health_need_score": 0.96636780951670842, "need_intensity": 0.51162520803308842, "priority_weighted_population": 2084.8727227348354, "health_priority_rank": 67 }, "geometry": { "type": "Point", "coordinates": [ -76.963551, 39.0121779 ] } },
{ "type": "Feature", "properties": { "LocationID": "51153901419", "StateAbbr": "VA", "CountyName": "Prince William", "CountyFIPS": 51153, "lon": -77.5270594, "lat": 38.7881629, "TotalPopulation": 4270, "chronic_disease_burden_score": 0.14332838963328351, "preventive_care_gap_score": 1.777891958743725, "health_need_score": 0.96061017418850425, "need_intensity": 0.51006739737278384, "priority_weighted_population": 2177.9877867817868, "health_priority_rank": 68 }, "geometry": { "type": "Point", "coordinates": [ -77.5270594, 38.7881629 ] } },
{ "type": "Feature", "properties": { "LocationID": "24031700727", "StateAbbr": "MD", "CountyName": "Montgomery", "CountyFIPS": 24031, "lon": -77.1877298, "lat": 39.1376131, "TotalPopulation": 1793, "chronic_disease_burden_score": 0.52372305401028507, "preventive_care_gap_score": 1.3802217682572098, "health_need_score": 0.95197241113374742, "need_intensity": 0.50773032692617703, "priority_weighted_population": 910.36047617863539, "health_priority_rank": 69 }, "geometry": { "type": "Point", "coordinates": [ -77.1877298, 39.1376131 ] } },
{ "type": "Feature", "properties": { "LocationID": "51047930400", "StateAbbr": "VA", "CountyName": "Culpeper", "CountyFIPS": 51047, "lon": -77.8361379, "lat": 38.4456315, "TotalPopulation": 5143, "chronic_disease_burden_score": 1.438563316691265, "preventive_care_gap_score": 0.46422133094810136, "health_need_score": 0.95139232381968319, "need_intensity": 0.5075733759992348, "priority_weighted_population": 2610.4498727640644, "health_priority_rank": 70 }, "geometry": { "type": "Point", "coordinates": [ -77.8361379, 38.4456315 ] } },
{ "type": "Feature", "properties": { "LocationID": "51187020102", "StateAbbr": "VA", "CountyName": "Warren", "CountyFIPS": 51187, "lon": -78.0324776, "lat": 38.9733204, "TotalPopulation": 4010, "chronic_disease_burden_score": 1.0571440727430248, "preventive_care_gap_score": 0.84527963431029085, "health_need_score": 0.95121185352665782, "need_intensity": 0.50752454717797091, "priority_weighted_population": 2035.1734341836634, "health_priority_rank": 71 }, "geometry": { "type": "Point", "coordinates": [ -78.0324776, 38.9733204 ] } },
{ "type": "Feature", "properties": { "LocationID": "11001009204", "StateAbbr": "DC", "CountyName": "District of Columbia", "CountyFIPS": 11001, "lon": -76.9987071, "lat": 38.9234161, "TotalPopulation": 2889, "chronic_disease_burden_score": 0.84655299332594713, "preventive_care_gap_score": 1.0394849223429605, "health_need_score": 0.94301895783445389, "need_intensity": 0.50530784196471112, "priority_weighted_population": 1459.8343554360504, "health_priority_rank": 72 }, "geometry": { "type": "Point", "coordinates": [ -76.9987071, 38.9234161 ] } },
{ "type": "Feature", "properties": { "LocationID": "24033801709", "StateAbbr": "MD", "CountyName": "Prince George's", "CountyFIPS": 24033, "lon": -76.9628854, "lat": 38.8189496, "TotalPopulation": 5577, "chronic_disease_burden_score": 1.1072777114286443, "preventive_care_gap_score": 0.77827594877410589, "health_need_score": 0.94277683010137503, "need_intensity": 0.50524233084039627, "priority_weighted_population": 2817.73647909689, "health_priority_rank": 73 }, "geometry": { "type": "Point", "coordinates": [ -76.9628854, 38.8189496 ] } },
{ "type": "Feature", "properties": { "LocationID": "24031703216", "StateAbbr": "MD", "CountyName": "Montgomery", "CountyFIPS": 24031, "lon": -77.0705409, "lat": 39.0976145, "TotalPopulation": 3889, "chronic_disease_burden_score": 2.6851766422082921, "preventive_care_gap_score": -0.81599612262493826, "health_need_score": 0.93459025979167687, "need_intensity": 0.5030273370499232, "priority_weighted_population": 1956.2733137871512, "health_priority_rank": 74 }, "geometry": { "type": "Point", "coordinates": [ -77.0705409, 39.0976145 ] } },
{ "type": "Feature", "properties": { "LocationID": "24033805202", "StateAbbr": "MD", "CountyName": "Prince George's", "CountyFIPS": 24033, "lon": -76.9858458, "lat": 38.971338, "TotalPopulation": 3865, "chronic_disease_burden_score": 0.59011262235945083, "preventive_care_gap_score": 1.2712652679449556, "health_need_score": 0.93068894515220324, "need_intensity": 0.50197178052573632, "priority_weighted_population": 1940.1209317319708, "health_priority_rank": 75 }, "geometry": { "type": "Point", "coordinates": [ -76.9858458, 38.971338 ] } },
{ "type": "Feature", "properties": { "LocationID": "51187020602", "StateAbbr": "VA", "CountyName": "Warren", "CountyFIPS": 51187, "lon": -78.1564775, "lat": 38.8647785, "TotalPopulation": 2665, "chronic_disease_burden_score": 1.2744691189401633, "preventive_care_gap_score": 0.58555560656199823, "health_need_score": 0.93001236275108079, "need_intensity": 0.50178872147163478, "priority_weighted_population": 1337.2669427219066, "health_priority_rank": 76 }, "geometry": { "type": "Point", "coordinates": [ -78.1564775, 38.8647785 ] } },
{ "type": "Feature", "properties": { "LocationID": "11001009904", "StateAbbr": "DC", "CountyName": "District of Columbia", "CountyFIPS": 11001, "lon": -76.9311353, "lat": 38.8851712, "TotalPopulation": 2886, "chronic_disease_burden_score": 0.61951518692978391, "preventive_care_gap_score": 1.2382798461866844, "health_need_score": 0.92889751655823416, "need_intensity": 0.50148708387480589, "priority_weighted_population": 1447.2917240626898, "health_priority_rank": 77 }, "geometry": { "type": "Point", "coordinates": [ -76.9311353, 38.8851712 ] } },
{ "type": "Feature", "properties": { "LocationID": "24033805907", "StateAbbr": "MD", "CountyName": "Prince George's", "CountyFIPS": 24033, "lon": -76.9784818, "lat": 39.0048847, "TotalPopulation": 3346, "chronic_disease_burden_score": 0.44037188072044198, "preventive_care_gap_score": 1.4014700628181154, "health_need_score": 0.92092097176927867, "need_intensity": 0.49932891549554737, "priority_weighted_population": 1670.7545512481015, "health_priority_rank": 78 }, "geometry": { "type": "Point", "coordinates": [ -76.9784818, 39.0048847 ] } },
{ "type": "Feature", "properties": { "LocationID": "11001007601", "StateAbbr": "DC", "CountyName": "District of Columbia", "CountyFIPS": 11001, "lon": -76.9798185, "lat": 38.8716327, "TotalPopulation": 4693, "chronic_disease_burden_score": 0.97106771072987452, "preventive_care_gap_score": 0.86335734004989884, "health_need_score": 0.91721252538988662, "need_intensity": 0.49832554224009207, "priority_weighted_population": 2338.641769732752, "health_priority_rank": 79 }, "geometry": { "type": "Point", "coordinates": [ -76.9798185, 38.8716327 ] } },
{ "type": "Feature", "properties": { "LocationID": "11001007502", "StateAbbr": "DC", "CountyName": "District of Columbia", "CountyFIPS": 11001, "lon": -76.9697843, "lat": 38.8568592, "TotalPopulation": 4687, "chronic_disease_burden_score": 1.2238111738739343, "preventive_care_gap_score": 0.60648270542203908, "health_need_score": 0.91514693964798677, "need_intensity": 0.49776666844814799, "priority_weighted_population": 2333.0323750164698, "health_priority_rank": 80 }, "geometry": { "type": "Point", "coordinates": [ -76.9697843, 38.8568592 ] } },
{ "type": "Feature", "properties": { "LocationID": "11001007703", "StateAbbr": "DC", "CountyName": "District of Columbia", "CountyFIPS": 11001, "lon": -76.947455, "lat": 38.8863224, "TotalPopulation": 5227, "chronic_disease_burden_score": 1.0653068846667948, "preventive_care_gap_score": 0.76316603535508287, "health_need_score": 0.91423646001093883, "need_intensity": 0.49752032514855837, "priority_weighted_population": 2600.5387395515145, "health_priority_rank": 81 }, "geometry": { "type": "Point", "coordinates": [ -76.947455, 38.8863224 ] } },
{ "type": "Feature", "properties": { "LocationID": "51153900203", "StateAbbr": "VA", "CountyName": "Prince William", "CountyFIPS": 51153, "lon": -77.2626427, "lat": 38.6546809, "TotalPopulation": 5392, "chronic_disease_burden_score": 0.15828238435470862, "preventive_care_gap_score": 1.6487581004015059, "health_need_score": 0.90352024237810724, "need_intensity": 0.49462089906215911, "priority_weighted_population": 2666.9958877431618, "health_priority_rank": 82 }, "geometry": { "type": "Point", "coordinates": [ -77.2626427, 38.6546809 ] } },
{ "type": "Feature", "properties": { "LocationID": "11001007707", "StateAbbr": "DC", "CountyName": "District of Columbia", "CountyFIPS": 11001, "lon": -76.9353432, "lat": 38.8779453, "TotalPopulation": 3927, "chronic_disease_burden_score": 1.0050196879964206, "preventive_care_gap_score": 0.79793688003289653, "health_need_score": 0.90147828401465857, "need_intensity": 0.49406841799568785, "priority_weighted_population": 1940.2066774690661, "health_priority_rank": 83 }, "geometry": { "type": "Point", "coordinates": [ -76.9353432, 38.8779453 ] } },
{ "type": "Feature", "properties": { "LocationID": "24031703404", "StateAbbr": "MD", "CountyName": "Montgomery", "CountyFIPS": 24031, "lon": -77.0701459, "lat": 39.0548319, "TotalPopulation": 3118, "chronic_disease_burden_score": 0.31491419980520835, "preventive_care_gap_score": 1.4880106654508765, "health_need_score": 0.90146243262804238, "need_intensity": 0.49406412917612158, "priority_weighted_population": 1540.491954771147, "health_priority_rank": 84 }, "geometry": { "type": "Point", "coordinates": [ -77.0701459, 39.0548319 ] } },
{ "type": "Feature", "properties": { "LocationID": "11001009510", "StateAbbr": "DC", "CountyName": "District of Columbia", "CountyFIPS": 11001, "lon": -77.0046255, "lat": 38.9455978, "TotalPopulation": 4525, "chronic_disease_burden_score": 0.50471307552854239, "preventive_care_gap_score": 1.2963346655362715, "health_need_score": 0.90052387053240701, "need_intensity": 0.4938101877653524, "priority_weighted_population": 2234.4910996382196, "health_priority_rank": 85 }, "geometry": { "type": "Point", "coordinates": [ -77.0046255, 38.9455978 ] } },
{ "type": "Feature", "properties": { "LocationID": "24031700713", "StateAbbr": "MD", "CountyName": "Montgomery", "CountyFIPS": 24031, "lon": -77.2011707, "lat": 39.1570998, "TotalPopulation": 6081, "chronic_disease_burden_score": -0.00083240999788528817, "preventive_care_gap_score": 1.7942067198513965, "health_need_score": 0.89668715492675555, "need_intensity": 0.49277210943452049, "priority_weighted_population": 2996.5471974713191, "health_priority_rank": 86 }, "geometry": { "type": "Point", "coordinates": [ -77.2011707, 39.1570998 ] } },
{ "type": "Feature", "properties": { "LocationID": "51153901702", "StateAbbr": "VA", "CountyName": "Prince William", "CountyFIPS": 51153, "lon": -77.4693126, "lat": 38.7909265, "TotalPopulation": 4047, "chronic_disease_burden_score": 0.12370469206250209, "preventive_care_gap_score": 1.6674327518053242, "health_need_score": 0.89556872193391313, "need_intensity": 0.49246950137760664, "priority_weighted_population": 1993.024072075174, "health_priority_rank": 87 }, "geometry": { "type": "Point", "coordinates": [ -77.4693126, 38.7909265 ] } },
{ "type": "Feature", "properties": { "LocationID": "51059451400", "StateAbbr": "VA", "CountyName": "Fairfax", "CountyFIPS": 51059, "lon": -77.146627, "lat": 38.8705495, "TotalPopulation": 3263, "chronic_disease_burden_score": 0.35886424040879733, "preventive_care_gap_score": 1.4310887852960217, "health_need_score": 0.89497651285240953, "need_intensity": 0.4923092707329571, "priority_weighted_population": 1606.405150401639, "health_priority_rank": 88 }, "geometry": { "type": "Point", "coordinates": [ -77.146627, 38.8705495 ] } },
{ "type": "Feature", "properties": { "LocationID": "24033801907", "StateAbbr": "MD", "CountyName": "Prince George's", "CountyFIPS": 24033, "lon": -76.935807, "lat": 38.8268937, "TotalPopulation": 3605, "chronic_disease_burden_score": 1.7568836227409668, "preventive_care_gap_score": 0.027772450820777332, "health_need_score": 0.89232803678087202, "need_intensity": 0.49159268761808145, "priority_weighted_population": 1772.1916388631837, "health_priority_rank": 89 }, "geometry": { "type": "Point", "coordinates": [ -76.935807, 38.8268937 ] } },
{ "type": "Feature", "properties": { "LocationID": "54037972702", "StateAbbr": "WV", "CountyName": "Jefferson", "CountyFIPS": 54037, "lon": -77.8121504, "lat": 39.195229, "TotalPopulation": 4243, "chronic_disease_burden_score": 1.5610598001522613, "preventive_care_gap_score": 0.21942302353477303, "health_need_score": 0.89024141184351713, "need_intensity": 0.49102812137062463, "priority_weighted_population": 2083.4323189755601, "health_priority_rank": 90 }, "geometry": { "type": "Point", "coordinates": [ -77.8121504, 39.195229 ] } },
{ "type": "Feature", "properties": { "LocationID": "24033802103", "StateAbbr": "MD", "CountyName": "Prince George's", "CountyFIPS": 24033, "lon": -76.8906618, "lat": 38.8487846, "TotalPopulation": 3202, "chronic_disease_burden_score": 1.4439871754028433, "preventive_care_gap_score": 0.33351166270705179, "health_need_score": 0.88874941905494753, "need_intensity": 0.49062444136335742, "priority_weighted_population": 1570.9794612454705, "health_priority_rank": 91 }, "geometry": { "type": "Point", "coordinates": [ -76.8906618, 38.8487846 ] } },
{ "type": "Feature", "properties": { "LocationID": "51177020406", "StateAbbr": "VA", "CountyName": "Spotsylvania", "CountyFIPS": 51177, "lon": -77.7225824, "lat": 38.1791459, "TotalPopulation": 3817, "chronic_disease_burden_score": 1.3494484542548537, "preventive_care_gap_score": 0.42332168951463689, "health_need_score": 0.88638507188474525, "need_intensity": 0.4899847333901276, "priority_weighted_population": 1870.2717273501171, "health_priority_rank": 92 }, "geometry": { "type": "Point", "coordinates": [ -77.7225824, 38.1791459 ] } },
{ "type": "Feature", "properties": { "LocationID": "24033801702", "StateAbbr": "MD", "CountyName": "Prince George's", "CountyFIPS": 24033, "lon": -76.9586498, "lat": 38.8103778, "TotalPopulation": 3984, "chronic_disease_burden_score": 0.96319374089699283, "preventive_care_gap_score": 0.80832161148677539, "health_need_score": 0.88575767619188417, "need_intensity": 0.48981498250406841, "priority_weighted_population": 1951.4228902962086, "health_priority_rank": 93 }, "geometry": { "type": "Point", "coordinates": [ -76.9586498, 38.8103778 ] } },
{ "type": "Feature", "properties": { "LocationID": "11001009603", "StateAbbr": "DC", "CountyName": "District of Columbia", "CountyFIPS": 11001, "lon": -76.9477195, "lat": 38.8918285, "TotalPopulation": 3971, "chronic_disease_burden_score": 1.248220345984943, "preventive_care_gap_score": 0.50941924313809395, "health_need_score": 0.87881979456151849, "need_intensity": 0.48793783931113782, "priority_weighted_population": 1937.6011599045282, "health_priority_rank": 94 }, "geometry": { "type": "Point", "coordinates": [ -76.9477195, 38.8918285 ] } },
{ "type": "Feature", "properties": { "LocationID": "11001007709", "StateAbbr": "DC", "CountyName": "District of Columbia", "CountyFIPS": 11001, "lon": -76.9675363, "lat": 38.879862, "TotalPopulation": 2072, "chronic_disease_burden_score": 1.1571663489448867, "preventive_care_gap_score": 0.59950354220834789, "health_need_score": 0.87833494557661729, "need_intensity": 0.48780665647751564, "priority_weighted_population": 1010.7353922214124, "health_priority_rank": 95 }, "geometry": { "type": "Point", "coordinates": [ -76.9675363, 38.879862 ] } },
{ "type": "Feature", "properties": { "LocationID": "51177020108", "StateAbbr": "VA", "CountyName": "Spotsylvania", "CountyFIPS": 51177, "lon": -77.5220283, "lat": 38.2811368, "TotalPopulation": 4225, "chronic_disease_burden_score": 1.3481027207265528, "preventive_care_gap_score": 0.40207591675674897, "health_need_score": 0.87508931874165086, "need_intensity": 0.48692850567520385, "priority_weighted_population": 2057.272936477736, "health_priority_rank": 96 }, "geometry": { "type": "Point", "coordinates": [ -77.5220283, 38.2811368 ] } },
{ "type": "Feature", "properties": { "LocationID": "24033806602", "StateAbbr": "MD", "CountyName": "Prince George's", "CountyFIPS": 24033, "lon": -76.9105793, "lat": 38.9665203, "TotalPopulation": 5814, "chronic_disease_burden_score": 0.16741297793521379, "preventive_care_gap_score": 1.5752290624197989, "health_need_score": 0.87132102017750634, "need_intensity": 0.48590893855436196, "priority_weighted_population": 2825.0745687550602, "health_priority_rank": 97 }, "geometry": { "type": "Point", "coordinates": [ -76.9105793, 38.9665203 ] } },
{ "type": "Feature", "properties": { "LocationID": "51059415401", "StateAbbr": "VA", "CountyName": "Fairfax", "CountyFIPS": 51059, "lon": -77.0779752, "lat": 38.7569882, "TotalPopulation": 5352, "chronic_disease_burden_score": 0.5510238272203718, "preventive_care_gap_score": 1.1771897107402909, "health_need_score": 0.86410676898033134, "need_intensity": 0.48395701961881876, "priority_weighted_population": 2590.137968999918, "health_priority_rank": 98 }, "geometry": { "type": "Point", "coordinates": [ -77.0779752, 38.7569882 ] } },
{ "type": "Feature", "properties": { "LocationID": "11001007407", "StateAbbr": "DC", "CountyName": "District of Columbia", "CountyFIPS": 11001, "lon": -76.9850206, "lat": 38.8574823, "TotalPopulation": 3491, "chronic_disease_burden_score": 0.66660700697149311, "preventive_care_gap_score": 1.060740669696228, "health_need_score": 0.86367383833386058, "need_intensity": 0.48383988403488526, "priority_weighted_population": 1689.0850351657843, "health_priority_rank": 99 }, "geometry": { "type": "Point", "coordinates": [ -76.9850206, 38.8574823 ] } },
{ "type": "Feature", "properties": { "LocationID": "24031700731", "StateAbbr": "MD", "CountyName": "Montgomery", "CountyFIPS": 24031, "lon": -77.1966015, "lat": 39.1334282, "TotalPopulation": 4261, "chronic_disease_burden_score": 0.0065847050602199494, "preventive_care_gap_score": 1.7195306607829268, "health_need_score": 0.86305768292157337, "need_intensity": 0.4836731743676434, "priority_weighted_population": 2060.9313959805286, "health_priority_rank": 100 }, "geometry": { "type": "Point", "coordinates": [ -77.1966015, 39.1334282 ] } },
{ "type": "Feature", "properties": { "LocationID": "51153900901", "StateAbbr": "VA", "CountyName": "Prince William", "CountyFIPS": 51153, "lon": -77.3196575, "lat": 38.5618028, "TotalPopulation": 6221, "chronic_disease_burden_score": 0.45545174713245928, "preventive_care_gap_score": 1.2702305892296331, "health_need_score": 0.86284116818104617, "need_intensity": 0.48361459320512096, "priority_weighted_population": 3008.5663843290577, "health_priority_rank": 101 }, "geometry": { "type": "Point", "coordinates": [ -77.3196575, 38.5618028 ] } },
{ "type": "Feature", "properties": { "LocationID": "24021753002", "StateAbbr": "MD", "CountyName": "Frederick", "CountyFIPS": 24021, "lon": -77.3861778, "lat": 39.6336537, "TotalPopulation": 2746, "chronic_disease_burden_score": 1.2974092449604662, "preventive_care_gap_score": 0.41140054281455823, "health_need_score": 0.85440489388751217, "need_intensity": 0.48133203842723438, "priority_weighted_population": 1321.7377775211855, "health_priority_rank": 102 }, "geometry": { "type": "Point", "coordinates": [ -77.3861778, 39.6336537 ] } },
{ "type": "Feature", "properties": { "LocationID": "24031703213", "StateAbbr": "MD", "CountyName": "Montgomery", "CountyFIPS": 24031, "lon": -77.0755351, "lat": 39.0891297, "TotalPopulation": 6321, "chronic_disease_burden_score": 0.05064278684555517, "preventive_care_gap_score": 1.6545715617652137, "health_need_score": 0.85260717430538446, "need_intensity": 0.48084563965940025, "priority_weighted_population": 3039.4252882870692, "health_priority_rank": 103 }, "geometry": { "type": "Point", "coordinates": [ -77.0755351, 39.0891297 ] } },
{ "type": "Feature", "properties": { "LocationID": "24033803606", "StateAbbr": "MD", "CountyName": "Prince George's", "CountyFIPS": 24033, "lon": -76.8587387, "lat": 38.9724116, "TotalPopulation": 6167, "chronic_disease_burden_score": 0.68879546742150788, "preventive_care_gap_score": 1.0131225143520131, "health_need_score": 0.85095899088676052, "need_intensity": 0.48039970004125659, "priority_weighted_population": 2962.6249501544294, "health_priority_rank": 104 }, "geometry": { "type": "Point", "coordinates": [ -76.8587387, 38.9724116 ] } },
{ "type": "Feature", "properties": { "LocationID": "11001007809", "StateAbbr": "DC", "CountyName": "District of Columbia", "CountyFIPS": 11001, "lon": -76.9321955, "lat": 38.9015402, "TotalPopulation": 3155, "chronic_disease_burden_score": 0.66126817128631532, "preventive_care_gap_score": 1.0345844273313862, "health_need_score": 0.84792629930885077, "need_intensity": 0.47957916192097289, "priority_weighted_population": 1513.0722558606694, "health_priority_rank": 105 }, "geometry": { "type": "Point", "coordinates": [ -76.9321955, 38.9015402 ] } },
{ "type": "Feature", "properties": { "LocationID": "24033804900", "StateAbbr": "MD", "CountyName": "Prince George's", "CountyFIPS": 24033, "lon": -76.9774185, "lat": 38.9508937, "TotalPopulation": 3983, "chronic_disease_burden_score": 1.0166274357632432, "preventive_care_gap_score": 0.67293922632104697, "health_need_score": 0.84478333104214509, "need_intensity": 0.47872878686389192, "priority_weighted_population": 1906.7767580788816, "health_priority_rank": 106 }, "geometry": { "type": "Point", "coordinates": [ -76.9774185, 38.9508937 ] } },
{ "type": "Feature", "properties": { "LocationID": "24033801801", "StateAbbr": "MD", "CountyName": "Prince George's", "CountyFIPS": 24033, "lon": -76.947898, "lat": 38.8291686, "TotalPopulation": 2000, "chronic_disease_burden_score": 0.87369782109835614, "preventive_care_gap_score": 0.81037373017314585, "health_need_score": 0.84203577563575105, "need_intensity": 0.47798539641662069, "priority_weighted_population": 955.97079283324138, "health_priority_rank": 107 }, "geometry": { "type": "Point", "coordinates": [ -76.947898, 38.8291686 ] } },
{ "type": "Feature", "properties": { "LocationID": "51153900503", "StateAbbr": "VA", "CountyName": "Prince William", "CountyFIPS": 51153, "lon": -77.2801936, "lat": 38.6447685, "TotalPopulation": 3368, "chronic_disease_burden_score": 0.4630239789151197, "preventive_care_gap_score": 1.2071334022593556, "health_need_score": 0.8350786905872376, "need_intensity": 0.47610305746400761, "priority_weighted_population": 1603.5150975387776, "health_priority_rank": 108 }, "geometry": { "type": "Point", "coordinates": [ -77.2801936, 38.6447685 ] } },
{ "type": "Feature", "properties": { "LocationID": "51047930300", "StateAbbr": "VA", "CountyName": "Culpeper", "CountyFIPS": 51047, "lon": -77.9632862, "lat": 38.4895139, "TotalPopulation": 7819, "chronic_disease_burden_score": 0.84163192640717999, "preventive_care_gap_score": 0.82809744131255592, "health_need_score": 0.8348646838598679, "need_intensity": 0.47604515488034793, "priority_weighted_population": 3722.1970660094403, "health_priority_rank": 109 }, "geometry": { "type": "Point", "coordinates": [ -77.9632862, 38.4895139 ] } },
{ "type": "Feature", "properties": { "LocationID": "24031700724", "StateAbbr": "MD", "CountyName": "Montgomery", "CountyFIPS": 24031, "lon": -77.2078144, "lat": 39.1396063, "TotalPopulation": 3279, "chronic_disease_burden_score": 0.057066041802931906, "preventive_care_gap_score": 1.6037016071794592, "health_need_score": 0.83038382449119552, "need_intensity": 0.47483279423332159, "priority_weighted_population": 1556.9767322910616, "health_priority_rank": 110 }, "geometry": { "type": "Point", "coordinates": [ -77.2078144, 39.1396063 ] } },
{ "type": "Feature", "properties": { "LocationID": "51179010216", "StateAbbr": "VA", "CountyName": "Stafford", "CountyFIPS": 51179, "lon": -77.3966446, "lat": 38.4832019, "TotalPopulation": 7379, "chronic_disease_burden_score": 0.15128442523435257, "preventive_care_gap_score": 1.5086725458085024, "health_need_score": 0.8299784855214275, "need_intensity": 0.47472312397250316, "priority_weighted_population": 3502.981931793101, "health_priority_rank": 111 }, "geometry": { "type": "Point", "coordinates": [ -77.3966446, 38.4832019 ] } },
{ "type": "Feature", "properties": { "LocationID": "51047930202", "StateAbbr": "VA", "CountyName": "Culpeper", "CountyFIPS": 51047, "lon": -78.1122668, "lat": 38.5123826, "TotalPopulation": 6283, "chronic_disease_burden_score": 1.5626736651944197, "preventive_care_gap_score": 0.094898170049660932, "health_need_score": 0.82878591762204035, "need_intensity": 0.47440045765536043, "priority_weighted_population": 2980.6580754486295, "health_priority_rank": 112 }, "geometry": { "type": "Point", "coordinates": [ -78.1122668, 38.5123826 ] } },
{ "type": "Feature", "properties": { "LocationID": "24031700725", "StateAbbr": "MD", "CountyName": "Montgomery", "CountyFIPS": 24031, "lon": -77.1884889, "lat": 39.1450647, "TotalPopulation": 6270, "chronic_disease_burden_score": -0.17150196107025287, "preventive_care_gap_score": 1.8221758437661988, "health_need_score": 0.82533694134797297, "need_intensity": 0.47346728775129227, "priority_weighted_population": 2968.6398942006026, "health_priority_rank": 113 }, "geometry": { "type": "Point", "coordinates": [ -77.1884889, 39.1450647 ] } },
{ "type": "Feature", "properties": { "LocationID": "11001007803", "StateAbbr": "DC", "CountyName": "District of Columbia", "CountyFIPS": 11001, "lon": -76.9407751, "lat": 38.8962674, "TotalPopulation": 4590, "chronic_disease_burden_score": 0.8658027342866782, "preventive_care_gap_score": 0.77699549320945449, "health_need_score": 0.82139911374806629, "need_intensity": 0.47240185212296637, "priority_weighted_population": 2168.3245012444158, "health_priority_rank": 114 }, "geometry": { "type": "Point", "coordinates": [ -76.9407751, 38.8962674 ] } },
{ "type": "Feature", "properties": { "LocationID": "51107611602", "StateAbbr": "VA", "CountyName": "Loudoun", "CountyFIPS": 51107, "lon": -77.4158044, "lat": 39.0016438, "TotalPopulation": 4316, "chronic_disease_burden_score": -0.083562730308995734, "preventive_care_gap_score": 1.7177730814347734, "health_need_score": 0.81710517556288886, "need_intensity": 0.47124006567796678, "priority_weighted_population": 2033.8721234661045, "health_priority_rank": 115 }, "geometry": { "type": "Point", "coordinates": [ -77.4158044, 39.0016438 ] } },
{ "type": "Feature", "properties": { "LocationID": "24033803801", "StateAbbr": "MD", "CountyName": "Prince George's", "CountyFIPS": 24033, "lon": -76.9052779, "lat": 38.945753, "TotalPopulation": 2872, "chronic_disease_burden_score": 0.20132080597724877, "preventive_care_gap_score": 1.4314858491844284, "health_need_score": 0.81640332758083867, "need_intensity": 0.47105017065926091, "priority_weighted_population": 1352.8560901333974, "health_priority_rank": 116 }, "geometry": { "type": "Point", "coordinates": [ -76.9052779, 38.945753 ] } },
{ "type": "Feature", "properties": { "LocationID": "51153900404", "StateAbbr": "VA", "CountyName": "Prince William", "CountyFIPS": 51153, "lon": -77.3214704, "lat": 38.6406633, "TotalPopulation": 5996, "chronic_disease_burden_score": 0.38859420584339932, "preventive_care_gap_score": 1.2421402343879024, "health_need_score": 0.81536722011565088, "need_intensity": 0.4707698369523684, "priority_weighted_population": 2822.7359423664011, "health_priority_rank": 117 }, "geometry": { "type": "Point", "coordinates": [ -77.3214704, 38.6406633 ] } },
{ "type": "Feature", "properties": { "LocationID": "24033803100", "StateAbbr": "MD", "CountyName": "Prince George's", "CountyFIPS": 24033, "lon": -76.916304, "lat": 38.9092635, "TotalPopulation": 2688, "chronic_disease_burden_score": 1.1855341986058072, "preventive_care_gap_score": 0.44431802005268151, "health_need_score": 0.81492610932924436, "need_intensity": 0.47065048811447424, "priority_weighted_population": 1265.1085120517068, "health_priority_rank": 118 }, "geometry": { "type": "Point", "coordinates": [ -76.916304, 38.9092635 ] } },
{ "type": "Feature", "properties": { "LocationID": "24031703214", "StateAbbr": "MD", "CountyName": "Montgomery", "CountyFIPS": 24031, "lon": -77.0677793, "lat": 39.0850135, "TotalPopulation": 7345, "chronic_disease_burden_score": 0.25503286469293474, "preventive_care_gap_score": 1.3705579626277311, "health_need_score": 0.81279541366033292, "need_intensity": 0.47007399789970927, "priority_weighted_population": 3452.6935145733646, "health_priority_rank": 119 }, "geometry": { "type": "Point", "coordinates": [ -77.0677793, 39.0850135 ] } },
{ "type": "Feature", "properties": { "LocationID": "51187020300", "StateAbbr": "VA", "CountyName": "Warren", "CountyFIPS": 51187, "lon": -78.2882849, "lat": 38.9128381, "TotalPopulation": 6829, "chronic_disease_burden_score": 1.3665699925781618, "preventive_care_gap_score": 0.25704589013517182, "health_need_score": 0.81180794135666678, "need_intensity": 0.46980682313199318, "priority_weighted_population": 3208.3107951683814, "health_priority_rank": 120 }, "geometry": { "type": "Point", "coordinates": [ -78.2882849, 38.9128381 ] } },
{ "type": "Feature", "properties": { "LocationID": "51153900601", "StateAbbr": "VA", "CountyName": "Prince William", "CountyFIPS": 51153, "lon": -77.2572448, "lat": 38.6362957, "TotalPopulation": 3950, "chronic_disease_burden_score": 0.0056896125647586679, "preventive_care_gap_score": 1.6116948459272762, "health_need_score": 0.80869222924601747, "need_intensity": 0.4689638226181132, "priority_weighted_population": 1852.4070993415471, "health_priority_rank": 121 }, "geometry": { "type": "Point", "coordinates": [ -77.2572448, 38.6362957 ] } },
{ "type": "Feature", "properties": { "LocationID": "11001009700", "StateAbbr": "DC", "CountyName": "District of Columbia", "CountyFIPS": 11001, "lon": -76.9870248, "lat": 38.8354183, "TotalPopulation": 3188, "chronic_disease_burden_score": 1.0229642357280613, "preventive_care_gap_score": 0.57844479181274833, "health_need_score": 0.80070451377040475, "need_intensity": 0.46680263184966792, "priority_weighted_population": 1488.1667903367413, "health_priority_rank": 122 }, "geometry": { "type": "Point", "coordinates": [ -76.9870248, 38.8354183 ] } },
{ "type": "Feature", "properties": { "LocationID": "11001008903", "StateAbbr": "DC", "CountyName": "District of Columbia", "CountyFIPS": 11001, "lon": -76.977718, "lat": 38.9041579, "TotalPopulation": 3062, "chronic_disease_burden_score": 0.66414339176559911, "preventive_care_gap_score": 0.93302012855741467, "health_need_score": 0.79858176016150684, "need_intensity": 0.46622829047293252, "priority_weighted_population": 1427.5910254281193, "health_priority_rank": 123 }, "geometry": { "type": "Point", "coordinates": [ -76.977718, 38.9041579 ] } },
{ "type": "Feature", "properties": { "LocationID": "11001009601", "StateAbbr": "DC", "CountyName": "District of Columbia", "CountyFIPS": 11001, "lon": -76.9490606, "lat": 38.90913, "TotalPopulation": 2086, "chronic_disease_burden_score": 0.67426947980919649, "preventive_care_gap_score": 0.92051505635173825, "health_need_score": 0.79739226808046737, "need_intensity": 0.46590645636247502, "priority_weighted_population": 971.88086797212293, "health_priority_rank": 124 }, "geometry": { "type": "Point", "coordinates": [ -76.9490606, 38.90913 ] } },
{ "type": "Feature", "properties": { "LocationID": "51177020313", "StateAbbr": "VA", "CountyName": "Spotsylvania", "CountyFIPS": 51177, "lon": -77.5034593, "lat": 38.204463, "TotalPopulation": 695, "chronic_disease_burden_score": 0.21829297917993964, "preventive_care_gap_score": 1.372700855253701, "health_need_score": 0.79549691721682037, "need_intensity": 0.46539364205380501, "priority_weighted_population": 323.44858122739447, "health_priority_rank": 125 }, "geometry": { "type": "Point", "coordinates": [ -77.5034593, 38.204463 ] } },
{ "type": "Feature", "properties": { "LocationID": "24031700732", "StateAbbr": "MD", "CountyName": "Montgomery", "CountyFIPS": 24031, "lon": -77.1930288, "lat": 39.125288, "TotalPopulation": 3361, "chronic_disease_burden_score": 0.3869515207062893, "preventive_care_gap_score": 1.2022660355770378, "health_need_score": 0.79460877814166353, "need_intensity": 0.46515334331304686, "priority_weighted_population": 1563.3803868751504, "health_priority_rank": 126 }, "geometry": { "type": "Point", "coordinates": [ -77.1930288, 39.125288 ] } },
{ "type": "Feature", "properties": { "LocationID": "24033801405", "StateAbbr": "MD", "CountyName": "Prince George's", "CountyFIPS": 24033, "lon": -76.9902698, "lat": 38.7978743, "TotalPopulation": 4865, "chronic_disease_burden_score": 0.45807240543373756, "preventive_care_gap_score": 1.1246821329451686, "health_need_score": 0.79137726918945306, "need_intensity": 0.46427901230601637, "priority_weighted_population": 2258.7173948687696, "health_priority_rank": 127 }, "geometry": { "type": "Point", "coordinates": [ -76.9902698, 38.7978743 ] } },
{ "type": "Feature", "properties": { "LocationID": "24033803525", "StateAbbr": "MD", "CountyName": "Prince George's", "CountyFIPS": 24033, "lon": -76.8719606, "lat": 38.9096918, "TotalPopulation": 2354, "chronic_disease_burden_score": 0.9350215489993019, "preventive_care_gap_score": 0.63941441096901541, "health_need_score": 0.78721797998415866, "need_intensity": 0.46315365707006423, "priority_weighted_population": 1090.2637087429312, "health_priority_rank": 128 }, "geometry": { "type": "Point", "coordinates": [ -76.8719606, 38.9096918 ] } },
{ "type": "Feature", "properties": { "LocationID": "24033803509", "StateAbbr": "MD", "CountyName": "Prince George's", "CountyFIPS": 24033, "lon": -76.8810467, "lat": 38.9336796, "TotalPopulation": 4175, "chronic_disease_burden_score": 0.082429254958371695, "preventive_care_gap_score": 1.4785551807703878, "health_need_score": 0.78049221786437972, "need_intensity": 0.46133390584727663, "priority_weighted_population": 1926.0690569123799, "health_priority_rank": 129 }, "geometry": { "type": "Point", "coordinates": [ -76.8810467, 38.9336796 ] } },
{ "type": "Feature", "properties": { "LocationID": "11001007503", "StateAbbr": "DC", "CountyName": "District of Columbia", "CountyFIPS": 11001, "lon": -76.98709, "lat": 38.8640724, "TotalPopulation": 2528, "chronic_disease_burden_score": 0.45081897039518781, "preventive_care_gap_score": 1.0996890875813345, "health_need_score": 0.77525402898826123, "need_intensity": 0.45991663886061401, "priority_weighted_population": 1162.6692630396321, "health_priority_rank": 130 }, "geometry": { "type": "Point", "coordinates": [ -76.98709, 38.8640724 ] } },
{ "type": "Feature", "properties": { "LocationID": "51061930706", "StateAbbr": "VA", "CountyName": "Fauquier", "CountyFIPS": 51061, "lon": -77.7710901, "lat": 38.5410081, "TotalPopulation": 6071, "chronic_disease_burden_score": 0.66977545872737321, "preventive_care_gap_score": 0.8548373007868928, "health_need_score": 0.762306379757133, "need_intensity": 0.45641346701168983, "priority_weighted_population": 2770.8861582279692, "health_priority_rank": 131 }, "geometry": { "type": "Point", "coordinates": [ -77.7710901, 38.5410081 ] } },
{ "type": "Feature", "properties": { "LocationID": "24033801809", "StateAbbr": "MD", "CountyName": "Prince George's", "CountyFIPS": 24033, "lon": -76.9570032, "lat": 38.8434318, "TotalPopulation": 4107, "chronic_disease_burden_score": 1.2031102025051588, "preventive_care_gap_score": 0.31114605085814617, "health_need_score": 0.75712812668165252, "need_intensity": 0.45501241651388857, "priority_weighted_population": 1868.7359946225404, "health_priority_rank": 132 }, "geometry": { "type": "Point", "coordinates": [ -76.9570032, 38.8434318 ] } },
{ "type": "Feature", "properties": { "LocationID": "24031703219", "StateAbbr": "MD", "CountyName": "Montgomery", "CountyFIPS": 24031, "lon": -77.0631981, "lat": 39.1059788, "TotalPopulation": 3363, "chronic_disease_burden_score": 3.0293732403864424, "preventive_care_gap_score": -1.5311272189365144, "health_need_score": 0.74912301072496401, "need_intensity": 0.45284651779619517, "priority_weighted_population": 1522.9228393486044, "health_priority_rank": 133 }, "geometry": { "type": "Point", "coordinates": [ -77.0631981, 39.1059788 ] } },
{ "type": "Feature", "properties": { "LocationID": "51630000202", "StateAbbr": "VA", "CountyName": "Fredericksburg", "CountyFIPS": 51630, "lon": -77.4733537, "lat": 38.3151592, "TotalPopulation": 1521, "chronic_disease_burden_score": 1.2801213086129606, "preventive_care_gap_score": 0.20782550015010975, "health_need_score": 0.74397340438153514, "need_intensity": 0.45145321808183692, "priority_weighted_population": 686.66034470247394, "health_priority_rank": 134 }, "geometry": { "type": "Point", "coordinates": [ -77.4733537, 38.3151592 ] } },
{ "type": "Feature", "properties": { "LocationID": "24033804001", "StateAbbr": "MD", "CountyName": "Prince George's", "CountyFIPS": 24033, "lon": -76.9137092, "lat": 38.9465843, "TotalPopulation": 5339, "chronic_disease_burden_score": 0.62485267431546732, "preventive_care_gap_score": 0.85899841139543176, "health_need_score": 0.74192554285544954, "need_intensity": 0.45089913983020879, "priority_weighted_population": 2407.3505075534849, "health_priority_rank": 135 }, "geometry": { "type": "Point", "coordinates": [ -76.9137092, 38.9465843 ] } },
{ "type": "Feature", "properties": { "LocationID": "54037972506", "StateAbbr": "WV", "CountyName": "Jefferson", "CountyFIPS": 54037, "lon": -77.8403162, "lat": 39.2575056, "TotalPopulation": 4131, "chronic_disease_burden_score": 1.422461212769498, "preventive_care_gap_score": 0.055076753415194628, "health_need_score": 0.73876898309234629, "need_intensity": 0.45004508739921112, "priority_weighted_population": 1859.1362560461412, "health_priority_rank": 136 }, "geometry": { "type": "Point", "coordinates": [ -77.8403162, 39.2575056 ] } },
{ "type": "Feature", "properties": { "LocationID": "24033802901", "StateAbbr": "MD", "CountyName": "Prince George's", "CountyFIPS": 24033, "lon": -76.9033623, "lat": 38.8936958, "TotalPopulation": 4006, "chronic_disease_burden_score": 1.0793234952895872, "preventive_care_gap_score": 0.39290467881516178, "health_need_score": 0.73611408705237447, "need_intensity": 0.44932676726997178, "priority_weighted_population": 1800.0030296835071, "health_priority_rank": 137 }, "geometry": { "type": "Point", "coordinates": [ -76.9033623, 38.8936958 ] } },
{ "type": "Feature", "properties": { "LocationID": "24033805904", "StateAbbr": "MD", "CountyName": "Prince George's", "CountyFIPS": 24033, "lon": -76.968443, "lat": 38.9957928, "TotalPopulation": 3717, "chronic_disease_burden_score": 0.29834145355704028, "preventive_care_gap_score": 1.1569530576344234, "health_need_score": 0.72764725559573185, "need_intensity": 0.44703594481417136, "priority_weighted_population": 1661.6326068742749, "health_priority_rank": 138 }, "geometry": { "type": "Point", "coordinates": [ -76.968443, 38.9957928 ] } },
{ "type": "Feature", "properties": { "LocationID": "24033806713", "StateAbbr": "MD", "CountyName": "Prince George's", "CountyFIPS": 24033, "lon": -76.9025767, "lat": 39.0013909, "TotalPopulation": 4036, "chronic_disease_burden_score": -0.098506232255049272, "preventive_care_gap_score": 1.5454813038815471, "health_need_score": 0.72348753581324898, "need_intensity": 0.44591047307939702, "priority_weighted_population": 1799.6946693484463, "health_priority_rank": 139 }, "geometry": { "type": "Point", "coordinates": [ -76.9025767, 39.0013909 ] } },
{ "type": "Feature", "properties": { "LocationID": "24033806714", "StateAbbr": "MD", "CountyName": "Prince George's", "CountyFIPS": 24033, "lon": -76.910219, "lat": 39.0046859, "TotalPopulation": 5649, "chronic_disease_burden_score": -0.27261838335675787, "preventive_care_gap_score": 1.718298249891492, "health_need_score": 0.72283993326736706, "need_intensity": 0.44573525493998595, "priority_weighted_population": 2517.9584551559806, "health_priority_rank": 140 }, "geometry": { "type": "Point", "coordinates": [ -76.910219, 39.0046859 ] } },
{ "type": "Feature", "properties": { "LocationID": "11001006400", "StateAbbr": "DC", "CountyName": "District of Columbia", "CountyFIPS": 11001, "lon": -77.0114342, "lat": 38.8688572, "TotalPopulation": 2481, "chronic_disease_burden_score": 0.54295651227231978, "preventive_care_gap_score": 0.89598573170769491, "health_need_score": 0.7194711219900074, "need_intensity": 0.44482377482336283, "priority_weighted_population": 1103.6077853367631, "health_priority_rank": 141 }, "geometry": { "type": "Point", "coordinates": [ -77.0114342, 38.8688572 ] } },
{ "type": "Feature", "properties": { "LocationID": "51157950200", "StateAbbr": "VA", "CountyName": "Rappahannock", "CountyFIPS": 51157, "lon": -78.1387548, "lat": 38.640675, "TotalPopulation": 4619, "chronic_disease_burden_score": 1.7508745379390434, "preventive_care_gap_score": -0.32191568891241512, "health_need_score": 0.71447942451331414, "need_intensity": 0.44347319961341225, "priority_weighted_population": 2048.4027090143513, "health_priority_rank": 142 }, "geometry": { "type": "Point", "coordinates": [ -78.1387548, 38.640675 ] } },
{ "type": "Feature", "properties": { "LocationID": "24033800218", "StateAbbr": "MD", "CountyName": "Prince George's", "CountyFIPS": 24033, "lon": -76.8592109, "lat": 39.0693303, "TotalPopulation": 5612, "chronic_disease_burden_score": 0.50754450462391876, "preventive_care_gap_score": 0.91069116010195117, "health_need_score": 0.70911783236293502, "need_intensity": 0.44202254410434388, "priority_weighted_population": 2480.6305175135781, "health_priority_rank": 143 }, "geometry": { "type": "Point", "coordinates": [ -76.8592109, 39.0693303 ] } },
{ "type": "Feature", "properties": { "LocationID": "24033801214", "StateAbbr": "MD", "CountyName": "Prince George's", "CountyFIPS": 24033, "lon": -76.8505009, "lat": 38.7923197, "TotalPopulation": 4234, "chronic_disease_burden_score": 1.2864697741715541, "preventive_care_gap_score": 0.12733930236664304, "health_need_score": 0.7069045382690986, "need_intensity": 0.44142370570329442, "priority_weighted_population": 1868.9879699477485, "health_priority_rank": 144 }, "geometry": { "type": "Point", "coordinates": [ -76.8505009, 38.7923197 ] } },
{ "type": "Feature", "properties": { "LocationID": "24021750702", "StateAbbr": "MD", "CountyName": "Frederick", "CountyFIPS": 24021, "lon": -77.4203868, "lat": 39.4326934, "TotalPopulation": 3822, "chronic_disease_burden_score": 0.92880150857812194, "preventive_care_gap_score": 0.48039209450723835, "health_need_score": 0.70459680154268012, "need_intensity": 0.44079931449602561, "priority_weighted_population": 1684.7349800038098, "health_priority_rank": 145 }, "geometry": { "type": "Point", "coordinates": [ -77.4203868, 39.4326934 ] } },
{ "type": "Feature", "properties": { "LocationID": "24033800109", "StateAbbr": "MD", "CountyName": "Prince George's", "CountyFIPS": 24033, "lon": -76.8657097, "lat": 39.0989194, "TotalPopulation": 3892, "chronic_disease_burden_score": 0.47579945358268555, "preventive_care_gap_score": 0.93172751295425804, "health_need_score": 0.70376348326847182, "need_intensity": 0.44057384830774005, "priority_weighted_population": 1714.7134176137242, "health_priority_rank": 146 }, "geometry": { "type": "Point", "coordinates": [ -76.8657097, 39.0989194 ] } },
{ "type": "Feature", "properties": { "LocationID": "24033802104", "StateAbbr": "MD", "CountyName": "Prince George's", "CountyFIPS": 24033, "lon": -76.87917, "lat": 38.8374123, "TotalPopulation": 2178, "chronic_disease_burden_score": 1.139915215921494, "preventive_care_gap_score": 0.25834492699912026, "health_need_score": 0.69913007146030715, "need_intensity": 0.43932021241437558, "priority_weighted_population": 956.83942263850997, "health_priority_rank": 147 }, "geometry": { "type": "Point", "coordinates": [ -76.87917, 38.8374123 ] } },
{ "type": "Feature", "properties": { "LocationID": "24033804802", "StateAbbr": "MD", "CountyName": "Prince George's", "CountyFIPS": 24033, "lon": -76.963964, "lat": 38.9497841, "TotalPopulation": 2970, "chronic_disease_burden_score": -0.020843813217487864, "preventive_care_gap_score": 1.4156187385970422, "health_need_score": 0.69738746268977714, "need_intensity": 0.43884872466554681, "priority_weighted_population": 1303.3807122566741, "health_priority_rank": 148 }, "geometry": { "type": "Point", "coordinates": [ -76.963964, 38.9497841 ] } },
{ "type": "Feature", "properties": { "LocationID": "54037972800", "StateAbbr": "WV", "CountyName": "Jefferson", "CountyFIPS": 54037, "lon": -77.9405575, "lat": 39.2351271, "TotalPopulation": 6064, "chronic_disease_burden_score": 1.4855586231192675, "preventive_care_gap_score": -0.093686770434485381, "health_need_score": 0.69593592634239099, "need_intensity": 0.43845599072758779, "priority_weighted_population": 2658.7971277720922, "health_priority_rank": 149 }, "geometry": { "type": "Point", "coordinates": [ -77.9405575, 39.2351271 ] } },
{ "type": "Feature", "properties": { "LocationID": "51153901211", "StateAbbr": "VA", "CountyName": "Prince William", "CountyFIPS": 51153, "lon": -77.3398683, "lat": 38.6673898, "TotalPopulation": 4659, "chronic_disease_burden_score": 0.25944428462161528, "preventive_care_gap_score": 1.1282446790432079, "health_need_score": 0.69384448183241165, "need_intensity": 0.43789012047576381, "priority_weighted_population": 2040.1300712965835, "health_priority_rank": 150 }, "geometry": { "type": "Point", "coordinates": [ -77.3398683, 38.6673898 ] } },
{ "type": "Feature", "properties": { "LocationID": "54037972204", "StateAbbr": "WV", "CountyName": "Jefferson", "CountyFIPS": 54037, "lon": -77.8322891, "lat": 39.3967418, "TotalPopulation": 2438, "chronic_disease_burden_score": 1.6375112891315198, "preventive_care_gap_score": -0.25139641643574806, "health_need_score": 0.69305743634788586, "need_intensity": 0.43767717405313561, "priority_weighted_population": 1067.0569503415445, "health_priority_rank": 151 }, "geometry": { "type": "Point", "coordinates": [ -77.8322891, 39.3967418 ] } },
{ "type": "Feature", "properties": { "LocationID": "51177020405", "StateAbbr": "VA", "CountyName": "Spotsylvania", "CountyFIPS": 51177, "lon": -77.8483583, "lat": 38.1471161, "TotalPopulation": 3677, "chronic_disease_burden_score": 1.4895685228355171, "preventive_care_gap_score": -0.10670376914468364, "health_need_score": 0.6914323768454167, "need_intensity": 0.43723749094153336, "priority_weighted_population": 1607.7222541920182, "health_priority_rank": 152 }, "geometry": { "type": "Point", "coordinates": [ -77.8483583, 38.1471161 ] } },
{ "type": "Feature", "properties": { "LocationID": "24033802700", "StateAbbr": "MD", "CountyName": "Prince George's", "CountyFIPS": 24033, "lon": -76.9143548, "lat": 38.8840144, "TotalPopulation": 2675, "chronic_disease_burden_score": 0.9651710978126673, "preventive_care_gap_score": 0.41420371863482763, "health_need_score": 0.68968740822374741, "need_intensity": 0.43676536470119692, "priority_weighted_population": 1168.3473505757017, "health_priority_rank": 153 }, "geometry": { "type": "Point", "coordinates": [ -76.9143548, 38.8840144 ] } },
{ "type": "Feature", "properties": { "LocationID": "54037972203", "StateAbbr": "WV", "CountyName": "Jefferson", "CountyFIPS": 54037, "lon": -77.7760116, "lat": 39.3917373, "TotalPopulation": 2488, "chronic_disease_burden_score": 1.6680305411270275, "preventive_care_gap_score": -0.28973594649721629, "health_need_score": 0.68914729731490565, "need_intensity": 0.43661922996296182, "priority_weighted_population": 1086.308644147849, "health_priority_rank": 154 }, "geometry": { "type": "Point", "coordinates": [ -77.7760116, 39.3917373 ] } },
{ "type": "Feature", "properties": { "LocationID": "51059440504", "StateAbbr": "VA", "CountyName": "Fairfax", "CountyFIPS": 51059, "lon": -77.310936, "lat": 38.8450359, "TotalPopulation": 643, "chronic_disease_burden_score": -1.0666778673036144, "preventive_care_gap_score": 2.4438753515541682, "health_need_score": 0.68859874212527694, "need_intensity": 0.43647081050367736, "priority_weighted_population": 280.65073115386457, "health_priority_rank": 155 }, "geometry": { "type": "Point", "coordinates": [ -77.310936, 38.8450359 ] } },
{ "type": "Feature", "properties": { "LocationID": "24033807410", "StateAbbr": "MD", "CountyName": "Prince George's", "CountyFIPS": 24033, "lon": -76.9464217, "lat": 39.0450064, "TotalPopulation": 5966, "chronic_disease_burden_score": 1.3674387225889888, "preventive_care_gap_score": 0.0050777301445015981, "health_need_score": 0.68625822636674516, "need_intensity": 0.4358375504600287, "priority_weighted_population": 2600.2068260445312, "health_priority_rank": 156 }, "geometry": { "type": "Point", "coordinates": [ -76.9464217, 39.0450064 ] } },
{ "type": "Feature", "properties": { "LocationID": "24033803803", "StateAbbr": "MD", "CountyName": "Prince George's", "CountyFIPS": 24033, "lon": -76.8973349, "lat": 38.9548118, "TotalPopulation": 6062, "chronic_disease_burden_score": 0.18999503090082248, "preventive_care_gap_score": 1.1823359305089969, "health_need_score": 0.68616548070490968, "need_intensity": 0.43581245679353736, "priority_weighted_population": 2641.8951130824234, "health_priority_rank": 157 }, "geometry": { "type": "Point", "coordinates": [ -76.8973349, 38.9548118 ] } },
{ "type": "Feature", "properties": { "LocationID": "11001007807", "StateAbbr": "DC", "CountyName": "District of Columbia", "CountyFIPS": 11001, "lon": -76.9210632, "lat": 38.8985783, "TotalPopulation": 2114, "chronic_disease_burden_score": 0.81925025577682087, "preventive_care_gap_score": 0.54424562509189556, "health_need_score": 0.68174794043435827, "need_intensity": 0.43461722803493935, "priority_weighted_population": 918.7808200658618, "health_priority_rank": 158 }, "geometry": { "type": "Point", "coordinates": [ -76.9210632, 38.8985783 ] } },
{ "type": "Feature", "properties": { "LocationID": "24033802203", "StateAbbr": "MD", "CountyName": "Prince George's", "CountyFIPS": 24033, "lon": -76.8703467, "lat": 38.8520844, "TotalPopulation": 4691, "chronic_disease_burden_score": 1.0980006988903488, "preventive_care_gap_score": 0.26335860129480643, "health_need_score": 0.68067965009257758, "need_intensity": 0.43432818679007718, "priority_weighted_population": 2037.433524232252, "health_priority_rank": 159 }, "geometry": { "type": "Point", "coordinates": [ -76.8703467, 38.8520844 ] } },
{ "type": "Feature", "properties": { "LocationID": "24033802301", "StateAbbr": "MD", "CountyName": "Prince George's", "CountyFIPS": 24033, "lon": -76.8906411, "lat": 38.8571492, "TotalPopulation": 3688, "chronic_disease_burden_score": 1.2266938820985434, "preventive_care_gap_score": 0.13276788028782324, "health_need_score": 0.67973088119318326, "need_intensity": 0.43407148378243759, "priority_weighted_population": 1600.8556321896299, "health_priority_rank": 160 }, "geometry": { "type": "Point", "coordinates": [ -76.8906411, 38.8571492 ] } },
{ "type": "Feature", "properties": { "LocationID": "54037972601", "StateAbbr": "WV", "CountyName": "Jefferson", "CountyFIPS": 54037, "lon": -77.7913914, "lat": 39.2933111, "TotalPopulation": 1950, "chronic_disease_burden_score": 1.5477587557247927, "preventive_care_gap_score": -0.19170773998725668, "health_need_score": 0.67802550786876803, "need_intensity": 0.43361007061659168, "priority_weighted_population": 845.53963770235373, "health_priority_rank": 161 }, "geometry": { "type": "Point", "coordinates": [ -77.7913914, 39.2933111 ] } },
{ "type": "Feature", "properties": { "LocationID": "24033801808", "StateAbbr": "MD", "CountyName": "Prince George's", "CountyFIPS": 24033, "lon": -76.9625289, "lat": 38.8327451, "TotalPopulation": 3761, "chronic_disease_burden_score": 0.83812498999820595, "preventive_care_gap_score": 0.51545690935106014, "health_need_score": 0.67679094967463305, "need_intensity": 0.43327604322410146, "priority_weighted_population": 1629.5511985658457, "health_priority_rank": 162 }, "geometry": { "type": "Point", "coordinates": [ -76.9625289, 38.8327451 ] } },
{ "type": "Feature", "properties": { "LocationID": "54037972503", "StateAbbr": "WV", "CountyName": "Jefferson", "CountyFIPS": 54037, "lon": -77.8366763, "lat": 39.2992138, "TotalPopulation": 4049, "chronic_disease_burden_score": 1.120328927628556, "preventive_care_gap_score": 0.23299270629887284, "health_need_score": 0.67666081696371438, "need_intensity": 0.433240833956274, "priority_weighted_population": 1754.1921366889535, "health_priority_rank": 163 }, "geometry": { "type": "Point", "coordinates": [ -77.8366763, 39.2992138 ] } },
{ "type": "Feature", "properties": { "LocationID": "24033804400", "StateAbbr": "MD", "CountyName": "Prince George's", "CountyFIPS": 24033, "lon": -76.9438421, "lat": 38.9268332, "TotalPopulation": 2922, "chronic_disease_burden_score": 0.28623017408458834, "preventive_care_gap_score": 1.066197474377542, "health_need_score": 0.67621382423106513, "need_intensity": 0.43311989367362208, "priority_weighted_population": 1265.5763293143236, "health_priority_rank": 164 }, "geometry": { "type": "Point", "coordinates": [ -76.9438421, 38.9268332 ] } },
{ "type": "Feature", "properties": { "LocationID": "24017850901", "StateAbbr": "MD", "CountyName": "Charles", "CountyFIPS": 24017, "lon": -76.9093737, "lat": 38.6119042, "TotalPopulation": 5761, "chronic_disease_burden_score": 1.0599563638203318, "preventive_care_gap_score": 0.28721880596007399, "health_need_score": 0.67358758489020287, "need_intensity": 0.43240932702455598, "priority_weighted_population": 2491.1101329884668, "health_priority_rank": 165 }, "geometry": { "type": "Point", "coordinates": [ -76.9093737, 38.6119042 ] } },
{ "type": "Feature", "properties": { "LocationID": "51061930101", "StateAbbr": "VA", "CountyName": "Fauquier", "CountyFIPS": 51061, "lon": -77.8843126, "lat": 38.9414757, "TotalPopulation": 3182, "chronic_disease_burden_score": 1.1218186193555266, "preventive_care_gap_score": 0.2236973541488266, "health_need_score": 0.67275798675217657, "need_intensity": 0.43218486737236939, "priority_weighted_population": 1375.2122479788793, "health_priority_rank": 166 }, "geometry": { "type": "Point", "coordinates": [ -77.8843126, 38.9414757 ] } },
{ "type": "Feature", "properties": { "LocationID": "24033803700", "StateAbbr": "MD", "CountyName": "Prince George's", "CountyFIPS": 24033, "lon": -76.8881511, "lat": 38.9433616, "TotalPopulation": 2950, "chronic_disease_burden_score": 0.13091099650142296, "preventive_care_gap_score": 1.2130817034988073, "health_need_score": 0.67199635000011515, "need_intensity": 0.43197879564604291, "priority_weighted_population": 1274.3374471558266, "health_priority_rank": 167 }, "geometry": { "type": "Point", "coordinates": [ -76.8881511, 38.9433616 ] } },
{ "type": "Feature", "properties": { "LocationID": "24033802501", "StateAbbr": "MD", "CountyName": "Prince George's", "CountyFIPS": 24033, "lon": -76.9448553, "lat": 38.8623009, "TotalPopulation": 3231, "chronic_disease_burden_score": 1.0046963188956204, "preventive_care_gap_score": 0.33225874393475913, "health_need_score": 0.66847753141518973, "need_intensity": 0.43102672890495869, "priority_weighted_population": 1392.6473610919215, "health_priority_rank": 168 }, "geometry": { "type": "Point", "coordinates": [ -76.9448553, 38.8623009 ] } },
{ "type": "Feature", "properties": { "LocationID": "11001010400", "StateAbbr": "DC", "CountyName": "District of Columbia", "CountyFIPS": 11001, "lon": -77.0009082, "lat": 38.8512668, "TotalPopulation": 4616, "chronic_disease_burden_score": 0.79398624390296757, "preventive_care_gap_score": 0.53575379909630527, "health_need_score": 0.66487002149963637, "need_intensity": 0.43005066545473036, "priority_weighted_population": 1985.1138717390354, "health_priority_rank": 169 }, "geometry": { "type": "Point", "coordinates": [ -77.0009082, 38.8512668 ] } },
{ "type": "Feature", "properties": { "LocationID": "24033804102", "StateAbbr": "MD", "CountyName": "Prince George's", "CountyFIPS": 24033, "lon": -76.9009524, "lat": 38.9375103, "TotalPopulation": 6888, "chronic_disease_burden_score": 0.25167261814411857, "preventive_care_gap_score": 1.0737050517050279, "health_need_score": 0.6626888349245732, "need_intensity": 0.42946051420251369, "priority_weighted_population": 2958.1240218269145, "health_priority_rank": 170 }, "geometry": { "type": "Point", "coordinates": [ -76.9009524, 38.9375103 ] } },
{ "type": "Feature", "properties": { "LocationID": "24033802407", "StateAbbr": "MD", "CountyName": "Prince George's", "CountyFIPS": 24033, "lon": -76.9089053, "lat": 38.8593834, "TotalPopulation": 3611, "chronic_disease_burden_score": 0.99392550435505556, "preventive_care_gap_score": 0.33030282380741088, "health_need_score": 0.66211416408123325, "need_intensity": 0.42930502877926435, "priority_weighted_population": 1550.2204589219236, "health_priority_rank": 171 }, "geometry": { "type": "Point", "coordinates": [ -76.9089053, 38.8593834 ] } },
{ "type": "Feature", "properties": { "LocationID": "51177020110", "StateAbbr": "VA", "CountyName": "Spotsylvania", "CountyFIPS": 51177, "lon": -77.5564746, "lat": 38.2735515, "TotalPopulation": 3881, "chronic_disease_burden_score": 0.58387465878710298, "preventive_care_gap_score": 0.73107632222035135, "health_need_score": 0.65747549050372722, "need_intensity": 0.42804996923888072, "priority_weighted_population": 1661.2619306160962, "health_priority_rank": 172 }, "geometry": { "type": "Point", "coordinates": [ -77.5564746, 38.2735515 ] } },
{ "type": "Feature", "properties": { "LocationID": "24033807409", "StateAbbr": "MD", "CountyName": "Prince George's", "CountyFIPS": 24033, "lon": -76.9471923, "lat": 39.0378008, "TotalPopulation": 4002, "chronic_disease_burden_score": 0.22758283076539751, "preventive_care_gap_score": 1.0843084740391102, "health_need_score": 0.65594565240225389, "need_intensity": 0.42763604964044061, "priority_weighted_population": 1711.3994706610433, "health_priority_rank": 173 }, "geometry": { "type": "Point", "coordinates": [ -76.9471923, 39.0378008 ] } },
{ "type": "Feature", "properties": { "LocationID": "51157950100", "StateAbbr": "VA", "CountyName": "Rappahannock", "CountyFIPS": 51157, "lon": -78.1897421, "lat": 38.7499605, "TotalPopulation": 2729, "chronic_disease_burden_score": 1.4564760896108184, "preventive_care_gap_score": -0.15384334686039791, "health_need_score": 0.65131637137521026, "need_intensity": 0.42638353138904173, "priority_weighted_population": 1163.6006571606949, "health_priority_rank": 174 }, "geometry": { "type": "Point", "coordinates": [ -78.1897421, 38.7499605 ] } },
{ "type": "Feature", "properties": { "LocationID": "24031702101", "StateAbbr": "MD", "CountyName": "Montgomery", "CountyFIPS": 24031, "lon": -76.9944183, "lat": 39.0084284, "TotalPopulation": 6021, "chronic_disease_burden_score": 0.55508452868853386, "preventive_care_gap_score": 0.74675139745834285, "health_need_score": 0.6509179630734383, "need_intensity": 0.4262757363196642, "priority_weighted_population": 2566.6062083806983, "health_priority_rank": 175 }, "geometry": { "type": "Point", "coordinates": [ -76.9944183, 39.0084284 ] } },
{ "type": "Feature", "properties": { "LocationID": "11001001803", "StateAbbr": "DC", "CountyName": "District of Columbia", "CountyFIPS": 11001, "lon": -77.0419173, "lat": 38.9672412, "TotalPopulation": 4102, "chronic_disease_burden_score": 0.51446647901459719, "preventive_care_gap_score": 0.78630190815389256, "health_need_score": 0.65038419358424493, "need_intensity": 0.42613131734329424, "priority_weighted_population": 1747.990663742193, "health_priority_rank": 176 }, "geometry": { "type": "Point", "coordinates": [ -77.0419173, 38.9672412 ] } },
{ "type": "Feature", "properties": { "LocationID": "24031703302", "StateAbbr": "MD", "CountyName": "Montgomery", "CountyFIPS": 24031, "lon": -77.0819211, "lat": 39.0736794, "TotalPopulation": 4446, "chronic_disease_burden_score": 0.12979722167014718, "preventive_care_gap_score": 1.1640678142214875, "health_need_score": 0.64693251794581741, "need_intensity": 0.42519741708755626, "priority_weighted_population": 1890.4277163712752, "health_priority_rank": 177 }, "geometry": { "type": "Point", "coordinates": [ -77.0819211, 39.0736794 ] } },
{ "type": "Feature", "properties": { "LocationID": "51179010504", "StateAbbr": "VA", "CountyName": "Stafford", "CountyFIPS": 51179, "lon": -77.3778722, "lat": 38.2704318, "TotalPopulation": 1935, "chronic_disease_burden_score": 1.2828444526475398, "preventive_care_gap_score": 0.0081872927540811193, "health_need_score": 0.64551587270081046, "need_intensity": 0.42481412343682234, "priority_weighted_population": 822.01532885025119, "health_priority_rank": 178 }, "geometry": { "type": "Point", "coordinates": [ -77.3778722, 38.2704318 ] } },
{ "type": "Feature", "properties": { "LocationID": "24033806000", "StateAbbr": "MD", "CountyName": "Prince George's", "CountyFIPS": 24033, "lon": -76.961756, "lat": 38.9626564, "TotalPopulation": 6345, "chronic_disease_burden_score": -0.13927011448585522, "preventive_care_gap_score": 1.4270925943949446, "health_need_score": 0.64391123995454469, "need_intensity": 0.42437996707652609, "priority_weighted_population": 2692.690891100558, "health_priority_rank": 179 }, "geometry": { "type": "Point", "coordinates": [ -76.961756, 38.9626564 ] } },
{ "type": "Feature", "properties": { "LocationID": "51059450200", "StateAbbr": "VA", "CountyName": "Fairfax", "CountyFIPS": 51059, "lon": -77.1914399, "lat": 38.8712906, "TotalPopulation": 4330, "chronic_disease_burden_score": 0.14368707991108581, "preventive_care_gap_score": 1.1396054970609553, "health_need_score": 0.64164628848602057, "need_intensity": 0.42376715203326421, "priority_weighted_population": 1834.911768304034, "health_priority_rank": 180 }, "geometry": { "type": "Point", "coordinates": [ -77.1914399, 38.8712906 ] } },
{ "type": "Feature", "properties": { "LocationID": "51153900602", "StateAbbr": "VA", "CountyName": "Prince William", "CountyFIPS": 51153, "lon": -77.256415, "lat": 38.6469519, "TotalPopulation": 4332, "chronic_disease_burden_score": -0.28717250115902676, "preventive_care_gap_score": 1.5703555983247235, "health_need_score": 0.64159154858284839, "need_intensity": 0.42375234136884304, "priority_weighted_population": 1835.695142809828, "health_priority_rank": 181 }, "geometry": { "type": "Point", "coordinates": [ -77.256415, 38.6469519 ] } },
{ "type": "Feature", "properties": { "LocationID": "24033804300", "StateAbbr": "MD", "CountyName": "Prince George's", "CountyFIPS": 24033, "lon": -76.9304323, "lat": 38.9256205, "TotalPopulation": 3677, "chronic_disease_burden_score": 0.40007116588843683, "preventive_care_gap_score": 0.88092450933962763, "health_need_score": 0.64049783761403223, "need_intensity": 0.42345642220943258, "priority_weighted_population": 1557.0492644640835, "health_priority_rank": 182 }, "geometry": { "type": "Point", "coordinates": [ -76.9304323, 38.9256205 ] } },
{ "type": "Feature", "properties": { "LocationID": "24033800103", "StateAbbr": "MD", "CountyName": "Prince George's", "CountyFIPS": 24033, "lon": -76.8401149, "lat": 39.0966921, "TotalPopulation": 2454, "chronic_disease_burden_score": 0.10254204988112797, "preventive_care_gap_score": 1.1751871683936923, "health_need_score": 0.63886460913741017, "need_intensity": 0.42301452886493202, "priority_weighted_population": 1038.0776538345431, "health_priority_rank": 183 }, "geometry": { "type": "Point", "coordinates": [ -76.8401149, 39.0966921 ] } },
{ "type": "Feature", "properties": { "LocationID": "24033805201", "StateAbbr": "MD", "CountyName": "Prince George's", "CountyFIPS": 24033, "lon": -76.9954638, "lat": 38.9664183, "TotalPopulation": 4254, "chronic_disease_burden_score": 0.13704756586632982, "preventive_care_gap_score": 1.1315065016324597, "health_need_score": 0.63427703374939481, "need_intensity": 0.42177329467120089, "priority_weighted_population": 1794.2235955312885, "health_priority_rank": 184 }, "geometry": { "type": "Point", "coordinates": [ -76.9954638, 38.9664183 ] } },
{ "type": "Feature", "properties": { "LocationID": "24017850400", "StateAbbr": "MD", "CountyName": "Charles", "CountyFIPS": 24017, "lon": -77.2060697, "lat": 38.4504408, "TotalPopulation": 3559, "chronic_disease_burden_score": 1.3192878613244079, "preventive_care_gap_score": -0.051287315029752464, "health_need_score": 0.63400027314732776, "need_intensity": 0.42169841312840145, "priority_weighted_population": 1500.8246523239807, "health_priority_rank": 185 }, "geometry": { "type": "Point", "coordinates": [ -77.2060697, 38.4504408 ] } },
{ "type": "Feature", "properties": { "LocationID": "51043010101", "StateAbbr": "VA", "CountyName": "Clarke", "CountyFIPS": 51043, "lon": -77.985989, "lat": 39.1493529, "TotalPopulation": 4595, "chronic_disease_burden_score": 1.1779035536926539, "preventive_care_gap_score": 0.076559049999706016, "health_need_score": 0.62723130184617992, "need_intensity": 0.41986697104304227, "priority_weighted_population": 1929.2887319427791, "health_priority_rank": 186 }, "geometry": { "type": "Point", "coordinates": [ -77.985989, 39.1493529 ] } },
{ "type": "Feature", "properties": { "LocationID": "24033803002", "StateAbbr": "MD", "CountyName": "Prince George's", "CountyFIPS": 24033, "lon": -76.8954348, "lat": 38.9032756, "TotalPopulation": 2791, "chronic_disease_burden_score": 0.96313935882604929, "preventive_care_gap_score": 0.28798030793418589, "health_need_score": 0.62555983338011756, "need_intensity": 0.41941473132198182, "priority_weighted_population": 1170.5865151196513, "health_priority_rank": 187 }, "geometry": { "type": "Point", "coordinates": [ -76.8954348, 38.9032756 ] } },
{ "type": "Feature", "properties": { "LocationID": "51187020601", "StateAbbr": "VA", "CountyName": "Warren", "CountyFIPS": 51187, "lon": -78.1575275, "lat": 38.9347811, "TotalPopulation": 6094, "chronic_disease_burden_score": 0.91464330602959987, "preventive_care_gap_score": 0.33400664048767886, "health_need_score": 0.62432497325863934, "need_intensity": 0.41908062223872666, "priority_weighted_population": 2553.8773119228003, "health_priority_rank": 188 }, "geometry": { "type": "Point", "coordinates": [ -78.1575275, 38.9347811 ] } },
{ "type": "Feature", "properties": { "LocationID": "24021766800", "StateAbbr": "MD", "CountyName": "Frederick", "CountyFIPS": 24021, "lon": -77.344928, "lat": 39.6979835, "TotalPopulation": 5872, "chronic_disease_burden_score": 0.17283942380821113, "preventive_care_gap_score": 1.074242800388896, "health_need_score": 0.62354111209855356, "need_intensity": 0.41886853738066021, "priority_weighted_population": 2459.5960514992366, "health_priority_rank": 189 }, "geometry": { "type": "Point", "coordinates": [ -77.344928, 39.6979835 ] } },
{ "type": "Feature", "properties": { "LocationID": "24033803200", "StateAbbr": "MD", "CountyName": "Prince George's", "CountyFIPS": 24033, "lon": -76.8954776, "lat": 38.9233213, "TotalPopulation": 2860, "chronic_disease_burden_score": 0.55038017315236132, "preventive_care_gap_score": 0.68600309007226867, "health_need_score": 0.61819163161231505, "need_intensity": 0.41742115885570719, "priority_weighted_population": 1193.8245143273225, "health_priority_rank": 190 }, "geometry": { "type": "Point", "coordinates": [ -76.8954776, 38.9233213 ] } },
{ "type": "Feature", "properties": { "LocationID": "11001007605", "StateAbbr": "DC", "CountyName": "District of Columbia", "CountyFIPS": 11001, "lon": -76.9752566, "lat": 38.8660433, "TotalPopulation": 3663, "chronic_disease_burden_score": 0.87618774867149052, "preventive_care_gap_score": 0.35941183943095761, "health_need_score": 0.61779979405122409, "need_intensity": 0.41731514159428301, "priority_weighted_population": 1528.6253636598587, "health_priority_rank": 191 }, "geometry": { "type": "Point", "coordinates": [ -76.9752566, 38.8660433 ] } },
{ "type": "Feature", "properties": { "LocationID": "24033802600", "StateAbbr": "MD", "CountyName": "Prince George's", "CountyFIPS": 24033, "lon": -76.9241902, "lat": 38.8755529, "TotalPopulation": 3318, "chronic_disease_burden_score": 0.68079164541509518, "preventive_care_gap_score": 0.55407675127151745, "health_need_score": 0.61743419834330626, "need_intensity": 0.41721622444189477, "priority_weighted_population": 1384.3234326982069, "health_priority_rank": 192 }, "geometry": { "type": "Point", "coordinates": [ -76.9241902, 38.8755529 ] } },
{ "type": "Feature", "properties": { "LocationID": "11001010800", "StateAbbr": "DC", "CountyName": "District of Columbia", "CountyFIPS": 11001, "lon": -77.044612, "lat": 38.8973521, "TotalPopulation": 6879, "chronic_disease_burden_score": -1.5827681453119715, "preventive_care_gap_score": 2.8119086262623263, "health_need_score": 0.61457024047517739, "need_intensity": 0.41644133964226543, "priority_weighted_population": 2864.699975399144, "health_priority_rank": 193 }, "geometry": { "type": "Point", "coordinates": [ -77.044612, 38.8973521 ] } },
{ "type": "Feature", "properties": { "LocationID": "24033803608", "StateAbbr": "MD", "CountyName": "Prince George's", "CountyFIPS": 24033, "lon": -76.8506247, "lat": 38.9550751, "TotalPopulation": 6581, "chronic_disease_burden_score": 0.58519577691760949, "preventive_care_gap_score": 0.6356991955948933, "health_need_score": 0.61044748625625145, "need_intensity": 0.41532586946988448, "priority_weighted_population": 2733.2595469813095, "health_priority_rank": 194 }, "geometry": { "type": "Point", "coordinates": [ -76.8506247, 38.9550751 ] } },
{ "type": "Feature", "properties": { "LocationID": "51177020403", "StateAbbr": "VA", "CountyName": "Spotsylvania", "CountyFIPS": 51177, "lon": -77.6298383, "lat": 38.0730922, "TotalPopulation": 4091, "chronic_disease_burden_score": 1.0059077670604777, "preventive_care_gap_score": 0.21378366660801326, "health_need_score": 0.60984571683424549, "need_intensity": 0.41516305213825283, "priority_weighted_population": 1698.4320462975923, "health_priority_rank": 195 }, "geometry": { "type": "Point", "coordinates": [ -77.6298383, 38.0730922 ] } },
{ "type": "Feature", "properties": { "LocationID": "51177020404", "StateAbbr": "VA", "CountyName": "Spotsylvania", "CountyFIPS": 51177, "lon": -77.7060594, "lat": 38.0721767, "TotalPopulation": 3677, "chronic_disease_burden_score": 1.1123846746910355, "preventive_care_gap_score": 0.10659052021674814, "health_need_score": 0.60948759745389181, "need_intensity": 0.41506615781331291, "priority_weighted_population": 1526.1982622795515, "health_priority_rank": 196 }, "geometry": { "type": "Point", "coordinates": [ -77.7060594, 38.0721767 ] } },
{ "type": "Feature", "properties": { "LocationID": "24033803605", "StateAbbr": "MD", "CountyName": "Prince George's", "CountyFIPS": 24033, "lon": -76.8834453, "lat": 38.9692863, "TotalPopulation": 7464, "chronic_disease_burden_score": 0.34985480950933012, "preventive_care_gap_score": 0.86893956874605471, "health_need_score": 0.60939718912769236, "need_intensity": 0.41504169654643763, "priority_weighted_population": 3097.8712230226106, "health_priority_rank": 197 }, "geometry": { "type": "Point", "coordinates": [ -76.8834453, 38.9692863 ] } },
{ "type": "Feature", "properties": { "LocationID": "51107610505", "StateAbbr": "VA", "CountyName": "Loudoun", "CountyFIPS": 51107, "lon": -77.550885, "lat": 39.1111887, "TotalPopulation": 6702, "chronic_disease_burden_score": -0.27599516212430453, "preventive_care_gap_score": 1.4854738564963417, "health_need_score": 0.60473934718601852, "need_intensity": 0.41378145073072764, "priority_weighted_population": 2773.1632827973367, "health_priority_rank": 198 }, "geometry": { "type": "Point", "coordinates": [ -77.550885, 39.1111887 ] } },
{ "type": "Feature", "properties": { "LocationID": "24033802804", "StateAbbr": "MD", "CountyName": "Prince George's", "CountyFIPS": 24033, "lon": -76.8789655, "lat": 38.8807289, "TotalPopulation": 5689, "chronic_disease_burden_score": 0.96752834543539701, "preventive_care_gap_score": 0.23930703064100969, "health_need_score": 0.60341768803820339, "need_intensity": 0.41342385692834316, "priority_weighted_population": 2351.9683220653442, "health_priority_rank": 199 }, "geometry": { "type": "Point", "coordinates": [ -76.8789655, 38.8807289 ] } },
{ "type": "Feature", "properties": { "LocationID": "24017851301", "StateAbbr": "MD", "CountyName": "Charles", "CountyFIPS": 24017, "lon": -76.8729416, "lat": 38.4480974, "TotalPopulation": 4900, "chronic_disease_burden_score": 1.0884584621636153, "preventive_care_gap_score": 0.093960204307933698, "health_need_score": 0.59120933323577451, "need_intensity": 0.41012071177032289, "priority_weighted_population": 2009.5914876745821, "health_priority_rank": 200 }, "geometry": { "type": "Point", "coordinates": [ -76.8729416, 38.4480974 ] } },
{ "type": "Feature", "properties": { "LocationID": "51153901704", "StateAbbr": "VA", "CountyName": "Prince William", "CountyFIPS": 51153, "lon": -77.4996021, "lat": 38.7797454, "TotalPopulation": 6821, "chronic_disease_burden_score": -0.18868369004577462, "preventive_care_gap_score": 1.3682405078207227, "health_need_score": 0.58977840888747401, "need_intensity": 0.40973355470378331, "priority_weighted_population": 2794.7925766345061, "health_priority_rank": 201 }, "geometry": { "type": "Point", "coordinates": [ -77.4996021, 38.7797454 ] } },
{ "type": "Feature", "properties": { "LocationID": "51187020700", "StateAbbr": "VA", "CountyName": "Warren", "CountyFIPS": 51187, "lon": -78.2662101, "lat": 38.825048, "TotalPopulation": 3536, "chronic_disease_burden_score": 1.3111614208150391, "preventive_care_gap_score": -0.13166275009249032, "health_need_score": 0.58974933536127438, "need_intensity": 0.40972568844507384, "priority_weighted_population": 1448.7900343417812, "health_priority_rank": 202 }, "geometry": { "type": "Point", "coordinates": [ -78.2662101, 38.825048 ] } },
{ "type": "Feature", "properties": { "LocationID": "24033801216", "StateAbbr": "MD", "CountyName": "Prince George's", "CountyFIPS": 24033, "lon": -76.9148895, "lat": 38.7523033, "TotalPopulation": 3724, "chronic_disease_burden_score": 1.1759854752620413, "preventive_care_gap_score": -0.0033523372573685973, "health_need_score": 0.58631656900233642, "need_intensity": 0.40879690436559368, "priority_weighted_population": 1522.3596718574709, "health_priority_rank": 203 }, "geometry": { "type": "Point", "coordinates": [ -76.9148895, 38.7523033 ] } },
{ "type": "Feature", "properties": { "LocationID": "51013102701", "StateAbbr": "VA", "CountyName": "Arlington", "CountyFIPS": 51013, "lon": -77.1020908, "lat": 38.8558721, "TotalPopulation": 3579, "chronic_disease_burden_score": 0.11267508236454492, "preventive_care_gap_score": 1.0505217017149944, "health_need_score": 0.5815983920397696, "need_intensity": 0.40752033404626736, "priority_weighted_population": 1458.515275551591, "health_priority_rank": 204 }, "geometry": { "type": "Point", "coordinates": [ -77.1020908, 38.8558721 ] } },
{ "type": "Feature", "properties": { "LocationID": "24033803610", "StateAbbr": "MD", "CountyName": "Prince George's", "CountyFIPS": 24033, "lon": -76.880049, "lat": 38.9630071, "TotalPopulation": 3527, "chronic_disease_burden_score": 0.53122578035641721, "preventive_care_gap_score": 0.63168182750665514, "health_need_score": 0.58145380393153623, "need_intensity": 0.40748121366376311, "priority_weighted_population": 1437.1862405920924, "health_priority_rank": 205 }, "geometry": { "type": "Point", "coordinates": [ -76.880049, 38.9630071 ] } },
{ "type": "Feature", "properties": { "LocationID": "51683910401", "StateAbbr": "VA", "CountyName": "Manassas", "CountyFIPS": 51683, "lon": -77.4826328, "lat": 38.7468077, "TotalPopulation": 7543, "chronic_disease_burden_score": -0.18584320078328478, "preventive_care_gap_score": 1.3486761976157573, "health_need_score": 0.58141649841623622, "need_intensity": 0.40747112012255915, "priority_weighted_population": 3073.5546590844638, "health_priority_rank": 206 }, "geometry": { "type": "Point", "coordinates": [ -77.4826328, 38.7468077 ] } },
{ "type": "Feature", "properties": { "LocationID": "51059451501", "StateAbbr": "VA", "CountyName": "Fairfax", "CountyFIPS": 51059, "lon": -77.1443728, "lat": 38.8642756, "TotalPopulation": 5868, "chronic_disease_burden_score": 0.16942617265721233, "preventive_care_gap_score": 0.99151704914055783, "health_need_score": 0.5804716108988851, "need_intensity": 0.40721546727839447, "priority_weighted_population": 2389.5403619896188, "health_priority_rank": 207 }, "geometry": { "type": "Point", "coordinates": [ -77.1443728, 38.8642756 ] } },
{ "type": "Feature", "properties": { "LocationID": "51153900201", "StateAbbr": "VA", "CountyName": "Prince William", "CountyFIPS": 51153, "lon": -77.2518531, "lat": 38.6642184, "TotalPopulation": 2710, "chronic_disease_burden_score": 0.071350229554982131, "preventive_care_gap_score": 1.0841137509763215, "health_need_score": 0.57773199026565181, "need_intensity": 0.40647422369759056, "priority_weighted_population": 1101.5451462204705, "health_priority_rank": 208 }, "geometry": { "type": "Point", "coordinates": [ -77.2518531, 38.6642184 ] } },
{ "type": "Feature", "properties": { "LocationID": "24031700820", "StateAbbr": "MD", "CountyName": "Montgomery", "CountyFIPS": 24031, "lon": -77.2296841, "lat": 39.1446815, "TotalPopulation": 3097, "chronic_disease_burden_score": -0.010892363736175366, "preventive_care_gap_score": 1.1642780038103941, "health_need_score": 0.57669282003710942, "need_intensity": 0.40619306131622812, "priority_weighted_population": 1257.9799108963584, "health_priority_rank": 209 }, "geometry": { "type": "Point", "coordinates": [ -77.2296841, 39.1446815 ] } },
{ "type": "Feature", "properties": { "LocationID": "24031701509", "StateAbbr": "MD", "CountyName": "Montgomery", "CountyFIPS": 24031, "lon": -76.9767518, "lat": 39.0331015, "TotalPopulation": 7181, "chronic_disease_burden_score": 0.30946141908960795, "preventive_care_gap_score": 0.84063229567808584, "health_need_score": 0.57504685738384687, "need_intensity": 0.40574772255794395, "priority_weighted_population": 2913.6743956885953, "health_priority_rank": 210 }, "geometry": { "type": "Point", "coordinates": [ -76.9767518, 39.0331015 ] } },
{ "type": "Feature", "properties": { "LocationID": "24033802803", "StateAbbr": "MD", "CountyName": "Prince George's", "CountyFIPS": 24033, "lon": -76.9054707, "lat": 38.8738924, "TotalPopulation": 5939, "chronic_disease_burden_score": 0.80024217986419688, "preventive_care_gap_score": 0.34776955125605558, "health_need_score": 0.57400586556012623, "need_intensity": 0.40546606731792934, "priority_weighted_population": 2408.0629738011821, "health_priority_rank": 211 }, "geometry": { "type": "Point", "coordinates": [ -76.9054707, 38.8738924 ] } },
{ "type": "Feature", "properties": { "LocationID": "24033802107", "StateAbbr": "MD", "CountyName": "Prince George's", "CountyFIPS": 24033, "lon": -76.902819, "lat": 38.8430099, "TotalPopulation": 3976, "chronic_disease_burden_score": 0.5083841837162697, "preventive_care_gap_score": 0.63734410475694758, "health_need_score": 0.5728641442366087, "need_intensity": 0.405157158269772, "priority_weighted_population": 1610.9048612806134, "health_priority_rank": 212 }, "geometry": { "type": "Point", "coordinates": [ -76.902819, 38.8430099 ] } },
{ "type": "Feature", "properties": { "LocationID": "51047930101", "StateAbbr": "VA", "CountyName": "Culpeper", "CountyFIPS": 51047, "lon": -78.0122937, "lat": 38.5398536, "TotalPopulation": 4385, "chronic_disease_burden_score": 0.93752607283378286, "preventive_care_gap_score": 0.20628872496590769, "health_need_score": 0.57190739889984532, "need_intensity": 0.40489829712281711, "priority_weighted_population": 1775.4790328835529, "health_priority_rank": 213 }, "geometry": { "type": "Point", "coordinates": [ -78.0122937, 38.5398536 ] } },
{ "type": "Feature", "properties": { "LocationID": "24033801704", "StateAbbr": "MD", "CountyName": "Prince George's", "CountyFIPS": 24033, "lon": -76.9807272, "lat": 38.8234411, "TotalPopulation": 5506, "chronic_disease_burden_score": 0.75140460930442654, "preventive_care_gap_score": 0.38856729020517661, "health_need_score": 0.56998594975480155, "need_intensity": 0.40437842155051057, "priority_weighted_population": 2226.5075890571111, "health_priority_rank": 214 }, "geometry": { "type": "Point", "coordinates": [ -76.9807272, 38.8234411 ] } },
{ "type": "Feature", "properties": { "LocationID": "24017850801", "StateAbbr": "MD", "CountyName": "Charles", "CountyFIPS": 24017, "lon": -76.8593942, "lat": 38.6500734, "TotalPopulation": 4548, "chronic_disease_burden_score": 1.1927077473641547, "preventive_care_gap_score": -0.060375775825584434, "health_need_score": 0.56616598576928512, "need_intensity": 0.40334487561031068, "priority_weighted_population": 1834.412494275693, "health_priority_rank": 215 }, "geometry": { "type": "Point", "coordinates": [ -76.8593942, 38.6500734 ] } },
{ "type": "Feature", "properties": { "LocationID": "24033802805", "StateAbbr": "MD", "CountyName": "Prince George's", "CountyFIPS": 24033, "lon": -76.8877306, "lat": 38.8939623, "TotalPopulation": 5264, "chronic_disease_burden_score": 0.79693733046101944, "preventive_care_gap_score": 0.33512468676819446, "health_need_score": 0.56603100861460698, "need_intensity": 0.40330835560887446, "priority_weighted_population": 2123.0151839251153, "health_priority_rank": 216 }, "geometry": { "type": "Point", "coordinates": [ -76.8877306, 38.8939623 ] } },
{ "type": "Feature", "properties": { "LocationID": "24021767500", "StateAbbr": "MD", "CountyName": "Frederick", "CountyFIPS": 24021, "lon": -77.3204795, "lat": 39.6455539, "TotalPopulation": 2792, "chronic_disease_burden_score": 1.1557723987303907, "preventive_care_gap_score": -0.042965731498344623, "health_need_score": 0.55640333361602301, "need_intensity": 0.40070345031498189, "priority_weighted_population": 1118.7640332794294, "health_priority_rank": 217 }, "geometry": { "type": "Point", "coordinates": [ -77.3204795, 39.6455539 ] } },
{ "type": "Feature", "properties": { "LocationID": "51059452301", "StateAbbr": "VA", "CountyName": "Fairfax", "CountyFIPS": 51059, "lon": -77.2152908, "lat": 38.8296645, "TotalPopulation": 3568, "chronic_disease_burden_score": 0.36539192589809721, "preventive_care_gap_score": 0.7416951567070732, "health_need_score": 0.55354354130258521, "need_intensity": 0.39992969256580535, "priority_weighted_population": 1426.9491430747935, "health_priority_rank": 218 }, "geometry": { "type": "Point", "coordinates": [ -77.2152908, 38.8296645 ] } },
{ "type": "Feature", "properties": { "LocationID": "24031700818", "StateAbbr": "MD", "CountyName": "Montgomery", "CountyFIPS": 24031, "lon": -77.2556386, "lat": 39.1798565, "TotalPopulation": 6624, "chronic_disease_burden_score": -0.11690314880348952, "preventive_care_gap_score": 1.2125338252010529, "health_need_score": 0.5478153381987817, "need_intensity": 0.39837984521514341, "priority_weighted_population": 2638.8680947051098, "health_priority_rank": 219 }, "geometry": { "type": "Point", "coordinates": [ -77.2556386, 39.1798565 ] } },
{ "type": "Feature", "properties": { "LocationID": "24033802106", "StateAbbr": "MD", "CountyName": "Prince George's", "CountyFIPS": 24033, "lon": -76.8948117, "lat": 38.8403665, "TotalPopulation": 4576, "chronic_disease_burden_score": 0.53792562158316737, "preventive_care_gap_score": 0.53696267059133818, "health_need_score": 0.53744414608725277, "need_intensity": 0.3955737707226753, "priority_weighted_population": 1810.1455748269623, "health_priority_rank": 220 }, "geometry": { "type": "Point", "coordinates": [ -76.8948117, 38.8403665 ] } },
{ "type": "Feature", "properties": { "LocationID": "24033800209", "StateAbbr": "MD", "CountyName": "Prince George's", "CountyFIPS": 24033, "lon": -76.8499027, "lat": 39.0865559, "TotalPopulation": 4788, "chronic_disease_burden_score": 0.06746082034069513, "preventive_care_gap_score": 1.0071968651101799, "health_need_score": 0.53732884272543757, "need_intensity": 0.39554257374753432, "priority_weighted_population": 1893.8578431031942, "health_priority_rank": 221 }, "geometry": { "type": "Point", "coordinates": [ -76.8499027, 39.0865559 ] } },
{ "type": "Feature", "properties": { "LocationID": "51059450702", "StateAbbr": "VA", "CountyName": "Fairfax", "CountyFIPS": 51059, "lon": -77.2033775, "lat": 38.837048, "TotalPopulation": 4568, "chronic_disease_burden_score": -0.1749013835902346, "preventive_care_gap_score": 1.2448544674088748, "health_need_score": 0.53497654190932009, "need_intensity": 0.39490612508784922, "priority_weighted_population": 1803.9311794012954, "health_priority_rank": 222 }, "geometry": { "type": "Point", "coordinates": [ -77.2033775, 38.837048 ] } },
{ "type": "Feature", "properties": { "LocationID": "11001001804", "StateAbbr": "DC", "CountyName": "District of Columbia", "CountyFIPS": 11001, "lon": -77.0304334, "lat": 38.9670945, "TotalPopulation": 5500, "chronic_disease_burden_score": 0.43469348469483649, "preventive_care_gap_score": 0.63321472698281234, "health_need_score": 0.53395410583882441, "need_intensity": 0.39462949037250078, "priority_weighted_population": 2170.4621970487542, "health_priority_rank": 223 }, "geometry": { "type": "Point", "coordinates": [ -77.0304334, 38.9670945 ] } },
{ "type": "Feature", "properties": { "LocationID": "24033807000", "StateAbbr": "MD", "CountyName": "Prince George's", "CountyFIPS": 24033, "lon": -76.9282772, "lat": 38.9977381, "TotalPopulation": 9219, "chronic_disease_burden_score": -0.78351015983082639, "preventive_care_gap_score": 1.8457901236938907, "health_need_score": 0.53113998193153211, "need_intensity": 0.3938680888643637, "priority_weighted_population": 3631.0699112405691, "health_priority_rank": 224 }, "geometry": { "type": "Point", "coordinates": [ -76.9282772, 38.9977381 ] } },
{ "type": "Feature", "properties": { "LocationID": "24033801908", "StateAbbr": "MD", "CountyName": "Prince George's", "CountyFIPS": 24033, "lon": -76.9437961, "lat": 38.8436057, "TotalPopulation": 3781, "chronic_disease_burden_score": 0.43631916319557135, "preventive_care_gap_score": 0.60610319699868009, "health_need_score": 0.52121118009712575, "need_intensity": 0.39118170939431934, "priority_weighted_population": 1479.0580432199215, "health_priority_rank": 225 }, "geometry": { "type": "Point", "coordinates": [ -76.9437961, 38.8436057 ] } },
{ "type": "Feature", "properties": { "LocationID": "24033801217", "StateAbbr": "MD", "CountyName": "Prince George's", "CountyFIPS": 24033, "lon": -76.890362, "lat": 38.7651558, "TotalPopulation": 3927, "chronic_disease_burden_score": 1.0972457995231932, "preventive_care_gap_score": -0.055270548751031406, "health_need_score": 0.5209876253860809, "need_intensity": 0.39112122346699413, "priority_weighted_population": 1535.933044554886, "health_priority_rank": 226 }, "geometry": { "type": "Point", "coordinates": [ -76.890362, 38.7651558 ] } },
{ "type": "Feature", "properties": { "LocationID": "24021750505", "StateAbbr": "MD", "CountyName": "Frederick", "CountyFIPS": 24021, "lon": -77.4433531, "lat": 39.4109536, "TotalPopulation": 7660, "chronic_disease_burden_score": -0.27925394223877503, "preventive_care_gap_score": 1.3204708837788746, "health_need_score": 0.52060847077004979, "need_intensity": 0.39101863775791595, "priority_weighted_population": 2995.2027652256361, "health_priority_rank": 227 }, "geometry": { "type": "Point", "coordinates": [ -77.4433531, 39.4109536 ] } },
{ "type": "Feature", "properties": { "LocationID": "24033804801", "StateAbbr": "MD", "CountyName": "Prince George's", "CountyFIPS": 24033, "lon": -76.9695724, "lat": 38.9445014, "TotalPopulation": 2648, "chronic_disease_burden_score": 0.028901162989134709, "preventive_care_gap_score": 1.0035651329880293, "health_need_score": 0.516233147988582, "need_intensity": 0.38983483154534537, "priority_weighted_population": 1032.2826339320745, "health_priority_rank": 228 }, "geometry": { "type": "Point", "coordinates": [ -76.9695724, 38.9445014 ] } },
{ "type": "Feature", "properties": { "LocationID": "24009860702", "StateAbbr": "MD", "CountyName": "Calvert", "CountyFIPS": 24009, "lon": -76.5778835, "lat": 38.5706394, "TotalPopulation": 3453, "chronic_disease_burden_score": 0.87218798374538153, "preventive_care_gap_score": 0.15727486759673356, "health_need_score": 0.51473142567105756, "need_intensity": 0.38942851907473836, "priority_weighted_population": 1344.6966763650717, "health_priority_rank": 229 }, "geometry": { "type": "Point", "coordinates": [ -76.5778835, 38.5706394 ] } },
{ "type": "Feature", "properties": { "LocationID": "24033803612", "StateAbbr": "MD", "CountyName": "Prince George's", "CountyFIPS": 24033, "lon": -76.8756757, "lat": 38.9506525, "TotalPopulation": 3834, "chronic_disease_burden_score": 0.18598953227755449, "preventive_care_gap_score": 0.84274895624910151, "health_need_score": 0.51436924426332797, "need_intensity": 0.38933052571014276, "priority_weighted_population": 1492.6932355726874, "health_priority_rank": 230 }, "geometry": { "type": "Point", "coordinates": [ -76.8756757, 38.9506525 ] } },
{ "type": "Feature", "properties": { "LocationID": "11001011100", "StateAbbr": "DC", "CountyName": "District of Columbia", "CountyFIPS": 11001, "lon": -76.9681631, "lat": 38.9158612, "TotalPopulation": 5903, "chronic_disease_burden_score": 0.73556040590075578, "preventive_care_gap_score": 0.29279163216579845, "health_need_score": 0.51417601903327714, "need_intensity": 0.38927824585807597, "priority_weighted_population": 2297.9094853002225, "health_priority_rank": 231 }, "geometry": { "type": "Point", "coordinates": [ -76.9681631, 38.9158612 ] } },
{ "type": "Feature", "properties": { "LocationID": "24017850202", "StateAbbr": "MD", "CountyName": "Charles", "CountyFIPS": 24017, "lon": -77.1451872, "lat": 38.6004992, "TotalPopulation": 4647, "chronic_disease_burden_score": 0.77605936539141995, "preventive_care_gap_score": 0.24879575616381577, "health_need_score": 0.51242756077761786, "need_intensity": 0.38880517544730836, "priority_weighted_population": 1806.7776503036418, "health_priority_rank": 232 }, "geometry": { "type": "Point", "coordinates": [ -77.1451872, 38.6004992 ] } },
{ "type": "Feature", "properties": { "LocationID": "24033802001", "StateAbbr": "MD", "CountyName": "Prince George's", "CountyFIPS": 24033, "lon": -76.9194955, "lat": 38.8401426, "TotalPopulation": 5576, "chronic_disease_burden_score": 0.57343594605625248, "preventive_care_gap_score": 0.4486499994086724, "health_need_score": 0.51104297273246246, "need_intensity": 0.38843055533090265, "priority_weighted_population": 2165.8887765251134, "health_priority_rank": 233 }, "geometry": { "type": "Point", "coordinates": [ -76.9194955, 38.8401426 ] } },
{ "type": "Feature", "properties": { "LocationID": "51013102200", "StateAbbr": "VA", "CountyName": "Arlington", "CountyFIPS": 51013, "lon": -77.1182708, "lat": 38.8577759, "TotalPopulation": 7880, "chronic_disease_burden_score": 0.013928433955609019, "preventive_care_gap_score": 1.0055131424089772, "health_need_score": 0.50972078818229305, "need_intensity": 0.38807281937338994, "priority_weighted_population": 3058.0138166623128, "health_priority_rank": 234 }, "geometry": { "type": "Point", "coordinates": [ -77.1182708, 38.8577759 ] } },
{ "type": "Feature", "properties": { "LocationID": "24031700834", "StateAbbr": "MD", "CountyName": "Montgomery", "CountyFIPS": 24031, "lon": -77.2317358, "lat": 39.1886162, "TotalPopulation": 5105, "chronic_disease_burden_score": 0.12453629253430271, "preventive_care_gap_score": 0.88760533614370396, "health_need_score": 0.50607081433900336, "need_intensity": 0.38708526669962884, "priority_weighted_population": 1976.0702865016053, "health_priority_rank": 235 }, "geometry": { "type": "Point", "coordinates": [ -77.2317358, 39.1886162 ] } },
{ "type": "Feature", "properties": { "LocationID": "51179010215", "StateAbbr": "VA", "CountyName": "Stafford", "CountyFIPS": 51179, "lon": -77.418287, "lat": 38.4847426, "TotalPopulation": 2114, "chronic_disease_burden_score": 0.26386737368955776, "preventive_care_gap_score": 0.74462726590401052, "health_need_score": 0.50424731979678417, "need_intensity": 0.38659189414736572, "priority_weighted_population": 817.25526422753114, "health_priority_rank": 236 }, "geometry": { "type": "Point", "coordinates": [ -77.418287, 38.4847426 ] } },
{ "type": "Feature", "properties": { "LocationID": "24021775400", "StateAbbr": "MD", "CountyName": "Frederick", "CountyFIPS": 24021, "lon": -77.6088179, "lat": 39.3128573, "TotalPopulation": 3929, "chronic_disease_burden_score": 0.7024769021941728, "preventive_care_gap_score": 0.30470556765867574, "health_need_score": 0.50359123492642421, "need_intensity": 0.38641438099364017, "priority_weighted_population": 1518.2221029240122, "health_priority_rank": 237 }, "geometry": { "type": "Point", "coordinates": [ -77.6088179, 39.3128573 ] } },
{ "type": "Feature", "properties": { "LocationID": "11001007708", "StateAbbr": "DC", "CountyName": "District of Columbia", "CountyFIPS": 11001, "lon": -76.9606349, "lat": 38.8871944, "TotalPopulation": 2574, "chronic_disease_burden_score": 0.72173596786546601, "preventive_care_gap_score": 0.28159457014411871, "health_need_score": 0.50166526900479236, "need_intensity": 0.38589328334276873, "priority_weighted_population": 993.2893113242867, "health_priority_rank": 238 }, "geometry": { "type": "Point", "coordinates": [ -76.9606349, 38.8871944 ] } },
{ "type": "Feature", "properties": { "LocationID": "51177020207", "StateAbbr": "VA", "CountyName": "Spotsylvania", "CountyFIPS": 51177, "lon": -77.4880843, "lat": 38.2024213, "TotalPopulation": 1575, "chronic_disease_burden_score": 0.25654529349489902, "preventive_care_gap_score": 0.74661601146118139, "health_need_score": 0.50158065247804018, "need_intensity": 0.38587038913014526, "priority_weighted_population": 607.74586287997874, "health_priority_rank": 239 }, "geometry": { "type": "Point", "coordinates": [ -77.4880843, 38.2024213 ] } },
{ "type": "Feature", "properties": { "LocationID": "51047930501", "StateAbbr": "VA", "CountyName": "Culpeper", "CountyFIPS": 51047, "lon": -78.0684367, "lat": 38.3621033, "TotalPopulation": 5742, "chronic_disease_burden_score": 0.82960801223248481, "preventive_care_gap_score": 0.17151289381090554, "health_need_score": 0.50056045302169516, "need_intensity": 0.38559435956277305, "priority_weighted_population": 2214.082812609443, "health_priority_rank": 240 }, "geometry": { "type": "Point", "coordinates": [ -78.0684367, 38.3621033 ] } },
{ "type": "Feature", "properties": { "LocationID": "51047930502", "StateAbbr": "VA", "CountyName": "Culpeper", "CountyFIPS": 51047, "lon": -77.9641375, "lat": 38.4211213, "TotalPopulation": 6267, "chronic_disease_burden_score": 0.65221452135678881, "preventive_care_gap_score": 0.34055526321897223, "health_need_score": 0.49638489228788052, "need_intensity": 0.384464601831848, "priority_weighted_population": 2409.4396596801912, "health_priority_rank": 241 }, "geometry": { "type": "Point", "coordinates": [ -77.9641375, 38.4211213 ] } },
{ "type": "Feature", "properties": { "LocationID": "11001009905", "StateAbbr": "DC", "CountyName": "District of Columbia", "CountyFIPS": 11001, "lon": -76.9250522, "lat": 38.8843295, "TotalPopulation": 2790, "chronic_disease_burden_score": 0.71659333979909523, "preventive_care_gap_score": 0.27390319205629798, "health_need_score": 0.49524826592769661, "need_intensity": 0.38415707129895649, "priority_weighted_population": 1071.7982289240886, "health_priority_rank": 242 }, "geometry": { "type": "Point", "coordinates": [ -76.9250522, 38.8843295 ] } },
{ "type": "Feature", "properties": { "LocationID": "51059421600", "StateAbbr": "VA", "CountyName": "Fairfax", "CountyFIPS": 51059, "lon": -77.0986647, "lat": 38.7393673, "TotalPopulation": 6409, "chronic_disease_burden_score": 0.096206523541298605, "preventive_care_gap_score": 0.89399034975292979, "health_need_score": 0.49509843664711417, "need_intensity": 0.38411653284224423, "priority_weighted_population": 2461.8028589859432, "health_priority_rank": 243 }, "geometry": { "type": "Point", "coordinates": [ -77.0986647, 38.7393673 ] } },
{ "type": "Feature", "properties": { "LocationID": "24021751003", "StateAbbr": "MD", "CountyName": "Frederick", "CountyFIPS": 24021, "lon": -77.396194, "lat": 39.3871801, "TotalPopulation": 5920, "chronic_disease_burden_score": 0.41912991015741652, "preventive_care_gap_score": 0.56530943220472696, "health_need_score": 0.49221967118107174, "need_intensity": 0.38333764163502426, "priority_weighted_population": 2269.3588384793438, "health_priority_rank": 244 }, "geometry": { "type": "Point", "coordinates": [ -77.396194, 39.3871801 ] } },
{ "type": "Feature", "properties": { "LocationID": "51153901900", "StateAbbr": "VA", "CountyName": "Prince William", "CountyFIPS": 51153, "lon": -77.4478916, "lat": 38.7873394, "TotalPopulation": 8748, "chronic_disease_burden_score": -0.19141252807411216, "preventive_care_gap_score": 1.1719842202137372, "health_need_score": 0.49028584606981251, "need_intensity": 0.38281441756789253, "priority_weighted_population": 3348.860524883924, "health_priority_rank": 245 }, "geometry": { "type": "Point", "coordinates": [ -77.4478916, 38.7873394 ] } },
{ "type": "Feature", "properties": { "LocationID": "24017851200", "StateAbbr": "MD", "CountyName": "Charles", "CountyFIPS": 24017, "lon": -76.909535, "lat": 38.3348487, "TotalPopulation": 4675, "chronic_disease_burden_score": 1.0985527003578446, "preventive_care_gap_score": -0.11865631101731638, "health_need_score": 0.48994819467026407, "need_intensity": 0.38272306114816462, "priority_weighted_population": 1789.2303108676697, "health_priority_rank": 246 }, "geometry": { "type": "Point", "coordinates": [ -76.909535, 38.3348487 ] } },
{ "type": "Feature", "properties": { "LocationID": "24031700822", "StateAbbr": "MD", "CountyName": "Montgomery", "CountyFIPS": 24031, "lon": -77.2271642, "lat": 39.138353, "TotalPopulation": 1771, "chronic_disease_burden_score": 0.21666176594718597, "preventive_care_gap_score": 0.7576771184933937, "health_need_score": 0.48716944222028985, "need_intensity": 0.38197122989415794, "priority_weighted_population": 676.47104814255374, "health_priority_rank": 247 }, "geometry": { "type": "Point", "coordinates": [ -77.2271642, 39.138353 ] } },
{ "type": "Feature", "properties": { "LocationID": "11001009807", "StateAbbr": "DC", "CountyName": "District of Columbia", "CountyFIPS": 11001, "lon": -77.0117577, "lat": 38.8292038, "TotalPopulation": 3523, "chronic_disease_burden_score": 0.72647801565300218, "preventive_care_gap_score": 0.24217619681596325, "health_need_score": 0.48432710623448272, "need_intensity": 0.38120219520431436, "priority_weighted_population": 1342.9753337047996, "health_priority_rank": 248 }, "geometry": { "type": "Point", "coordinates": [ -77.0117577, 38.8292038 ] } },
{ "type": "Feature", "properties": { "LocationID": "51047930204", "StateAbbr": "VA", "CountyName": "Culpeper", "CountyFIPS": 51047, "lon": -78.0091787, "lat": 38.465479, "TotalPopulation": 1520, "chronic_disease_burden_score": 1.1845005313551225, "preventive_care_gap_score": -0.22131430916796016, "health_need_score": 0.48159311109358116, "need_intensity": 0.3804624736809914, "priority_weighted_population": 578.3029599951069, "health_priority_rank": 249 }, "geometry": { "type": "Point", "coordinates": [ -78.0091787, 38.465479 ] } },
{ "type": "Feature", "properties": { "LocationID": "24031701508", "StateAbbr": "MD", "CountyName": "Montgomery", "CountyFIPS": 24031, "lon": -76.9770714, "lat": 39.0453954, "TotalPopulation": 4142, "chronic_disease_burden_score": 0.36083139194282765, "preventive_care_gap_score": 0.60098344588577357, "health_need_score": 0.48090741891430061, "need_intensity": 0.38027694984599991, "priority_weighted_population": 1575.1071262621317, "health_priority_rank": 250 }, "geometry": { "type": "Point", "coordinates": [ -76.9770714, 39.0453954 ] } },
{ "type": "Feature", "properties": { "LocationID": "24033801500", "StateAbbr": "MD", "CountyName": "Prince George's", "CountyFIPS": 24033, "lon": -77.0119692, "lat": 38.8034632, "TotalPopulation": 2680, "chronic_disease_burden_score": 0.73688335229179314, "preventive_care_gap_score": 0.22409103272817049, "health_need_score": 0.48048719250998184, "need_intensity": 0.38016325157664577, "priority_weighted_population": 1018.8375142254107, "health_priority_rank": 251 }, "geometry": { "type": "Point", "coordinates": [ -77.0119692, 38.8034632 ] } },
{ "type": "Feature", "properties": { "LocationID": "51179010304", "StateAbbr": "VA", "CountyName": "Stafford", "CountyFIPS": 51179, "lon": -77.4780609, "lat": 38.363103, "TotalPopulation": 6868, "chronic_disease_burden_score": 0.99561370571648122, "preventive_care_gap_score": -0.035247289012175255, "health_need_score": 0.480183208352153, "need_intensity": 0.38008100431112174, "priority_weighted_population": 2610.3963376087841, "health_priority_rank": 252 }, "geometry": { "type": "Point", "coordinates": [ -77.4780609, 38.363103 ] } },
{ "type": "Feature", "properties": { "LocationID": "24033802406", "StateAbbr": "MD", "CountyName": "Prince George's", "CountyFIPS": 24033, "lon": -76.9211247, "lat": 38.8553465, "TotalPopulation": 2450, "chronic_disease_burden_score": 0.63265252878153366, "preventive_care_gap_score": 0.32551935560672551, "health_need_score": 0.47908594219412959, "need_intensity": 0.37978412324437766, "priority_weighted_population": 930.47110194872528, "health_priority_rank": 253 }, "geometry": { "type": "Point", "coordinates": [ -76.9211247, 38.8553465 ] } },
{ "type": "Feature", "properties": { "LocationID": "11001007604", "StateAbbr": "DC", "CountyName": "District of Columbia", "CountyFIPS": 11001, "lon": -76.9638007, "lat": 38.8660921, "TotalPopulation": 3803, "chronic_disease_burden_score": 0.83494485421027032, "preventive_care_gap_score": 0.12228084956041831, "health_need_score": 0.4786128518853443, "need_intensity": 0.37965612188890757, "priority_weighted_population": 1443.8322315435155, "health_priority_rank": 254 }, "geometry": { "type": "Point", "coordinates": [ -76.9638007, 38.8660921 ] } },
{ "type": "Feature", "properties": { "LocationID": "51059421400", "StateAbbr": "VA", "CountyName": "Fairfax", "CountyFIPS": 51059, "lon": -77.0875449, "lat": 38.7687048, "TotalPopulation": 8188, "chronic_disease_burden_score": 0.024043290220806392, "preventive_care_gap_score": 0.92870973894612041, "health_need_score": 0.47637651458346342, "need_intensity": 0.37905104881805141, "priority_weighted_population": 3103.669987722205, "health_priority_rank": 255 }, "geometry": { "type": "Point", "coordinates": [ -77.0875449, 38.7687048 ] } },
{ "type": "Feature", "properties": { "LocationID": "51153900301", "StateAbbr": "VA", "CountyName": "Prince William", "CountyFIPS": 51153, "lon": -77.2588703, "lat": 38.6771114, "TotalPopulation": 3301, "chronic_disease_burden_score": 0.49030839796815068, "preventive_care_gap_score": 0.45773244978863681, "health_need_score": 0.47402042387839372, "need_intensity": 0.37841357474965687, "priority_weighted_population": 1249.1432102486174, "health_priority_rank": 256 }, "geometry": { "type": "Point", "coordinates": [ -77.2588703, 38.6771114 ] } },
{ "type": "Feature", "properties": { "LocationID": "51047930103", "StateAbbr": "VA", "CountyName": "Culpeper", "CountyFIPS": 51047, "lon": -77.9826291, "lat": 38.6331974, "TotalPopulation": 5342, "chronic_disease_burden_score": 0.98136586147511229, "preventive_care_gap_score": -0.037686760932575898, "health_need_score": 0.47183955027126817, "need_intensity": 0.37782350817539595, "priority_weighted_population": 2018.3331806729652, "health_priority_rank": 257 }, "geometry": { "type": "Point", "coordinates": [ -77.9826291, 38.6331974 ] } },
{ "type": "Feature", "properties": { "LocationID": "51630000201", "StateAbbr": "VA", "CountyName": "Fredericksburg", "CountyFIPS": 51630, "lon": -77.4881844, "lat": 38.311378, "TotalPopulation": 4690, "chronic_disease_burden_score": 0.52505726951544318, "preventive_care_gap_score": 0.41717264230991941, "health_need_score": 0.47111495591268127, "need_intensity": 0.37762745879889692, "priority_weighted_population": 1771.0727817668267, "health_priority_rank": 258 }, "geometry": { "type": "Point", "coordinates": [ -77.4881844, 38.311378 ] } },
{ "type": "Feature", "properties": { "LocationID": "51059452200", "StateAbbr": "VA", "CountyName": "Fairfax", "CountyFIPS": 51059, "lon": -77.2091592, "lat": 38.8220023, "TotalPopulation": 6982, "chronic_disease_burden_score": 0.1387919347757384, "preventive_care_gap_score": 0.8032652067763556, "health_need_score": 0.47102857077604698, "need_intensity": 0.37760408606355161, "priority_weighted_population": 2636.4317288957172, "health_priority_rank": 259 }, "geometry": { "type": "Point", "coordinates": [ -77.2091592, 38.8220023 ] } },
{ "type": "Feature", "properties": { "LocationID": "24031700710", "StateAbbr": "MD", "CountyName": "Montgomery", "CountyFIPS": 24031, "lon": -77.156163, "lat": 39.1446487, "TotalPopulation": 6718, "chronic_disease_burden_score": 0.37872610338045354, "preventive_care_gap_score": 0.56210363432321175, "health_need_score": 0.47041486885183265, "need_intensity": 0.37743804022263022, "priority_weighted_population": 2535.6287542156297, "health_priority_rank": 260 }, "geometry": { "type": "Point", "coordinates": [ -77.156163, 39.1446487 ] } },
{ "type": "Feature", "properties": { "LocationID": "51059421701", "StateAbbr": "VA", "CountyName": "Fairfax", "CountyFIPS": 51059, "lon": -77.1067237, "lat": 38.7335134, "TotalPopulation": 4517, "chronic_disease_burden_score": -0.0095480915819867902, "preventive_care_gap_score": 0.94791906820253979, "health_need_score": 0.46918548831027651, "need_intensity": 0.37710541371816481, "priority_weighted_population": 1703.3851537649505, "health_priority_rank": 261 }, "geometry": { "type": "Point", "coordinates": [ -77.1067237, 38.7335134 ] } },
{ "type": "Feature", "properties": { "LocationID": "24033801906", "StateAbbr": "MD", "CountyName": "Prince George's", "CountyFIPS": 24033, "lon": -76.888256, "lat": 38.8301626, "TotalPopulation": 2352, "chronic_disease_burden_score": 0.47510439649755543, "preventive_care_gap_score": 0.45466357613459363, "health_need_score": 0.46488398631607453, "need_intensity": 0.37594158077635542, "priority_weighted_population": 884.21459798598801, "health_priority_rank": 262 }, "geometry": { "type": "Point", "coordinates": [ -76.888256, 38.8301626 ] } },
{ "type": "Feature", "properties": { "LocationID": "24021751600", "StateAbbr": "MD", "CountyName": "Frederick", "CountyFIPS": 24021, "lon": -77.2206287, "lat": 39.5383021, "TotalPopulation": 3023, "chronic_disease_burden_score": 0.93946423098307397, "preventive_care_gap_score": -0.010244948047819091, "health_need_score": 0.46460964146762745, "need_intensity": 0.37586735285028017, "priority_weighted_population": 1136.2470076663969, "health_priority_rank": 263 }, "geometry": { "type": "Point", "coordinates": [ -77.2206287, 39.5383021 ] } },
{ "type": "Feature", "properties": { "LocationID": "51177020202", "StateAbbr": "VA", "CountyName": "Spotsylvania", "CountyFIPS": 51177, "lon": -77.4697839, "lat": 38.2596703, "TotalPopulation": 5418, "chronic_disease_burden_score": 0.7804517339873942, "preventive_care_gap_score": 0.14862263618676891, "health_need_score": 0.46453718508708153, "need_intensity": 0.37584774873928889, "priority_weighted_population": 2036.3431026694673, "health_priority_rank": 264 }, "geometry": { "type": "Point", "coordinates": [ -77.4697839, 38.2596703 ] } },
{ "type": "Feature", "properties": { "LocationID": "11001007404", "StateAbbr": "DC", "CountyName": "District of Columbia", "CountyFIPS": 11001, "lon": -76.9820932, "lat": 38.8503364, "TotalPopulation": 3637, "chronic_disease_burden_score": 0.25838042709033632, "preventive_care_gap_score": 0.67012805756748173, "health_need_score": 0.46425424232890899, "need_intensity": 0.37577119452565566, "priority_weighted_population": 1366.6798344898095, "health_priority_rank": 265 }, "geometry": { "type": "Point", "coordinates": [ -76.9820932, 38.8503364 ] } },
{ "type": "Feature", "properties": { "LocationID": "51630000302", "StateAbbr": "VA", "CountyName": "Fredericksburg", "CountyFIPS": 51630, "lon": -77.4710605, "lat": 38.2770373, "TotalPopulation": 4471, "chronic_disease_burden_score": 0.61340695300443815, "preventive_care_gap_score": 0.31497942866907408, "health_need_score": 0.46419319083675614, "need_intensity": 0.37575467617048347, "priority_weighted_population": 1679.9991571582316, "health_priority_rank": 266 }, "geometry": { "type": "Point", "coordinates": [ -77.4710605, 38.2770373 ] } },
{ "type": "Feature", "properties": { "LocationID": "24017850711", "StateAbbr": "MD", "CountyName": "Charles", "CountyFIPS": 24017, "lon": -76.9384389, "lat": 38.6269699, "TotalPopulation": 5739, "chronic_disease_burden_score": 0.95419792618503929, "preventive_care_gap_score": -0.034812367751781585, "health_need_score": 0.45969277921662888, "need_intensity": 0.37453702538192973, "priority_weighted_population": 2149.4679886668946, "health_priority_rank": 267 }, "geometry": { "type": "Point", "coordinates": [ -76.9384389, 38.6269699 ] } },
{ "type": "Feature", "properties": { "LocationID": "51059421800", "StateAbbr": "VA", "CountyName": "Fairfax", "CountyFIPS": 51059, "lon": -77.1264136, "lat": 38.7240814, "TotalPopulation": 5933, "chronic_disease_burden_score": 0.21756568639908533, "preventive_care_gap_score": 0.69278590146660735, "health_need_score": 0.45517579393284635, "need_intensity": 0.37331489035141707, "priority_weighted_population": 2214.8772444549577, "health_priority_rank": 268 }, "geometry": { "type": "Point", "coordinates": [ -77.1264136, 38.7240814 ] } },
{ "type": "Feature", "properties": { "LocationID": "24017850300", "StateAbbr": "MD", "CountyName": "Charles", "CountyFIPS": 24017, "lon": -77.1569782, "lat": 38.5530041, "TotalPopulation": 1956, "chronic_disease_burden_score": 1.1187505767388477, "preventive_care_gap_score": -0.2120051407148438, "health_need_score": 0.45337271801200196, "need_intensity": 0.37282704234946556, "priority_weighted_population": 729.24969483555469, "health_priority_rank": 269 }, "geometry": { "type": "Point", "coordinates": [ -77.1569782, 38.5530041 ] } },
{ "type": "Feature", "properties": { "LocationID": "24031703218", "StateAbbr": "MD", "CountyName": "Montgomery", "CountyFIPS": 24031, "lon": -77.071024, "lat": 39.1071892, "TotalPopulation": 1963, "chronic_disease_burden_score": 2.6976096436980161, "preventive_care_gap_score": -1.7932486303409871, "health_need_score": 0.4521805066785145, "need_intensity": 0.37250447250633134, "priority_weighted_population": 731.22627952992843, "health_priority_rank": 270 }, "geometry": { "type": "Point", "coordinates": [ -77.071024, 39.1071892 ] } },
{ "type": "Feature", "properties": { "LocationID": "24033802408", "StateAbbr": "MD", "CountyName": "Prince George's", "CountyFIPS": 24033, "lon": -76.919751, "lat": 38.8651094, "TotalPopulation": 2320, "chronic_disease_burden_score": 0.92964134719717895, "preventive_care_gap_score": -0.031470161694776767, "health_need_score": 0.44908559275120108, "need_intensity": 0.37166709923868513, "priority_weighted_population": 862.26767023374953, "health_priority_rank": 271 }, "geometry": { "type": "Point", "coordinates": [ -76.919751, 38.8651094 ] } },
{ "type": "Feature", "properties": { "LocationID": "24021752900", "StateAbbr": "MD", "CountyName": "Frederick", "CountyFIPS": 24021, "lon": -77.4409586, "lat": 39.642645, "TotalPopulation": 3094, "chronic_disease_burden_score": 0.83679936216898299, "preventive_care_gap_score": 0.060464105100402649, "health_need_score": 0.44863173363469283, "need_intensity": 0.37154430115758574, "priority_weighted_population": 1149.5580677815703, "health_priority_rank": 272 }, "geometry": { "type": "Point", "coordinates": [ -77.4409586, 39.642645 ] } },
{ "type": "Feature", "properties": { "LocationID": "24021751002", "StateAbbr": "MD", "CountyName": "Frederick", "CountyFIPS": 24021, "lon": -77.4300066, "lat": 39.3835628, "TotalPopulation": 5297, "chronic_disease_burden_score": 0.76134120212429712, "preventive_care_gap_score": 0.13334551629461339, "health_need_score": 0.44734335920945523, "need_intensity": 0.37119571301337534, "priority_weighted_population": 1966.2236918318492, "health_priority_rank": 273 }, "geometry": { "type": "Point", "coordinates": [ -77.4300066, 39.3835628 ] } },
{ "type": "Feature", "properties": { "LocationID": "24021765100", "StateAbbr": "MD", "CountyName": "Frederick", "CountyFIPS": 24021, "lon": -77.4251109, "lat": 39.4049463, "TotalPopulation": 4288, "chronic_disease_burden_score": 0.73811057128979629, "preventive_care_gap_score": 0.15069706173641434, "health_need_score": 0.44440381651310534, "need_intensity": 0.37040037765645162, "priority_weighted_population": 1588.2768193908646, "health_priority_rank": 274 }, "geometry": { "type": "Point", "coordinates": [ -77.4251109, 39.4049463 ] } },
{ "type": "Feature", "properties": { "LocationID": "24033806712", "StateAbbr": "MD", "CountyName": "Prince George's", "CountyFIPS": 24033, "lon": -76.8555957, "lat": 39.0010037, "TotalPopulation": 3300, "chronic_disease_burden_score": 0.59361983350782621, "preventive_care_gap_score": 0.28769519166042062, "health_need_score": 0.44065751258412345, "need_intensity": 0.36938676149901262, "priority_weighted_population": 1218.9763129467417, "health_priority_rank": 275 }, "geometry": { "type": "Point", "coordinates": [ -76.8555957, 39.0010037 ] } },
{ "type": "Feature", "properties": { "LocationID": "51177020111", "StateAbbr": "VA", "CountyName": "Spotsylvania", "CountyFIPS": 51177, "lon": -77.577511, "lat": 38.2827674, "TotalPopulation": 2454, "chronic_disease_burden_score": 0.45517754863130055, "preventive_care_gap_score": 0.42053693744441506, "health_need_score": 0.43785724303785778, "need_intensity": 0.36862910848658059, "priority_weighted_population": 904.61583222606873, "health_priority_rank": 276 }, "geometry": { "type": "Point", "coordinates": [ -77.577511, 38.2827674 ] } },
{ "type": "Feature", "properties": { "LocationID": "24021750504", "StateAbbr": "MD", "CountyName": "Frederick", "CountyFIPS": 24021, "lon": -77.4394695, "lat": 39.4246793, "TotalPopulation": 6012, "chronic_disease_burden_score": 0.30011223614101773, "preventive_care_gap_score": 0.5714001603813279, "health_need_score": 0.43575619826117284, "need_intensity": 0.36806064074516881, "priority_weighted_population": 2212.7805721599548, "health_priority_rank": 277 }, "geometry": { "type": "Point", "coordinates": [ -77.4394695, 39.4246793 ] } },
{ "type": "Feature", "properties": { "LocationID": "24033803300", "StateAbbr": "MD", "CountyName": "Prince George's", "CountyFIPS": 24033, "lon": -76.8909427, "lat": 38.9166861, "TotalPopulation": 5004, "chronic_disease_burden_score": 0.35182013961859582, "preventive_care_gap_score": 0.51763341046419731, "health_need_score": 0.43472677504139656, "need_intensity": 0.36778211555655932, "priority_weighted_population": 1840.3817062450228, "health_priority_rank": 278 }, "geometry": { "type": "Point", "coordinates": [ -76.8909427, 38.9166861 ] } },
{ "type": "Feature", "properties": { "LocationID": "51510200104", "StateAbbr": "VA", "CountyName": "Alexandria", "CountyFIPS": 51510, "lon": -77.1227225, "lat": 38.8296955, "TotalPopulation": 4095, "chronic_disease_burden_score": -0.42405737986591063, "preventive_care_gap_score": 1.2912831990558065, "health_need_score": 0.43361290959494792, "need_intensity": 0.36748074331470815, "priority_weighted_population": 1504.8336438737299, "health_priority_rank": 279 }, "geometry": { "type": "Point", "coordinates": [ -77.1227225, 38.8296955 ] } },
{ "type": "Feature", "properties": { "LocationID": "24033804101", "StateAbbr": "MD", "CountyName": "Prince George's", "CountyFIPS": 24033, "lon": -76.9061209, "lat": 38.9268545, "TotalPopulation": 3282, "chronic_disease_burden_score": 0.74330714731867575, "preventive_care_gap_score": 0.12332993226952531, "health_need_score": 0.43331853979410051, "need_intensity": 0.36740109735109772, "priority_weighted_population": 1205.8104015063027, "health_priority_rank": 280 }, "geometry": { "type": "Point", "coordinates": [ -76.9061209, 38.9268545 ] } },
{ "type": "Feature", "properties": { "LocationID": "24021751701", "StateAbbr": "MD", "CountyName": "Frederick", "CountyFIPS": 24021, "lon": -77.3239141, "lat": 39.457718, "TotalPopulation": 2463, "chronic_disease_burden_score": 0.90013464299797374, "preventive_care_gap_score": -0.036549268890703375, "health_need_score": 0.43179268705363516, "need_intensity": 0.36698825604912988, "priority_weighted_population": 903.89207464900687, "health_priority_rank": 281 }, "geometry": { "type": "Point", "coordinates": [ -77.3239141, 39.457718 ] } },
{ "type": "Feature", "properties": { "LocationID": "51059461902", "StateAbbr": "VA", "CountyName": "Fairfax", "CountyFIPS": 51059, "lon": -77.306651, "lat": 38.8680135, "TotalPopulation": 1839, "chronic_disease_burden_score": -0.8169283540658866, "preventive_care_gap_score": 1.6801708889321902, "health_need_score": 0.43162126743315182, "need_intensity": 0.36694187601688538, "priority_weighted_population": 674.80610999505222, "health_priority_rank": 282 }, "geometry": { "type": "Point", "coordinates": [ -77.306651, 38.8680135 ] } },
{ "type": "Feature", "properties": { "LocationID": "24021773500", "StateAbbr": "MD", "CountyName": "Frederick", "CountyFIPS": 24021, "lon": -77.345378, "lat": 39.4686515, "TotalPopulation": 4236, "chronic_disease_burden_score": 0.70057996628054198, "preventive_care_gap_score": 0.16128611344228078, "health_need_score": 0.4309330398614114, "need_intensity": 0.36675566619516903, "priority_weighted_population": 1553.577002002736, "health_priority_rank": 283 }, "geometry": { "type": "Point", "coordinates": [ -77.345378, 39.4686515 ] } },
{ "type": "Feature", "properties": { "LocationID": "51510200304", "StateAbbr": "VA", "CountyName": "Alexandria", "CountyFIPS": 51510, "lon": -77.1313574, "lat": 38.8166069, "TotalPopulation": 2825, "chronic_disease_burden_score": 0.70688778629467952, "preventive_care_gap_score": 0.15245551421279371, "health_need_score": 0.4296716502537366, "need_intensity": 0.36641437917964592, "priority_weighted_population": 1035.1206211824997, "health_priority_rank": 284 }, "geometry": { "type": "Point", "coordinates": [ -77.1313574, 38.8166069 ] } },
{ "type": "Feature", "properties": { "LocationID": "51107611010", "StateAbbr": "VA", "CountyName": "Loudoun", "CountyFIPS": 51107, "lon": -77.4727067, "lat": 39.0813513, "TotalPopulation": 1951, "chronic_disease_burden_score": 2.6083024611745596, "preventive_care_gap_score": -1.7564429689020715, "health_need_score": 0.42592974613624401, "need_intensity": 0.36540195345418996, "priority_weighted_population": 712.89921118912457, "health_priority_rank": 285 }, "geometry": { "type": "Point", "coordinates": [ -77.4727067, 39.0813513 ] } },
{ "type": "Feature", "properties": { "LocationID": "51177020307", "StateAbbr": "VA", "CountyName": "Spotsylvania", "CountyFIPS": 51177, "lon": -77.5428503, "lat": 38.2532909, "TotalPopulation": 3791, "chronic_disease_burden_score": 0.5689231914340287, "preventive_care_gap_score": 0.28211566525287063, "health_need_score": 0.42551942834344969, "need_intensity": 0.36529093610152846, "priority_weighted_population": 1384.8179387608943, "health_priority_rank": 286 }, "geometry": { "type": "Point", "coordinates": [ -77.5428503, 38.2532909 ] } },
{ "type": "Feature", "properties": { "LocationID": "51107611400", "StateAbbr": "VA", "CountyName": "Loudoun", "CountyFIPS": 51107, "lon": -77.3925179, "lat": 39.000281, "TotalPopulation": 5767, "chronic_disease_burden_score": 0.053500362260610411, "preventive_care_gap_score": 0.79131915464693681, "health_need_score": 0.4224097584537736, "need_intensity": 0.36444957039702902, "priority_weighted_population": 2101.7806724796665, "health_priority_rank": 287 }, "geometry": { "type": "Point", "coordinates": [ -77.3925179, 39.000281 ] } },
{ "type": "Feature", "properties": { "LocationID": "54037972501", "StateAbbr": "WV", "CountyName": "Jefferson", "CountyFIPS": 54037, "lon": -77.8935922, "lat": 39.2730672, "TotalPopulation": 5313, "chronic_disease_burden_score": 1.027491967869282, "preventive_care_gap_score": -0.18315451620441869, "health_need_score": 0.42216872583243165, "need_intensity": 0.3643843555708714, "priority_weighted_population": 1935.9740811480397, "health_priority_rank": 288 }, "geometry": { "type": "Point", "coordinates": [ -77.8935922, 39.2730672 ] } },
{ "type": "Feature", "properties": { "LocationID": "24033807404", "StateAbbr": "MD", "CountyName": "Prince George's", "CountyFIPS": 24033, "lon": -76.9073024, "lat": 39.0368587, "TotalPopulation": 5617, "chronic_disease_burden_score": 0.0044097061238302622, "preventive_care_gap_score": 0.83789917315405804, "health_need_score": 0.42115443963894417, "need_intensity": 0.36410992592141544, "priority_weighted_population": 2045.2054539005906, "health_priority_rank": 289 }, "geometry": { "type": "Point", "coordinates": [ -76.9073024, 39.0368587 ] } },
{ "type": "Feature", "properties": { "LocationID": "24021751302", "StateAbbr": "MD", "CountyName": "Frederick", "CountyFIPS": 24021, "lon": -77.4364911, "lat": 39.5407408, "TotalPopulation": 3166, "chronic_disease_burden_score": 1.0149456071993119, "preventive_care_gap_score": -0.17779537576079996, "health_need_score": 0.41857511571925599, "need_intensity": 0.36341205291115619, "priority_weighted_population": 1150.5625595167205, "health_priority_rank": 290 }, "geometry": { "type": "Point", "coordinates": [ -77.4364911, 39.5407408 ] } },
{ "type": "Feature", "properties": { "LocationID": "51177020308", "StateAbbr": "VA", "CountyName": "Spotsylvania", "CountyFIPS": 51177, "lon": -77.550644, "lat": 38.245347, "TotalPopulation": 4032, "chronic_disease_burden_score": 0.47605369800906999, "preventive_care_gap_score": 0.35893538120387258, "health_need_score": 0.41749453960647132, "need_intensity": 0.36311968757507446, "priority_weighted_population": 1464.0985803027002, "health_priority_rank": 291 }, "geometry": { "type": "Point", "coordinates": [ -77.550644, 38.245347 ] } },
{ "type": "Feature", "properties": { "LocationID": "51153900302", "StateAbbr": "VA", "CountyName": "Prince William", "CountyFIPS": 51153, "lon": -77.2785698, "lat": 38.6677907, "TotalPopulation": 6165, "chronic_disease_burden_score": 0.11791506319401174, "preventive_care_gap_score": 0.71701169946596111, "health_need_score": 0.41746338132998639, "need_intensity": 0.36311125725733145, "priority_weighted_population": 2238.5809009914483, "health_priority_rank": 292 }, "geometry": { "type": "Point", "coordinates": [ -77.2785698, 38.6677907 ] } },
{ "type": "Feature", "properties": { "LocationID": "51061930705", "StateAbbr": "VA", "CountyName": "Fauquier", "CountyFIPS": 51061, "lon": -77.7208395, "lat": 38.5710913, "TotalPopulation": 3988, "chronic_disease_burden_score": 0.57850184054311793, "preventive_care_gap_score": 0.25613980180253226, "health_need_score": 0.4173208211728251, "need_intensity": 0.36307268556602046, "priority_weighted_population": 1447.9338700372896, "health_priority_rank": 293 }, "geometry": { "type": "Point", "coordinates": [ -77.7208395, 38.5710913 ] } },
{ "type": "Feature", "properties": { "LocationID": "24033801213", "StateAbbr": "MD", "CountyName": "Prince George's", "CountyFIPS": 24033, "lon": -76.9393047, "lat": 38.7747752, "TotalPopulation": 3888, "chronic_disease_burden_score": 0.95553613235357604, "preventive_care_gap_score": -0.12488580144128542, "health_need_score": 0.41532516545614528, "need_intensity": 0.36253273234346878, "priority_weighted_population": 1409.5272633514066, "health_priority_rank": 294 }, "geometry": { "type": "Point", "coordinates": [ -76.9393047, 38.7747752 ] } },
{ "type": "Feature", "properties": { "LocationID": "51059481000", "StateAbbr": "VA", "CountyName": "Fairfax", "CountyFIPS": 51059, "lon": -77.4109061, "lat": 38.9636519, "TotalPopulation": 6231, "chronic_disease_burden_score": -0.42248730317408323, "preventive_care_gap_score": 1.2529459320820706, "health_need_score": 0.41522931445399369, "need_intensity": 0.36250679848270106, "priority_weighted_population": 2258.7798613457103, "health_priority_rank": 295 }, "geometry": { "type": "Point", "coordinates": [ -77.4109061, 38.9636519 ] } },
{ "type": "Feature", "properties": { "LocationID": "24021753001", "StateAbbr": "MD", "CountyName": "Frederick", "CountyFIPS": 24021, "lon": -77.4043582, "lat": 39.6040079, "TotalPopulation": 4527, "chronic_disease_burden_score": 0.88199491132778962, "preventive_care_gap_score": -0.056998466371763548, "health_need_score": 0.41249822247801304, "need_intensity": 0.36176786245220716, "priority_weighted_population": 1637.7231133211419, "health_priority_rank": 296 }, "geometry": { "type": "Point", "coordinates": [ -77.4043582, 39.6040079 ] } },
{ "type": "Feature", "properties": { "LocationID": "24031701601", "StateAbbr": "MD", "CountyName": "Montgomery", "CountyFIPS": 24031, "lon": -76.9763685, "lat": 39.0147267, "TotalPopulation": 2128, "chronic_disease_burden_score": -0.023112954664701198, "preventive_care_gap_score": 0.84332118148168178, "health_need_score": 0.41010411340849029, "need_intensity": 0.36112010197106564, "priority_weighted_population": 768.46357699442774, "health_priority_rank": 297 }, "geometry": { "type": "Point", "coordinates": [ -76.9763685, 39.0147267 ] } },
{ "type": "Feature", "properties": { "LocationID": "24033800900", "StateAbbr": "MD", "CountyName": "Prince George's", "CountyFIPS": 24033, "lon": -76.7242704, "lat": 38.6048461, "TotalPopulation": 1626, "chronic_disease_burden_score": 0.98761008973282005, "preventive_care_gap_score": -0.17014375323549069, "health_need_score": 0.40873316824866468, "need_intensity": 0.36074917313258792, "priority_weighted_population": 586.57815551358794, "health_priority_rank": 298 }, "geometry": { "type": "Point", "coordinates": [ -76.7242704, 38.6048461 ] } },
{ "type": "Feature", "properties": { "LocationID": "24017851401", "StateAbbr": "MD", "CountyName": "Charles", "CountyFIPS": 24017, "lon": -76.7707538, "lat": 38.579955, "TotalPopulation": 3218, "chronic_disease_burden_score": 1.0948210955146893, "preventive_care_gap_score": -0.27803129207384103, "health_need_score": 0.40839490172042414, "need_intensity": 0.36065765028098667, "priority_weighted_population": 1160.5963186042152, "health_priority_rank": 299 }, "geometry": { "type": "Point", "coordinates": [ -76.7707538, 38.579955 ] } },
{ "type": "Feature", "properties": { "LocationID": "24033807407", "StateAbbr": "MD", "CountyName": "Prince George's", "CountyFIPS": 24033, "lon": -76.9228098, "lat": 39.0676225, "TotalPopulation": 6708, "chronic_disease_burden_score": 0.36038985309460819, "preventive_care_gap_score": 0.45444074618080382, "health_need_score": 0.40741529963770601, "need_intensity": 0.36039260491421266, "priority_weighted_population": 2417.5135937645387, "health_priority_rank": 300 }, "geometry": { "type": "Point", "coordinates": [ -76.9228098, 39.0676225 ] } },
{ "type": "Feature", "properties": { "LocationID": "51177020109", "StateAbbr": "VA", "CountyName": "Spotsylvania", "CountyFIPS": 51177, "lon": -77.5427972, "lat": 38.2804092, "TotalPopulation": 3656, "chronic_disease_burden_score": 1.103117448824448, "preventive_care_gap_score": -0.29570515260960595, "health_need_score": 0.403706148107421, "need_intensity": 0.35938904087008883, "priority_weighted_population": 1313.9263334210448, "health_priority_rank": 301 }, "geometry": { "type": "Point", "coordinates": [ -77.5427972, 38.2804092 ] } },
{ "type": "Feature", "properties": { "LocationID": "51685920201", "StateAbbr": "VA", "CountyName": "Manassas Park", "CountyFIPS": 51685, "lon": -77.4423225, "lat": 38.7740354, "TotalPopulation": 2872, "chronic_disease_burden_score": -0.39402849619269614, "preventive_care_gap_score": 1.2000982260504385, "health_need_score": 0.40303486492887119, "need_intensity": 0.35920741559651415, "priority_weighted_population": 1031.6436975931886, "health_priority_rank": 302 }, "geometry": { "type": "Point", "coordinates": [ -77.4423225, 38.7740354 ] } },
{ "type": "Feature", "properties": { "LocationID": "11001007806", "StateAbbr": "DC", "CountyName": "District of Columbia", "CountyFIPS": 11001, "lon": -76.932552, "lat": 38.9055926, "TotalPopulation": 3457, "chronic_disease_burden_score": 0.40033381913325106, "preventive_care_gap_score": 0.40534396773872217, "health_need_score": 0.40283889343598661, "need_intensity": 0.35915439270372412, "priority_weighted_population": 1241.5967355767743, "health_priority_rank": 303 }, "geometry": { "type": "Point", "coordinates": [ -76.932552, 38.9055926 ] } },
{ "type": "Feature", "properties": { "LocationID": "24031703215", "StateAbbr": "MD", "CountyName": "Montgomery", "CountyFIPS": 24031, "lon": -77.0540058, "lat": 39.0846638, "TotalPopulation": 3357, "chronic_disease_burden_score": 0.41704580459344309, "preventive_care_gap_score": 0.38140293846763901, "health_need_score": 0.39922437153054102, "need_intensity": 0.35817643205925176, "priority_weighted_population": 1202.3982824229081, "health_priority_rank": 304 }, "geometry": { "type": "Point", "coordinates": [ -77.0540058, 39.0846638 ] } },
{ "type": "Feature", "properties": { "LocationID": "24021750701", "StateAbbr": "MD", "CountyName": "Frederick", "CountyFIPS": 24021, "lon": -77.4078207, "lat": 39.4551284, "TotalPopulation": 5623, "chronic_disease_burden_score": 0.32206294239105399, "preventive_care_gap_score": 0.46302523362056419, "health_need_score": 0.39254408800580909, "need_intensity": 0.35636898572139369, "priority_weighted_population": 2003.8628067113968, "health_priority_rank": 305 }, "geometry": { "type": "Point", "coordinates": [ -77.4078207, 39.4551284 ] } },
{ "type": "Feature", "properties": { "LocationID": "24033802502", "StateAbbr": "MD", "CountyName": "Prince George's", "CountyFIPS": 24033, "lon": -76.930274, "lat": 38.8693278, "TotalPopulation": 2318, "chronic_disease_burden_score": 0.76494896701860005, "preventive_care_gap_score": 0.018644938505173531, "health_need_score": 0.39179695276188681, "need_intensity": 0.35616683758568773, "priority_weighted_population": 825.59472952362421, "health_priority_rank": 306 }, "geometry": { "type": "Point", "coordinates": [ -76.930274, 38.8693278 ] } },
{ "type": "Feature", "properties": { "LocationID": "24033801210", "StateAbbr": "MD", "CountyName": "Prince George's", "CountyFIPS": 24033, "lon": -76.9235417, "lat": 38.7684717, "TotalPopulation": 4253, "chronic_disease_burden_score": 0.96484575982242515, "preventive_care_gap_score": -0.1867287539295617, "health_need_score": 0.38905850294643174, "need_intensity": 0.35542591078639429, "priority_weighted_population": 1511.626398574535, "health_priority_rank": 307 }, "geometry": { "type": "Point", "coordinates": [ -76.9235417, 38.7684717 ] } },
{ "type": "Feature", "properties": { "LocationID": "24033800707", "StateAbbr": "MD", "CountyName": "Prince George's", "CountyFIPS": 24033, "lon": -76.7912595, "lat": 38.805245, "TotalPopulation": 3617, "chronic_disease_burden_score": 1.0895704004573405, "preventive_care_gap_score": -0.31923534424792571, "health_need_score": 0.38516752810470745, "need_intensity": 0.3543731518425059, "priority_weighted_population": 1281.7676902143439, "health_priority_rank": 308 }, "geometry": { "type": "Point", "coordinates": [ -76.7912595, 38.805245 ] } },
{ "type": "Feature", "properties": { "LocationID": "24021750100", "StateAbbr": "MD", "CountyName": "Frederick", "CountyFIPS": 24021, "lon": -77.4094197, "lat": 39.4209637, "TotalPopulation": 1651, "chronic_disease_burden_score": 0.39596499651453954, "preventive_care_gap_score": 0.37003373709575427, "health_need_score": 0.3829993668051469, "need_intensity": 0.35378652476503714, "priority_weighted_population": 584.10155238707637, "health_priority_rank": 309 }, "geometry": { "type": "Point", "coordinates": [ -77.4094197, 39.4209637 ] } },
{ "type": "Feature", "properties": { "LocationID": "51177020112", "StateAbbr": "VA", "CountyName": "Spotsylvania", "CountyFIPS": 51177, "lon": -77.5876906, "lat": 38.2772719, "TotalPopulation": 2749, "chronic_disease_burden_score": 0.56101549939945428, "preventive_care_gap_score": 0.2046205013657994, "health_need_score": 0.38281800038262681, "need_intensity": 0.35373745348311009, "priority_weighted_population": 972.42425962506968, "health_priority_rank": 310 }, "geometry": { "type": "Point", "coordinates": [ -77.5876906, 38.2772719 ] } },
{ "type": "Feature", "properties": { "LocationID": "24033800412", "StateAbbr": "MD", "CountyName": "Prince George's", "CountyFIPS": 24033, "lon": -76.8433498, "lat": 38.9839494, "TotalPopulation": 4807, "chronic_disease_burden_score": 0.42242452229037447, "preventive_care_gap_score": 0.34186772478633376, "health_need_score": 0.38214612353835409, "need_intensity": 0.35355566758477563, "priority_weighted_population": 1699.5420940800166, "health_priority_rank": 311 }, "geometry": { "type": "Point", "coordinates": [ -76.8433498, 38.9839494 ] } },
{ "type": "Feature", "properties": { "LocationID": "51510200409", "StateAbbr": "VA", "CountyName": "Alexandria", "CountyFIPS": 51510, "lon": -77.1267592, "lat": 38.8101164, "TotalPopulation": 6318, "chronic_disease_burden_score": -0.079040462774482637, "preventive_care_gap_score": 0.84285096466746245, "health_need_score": 0.38190525094648992, "need_intensity": 0.35349049605688415, "priority_weighted_population": 2233.3529540873942, "health_priority_rank": 312 }, "geometry": { "type": "Point", "coordinates": [ -77.1267592, 38.8101164 ] } },
{ "type": "Feature", "properties": { "LocationID": "51059431601", "StateAbbr": "VA", "CountyName": "Fairfax", "CountyFIPS": 51059, "lon": -77.2054172, "lat": 38.7665692, "TotalPopulation": 1908, "chronic_disease_burden_score": 2.8998358201425649, "preventive_care_gap_score": -2.139559582846585, "health_need_score": 0.38013811864798996, "need_intensity": 0.35301237311650152, "priority_weighted_population": 673.54760790628495, "health_priority_rank": 313 }, "geometry": { "type": "Point", "coordinates": [ -77.2054172, 38.7665692 ] } },
{ "type": "Feature", "properties": { "LocationID": "11001002802", "StateAbbr": "DC", "CountyName": "District of Columbia", "CountyFIPS": 11001, "lon": -77.0346327, "lat": 38.9294344, "TotalPopulation": 4685, "chronic_disease_burden_score": -0.40326148513688947, "preventive_care_gap_score": 1.1583307323953678, "health_need_score": 0.37753462362923917, "need_intensity": 0.35230796026937439, "priority_weighted_population": 1650.5627938620189, "health_priority_rank": 314 }, "geometry": { "type": "Point", "coordinates": [ -77.0346327, 38.9294344 ] } },
{ "type": "Feature", "properties": { "LocationID": "51153901209", "StateAbbr": "VA", "CountyName": "Prince William", "CountyFIPS": 51153, "lon": -77.2970196, "lat": 38.6663535, "TotalPopulation": 6645, "chronic_disease_burden_score": 0.49747855123482637, "preventive_care_gap_score": 0.25515532936620294, "health_need_score": 0.37631694030051466, "need_intensity": 0.35197849861328967, "priority_weighted_population": 2338.89712328531, "health_priority_rank": 315 }, "geometry": { "type": "Point", "coordinates": [ -77.2970196, 38.6663535 ] } },
{ "type": "Feature", "properties": { "LocationID": "24033801807", "StateAbbr": "MD", "CountyName": "Prince George's", "CountyFIPS": 24033, "lon": -76.9705827, "lat": 38.8364528, "TotalPopulation": 4557, "chronic_disease_burden_score": 0.72961211544408111, "preventive_care_gap_score": 0.019064174130438458, "health_need_score": 0.3743381447872598, "need_intensity": 0.35144310716013333, "priority_weighted_population": 1601.5262393287276, "health_priority_rank": 316 }, "geometry": { "type": "Point", "coordinates": [ -76.9705827, 38.8364528 ] } },
{ "type": "Feature", "properties": { "LocationID": "51059452502", "StateAbbr": "VA", "CountyName": "Fairfax", "CountyFIPS": 51059, "lon": -77.1493966, "lat": 38.8153416, "TotalPopulation": 5011, "chronic_disease_burden_score": -0.1811518648774488, "preventive_care_gap_score": 0.92861354935349516, "health_need_score": 0.37373084223802316, "need_intensity": 0.35127879276172114, "priority_weighted_population": 1760.2580305289846, "health_priority_rank": 317 }, "geometry": { "type": "Point", "coordinates": [ -77.1493966, 38.8153416 ] } },
{ "type": "Feature", "properties": { "LocationID": "51059482302", "StateAbbr": "VA", "CountyName": "Fairfax", "CountyFIPS": 51059, "lon": -77.3547124, "lat": 38.9367321, "TotalPopulation": 4625, "chronic_disease_burden_score": -0.1723567212967706, "preventive_care_gap_score": 0.91781382972588454, "health_need_score": 0.37272855421455697, "need_intensity": 0.35100760938892167, "priority_weighted_population": 1623.4101934237626, "health_priority_rank": 318 }, "geometry": { "type": "Point", "coordinates": [ -77.3547124, 38.9367321 ] } },
{ "type": "Feature", "properties": { "LocationID": "24021750508", "StateAbbr": "MD", "CountyName": "Frederick", "CountyFIPS": 24021, "lon": -77.453806, "lat": 39.424136, "TotalPopulation": 5056, "chronic_disease_burden_score": -0.14017261012032423, "preventive_care_gap_score": 0.88379753538570105, "health_need_score": 0.37181246263268841, "need_intensity": 0.35075974769732426, "priority_weighted_population": 1773.4412843576715, "health_priority_rank": 319 }, "geometry": { "type": "Point", "coordinates": [ -77.453806, 39.424136 ] } },
{ "type": "Feature", "properties": { "LocationID": "24021752501", "StateAbbr": "MD", "CountyName": "Frederick", "CountyFIPS": 24021, "lon": -77.586872, "lat": 39.3995827, "TotalPopulation": 5170, "chronic_disease_burden_score": 0.84123062512001379, "preventive_care_gap_score": -0.099869449150457409, "health_need_score": 0.37068058798477821, "need_intensity": 0.35045350280821058, "priority_weighted_population": 1811.8446095184488, "health_priority_rank": 320 }, "geometry": { "type": "Point", "coordinates": [ -77.586872, 39.3995827 ] } },
{ "type": "Feature", "properties": { "LocationID": "51630000400", "StateAbbr": "VA", "CountyName": "Fredericksburg", "CountyFIPS": 51630, "lon": -77.4583457, "lat": 38.287654, "TotalPopulation": 3528, "chronic_disease_burden_score": 0.60766141482035374, "preventive_care_gap_score": 0.13274154643533259, "health_need_score": 0.37020148062784319, "need_intensity": 0.35032387345422772, "priority_weighted_population": 1235.9426255465155, "health_priority_rank": 321 }, "geometry": { "type": "Point", "coordinates": [ -77.4583457, 38.287654 ] } },
{ "type": "Feature", "properties": { "LocationID": "51059450100", "StateAbbr": "VA", "CountyName": "Fairfax", "CountyFIPS": 51059, "lon": -77.2096115, "lat": 38.8691906, "TotalPopulation": 5524, "chronic_disease_burden_score": -0.055817054607152361, "preventive_care_gap_score": 0.79289678297593091, "health_need_score": 0.36853986418438928, "need_intensity": 0.34987429933891862, "priority_weighted_population": 1932.7056295481864, "health_priority_rank": 322 }, "geometry": { "type": "Point", "coordinates": [ -77.2096115, 38.8691906 ] } },
{ "type": "Feature", "properties": { "LocationID": "51153900803", "StateAbbr": "VA", "CountyName": "Prince William", "CountyFIPS": 51153, "lon": -77.3006221, "lat": 38.5829842, "TotalPopulation": 6016, "chronic_disease_burden_score": 0.062775754666923936, "preventive_care_gap_score": 0.66935543470742187, "health_need_score": 0.36606559468717292, "need_intensity": 0.34920485030654436, "priority_weighted_population": 2100.8163794441707, "health_priority_rank": 323 }, "geometry": { "type": "Point", "coordinates": [ -77.3006221, 38.5829842 ] } },
{ "type": "Feature", "properties": { "LocationID": "24033803613", "StateAbbr": "MD", "CountyName": "Prince George's", "CountyFIPS": 24033, "lon": -76.8855778, "lat": 38.9583217, "TotalPopulation": 6943, "chronic_disease_burden_score": 0.13115589008865761, "preventive_care_gap_score": 0.59279139981395668, "health_need_score": 0.36197364495130713, "need_intensity": 0.34809771472803064, "priority_weighted_population": 2416.8424333567168, "health_priority_rank": 324 }, "geometry": { "type": "Point", "coordinates": [ -76.8855778, 38.9583217 ] } },
{ "type": "Feature", "properties": { "LocationID": "24033800210", "StateAbbr": "MD", "CountyName": "Prince George's", "CountyFIPS": 24033, "lon": -76.8552654, "lat": 39.0769091, "TotalPopulation": 3689, "chronic_disease_burden_score": -0.065033722620925383, "preventive_care_gap_score": 0.78889617181563221, "health_need_score": 0.36193122459735338, "need_intensity": 0.3480862372940085, "priority_weighted_population": 1284.0901293775973, "health_priority_rank": 325 }, "geometry": { "type": "Point", "coordinates": [ -76.8552654, 39.0769091 ] } },
{ "type": "Feature", "properties": { "LocationID": "24031702301", "StateAbbr": "MD", "CountyName": "Montgomery", "CountyFIPS": 24031, "lon": -77.0041516, "lat": 39.0002187, "TotalPopulation": 3551, "chronic_disease_burden_score": -0.12119569630582362, "preventive_care_gap_score": 0.8442447057182948, "health_need_score": 0.36152450470623559, "need_intensity": 0.34797619340515062, "priority_weighted_population": 1235.6634627816898, "health_priority_rank": 326 }, "geometry": { "type": "Point", "coordinates": [ -77.0041516, 39.0002187 ] } },
{ "type": "Feature", "properties": { "LocationID": "24033802405", "StateAbbr": "MD", "CountyName": "Prince George's", "CountyFIPS": 24033, "lon": -76.936699, "lat": 38.8556709, "TotalPopulation": 3916, "chronic_disease_burden_score": 0.65627692509661406, "preventive_care_gap_score": 0.061591875759419351, "health_need_score": 0.35893440042801672, "need_intensity": 0.34727540361456677, "priority_weighted_population": 1359.9304805546435, "health_priority_rank": 327 }, "geometry": { "type": "Point", "coordinates": [ -76.936699, 38.8556709 ] } },
{ "type": "Feature", "properties": { "LocationID": "24033802204", "StateAbbr": "MD", "CountyName": "Prince George's", "CountyFIPS": 24033, "lon": -76.8613977, "lat": 38.871171, "TotalPopulation": 6185, "chronic_disease_burden_score": 0.83491887637138229, "preventive_care_gap_score": -0.12276068545248625, "health_need_score": 0.35607909545944805, "need_intensity": 0.34650285998078234, "priority_weighted_population": 2143.1201889811387, "health_priority_rank": 328 }, "geometry": { "type": "Point", "coordinates": [ -76.8613977, 38.871171 ] } },
{ "type": "Feature", "properties": { "LocationID": "24031703401", "StateAbbr": "MD", "CountyName": "Montgomery", "CountyFIPS": 24031, "lon": -77.079775, "lat": 39.061611, "TotalPopulation": 5871, "chronic_disease_burden_score": -0.066340292688581534, "preventive_care_gap_score": 0.77568655103095396, "health_need_score": 0.35467312917118621, "need_intensity": 0.34612245567466826, "priority_weighted_population": 2032.0849372659773, "health_priority_rank": 329 }, "geometry": { "type": "Point", "coordinates": [ -77.079775, 39.061611 ] } },
{ "type": "Feature", "properties": { "LocationID": "51510200106", "StateAbbr": "VA", "CountyName": "Alexandria", "CountyFIPS": 51510, "lon": -77.1138008, "lat": 38.8381814, "TotalPopulation": 3392, "chronic_disease_burden_score": 0.69289503751690618, "preventive_care_gap_score": 0.016260660128355378, "health_need_score": 0.35457784882263077, "need_intensity": 0.34609667621240015, "priority_weighted_population": 1173.9599257124612, "health_priority_rank": 330 }, "geometry": { "type": "Point", "coordinates": [ -77.1138008, 38.8381814 ] } },
{ "type": "Feature", "properties": { "LocationID": "51061930707", "StateAbbr": "VA", "CountyName": "Fauquier", "CountyFIPS": 51061, "lon": -77.8291296, "lat": 38.5865018, "TotalPopulation": 3584, "chronic_disease_burden_score": 0.53132030674112607, "preventive_care_gap_score": 0.16781145145986526, "health_need_score": 0.34956587910049564, "need_intensity": 0.34474061605624201, "priority_weighted_population": 1235.5503679455715, "health_priority_rank": 331 }, "geometry": { "type": "Point", "coordinates": [ -77.8291296, 38.5865018 ] } },
{ "type": "Feature", "properties": { "LocationID": "24031700832", "StateAbbr": "MD", "CountyName": "Montgomery", "CountyFIPS": 24031, "lon": -77.2386096, "lat": 39.1700922, "TotalPopulation": 3206, "chronic_disease_burden_score": 0.047773237725775533, "preventive_care_gap_score": 0.65042586711418859, "health_need_score": 0.34909955241998208, "need_intensity": 0.34461444469722419, "priority_weighted_population": 1104.8339096993006, "health_priority_rank": 332 }, "geometry": { "type": "Point", "coordinates": [ -77.2386096, 39.1700922 ] } },
{ "type": "Feature", "properties": { "LocationID": "51061930704", "StateAbbr": "VA", "CountyName": "Fauquier", "CountyFIPS": 51061, "lon": -77.6242992, "lat": 38.5493987, "TotalPopulation": 3920, "chronic_disease_burden_score": 0.92802369683251129, "preventive_care_gap_score": -0.23033924374129303, "health_need_score": 0.34884222654560915, "need_intensity": 0.34454482149821636, "priority_weighted_population": 1350.6157002730081, "health_priority_rank": 333 }, "geometry": { "type": "Point", "coordinates": [ -77.6242992, 38.5493987 ] } },
{ "type": "Feature", "properties": { "LocationID": "51683910301", "StateAbbr": "VA", "CountyName": "Manassas", "CountyFIPS": 51683, "lon": -77.4556935, "lat": 38.7527306, "TotalPopulation": 4579, "chronic_disease_burden_score": 0.11496080478887293, "preventive_care_gap_score": 0.58148558821557472, "health_need_score": 0.34822319650222383, "need_intensity": 0.34437733405837956, "priority_weighted_population": 1576.9038126533201, "health_priority_rank": 334 }, "geometry": { "type": "Point", "coordinates": [ -77.4556935, 38.7527306 ] } },
{ "type": "Feature", "properties": { "LocationID": "24031703222", "StateAbbr": "MD", "CountyName": "Montgomery", "CountyFIPS": 24031, "lon": -77.0410781, "lat": 39.0666172, "TotalPopulation": 4737, "chronic_disease_burden_score": 0.33004226431953065, "preventive_care_gap_score": 0.3662592553863091, "health_need_score": 0.34815075985291988, "need_intensity": 0.34435773528595826, "priority_weighted_population": 1631.2225920495844, "health_priority_rank": 335 }, "geometry": { "type": "Point", "coordinates": [ -77.0410781, 39.0666172 ] } },
{ "type": "Feature", "properties": { "LocationID": "51177020113", "StateAbbr": "VA", "CountyName": "Spotsylvania", "CountyFIPS": 51177, "lon": -77.6187532, "lat": 38.2557175, "TotalPopulation": 4512, "chronic_disease_burden_score": 0.77277929099343612, "preventive_care_gap_score": -0.076793734885338749, "health_need_score": 0.34799277805404871, "need_intensity": 0.34431499104871738, "priority_weighted_population": 1553.5492396118127, "health_priority_rank": 336 }, "geometry": { "type": "Point", "coordinates": [ -77.6187532, 38.2557175 ] } },
{ "type": "Feature", "properties": { "LocationID": "24033806711", "StateAbbr": "MD", "CountyName": "Prince George's", "CountyFIPS": 24033, "lon": -76.8582378, "lat": 38.9843628, "TotalPopulation": 4794, "chronic_disease_burden_score": 0.42844172272082126, "preventive_care_gap_score": 0.2653553665068964, "health_need_score": 0.34689854461385883, "need_intensity": 0.3440189305271974, "priority_weighted_population": 1649.2267529473843, "health_priority_rank": 337 }, "geometry": { "type": "Point", "coordinates": [ -76.8582378, 38.9843628 ] } },
{ "type": "Feature", "properties": { "LocationID": "51177020201", "StateAbbr": "VA", "CountyName": "Spotsylvania", "CountyFIPS": 51177, "lon": -77.4229079, "lat": 38.2496542, "TotalPopulation": 7310, "chronic_disease_burden_score": 0.34223982812839365, "preventive_care_gap_score": 0.34732878357043412, "health_need_score": 0.34478430584941389, "need_intensity": 0.34344689296352132, "priority_weighted_population": 2510.596787563341, "health_priority_rank": 338 }, "geometry": { "type": "Point", "coordinates": [ -77.4229079, 38.2496542 ] } },
{ "type": "Feature", "properties": { "LocationID": "11001009102", "StateAbbr": "DC", "CountyName": "District of Columbia", "CountyFIPS": 11001, "lon": -76.9888946, "lat": 38.9187926, "TotalPopulation": 4608, "chronic_disease_burden_score": 0.19493170033946433, "preventive_care_gap_score": 0.48988978660277621, "health_need_score": 0.34241074347112027, "need_intensity": 0.34280469168382388, "priority_weighted_population": 1579.6440192790606, "health_priority_rank": 339 }, "geometry": { "type": "Point", "coordinates": [ -76.9888946, 38.9187926 ] } },
{ "type": "Feature", "properties": { "LocationID": "24009860703", "StateAbbr": "MD", "CountyName": "Calvert", "CountyFIPS": 24009, "lon": -76.6074909, "lat": 38.4831446, "TotalPopulation": 4042, "chronic_disease_burden_score": 0.81070372823582626, "preventive_care_gap_score": -0.12794868278713201, "health_need_score": 0.34137752272434713, "need_intensity": 0.34252513901992271, "priority_weighted_population": 1384.4866119185276, "health_priority_rank": 340 }, "geometry": { "type": "Point", "coordinates": [ -76.6074909, 38.4831446 ] } },
{ "type": "Feature", "properties": { "LocationID": "51153901208", "StateAbbr": "VA", "CountyName": "Prince William", "CountyFIPS": 51153, "lon": -77.2770107, "lat": 38.6846113, "TotalPopulation": 3116, "chronic_disease_burden_score": 1.0656229862269426, "preventive_care_gap_score": -0.38590489025860519, "health_need_score": 0.33985904798416872, "need_intensity": 0.34211429394155074, "priority_weighted_population": 1066.028139921872, "health_priority_rank": 341 }, "geometry": { "type": "Point", "coordinates": [ -77.2770107, 38.6846113 ] } },
{ "type": "Feature", "properties": { "LocationID": "51059452801", "StateAbbr": "VA", "CountyName": "Fairfax", "CountyFIPS": 51059, "lon": -77.1275939, "lat": 38.8405835, "TotalPopulation": 5627, "chronic_disease_burden_score": 0.31047568024376232, "preventive_care_gap_score": 0.36387350429598303, "health_need_score": 0.33717459226987267, "need_intensity": 0.34138797601926751, "priority_weighted_population": 1920.9901410604184, "health_priority_rank": 342 }, "geometry": { "type": "Point", "coordinates": [ -77.1275939, 38.8405835 ] } },
{ "type": "Feature", "properties": { "LocationID": "24033801207", "StateAbbr": "MD", "CountyName": "Prince George's", "CountyFIPS": 24033, "lon": -76.8669781, "lat": 38.7540356, "TotalPopulation": 4722, "chronic_disease_burden_score": 0.94703570330351317, "preventive_care_gap_score": -0.2728971870051804, "health_need_score": 0.33706925814916638, "need_intensity": 0.34135947636502117, "priority_weighted_population": 1611.89944739563, "health_priority_rank": 343 }, "geometry": { "type": "Point", "coordinates": [ -76.8669781, 38.7540356 ] } },
{ "type": "Feature", "properties": { "LocationID": "11001008804", "StateAbbr": "DC", "CountyName": "District of Columbia", "CountyFIPS": 11001, "lon": -76.9812669, "lat": 38.9102408, "TotalPopulation": 2417, "chronic_disease_burden_score": 0.00077073119803440125, "preventive_care_gap_score": 0.67321187956386419, "health_need_score": 0.33699130538094929, "need_intensity": 0.34133838512766301, "priority_weighted_population": 825.01487685356153, "health_priority_rank": 344 }, "geometry": { "type": "Point", "coordinates": [ -76.9812669, 38.9102408 ] } },
{ "type": "Feature", "properties": { "LocationID": "24033806900", "StateAbbr": "MD", "CountyName": "Prince George's", "CountyFIPS": 24033, "lon": -76.9194234, "lat": 39.0128373, "TotalPopulation": 4393, "chronic_disease_burden_score": -0.24047356697807809, "preventive_care_gap_score": 0.90935053226262275, "health_need_score": 0.33443848264227233, "need_intensity": 0.34064768239129867, "priority_weighted_population": 1496.465268744975, "health_priority_rank": 345 }, "geometry": { "type": "Point", "coordinates": [ -76.9194234, 39.0128373 ] } },
{ "type": "Feature", "properties": { "LocationID": "51187020200", "StateAbbr": "VA", "CountyName": "Warren", "CountyFIPS": 51187, "lon": -78.1851961, "lat": 38.993678, "TotalPopulation": 3865, "chronic_disease_burden_score": 0.70593301154063959, "preventive_care_gap_score": -0.046342410195235613, "health_need_score": 0.32979530067270196, "need_intensity": 0.33939140304090304, "priority_weighted_population": 1311.7477727530902, "health_priority_rank": 346 }, "geometry": { "type": "Point", "coordinates": [ -78.1851961, 38.993678 ] } },
{ "type": "Feature", "properties": { "LocationID": "51061930703", "StateAbbr": "VA", "CountyName": "Fauquier", "CountyFIPS": 51061, "lon": -77.722683, "lat": 38.4595467, "TotalPopulation": 2541, "chronic_disease_burden_score": 0.83390592622163873, "preventive_care_gap_score": -0.17492902277741454, "health_need_score": 0.32948845172211211, "need_intensity": 0.33930838066468716, "priority_weighted_population": 862.18259526897009, "health_priority_rank": 347 }, "geometry": { "type": "Point", "coordinates": [ -77.722683, 38.4595467 ] } },
{ "type": "Feature", "properties": { "LocationID": "51061930207", "StateAbbr": "VA", "CountyName": "Fauquier", "CountyFIPS": 51061, "lon": -77.7708466, "lat": 38.6429971, "TotalPopulation": 1734, "chronic_disease_burden_score": 0.78322152859392247, "preventive_care_gap_score": -0.12429288549488667, "health_need_score": 0.32946432154951788, "need_intensity": 0.33930185190106121, "priority_weighted_population": 588.34941119644009, "health_priority_rank": 348 }, "geometry": { "type": "Point", "coordinates": [ -77.7708466, 38.6429971 ] } },
{ "type": "Feature", "properties": { "LocationID": "24017851004", "StateAbbr": "MD", "CountyName": "Charles", "CountyFIPS": 24017, "lon": -76.9605345, "lat": 38.5540556, "TotalPopulation": 5953, "chronic_disease_burden_score": 0.74019545084463434, "preventive_care_gap_score": -0.081506713409383993, "health_need_score": 0.32934436871762518, "need_intensity": 0.33926939694523223, "priority_weighted_population": 2019.6707200149674, "health_priority_rank": 349 }, "geometry": { "type": "Point", "coordinates": [ -76.9605345, 38.5540556 ] } },
{ "type": "Feature", "properties": { "LocationID": "24031703501", "StateAbbr": "MD", "CountyName": "Montgomery", "CountyFIPS": 24031, "lon": -77.0882029, "lat": 39.0533187, "TotalPopulation": 6694, "chronic_disease_burden_score": -0.014034487704474437, "preventive_care_gap_score": 0.66999205557473951, "health_need_score": 0.32797878393513252, "need_intensity": 0.33889991843357731, "priority_weighted_population": 2268.5960539943667, "health_priority_rank": 350 }, "geometry": { "type": "Point", "coordinates": [ -77.0882029, 39.0533187 ] } },
{ "type": "Feature", "properties": { "LocationID": "24021752801", "StateAbbr": "MD", "CountyName": "Frederick", "CountyFIPS": 24021, "lon": -77.5145169, "lat": 39.581793, "TotalPopulation": 2192, "chronic_disease_burden_score": 0.89543131217367067, "preventive_care_gap_score": -0.24045615932351305, "health_need_score": 0.32748757642507881, "need_intensity": 0.33876701520995095, "priority_weighted_population": 742.57729734021245, "health_priority_rank": 351 }, "geometry": { "type": "Point", "coordinates": [ -77.5145169, 39.581793 ] } },
{ "type": "Feature", "properties": { "LocationID": "24033801406", "StateAbbr": "MD", "CountyName": "Prince George's", "CountyFIPS": 24033, "lon": -76.9800136, "lat": 38.7771595, "TotalPopulation": 3216, "chronic_disease_burden_score": 0.67653055712104226, "preventive_care_gap_score": -0.021859534988411065, "health_need_score": 0.32733551106631559, "need_intensity": 0.3387258717502768, "priority_weighted_population": 1089.3424035488902, "health_priority_rank": 352 }, "geometry": { "type": "Point", "coordinates": [ -76.9800136, 38.7771595 ] } },
{ "type": "Feature", "properties": { "LocationID": "24021750300", "StateAbbr": "MD", "CountyName": "Frederick", "CountyFIPS": 24021, "lon": -77.4158102, "lat": 39.4109494, "TotalPopulation": 1728, "chronic_disease_burden_score": 0.29797234552901136, "preventive_care_gap_score": 0.35564384572633934, "health_need_score": 0.32680809562767532, "need_intensity": 0.33858317195324411, "priority_weighted_population": 585.07172113520585, "health_priority_rank": 353 }, "geometry": { "type": "Point", "coordinates": [ -77.4158102, 39.4109494 ] } },
{ "type": "Feature", "properties": { "LocationID": "24031703207", "StateAbbr": "MD", "CountyName": "Montgomery", "CountyFIPS": 24031, "lon": -77.0334936, "lat": 39.0540685, "TotalPopulation": 5906, "chronic_disease_burden_score": -0.061950495466555601, "preventive_care_gap_score": 0.71351640054561971, "health_need_score": 0.32578295253953204, "need_intensity": 0.33830580481551925, "priority_weighted_population": 1998.0340832404568, "health_priority_rank": 354 }, "geometry": { "type": "Point", "coordinates": [ -77.0334936, 39.0540685 ] } },
{ "type": "Feature", "properties": { "LocationID": "24033807500", "StateAbbr": "MD", "CountyName": "Prince George's", "CountyFIPS": 24033, "lon": -76.9413648, "lat": 38.9527218, "TotalPopulation": 7321, "chronic_disease_burden_score": 0.1026800664864715, "preventive_care_gap_score": 0.54817101784646882, "health_need_score": 0.32542554216647018, "need_intensity": 0.33820910232265183, "priority_weighted_population": 2476.0288381041341, "health_priority_rank": 355 }, "geometry": { "type": "Point", "coordinates": [ -76.9413648, 38.9527218 ] } },
{ "type": "Feature", "properties": { "LocationID": "51630000500", "StateAbbr": "VA", "CountyName": "Fredericksburg", "CountyFIPS": 51630, "lon": -77.5063977, "lat": 38.3007831, "TotalPopulation": 8872, "chronic_disease_burden_score": 0.11411724336729759, "preventive_care_gap_score": 0.53595757048159298, "health_need_score": 0.32503740692444527, "need_intensity": 0.33810408677665077, "priority_weighted_population": 2999.6594578824456, "health_priority_rank": 356 }, "geometry": { "type": "Point", "coordinates": [ -77.5063977, 38.3007831 ] } },
{ "type": "Feature", "properties": { "LocationID": "11001007901", "StateAbbr": "DC", "CountyName": "District of Columbia", "CountyFIPS": 11001, "lon": -76.9804319, "lat": 38.8965543, "TotalPopulation": 4148, "chronic_disease_burden_score": 0.096334273760472836, "preventive_care_gap_score": 0.54979058220925425, "health_need_score": 0.32306242798486356, "need_intensity": 0.33756972795213713, "priority_weighted_population": 1400.2392315454649, "health_priority_rank": 357 }, "geometry": { "type": "Point", "coordinates": [ -76.9804319, 38.8965543 ] } },
{ "type": "Feature", "properties": { "LocationID": "51059471402", "StateAbbr": "VA", "CountyName": "Fairfax", "CountyFIPS": 51059, "lon": -77.2054531, "lat": 38.8828957, "TotalPopulation": 3550, "chronic_disease_burden_score": 0.0018071289880336057, "preventive_care_gap_score": 0.64315266297249607, "health_need_score": 0.32247989598026483, "need_intensity": 0.33741211557917433, "priority_weighted_population": 1197.8130103060689, "health_priority_rank": 358 }, "geometry": { "type": "Point", "coordinates": [ -77.2054531, 38.8828957 ] } },
{ "type": "Feature", "properties": { "LocationID": "51153901418", "StateAbbr": "VA", "CountyName": "Prince William", "CountyFIPS": 51153, "lon": -77.5487966, "lat": 38.7897864, "TotalPopulation": 4138, "chronic_disease_burden_score": -0.31789520986006242, "preventive_care_gap_score": 0.96171075368450709, "health_need_score": 0.32190777191222231, "need_intensity": 0.33725731922243957, "priority_weighted_population": 1395.570786942455, "health_priority_rank": 359 }, "geometry": { "type": "Point", "coordinates": [ -77.5487966, 38.7897864 ] } },
{ "type": "Feature", "properties": { "LocationID": "24033801212", "StateAbbr": "MD", "CountyName": "Prince George's", "CountyFIPS": 24033, "lon": -76.9156495, "lat": 38.7925306, "TotalPopulation": 3337, "chronic_disease_burden_score": 0.82258613795975322, "preventive_care_gap_score": -0.18247366844296148, "health_need_score": 0.32005623475839584, "need_intensity": 0.33675635934016784, "priority_weighted_population": 1123.75597111814, "health_priority_rank": 360 }, "geometry": { "type": "Point", "coordinates": [ -76.9156495, 38.7925306 ] } },
{ "type": "Feature", "properties": { "LocationID": "51177020106", "StateAbbr": "VA", "CountyName": "Spotsylvania", "CountyFIPS": 51177, "lon": -77.5817765, "lat": 38.3103641, "TotalPopulation": 8064, "chronic_disease_burden_score": 1.1338776139312021, "preventive_care_gap_score": -0.4943967693237683, "health_need_score": 0.31974042230371691, "need_intensity": 0.33667091175960534, "priority_weighted_population": 2714.9142324294576, "health_priority_rank": 361 }, "geometry": { "type": "Point", "coordinates": [ -77.5817765, 38.3103641 ] } },
{ "type": "Feature", "properties": { "LocationID": "24031700721", "StateAbbr": "MD", "CountyName": "Montgomery", "CountyFIPS": 24031, "lon": -77.205747, "lat": 39.1632023, "TotalPopulation": 3200, "chronic_disease_burden_score": -0.12794852265608803, "preventive_care_gap_score": 0.76599764928158309, "health_need_score": 0.31902456331274753, "need_intensity": 0.33647722586186468, "priority_weighted_population": 1076.727122757967, "health_priority_rank": 362 }, "geometry": { "type": "Point", "coordinates": [ -77.205747, 39.1632023 ] } },
{ "type": "Feature", "properties": { "LocationID": "51600300100", "StateAbbr": "VA", "CountyName": "Fairfax", "CountyFIPS": 51600, "lon": -77.317843, "lat": 38.858071, "TotalPopulation": 5368, "chronic_disease_burden_score": 0.28338279625398999, "preventive_care_gap_score": 0.35371237343512263, "health_need_score": 0.31854758484455631, "need_intensity": 0.33634817250920712, "priority_weighted_population": 1805.5169900294238, "health_priority_rank": 363 }, "geometry": { "type": "Point", "coordinates": [ -77.317843, 38.858071 ] } },
{ "type": "Feature", "properties": { "LocationID": "24033806706", "StateAbbr": "MD", "CountyName": "Prince George's", "CountyFIPS": 24033, "lon": -76.8990044, "lat": 38.9885501, "TotalPopulation": 4083, "chronic_disease_burden_score": 0.42733581924841341, "preventive_care_gap_score": 0.20666849848881397, "health_need_score": 0.31700215886861371, "need_intensity": 0.33593003538818428, "priority_weighted_population": 1371.6023344899563, "health_priority_rank": 364 }, "geometry": { "type": "Point", "coordinates": [ -76.8990044, 38.9885501 ] } },
{ "type": "Feature", "properties": { "LocationID": "24033800706", "StateAbbr": "MD", "CountyName": "Prince George's", "CountyFIPS": 24033, "lon": -76.8169711, "lat": 38.7764948, "TotalPopulation": 4011, "chronic_disease_burden_score": 0.71150074247384687, "preventive_care_gap_score": -0.079389790625331164, "health_need_score": 0.31605547592425787, "need_intensity": 0.33567389676554138, "priority_weighted_population": 1346.3879999265864, "health_priority_rank": 365 }, "geometry": { "type": "Point", "coordinates": [ -76.8169711, 38.7764948 ] } },
{ "type": "Feature", "properties": { "LocationID": "11001009906", "StateAbbr": "DC", "CountyName": "District of Columbia", "CountyFIPS": 11001, "lon": -76.9359151, "lat": 38.8879464, "TotalPopulation": 1773, "chronic_disease_burden_score": 0.52693636691425261, "preventive_care_gap_score": 0.10370759888443283, "health_need_score": 0.31532198289934271, "need_intensity": 0.33547543972748023, "priority_weighted_population": 594.7979546368224, "health_priority_rank": 366 }, "geometry": { "type": "Point", "coordinates": [ -76.9359151, 38.8879464 ] } },
{ "type": "Feature", "properties": { "LocationID": "24009860701", "StateAbbr": "MD", "CountyName": "Calvert", "CountyFIPS": 24009, "lon": -76.6309766, "lat": 38.5439619, "TotalPopulation": 2877, "chronic_disease_burden_score": 0.76814530600133402, "preventive_care_gap_score": -0.14160919685890708, "health_need_score": 0.31326805457121348, "need_intensity": 0.33491972001571108, "priority_weighted_population": 963.56403448520075, "health_priority_rank": 367 }, "geometry": { "type": "Point", "coordinates": [ -76.6309766, 38.5439619 ] } },
{ "type": "Feature", "properties": { "LocationID": "24021750801", "StateAbbr": "MD", "CountyName": "Frederick", "CountyFIPS": 24021, "lon": -77.4071631, "lat": 39.4324126, "TotalPopulation": 2883, "chronic_disease_burden_score": 0.48251963806390047, "preventive_care_gap_score": 0.14396306663246927, "health_need_score": 0.31324135234818484, "need_intensity": 0.33491249534702044, "priority_weighted_population": 965.55272408545989, "health_priority_rank": 368 }, "geometry": { "type": "Point", "coordinates": [ -77.4071631, 39.4324126 ] } },
{ "type": "Feature", "properties": { "LocationID": "24017850712", "StateAbbr": "MD", "CountyName": "Charles", "CountyFIPS": 24017, "lon": -77.0367885, "lat": 38.5984332, "TotalPopulation": 6117, "chronic_disease_burden_score": 0.81991083780396279, "preventive_care_gap_score": -0.19515863037910425, "health_need_score": 0.3123761037124293, "need_intensity": 0.33467838994232568, "priority_weighted_population": 2047.2277112772063, "health_priority_rank": 369 }, "geometry": { "type": "Point", "coordinates": [ -77.0367885, 38.5984332 ] } },
{ "type": "Feature", "properties": { "LocationID": "24017850500", "StateAbbr": "MD", "CountyName": "Charles", "CountyFIPS": 24017, "lon": -77.0902045, "lat": 38.4724635, "TotalPopulation": 2775, "chronic_disease_burden_score": 0.93552311772499397, "preventive_care_gap_score": -0.31185295833213311, "health_need_score": 0.31183507969643043, "need_intensity": 0.33453200814987782, "priority_weighted_population": 928.32632261591095, "health_priority_rank": 370 }, "geometry": { "type": "Point", "coordinates": [ -77.0902045, 38.4724635 ] } },
{ "type": "Feature", "properties": { "LocationID": "51177020204", "StateAbbr": "VA", "CountyName": "Spotsylvania", "CountyFIPS": 51177, "lon": -77.4903394, "lat": 38.2315022, "TotalPopulation": 4572, "chronic_disease_burden_score": 0.68480204334676076, "preventive_care_gap_score": -0.061615724119049559, "health_need_score": 0.31159315961385559, "need_intensity": 0.33446655320837942, "priority_weighted_population": 1529.1810812687108, "health_priority_rank": 371 }, "geometry": { "type": "Point", "coordinates": [ -77.4903394, 38.2315022 ] } },
{ "type": "Feature", "properties": { "LocationID": "24021751301", "StateAbbr": "MD", "CountyName": "Frederick", "CountyFIPS": 24021, "lon": -77.4670894, "lat": 39.5006996, "TotalPopulation": 4752, "chronic_disease_burden_score": 1.135278880950862, "preventive_care_gap_score": -0.51259018747281604, "health_need_score": 0.311344346739023, "need_intensity": 0.33439923332326321, "priority_weighted_population": 1589.0651567521468, "health_priority_rank": 372 }, "geometry": { "type": "Point", "coordinates": [ -77.4670894, 39.5006996 ] } },
{ "type": "Feature", "properties": { "LocationID": "24033800102", "StateAbbr": "MD", "CountyName": "Prince George's", "CountyFIPS": 24033, "lon": -76.8569904, "lat": 39.1061029, "TotalPopulation": 3129, "chronic_disease_burden_score": 0.20128368617694586, "preventive_care_gap_score": 0.41461830915696324, "health_need_score": 0.30795099766695455, "need_intensity": 0.3334811141550158, "priority_weighted_population": 1043.4624061910445, "health_priority_rank": 373 }, "geometry": { "type": "Point", "coordinates": [ -76.8569904, 39.1061029 ] } },
{ "type": "Feature", "properties": { "LocationID": "11001009604", "StateAbbr": "DC", "CountyName": "District of Columbia", "CountyFIPS": 11001, "lon": -76.9585043, "lat": 38.8931572, "TotalPopulation": 1996, "chronic_disease_burden_score": 0.74016886889349365, "preventive_care_gap_score": -0.12938572157887743, "health_need_score": 0.30539157365730812, "need_intensity": 0.33278862535029147, "priority_weighted_population": 664.24609619918181, "health_priority_rank": 374 }, "geometry": { "type": "Point", "coordinates": [ -76.9585043, 38.8931572 ] } },
{ "type": "Feature", "properties": { "LocationID": "51153901227", "StateAbbr": "VA", "CountyName": "Prince William", "CountyFIPS": 51153, "lon": -77.3636473, "lat": 38.6545058, "TotalPopulation": 5282, "chronic_disease_burden_score": 0.050050491686217141, "preventive_care_gap_score": 0.560061083821776, "health_need_score": 0.30505578775399655, "need_intensity": 0.33269777366727565, "priority_weighted_population": 1757.30964051055, "health_priority_rank": 375 }, "geometry": { "type": "Point", "coordinates": [ -77.3636473, 38.6545058 ] } },
{ "type": "Feature", "properties": { "LocationID": "54037972602", "StateAbbr": "WV", "CountyName": "Jefferson", "CountyFIPS": 54037, "lon": -77.787806, "lat": 39.3389243, "TotalPopulation": 4633, "chronic_disease_burden_score": 1.0458518108392509, "preventive_care_gap_score": -0.43686941604054241, "health_need_score": 0.30449119739935426, "need_intensity": 0.33254501566454864, "priority_weighted_population": 1540.6810575738539, "health_priority_rank": 376 }, "geometry": { "type": "Point", "coordinates": [ -77.787806, 39.3389243 ] } },
{ "type": "Feature", "properties": { "LocationID": "51153901407", "StateAbbr": "VA", "CountyName": "Prince William", "CountyFIPS": 51153, "lon": -77.5231001, "lat": 38.794635, "TotalPopulation": 4247, "chronic_disease_burden_score": -0.40139299205607126, "preventive_care_gap_score": 1.0086630473315976, "health_need_score": 0.30363502763776318, "need_intensity": 0.33231336667922584, "priority_weighted_population": 1411.3348682866722, "health_priority_rank": 377 }, "geometry": { "type": "Point", "coordinates": [ -77.5231001, 38.794635 ] } },
{ "type": "Feature", "properties": { "LocationID": "51059452700", "StateAbbr": "VA", "CountyName": "Fairfax", "CountyFIPS": 51059, "lon": -77.1356196, "lat": 38.8455017, "TotalPopulation": 5398, "chronic_disease_burden_score": 0.11037034710243522, "preventive_care_gap_score": 0.49438508756796534, "health_need_score": 0.3023777173352003, "need_intensity": 0.33197318337809723, "priority_weighted_population": 1791.9912438749689, "health_priority_rank": 378 }, "geometry": { "type": "Point", "coordinates": [ -77.1356196, 38.8455017 ] } },
{ "type": "Feature", "properties": { "LocationID": "24033807304", "StateAbbr": "MD", "CountyName": "Prince George's", "CountyFIPS": 24033, "lon": -76.9594342, "lat": 39.024978, "TotalPopulation": 2266, "chronic_disease_burden_score": 0.083762798485980741, "preventive_care_gap_score": 0.51909154765981658, "health_need_score": 0.30142717307289868, "need_intensity": 0.33171600002060819, "priority_weighted_population": 751.66845604669811, "health_priority_rank": 379 }, "geometry": { "type": "Point", "coordinates": [ -76.9594342, 39.024978 ] } },
{ "type": "Feature", "properties": { "LocationID": "51153900403", "StateAbbr": "VA", "CountyName": "Prince William", "CountyFIPS": 51153, "lon": -77.3005652, "lat": 38.645467, "TotalPopulation": 5550, "chronic_disease_burden_score": 0.27350220873684888, "preventive_care_gap_score": 0.32886706752295886, "health_need_score": 0.30118463812990387, "need_intensity": 0.33165037871982128, "priority_weighted_population": 1840.6596018950081, "health_priority_rank": 380 }, "geometry": { "type": "Point", "coordinates": [ -77.3005652, 38.645467 ] } },
{ "type": "Feature", "properties": { "LocationID": "24031700833", "StateAbbr": "MD", "CountyName": "Montgomery", "CountyFIPS": 24031, "lon": -77.2275649, "lat": 39.1800898, "TotalPopulation": 4600, "chronic_disease_burden_score": -0.050625787403334448, "preventive_care_gap_score": 0.65080726927062416, "health_need_score": 0.30009074093364485, "need_intensity": 0.33135440917391029, "priority_weighted_population": 1524.2302821999874, "health_priority_rank": 381 }, "geometry": { "type": "Point", "coordinates": [ -77.2275649, 39.1800898 ] } },
{ "type": "Feature", "properties": { "LocationID": "24033801904", "StateAbbr": "MD", "CountyName": "Prince George's", "CountyFIPS": 24033, "lon": -76.9058078, "lat": 38.8128814, "TotalPopulation": 3547, "chronic_disease_burden_score": 0.48183882393617394, "preventive_care_gap_score": 0.1170048769553183, "health_need_score": 0.2994218504457461, "need_intensity": 0.33117343127704335, "priority_weighted_population": 1174.6721607396728, "health_priority_rank": 382 }, "geometry": { "type": "Point", "coordinates": [ -76.9058078, 38.8128814 ] } },
{ "type": "Feature", "properties": { "LocationID": "51061930205", "StateAbbr": "VA", "CountyName": "Fauquier", "CountyFIPS": 51061, "lon": -77.8890661, "lat": 38.7167858, "TotalPopulation": 1847, "chronic_disease_burden_score": 1.0963465968099955, "preventive_care_gap_score": -0.4976381666889147, "health_need_score": 0.29935421506054039, "need_intensity": 0.33115513155535536, "priority_weighted_population": 611.64352798274138, "health_priority_rank": 383 }, "geometry": { "type": "Point", "coordinates": [ -77.8890661, 38.7167858 ] } },
{ "type": "Feature", "properties": { "LocationID": "24021767600", "StateAbbr": "MD", "CountyName": "Frederick", "CountyFIPS": 24021, "lon": -77.3112605, "lat": 39.5459235, "TotalPopulation": 3170, "chronic_disease_burden_score": 0.82192084607041871, "preventive_care_gap_score": -0.22590517378352187, "health_need_score": 0.29800783614344839, "need_intensity": 0.33079084946552223, "priority_weighted_population": 1048.6069928057054, "health_priority_rank": 384 }, "geometry": { "type": "Point", "coordinates": [ -77.3112605, 39.5459235 ] } },
{ "type": "Feature", "properties": { "LocationID": "51153901102", "StateAbbr": "VA", "CountyName": "Prince William", "CountyFIPS": 51153, "lon": -77.3313676, "lat": 38.5267349, "TotalPopulation": 3607, "chronic_disease_burden_score": -1.475758821159433, "preventive_care_gap_score": 2.0688137304964371, "health_need_score": 0.29652745466850206, "need_intensity": 0.33039031106537525, "priority_weighted_population": 1191.7178520128086, "health_priority_rank": 385 }, "geometry": { "type": "Point", "coordinates": [ -77.3313676, 38.5267349 ] } },
{ "type": "Feature", "properties": { "LocationID": "51153900202", "StateAbbr": "VA", "CountyName": "Prince William", "CountyFIPS": 51153, "lon": -77.2665481, "lat": 38.6628993, "TotalPopulation": 4127, "chronic_disease_burden_score": -0.26661367633553329, "preventive_care_gap_score": 0.85332131158726776, "health_need_score": 0.29335381762586721, "need_intensity": 0.32953163813193398, "priority_weighted_population": 1359.9770705704916, "health_priority_rank": 386 }, "geometry": { "type": "Point", "coordinates": [ -77.2665481, 38.6628993 ] } },
{ "type": "Feature", "properties": { "LocationID": "11001008904", "StateAbbr": "DC", "CountyName": "District of Columbia", "CountyFIPS": 11001, "lon": -76.9748514, "lat": 38.9009808, "TotalPopulation": 3137, "chronic_disease_burden_score": 0.40722175000997624, "preventive_care_gap_score": 0.17929364080530841, "health_need_score": 0.29325769540764235, "need_intensity": 0.32950563088977514, "priority_weighted_population": 1033.6591641012246, "health_priority_rank": 387 }, "geometry": { "type": "Point", "coordinates": [ -76.9748514, 38.9009808 ] } },
{ "type": "Feature", "properties": { "LocationID": "51153900407", "StateAbbr": "VA", "CountyName": "Prince William", "CountyFIPS": 51153, "lon": -77.341737, "lat": 38.6384548, "TotalPopulation": 6849, "chronic_disease_burden_score": 0.0042225292802695689, "preventive_care_gap_score": 0.5743714654177805, "health_need_score": 0.28929699734902503, "need_intensity": 0.32843400733144767, "priority_weighted_population": 2249.4445162130851, "health_priority_rank": 388 }, "geometry": { "type": "Point", "coordinates": [ -77.341737, 38.6384548 ] } },
{ "type": "Feature", "properties": { "LocationID": "51683910201", "StateAbbr": "VA", "CountyName": "Manassas", "CountyFIPS": 51683, "lon": -77.4711757, "lat": 38.7622914, "TotalPopulation": 5239, "chronic_disease_burden_score": 0.23009655004382576, "preventive_care_gap_score": 0.34778734440488634, "health_need_score": 0.28894194722435607, "need_intensity": 0.32833794343757061, "priority_weighted_population": 1720.1624856694325, "health_priority_rank": 389 }, "geometry": { "type": "Point", "coordinates": [ -77.4711757, 38.7622914 ] } },
{ "type": "Feature", "properties": { "LocationID": "51153901212", "StateAbbr": "VA", "CountyName": "Prince William", "CountyFIPS": 51153, "lon": -77.3530624, "lat": 38.6684118, "TotalPopulation": 7978, "chronic_disease_burden_score": 0.092987225031548479, "preventive_care_gap_score": 0.48348231599676311, "health_need_score": 0.2882347705141558, "need_intensity": 0.32814660665518136, "priority_weighted_population": 2617.9536278950368, "health_priority_rank": 390 }, "geometry": { "type": "Point", "coordinates": [ -77.3530624, 38.6684118 ] } },
{ "type": "Feature", "properties": { "LocationID": "24031700723", "StateAbbr": "MD", "CountyName": "Montgomery", "CountyFIPS": 24031, "lon": -77.2025986, "lat": 39.1471102, "TotalPopulation": 3756, "chronic_disease_burden_score": 1.2920250485839757, "preventive_care_gap_score": -0.71976202362752784, "health_need_score": 0.28613151247822394, "need_intensity": 0.32757754008479684, "priority_weighted_population": 1230.381240558497, "health_priority_rank": 391 }, "geometry": { "type": "Point", "coordinates": [ -77.2025986, 39.1471102 ] } },
{ "type": "Feature", "properties": { "LocationID": "51179010202", "StateAbbr": "VA", "CountyName": "Stafford", "CountyFIPS": 51179, "lon": -77.5400425, "lat": 38.4939061, "TotalPopulation": 6860, "chronic_disease_burden_score": 0.48077313226090262, "preventive_care_gap_score": 0.089966124363750913, "health_need_score": 0.28536962831232676, "need_intensity": 0.32737140141711535, "priority_weighted_population": 2245.7678137214111, "health_priority_rank": 392 }, "geometry": { "type": "Point", "coordinates": [ -77.5400425, 38.4939061 ] } },
{ "type": "Feature", "properties": { "LocationID": "24033801701", "StateAbbr": "MD", "CountyName": "Prince George's", "CountyFIPS": 24033, "lon": -76.9437236, "lat": 38.8066469, "TotalPopulation": 4441, "chronic_disease_burden_score": 0.51583550432731762, "preventive_care_gap_score": 0.052244366036192064, "health_need_score": 0.28403993518175485, "need_intensity": 0.32701163390568722, "priority_weighted_population": 1452.258666175157, "health_priority_rank": 393 }, "geometry": { "type": "Point", "coordinates": [ -76.9437236, 38.8066469 ] } },
{ "type": "Feature", "properties": { "LocationID": "51153901703", "StateAbbr": "VA", "CountyName": "Prince William", "CountyFIPS": 51153, "lon": -77.4872922, "lat": 38.7760558, "TotalPopulation": 2762, "chronic_disease_burden_score": -0.052354496437918834, "preventive_care_gap_score": 0.61857574133032178, "health_need_score": 0.2831106224462015, "need_intensity": 0.32676019504169557, "priority_weighted_population": 902.5116587051632, "health_priority_rank": 394 }, "geometry": { "type": "Point", "coordinates": [ -77.4872922, 38.7760558 ] } },
{ "type": "Feature", "properties": { "LocationID": "51177020314", "StateAbbr": "VA", "CountyName": "Spotsylvania", "CountyFIPS": 51177, "lon": -77.5241261, "lat": 38.2051728, "TotalPopulation": 1850, "chronic_disease_burden_score": 0.25919826601259632, "preventive_care_gap_score": 0.30242029147237959, "health_need_score": 0.28080927874248796, "need_intensity": 0.32613753355823755, "priority_weighted_population": 603.35443708273942, "health_priority_rank": 395 }, "geometry": { "type": "Point", "coordinates": [ -77.5241261, 38.2051728 ] } },
{ "type": "Feature", "properties": { "LocationID": "51179010503", "StateAbbr": "VA", "CountyName": "Stafford", "CountyFIPS": 51179, "lon": -77.3790417, "lat": 38.3353683, "TotalPopulation": 2618, "chronic_disease_burden_score": 0.70072782682856305, "preventive_care_gap_score": -0.14393088476135585, "health_need_score": 0.2783984710336036, "need_intensity": 0.32548525502117087, "priority_weighted_population": 852.12039764542533, "health_priority_rank": 396 }, "geometry": { "type": "Point", "coordinates": [ -77.3790417, 38.3353683 ] } },
{ "type": "Feature", "properties": { "LocationID": "51107611018", "StateAbbr": "VA", "CountyName": "Loudoun", "CountyFIPS": 51107, "lon": -77.443079, "lat": 39.0325747, "TotalPopulation": 4004, "chronic_disease_burden_score": 1.4393183081907688, "preventive_care_gap_score": -0.88648557980306242, "health_need_score": 0.27641636419385318, "need_intensity": 0.32494896764122855, "priority_weighted_population": 1301.0956664354792, "health_priority_rank": 397 }, "geometry": { "type": "Point", "coordinates": [ -77.443079, 39.0325747 ] } },
{ "type": "Feature", "properties": { "LocationID": "24033801409", "StateAbbr": "MD", "CountyName": "Prince George's", "CountyFIPS": 24033, "lon": -76.9821766, "lat": 38.7901087, "TotalPopulation": 2719, "chronic_disease_burden_score": 0.58407600323206998, "preventive_care_gap_score": -0.034970244280338937, "health_need_score": 0.27455287947586554, "need_intensity": 0.32444477517444009, "priority_weighted_population": 882.16534369930264, "health_priority_rank": 398 }, "geometry": { "type": "Point", "coordinates": [ -76.9821766, 38.7901087 ] } },
{ "type": "Feature", "properties": { "LocationID": "11001003702", "StateAbbr": "DC", "CountyName": "District of Columbia", "CountyFIPS": 11001, "lon": -77.0343972, "lat": 38.9249042, "TotalPopulation": 2906, "chronic_disease_burden_score": -0.62997332887046609, "preventive_care_gap_score": 1.1790273870679846, "health_need_score": 0.27452702909875926, "need_intensity": 0.3244377809848582, "priority_weighted_population": 942.81619154199791, "health_priority_rank": 399 }, "geometry": { "type": "Point", "coordinates": [ -77.0343972, 38.9249042 ] } },
{ "type": "Feature", "properties": { "LocationID": "24031700815", "StateAbbr": "MD", "CountyName": "Montgomery", "CountyFIPS": 24031, "lon": -77.2672574, "lat": 39.1616006, "TotalPopulation": 8255, "chronic_disease_burden_score": -0.096509835560257023, "preventive_care_gap_score": 0.64347138046846086, "health_need_score": 0.27348077245410191, "need_intensity": 0.32415470127217166, "priority_weighted_population": 2675.8970590017771, "health_priority_rank": 400 }, "geometry": { "type": "Point", "coordinates": [ -77.2672574, 39.1616006 ] } },
{ "type": "Feature", "properties": { "LocationID": "24031703702", "StateAbbr": "MD", "CountyName": "Montgomery", "CountyFIPS": 24031, "lon": -77.0563037, "lat": 39.0486516, "TotalPopulation": 4147, "chronic_disease_burden_score": -0.078058080737291244, "preventive_care_gap_score": 0.60952917505368598, "health_need_score": 0.26573554715819736, "need_intensity": 0.32205911969316525, "priority_weighted_population": 1335.5791693675562, "health_priority_rank": 401 }, "geometry": { "type": "Point", "coordinates": [ -77.0563037, 39.0486516 ] } },
{ "type": "Feature", "properties": { "LocationID": "51061930305", "StateAbbr": "VA", "CountyName": "Fauquier", "CountyFIPS": 51061, "lon": -77.8141732, "lat": 38.7052922, "TotalPopulation": 4677, "chronic_disease_burden_score": 0.94863385228284614, "preventive_care_gap_score": -0.41990771015301864, "health_need_score": 0.26436307106491375, "need_intensity": 0.32168777663872472, "priority_weighted_population": 1504.5337313393154, "health_priority_rank": 402 }, "geometry": { "type": "Point", "coordinates": [ -77.8141732, 38.7052922 ] } },
{ "type": "Feature", "properties": { "LocationID": "24021751702", "StateAbbr": "MD", "CountyName": "Frederick", "CountyFIPS": 24021, "lon": -77.2091951, "lat": 39.4723055, "TotalPopulation": 3782, "chronic_disease_burden_score": 0.68280845003567914, "preventive_care_gap_score": -0.15638036906826258, "health_need_score": 0.26321404048370828, "need_intensity": 0.32137688996626568, "priority_weighted_population": 1215.4473978524168, "health_priority_rank": 403 }, "geometry": { "type": "Point", "coordinates": [ -77.2091951, 39.4723055 ] } },
{ "type": "Feature", "properties": { "LocationID": "24033801305", "StateAbbr": "MD", "CountyName": "Prince George's", "CountyFIPS": 24033, "lon": -76.9718128, "lat": 38.7642507, "TotalPopulation": 6143, "chronic_disease_burden_score": 0.71399023330198852, "preventive_care_gap_score": -0.18867300417930527, "health_need_score": 0.26265861456134165, "need_intensity": 0.32122661153188242, "priority_weighted_population": 1973.2950746403537, "health_priority_rank": 404 }, "geometry": { "type": "Point", "coordinates": [ -76.9718128, 38.7642507 ] } },
{ "type": "Feature", "properties": { "LocationID": "11001007100", "StateAbbr": "DC", "CountyName": "District of Columbia", "CountyFIPS": 11001, "lon": -76.986838, "lat": 38.8771811, "TotalPopulation": 3218, "chronic_disease_burden_score": -0.074998782468679651, "preventive_care_gap_score": 0.59895869316120298, "health_need_score": 0.26197995534626167, "need_intensity": 0.32104299056603436, "priority_weighted_population": 1033.1163436414986, "health_priority_rank": 405 }, "geometry": { "type": "Point", "coordinates": [ -76.986838, 38.8771811 ] } },
{ "type": "Feature", "properties": { "LocationID": "51179010107", "StateAbbr": "VA", "CountyName": "Stafford", "CountyFIPS": 51179, "lon": -77.3372703, "lat": 38.4551376, "TotalPopulation": 3661, "chronic_disease_burden_score": 0.52972094739311093, "preventive_care_gap_score": -0.0060895156160699782, "health_need_score": 0.26181571588852048, "need_intensity": 0.32099855322960591, "priority_weighted_population": 1175.1757033735873, "health_priority_rank": 406 }, "geometry": { "type": "Point", "coordinates": [ -77.3372703, 38.4551376 ] } },
{ "type": "Feature", "properties": { "LocationID": "24031703403", "StateAbbr": "MD", "CountyName": "Montgomery", "CountyFIPS": 24031, "lon": -77.0623465, "lat": 39.061654, "TotalPopulation": 3970, "chronic_disease_burden_score": -0.31621473464560312, "preventive_care_gap_score": 0.83901043576925127, "health_need_score": 0.26139785056182407, "need_intensity": 0.32088549378360204, "priority_weighted_population": 1273.9154103209, "health_priority_rank": 407 }, "geometry": { "type": "Point", "coordinates": [ -77.0623465, 39.061654 ] } },
{ "type": "Feature", "properties": { "LocationID": "24031700715", "StateAbbr": "MD", "CountyName": "Montgomery", "CountyFIPS": 24031, "lon": -77.1862379, "lat": 39.1728726, "TotalPopulation": 6117, "chronic_disease_burden_score": -0.0077076000177131879, "preventive_care_gap_score": 0.52616256963569208, "health_need_score": 0.25922748480898944, "need_intensity": 0.32029827025974256, "priority_weighted_population": 1959.2645191788451, "health_priority_rank": 408 }, "geometry": { "type": "Point", "coordinates": [ -77.1862379, 39.1728726 ] } },
{ "type": "Feature", "properties": { "LocationID": "51059481202", "StateAbbr": "VA", "CountyName": "Fairfax", "CountyFIPS": 51059, "lon": -77.3709877, "lat": 38.9456001, "TotalPopulation": 6301, "chronic_disease_burden_score": -0.10352403123913959, "preventive_care_gap_score": 0.62173998729803415, "health_need_score": 0.25910797802944729, "need_intensity": 0.32026593598976244, "priority_weighted_population": 2017.9956626714932, "health_priority_rank": 409 }, "geometry": { "type": "Point", "coordinates": [ -77.3709877, 38.9456001 ] } },
{ "type": "Feature", "properties": { "LocationID": "51059421002", "StateAbbr": "VA", "CountyName": "Fairfax", "CountyFIPS": 51059, "lon": -77.1802056, "lat": 38.7572597, "TotalPopulation": 5348, "chronic_disease_burden_score": 0.10828278318551163, "preventive_care_gap_score": 0.40846799225724384, "health_need_score": 0.25837538772137775, "need_intensity": 0.32006772319466642, "priority_weighted_population": 1711.722183645076, "health_priority_rank": 410 }, "geometry": { "type": "Point", "coordinates": [ -77.1802056, 38.7572597 ] } },
{ "type": "Feature", "properties": { "LocationID": "24009860902", "StateAbbr": "MD", "CountyName": "Calvert", "CountyFIPS": 24009, "lon": -76.4705743, "lat": 38.4015851, "TotalPopulation": 2992, "chronic_disease_burden_score": 0.61033686795408049, "preventive_care_gap_score": -0.096450004715214865, "health_need_score": 0.25694343161943278, "need_intensity": 0.31968028697240852, "priority_weighted_population": 956.48341862144628, "health_priority_rank": 411 }, "geometry": { "type": "Point", "coordinates": [ -76.4705743, 38.4015851 ] } },
{ "type": "Feature", "properties": { "LocationID": "51179010306", "StateAbbr": "VA", "CountyName": "Stafford", "CountyFIPS": 51179, "lon": -77.4863367, "lat": 38.3318251, "TotalPopulation": 2773, "chronic_disease_burden_score": 0.072491219653601377, "preventive_care_gap_score": 0.43833752003928361, "health_need_score": 0.2554143698464425, "need_intensity": 0.31926657742075276, "priority_weighted_population": 885.32621918774737, "health_priority_rank": 412 }, "geometry": { "type": "Point", "coordinates": [ -77.4863367, 38.3318251 ] } },
{ "type": "Feature", "properties": { "LocationID": "24033800800", "StateAbbr": "MD", "CountyName": "Prince George's", "CountyFIPS": 24033, "lon": -76.7300104, "lat": 38.7107792, "TotalPopulation": 3446, "chronic_disease_burden_score": 0.90913025608399889, "preventive_care_gap_score": -0.40064746577097837, "health_need_score": 0.25424139515651023, "need_intensity": 0.3189492123269107, "priority_weighted_population": 1099.0989856785343, "health_priority_rank": 413 }, "geometry": { "type": "Point", "coordinates": [ -76.7300104, 38.7107792 ] } },
{ "type": "Feature", "properties": { "LocationID": "51153901403", "StateAbbr": "VA", "CountyName": "Prince William", "CountyFIPS": 51153, "lon": -77.5182829, "lat": 38.7706914, "TotalPopulation": 6754, "chronic_disease_burden_score": -0.16233499389907757, "preventive_care_gap_score": 0.66754149208936242, "health_need_score": 0.25260324909514242, "need_intensity": 0.31850598845946049, "priority_weighted_population": 2151.1894460551962, "health_priority_rank": 414 }, "geometry": { "type": "Point", "coordinates": [ -77.5182829, 38.7706914 ] } },
{ "type": "Feature", "properties": { "LocationID": "51177020304", "StateAbbr": "VA", "CountyName": "Spotsylvania", "CountyFIPS": 51177, "lon": -77.5209704, "lat": 38.2616661, "TotalPopulation": 4351, "chronic_disease_burden_score": 0.75563522778105241, "preventive_care_gap_score": -0.25366394690619065, "health_need_score": 0.25098564043743088, "need_intensity": 0.3180683212805685, "priority_weighted_population": 1383.9152658917535, "health_priority_rank": 415 }, "geometry": { "type": "Point", "coordinates": [ -77.5209704, 38.2616661 ] } },
{ "type": "Feature", "properties": { "LocationID": "51510200109", "StateAbbr": "VA", "CountyName": "Alexandria", "CountyFIPS": 51510, "lon": -77.1361626, "lat": 38.8237508, "TotalPopulation": 5794, "chronic_disease_burden_score": -0.024100074249891568, "preventive_care_gap_score": 0.52290610864681519, "health_need_score": 0.24940301719846181, "need_intensity": 0.31764011990754393, "priority_weighted_population": 1840.4068547443096, "health_priority_rank": 416 }, "geometry": { "type": "Point", "coordinates": [ -77.1361626, 38.8237508 ] } },
{ "type": "Feature", "properties": { "LocationID": "51153901101", "StateAbbr": "VA", "CountyName": "Prince William", "CountyFIPS": 51153, "lon": -77.300699, "lat": 38.5287151, "TotalPopulation": 2191, "chronic_disease_burden_score": -0.85851304880252044, "preventive_care_gap_score": 1.352444685834546, "health_need_score": 0.24696581851601279, "need_intensity": 0.3169807009147847, "priority_weighted_population": 694.50471570429329, "health_priority_rank": 417 }, "geometry": { "type": "Point", "coordinates": [ -77.300699, 38.5287151 ] } },
{ "type": "Feature", "properties": { "LocationID": "54037972201", "StateAbbr": "WV", "CountyName": "Jefferson", "CountyFIPS": 54037, "lon": -77.8270338, "lat": 39.4497104, "TotalPopulation": 5169, "chronic_disease_burden_score": 0.84760766520461306, "preventive_care_gap_score": -0.3539157849742986, "health_need_score": 0.24684594011515723, "need_intensity": 0.31694826609733834, "priority_weighted_population": 1638.3055874571419, "health_priority_rank": 418 }, "geometry": { "type": "Point", "coordinates": [ -77.8270338, 39.4497104 ] } },
{ "type": "Feature", "properties": { "LocationID": "24009861004", "StateAbbr": "MD", "CountyName": "Calvert", "CountyFIPS": 24009, "lon": -76.4076066, "lat": 38.3586351, "TotalPopulation": 7201, "chronic_disease_burden_score": 0.2759964507705347, "preventive_care_gap_score": 0.21348571964581614, "health_need_score": 0.24474108520817542, "need_intensity": 0.31637876747063154, "priority_weighted_population": 2278.2435045560178, "health_priority_rank": 419 }, "geometry": { "type": "Point", "coordinates": [ -76.4076066, 38.3586351 ] } },
{ "type": "Feature", "properties": { "LocationID": "24017850906", "StateAbbr": "MD", "CountyName": "Charles", "CountyFIPS": 24017, "lon": -76.8969636, "lat": 38.5985749, "TotalPopulation": 4750, "chronic_disease_burden_score": 0.50886425668943158, "preventive_care_gap_score": -0.022791462116103209, "health_need_score": 0.24303639728666418, "need_intensity": 0.31591753975035303, "priority_weighted_population": 1500.6083138141769, "health_priority_rank": 420 }, "geometry": { "type": "Point", "coordinates": [ -76.8969636, 38.5985749 ] } },
{ "type": "Feature", "properties": { "LocationID": "24031700903", "StateAbbr": "MD", "CountyName": "Montgomery", "CountyFIPS": 24031, "lon": -77.1278026, "lat": 39.0963997, "TotalPopulation": 2377, "chronic_disease_burden_score": -0.24055884585638634, "preventive_care_gap_score": 0.7184243281222128, "health_need_score": 0.23893274113291324, "need_intensity": 0.31480723683289963, "priority_weighted_population": 748.29680195180242, "health_priority_rank": 421 }, "geometry": { "type": "Point", "coordinates": [ -77.1278026, 39.0963997 ] } },
{ "type": "Feature", "properties": { "LocationID": "51177020305", "StateAbbr": "VA", "CountyName": "Spotsylvania", "CountyFIPS": 51177, "lon": -77.5120779, "lat": 38.2370986, "TotalPopulation": 3858, "chronic_disease_burden_score": 0.18147869760506119, "preventive_care_gap_score": 0.29529606377842144, "health_need_score": 0.23838738069174131, "need_intensity": 0.31465968175854397, "priority_weighted_population": 1213.9570522244626, "health_priority_rank": 422 }, "geometry": { "type": "Point", "coordinates": [ -77.5120779, 38.2370986 ] } },
{ "type": "Feature", "properties": { "LocationID": "51179010305", "StateAbbr": "VA", "CountyName": "Stafford", "CountyFIPS": 51179, "lon": -77.5097313, "lat": 38.3985063, "TotalPopulation": 6752, "chronic_disease_burden_score": 0.50142164686880808, "preventive_care_gap_score": -0.02525314001926561, "health_need_score": 0.23808425342477124, "need_intensity": 0.31457766633710837, "priority_weighted_population": 2124.0284031081555, "health_priority_rank": 423 }, "geometry": { "type": "Point", "coordinates": [ -77.5097313, 38.3985063 ] } },
{ "type": "Feature", "properties": { "LocationID": "24033805000", "StateAbbr": "MD", "CountyName": "Prince George's", "CountyFIPS": 24033, "lon": -76.9828138, "lat": 38.9614009, "TotalPopulation": 5906, "chronic_disease_burden_score": 0.099880392246239805, "preventive_care_gap_score": 0.37327634793085795, "health_need_score": 0.23657837008854887, "need_intensity": 0.31417022804332645, "priority_weighted_population": 1855.489366823886, "health_priority_rank": 424 }, "geometry": { "type": "Point", "coordinates": [ -76.9828138, 38.9614009 ] } },
{ "type": "Feature", "properties": { "LocationID": "24017850102", "StateAbbr": "MD", "CountyName": "Charles", "CountyFIPS": 24017, "lon": -77.093736, "lat": 38.5951955, "TotalPopulation": 2374, "chronic_disease_burden_score": 0.74539275587246623, "preventive_care_gap_score": -0.27280764444726924, "health_need_score": 0.2362925557125985, "need_intensity": 0.31409289687239544, "priority_weighted_population": 745.65653717506677, "health_priority_rank": 425 }, "geometry": { "type": "Point", "coordinates": [ -77.093736, 38.5951955 ] } },
{ "type": "Feature", "properties": { "LocationID": "24033801802", "StateAbbr": "MD", "CountyName": "Prince George's", "CountyFIPS": 24033, "lon": -76.950463, "lat": 38.8348674, "TotalPopulation": 3896, "chronic_disease_burden_score": 0.54537313788293507, "preventive_care_gap_score": -0.073546102212047479, "health_need_score": 0.23591351783544379, "need_intensity": 0.31399034274869148, "priority_weighted_population": 1223.3063753489021, "health_priority_rank": 426 }, "geometry": { "type": "Point", "coordinates": [ -76.950463, 38.8348674 ] } },
{ "type": "Feature", "properties": { "LocationID": "51179010211", "StateAbbr": "VA", "CountyName": "Stafford", "CountyFIPS": 51179, "lon": -77.412402, "lat": 38.4586023, "TotalPopulation": 4242, "chronic_disease_burden_score": -0.023899839490239747, "preventive_care_gap_score": 0.4954751955552289, "health_need_score": 0.23578767803249456, "need_intensity": 0.31395629498856942, "priority_weighted_population": 1331.8026033415115, "health_priority_rank": 427 }, "geometry": { "type": "Point", "coordinates": [ -77.412402, 38.4586023 ] } },
{ "type": "Feature", "properties": { "LocationID": "51177020309", "StateAbbr": "VA", "CountyName": "Spotsylvania", "CountyFIPS": 51177, "lon": -77.5387743, "lat": 38.2276424, "TotalPopulation": 5749, "chronic_disease_burden_score": 0.42628604122554686, "preventive_care_gap_score": 0.038062515107829133, "health_need_score": 0.23217427816668801, "need_intensity": 0.31297863792798369, "priority_weighted_population": 1799.3141894479782, "health_priority_rank": 428 }, "geometry": { "type": "Point", "coordinates": [ -77.5387743, 38.2276424 ] } },
{ "type": "Feature", "properties": { "LocationID": "51177020407", "StateAbbr": "VA", "CountyName": "Spotsylvania", "CountyFIPS": 51177, "lon": -77.7325098, "lat": 38.2385589, "TotalPopulation": 5768, "chronic_disease_burden_score": 0.95111111498193535, "preventive_care_gap_score": -0.4872123387157512, "health_need_score": 0.23194938813309207, "need_intensity": 0.31291779071002673, "priority_weighted_population": 1804.9098168154342, "health_priority_rank": 429 }, "geometry": { "type": "Point", "coordinates": [ -77.7325098, 38.2385589 ] } },
{ "type": "Feature", "properties": { "LocationID": "51061930303", "StateAbbr": "VA", "CountyName": "Fauquier", "CountyFIPS": 51061, "lon": -77.7846848, "lat": 38.7600555, "TotalPopulation": 3797, "chronic_disease_burden_score": 0.89520560932909732, "preventive_care_gap_score": -0.43133414423984362, "health_need_score": 0.23193573254462685, "need_intensity": 0.31291409599508363, "priority_weighted_population": 1188.1348224933326, "health_priority_rank": 430 }, "geometry": { "type": "Point", "coordinates": [ -77.7846848, 38.7600555 ] } },
{ "type": "Feature", "properties": { "LocationID": "24031701505", "StateAbbr": "MD", "CountyName": "Montgomery", "CountyFIPS": 24031, "lon": -76.9933235, "lat": 39.0300467, "TotalPopulation": 7010, "chronic_disease_burden_score": 0.26418262784349178, "preventive_care_gap_score": 0.19874517521826085, "health_need_score": 0.23146390153087631, "need_intensity": 0.31278643535991241, "priority_weighted_population": 2192.6329118729859, "health_priority_rank": 431 }, "geometry": { "type": "Point", "coordinates": [ -76.9933235, 39.0300467 ] } },
{ "type": "Feature", "properties": { "LocationID": "51179010214", "StateAbbr": "VA", "CountyName": "Stafford", "CountyFIPS": 51179, "lon": -77.4545832, "lat": 38.4644624, "TotalPopulation": 3873, "chronic_disease_burden_score": 0.12390474590282129, "preventive_care_gap_score": 0.33850953202362793, "health_need_score": 0.23120713896322462, "need_intensity": 0.31271696457160186, "priority_weighted_population": 1211.1528037858141, "health_priority_rank": 432 }, "geometry": { "type": "Point", "coordinates": [ -77.4545832, 38.4644624 ] } },
{ "type": "Feature", "properties": { "LocationID": "24033801004", "StateAbbr": "MD", "CountyName": "Prince George's", "CountyFIPS": 24033, "lon": -76.8513765, "lat": 38.7250838, "TotalPopulation": 5725, "chronic_disease_burden_score": 0.67009740399922313, "preventive_care_gap_score": -0.20769730995173918, "health_need_score": 0.23120004702374197, "need_intensity": 0.31271504574585163, "priority_weighted_population": 1790.2936368950006, "health_priority_rank": 433 }, "geometry": { "type": "Point", "coordinates": [ -76.8513765, 38.7250838 ] } },
{ "type": "Feature", "properties": { "LocationID": "24033801211", "StateAbbr": "MD", "CountyName": "Prince George's", "CountyFIPS": 24033, "lon": -76.9058928, "lat": 38.7827065, "TotalPopulation": 3253, "chronic_disease_burden_score": 0.65889136709524765, "preventive_care_gap_score": -0.19960713393045629, "health_need_score": 0.22964211658239569, "need_intensity": 0.3122935253627086, "priority_weighted_population": 1015.8908380048911, "health_priority_rank": 434 }, "geometry": { "type": "Point", "coordinates": [ -76.9058928, 38.7827065 ] } },
{ "type": "Feature", "properties": { "LocationID": "51179010206", "StateAbbr": "VA", "CountyName": "Stafford", "CountyFIPS": 51179, "lon": -77.4575355, "lat": 38.4797055, "TotalPopulation": 5495, "chronic_disease_burden_score": 0.17355158836914658, "preventive_care_gap_score": 0.28517556660731525, "health_need_score": 0.22936357748823091, "need_intensity": 0.31221816262341257, "priority_weighted_population": 1715.638803615652, "health_priority_rank": 435 }, "geometry": { "type": "Point", "coordinates": [ -77.4575355, 38.4797055 ] } },
{ "type": "Feature", "properties": { "LocationID": "24033801410", "StateAbbr": "MD", "CountyName": "Prince George's", "CountyFIPS": 24033, "lon": -77.023794, "lat": 38.7564194, "TotalPopulation": 3416, "chronic_disease_burden_score": 0.77563846634484368, "preventive_care_gap_score": -0.31735263296055816, "health_need_score": 0.22914291669214276, "need_intensity": 0.31215845968620609, "priority_weighted_population": 1066.33329828808, "health_priority_rank": 436 }, "geometry": { "type": "Point", "coordinates": [ -77.023794, 38.7564194 ] } },
{ "type": "Feature", "properties": { "LocationID": "51107610603", "StateAbbr": "VA", "CountyName": "Loudoun", "CountyFIPS": 51107, "lon": -77.5611851, "lat": 39.1036546, "TotalPopulation": 3587, "chronic_disease_burden_score": 0.069809284674771543, "preventive_care_gap_score": 0.38741585040789783, "health_need_score": 0.22861256754133469, "need_intensity": 0.31201496613134938, "priority_weighted_population": 1119.1976835131502, "health_priority_rank": 437 }, "geometry": { "type": "Point", "coordinates": [ -77.5611851, 39.1036546 ] } },
{ "type": "Feature", "properties": { "LocationID": "24009861003", "StateAbbr": "MD", "CountyName": "Calvert", "CountyFIPS": 24009, "lon": -76.427426, "lat": 38.3394149, "TotalPopulation": 6517, "chronic_disease_burden_score": 0.62641205778260356, "preventive_care_gap_score": -0.1737178238468059, "health_need_score": 0.22634711696789883, "need_intensity": 0.31140201604810885, "priority_weighted_population": 2029.4069385855255, "health_priority_rank": 438 }, "geometry": { "type": "Point", "coordinates": [ -76.427426, 38.3394149 ] } },
{ "type": "Feature", "properties": { "LocationID": "51683910302", "StateAbbr": "VA", "CountyName": "Manassas", "CountyFIPS": 51683, "lon": -77.4676135, "lat": 38.7400102, "TotalPopulation": 6436, "chronic_disease_burden_score": -0.030645175657466203, "preventive_care_gap_score": 0.4831206224596501, "health_need_score": 0.22623772340109194, "need_intensity": 0.31137241805260785, "priority_weighted_population": 2003.9928825865841, "health_priority_rank": 439 }, "geometry": { "type": "Point", "coordinates": [ -77.4676135, 38.7400102 ] } },
{ "type": "Feature", "properties": { "LocationID": "24031700812", "StateAbbr": "MD", "CountyName": "Montgomery", "CountyFIPS": 24031, "lon": -77.1993066, "lat": 39.1698064, "TotalPopulation": 4669, "chronic_disease_burden_score": 0.27741621155584528, "preventive_care_gap_score": 0.17377803816728923, "health_need_score": 0.22559712486156724, "need_intensity": 0.31119909494738124, "priority_weighted_population": 1452.988574309323, "health_priority_rank": 440 }, "geometry": { "type": "Point", "coordinates": [ -77.1993066, 39.1698064 ] } },
{ "type": "Feature", "properties": { "LocationID": "51061930204", "StateAbbr": "VA", "CountyName": "Fauquier", "CountyFIPS": 51061, "lon": -77.8966685, "lat": 38.7915771, "TotalPopulation": 3468, "chronic_disease_burden_score": 1.059060694502721, "preventive_care_gap_score": -0.60800797906912585, "health_need_score": 0.22552635771679758, "need_intensity": 0.3111799478833111, "priority_weighted_population": 1079.1720592593229, "health_priority_rank": 441 }, "geometry": { "type": "Point", "coordinates": [ -77.8966685, 38.7915771 ] } },
{ "type": "Feature", "properties": { "LocationID": "24033800609", "StateAbbr": "MD", "CountyName": "Prince George's", "CountyFIPS": 24033, "lon": -76.7119581, "lat": 38.8418527, "TotalPopulation": 3655, "chronic_disease_burden_score": 0.73046769274167811, "preventive_care_gap_score": -0.28366818084737522, "health_need_score": 0.22339975594715145, "need_intensity": 0.31060456533159764, "priority_weighted_population": 1135.2596862869893, "health_priority_rank": 442 }, "geometry": { "type": "Point", "coordinates": [ -76.7119581, 38.8418527 ] } },
{ "type": "Feature", "properties": { "LocationID": "51061930404", "StateAbbr": "VA", "CountyName": "Fauquier", "CountyFIPS": 51061, "lon": -77.6709596, "lat": 38.6607113, "TotalPopulation": 2758, "chronic_disease_burden_score": 0.83925091765858972, "preventive_care_gap_score": -0.39564955941823976, "health_need_score": 0.22180067912017498, "need_intensity": 0.31017191220479967, "priority_weighted_population": 855.45413386083749, "health_priority_rank": 443 }, "geometry": { "type": "Point", "coordinates": [ -77.6709596, 38.6607113 ] } },
{ "type": "Feature", "properties": { "LocationID": "24033807405", "StateAbbr": "MD", "CountyName": "Prince George's", "CountyFIPS": 24033, "lon": -76.928309, "lat": 39.0383526, "TotalPopulation": 6459, "chronic_disease_burden_score": -0.026597147547624565, "preventive_care_gap_score": 0.46671718989471256, "health_need_score": 0.22006002117354401, "need_intensity": 0.30970095227930344, "priority_weighted_population": 2000.3584507720209, "health_priority_rank": 444 }, "geometry": { "type": "Point", "coordinates": [ -76.928309, 39.0383526 ] } },
{ "type": "Feature", "properties": { "LocationID": "24021750506", "StateAbbr": "MD", "CountyName": "Frederick", "CountyFIPS": 24021, "lon": -77.4637271, "lat": 39.4140488, "TotalPopulation": 4321, "chronic_disease_burden_score": 0.16487994895882352, "preventive_care_gap_score": 0.27459260083673676, "health_need_score": 0.21973627489778014, "need_intensity": 0.3096133580898715, "priority_weighted_population": 1337.8393203063347, "health_priority_rank": 445 }, "geometry": { "type": "Point", "coordinates": [ -77.4637271, 39.4140488 ] } },
{ "type": "Feature", "properties": { "LocationID": "24031701219", "StateAbbr": "MD", "CountyName": "Montgomery", "CountyFIPS": 24031, "lon": -77.1095765, "lat": 39.0593842, "TotalPopulation": 3879, "chronic_disease_burden_score": -0.77606375313357312, "preventive_care_gap_score": 1.215429534564064, "health_need_score": 0.21968289071524544, "need_intensity": 0.30959891423507629, "priority_weighted_population": 1200.9341883178608, "health_priority_rank": 446 }, "geometry": { "type": "Point", "coordinates": [ -77.1095765, 39.0593842 ] } },
{ "type": "Feature", "properties": { "LocationID": "51043010200", "StateAbbr": "VA", "CountyName": "Clarke", "CountyFIPS": 51043, "lon": -78.0625801, "lat": 39.0765553, "TotalPopulation": 3118, "chronic_disease_burden_score": 0.97853405371275071, "preventive_care_gap_score": -0.5396362588637309, "health_need_score": 0.2194488974245099, "need_intensity": 0.30953560400058439, "priority_weighted_population": 965.13201327382217, "health_priority_rank": 447 }, "geometry": { "type": "Point", "coordinates": [ -78.0625801, 39.0765553 ] } },
{ "type": "Feature", "properties": { "LocationID": "51510200102", "StateAbbr": "VA", "CountyName": "Alexandria", "CountyFIPS": 51510, "lon": -77.1255106, "lat": 38.8339909, "TotalPopulation": 5043, "chronic_disease_burden_score": -0.25039491002376552, "preventive_care_gap_score": 0.68306828729056446, "health_need_score": 0.21633668863339947, "need_intensity": 0.30869355135995669, "priority_weighted_population": 1556.7415795082616, "health_priority_rank": 448 }, "geometry": { "type": "Point", "coordinates": [ -77.1255106, 38.8339909 ] } },
{ "type": "Feature", "properties": { "LocationID": "24017850902", "StateAbbr": "MD", "CountyName": "Charles", "CountyFIPS": 24017, "lon": -76.9254057, "lat": 38.5956661, "TotalPopulation": 5433, "chronic_disease_burden_score": 0.6338220369957821, "preventive_care_gap_score": -0.20433137379042091, "health_need_score": 0.21474533160268061, "need_intensity": 0.3082629869345474, "priority_weighted_population": 1674.7928080153961, "health_priority_rank": 449 }, "geometry": { "type": "Point", "coordinates": [ -76.9254057, 38.5956661 ] } },
{ "type": "Feature", "properties": { "LocationID": "24033801209", "StateAbbr": "MD", "CountyName": "Prince George's", "CountyFIPS": 24033, "lon": -76.903318, "lat": 38.7344628, "TotalPopulation": 4523, "chronic_disease_burden_score": 0.76776640245854388, "preventive_care_gap_score": -0.3394321103010387, "health_need_score": 0.21416714607875259, "need_intensity": 0.30810655056415126, "priority_weighted_population": 1393.5659282016561, "health_priority_rank": 450 }, "geometry": { "type": "Point", "coordinates": [ -76.903318, 38.7344628 ] } },
{ "type": "Feature", "properties": { "LocationID": "24033806800", "StateAbbr": "MD", "CountyName": "Prince George's", "CountyFIPS": 24033, "lon": -76.9129902, "lat": 38.9895238, "TotalPopulation": 4183, "chronic_disease_burden_score": -0.040518889412183096, "preventive_care_gap_score": 0.46862229459395865, "health_need_score": 0.21405170259088779, "need_intensity": 0.30807531567590163, "priority_weighted_population": 1288.6790454722966, "health_priority_rank": 451 }, "geometry": { "type": "Point", "coordinates": [ -76.9129902, 38.9895238 ] } },
{ "type": "Feature", "properties": { "LocationID": "24033801901", "StateAbbr": "MD", "CountyName": "Prince George's", "CountyFIPS": 24033, "lon": -76.9269322, "lat": 38.8083563, "TotalPopulation": 5125, "chronic_disease_burden_score": 0.83765663576259353, "preventive_care_gap_score": -0.41356862267799277, "health_need_score": 0.21204400654230038, "need_intensity": 0.30753210476919135, "priority_weighted_population": 1576.1020369421058, "health_priority_rank": 452 }, "geometry": { "type": "Point", "coordinates": [ -76.9269322, 38.8083563 ] } },
{ "type": "Feature", "properties": { "LocationID": "24031701422", "StateAbbr": "MD", "CountyName": "Montgomery", "CountyFIPS": 24031, "lon": -76.9437971, "lat": 39.0829685, "TotalPopulation": 2902, "chronic_disease_burden_score": -0.31907625477267776, "preventive_care_gap_score": 0.74159071234759233, "health_need_score": 0.21125722878745729, "need_intensity": 0.30731923078466145, "priority_weighted_population": 891.8404077370875, "health_priority_rank": 453 }, "geometry": { "type": "Point", "coordinates": [ -76.9437971, 39.0829685 ] } },
{ "type": "Feature", "properties": { "LocationID": "51683910202", "StateAbbr": "VA", "CountyName": "Manassas", "CountyFIPS": 51683, "lon": -77.4800866, "lat": 38.7758396, "TotalPopulation": 8207, "chronic_disease_burden_score": -0.17878144491637699, "preventive_care_gap_score": 0.5990314754085535, "health_need_score": 0.21012501524608826, "need_intensity": 0.3070128942030711, "priority_weighted_population": 2519.6548227246044, "health_priority_rank": 454 }, "geometry": { "type": "Point", "coordinates": [ -77.4800866, 38.7758396 ] } },
{ "type": "Feature", "properties": { "LocationID": "51153900409", "StateAbbr": "VA", "CountyName": "Prince William", "CountyFIPS": 51153, "lon": -77.3235485, "lat": 38.6282075, "TotalPopulation": 5517, "chronic_disease_burden_score": -0.13215967479681867, "preventive_care_gap_score": 0.55153036967764046, "health_need_score": 0.2096853474404109, "need_intensity": 0.30689393578426993, "priority_weighted_population": 1693.1338437218171, "health_priority_rank": 455 }, "geometry": { "type": "Point", "coordinates": [ -77.3235485, 38.6282075 ] } },
{ "type": "Feature", "properties": { "LocationID": "51179010502", "StateAbbr": "VA", "CountyName": "Stafford", "CountyFIPS": 51179, "lon": -77.4125747, "lat": 38.2809373, "TotalPopulation": 4226, "chronic_disease_burden_score": 0.64093009423437397, "preventive_care_gap_score": -0.22204115096989757, "health_need_score": 0.2094444716322382, "need_intensity": 0.30682876338616005, "priority_weighted_population": 1296.6583540699123, "health_priority_rank": 456 }, "geometry": { "type": "Point", "coordinates": [ -77.4125747, 38.2809373 ] } },
{ "type": "Feature", "properties": { "LocationID": "51153901602", "StateAbbr": "VA", "CountyName": "Prince William", "CountyFIPS": 51153, "lon": -77.4982233, "lat": 38.7964637, "TotalPopulation": 8294, "chronic_disease_burden_score": -0.18004254038330733, "preventive_care_gap_score": 0.59654491954990774, "health_need_score": 0.20825118958330019, "need_intensity": 0.30650590384563314, "priority_weighted_population": 2542.1599664956811, "health_priority_rank": 457 }, "geometry": { "type": "Point", "coordinates": [ -77.4982233, 38.7964637 ] } },
{ "type": "Feature", "properties": { "LocationID": "51059422101", "StateAbbr": "VA", "CountyName": "Fairfax", "CountyFIPS": 51059, "lon": -77.2112298, "lat": 38.7084014, "TotalPopulation": 6872, "chronic_disease_burden_score": 0.079871808816387724, "preventive_care_gap_score": 0.33066811899089044, "health_need_score": 0.20526996390363908, "need_intensity": 0.3056992905608702, "priority_weighted_population": 2100.7655247343, "health_priority_rank": 458 }, "geometry": { "type": "Point", "coordinates": [ -77.2112298, 38.7084014 ] } },
{ "type": "Feature", "properties": { "LocationID": "51177020408", "StateAbbr": "VA", "CountyName": "Spotsylvania", "CountyFIPS": 51177, "lon": -77.7227009, "lat": 38.3048517, "TotalPopulation": 3100, "chronic_disease_burden_score": 0.35196765643035577, "preventive_care_gap_score": 0.054807563725872539, "health_need_score": 0.20338761007811415, "need_intensity": 0.30518999278692066, "priority_weighted_population": 946.08897763945401, "health_priority_rank": 459 }, "geometry": { "type": "Point", "coordinates": [ -77.7227009, 38.3048517 ] } },
{ "type": "Feature", "properties": { "LocationID": "51187020101", "StateAbbr": "VA", "CountyName": "Warren", "CountyFIPS": 51187, "lon": -78.0989278, "lat": 38.9237422, "TotalPopulation": 4716, "chronic_disease_burden_score": 0.46666225095805169, "preventive_care_gap_score": -0.062204730642911578, "health_need_score": 0.20222876015757005, "need_intensity": 0.30487644935163677, "priority_weighted_population": 1437.7973351423191, "health_priority_rank": 460 }, "geometry": { "type": "Point", "coordinates": [ -78.0989278, 38.9237422 ] } },
{ "type": "Feature", "properties": { "LocationID": "51059482201", "StateAbbr": "VA", "CountyName": "Fairfax", "CountyFIPS": 51059, "lon": -77.34107, "lat": 38.9591868, "TotalPopulation": 2481, "chronic_disease_burden_score": -0.13591841985758724, "preventive_care_gap_score": 0.5394602428831361, "health_need_score": 0.20177091151277443, "need_intensity": 0.30475257184654803, "priority_weighted_population": 756.09113075128562, "health_priority_rank": 461 }, "geometry": { "type": "Point", "coordinates": [ -77.34107, 38.9591868 ] } },
{ "type": "Feature", "properties": { "LocationID": "24033803607", "StateAbbr": "MD", "CountyName": "Prince George's", "CountyFIPS": 24033, "lon": -76.8352854, "lat": 38.9655063, "TotalPopulation": 3672, "chronic_disease_burden_score": 0.41429427697292315, "preventive_care_gap_score": -0.01295400136558447, "health_need_score": 0.20067013780366935, "need_intensity": 0.30445474176164722, "priority_weighted_population": 1117.9578117487686, "health_priority_rank": 462 }, "geometry": { "type": "Point", "coordinates": [ -76.8352854, 38.9655063 ] } },
{ "type": "Feature", "properties": { "LocationID": "24021770700", "StateAbbr": "MD", "CountyName": "Frederick", "CountyFIPS": 24021, "lon": -77.548239, "lat": 39.475432, "TotalPopulation": 3638, "chronic_disease_burden_score": 0.77172542597157334, "preventive_care_gap_score": -0.37121970325948817, "health_need_score": 0.20025286135604259, "need_intensity": 0.30434184164530564, "priority_weighted_population": 1107.1956199056219, "health_priority_rank": 463 }, "geometry": { "type": "Point", "coordinates": [ -77.548239, 39.475432 ] } },
{ "type": "Feature", "properties": { "LocationID": "24033801105", "StateAbbr": "MD", "CountyName": "Prince George's", "CountyFIPS": 24033, "lon": -76.8897501, "lat": 38.8072697, "TotalPopulation": 1367, "chronic_disease_burden_score": -1.4732769598134843, "preventive_care_gap_score": 1.8710243163642761, "health_need_score": 0.19887367827539593, "need_intensity": 0.30396868391942145, "priority_weighted_population": 415.5251909178491, "health_priority_rank": 464 }, "geometry": { "type": "Point", "coordinates": [ -76.8897501, 38.8072697 ] } },
{ "type": "Feature", "properties": { "LocationID": "51059450602", "StateAbbr": "VA", "CountyName": "Fairfax", "CountyFIPS": 51059, "lon": -77.1976333, "lat": 38.8632892, "TotalPopulation": 4814, "chronic_disease_burden_score": -0.3640378981380285, "preventive_care_gap_score": 0.76161369980765137, "health_need_score": 0.19878790083481143, "need_intensity": 0.30394547560494178, "priority_weighted_population": 1463.1935195621897, "health_priority_rank": 465 }, "geometry": { "type": "Point", "coordinates": [ -77.1976333, 38.8632892 ] } },
{ "type": "Feature", "properties": { "LocationID": "51153901228", "StateAbbr": "VA", "CountyName": "Prince William", "CountyFIPS": 51153, "lon": -77.3642237, "lat": 38.6397935, "TotalPopulation": 6336, "chronic_disease_burden_score": 0.11944732923403403, "preventive_care_gap_score": 0.27579162105760224, "health_need_score": 0.19761947514581812, "need_intensity": 0.30362934130842406, "priority_weighted_population": 1923.7955065301749, "health_priority_rank": 466 }, "geometry": { "type": "Point", "coordinates": [ -77.3642237, 38.6397935 ] } },
{ "type": "Feature", "properties": { "LocationID": "24033800211", "StateAbbr": "MD", "CountyName": "Prince George's", "CountyFIPS": 24033, "lon": -76.8420634, "lat": 39.0771053, "TotalPopulation": 3008, "chronic_disease_burden_score": 0.15827874252576477, "preventive_care_gap_score": 0.23617714232493073, "health_need_score": 0.19722794242534775, "need_intensity": 0.30352340652599363, "priority_weighted_population": 912.99840683018886, "health_priority_rank": 467 }, "geometry": { "type": "Point", "coordinates": [ -76.8420634, 39.0771053 ] } },
{ "type": "Feature", "properties": { "LocationID": "24033803524", "StateAbbr": "MD", "CountyName": "Prince George's", "CountyFIPS": 24033, "lon": -76.8775964, "lat": 38.9008183, "TotalPopulation": 4691, "chronic_disease_burden_score": 0.30588914568022774, "preventive_care_gap_score": 0.087963133415148331, "health_need_score": 0.19692613954768803, "need_intensity": 0.30344174943704499, "priority_weighted_population": 1423.445246609178, "health_priority_rank": 468 }, "geometry": { "type": "Point", "coordinates": [ -76.8775964, 38.9008183 ] } },
{ "type": "Feature", "properties": { "LocationID": "51013102003", "StateAbbr": "VA", "CountyName": "Arlington", "CountyFIPS": 51013, "lon": -77.1066295, "lat": 38.8720429, "TotalPopulation": 4820, "chronic_disease_burden_score": -0.16447308006675715, "preventive_care_gap_score": 0.55533802570231494, "health_need_score": 0.1954324728177789, "need_intensity": 0.30303761652098549, "priority_weighted_population": 1460.6413116311501, "health_priority_rank": 469 }, "geometry": { "type": "Point", "coordinates": [ -77.1066295, 38.8720429 ] } },
{ "type": "Feature", "properties": { "LocationID": "24031700733", "StateAbbr": "MD", "CountyName": "Montgomery", "CountyFIPS": 24031, "lon": -77.2187548, "lat": 39.1602123, "TotalPopulation": 5480, "chronic_disease_burden_score": -0.22129268442300754, "preventive_care_gap_score": 0.61054702389414328, "health_need_score": 0.19462716973556787, "need_intensity": 0.3028197302439406, "priority_weighted_population": 1659.4521217367944, "health_priority_rank": 470 }, "geometry": { "type": "Point", "coordinates": [ -77.2187548, 39.1602123 ] } },
{ "type": "Feature", "properties": { "LocationID": "51047930203", "StateAbbr": "VA", "CountyName": "Culpeper", "CountyFIPS": 51047, "lon": -78.044639, "lat": 38.476237, "TotalPopulation": 6844, "chronic_disease_burden_score": 0.3035331632855448, "preventive_care_gap_score": 0.085475329196825489, "health_need_score": 0.19450424624118515, "need_intensity": 0.30278647153284904, "priority_weighted_population": 2072.2706111708189, "health_priority_rank": 471 }, "geometry": { "type": "Point", "coordinates": [ -78.044639, 38.476237 ] } },
{ "type": "Feature", "properties": { "LocationID": "51107611701", "StateAbbr": "VA", "CountyName": "Loudoun", "CountyFIPS": 51107, "lon": -77.405117, "lat": 38.9907295, "TotalPopulation": 4797, "chronic_disease_burden_score": 0.051467796030160377, "preventive_care_gap_score": 0.33440068184837307, "health_need_score": 0.19293423893926673, "need_intensity": 0.3023616835821944, "priority_weighted_population": 1450.4289961437864, "health_priority_rank": 472 }, "geometry": { "type": "Point", "coordinates": [ -77.405117, 38.9907295 ] } },
{ "type": "Feature", "properties": { "LocationID": "51013103401", "StateAbbr": "VA", "CountyName": "Arlington", "CountyFIPS": 51013, "lon": -77.0791393, "lat": 38.877879, "TotalPopulation": 923, "chronic_disease_burden_score": -1.7897537938036323, "preventive_care_gap_score": 2.1719016692225774, "health_need_score": 0.19107393770947256, "need_intensity": 0.30185835245370923, "priority_weighted_population": 278.6152593147736, "health_priority_rank": 473 }, "geometry": { "type": "Point", "coordinates": [ -77.0791393, 38.877879 ] } },
{ "type": "Feature", "properties": { "LocationID": "24033801408", "StateAbbr": "MD", "CountyName": "Prince George's", "CountyFIPS": 24033, "lon": -76.9634017, "lat": 38.7998494, "TotalPopulation": 3329, "chronic_disease_burden_score": 0.46995996789772554, "preventive_care_gap_score": -0.087957669123919169, "health_need_score": 0.19100114938690319, "need_intensity": 0.30183865853105163, "priority_weighted_population": 1004.8208942498709, "health_priority_rank": 474 }, "geometry": { "type": "Point", "coordinates": [ -76.9634017, 38.7998494 ] } },
{ "type": "Feature", "properties": { "LocationID": "24033803601", "StateAbbr": "MD", "CountyName": "Prince George's", "CountyFIPS": 24033, "lon": -76.8471941, "lat": 38.9398413, "TotalPopulation": 3663, "chronic_disease_burden_score": 0.68090596979122386, "preventive_care_gap_score": -0.30273081367893073, "health_need_score": 0.18908757805614657, "need_intensity": 0.30132091441417375, "priority_weighted_population": 1103.7385094991184, "health_priority_rank": 475 }, "geometry": { "type": "Point", "coordinates": [ -76.8471941, 38.9398413 ] } },
{ "type": "Feature", "properties": { "LocationID": "11001004703", "StateAbbr": "DC", "CountyName": "District of Columbia", "CountyFIPS": 11001, "lon": -77.0170713, "lat": 38.9034762, "TotalPopulation": 3331, "chronic_disease_burden_score": -0.55757603236367481, "preventive_care_gap_score": 0.93453976532383187, "health_need_score": 0.18848186648007853, "need_intensity": 0.30115703047632747, "priority_weighted_population": 1003.1540685166468, "health_priority_rank": 476 }, "geometry": { "type": "Point", "coordinates": [ -77.0170713, 38.9034762 ] } },
{ "type": "Feature", "properties": { "LocationID": "24031700729", "StateAbbr": "MD", "CountyName": "Montgomery", "CountyFIPS": 24031, "lon": -77.1725951, "lat": 39.1562999, "TotalPopulation": 2579, "chronic_disease_burden_score": -0.12077009832478343, "preventive_care_gap_score": 0.49233494514185022, "health_need_score": 0.1857824234085334, "need_intensity": 0.30042665750999203, "priority_weighted_population": 774.80034971826944, "health_priority_rank": 477 }, "geometry": { "type": "Point", "coordinates": [ -77.1725951, 39.1562999 ] } },
{ "type": "Feature", "properties": { "LocationID": "24031700811", "StateAbbr": "MD", "CountyName": "Montgomery", "CountyFIPS": 24031, "lon": -77.1938227, "lat": 39.1817227, "TotalPopulation": 5010, "chronic_disease_burden_score": -0.066186856909856359, "preventive_care_gap_score": 0.436962062477322, "health_need_score": 0.18538760278373281, "need_intensity": 0.30031983313797783, "priority_weighted_population": 1504.6023640212688, "health_priority_rank": 478 }, "geometry": { "type": "Point", "coordinates": [ -77.1938227, 39.1817227 ] } },
{ "type": "Feature", "properties": { "LocationID": "24021751203", "StateAbbr": "MD", "CountyName": "Frederick", "CountyFIPS": 24021, "lon": -77.4725942, "lat": 39.4461141, "TotalPopulation": 2424, "chronic_disease_burden_score": 1.0128206978373535, "preventive_care_gap_score": -0.64292833192655729, "health_need_score": 0.18494618295539811, "need_intensity": 0.30020040068436593, "priority_weighted_population": 727.68577125890306, "health_priority_rank": 479 }, "geometry": { "type": "Point", "coordinates": [ -77.4725942, 39.4461141 ] } },
{ "type": "Feature", "properties": { "LocationID": "51630000301", "StateAbbr": "VA", "CountyName": "Fredericksburg", "CountyFIPS": 51630, "lon": -77.4746206, "lat": 38.3025674, "TotalPopulation": 1725, "chronic_disease_burden_score": -1.4438354102869928, "preventive_care_gap_score": 1.8135628321733803, "health_need_score": 0.18486371094319376, "need_intensity": 0.30017808670085272, "priority_weighted_population": 517.80719955897098, "health_priority_rank": 480 }, "geometry": { "type": "Point", "coordinates": [ -77.4746206, 38.3025674 ] } },
{ "type": "Feature", "properties": { "LocationID": "51153901012", "StateAbbr": "VA", "CountyName": "Prince William", "CountyFIPS": 51153, "lon": -77.3236699, "lat": 38.5975118, "TotalPopulation": 3721, "chronic_disease_burden_score": 1.2427766811582592, "preventive_care_gap_score": -0.88650198916562251, "health_need_score": 0.17813734599631836, "need_intensity": 0.29835817237456452, "priority_weighted_population": 1110.1907594057545, "health_priority_rank": 481 }, "geometry": { "type": "Point", "coordinates": [ -77.3236699, 38.5975118 ] } },
{ "type": "Feature", "properties": { "LocationID": "24031700904", "StateAbbr": "MD", "CountyName": "Montgomery", "CountyFIPS": 24031, "lon": -77.1290436, "lat": 39.0656133, "TotalPopulation": 4141, "chronic_disease_burden_score": -0.45727005856498981, "preventive_care_gap_score": 0.81168639669599152, "health_need_score": 0.17720816906550085, "need_intensity": 0.29810677025448828, "priority_weighted_population": 1234.4601356238361, "health_priority_rank": 482 }, "geometry": { "type": "Point", "coordinates": [ -77.1290436, 39.0656133 ] } },
{ "type": "Feature", "properties": { "LocationID": "24031700726", "StateAbbr": "MD", "CountyName": "Montgomery", "CountyFIPS": 24031, "lon": -77.185443, "lat": 39.1489719, "TotalPopulation": 3149, "chronic_disease_burden_score": -0.46166696545106073, "preventive_care_gap_score": 0.81494999557145575, "health_need_score": 0.17664151506019751, "need_intensity": 0.29795345390153311, "priority_weighted_population": 938.25542633592772, "health_priority_rank": 483 }, "geometry": { "type": "Point", "coordinates": [ -77.185443, 39.1489719 ] } },
{ "type": "Feature", "properties": { "LocationID": "24031701201", "StateAbbr": "MD", "CountyName": "Montgomery", "CountyFIPS": 24031, "lon": -77.0957459, "lat": 39.0498578, "TotalPopulation": 6144, "chronic_disease_burden_score": -0.1051778202468395, "preventive_care_gap_score": 0.45820846911277546, "health_need_score": 0.17651532443296797, "need_intensity": 0.29791931122087995, "priority_weighted_population": 1830.4162481410863, "health_priority_rank": 484 }, "geometry": { "type": "Point", "coordinates": [ -77.0957459, 39.0498578 ] } },
{ "type": "Feature", "properties": { "LocationID": "51107611502", "StateAbbr": "VA", "CountyName": "Loudoun", "CountyFIPS": 51107, "lon": -77.4032175, "lat": 39.0156284, "TotalPopulation": 6550, "chronic_disease_burden_score": -0.078091531957880822, "preventive_care_gap_score": 0.42877592316943997, "health_need_score": 0.17534219560577957, "need_intensity": 0.29760190442299672, "priority_weighted_population": 1949.2924739706286, "health_priority_rank": 485 }, "geometry": { "type": "Point", "coordinates": [ -77.4032175, 39.0156284 ] } },
{ "type": "Feature", "properties": { "LocationID": "51510200105", "StateAbbr": "VA", "CountyName": "Alexandria", "CountyFIPS": 51510, "lon": -77.1134622, "lat": 38.8327537, "TotalPopulation": 4065, "chronic_disease_burden_score": -0.0011083870559752693, "preventive_care_gap_score": 0.34465866815741814, "health_need_score": 0.17177514055072143, "need_intensity": 0.29663678661439868, "priority_weighted_population": 1205.8285375875307, "health_priority_rank": 486 }, "geometry": { "type": "Point", "coordinates": [ -77.1134622, 38.8327537 ] } },
{ "type": "Feature", "properties": { "LocationID": "51177020114", "StateAbbr": "VA", "CountyName": "Spotsylvania", "CountyFIPS": 51177, "lon": -77.5696964, "lat": 38.2637291, "TotalPopulation": 5913, "chronic_disease_burden_score": 0.37162667654258014, "preventive_care_gap_score": -0.032711364203087928, "health_need_score": 0.16945765616974612, "need_intensity": 0.29600975803964885, "priority_weighted_population": 1750.3056992884437, "health_priority_rank": 487 }, "geometry": { "type": "Point", "coordinates": [ -77.5696964, 38.2637291 ] } },
{ "type": "Feature", "properties": { "LocationID": "11001009902", "StateAbbr": "DC", "CountyName": "District of Columbia", "CountyFIPS": 11001, "lon": -76.9445542, "lat": 38.8717861, "TotalPopulation": 2774, "chronic_disease_burden_score": 0.69407318415840025, "preventive_care_gap_score": -0.35780246161263196, "health_need_score": 0.16813536127288414, "need_intensity": 0.29565199222625893, "priority_weighted_population": 820.13862643564232, "health_priority_rank": 488 }, "geometry": { "type": "Point", "coordinates": [ -76.9445542, 38.8717861 ] } },
{ "type": "Feature", "properties": { "LocationID": "51153901013", "StateAbbr": "VA", "CountyName": "Prince William", "CountyFIPS": 51153, "lon": -77.3277781, "lat": 38.5735915, "TotalPopulation": 3494, "chronic_disease_burden_score": -0.20382279214993576, "preventive_care_gap_score": 0.53711398255188614, "health_need_score": 0.16664559520097519, "need_intensity": 0.29524891468906034, "priority_weighted_population": 1031.5997079235767, "health_priority_rank": 489 }, "geometry": { "type": "Point", "coordinates": [ -77.3277781, 38.5735915 ] } },
{ "type": "Feature", "properties": { "LocationID": "51683910100", "StateAbbr": "VA", "CountyName": "Manassas", "CountyFIPS": 51683, "lon": -77.4893659, "lat": 38.7602791, "TotalPopulation": 4656, "chronic_disease_burden_score": 0.23366238556891153, "preventive_care_gap_score": 0.099252017496513009, "health_need_score": 0.16645720153271226, "need_intensity": 0.2951979420852005, "priority_weighted_population": 1374.4416183486935, "health_priority_rank": 490 }, "geometry": { "type": "Point", "coordinates": [ -77.4893659, 38.7602791 ] } },
{ "type": "Feature", "properties": { "LocationID": "51107611204", "StateAbbr": "VA", "CountyName": "Loudoun", "CountyFIPS": 51107, "lon": -77.3725977, "lat": 39.0390863, "TotalPopulation": 5768, "chronic_disease_burden_score": -0.081817721736990826, "preventive_care_gap_score": 0.41366630158506185, "health_need_score": 0.16592428992403552, "need_intensity": 0.29505375522068511, "priority_weighted_population": 1701.8700601129117, "health_priority_rank": 491 }, "geometry": { "type": "Point", "coordinates": [ -77.3725977, 39.0390863 ] } },
{ "type": "Feature", "properties": { "LocationID": "24009860801", "StateAbbr": "MD", "CountyName": "Calvert", "CountyFIPS": 24009, "lon": -76.53816, "lat": 38.4464607, "TotalPopulation": 7092, "chronic_disease_burden_score": 0.63242372142909065, "preventive_care_gap_score": -0.30119336844245825, "health_need_score": 0.1656151764933162, "need_intensity": 0.29497012015695351, "priority_weighted_population": 2091.9280921531144, "health_priority_rank": 492 }, "geometry": { "type": "Point", "coordinates": [ -76.53816, 38.4464607 ] } },
{ "type": "Feature", "properties": { "LocationID": "51510200500", "StateAbbr": "VA", "CountyName": "Alexandria", "CountyFIPS": 51510, "lon": -77.1078315, "lat": 38.8154618, "TotalPopulation": 4650, "chronic_disease_burden_score": -0.2472110656433639, "preventive_care_gap_score": 0.57792650984548177, "health_need_score": 0.16535772210105892, "need_intensity": 0.29490046218559224, "priority_weighted_population": 1371.287149163004, "health_priority_rank": 493 }, "geometry": { "type": "Point", "coordinates": [ -77.1078315, 38.8154618 ] } },
{ "type": "Feature", "properties": { "LocationID": "51153901230", "StateAbbr": "VA", "CountyName": "Prince William", "CountyFIPS": 51153, "lon": -77.389239, "lat": 38.6634529, "TotalPopulation": 4419, "chronic_disease_burden_score": 0.19180324170375887, "preventive_care_gap_score": 0.13832004595377934, "health_need_score": 0.16506164382876909, "need_intensity": 0.29482035397057588, "priority_weighted_population": 1302.8111441959747, "health_priority_rank": 494 }, "geometry": { "type": "Point", "coordinates": [ -77.389239, 38.6634529 ] } },
{ "type": "Feature", "properties": { "LocationID": "11001010300", "StateAbbr": "DC", "CountyName": "District of Columbia", "CountyFIPS": 11001, "lon": -77.0271875, "lat": 38.9761556, "TotalPopulation": 3604, "chronic_disease_burden_score": 0.075676950890056438, "preventive_care_gap_score": 0.25139904133369595, "health_need_score": 0.16353799611187619, "need_intensity": 0.29440810926930111, "priority_weighted_population": 1061.0468258065612, "health_priority_rank": 495 }, "geometry": { "type": "Point", "coordinates": [ -77.0271875, 38.9761556 ] } },
{ "type": "Feature", "properties": { "LocationID": "24033806708", "StateAbbr": "MD", "CountyName": "Prince George's", "CountyFIPS": 24033, "lon": -76.8791652, "lat": 39.0029852, "TotalPopulation": 4248, "chronic_disease_burden_score": 0.57349626212737104, "preventive_care_gap_score": -0.24662623036927092, "health_need_score": 0.16343501587905007, "need_intensity": 0.29438024649311739, "priority_weighted_population": 1250.5272871027628, "health_priority_rank": 496 }, "geometry": { "type": "Point", "coordinates": [ -76.8791652, 39.0029852 ] } },
{ "type": "Feature", "properties": { "LocationID": "51153901304", "StateAbbr": "VA", "CountyName": "Prince William", "CountyFIPS": 51153, "lon": -77.4819401, "lat": 38.7039294, "TotalPopulation": 2789, "chronic_disease_burden_score": 0.3616443266535177, "preventive_care_gap_score": -0.035775381413058582, "health_need_score": 0.16293447262022956, "need_intensity": 0.29424481734901814, "priority_weighted_population": 820.64879558641155, "health_priority_rank": 497 }, "geometry": { "type": "Point", "coordinates": [ -77.4819401, 38.7039294 ] } },
{ "type": "Feature", "properties": { "LocationID": "24031701423", "StateAbbr": "MD", "CountyName": "Montgomery", "CountyFIPS": 24031, "lon": -76.9382912, "lat": 39.0864582, "TotalPopulation": 5118, "chronic_disease_burden_score": 0.15979376718676752, "preventive_care_gap_score": 0.16533808266444114, "health_need_score": 0.16256592492560434, "need_intensity": 0.29414510149436768, "priority_weighted_population": 1505.4346294481738, "health_priority_rank": 498 }, "geometry": { "type": "Point", "coordinates": [ -76.9382912, 39.0864582 ] } },
{ "type": "Feature", "properties": { "LocationID": "51059452102", "StateAbbr": "VA", "CountyName": "Fairfax", "CountyFIPS": 51059, "lon": -77.1961058, "lat": 38.8184488, "TotalPopulation": 3354, "chronic_disease_burden_score": 0.34025361864745662, "preventive_care_gap_score": -0.01901873334967389, "health_need_score": 0.16061744264889136, "need_intensity": 0.29361791172130075, "priority_weighted_population": 984.79447591324276, "health_priority_rank": 499 }, "geometry": { "type": "Point", "coordinates": [ -77.1961058, 38.8184488 ] } },
{ "type": "Feature", "properties": { "LocationID": "51179010301", "StateAbbr": "VA", "CountyName": "Stafford", "CountyFIPS": 51179, "lon": -77.5721534, "lat": 38.4539457, "TotalPopulation": 4690, "chronic_disease_burden_score": 0.48190931040890983, "preventive_care_gap_score": -0.16467850566374606, "health_need_score": 0.15861540237258187, "need_intensity": 0.29307623106474434, "priority_weighted_population": 1374.5275236936509, "health_priority_rank": 500 }, "geometry": { "type": "Point", "coordinates": [ -77.5721534, 38.4539457 ] } },
{ "type": "Feature", "properties": { "LocationID": "11001008802", "StateAbbr": "DC", "CountyName": "District of Columbia", "CountyFIPS": 11001, "lon": -76.9866786, "lat": 38.9039498, "TotalPopulation": 4360, "chronic_disease_burden_score": -0.1554156811094197, "preventive_care_gap_score": 0.4707289206916182, "health_need_score": 0.15765661979109924, "need_intensity": 0.29281681871206688, "priority_weighted_population": 1276.6813295846116, "health_priority_rank": 501 }, "geometry": { "type": "Point", "coordinates": [ -76.9866786, 38.9039498 ] } },
{ "type": "Feature", "properties": { "LocationID": "24031703220", "StateAbbr": "MD", "CountyName": "Montgomery", "CountyFIPS": 24031, "lon": -77.0511748, "lat": 39.0960373, "TotalPopulation": 5055, "chronic_disease_burden_score": 0.57020047101581184, "preventive_care_gap_score": -0.25711851187080387, "health_need_score": 0.15654097957250399, "need_intensity": 0.29251496628020501, "priority_weighted_population": 1478.6631545464363, "health_priority_rank": 502 }, "geometry": { "type": "Point", "coordinates": [ -77.0511748, 39.0960373 ] } },
{ "type": "Feature", "properties": { "LocationID": "51153901504", "StateAbbr": "VA", "CountyName": "Prince William", "CountyFIPS": 51153, "lon": -77.5879954, "lat": 38.8102603, "TotalPopulation": 4713, "chronic_disease_burden_score": 1.8868835331448208, "preventive_care_gap_score": -1.5755791996818707, "health_need_score": 0.15565216673147508, "need_intensity": 0.29227448524244504, "priority_weighted_population": 1377.4896489476434, "health_priority_rank": 503 }, "geometry": { "type": "Point", "coordinates": [ -77.5879954, 38.8102603 ] } },
{ "type": "Feature", "properties": { "LocationID": "51047930104", "StateAbbr": "VA", "CountyName": "Culpeper", "CountyFIPS": 51047, "lon": -77.9218097, "lat": 38.5889117, "TotalPopulation": 3207, "chronic_disease_burden_score": 0.66639783626800786, "preventive_care_gap_score": -0.3565039828676454, "health_need_score": 0.15494692670018123, "need_intensity": 0.29208367245625805, "priority_weighted_population": 936.71233756721961, "health_priority_rank": 504 }, "geometry": { "type": "Point", "coordinates": [ -77.9218097, 38.5889117 ] } },
{ "type": "Feature", "properties": { "LocationID": "24021752201", "StateAbbr": "MD", "CountyName": "Frederick", "CountyFIPS": 24021, "lon": -77.3971148, "lat": 39.2908367, "TotalPopulation": 2399, "chronic_disease_burden_score": 0.70713728261995024, "preventive_care_gap_score": -0.39749059274434129, "health_need_score": 0.15482334493780447, "need_intensity": 0.29205023564133742, "priority_weighted_population": 700.62851530356852, "health_priority_rank": 505 }, "geometry": { "type": "Point", "coordinates": [ -77.3971148, 39.2908367 ] } },
{ "type": "Feature", "properties": { "LocationID": "24009861100", "StateAbbr": "MD", "CountyName": "Calvert", "CountyFIPS": 24009, "lon": -76.4736433, "lat": 38.4588399, "TotalPopulation": 5914, "chronic_disease_burden_score": 0.65457994740735426, "preventive_care_gap_score": -0.34559272238687944, "health_need_score": 0.15449361251023741, "need_intensity": 0.29196102181284156, "priority_weighted_population": 1726.657483001145, "health_priority_rank": 506 }, "geometry": { "type": "Point", "coordinates": [ -76.4736433, 38.4588399 ] } },
{ "type": "Feature", "properties": { "LocationID": "51043010300", "StateAbbr": "VA", "CountyName": "Clarke", "CountyFIPS": 51043, "lon": -77.9404684, "lat": 39.0705762, "TotalPopulation": 2900, "chronic_disease_burden_score": 0.77262259139671352, "preventive_care_gap_score": -0.46755560643026839, "health_need_score": 0.15253349248322257, "need_intensity": 0.29143068327983263, "priority_weighted_population": 845.14898151151465, "health_priority_rank": 507 }, "geometry": { "type": "Point", "coordinates": [ -77.9404684, 39.0705762 ] } },
{ "type": "Feature", "properties": { "LocationID": "51061930206", "StateAbbr": "VA", "CountyName": "Fauquier", "CountyFIPS": 51061, "lon": -77.8194688, "lat": 38.6476043, "TotalPopulation": 2220, "chronic_disease_burden_score": 0.85134264229664114, "preventive_care_gap_score": -0.54750281592832595, "health_need_score": 0.1519199131841576, "need_intensity": 0.29126467061690076, "priority_weighted_population": 646.60756876951973, "health_priority_rank": 508 }, "geometry": { "type": "Point", "coordinates": [ -77.8194688, 38.6476043 ] } },
{ "type": "Feature", "properties": { "LocationID": "24031701424", "StateAbbr": "MD", "CountyName": "Montgomery", "CountyFIPS": 24031, "lon": -76.9538478, "lat": 39.0651575, "TotalPopulation": 3464, "chronic_disease_burden_score": 0.4235959120634547, "preventive_care_gap_score": -0.1311029944802381, "health_need_score": 0.1462464587916083, "need_intensity": 0.28972963631381271, "priority_weighted_population": 1003.6234601910472, "health_priority_rank": 509 }, "geometry": { "type": "Point", "coordinates": [ -76.9538478, 39.0651575 ] } },
{ "type": "Feature", "properties": { "LocationID": "51179010406", "StateAbbr": "VA", "CountyName": "Stafford", "CountyFIPS": 51179, "lon": -77.4335641, "lat": 38.3051765, "TotalPopulation": 3216, "chronic_disease_burden_score": 0.32116334867597368, "preventive_care_gap_score": -0.030775745697830752, "health_need_score": 0.14519380148907146, "need_intensity": 0.28944482481150957, "priority_weighted_population": 930.85455659381478, "health_priority_rank": 510 }, "geometry": { "type": "Point", "coordinates": [ -77.4335641, 38.3051765 ] } },
{ "type": "Feature", "properties": { "LocationID": "24009860600", "StateAbbr": "MD", "CountyName": "Calvert", "CountyFIPS": 24009, "lon": -76.6355421, "lat": 38.6160327, "TotalPopulation": 7126, "chronic_disease_burden_score": 0.72549060023904788, "preventive_care_gap_score": -0.43585260984073471, "health_need_score": 0.14481899519915659, "need_intensity": 0.28934341560430976, "priority_weighted_population": 2061.8611795963116, "health_priority_rank": 511 }, "geometry": { "type": "Point", "coordinates": [ -76.6355421, 38.6160327 ] } },
{ "type": "Feature", "properties": { "LocationID": "51059416000", "StateAbbr": "VA", "CountyName": "Fairfax", "CountyFIPS": 51059, "lon": -77.1052972, "lat": 38.7234341, "TotalPopulation": 5569, "chronic_disease_burden_score": 0.29685135366004894, "preventive_care_gap_score": -0.010492055647680101, "health_need_score": 0.14317964900618443, "need_intensity": 0.28889986702407378, "priority_weighted_population": 1608.8833594570669, "health_priority_rank": 512 }, "geometry": { "type": "Point", "coordinates": [ -77.1052972, 38.7234341 ] } },
{ "type": "Feature", "properties": { "LocationID": "24033807408", "StateAbbr": "MD", "CountyName": "Prince George's", "CountyFIPS": 24033, "lon": -76.8891889, "lat": 39.0394986, "TotalPopulation": 5930, "chronic_disease_burden_score": 0.43381991509733503, "preventive_care_gap_score": -0.147863290861665, "health_need_score": 0.14297831211783502, "need_intensity": 0.28884539244673346, "priority_weighted_population": 1712.8531772091294, "health_priority_rank": 513 }, "geometry": { "type": "Point", "coordinates": [ -76.8891889, 39.0394986 ] } },
{ "type": "Feature", "properties": { "LocationID": "51510201802", "StateAbbr": "VA", "CountyName": "Alexandria", "CountyFIPS": 51510, "lon": -77.0424767, "lat": 38.8074142, "TotalPopulation": 2084, "chronic_disease_burden_score": 0.97534797073784218, "preventive_care_gap_score": -0.69252369212692289, "health_need_score": 0.14141213930545965, "need_intensity": 0.28842164197211662, "priority_weighted_population": 601.07070186989108, "health_priority_rank": 514 }, "geometry": { "type": "Point", "coordinates": [ -77.0424767, 38.8074142 ] } },
{ "type": "Feature", "properties": { "LocationID": "24033800402", "StateAbbr": "MD", "CountyName": "Prince George's", "CountyFIPS": 24033, "lon": -76.7438263, "lat": 38.9837933, "TotalPopulation": 5205, "chronic_disease_burden_score": 0.50420792608452625, "preventive_care_gap_score": -0.22532414684280708, "health_need_score": 0.13944188962085957, "need_intensity": 0.28788856271523888, "priority_weighted_population": 1498.4599689328184, "health_priority_rank": 515 }, "geometry": { "type": "Point", "coordinates": [ -76.7438263, 38.9837933 ] } },
{ "type": "Feature", "properties": { "LocationID": "51179010205", "StateAbbr": "VA", "CountyName": "Stafford", "CountyFIPS": 51179, "lon": -77.4916174, "lat": 38.4660558, "TotalPopulation": 6821, "chronic_disease_burden_score": 0.22084434137192857, "preventive_care_gap_score": 0.057074540372240849, "health_need_score": 0.1389594408720847, "need_intensity": 0.28775802929986077, "priority_weighted_population": 1962.7975178543504, "health_priority_rank": 516 }, "geometry": { "type": "Point", "coordinates": [ -77.4916174, 38.4660558 ] } },
{ "type": "Feature", "properties": { "LocationID": "51059452000", "StateAbbr": "VA", "CountyName": "Fairfax", "CountyFIPS": 51059, "lon": -77.1741137, "lat": 38.8340559, "TotalPopulation": 3061, "chronic_disease_burden_score": 0.76137069599274187, "preventive_care_gap_score": -0.48965160752457038, "health_need_score": 0.13585954423408575, "need_intensity": 0.28691930788850956, "priority_weighted_population": 878.26000144672776, "health_priority_rank": 517 }, "geometry": { "type": "Point", "coordinates": [ -77.1741137, 38.8340559 ] } },
{ "type": "Feature", "properties": { "LocationID": "24017851502", "StateAbbr": "MD", "CountyName": "Charles", "CountyFIPS": 24017, "lon": -76.9687207, "lat": 38.6012971, "TotalPopulation": 5540, "chronic_disease_burden_score": 0.44058667955512809, "preventive_care_gap_score": -0.17086684964745977, "health_need_score": 0.13485991495383415, "need_intensity": 0.28664884387674755, "priority_weighted_population": 1588.0345950771814, "health_priority_rank": 518 }, "geometry": { "type": "Point", "coordinates": [ -76.9687207, 38.6012971 ] } },
{ "type": "Feature", "properties": { "LocationID": "51153901014", "StateAbbr": "VA", "CountyName": "Prince William", "CountyFIPS": 51153, "lon": -77.3919514, "lat": 38.5879276, "TotalPopulation": 3977, "chronic_disease_burden_score": 0.24378514338565235, "preventive_care_gap_score": 0.025356051836658455, "health_need_score": 0.13457059761115542, "need_intensity": 0.28657056492802219, "priority_weighted_population": 1139.6911367187442, "health_priority_rank": 519 }, "geometry": { "type": "Point", "coordinates": [ -77.3919514, 38.5879276 ] } },
{ "type": "Feature", "properties": { "LocationID": "24031703301", "StateAbbr": "MD", "CountyName": "Montgomery", "CountyFIPS": 24031, "lon": -77.0936023, "lat": 39.0700877, "TotalPopulation": 5064, "chronic_disease_burden_score": -0.2559379470225237, "preventive_care_gap_score": 0.52451088431957016, "health_need_score": 0.13428646864852323, "need_intensity": 0.28649368976979162, "priority_weighted_population": 1450.8040449942248, "health_priority_rank": 520 }, "geometry": { "type": "Point", "coordinates": [ -77.0936023, 39.0700877 ] } },
{ "type": "Feature", "properties": { "LocationID": "51107611501", "StateAbbr": "VA", "CountyName": "Loudoun", "CountyFIPS": 51107, "lon": -77.4135613, "lat": 39.0310742, "TotalPopulation": 4242, "chronic_disease_burden_score": -0.71514669078806037, "preventive_care_gap_score": 0.98145477956147376, "health_need_score": 0.13315404438670669, "need_intensity": 0.28618729617476768, "priority_weighted_population": 1214.0065103733646, "health_priority_rank": 521 }, "geometry": { "type": "Point", "coordinates": [ -77.4135613, 39.0310742 ] } },
{ "type": "Feature", "properties": { "LocationID": "51059422000", "StateAbbr": "VA", "CountyName": "Fairfax", "CountyFIPS": 51059, "lon": -77.1937315, "lat": 38.7241216, "TotalPopulation": 3979, "chronic_disease_burden_score": 0.76798174770117145, "preventive_care_gap_score": -0.50452004948863804, "health_need_score": 0.1317308491062667, "need_intensity": 0.28580223031818169, "priority_weighted_population": 1137.2070744360449, "health_priority_rank": 522 }, "geometry": { "type": "Point", "coordinates": [ -77.1937315, 38.7241216 ] } },
{ "type": "Feature", "properties": { "LocationID": "24017851100", "StateAbbr": "MD", "CountyName": "Charles", "CountyFIPS": 24017, "lon": -76.9740673, "lat": 38.4594916, "TotalPopulation": 2849, "chronic_disease_burden_score": 0.790814332037997, "preventive_care_gap_score": -0.52735294360185503, "health_need_score": 0.13173069421807099, "need_intensity": 0.28580218841096305, "priority_weighted_population": 814.25043478283374, "health_priority_rank": 523 }, "geometry": { "type": "Point", "coordinates": [ -76.9740673, 38.4594916 ] } },
{ "type": "Feature", "properties": { "LocationID": "51177020104", "StateAbbr": "VA", "CountyName": "Spotsylvania", "CountyFIPS": 51177, "lon": -77.6620008, "lat": 38.2898382, "TotalPopulation": 4945, "chronic_disease_burden_score": 0.49093061474889144, "preventive_care_gap_score": -0.23075256036819669, "health_need_score": 0.13008902719034737, "need_intensity": 0.28535801189566162, "priority_weighted_population": 1411.0953688240468, "health_priority_rank": 524 }, "geometry": { "type": "Point", "coordinates": [ -77.6620008, 38.2898382 ] } },
{ "type": "Feature", "properties": { "LocationID": "24017850802", "StateAbbr": "MD", "CountyName": "Charles", "CountyFIPS": 24017, "lon": -76.8560416, "lat": 38.6195583, "TotalPopulation": 5937, "chronic_disease_burden_score": 0.32877029512991762, "preventive_care_gap_score": -0.075608266044751168, "health_need_score": 0.12658101454258322, "need_intensity": 0.28440886885556654, "priority_weighted_population": 1688.5354543954986, "health_priority_rank": 525 }, "geometry": { "type": "Point", "coordinates": [ -76.8560416, 38.6195583 ] } },
{ "type": "Feature", "properties": { "LocationID": "51061930203", "StateAbbr": "VA", "CountyName": "Fauquier", "CountyFIPS": 51061, "lon": -77.9881263, "lat": 38.885797, "TotalPopulation": 2703, "chronic_disease_burden_score": 0.98646589719494127, "preventive_care_gap_score": -0.73519743035185747, "health_need_score": 0.1256342334215419, "need_intensity": 0.28415270366981599, "priority_weighted_population": 768.06475801951262, "health_priority_rank": 526 }, "geometry": { "type": "Point", "coordinates": [ -77.9881263, 38.885797 ] } },
{ "type": "Feature", "properties": { "LocationID": "24031700902", "StateAbbr": "MD", "CountyName": "Montgomery", "CountyFIPS": 24031, "lon": -77.1442283, "lat": 39.0896147, "TotalPopulation": 3816, "chronic_disease_burden_score": -0.06498784219957604, "preventive_care_gap_score": 0.31567245296383101, "health_need_score": 0.12534230538212748, "need_intensity": 0.2840737183597159, "priority_weighted_population": 1084.0253092606758, "health_priority_rank": 527 }, "geometry": { "type": "Point", "coordinates": [ -77.1442283, 39.0896147 ] } },
{ "type": "Feature", "properties": { "LocationID": "24033801003", "StateAbbr": "MD", "CountyName": "Prince George's", "CountyFIPS": 24033, "lon": -76.8631539, "lat": 38.6794572, "TotalPopulation": 6009, "chronic_disease_burden_score": 0.36208584842677943, "preventive_care_gap_score": -0.11334911020041499, "health_need_score": 0.12436836911318222, "need_intensity": 0.28381020595996598, "priority_weighted_population": 1705.4155276134356, "health_priority_rank": 528 }, "geometry": { "type": "Point", "coordinates": [ -76.8631539, 38.6794572 ] } },
{ "type": "Feature", "properties": { "LocationID": "24033800108", "StateAbbr": "MD", "CountyName": "Prince George's", "CountyFIPS": 24033, "lon": -76.8603976, "lat": 39.0957097, "TotalPopulation": 4351, "chronic_disease_burden_score": -0.07926663809464736, "preventive_care_gap_score": 0.32299216851109852, "health_need_score": 0.12186276520822559, "need_intensity": 0.28313227895501619, "priority_weighted_population": 1231.9085457332756, "health_priority_rank": 529 }, "geometry": { "type": "Point", "coordinates": [ -76.8603976, 39.0957097 ] } },
{ "type": "Feature", "properties": { "LocationID": "51177020206", "StateAbbr": "VA", "CountyName": "Spotsylvania", "CountyFIPS": 51177, "lon": -77.4616442, "lat": 38.1927237, "TotalPopulation": 4570, "chronic_disease_burden_score": 0.2511727481560469, "preventive_care_gap_score": -0.009387995465849501, "health_need_score": 0.1208923763450987, "need_intensity": 0.28286972635669255, "priority_weighted_population": 1292.7146494500851, "health_priority_rank": 530 }, "geometry": { "type": "Point", "coordinates": [ -77.4616442, 38.1927237 ] } },
{ "type": "Feature", "properties": { "LocationID": "24031700813", "StateAbbr": "MD", "CountyName": "Montgomery", "CountyFIPS": 24031, "lon": -77.2135046, "lat": 39.1729704, "TotalPopulation": 6353, "chronic_disease_burden_score": -0.0085610859226727017, "preventive_care_gap_score": 0.24961651084660647, "health_need_score": 0.12052771246196688, "need_intensity": 0.28277106132283947, "priority_weighted_population": 1796.4445525839992, "health_priority_rank": 531 }, "geometry": { "type": "Point", "coordinates": [ -77.2135046, 39.1729704 ] } },
{ "type": "Feature", "properties": { "LocationID": "24033803513", "StateAbbr": "MD", "CountyName": "Prince George's", "CountyFIPS": 24033, "lon": -76.8264489, "lat": 38.8866395, "TotalPopulation": 4894, "chronic_disease_burden_score": 0.4638641813090647, "preventive_care_gap_score": -0.22446824990702594, "health_need_score": 0.11969796570101938, "need_intensity": 0.28254656145859397, "priority_weighted_population": 1382.7828717783589, "health_priority_rank": 532 }, "geometry": { "type": "Point", "coordinates": [ -76.8264489, 38.8866395 ] } },
{ "type": "Feature", "properties": { "LocationID": "51510200302", "StateAbbr": "VA", "CountyName": "Alexandria", "CountyFIPS": 51510, "lon": -77.1174125, "lat": 38.8195648, "TotalPopulation": 4452, "chronic_disease_burden_score": -0.029949510342256336, "preventive_care_gap_score": 0.26755198815780945, "health_need_score": 0.11880123890777655, "need_intensity": 0.28230393918777186, "priority_weighted_population": 1256.8171372639604, "health_priority_rank": 533 }, "geometry": { "type": "Point", "coordinates": [ -77.1174125, 38.8195648 ] } },
{ "type": "Feature", "properties": { "LocationID": "11001005004", "StateAbbr": "DC", "CountyName": "District of Columbia", "CountyFIPS": 11001, "lon": -77.0283862, "lat": 38.907252, "TotalPopulation": 3861, "chronic_disease_burden_score": -0.55998196194042893, "preventive_care_gap_score": 0.79498781911926408, "health_need_score": 0.11750292858941758, "need_intensity": 0.28195266274544223, "priority_weighted_population": 1088.6192308601524, "health_priority_rank": 534 }, "geometry": { "type": "Point", "coordinates": [ -77.0283862, 38.907252 ] } },
{ "type": "Feature", "properties": { "LocationID": "24033803527", "StateAbbr": "MD", "CountyName": "Prince George's", "CountyFIPS": 24033, "lon": -76.8189558, "lat": 38.8973278, "TotalPopulation": 3043, "chronic_disease_burden_score": 0.7182829403874933, "preventive_care_gap_score": -0.4885264748297104, "health_need_score": 0.11487823277889145, "need_intensity": 0.28124251372060471, "priority_weighted_population": 855.82096925180019, "health_priority_rank": 535 }, "geometry": { "type": "Point", "coordinates": [ -76.8189558, 38.8973278 ] } },
{ "type": "Feature", "properties": { "LocationID": "51685920202", "StateAbbr": "VA", "CountyName": "Manassas Park", "CountyFIPS": 51685, "lon": -77.4318584, "lat": 38.7648316, "TotalPopulation": 7210, "chronic_disease_burden_score": -0.11179867004192023, "preventive_care_gap_score": 0.33803347061410294, "health_need_score": 0.11311740028609135, "need_intensity": 0.28076609528283775, "priority_weighted_population": 2024.3235469892602, "health_priority_rank": 536 }, "geometry": { "type": "Point", "coordinates": [ -77.4318584, 38.7648316 ] } },
{ "type": "Feature", "properties": { "LocationID": "51153901203", "StateAbbr": "VA", "CountyName": "Prince William", "CountyFIPS": 51153, "lon": -77.3343473, "lat": 38.6527058, "TotalPopulation": 4013, "chronic_disease_burden_score": 0.047960504191446152, "preventive_care_gap_score": 0.17533357066369507, "health_need_score": 0.11164703742757061, "need_intensity": 0.28036826756278416, "priority_weighted_population": 1125.1178577294529, "health_priority_rank": 537 }, "geometry": { "type": "Point", "coordinates": [ -77.3343473, 38.6527058 ] } },
{ "type": "Feature", "properties": { "LocationID": "51177020312", "StateAbbr": "VA", "CountyName": "Spotsylvania", "CountyFIPS": 51177, "lon": -77.5204034, "lat": 38.2225933, "TotalPopulation": 6724, "chronic_disease_burden_score": 0.70612271609790689, "preventive_care_gap_score": -0.48444624270837772, "health_need_score": 0.11083823669476459, "need_intensity": 0.2801494349463009, "priority_weighted_population": 1883.7248005789272, "health_priority_rank": 538 }, "geometry": { "type": "Point", "coordinates": [ -77.5204034, 38.2225933 ] } },
{ "type": "Feature", "properties": { "LocationID": "51153901305", "StateAbbr": "VA", "CountyName": "Prince William", "CountyFIPS": 51153, "lon": -77.5495714, "lat": 38.6691098, "TotalPopulation": 3642, "chronic_disease_burden_score": 0.45372965477320298, "preventive_care_gap_score": -0.23657983191020562, "health_need_score": 0.10857491143149868, "need_intensity": 0.27953705989615124, "priority_weighted_population": 1018.0739721417829, "health_priority_rank": 539 }, "geometry": { "type": "Point", "coordinates": [ -77.5495714, 38.6691098 ] } },
{ "type": "Feature", "properties": { "LocationID": "24031703902", "StateAbbr": "MD", "CountyName": "Montgomery", "CountyFIPS": 24031, "lon": -77.0397148, "lat": 39.0322535, "TotalPopulation": 7469, "chronic_disease_burden_score": -0.091081943420092959, "preventive_care_gap_score": 0.30649835389371938, "health_need_score": 0.10770820523681321, "need_intensity": 0.27930256012802263, "priority_weighted_population": 2086.1108215962008, "health_priority_rank": 540 }, "geometry": { "type": "Point", "coordinates": [ -77.0397148, 39.0322535 ] } },
{ "type": "Feature", "properties": { "LocationID": "51043010102", "StateAbbr": "VA", "CountyName": "Clarke", "CountyFIPS": 51043, "lon": -77.9811063, "lat": 39.1717811, "TotalPopulation": 4170, "chronic_disease_burden_score": 0.91428151930250801, "preventive_care_gap_score": -0.69918225765745845, "health_need_score": 0.10754963082252478, "need_intensity": 0.27925965555019705, "priority_weighted_population": 1164.5127636443217, "health_priority_rank": 541 }, "geometry": { "type": "Point", "coordinates": [ -77.9811063, 39.1717811 ] } },
{ "type": "Feature", "properties": { "LocationID": "51510200408", "StateAbbr": "VA", "CountyName": "Alexandria", "CountyFIPS": 51510, "lon": -77.1359476, "lat": 38.8051567, "TotalPopulation": 2713, "chronic_disease_burden_score": -0.59700555580088577, "preventive_care_gap_score": 0.80999969375417102, "health_need_score": 0.10649706897664263, "need_intensity": 0.27897486987505837, "priority_weighted_population": 756.85882197103342, "health_priority_rank": 542 }, "geometry": { "type": "Point", "coordinates": [ -77.1359476, 38.8051567 ] } },
{ "type": "Feature", "properties": { "LocationID": "24033801411", "StateAbbr": "MD", "CountyName": "Prince George's", "CountyFIPS": 24033, "lon": -77.001109, "lat": 38.7700808, "TotalPopulation": 3359, "chronic_disease_burden_score": 0.50657506771332961, "preventive_care_gap_score": -0.29826092182261499, "health_need_score": 0.10415707294535731, "need_intensity": 0.2783417504510563, "priority_weighted_population": 934.94993976509807, "health_priority_rank": 543 }, "geometry": { "type": "Point", "coordinates": [ -77.001109, 38.7700808 ] } },
{ "type": "Feature", "properties": { "LocationID": "24033805908", "StateAbbr": "MD", "CountyName": "Prince George's", "CountyFIPS": 24033, "lon": -76.9551963, "lat": 38.9710564, "TotalPopulation": 3492, "chronic_disease_burden_score": -0.63327661125946733, "preventive_care_gap_score": 0.84080581653808451, "health_need_score": 0.10376460263930859, "need_intensity": 0.27823556199142585, "priority_weighted_population": 971.59858247405907, "health_priority_rank": 544 }, "geometry": { "type": "Point", "coordinates": [ -76.9551963, 38.9710564 ] } },
{ "type": "Feature", "properties": { "LocationID": "24031701417", "StateAbbr": "MD", "CountyName": "Montgomery", "CountyFIPS": 24031, "lon": -76.9381795, "lat": 39.0769598, "TotalPopulation": 6168, "chronic_disease_burden_score": -0.13142785823234651, "preventive_care_gap_score": 0.33776963072050875, "health_need_score": 0.10317088624408112, "need_intensity": 0.27807492352147062, "priority_weighted_population": 1715.1661282804307, "health_priority_rank": 545 }, "geometry": { "type": "Point", "coordinates": [ -76.9381795, 39.0769598 ] } },
{ "type": "Feature", "properties": { "LocationID": "51059451502", "StateAbbr": "VA", "CountyName": "Fairfax", "CountyFIPS": 51059, "lon": -77.1269418, "lat": 38.8533565, "TotalPopulation": 4924, "chronic_disease_burden_score": 0.24570208889074915, "preventive_care_gap_score": -0.039390322704949493, "health_need_score": 0.10315588309289983, "need_intensity": 0.27807086420414395, "priority_weighted_population": 1369.2209353412047, "health_priority_rank": 546 }, "geometry": { "type": "Point", "coordinates": [ -77.1269418, 38.8533565 ] } },
{ "type": "Feature", "properties": { "LocationID": "11001003200", "StateAbbr": "DC", "CountyName": "District of Columbia", "CountyFIPS": 11001, "lon": -77.0211591, "lat": 38.9322375, "TotalPopulation": 5099, "chronic_disease_burden_score": -0.53814800616200331, "preventive_care_gap_score": 0.74175702305306956, "health_need_score": 0.10180450844553313, "need_intensity": 0.27770523044796963, "priority_weighted_population": 1416.0189700541971, "health_priority_rank": 547 }, "geometry": { "type": "Point", "coordinates": [ -77.0211591, 38.9322375 ] } },
{ "type": "Feature", "properties": { "LocationID": "51510201205", "StateAbbr": "VA", "CountyName": "Alexandria", "CountyFIPS": 51510, "lon": -77.0592287, "lat": 38.8412597, "TotalPopulation": 2568, "chronic_disease_burden_score": -0.67299698186418877, "preventive_care_gap_score": 0.87233652458950961, "health_need_score": 0.09966977136266042, "need_intensity": 0.27712764677080337, "priority_weighted_population": 711.66379690742303, "health_priority_rank": 548 }, "geometry": { "type": "Point", "coordinates": [ -77.0592287, 38.8412597 ] } },
{ "type": "Feature", "properties": { "LocationID": "24009860404", "StateAbbr": "MD", "CountyName": "Calvert", "CountyFIPS": 24009, "lon": -76.5615839, "lat": 38.7080371, "TotalPopulation": 6567, "chronic_disease_burden_score": 0.46547181238853491, "preventive_care_gap_score": -0.27430538571521068, "health_need_score": 0.095583213336662115, "need_intensity": 0.27602196999657819, "priority_weighted_population": 1812.6362769675291, "health_priority_rank": 549 }, "geometry": { "type": "Point", "coordinates": [ -76.5615839, 38.7080371 ] } },
{ "type": "Feature", "properties": { "LocationID": "51061930405", "StateAbbr": "VA", "CountyName": "Fauquier", "CountyFIPS": 51061, "lon": -77.7754716, "lat": 38.7179146, "TotalPopulation": 4932, "chronic_disease_burden_score": 0.29364789701258526, "preventive_care_gap_score": -0.10496887976456637, "health_need_score": 0.094339508624009444, "need_intensity": 0.27568546788256787, "priority_weighted_population": 1359.6807275968247, "health_priority_rank": 550 }, "geometry": { "type": "Point", "coordinates": [ -77.7754716, 38.7179146 ] } },
{ "type": "Feature", "properties": { "LocationID": "51177020105", "StateAbbr": "VA", "CountyName": "Spotsylvania", "CountyFIPS": 51177, "lon": -77.6612739, "lat": 38.3438836, "TotalPopulation": 2434, "chronic_disease_burden_score": 0.60577279315034427, "preventive_care_gap_score": -0.41827871274355238, "health_need_score": 0.093747040203395943, "need_intensity": 0.27552516707000957, "priority_weighted_population": 670.62825664840329, "health_priority_rank": 551 }, "geometry": { "type": "Point", "coordinates": [ -77.6612739, 38.3438836 ] } },
{ "type": "Feature", "properties": { "LocationID": "11001008803", "StateAbbr": "DC", "CountyName": "District of Columbia", "CountyFIPS": 11001, "lon": -76.9913622, "lat": 38.9104603, "TotalPopulation": 4036, "chronic_disease_burden_score": -1.0294266817949369, "preventive_care_gap_score": 1.2149484445480081, "health_need_score": 0.092760881376535598, "need_intensity": 0.27525834768224611, "priority_weighted_population": 1110.9426912455453, "health_priority_rank": 552 }, "geometry": { "type": "Point", "coordinates": [ -76.9913622, 38.9104603 ] } },
{ "type": "Feature", "properties": { "LocationID": "24033802002", "StateAbbr": "MD", "CountyName": "Prince George's", "CountyFIPS": 24033, "lon": -76.914964, "lat": 38.8478842, "TotalPopulation": 3714, "chronic_disease_burden_score": 0.47958762307717645, "preventive_care_gap_score": -0.2958642574920225, "health_need_score": 0.091861682792576976, "need_intensity": 0.27501505663306142, "priority_weighted_population": 1021.4059203351901, "health_priority_rank": 553 }, "geometry": { "type": "Point", "coordinates": [ -76.914964, 38.8478842 ] } },
{ "type": "Feature", "properties": { "LocationID": "24017851302", "StateAbbr": "MD", "CountyName": "Charles", "CountyFIPS": 24017, "lon": -76.8591522, "lat": 38.5203189, "TotalPopulation": 4407, "chronic_disease_burden_score": 0.55168508797861138, "preventive_care_gap_score": -0.36901738413901253, "health_need_score": 0.091333851919799425, "need_intensity": 0.27487224443437586, "priority_weighted_population": 1211.3619812222944, "health_priority_rank": 554 }, "geometry": { "type": "Point", "coordinates": [ -76.8591522, 38.5203189 ] } },
{ "type": "Feature", "properties": { "LocationID": "51177020107", "StateAbbr": "VA", "CountyName": "Spotsylvania", "CountyFIPS": 51177, "lon": -77.506705, "lat": 38.2730339, "TotalPopulation": 2340, "chronic_disease_burden_score": 0.28801464160529894, "preventive_care_gap_score": -0.10900247747981526, "health_need_score": 0.08950608206274184, "need_intensity": 0.27437771513448078, "priority_weighted_population": 642.04385341468503, "health_priority_rank": 555 }, "geometry": { "type": "Point", "coordinates": [ -77.506705, 38.2730339 ] } },
{ "type": "Feature", "properties": { "LocationID": "24021751001", "StateAbbr": "MD", "CountyName": "Frederick", "CountyFIPS": 24021, "lon": -77.4408029, "lat": 39.3798137, "TotalPopulation": 2076, "chronic_disease_burden_score": -0.014589597036400125, "preventive_care_gap_score": 0.19301572281511001, "health_need_score": 0.089213062889354947, "need_intensity": 0.27429843460246456, "priority_weighted_population": 569.44355023471644, "health_priority_rank": 556 }, "geometry": { "type": "Point", "coordinates": [ -77.4408029, 39.3798137 ] } },
{ "type": "Feature", "properties": { "LocationID": "51107610900", "StateAbbr": "VA", "CountyName": "Loudoun", "CountyFIPS": 51107, "lon": -77.6799069, "lat": 38.9857195, "TotalPopulation": 2404, "chronic_disease_burden_score": 0.88340470412331884, "preventive_care_gap_score": -0.70502470637632519, "health_need_score": 0.089189998873496823, "need_intensity": 0.27429219430280588, "priority_weighted_population": 659.3984351039453, "health_priority_rank": 557 }, "geometry": { "type": "Point", "coordinates": [ -77.6799069, 38.9857195 ] } },
{ "type": "Feature", "properties": { "LocationID": "24031700204", "StateAbbr": "MD", "CountyName": "Montgomery", "CountyFIPS": 24031, "lon": -77.2187401, "lat": 39.3075065, "TotalPopulation": 2103, "chronic_disease_burden_score": 0.34373919205587344, "preventive_care_gap_score": -0.16569501611656043, "health_need_score": 0.089022087969656508, "need_intensity": 0.27424676360407746, "priority_weighted_population": 576.74094385937485, "health_priority_rank": 558 }, "geometry": { "type": "Point", "coordinates": [ -77.2187401, 39.3075065 ] } },
{ "type": "Feature", "properties": { "LocationID": "11001003000", "StateAbbr": "DC", "CountyName": "District of Columbia", "CountyFIPS": 11001, "lon": -77.0299525, "lat": 38.9288689, "TotalPopulation": 3561, "chronic_disease_burden_score": -0.6568946954972974, "preventive_care_gap_score": 0.83443856892696244, "health_need_score": 0.088771936714832522, "need_intensity": 0.27417908160109533, "priority_weighted_population": 976.35170958150047, "health_priority_rank": 559 }, "geometry": { "type": "Point", "coordinates": [ -77.0299525, 38.9288689 ] } },
{ "type": "Feature", "properties": { "LocationID": "51179010218", "StateAbbr": "VA", "CountyName": "Stafford", "CountyFIPS": 51179, "lon": -77.448635, "lat": 38.4093294, "TotalPopulation": 4638, "chronic_disease_burden_score": -0.26375405677184249, "preventive_care_gap_score": 0.44015544732455281, "health_need_score": 0.088200695276355157, "need_intensity": 0.27402452405242456, "priority_weighted_population": 1270.925742555145, "health_priority_rank": 560 }, "geometry": { "type": "Point", "coordinates": [ -77.448635, 38.4093294 ] } },
{ "type": "Feature", "properties": { "LocationID": "51153901221", "StateAbbr": "VA", "CountyName": "Prince William", "CountyFIPS": 51153, "lon": -77.3154418, "lat": 38.6920592, "TotalPopulation": 5646, "chronic_disease_burden_score": 0.12029487222270094, "preventive_care_gap_score": 0.053052631838167302, "health_need_score": 0.08667375203043412, "need_intensity": 0.27361138769859472, "priority_weighted_population": 1544.8098949462658, "health_priority_rank": 561 }, "geometry": { "type": "Point", "coordinates": [ -77.3154418, 38.6920592 ] } },
{ "type": "Feature", "properties": { "LocationID": "24021752502", "StateAbbr": "MD", "CountyName": "Frederick", "CountyFIPS": 24021, "lon": -77.5454082, "lat": 39.3247563, "TotalPopulation": 2362, "chronic_disease_burden_score": 0.72401262872353078, "preventive_care_gap_score": -0.55376605116155564, "health_need_score": 0.085123288780987572, "need_intensity": 0.2731918876711153, "priority_weighted_population": 645.27923867917434, "health_priority_rank": 562 }, "geometry": { "type": "Point", "coordinates": [ -77.5454082, 39.3247563 ] } },
{ "type": "Feature", "properties": { "LocationID": "24031700730", "StateAbbr": "MD", "CountyName": "Montgomery", "CountyFIPS": 24031, "lon": -77.1763166, "lat": 39.1602733, "TotalPopulation": 5343, "chronic_disease_burden_score": 0.025321870913528433, "preventive_care_gap_score": 0.14486586745616564, "health_need_score": 0.085093869184847043, "need_intensity": 0.2731839277782292, "priority_weighted_population": 1459.6217261190786, "health_priority_rank": 563 }, "geometry": { "type": "Point", "coordinates": [ -77.1763166, 39.1602733 ] } },
{ "type": "Feature", "properties": { "LocationID": "51153901508", "StateAbbr": "VA", "CountyName": "Prince William", "CountyFIPS": 51153, "lon": -77.6532602, "lat": 38.8005563, "TotalPopulation": 6034, "chronic_disease_burden_score": -0.16968945569302538, "preventive_care_gap_score": 0.33882016660554282, "health_need_score": 0.08456535545625872, "need_intensity": 0.27304093082312869, "priority_weighted_population": 1647.5289765867585, "health_priority_rank": 564 }, "geometry": { "type": "Point", "coordinates": [ -77.6532602, 38.8005563 ] } },
{ "type": "Feature", "properties": { "LocationID": "24031700207", "StateAbbr": "MD", "CountyName": "Montgomery", "CountyFIPS": 24031, "lon": -77.2179052, "lat": 39.2710465, "TotalPopulation": 5804, "chronic_disease_burden_score": -0.075262420463382565, "preventive_care_gap_score": 0.2402438947469909, "health_need_score": 0.08249073714180416, "need_intensity": 0.27247961313937602, "priority_weighted_population": 1581.4716746609383, "health_priority_rank": 565 }, "geometry": { "type": "Point", "coordinates": [ -77.2179052, 39.2710465 ] } },
{ "type": "Feature", "properties": { "LocationID": "24017851402", "StateAbbr": "MD", "CountyName": "Charles", "CountyFIPS": 24017, "lon": -76.7237164, "lat": 38.531775, "TotalPopulation": 3445, "chronic_disease_burden_score": 0.57591226622728398, "preventive_care_gap_score": -0.41207921818430349, "health_need_score": 0.081916524021490245, "need_intensity": 0.27232425155964379, "priority_weighted_population": 938.15704662297287, "health_priority_rank": 566 }, "geometry": { "type": "Point", "coordinates": [ -76.7237164, 38.531775 ] } },
{ "type": "Feature", "properties": { "LocationID": "24017851001", "StateAbbr": "MD", "CountyName": "Charles", "CountyFIPS": 24017, "lon": -76.9997715, "lat": 38.5327926, "TotalPopulation": 3507, "chronic_disease_burden_score": 0.72395492799614192, "preventive_care_gap_score": -0.56206099855110792, "health_need_score": 0.080946964722517001, "need_intensity": 0.27206192341177737, "priority_weighted_population": 954.12116540510328, "health_priority_rank": 567 }, "geometry": { "type": "Point", "coordinates": [ -76.9997715, 38.5327926 ] } },
{ "type": "Feature", "properties": { "LocationID": "24033801208", "StateAbbr": "MD", "CountyName": "Prince George's", "CountyFIPS": 24033, "lon": -76.8905647, "lat": 38.7471805, "TotalPopulation": 4433, "chronic_disease_burden_score": 0.5451241340136701, "preventive_care_gap_score": -0.38372379054503625, "health_need_score": 0.080700171734316928, "need_intensity": 0.27199515003590496, "priority_weighted_population": 1205.7545001091667, "health_priority_rank": 568 }, "geometry": { "type": "Point", "coordinates": [ -76.8905647, 38.7471805 ] } },
{ "type": "Feature", "properties": { "LocationID": "51153901015", "StateAbbr": "VA", "CountyName": "Prince William", "CountyFIPS": 51153, "lon": -77.3147366, "lat": 38.5841196, "TotalPopulation": 3726, "chronic_disease_burden_score": -0.23861200809659236, "preventive_care_gap_score": 0.39942971631458796, "health_need_score": 0.080408854108997799, "need_intensity": 0.27191632988207659, "priority_weighted_population": 1013.1602451406173, "health_priority_rank": 569 }, "geometry": { "type": "Point", "coordinates": [ -77.3147366, 38.5841196 ] } },
{ "type": "Feature", "properties": { "LocationID": "51179010308", "StateAbbr": "VA", "CountyName": "Stafford", "CountyFIPS": 51179, "lon": -77.5945671, "lat": 38.3850509, "TotalPopulation": 2618, "chronic_disease_burden_score": 0.32226147337655353, "preventive_care_gap_score": -0.1617089141946339, "health_need_score": 0.080276279590959815, "need_intensity": 0.27188045994837778, "priority_weighted_population": 711.78304414485308, "health_priority_rank": 570 }, "geometry": { "type": "Point", "coordinates": [ -77.5945671, 38.3850509 ] } },
{ "type": "Feature", "properties": { "LocationID": "51179010403", "StateAbbr": "VA", "CountyName": "Stafford", "CountyFIPS": 51179, "lon": -77.4316504, "lat": 38.3593183, "TotalPopulation": 3815, "chronic_disease_burden_score": 0.19479482187085259, "preventive_care_gap_score": -0.037975251152506107, "health_need_score": 0.078409785359173242, "need_intensity": 0.27137545321454892, "priority_weighted_population": 1035.2973540135042, "health_priority_rank": 571 }, "geometry": { "type": "Point", "coordinates": [ -77.4316504, 38.3593183 ] } },
{ "type": "Feature", "properties": { "LocationID": "24033800106", "StateAbbr": "MD", "CountyName": "Prince George's", "CountyFIPS": 24033, "lon": -76.8795704, "lat": 39.0953558, "TotalPopulation": 3161, "chronic_disease_burden_score": 0.13831164241989688, "preventive_care_gap_score": 0.017891031938364138, "health_need_score": 0.078101337179130509, "need_intensity": 0.27129199814391114, "priority_weighted_population": 857.55400613290306, "health_priority_rank": 572 }, "geometry": { "type": "Point", "coordinates": [ -76.8795704, 39.0953558 ] } },
{ "type": "Feature", "properties": { "LocationID": "24021752302", "StateAbbr": "MD", "CountyName": "Frederick", "CountyFIPS": 24021, "lon": -77.4542163, "lat": 39.3037786, "TotalPopulation": 4274, "chronic_disease_burden_score": 0.58133237513617897, "preventive_care_gap_score": -0.42672731053892948, "health_need_score": 0.077302532298624743, "need_intensity": 0.27107587004836126, "priority_weighted_population": 1158.5782685866959, "health_priority_rank": 573 }, "geometry": { "type": "Point", "coordinates": [ -77.4542163, 39.3037786 ] } },
{ "type": "Feature", "properties": { "LocationID": "24031702302", "StateAbbr": "MD", "CountyName": "Montgomery", "CountyFIPS": 24031, "lon": -77.0189819, "lat": 39.0094941, "TotalPopulation": 4434, "chronic_disease_burden_score": 0.18654612665683451, "preventive_care_gap_score": -0.035249927788489531, "health_need_score": 0.075648099434172486, "need_intensity": 0.2706282395531861, "priority_weighted_population": 1199.9656141788271, "health_priority_rank": 574 }, "geometry": { "type": "Point", "coordinates": [ -77.0189819, 39.0094941 ] } },
{ "type": "Feature", "properties": { "LocationID": "24031701800", "StateAbbr": "MD", "CountyName": "Montgomery", "CountyFIPS": 24031, "lon": -77.0121085, "lat": 38.9824111, "TotalPopulation": 4869, "chronic_disease_burden_score": 0.5238166023384262, "preventive_care_gap_score": -0.37596914263384845, "health_need_score": 0.073923729852288872, "need_intensity": 0.27016168667794505, "priority_weighted_population": 1315.4172524349144, "health_priority_rank": 575 }, "geometry": { "type": "Point", "coordinates": [ -77.0121085, 38.9824111 ] } },
{ "type": "Feature", "properties": { "LocationID": "24033800515", "StateAbbr": "MD", "CountyName": "Prince George's", "CountyFIPS": 24033, "lon": -76.7452951, "lat": 38.9456938, "TotalPopulation": 4336, "chronic_disease_burden_score": 0.45456996586467002, "preventive_care_gap_score": -0.30886376381404779, "health_need_score": 0.072853101025311118, "need_intensity": 0.26987201272243672, "priority_weighted_population": 1170.1650471644857, "health_priority_rank": 576 }, "geometry": { "type": "Point", "coordinates": [ -76.7452951, 38.9456938 ] } },
{ "type": "Feature", "properties": { "LocationID": "51107611300", "StateAbbr": "VA", "CountyName": "Loudoun", "CountyFIPS": 51107, "lon": -77.3859529, "lat": 39.0114479, "TotalPopulation": 6349, "chronic_disease_burden_score": -0.31261039388776224, "preventive_care_gap_score": 0.45748253859967508, "health_need_score": 0.072436072355956421, "need_intensity": 0.26975917964605362, "priority_weighted_population": 1712.7010315727944, "health_priority_rank": 577 }, "geometry": { "type": "Point", "coordinates": [ -77.3859529, 39.0114479 ] } },
{ "type": "Feature", "properties": { "LocationID": "24031703402", "StateAbbr": "MD", "CountyName": "Montgomery", "CountyFIPS": 24031, "lon": -77.0690635, "lat": 39.0695576, "TotalPopulation": 4035, "chronic_disease_burden_score": -0.27969758156089636, "preventive_care_gap_score": 0.42380155805068148, "health_need_score": 0.072051988244892562, "need_intensity": 0.26965526019152719, "priority_weighted_population": 1088.0589748728123, "health_priority_rank": 578 }, "geometry": { "type": "Point", "coordinates": [ -77.0690635, 39.0695576 ] } },
{ "type": "Feature", "properties": { "LocationID": "24031701101", "StateAbbr": "MD", "CountyName": "Montgomery", "CountyFIPS": 24031, "lon": -77.1194308, "lat": 39.0801609, "TotalPopulation": 4705, "chronic_disease_burden_score": -0.11999678460260386, "preventive_care_gap_score": 0.26346837449309646, "health_need_score": 0.07173579494524629, "need_intensity": 0.26956970956790693, "priority_weighted_population": 1268.3254835170021, "health_priority_rank": 579 }, "geometry": { "type": "Point", "coordinates": [ -77.1194308, 39.0801609 ] } },
{ "type": "Feature", "properties": { "LocationID": "24033800504", "StateAbbr": "MD", "CountyName": "Prince George's", "CountyFIPS": 24033, "lon": -76.7177355, "lat": 38.9689221, "TotalPopulation": 4720, "chronic_disease_burden_score": 0.49337510776060872, "preventive_care_gap_score": -0.350798634253009, "health_need_score": 0.071288236753799861, "need_intensity": 0.26944861629228278, "priority_weighted_population": 1271.7974688995748, "health_priority_rank": 580 }, "geometry": { "type": "Point", "coordinates": [ -76.7177355, 38.9689221 ] } },
{ "type": "Feature", "properties": { "LocationID": "24033801312", "StateAbbr": "MD", "CountyName": "Prince George's", "CountyFIPS": 24033, "lon": -76.9768917, "lat": 38.7183053, "TotalPopulation": 3940, "chronic_disease_burden_score": 0.56964568609769206, "preventive_care_gap_score": -0.42975780726141743, "health_need_score": 0.069943939418137313, "need_intensity": 0.26908489740410385, "priority_weighted_population": 1060.1944957721691, "health_priority_rank": 581 }, "geometry": { "type": "Point", "coordinates": [ -76.9768917, 38.7183053 ] } },
{ "type": "Feature", "properties": { "LocationID": "51059430600", "StateAbbr": "VA", "CountyName": "Fairfax", "CountyFIPS": 51059, "lon": -77.18676, "lat": 38.7874596, "TotalPopulation": 7152, "chronic_disease_burden_score": -0.46678057670403189, "preventive_care_gap_score": 0.60507257904971801, "health_need_score": 0.069146001172843058, "need_intensity": 0.2688690037891166, "priority_weighted_population": 1922.9511150997619, "health_priority_rank": 582 }, "geometry": { "type": "Point", "coordinates": [ -77.18676, 38.7874596 ] } },
{ "type": "Feature", "properties": { "LocationID": "24009860300", "StateAbbr": "MD", "CountyName": "Calvert", "CountyFIPS": 24009, "lon": -76.5793751, "lat": 38.6629535, "TotalPopulation": 4291, "chronic_disease_burden_score": 0.63217118847628184, "preventive_care_gap_score": -0.49500938807489331, "health_need_score": 0.068580900200694267, "need_intensity": 0.26871610763151355, "priority_weighted_population": 1153.0608178468246, "health_priority_rank": 583 }, "geometry": { "type": "Point", "coordinates": [ -76.5793751, 38.6629535 ] } },
{ "type": "Feature", "properties": { "LocationID": "51177020203", "StateAbbr": "VA", "CountyName": "Spotsylvania", "CountyFIPS": 51177, "lon": -77.4600551, "lat": 38.2337139, "TotalPopulation": 5067, "chronic_disease_burden_score": 0.14814144988074979, "preventive_care_gap_score": -0.013083011800283968, "health_need_score": 0.067529219040232916, "need_intensity": 0.26843156023842274, "priority_weighted_population": 1360.142715728088, "health_priority_rank": 584 }, "geometry": { "type": "Point", "coordinates": [ -77.4600551, 38.2337139 ] } },
{ "type": "Feature", "properties": { "LocationID": "51510200802", "StateAbbr": "VA", "CountyName": "Alexandria", "CountyFIPS": 51510, "lon": -77.0785167, "lat": 38.8091228, "TotalPopulation": 2991, "chronic_disease_burden_score": -0.049824568205082791, "preventive_care_gap_score": 0.1844031867452309, "health_need_score": 0.067289309270074052, "need_intensity": 0.26836664921572667, "priority_weighted_population": 802.68464780423847, "health_priority_rank": 585 }, "geometry": { "type": "Point", "coordinates": [ -77.0785167, 38.8091228 ] } },
{ "type": "Feature", "properties": { "LocationID": "51059480901", "StateAbbr": "VA", "CountyName": "Fairfax", "CountyFIPS": 51059, "lon": -77.397781, "lat": 38.967678, "TotalPopulation": 6969, "chronic_disease_burden_score": -0.33795534437779279, "preventive_care_gap_score": 0.47140167671369149, "health_need_score": 0.066723166167949349, "need_intensity": 0.26821347109494026, "priority_weighted_population": 1869.1796800606387, "health_priority_rank": 586 }, "geometry": { "type": "Point", "coordinates": [ -77.397781, 38.967678 ] } },
{ "type": "Feature", "properties": { "LocationID": "24021752602", "StateAbbr": "MD", "CountyName": "Frederick", "CountyFIPS": 24021, "lon": -77.5184053, "lat": 39.4106761, "TotalPopulation": 2729, "chronic_disease_burden_score": 0.72250283629494405, "preventive_care_gap_score": -0.59100691232975366, "health_need_score": 0.065747961982595193, "need_intensity": 0.26794961564225528, "priority_weighted_population": 731.23450108771465, "health_priority_rank": 587 }, "geometry": { "type": "Point", "coordinates": [ -77.5184053, 39.4106761 ] } },
{ "type": "Feature", "properties": { "LocationID": "51510201100", "StateAbbr": "VA", "CountyName": "Alexandria", "CountyFIPS": 51510, "lon": -77.0724866, "lat": 38.8364121, "TotalPopulation": 3388, "chronic_disease_burden_score": 0.20233682126278305, "preventive_care_gap_score": -0.072804305377627124, "health_need_score": 0.064766257942577954, "need_intensity": 0.26768400156084382, "priority_weighted_population": 906.91339728813887, "health_priority_rank": 588 }, "geometry": { "type": "Point", "coordinates": [ -77.0724866, 38.8364121 ] } },
{ "type": "Feature", "properties": { "LocationID": "51059480801", "StateAbbr": "VA", "CountyName": "Fairfax", "CountyFIPS": 51059, "lon": -77.3858773, "lat": 38.9776181, "TotalPopulation": 5388, "chronic_disease_burden_score": -0.18066482589391872, "preventive_care_gap_score": 0.30854918945998688, "health_need_score": 0.063942181783034083, "need_intensity": 0.26746103595898441, "priority_weighted_population": 1441.0800617470079, "health_priority_rank": 589 }, "geometry": { "type": "Point", "coordinates": [ -77.3858773, 38.9776181 ] } },
{ "type": "Feature", "properties": { "LocationID": "51179010212", "StateAbbr": "VA", "CountyName": "Stafford", "CountyFIPS": 51179, "lon": -77.42756, "lat": 38.4667512, "TotalPopulation": 4675, "chronic_disease_burden_score": 0.039148088375009812, "preventive_care_gap_score": 0.086908974139162751, "health_need_score": 0.063028531257086282, "need_intensity": 0.2672138347300107, "priority_weighted_population": 1249.2246773628001, "health_priority_rank": 590 }, "geometry": { "type": "Point", "coordinates": [ -77.42756, 38.4667512 ] } },
{ "type": "Feature", "properties": { "LocationID": "24033800511", "StateAbbr": "MD", "CountyName": "Prince George's", "CountyFIPS": 24033, "lon": -76.729449, "lat": 38.9112952, "TotalPopulation": 5222, "chronic_disease_burden_score": 0.41694508316781298, "preventive_care_gap_score": -0.29321675270519071, "health_need_score": 0.061864165231311136, "need_intensity": 0.26689879883349193, "priority_weighted_population": 1393.7455275084949, "health_priority_rank": 591 }, "geometry": { "type": "Point", "coordinates": [ -76.729449, 38.9112952 ] } },
{ "type": "Feature", "properties": { "LocationID": "51059491201", "StateAbbr": "VA", "CountyName": "Fairfax", "CountyFIPS": 51059, "lon": -77.4481326, "lat": 38.8418714, "TotalPopulation": 6558, "chronic_disease_burden_score": -0.42977877325907693, "preventive_care_gap_score": 0.55263716273832741, "health_need_score": 0.061429194739625242, "need_intensity": 0.26678111134023458, "priority_weighted_population": 1749.5505281692583, "health_priority_rank": 592 }, "geometry": { "type": "Point", "coordinates": [ -77.4481326, 38.8418714 ] } },
{ "type": "Feature", "properties": { "LocationID": "24033801005", "StateAbbr": "MD", "CountyName": "Prince George's", "CountyFIPS": 24033, "lon": -76.835778, "lat": 38.7565957, "TotalPopulation": 4217, "chronic_disease_burden_score": 0.48839823226208073, "preventive_care_gap_score": -0.3667126702180592, "health_need_score": 0.060842781022010767, "need_intensity": 0.26662244871424756, "priority_weighted_population": 1124.346866227982, "health_priority_rank": 593 }, "geometry": { "type": "Point", "coordinates": [ -76.835778, 38.7565957 ] } },
{ "type": "Feature", "properties": { "LocationID": "51059491103", "StateAbbr": "VA", "CountyName": "Fairfax", "CountyFIPS": 51059, "lon": -77.4613994, "lat": 38.8395675, "TotalPopulation": 6548, "chronic_disease_burden_score": -0.37842292252630721, "preventive_care_gap_score": 0.49970082160154017, "health_need_score": 0.060638949537616477, "need_intensity": 0.26656729918823646, "priority_weighted_population": 1745.4826750845723, "health_priority_rank": 594 }, "geometry": { "type": "Point", "coordinates": [ -77.4613994, 38.8395675 ] } },
{ "type": "Feature", "properties": { "LocationID": "24031701702", "StateAbbr": "MD", "CountyName": "Montgomery", "CountyFIPS": 24031, "lon": -77.0027324, "lat": 38.9896313, "TotalPopulation": 2274, "chronic_disease_burden_score": -0.12520630586338488, "preventive_care_gap_score": 0.23976354757596161, "health_need_score": 0.057278620856288362, "need_intensity": 0.26565811415940049, "priority_weighted_population": 604.1065515984767, "health_priority_rank": 595 }, "geometry": { "type": "Point", "coordinates": [ -77.0027324, 38.9896313 ] } },
{ "type": "Feature", "properties": { "LocationID": "24033801302", "StateAbbr": "MD", "CountyName": "Prince George's", "CountyFIPS": 24033, "lon": -77.0360274, "lat": 38.6741134, "TotalPopulation": 2852, "chronic_disease_burden_score": 0.5587677595468985, "preventive_care_gap_score": -0.4448399855105421, "health_need_score": 0.0569638870181782, "need_intensity": 0.26557295841399148, "priority_weighted_population": 757.41407739670365, "health_priority_rank": 596 }, "geometry": { "type": "Point", "coordinates": [ -77.0360274, 38.6741134 ] } },
{ "type": "Feature", "properties": { "LocationID": "24033801407", "StateAbbr": "MD", "CountyName": "Prince George's", "CountyFIPS": 24033, "lon": -76.949994, "lat": 38.792036, "TotalPopulation": 6575, "chronic_disease_burden_score": 0.47378918755767824, "preventive_care_gap_score": -0.36075023822683333, "health_need_score": 0.056519474665422453, "need_intensity": 0.26545271629005868, "priority_weighted_population": 1745.3516096071357, "health_priority_rank": 597 }, "geometry": { "type": "Point", "coordinates": [ -76.949994, 38.792036 ] } },
{ "type": "Feature", "properties": { "LocationID": "24009860402", "StateAbbr": "MD", "CountyName": "Calvert", "CountyFIPS": 24009, "lon": -76.5420675, "lat": 38.6689117, "TotalPopulation": 3958, "chronic_disease_burden_score": 0.39881094348639134, "preventive_care_gap_score": -0.28579768465814204, "health_need_score": 0.056506629414124654, "need_intensity": 0.26544924082343641, "priority_weighted_population": 1050.6480951791614, "health_priority_rank": 598 }, "geometry": { "type": "Point", "coordinates": [ -76.5420675, 38.6689117 ] } },
{ "type": "Feature", "properties": { "LocationID": "24031701102", "StateAbbr": "MD", "CountyName": "Montgomery", "CountyFIPS": 24031, "lon": -77.1243447, "lat": 39.0723414, "TotalPopulation": 6167, "chronic_disease_burden_score": -0.33095605793562605, "preventive_care_gap_score": 0.44207544913279229, "health_need_score": 0.05555969559858312, "need_intensity": 0.26519303432400299, "priority_weighted_population": 1635.4454426761265, "health_priority_rank": 599 }, "geometry": { "type": "Point", "coordinates": [ -77.1243447, 39.0723414 ] } },
{ "type": "Feature", "properties": { "LocationID": "51153901233", "StateAbbr": "VA", "CountyName": "Prince William", "CountyFIPS": 51153, "lon": -77.4247245, "lat": 38.6801187, "TotalPopulation": 7347, "chronic_disease_burden_score": 0.41996096412521344, "preventive_care_gap_score": -0.30895687171132002, "health_need_score": 0.055502046206946709, "need_intensity": 0.26517743645582759, "priority_weighted_population": 1948.2586256409652, "health_priority_rank": 600 }, "geometry": { "type": "Point", "coordinates": [ -77.4247245, 38.6801187 ] } },
{ "type": "Feature", "properties": { "LocationID": "51061930102", "StateAbbr": "VA", "CountyName": "Fauquier", "CountyFIPS": 51061, "lon": -77.7615866, "lat": 38.8867425, "TotalPopulation": 2744, "chronic_disease_burden_score": 0.7939648096625308, "preventive_care_gap_score": -0.6837991706245643, "health_need_score": 0.05508281951898325, "need_intensity": 0.26506400867404456, "priority_weighted_population": 727.33563980157828, "health_priority_rank": 601 }, "geometry": { "type": "Point", "coordinates": [ -77.7615866, 38.8867425 ] } },
{ "type": "Feature", "properties": { "LocationID": "24031702700", "StateAbbr": "MD", "CountyName": "Montgomery", "CountyFIPS": 24031, "lon": -77.0552841, "lat": 38.9992707, "TotalPopulation": 7380, "chronic_disease_burden_score": 0.1292147566100165, "preventive_care_gap_score": -0.02313844791170154, "health_need_score": 0.053038154349157478, "need_intensity": 0.26451079524235932, "priority_weighted_population": 1952.0896688886119, "health_priority_rank": 602 }, "geometry": { "type": "Point", "coordinates": [ -77.0552841, 38.9992707 ] } },
{ "type": "Feature", "properties": { "LocationID": "24031701701", "StateAbbr": "MD", "CountyName": "Montgomery", "CountyFIPS": 24031, "lon": -77.0074384, "lat": 38.9767741, "TotalPopulation": 3524, "chronic_disease_burden_score": 0.44976337169283392, "preventive_care_gap_score": -0.34440832684181549, "health_need_score": 0.052677522425509216, "need_intensity": 0.26441322111286325, "priority_weighted_population": 931.79219120173013, "health_priority_rank": 603 }, "geometry": { "type": "Point", "coordinates": [ -77.0074384, 38.9767741 ] } },
{ "type": "Feature", "properties": { "LocationID": "11001009507", "StateAbbr": "DC", "CountyName": "District of Columbia", "CountyFIPS": 11001, "lon": -76.9977787, "lat": 38.9584945, "TotalPopulation": 1525, "chronic_disease_burden_score": 0.26553579849491621, "preventive_care_gap_score": -0.16219057794471395, "health_need_score": 0.05167261027510113, "need_intensity": 0.26414132774495463, "priority_weighted_population": 402.81552481105581, "health_priority_rank": 604 }, "geometry": { "type": "Point", "coordinates": [ -76.9977787, 38.9584945 ] } },
{ "type": "Feature", "properties": { "LocationID": "24017851403", "StateAbbr": "MD", "CountyName": "Charles", "CountyFIPS": 24017, "lon": -76.808432, "lat": 38.5955599, "TotalPopulation": 1847, "chronic_disease_burden_score": 0.77551542712719557, "preventive_care_gap_score": -0.67369428846036472, "health_need_score": 0.050910569333415423, "need_intensity": 0.2639351466593392, "priority_weighted_population": 487.4882158797995, "health_priority_rank": 605 }, "geometry": { "type": "Point", "coordinates": [ -76.808432, 38.5955599 ] } },
{ "type": "Feature", "properties": { "LocationID": "24009860502", "StateAbbr": "MD", "CountyName": "Calvert", "CountyFIPS": 24009, "lon": -76.5203131, "lat": 38.579279, "TotalPopulation": 2843, "chronic_disease_burden_score": 0.65337351734175131, "preventive_care_gap_score": -0.55207189919038546, "health_need_score": 0.050650809075682923, "need_intensity": 0.26386486480306454, "priority_weighted_population": 750.16781063511246, "health_priority_rank": 606 }, "geometry": { "type": "Point", "coordinates": [ -76.5203131, 38.579279 ] } },
{ "type": "Feature", "properties": { "LocationID": "24021751906", "StateAbbr": "MD", "CountyName": "Frederick", "CountyFIPS": 24021, "lon": -77.2967749, "lat": 39.4012357, "TotalPopulation": 2521, "chronic_disease_burden_score": 0.50576942012404047, "preventive_care_gap_score": -0.40743299489191059, "health_need_score": 0.049168212616064938, "need_intensity": 0.26346372710710642, "priority_weighted_population": 664.19205603701528, "health_priority_rank": 607 }, "geometry": { "type": "Point", "coordinates": [ -77.2967749, 39.4012357 ] } },
{ "type": "Feature", "properties": { "LocationID": "51177020315", "StateAbbr": "VA", "CountyName": "Spotsylvania", "CountyFIPS": 51177, "lon": -77.5438756, "lat": 38.1914448, "TotalPopulation": 593, "chronic_disease_burden_score": 0.68725965722728555, "preventive_care_gap_score": -0.5935861555784453, "health_need_score": 0.046836750824420126, "need_intensity": 0.26283291674380921, "priority_weighted_population": 155.85991962907886, "health_priority_rank": 608 }, "geometry": { "type": "Point", "coordinates": [ -77.5438756, 38.1914448 ] } },
{ "type": "Feature", "properties": { "LocationID": "51177020316", "StateAbbr": "VA", "CountyName": "Spotsylvania", "CountyFIPS": 51177, "lon": -77.5846322, "lat": 38.2231828, "TotalPopulation": 5003, "chronic_disease_burden_score": 0.30523148388329285, "preventive_care_gap_score": -0.21183322928062709, "health_need_score": 0.046699127301332882, "need_intensity": 0.26279568072951637, "priority_weighted_population": 1314.7667906897705, "health_priority_rank": 609 }, "geometry": { "type": "Point", "coordinates": [ -77.5846322, 38.2231828 ] } },
{ "type": "Feature", "properties": { "LocationID": "24031703100", "StateAbbr": "MD", "CountyName": "Montgomery", "CountyFIPS": 24031, "lon": -77.0220358, "lat": 39.0264084, "TotalPopulation": 4481, "chronic_disease_burden_score": 0.2010917316230082, "preventive_care_gap_score": -0.10812657100318057, "health_need_score": 0.046482580309913812, "need_intensity": 0.26273709084105351, "priority_weighted_population": 1177.3249040587607, "health_priority_rank": 610 }, "geometry": { "type": "Point", "coordinates": [ -77.0220358, 39.0264084 ] } },
{ "type": "Feature", "properties": { "LocationID": "24033800203", "StateAbbr": "MD", "CountyName": "Prince George's", "CountyFIPS": 24033, "lon": -76.899811, "lat": 39.1017126, "TotalPopulation": 4883, "chronic_disease_burden_score": 0.42140110986862478, "preventive_care_gap_score": -0.3292037335752972, "health_need_score": 0.046098688146663791, "need_intensity": 0.26263322332075595, "priority_weighted_population": 1282.4380294752514, "health_priority_rank": 611 }, "geometry": { "type": "Point", "coordinates": [ -76.899811, 39.1017126 ] } },
{ "type": "Feature", "properties": { "LocationID": "51107610506", "StateAbbr": "VA", "CountyName": "Loudoun", "CountyFIPS": 51107, "lon": -77.5260435, "lat": 39.0894872, "TotalPopulation": 5646, "chronic_disease_burden_score": -0.31594279405054104, "preventive_care_gap_score": 0.40710942284217155, "health_need_score": 0.045583314395815255, "need_intensity": 0.26249378157473563, "priority_weighted_population": 1482.0398907709573, "health_priority_rank": 612 }, "geometry": { "type": "Point", "coordinates": [ -77.5260435, 39.0894872 ] } },
{ "type": "Feature", "properties": { "LocationID": "24033801404", "StateAbbr": "MD", "CountyName": "Prince George's", "CountyFIPS": 24033, "lon": -77.0222938, "lat": 38.7909435, "TotalPopulation": 6585, "chronic_disease_burden_score": 0.25325286013344156, "preventive_care_gap_score": -0.16490813510375391, "health_need_score": 0.044172362514843827, "need_intensity": 0.26211202834514374, "priority_weighted_population": 1726.0077066527715, "health_priority_rank": 613 }, "geometry": { "type": "Point", "coordinates": [ -77.0222938, 38.7909435 ] } },
{ "type": "Feature", "properties": { "LocationID": "51153901229", "StateAbbr": "VA", "CountyName": "Prince William", "CountyFIPS": 51153, "lon": -77.3839385, "lat": 38.6498882, "TotalPopulation": 3983, "chronic_disease_burden_score": -0.033416512331100517, "preventive_care_gap_score": 0.11949990591359604, "health_need_score": 0.043041696791247759, "need_intensity": 0.26180611054780933, "priority_weighted_population": 1042.7737383119245, "health_priority_rank": 614 }, "geometry": { "type": "Point", "coordinates": [ -77.3839385, 38.6498882 ] } },
{ "type": "Feature", "properties": { "LocationID": "51059482206", "StateAbbr": "VA", "CountyName": "Fairfax", "CountyFIPS": 51059, "lon": -77.3478597, "lat": 38.9667029, "TotalPopulation": 1154, "chronic_disease_burden_score": 0.99370737307144996, "preventive_care_gap_score": -0.90800880358179248, "health_need_score": 0.042849284744828742, "need_intensity": 0.26175405071421509, "priority_weighted_population": 302.06417452420419, "health_priority_rank": 615 }, "geometry": { "type": "Point", "coordinates": [ -77.3478597, 38.9667029 ] } },
{ "type": "Feature", "properties": { "LocationID": "24033801313", "StateAbbr": "MD", "CountyName": "Prince George's", "CountyFIPS": 24033, "lon": -76.9832014, "lat": 38.745892, "TotalPopulation": 3229, "chronic_disease_burden_score": 0.51733838455287384, "preventive_care_gap_score": -0.43687444316417062, "health_need_score": 0.04023197069435161, "need_intensity": 0.26104589893023089, "priority_weighted_population": 842.91720764571551, "health_priority_rank": 616 }, "geometry": { "type": "Point", "coordinates": [ -76.9832014, 38.745892 ] } },
{ "type": "Feature", "properties": { "LocationID": "24009860901", "StateAbbr": "MD", "CountyName": "Calvert", "CountyFIPS": 24009, "lon": -76.4536627, "lat": 38.3502934, "TotalPopulation": 4739, "chronic_disease_burden_score": 1.1440494614245098, "preventive_care_gap_score": -1.0652831309784225, "health_need_score": 0.039383165223043637, "need_intensity": 0.26081624245906626, "priority_weighted_population": 1236.008173013515, "health_priority_rank": 617 }, "geometry": { "type": "Point", "coordinates": [ -76.4536627, 38.3502934 ] } },
{ "type": "Feature", "properties": { "LocationID": "51059452501", "StateAbbr": "VA", "CountyName": "Fairfax", "CountyFIPS": 51059, "lon": -77.170137, "lat": 38.8091897, "TotalPopulation": 3912, "chronic_disease_burden_score": 0.093823612825616867, "preventive_care_gap_score": -0.019001580644817297, "health_need_score": 0.037411016090399783, "need_intensity": 0.26028264927932915, "priority_weighted_population": 1018.2257239807357, "health_priority_rank": 618 }, "geometry": { "type": "Point", "coordinates": [ -77.170137, 38.8091897 ] } },
{ "type": "Feature", "properties": { "LocationID": "24009860403", "StateAbbr": "MD", "CountyName": "Calvert", "CountyFIPS": 24009, "lon": -76.5544036, "lat": 38.6894562, "TotalPopulation": 3456, "chronic_disease_burden_score": 0.18142536181310723, "preventive_care_gap_score": -0.11500656599723334, "health_need_score": 0.033209397907936943, "need_intensity": 0.25914584133265223, "priority_weighted_population": 895.60802764564608, "health_priority_rank": 619 }, "geometry": { "type": "Point", "coordinates": [ -76.5544036, 38.6894562 ] } },
{ "type": "Feature", "properties": { "LocationID": "24033800521", "StateAbbr": "MD", "CountyName": "Prince George's", "CountyFIPS": 24033, "lon": -76.7802285, "lat": 38.889193, "TotalPopulation": 7885, "chronic_disease_burden_score": 0.87265507630248507, "preventive_care_gap_score": -0.80628274941935663, "health_need_score": 0.03318616344156422, "need_intensity": 0.25913955491516683, "priority_weighted_population": 2043.3153905060904, "health_priority_rank": 620 }, "geometry": { "type": "Point", "coordinates": [ -76.7802285, 38.889193 ] } },
{ "type": "Feature", "properties": { "LocationID": "24031701425", "StateAbbr": "MD", "CountyName": "Montgomery", "CountyFIPS": 24031, "lon": -76.9597374, "lat": 39.0504895, "TotalPopulation": 3717, "chronic_disease_burden_score": 1.0024950733230673, "preventive_care_gap_score": -0.93743697828274897, "health_need_score": 0.032529047520159171, "need_intensity": 0.25896176279582117, "priority_weighted_population": 962.56087231206732, "health_priority_rank": 621 }, "geometry": { "type": "Point", "coordinates": [ -76.9597374, 39.0504895 ] } },
{ "type": "Feature", "properties": { "LocationID": "24033803526", "StateAbbr": "MD", "CountyName": "Prince George's", "CountyFIPS": 24033, "lon": -76.8055873, "lat": 38.8844633, "TotalPopulation": 3496, "chronic_disease_burden_score": 0.65178265618289133, "preventive_care_gap_score": -0.58751243162340883, "health_need_score": 0.032135112279741251, "need_intensity": 0.25885517797722624, "priority_weighted_population": 904.9577022083829, "health_priority_rank": 622 }, "geometry": { "type": "Point", "coordinates": [ -76.8055873, 38.8844633 ] } },
{ "type": "Feature", "properties": { "LocationID": "24021751802", "StateAbbr": "MD", "CountyName": "Frederick", "CountyFIPS": 24021, "lon": -77.1883485, "lat": 39.4201331, "TotalPopulation": 3823, "chronic_disease_burden_score": 0.56008344968298018, "preventive_care_gap_score": -0.49628230808529433, "health_need_score": 0.031900570798842925, "need_intensity": 0.25879171942203821, "priority_weighted_population": 989.36074335045214, "health_priority_rank": 623 }, "geometry": { "type": "Point", "coordinates": [ -77.1883485, 39.4201331 ] } },
{ "type": "Feature", "properties": { "LocationID": "51153900702", "StateAbbr": "VA", "CountyName": "Prince William", "CountyFIPS": 51153, "lon": -77.2636848, "lat": 38.6182696, "TotalPopulation": 8133, "chronic_disease_burden_score": -0.29881647693972285, "preventive_care_gap_score": 0.36173693013845137, "health_need_score": 0.03146022659936426, "need_intensity": 0.25867257799521132, "priority_weighted_population": 2103.7840768350538, "health_priority_rank": 624 }, "geometry": { "type": "Point", "coordinates": [ -77.2636848, 38.6182696 ] } },
{ "type": "Feature", "properties": { "LocationID": "51179010108", "StateAbbr": "VA", "CountyName": "Stafford", "CountyFIPS": 51179, "lon": -77.3783942, "lat": 38.4821465, "TotalPopulation": 6426, "chronic_disease_burden_score": 0.096215615608427785, "preventive_care_gap_score": -0.034747656743503497, "health_need_score": 0.030733979432462144, "need_intensity": 0.25847608142776218, "priority_weighted_population": 1660.9672992547999, "health_priority_rank": 625 }, "geometry": { "type": "Point", "coordinates": [ -77.3783942, 38.4821465 ] } },
{ "type": "Feature", "properties": { "LocationID": "24017850713", "StateAbbr": "MD", "CountyName": "Charles", "CountyFIPS": 24017, "lon": -76.9892567, "lat": 38.6280827, "TotalPopulation": 9599, "chronic_disease_burden_score": 0.15951584251029208, "preventive_care_gap_score": -0.10645595816452515, "health_need_score": 0.026529942172883465, "need_intensity": 0.25733861896514182, "priority_weighted_population": 2470.1934034463961, "health_priority_rank": 626 }, "geometry": { "type": "Point", "coordinates": [ -76.9892567, 38.6280827 ] } },
{ "type": "Feature", "properties": { "LocationID": "24033800704", "StateAbbr": "MD", "CountyName": "Prince George's", "CountyFIPS": 24033, "lon": -76.7828533, "lat": 38.7781062, "TotalPopulation": 5406, "chronic_disease_burden_score": 0.40916304144225946, "preventive_care_gap_score": -0.3589318204909287, "health_need_score": 0.025115610475665379, "need_intensity": 0.25695595127788129, "priority_weighted_population": 1389.1038726082263, "health_priority_rank": 627 }, "geometry": { "type": "Point", "coordinates": [ -76.7828533, 38.7781062 ] } },
{ "type": "Feature", "properties": { "LocationID": "24021752802", "StateAbbr": "MD", "CountyName": "Frederick", "CountyFIPS": 24021, "lon": -77.5802262, "lat": 39.5384807, "TotalPopulation": 3654, "chronic_disease_burden_score": 0.45577229798348379, "preventive_care_gap_score": -0.40942702281234078, "health_need_score": 0.023172637585571504, "need_intensity": 0.25643025214823273, "priority_weighted_population": 936.99614134964236, "health_priority_rank": 628 }, "geometry": { "type": "Point", "coordinates": [ -77.5802262, 39.5384807 ] } },
{ "type": "Feature", "properties": { "LocationID": "51107610702", "StateAbbr": "VA", "CountyName": "Loudoun", "CountyFIPS": 51107, "lon": -77.6972893, "lat": 39.1319347, "TotalPopulation": 6207, "chronic_disease_burden_score": 0.062547406548744841, "preventive_care_gap_score": -0.016436724280057227, "health_need_score": 0.023055341134343807, "need_intensity": 0.25639851591421953, "priority_weighted_population": 1591.4655882795605, "health_priority_rank": 629 }, "geometry": { "type": "Point", "coordinates": [ -77.6972893, 39.1319347 ] } },
{ "type": "Feature", "properties": { "LocationID": "51153901416", "StateAbbr": "VA", "CountyName": "Prince William", "CountyFIPS": 51153, "lon": -77.542824, "lat": 38.7240552, "TotalPopulation": 4984, "chronic_disease_burden_score": -0.13894920422146348, "preventive_care_gap_score": 0.18499402839388562, "health_need_score": 0.023022412086211072, "need_intensity": 0.25638960648885811, "priority_weighted_population": 1277.8457987404688, "health_priority_rank": 630 }, "geometry": { "type": "Point", "coordinates": [ -77.542824, 38.7240552 ] } },
{ "type": "Feature", "properties": { "LocationID": "51153901306", "StateAbbr": "VA", "CountyName": "Prince William", "CountyFIPS": 51153, "lon": -77.4659808, "lat": 38.6721551, "TotalPopulation": 5777, "chronic_disease_burden_score": 0.5102981830003146, "preventive_care_gap_score": -0.46662986102692933, "health_need_score": 0.021834160986692636, "need_intensity": 0.25606810814371617, "priority_weighted_population": 1479.3054607462484, "health_priority_rank": 631 }, "geometry": { "type": "Point", "coordinates": [ -77.4659808, 38.6721551 ] } },
{ "type": "Feature", "properties": { "LocationID": "51153900701", "StateAbbr": "VA", "CountyName": "Prince William", "CountyFIPS": 51153, "lon": -77.2768035, "lat": 38.6208833, "TotalPopulation": 7608, "chronic_disease_burden_score": -0.37414174250688054, "preventive_care_gap_score": 0.41517980783617076, "health_need_score": 0.020519032664645109, "need_intensity": 0.25571228134973389, "priority_weighted_population": 1945.4590365087754, "health_priority_rank": 632 }, "geometry": { "type": "Point", "coordinates": [ -77.2768035, 38.6208833 ] } },
{ "type": "Feature", "properties": { "LocationID": "11001002302", "StateAbbr": "DC", "CountyName": "District of Columbia", "CountyFIPS": 11001, "lon": -77.0095843, "lat": 38.934127, "TotalPopulation": 1762, "chronic_disease_burden_score": 0.79955488268917274, "preventive_care_gap_score": -0.75946563350971452, "health_need_score": 0.02004462458972911, "need_intensity": 0.2555839234537729, "priority_weighted_population": 450.33887312554782, "health_priority_rank": 633 }, "geometry": { "type": "Point", "coordinates": [ -77.0095843, 38.934127 ] } },
{ "type": "Feature", "properties": { "LocationID": "24021775302", "StateAbbr": "MD", "CountyName": "Frederick", "CountyFIPS": 24021, "lon": -77.623296, "lat": 39.3408448, "TotalPopulation": 5722, "chronic_disease_burden_score": 0.21395911164415082, "preventive_care_gap_score": -0.17477589756624742, "health_need_score": 0.0195916070389517, "need_intensity": 0.25546135307032936, "priority_weighted_population": 1461.7498622684245, "health_priority_rank": 634 }, "geometry": { "type": "Point", "coordinates": [ -77.623296, 39.3408448 ] } },
{ "type": "Feature", "properties": { "LocationID": "51153900410", "StateAbbr": "VA", "CountyName": "Prince William", "CountyFIPS": 51153, "lon": -77.3046167, "lat": 38.6195144, "TotalPopulation": 5663, "chronic_disease_burden_score": -0.21823357970181956, "preventive_care_gap_score": 0.25667709018475238, "health_need_score": 0.019221755241466409, "need_intensity": 0.25536128437198141, "priority_weighted_population": 1446.1109533985307, "health_priority_rank": 635 }, "geometry": { "type": "Point", "coordinates": [ -77.3046167, 38.6195144 ] } },
{ "type": "Feature", "properties": { "LocationID": "51059450800", "StateAbbr": "VA", "CountyName": "Fairfax", "CountyFIPS": 51059, "lon": -77.1942345, "lat": 38.8411784, "TotalPopulation": 3483, "chronic_disease_burden_score": 0.057684083179229177, "preventive_care_gap_score": -0.020239006428726773, "health_need_score": 0.018722538375251202, "need_intensity": 0.25522621410238927, "priority_weighted_population": 888.95290371862188, "health_priority_rank": 636 }, "geometry": { "type": "Point", "coordinates": [ -77.1942345, 38.8411784 ] } },
{ "type": "Feature", "properties": { "LocationID": "24021750200", "StateAbbr": "MD", "CountyName": "Frederick", "CountyFIPS": 24021, "lon": -77.4090222, "lat": 39.4157363, "TotalPopulation": 1686, "chronic_disease_burden_score": 0.31915233231142165, "preventive_care_gap_score": -0.28280840588354661, "health_need_score": 0.01817196321393752, "need_intensity": 0.25507724811084898, "priority_weighted_population": 430.06024031489136, "health_priority_rank": 637 }, "geometry": { "type": "Point", "coordinates": [ -77.4090222, 39.4157363 ] } },
{ "type": "Feature", "properties": { "LocationID": "24021752001", "StateAbbr": "MD", "CountyName": "Frederick", "CountyFIPS": 24021, "lon": -77.1772797, "lat": 39.3816577, "TotalPopulation": 4815, "chronic_disease_burden_score": 0.21171317757578142, "preventive_care_gap_score": -0.17876603167849631, "health_need_score": 0.016473572948642559, "need_intensity": 0.25461772431161261, "priority_weighted_population": 1225.9843425604147, "health_priority_rank": 638 }, "geometry": { "type": "Point", "coordinates": [ -77.1772797, 39.3816577 ] } },
{ "type": "Feature", "properties": { "LocationID": "24031700614", "StateAbbr": "MD", "CountyName": "Montgomery", "CountyFIPS": 24031, "lon": -77.2653454, "lat": 39.1532437, "TotalPopulation": 5624, "chronic_disease_burden_score": -0.16744120223446118, "preventive_care_gap_score": 0.19956489721405096, "health_need_score": 0.016061847489794889, "need_intensity": 0.25450632609474916, "priority_weighted_population": 1431.3435779568692, "health_priority_rank": 639 }, "geometry": { "type": "Point", "coordinates": [ -77.2653454, 39.1532437 ] } },
{ "type": "Feature", "properties": { "LocationID": "11001009000", "StateAbbr": "DC", "CountyName": "District of Columbia", "CountyFIPS": 11001, "lon": -76.9545101, "lat": 38.9226934, "TotalPopulation": 4676, "chronic_disease_burden_score": 0.62454444976098078, "preventive_care_gap_score": -0.59275349910371089, "health_need_score": 0.015895475328634945, "need_intensity": 0.25446131172488046, "priority_weighted_population": 1189.8610936255411, "health_priority_rank": 640 }, "geometry": { "type": "Point", "coordinates": [ -76.9545101, 38.9226934 ] } },
{ "type": "Feature", "properties": { "LocationID": "24021740200", "StateAbbr": "MD", "CountyName": "Frederick", "CountyFIPS": 24021, "lon": -77.3629588, "lat": 39.4923785, "TotalPopulation": 5027, "chronic_disease_burden_score": 0.44304829687091191, "preventive_care_gap_score": -0.41778632450857422, "health_need_score": 0.012630986181168841, "need_intensity": 0.25357805745390227, "priority_weighted_population": 1274.7368948207668, "health_priority_rank": 641 }, "geometry": { "type": "Point", "coordinates": [ -77.3629588, 39.4923785 ] } },
{ "type": "Feature", "properties": { "LocationID": "51059440503", "StateAbbr": "VA", "CountyName": "Fairfax", "CountyFIPS": 51059, "lon": -77.307044, "lat": 38.830907, "TotalPopulation": 6817, "chronic_disease_burden_score": -1.6425781523319278, "preventive_care_gap_score": 1.6675564288077827, "health_need_score": 0.012489138237927411, "need_intensity": 0.25353967846226289, "priority_weighted_population": 1728.379988077246, "health_priority_rank": 642 }, "geometry": { "type": "Point", "coordinates": [ -77.307044, 38.830907 ] } },
{ "type": "Feature", "properties": { "LocationID": "24033804700", "StateAbbr": "MD", "CountyName": "Prince George's", "CountyFIPS": 24033, "lon": -76.9626213, "lat": 38.9398245, "TotalPopulation": 3537, "chronic_disease_burden_score": -0.067347999002847658, "preventive_care_gap_score": 0.092201116055875609, "health_need_score": 0.012426558526513976, "need_intensity": 0.25352274662549285, "priority_weighted_population": 896.70995481436819, "health_priority_rank": 643 }, "geometry": { "type": "Point", "coordinates": [ -76.9626213, 38.9398245 ] } },
{ "type": "Feature", "properties": { "LocationID": "24017850708", "StateAbbr": "MD", "CountyName": "Charles", "CountyFIPS": 24017, "lon": -76.9353838, "lat": 38.6477177, "TotalPopulation": 5281, "chronic_disease_burden_score": 0.29377548362293804, "preventive_care_gap_score": -0.2694705432090258, "health_need_score": 0.012152470206956117, "need_intensity": 0.25344858810698079, "priority_weighted_population": 1338.4619937929656, "health_priority_rank": 644 }, "geometry": { "type": "Point", "coordinates": [ -76.9353838, 38.6477177 ] } },
{ "type": "Feature", "properties": { "LocationID": "51013102100", "StateAbbr": "VA", "CountyName": "Arlington", "CountyFIPS": 51013, "lon": -77.1247567, "lat": 38.8635511, "TotalPopulation": 2325, "chronic_disease_burden_score": 0.63902692074795597, "preventive_care_gap_score": -0.61561266646099388, "health_need_score": 0.011707127143481044, "need_intensity": 0.25332809416593943, "priority_weighted_population": 588.98781893580917, "health_priority_rank": 645 }, "geometry": { "type": "Point", "coordinates": [ -77.1247567, 38.8635511 ] } },
{ "type": "Feature", "properties": { "LocationID": "24017850201", "StateAbbr": "MD", "CountyName": "Charles", "CountyFIPS": 24017, "lon": -77.201418, "lat": 38.5657919, "TotalPopulation": 972, "chronic_disease_burden_score": -0.79672142539467283, "preventive_care_gap_score": 0.81754396544846686, "health_need_score": 0.010411270026897013, "need_intensity": 0.25297748147246835, "priority_weighted_population": 245.89411199123924, "health_priority_rank": 646 }, "geometry": { "type": "Point", "coordinates": [ -77.201418, 38.5657919 ] } },
{ "type": "Feature", "properties": { "LocationID": "24033800607", "StateAbbr": "MD", "CountyName": "Prince George's", "CountyFIPS": 24033, "lon": -76.7754842, "lat": 38.8552574, "TotalPopulation": 6200, "chronic_disease_burden_score": 0.66381256277466649, "preventive_care_gap_score": -0.6434487986957439, "health_need_score": 0.010181882039461299, "need_intensity": 0.25291541726871042, "priority_weighted_population": 1568.0755870660046, "health_priority_rank": 647 }, "geometry": { "type": "Point", "coordinates": [ -76.7754842, 38.8552574 ] } },
{ "type": "Feature", "properties": { "LocationID": "24033800105", "StateAbbr": "MD", "CountyName": "Prince George's", "CountyFIPS": 24033, "lon": -76.8746806, "lat": 39.1059782, "TotalPopulation": 4238, "chronic_disease_burden_score": 0.0063996104647941416, "preventive_care_gap_score": 0.0054467034458058859, "health_need_score": 0.0059231569553000133, "need_intensity": 0.2517631582322768, "priority_weighted_population": 1066.972264588389, "health_priority_rank": 648 }, "geometry": { "type": "Point", "coordinates": [ -76.8746806, 39.1059782 ] } },
{ "type": "Feature", "properties": { "LocationID": "24031703800", "StateAbbr": "MD", "CountyName": "Montgomery", "CountyFIPS": 24031, "lon": -77.054713, "lat": 39.03606, "TotalPopulation": 4126, "chronic_disease_burden_score": -0.46628770267953268, "preventive_care_gap_score": 0.47679765046445305, "health_need_score": 0.0052549738924601852, "need_intensity": 0.25158237173938658, "priority_weighted_population": 1038.0288657967089, "health_priority_rank": 649 }, "geometry": { "type": "Point", "coordinates": [ -77.054713, 39.03606 ] } },
{ "type": "Feature", "properties": { "LocationID": "51013102001", "StateAbbr": "VA", "CountyName": "Arlington", "CountyFIPS": 51013, "lon": -77.1106161, "lat": 38.8753997, "TotalPopulation": 2802, "chronic_disease_burden_score": -0.58243035525002351, "preventive_care_gap_score": 0.58711426110104192, "health_need_score": 0.0023419529255092053, "need_intensity": 0.25079421221601805, "priority_weighted_population": 702.72538262928254, "health_priority_rank": 650 }, "geometry": { "type": "Point", "coordinates": [ -77.1106161, 38.8753997 ] } },
{ "type": "Feature", "properties": { "LocationID": "24033801905", "StateAbbr": "MD", "CountyName": "Prince George's", "CountyFIPS": 24033, "lon": -76.9093403, "lat": 38.8259053, "TotalPopulation": 6771, "chronic_disease_burden_score": 0.15172067582245125, "preventive_care_gap_score": -0.14895155254216669, "health_need_score": 0.0013845616401422789, "need_intensity": 0.25053517629842154, "priority_weighted_population": 1696.3736787166122, "health_priority_rank": 651 }, "geometry": { "type": "Point", "coordinates": [ -76.9093403, 38.8259053 ] } },
{ "type": "Feature", "properties": { "LocationID": "51059420502", "StateAbbr": "VA", "CountyName": "Fairfax", "CountyFIPS": 51059, "lon": -77.0694402, "lat": 38.7911821, "TotalPopulation": 2516, "chronic_disease_burden_score": 0.25169403089023989, "preventive_care_gap_score": -0.25073423804381617, "health_need_score": 0.00047989642321186188, "need_intensity": 0.2502904061734299, "priority_weighted_population": 629.73066193234968, "health_priority_rank": 652 }, "geometry": { "type": "Point", "coordinates": [ -77.0694402, 38.7911821 ] } },
{ "type": "Feature", "properties": { "LocationID": "24031700208", "StateAbbr": "MD", "CountyName": "Montgomery", "CountyFIPS": 24031, "lon": -77.1777758, "lat": 39.2905405, "TotalPopulation": 2433, "chronic_disease_burden_score": 0.10391810264454611, "preventive_care_gap_score": -0.10808814158346623, "health_need_score": -0.0020850194694600616, "need_intensity": 0.24959643146113508, "priority_weighted_population": 607.26811774494161, "health_priority_rank": 653 }, "geometry": { "type": "Point", "coordinates": [ -77.1777758, 39.2905405 ] } },
{ "type": "Feature", "properties": { "LocationID": "51153901232", "StateAbbr": "VA", "CountyName": "Prince William", "CountyFIPS": 51153, "lon": -77.4408887, "lat": 38.7197605, "TotalPopulation": 5839, "chronic_disease_burden_score": -0.080564459287700882, "preventive_care_gap_score": 0.075307888491954703, "health_need_score": -0.0026282853978730897, "need_intensity": 0.24944944308718991, "priority_weighted_population": 1456.535298186102, "health_priority_rank": 654 }, "geometry": { "type": "Point", "coordinates": [ -77.4408887, 38.7197605 ] } },
{ "type": "Feature", "properties": { "LocationID": "24033800217", "StateAbbr": "MD", "CountyName": "Prince George's", "CountyFIPS": 24033, "lon": -76.8493195, "lat": 39.0546111, "TotalPopulation": 4776, "chronic_disease_burden_score": 0.10326705475676677, "preventive_care_gap_score": -0.10942868028819067, "health_need_score": -0.0030808127657119475, "need_intensity": 0.24932700532975749, "priority_weighted_population": 1190.7857774549218, "health_priority_rank": 655 }, "geometry": { "type": "Point", "coordinates": [ -76.8493195, 39.0546111 ] } },
{ "type": "Feature", "properties": { "LocationID": "51153900408", "StateAbbr": "VA", "CountyName": "Prince William", "CountyFIPS": 51153, "lon": -77.3366721, "lat": 38.6270493, "TotalPopulation": 4700, "chronic_disease_burden_score": -0.017764585531660139, "preventive_care_gap_score": 0.0097097556758234272, "health_need_score": -0.0040274149279183559, "need_intensity": 0.24907088856388157, "priority_weighted_population": 1170.6331762502434, "health_priority_rank": 656 }, "geometry": { "type": "Point", "coordinates": [ -77.3366721, 38.6270493 ] } },
{ "type": "Feature", "properties": { "LocationID": "24033800520", "StateAbbr": "MD", "CountyName": "Prince George's", "CountyFIPS": 24033, "lon": -76.722106, "lat": 38.9394397, "TotalPopulation": 2440, "chronic_disease_burden_score": 0.33705622347691677, "preventive_care_gap_score": -0.34621963989101945, "health_need_score": -0.0045817082070513382, "need_intensity": 0.24892091658233931, "priority_weighted_population": 607.36703646090791, "health_priority_rank": 657 }, "geometry": { "type": "Point", "coordinates": [ -76.722106, 38.9394397 ] } },
{ "type": "Feature", "properties": { "LocationID": "51013102301", "StateAbbr": "VA", "CountyName": "Arlington", "CountyFIPS": 51013, "lon": -77.1054262, "lat": 38.8664141, "TotalPopulation": 1734, "chronic_disease_burden_score": 0.0012681690993725061, "preventive_care_gap_score": -0.012072750150240544, "health_need_score": -0.0054022905254340189, "need_intensity": 0.24869889628922137, "priority_weighted_population": 431.24388616550988, "health_priority_rank": 658 }, "geometry": { "type": "Point", "coordinates": [ -77.1054262, 38.8664141 ] } },
{ "type": "Feature", "properties": { "LocationID": "24033802201", "StateAbbr": "MD", "CountyName": "Prince George's", "CountyFIPS": 24033, "lon": -76.8539783, "lat": 38.8479982, "TotalPopulation": 4215, "chronic_disease_burden_score": -0.036961710708259418, "preventive_care_gap_score": 0.023027087631276321, "health_need_score": -0.0069673115384915486, "need_intensity": 0.24827545745039828, "priority_weighted_population": 1046.4810531534288, "health_priority_rank": 659 }, "geometry": { "type": "Point", "coordinates": [ -76.8539783, 38.8479982 ] } },
{ "type": "Feature", "properties": { "LocationID": "51059491602", "StateAbbr": "VA", "CountyName": "Fairfax", "CountyFIPS": 51059, "lon": -77.4181238, "lat": 38.8816575, "TotalPopulation": 5310, "chronic_disease_burden_score": -0.16169928567695868, "preventive_care_gap_score": 0.1466084419923922, "health_need_score": -0.0075454218422832398, "need_intensity": 0.24811904143188682, "priority_weighted_population": 1317.5121100033191, "health_priority_rank": 660 }, "geometry": { "type": "Point", "coordinates": [ -77.4181238, 38.8816575 ] } },
{ "type": "Feature", "properties": { "LocationID": "24033807301", "StateAbbr": "MD", "CountyName": "Prince George's", "CountyFIPS": 24033, "lon": -76.9438518, "lat": 39.0107603, "TotalPopulation": 3693, "chronic_disease_burden_score": -0.58273437375950154, "preventive_care_gap_score": 0.56490394513399078, "health_need_score": -0.0089152143127553818, "need_intensity": 0.24774842447001474, "priority_weighted_population": 914.93493156776447, "health_priority_rank": 661 }, "geometry": { "type": "Point", "coordinates": [ -76.9438518, 39.0107603 ] } },
{ "type": "Feature", "properties": { "LocationID": "24017850600", "StateAbbr": "MD", "CountyName": "Charles", "CountyFIPS": 24017, "lon": -77.0933062, "lat": 38.5266341, "TotalPopulation": 4546, "chronic_disease_burden_score": 0.58271916446605454, "preventive_care_gap_score": -0.60116790079673565, "health_need_score": -0.0092243681653405574, "need_intensity": 0.24766477846956864, "priority_weighted_population": 1125.884082922659, "health_priority_rank": 662 }, "geometry": { "type": "Point", "coordinates": [ -77.0933062, 38.5266341 ] } },
{ "type": "Feature", "properties": { "LocationID": "51153900905", "StateAbbr": "VA", "CountyName": "Prince William", "CountyFIPS": 51153, "lon": -77.3178651, "lat": 38.5412028, "TotalPopulation": 5628, "chronic_disease_burden_score": 0.14595925699968434, "preventive_care_gap_score": -0.16512048931445181, "health_need_score": -0.0095806161573837312, "need_intensity": 0.24756839047552559, "priority_weighted_population": 1393.3149015962581, "health_priority_rank": 663 }, "geometry": { "type": "Point", "coordinates": [ -77.3178651, 38.5412028 ] } },
{ "type": "Feature", "properties": { "LocationID": "24021752303", "StateAbbr": "MD", "CountyName": "Frederick", "CountyFIPS": 24021, "lon": -77.4977232, "lat": 39.3099211, "TotalPopulation": 3606, "chronic_disease_burden_score": 0.15829622166598234, "preventive_care_gap_score": -0.17867662407995835, "health_need_score": -0.010190201206988006, "need_intensity": 0.2474034585139642, "priority_weighted_population": 892.13687140135494, "health_priority_rank": 664 }, "geometry": { "type": "Point", "coordinates": [ -77.4977232, 39.3099211 ] } },
{ "type": "Feature", "properties": { "LocationID": "51153901234", "StateAbbr": "VA", "CountyName": "Prince William", "CountyFIPS": 51153, "lon": -77.4083755, "lat": 38.647253, "TotalPopulation": 3385, "chronic_disease_burden_score": 0.38265596658742285, "preventive_care_gap_score": -0.40647429671908786, "health_need_score": -0.011909165065832505, "need_intensity": 0.24693836823447587, "priority_weighted_population": 835.88637647370081, "health_priority_rank": 665 }, "geometry": { "type": "Point", "coordinates": [ -77.4083755, 38.647253 ] } },
{ "type": "Feature", "properties": { "LocationID": "51153901222", "StateAbbr": "VA", "CountyName": "Prince William", "CountyFIPS": 51153, "lon": -77.3053328, "lat": 38.6995521, "TotalPopulation": 2654, "chronic_disease_burden_score": -0.085109617587766959, "preventive_care_gap_score": 0.059428742156688155, "health_need_score": -0.012840437715539402, "need_intensity": 0.24668639908765322, "priority_weighted_population": 654.70570317863167, "health_priority_rank": 666 }, "geometry": { "type": "Point", "coordinates": [ -77.3053328, 38.6995521 ] } },
{ "type": "Feature", "properties": { "LocationID": "51107610601", "StateAbbr": "VA", "CountyName": "Loudoun", "CountyFIPS": 51107, "lon": -77.5952768, "lat": 39.0965719, "TotalPopulation": 7193, "chronic_disease_burden_score": 0.14134459551092773, "preventive_care_gap_score": -0.16952455031151281, "health_need_score": -0.014089977400292539, "need_intensity": 0.24634831823841175, "priority_weighted_population": 1771.9834530888957, "health_priority_rank": 667 }, "geometry": { "type": "Point", "coordinates": [ -77.5952768, 39.0965719 ] } },
{ "type": "Feature", "properties": { "LocationID": "24031701503", "StateAbbr": "MD", "CountyName": "Montgomery", "CountyFIPS": 24031, "lon": -76.9902806, "lat": 39.0601655, "TotalPopulation": 7440, "chronic_disease_burden_score": 0.3565158381881085, "preventive_care_gap_score": -0.38561443467242307, "health_need_score": -0.014549298242157283, "need_intensity": 0.24622404240933102, "priority_weighted_population": 1831.9068755254227, "health_priority_rank": 668 }, "geometry": { "type": "Point", "coordinates": [ -76.9902806, 39.0601655 ] } },
{ "type": "Feature", "properties": { "LocationID": "51107610400", "StateAbbr": "VA", "CountyName": "Loudoun", "CountyFIPS": 51107, "lon": -77.5641223, "lat": 39.1353356, "TotalPopulation": 4695, "chronic_disease_burden_score": 0.5085184806065407, "preventive_care_gap_score": -0.54199084262824193, "health_need_score": -0.016736181010850615, "need_intensity": 0.24563234997038502, "priority_weighted_population": 1153.2438831109578, "health_priority_rank": 669 }, "geometry": { "type": "Point", "coordinates": [ -77.5641223, 39.1353356 ] } },
{ "type": "Feature", "properties": { "LocationID": "51510200301", "StateAbbr": "VA", "CountyName": "Alexandria", "CountyFIPS": 51510, "lon": -77.1164683, "lat": 38.8260946, "TotalPopulation": 3333, "chronic_disease_burden_score": -0.4142249953411406, "preventive_care_gap_score": 0.3805277293007252, "health_need_score": -0.016848633020207698, "need_intensity": 0.24560192446946957, "priority_weighted_population": 818.59121425674209, "health_priority_rank": 670 }, "geometry": { "type": "Point", "coordinates": [ -77.1164683, 38.8260946 ] } },
{ "type": "Feature", "properties": { "LocationID": "51153901417", "StateAbbr": "VA", "CountyName": "Prince William", "CountyFIPS": 51153, "lon": -77.6157075, "lat": 38.72553, "TotalPopulation": 3427, "chronic_disease_burden_score": 0.20705987488450833, "preventive_care_gap_score": -0.2410122025770873, "health_need_score": -0.016976163846289485, "need_intensity": 0.24556741917883149, "priority_weighted_population": 841.55954552585547, "health_priority_rank": 671 }, "geometry": { "type": "Point", "coordinates": [ -77.6157075, 38.72553 ] } },
{ "type": "Feature", "properties": { "LocationID": "24033800213", "StateAbbr": "MD", "CountyName": "Prince George's", "CountyFIPS": 24033, "lon": -76.8633956, "lat": 39.0861685, "TotalPopulation": 4826, "chronic_disease_burden_score": -0.094139592559576921, "preventive_care_gap_score": 0.056275266910936601, "health_need_score": -0.01893216282432016, "need_intensity": 0.24503819565461923, "priority_weighted_population": 1182.5543322291924, "health_priority_rank": 672 }, "geometry": { "type": "Point", "coordinates": [ -76.8633956, 39.0861685 ] } },
{ "type": "Feature", "properties": { "LocationID": "51059421900", "StateAbbr": "VA", "CountyName": "Fairfax", "CountyFIPS": 51059, "lon": -77.1530607, "lat": 38.7275332, "TotalPopulation": 2916, "chronic_disease_burden_score": -1.0645033379993987, "preventive_care_gap_score": 1.025477603745365, "health_need_score": -0.019512867127016831, "need_intensity": 0.24488107779257018, "priority_weighted_population": 714.07322284313466, "health_priority_rank": 673 }, "geometry": { "type": "Point", "coordinates": [ -77.1530607, 38.7275332 ] } },
{ "type": "Feature", "properties": { "LocationID": "51510200108", "StateAbbr": "VA", "CountyName": "Alexandria", "CountyFIPS": 51510, "lon": -77.1385626, "lat": 38.8173144, "TotalPopulation": 1667, "chronic_disease_burden_score": -0.018519909887788309, "preventive_care_gap_score": -0.021277025132018328, "health_need_score": -0.019898467509903317, "need_intensity": 0.2447767480889963, "priority_weighted_population": 408.04283906435683, "health_priority_rank": 674 }, "geometry": { "type": "Point", "coordinates": [ -77.1385626, 38.8173144 ] } },
{ "type": "Feature", "properties": { "LocationID": "24031701408", "StateAbbr": "MD", "CountyName": "Montgomery", "CountyFIPS": 24031, "lon": -76.9696305, "lat": 39.1262319, "TotalPopulation": 6706, "chronic_disease_burden_score": 0.24541157622540674, "preventive_care_gap_score": -0.2854795578031506, "health_need_score": -0.020033990788871928, "need_intensity": 0.24474008032581537, "priority_weighted_population": 1641.2269786649179, "health_priority_rank": 675 }, "geometry": { "type": "Point", "coordinates": [ -76.9696305, 39.1262319 ] } },
{ "type": "Feature", "properties": { "LocationID": "51059490104", "StateAbbr": "VA", "CountyName": "Fairfax", "CountyFIPS": 51059, "lon": -77.463638, "lat": 38.9019912, "TotalPopulation": 3504, "chronic_disease_burden_score": -0.27688140760652247, "preventive_care_gap_score": 0.23629465007297071, "health_need_score": -0.02029337876677588, "need_intensity": 0.24466989919517756, "priority_weighted_population": 857.32332677990223, "health_priority_rank": 676 }, "geometry": { "type": "Point", "coordinates": [ -77.463638, 38.9019912 ] } },
{ "type": "Feature", "properties": { "LocationID": "11001001901", "StateAbbr": "DC", "CountyName": "District of Columbia", "CountyFIPS": 11001, "lon": -77.0236327, "lat": 38.9646853, "TotalPopulation": 4206, "chronic_disease_burden_score": 0.01077317273206092, "preventive_care_gap_score": -0.055424255711779252, "health_need_score": -0.022325541489859164, "need_intensity": 0.24412006847943471, "priority_weighted_population": 1026.7690080245025, "health_priority_rank": 677 }, "geometry": { "type": "Point", "coordinates": [ -77.0236327, 38.9646853 ] } },
{ "type": "Feature", "properties": { "LocationID": "24033801215", "StateAbbr": "MD", "CountyName": "Prince George's", "CountyFIPS": 24033, "lon": -76.8483924, "lat": 38.7650152, "TotalPopulation": 2860, "chronic_disease_burden_score": 0.31157469043305108, "preventive_care_gap_score": -0.35807433678322048, "health_need_score": -0.0232498231750847, "need_intensity": 0.24386999083813021, "priority_weighted_population": 697.46817379705237, "health_priority_rank": 678 }, "geometry": { "type": "Point", "coordinates": [ -76.8483924, 38.7650152 ] } },
{ "type": "Feature", "properties": { "LocationID": "51059420600", "StateAbbr": "VA", "CountyName": "Fairfax", "CountyFIPS": 51059, "lon": -77.0806525, "lat": 38.788465, "TotalPopulation": 4911, "chronic_disease_burden_score": -0.38785524098012425, "preventive_care_gap_score": 0.34103781172187408, "health_need_score": -0.023408714629125082, "need_intensity": 0.24382700048066128, "priority_weighted_population": 1197.4343993605276, "health_priority_rank": 679 }, "geometry": { "type": "Point", "coordinates": [ -77.0806525, 38.788465 ] } },
{ "type": "Feature", "properties": { "LocationID": "51107611205", "StateAbbr": "VA", "CountyName": "Loudoun", "CountyFIPS": 51107, "lon": -77.3786571, "lat": 39.0252724, "TotalPopulation": 6018, "chronic_disease_burden_score": -0.30386775922779491, "preventive_care_gap_score": 0.25577059062931268, "health_need_score": -0.024048584299241116, "need_intensity": 0.2436538745814871, "priority_weighted_population": 1466.3090172313894, "health_priority_rank": 680 }, "geometry": { "type": "Point", "coordinates": [ -77.3786571, 39.0252724 ] } },
{ "type": "Feature", "properties": { "LocationID": "51059480902", "StateAbbr": "VA", "CountyName": "Fairfax", "CountyFIPS": 51059, "lon": -77.38397, "lat": 38.9604345, "TotalPopulation": 4211, "chronic_disease_burden_score": -0.27449936614653364, "preventive_care_gap_score": 0.2262509477072342, "health_need_score": -0.024124209219649723, "need_intensity": 0.24363341317667736, "priority_weighted_population": 1025.9403028869883, "health_priority_rank": 681 }, "geometry": { "type": "Point", "coordinates": [ -77.38397, 38.9604345 ] } },
{ "type": "Feature", "properties": { "LocationID": "51013101804", "StateAbbr": "VA", "CountyName": "Arlington", "CountyFIPS": 51013, "lon": -77.0879512, "lat": 38.8866986, "TotalPopulation": 2215, "chronic_disease_burden_score": -0.76268758782620372, "preventive_care_gap_score": 0.71130461045123838, "health_need_score": -0.025691488687482666, "need_intensity": 0.24320936328058432, "priority_weighted_population": 538.70873966649424, "health_priority_rank": 682 }, "geometry": { "type": "Point", "coordinates": [ -77.0879512, 38.8866986 ] } },
{ "type": "Feature", "properties": { "LocationID": "24033800507", "StateAbbr": "MD", "CountyName": "Prince George's", "CountyFIPS": 24033, "lon": -76.7062714, "lat": 38.9064512, "TotalPopulation": 3967, "chronic_disease_burden_score": 0.27050818490203937, "preventive_care_gap_score": -0.32226996281622339, "health_need_score": -0.025880888957092008, "need_intensity": 0.24315811832632039, "priority_weighted_population": 964.60825540051303, "health_priority_rank": 683 }, "geometry": { "type": "Point", "coordinates": [ -76.7062714, 38.9064512 ] } },
{ "type": "Feature", "properties": { "LocationID": "11001009503", "StateAbbr": "DC", "CountyName": "District of Columbia", "CountyFIPS": 11001, "lon": -76.9845276, "lat": 38.9434458, "TotalPopulation": 3106, "chronic_disease_burden_score": 0.46255194427427604, "preventive_care_gap_score": -0.51453554923286671, "health_need_score": -0.025991802479295334, "need_intensity": 0.2431281090851283, "priority_weighted_population": 755.15590681840854, "health_priority_rank": 684 }, "geometry": { "type": "Point", "coordinates": [ -76.9845276, 38.9434458 ] } },
{ "type": "Feature", "properties": { "LocationID": "24031701703", "StateAbbr": "MD", "CountyName": "Montgomery", "CountyFIPS": 24031, "lon": -76.9911737, "lat": 38.9844888, "TotalPopulation": 3719, "chronic_disease_burden_score": 0.015653668210084872, "preventive_care_gap_score": -0.070724818702313119, "health_need_score": -0.027535575246114122, "need_intensity": 0.24271041926350004, "priority_weighted_population": 902.64004924095661, "health_priority_rank": 685 }, "geometry": { "type": "Point", "coordinates": [ -76.9911737, 38.9844888 ] } },
{ "type": "Feature", "properties": { "LocationID": "11001009903", "StateAbbr": "DC", "CountyName": "District of Columbia", "CountyFIPS": 11001, "lon": -76.9212121, "lat": 38.888318, "TotalPopulation": 2004, "chronic_disease_burden_score": 0.036973363876619779, "preventive_care_gap_score": -0.093884707395219147, "health_need_score": -0.028455671759299684, "need_intensity": 0.24246147398040296, "priority_weighted_population": 485.89279385672756, "health_priority_rank": 686 }, "geometry": { "type": "Point", "coordinates": [ -76.9212121, 38.888318 ] } },
{ "type": "Feature", "properties": { "LocationID": "24031700728", "StateAbbr": "MD", "CountyName": "Montgomery", "CountyFIPS": 24031, "lon": -77.1761624, "lat": 39.1271568, "TotalPopulation": 2043, "chronic_disease_burden_score": 0.010655787380903616, "preventive_care_gap_score": -0.069143780026012139, "health_need_score": -0.029243996322554262, "need_intensity": 0.24224818148471428, "priority_weighted_population": 494.91303477327125, "health_priority_rank": 687 }, "geometry": { "type": "Point", "coordinates": [ -77.1761624, 39.1271568 ] } },
{ "type": "Feature", "properties": { "LocationID": "24033803512", "StateAbbr": "MD", "CountyName": "Prince George's", "CountyFIPS": 24033, "lon": -76.8295131, "lat": 38.8768597, "TotalPopulation": 6711, "chronic_disease_burden_score": 0.41742706503030241, "preventive_care_gap_score": -0.47971436613646556, "health_need_score": -0.031143650553081575, "need_intensity": 0.24173420283853086, "priority_weighted_population": 1622.2782352493807, "health_priority_rank": 688 }, "geometry": { "type": "Point", "coordinates": [ -76.8295131, 38.8768597 ] } },
{ "type": "Feature", "properties": { "LocationID": "51107611002", "StateAbbr": "VA", "CountyName": "Loudoun", "CountyFIPS": 51107, "lon": -77.4557941, "lat": 39.0642268, "TotalPopulation": 4736, "chronic_disease_burden_score": -0.49618251548347186, "preventive_care_gap_score": 0.43335865892954956, "health_need_score": -0.031411928276961154, "need_intensity": 0.24166161645985998, "priority_weighted_population": 1144.5094155538968, "health_priority_rank": 689 }, "geometry": { "type": "Point", "coordinates": [ -77.4557941, 39.0642268 ] } },
{ "type": "Feature", "properties": { "LocationID": "24021751903", "StateAbbr": "MD", "CountyName": "Frederick", "CountyFIPS": 24021, "lon": -77.2391448, "lat": 39.3607925, "TotalPopulation": 6485, "chronic_disease_burden_score": 0.43969853555233668, "preventive_care_gap_score": -0.50371961190961401, "health_need_score": -0.032010538178638664, "need_intensity": 0.24149965398168269, "priority_weighted_population": 1566.1252560712123, "health_priority_rank": 690 }, "geometry": { "type": "Point", "coordinates": [ -77.2391448, 39.3607925 ] } },
{ "type": "Feature", "properties": { "LocationID": "24033800401", "StateAbbr": "MD", "CountyName": "Prince George's", "CountyFIPS": 24033, "lon": -76.7251021, "lat": 38.9947113, "TotalPopulation": 2592, "chronic_disease_burden_score": 0.34985128778036934, "preventive_care_gap_score": -0.41497738185139055, "health_need_score": -0.032563047035510606, "need_intensity": 0.24135016480112767, "priority_weighted_population": 625.57962716452289, "health_priority_rank": 691 }, "geometry": { "type": "Point", "coordinates": [ -76.7251021, 38.9947113 ] } },
{ "type": "Feature", "properties": { "LocationID": "24033800705", "StateAbbr": "MD", "CountyName": "Prince George's", "CountyFIPS": 24033, "lon": -76.7865355, "lat": 38.761088, "TotalPopulation": 4236, "chronic_disease_burden_score": 0.49424152814881323, "preventive_care_gap_score": -0.56003827098527537, "health_need_score": -0.03289837141823107, "need_intensity": 0.24125943798911459, "priority_weighted_population": 1021.9749793218894, "health_priority_rank": 692 }, "geometry": { "type": "Point", "coordinates": [ -76.7865355, 38.761088 ] } },
{ "type": "Feature", "properties": { "LocationID": "51107610800", "StateAbbr": "VA", "CountyName": "Loudoun", "CountyFIPS": 51107, "lon": -77.7905205, "lat": 39.0477448, "TotalPopulation": 6657, "chronic_disease_burden_score": 0.58192159998338755, "preventive_care_gap_score": -0.64860326270517765, "health_need_score": -0.033340831360895051, "need_intensity": 0.24113972411768142, "priority_weighted_population": 1605.2671434514052, "health_priority_rank": 693 }, "geometry": { "type": "Point", "coordinates": [ -77.7905205, 39.0477448 ] } },
{ "type": "Feature", "properties": { "LocationID": "51510200600", "StateAbbr": "VA", "CountyName": "Alexandria", "CountyFIPS": 51510, "lon": -77.0985375, "lat": 38.8074359, "TotalPopulation": 4731, "chronic_disease_burden_score": -0.014298275220223448, "preventive_care_gap_score": -0.052718077074524188, "health_need_score": -0.033508176147373815, "need_intensity": 0.24109444659010928, "priority_weighted_population": 1140.6178268178071, "health_priority_rank": 694 }, "geometry": { "type": "Point", "coordinates": [ -77.0985375, 38.8074359 ] } },
{ "type": "Feature", "properties": { "LocationID": "24033800206", "StateAbbr": "MD", "CountyName": "Prince George's", "CountyFIPS": 24033, "lon": -76.8264852, "lat": 39.0425507, "TotalPopulation": 4272, "chronic_disease_burden_score": 0.083984315443266386, "preventive_care_gap_score": -0.15117951551507422, "health_need_score": -0.033597600035903917, "need_intensity": 0.24107025167693794, "priority_weighted_population": 1029.8521151638788, "health_priority_rank": 695 }, "geometry": { "type": "Point", "coordinates": [ -76.8264852, 39.0425507 ] } },
{ "type": "Feature", "properties": { "LocationID": "24017850706", "StateAbbr": "MD", "CountyName": "Charles", "CountyFIPS": 24017, "lon": -76.9455906, "lat": 38.6412926, "TotalPopulation": 5638, "chronic_disease_burden_score": 0.20138859403066034, "preventive_care_gap_score": -0.26926777173779243, "health_need_score": -0.033939588853566044, "need_intensity": 0.240977721706648, "priority_weighted_population": 1358.6323949820815, "health_priority_rank": 696 }, "geometry": { "type": "Point", "coordinates": [ -76.9455906, 38.6412926 ] } },
{ "type": "Feature", "properties": { "LocationID": "51153901507", "StateAbbr": "VA", "CountyName": "Prince William", "CountyFIPS": 51153, "lon": -77.6226833, "lat": 38.8023441, "TotalPopulation": 2958, "chronic_disease_burden_score": -0.35689729720140467, "preventive_care_gap_score": 0.28732650512743935, "health_need_score": -0.034785396036982663, "need_intensity": 0.24074887646519375, "priority_weighted_population": 712.13517658404305, "health_priority_rank": 697 }, "geometry": { "type": "Point", "coordinates": [ -77.6226833, 38.8023441 ] } },
{ "type": "Feature", "properties": { "LocationID": "24031703201", "StateAbbr": "MD", "CountyName": "Montgomery", "CountyFIPS": 24031, "lon": -77.092528, "lat": 39.080826, "TotalPopulation": 7546, "chronic_disease_burden_score": -0.032971576284092557, "preventive_care_gap_score": -0.039904071754250765, "health_need_score": -0.036437824019171658, "need_intensity": 0.24030178841961539, "priority_weighted_population": 1813.3172954144177, "health_priority_rank": 698 }, "geometry": { "type": "Point", "coordinates": [ -77.092528, 39.080826 ] } },
{ "type": "Feature", "properties": { "LocationID": "51153901506", "StateAbbr": "VA", "CountyName": "Prince William", "CountyFIPS": 51153, "lon": -77.6231483, "lat": 38.8151011, "TotalPopulation": 5536, "chronic_disease_burden_score": -0.50196850806904825, "preventive_care_gap_score": 0.42846991700766363, "health_need_score": -0.036749295530692311, "need_intensity": 0.24021751534336633, "priority_weighted_population": 1329.844164940876, "health_priority_rank": 699 }, "geometry": { "type": "Point", "coordinates": [ -77.6231483, 38.8151011 ] } },
{ "type": "Feature", "properties": { "LocationID": "24033803519", "StateAbbr": "MD", "CountyName": "Prince George's", "CountyFIPS": 24033, "lon": -76.8585764, "lat": 38.8973034, "TotalPopulation": 6212, "chronic_disease_burden_score": 0.08562265589973754, "preventive_care_gap_score": -0.16502913574282738, "health_need_score": -0.039703239921544918, "need_intensity": 0.23941828340183027, "priority_weighted_population": 1487.2663764921697, "health_priority_rank": 700 }, "geometry": { "type": "Point", "coordinates": [ -76.8585764, 38.8973034 ] } },
{ "type": "Feature", "properties": { "LocationID": "51059491303", "StateAbbr": "VA", "CountyName": "Fairfax", "CountyFIPS": 51059, "lon": -77.438283, "lat": 38.8343899, "TotalPopulation": 4269, "chronic_disease_burden_score": -0.62111913458878876, "preventive_care_gap_score": 0.54009487510774556, "health_need_score": -0.040512129740521596, "need_intensity": 0.23919942668180827, "priority_weighted_population": 1021.1423525046395, "health_priority_rank": 701 }, "geometry": { "type": "Point", "coordinates": [ -77.438283, 38.8343899 ] } },
{ "type": "Feature", "properties": { "LocationID": "24033806100", "StateAbbr": "MD", "CountyName": "Prince George's", "CountyFIPS": 24033, "lon": -76.9549813, "lat": 38.9569825, "TotalPopulation": 4574, "chronic_disease_burden_score": -0.070470766928977344, "preventive_care_gap_score": -0.010809483028533746, "health_need_score": -0.040640124978755549, "need_intensity": 0.23916479573781421, "priority_weighted_population": 1093.9397757047623, "health_priority_rank": 702 }, "geometry": { "type": "Point", "coordinates": [ -76.9549813, 38.9569825 ] } },
{ "type": "Feature", "properties": { "LocationID": "51179010103", "StateAbbr": "VA", "CountyName": "Stafford", "CountyFIPS": 51179, "lon": -77.3928997, "lat": 38.4589777, "TotalPopulation": 5044, "chronic_disease_burden_score": -0.019520094132728184, "preventive_care_gap_score": -0.06451285324878045, "health_need_score": -0.042016473690754313, "need_intensity": 0.23879240489094253, "priority_weighted_population": 1204.468890269914, "health_priority_rank": 703 }, "geometry": { "type": "Point", "coordinates": [ -77.3928997, 38.4589777 ] } },
{ "type": "Feature", "properties": { "LocationID": "24021751202", "StateAbbr": "MD", "CountyName": "Frederick", "CountyFIPS": 24021, "lon": -77.4463886, "lat": 39.4525529, "TotalPopulation": 6654, "chronic_disease_burden_score": 0.28803007180453882, "preventive_care_gap_score": -0.38100874627554704, "health_need_score": -0.046489337235504108, "need_intensity": 0.23758220762854101, "priority_weighted_population": 1580.8720095603119, "health_priority_rank": 704 }, "geometry": { "type": "Point", "coordinates": [ -77.4463886, 39.4525529 ] } },
{ "type": "Feature", "properties": { "LocationID": "51059451602", "StateAbbr": "VA", "CountyName": "Fairfax", "CountyFIPS": 51059, "lon": -77.1453706, "lat": 38.8515749, "TotalPopulation": 2885, "chronic_disease_burden_score": -0.064473078740582487, "preventive_care_gap_score": -0.030846619933719264, "health_need_score": -0.047659849337150874, "need_intensity": 0.23726550882321229, "priority_weighted_population": 684.51099295496749, "health_priority_rank": 705 }, "geometry": { "type": "Point", "coordinates": [ -77.1453706, 38.8515749 ] } },
{ "type": "Feature", "properties": { "LocationID": "51107610101", "StateAbbr": "VA", "CountyName": "Loudoun", "CountyFIPS": 51107, "lon": -77.6935906, "lat": 39.2822227, "TotalPopulation": 5055, "chronic_disease_burden_score": 0.28531045303305191, "preventive_care_gap_score": -0.38128397502627681, "health_need_score": -0.047986760996612449, "need_intensity": 0.23717705819390747, "priority_weighted_population": 1198.9300291702023, "health_priority_rank": 706 }, "geometry": { "type": "Point", "coordinates": [ -77.6935906, 39.2822227 ] } },
{ "type": "Feature", "properties": { "LocationID": "51059451800", "StateAbbr": "VA", "CountyName": "Fairfax", "CountyFIPS": 51059, "lon": -77.1438869, "lat": 38.8325682, "TotalPopulation": 3485, "chronic_disease_burden_score": 0.017551844053193311, "preventive_care_gap_score": -0.11622923561723732, "health_need_score": -0.049338695782022005, "need_intensity": 0.23681127288436715, "priority_weighted_population": 825.28728600201953, "health_priority_rank": 707 }, "geometry": { "type": "Point", "coordinates": [ -77.1438869, 38.8325682 ] } },
{ "type": "Feature", "properties": { "LocationID": "24031706012", "StateAbbr": "MD", "CountyName": "Montgomery", "CountyFIPS": 24031, "lon": -77.1523847, "lat": 39.0301126, "TotalPopulation": 3522, "chronic_disease_burden_score": 0.51127063994276645, "preventive_care_gap_score": -0.61105482175928505, "health_need_score": -0.049892090908259301, "need_intensity": 0.23666154391094812, "priority_weighted_population": 833.52195765435931, "health_priority_rank": 708 }, "geometry": { "type": "Point", "coordinates": [ -77.1523847, 39.0301126 ] } },
{ "type": "Feature", "properties": { "LocationID": "51153901226", "StateAbbr": "VA", "CountyName": "Prince William", "CountyFIPS": 51153, "lon": -77.368372, "lat": 38.6710656, "TotalPopulation": 6345, "chronic_disease_burden_score": -0.16508602395828145, "preventive_care_gap_score": 0.065164602756277654, "health_need_score": -0.049960710601001899, "need_intensity": 0.23664297787076533, "priority_weighted_population": 1501.4996945900059, "health_priority_rank": 709 }, "geometry": { "type": "Point", "coordinates": [ -77.368372, 38.6710656 ] } },
{ "type": "Feature", "properties": { "LocationID": "51107611101", "StateAbbr": "VA", "CountyName": "Loudoun", "CountyFIPS": 51107, "lon": -77.4323803, "lat": 39.0638765, "TotalPopulation": 4716, "chronic_disease_burden_score": -0.1694855467797165, "preventive_care_gap_score": 0.068504974382132197, "health_need_score": -0.050490286198792152, "need_intensity": 0.2364996936117513, "priority_weighted_population": 1115.3325550730192, "health_priority_rank": 710 }, "geometry": { "type": "Point", "coordinates": [ -77.4323803, 39.0638765 ] } },
{ "type": "Feature", "properties": { "LocationID": "51153901011", "StateAbbr": "VA", "CountyName": "Prince William", "CountyFIPS": 51153, "lon": -77.3253145, "lat": 38.6127626, "TotalPopulation": 6654, "chronic_disease_burden_score": 0.0089844824568395196, "preventive_care_gap_score": -0.10996744555434121, "health_need_score": -0.050491481548750841, "need_intensity": 0.23649937019270817, "priority_weighted_population": 1573.6668092622801, "health_priority_rank": 711 }, "geometry": { "type": "Point", "coordinates": [ -77.3253145, 38.6127626 ] } },
{ "type": "Feature", "properties": { "LocationID": "24033803520", "StateAbbr": "MD", "CountyName": "Prince George's", "CountyFIPS": 24033, "lon": -76.821443, "lat": 38.941721, "TotalPopulation": 4351, "chronic_disease_burden_score": 0.73463503151076315, "preventive_care_gap_score": -0.83658472061241318, "health_need_score": -0.050974844550825016, "need_intensity": 0.23636858941301214, "priority_weighted_population": 1028.4397325360158, "health_priority_rank": 712 }, "geometry": { "type": "Point", "coordinates": [ -76.821443, 38.941721 ] } },
{ "type": "Feature", "properties": { "LocationID": "11001009504", "StateAbbr": "DC", "CountyName": "District of Columbia", "CountyFIPS": 11001, "lon": -76.9931121, "lat": 38.9409032, "TotalPopulation": 3208, "chronic_disease_burden_score": 0.31560418481313729, "preventive_care_gap_score": -0.41805756742542177, "health_need_score": -0.051226691306142241, "need_intensity": 0.23630044866810002, "priority_weighted_population": 758.05183932726482, "health_priority_rank": 713 }, "geometry": { "type": "Point", "coordinates": [ -76.9931121, 38.9409032 ] } },
{ "type": "Feature", "properties": { "LocationID": "51059452802", "StateAbbr": "VA", "CountyName": "Fairfax", "CountyFIPS": 51059, "lon": -77.1159147, "lat": 38.8426281, "TotalPopulation": 3030, "chronic_disease_burden_score": 0.58226055358899409, "preventive_care_gap_score": -0.68505694186774513, "health_need_score": -0.051398194139375519, "need_intensity": 0.23625404612145476, "priority_weighted_population": 715.84975974800795, "health_priority_rank": 714 }, "geometry": { "type": "Point", "coordinates": [ -77.1159147, 38.8426281 ] } },
{ "type": "Feature", "properties": { "LocationID": "24031703209", "StateAbbr": "MD", "CountyName": "Montgomery", "CountyFIPS": 24031, "lon": -77.0339921, "lat": 39.0389118, "TotalPopulation": 6618, "chronic_disease_burden_score": -0.15254409206538422, "preventive_care_gap_score": 0.046670028670628777, "health_need_score": -0.052937031697377721, "need_intensity": 0.23583769159122081, "priority_weighted_population": 1560.7738429506994, "health_priority_rank": 715 }, "geometry": { "type": "Point", "coordinates": [ -77.0339921, 39.0389118 ] } },
{ "type": "Feature", "properties": { "LocationID": "24031700104", "StateAbbr": "MD", "CountyName": "Montgomery", "CountyFIPS": 24031, "lon": -77.17381, "lat": 39.1893001, "TotalPopulation": 5486, "chronic_disease_burden_score": -0.012349580235442048, "preventive_care_gap_score": -0.098839792613501343, "health_need_score": -0.055594686424471698, "need_intensity": 0.23511862505968914, "priority_weighted_population": 1289.8607770774547, "health_priority_rank": 716 }, "geometry": { "type": "Point", "coordinates": [ -77.17381, 39.1893001 ] } },
{ "type": "Feature", "properties": { "LocationID": "11001002202", "StateAbbr": "DC", "CountyName": "District of Columbia", "CountyFIPS": 11001, "lon": -77.0118821, "lat": 38.9479653, "TotalPopulation": 3339, "chronic_disease_burden_score": -0.42123715182398414, "preventive_care_gap_score": 0.30618019718153505, "health_need_score": -0.057528477321224541, "need_intensity": 0.23459541024978189, "priority_weighted_population": 783.31407482402176, "health_priority_rank": 717 }, "geometry": { "type": "Point", "coordinates": [ -77.0118821, 38.9479653 ] } },
{ "type": "Feature", "properties": { "LocationID": "24033807102", "StateAbbr": "MD", "CountyName": "Prince George's", "CountyFIPS": 24033, "lon": -76.9265842, "lat": 38.9740059, "TotalPopulation": 2763, "chronic_disease_burden_score": -0.36541463305972499, "preventive_care_gap_score": 0.24889231563748485, "health_need_score": -0.058261158711120073, "need_intensity": 0.23439717281119407, "priority_weighted_population": 647.63938847732925, "health_priority_rank": 718 }, "geometry": { "type": "Point", "coordinates": [ -76.9265842, 38.9740059 ] } },
{ "type": "Feature", "properties": { "LocationID": "24033800408", "StateAbbr": "MD", "CountyName": "Prince George's", "CountyFIPS": 24033, "lon": -76.8073698, "lat": 38.9726945, "TotalPopulation": 7307, "chronic_disease_burden_score": 0.23561880246813682, "preventive_care_gap_score": -0.35275018676477488, "health_need_score": -0.058565692148319026, "need_intensity": 0.23431477693027331, "priority_weighted_population": 1712.138075029507, "health_priority_rank": 719 }, "geometry": { "type": "Point", "coordinates": [ -76.8073698, 38.9726945 ] } },
{ "type": "Feature", "properties": { "LocationID": "24031700720", "StateAbbr": "MD", "CountyName": "Montgomery", "CountyFIPS": 24031, "lon": -77.1778676, "lat": 39.1493064, "TotalPopulation": 3150, "chronic_disease_burden_score": -0.19276369005198585, "preventive_care_gap_score": 0.074555153893010623, "health_need_score": -0.059104268079487612, "need_intensity": 0.23416905750222133, "priority_weighted_population": 737.63253113199721, "health_priority_rank": 720 }, "geometry": { "type": "Point", "coordinates": [ -77.1778676, 39.1493064 ] } },
{ "type": "Feature", "properties": { "LocationID": "24021752603", "StateAbbr": "MD", "CountyName": "Frederick", "CountyFIPS": 24021, "lon": -77.5105935, "lat": 39.4427461, "TotalPopulation": 4057, "chronic_disease_burden_score": 0.29226587457803666, "preventive_care_gap_score": -0.41151930761573596, "health_need_score": -0.059626716518849654, "need_intensity": 0.23402770159794742, "priority_weighted_population": 949.4503853828727, "health_priority_rank": 721 }, "geometry": { "type": "Point", "coordinates": [ -77.5105935, 39.4427461 ] } },
{ "type": "Feature", "properties": { "LocationID": "51059492400", "StateAbbr": "VA", "CountyName": "Fairfax", "CountyFIPS": 51059, "lon": -77.2309157, "lat": 38.7269219, "TotalPopulation": 4873, "chronic_disease_burden_score": -0.29101556896461189, "preventive_care_gap_score": 0.17102483421761389, "health_need_score": -0.059995367373499003, "need_intensity": 0.23392795783187564, "priority_weighted_population": 1139.9309385147301, "health_priority_rank": 722 }, "geometry": { "type": "Point", "coordinates": [ -77.2309157, 38.7269219 ] } },
{ "type": "Feature", "properties": { "LocationID": "24009860501", "StateAbbr": "MD", "CountyName": "Calvert", "CountyFIPS": 24009, "lon": -76.5619789, "lat": 38.6032383, "TotalPopulation": 7145, "chronic_disease_burden_score": 0.2420305911344397, "preventive_care_gap_score": -0.36237547463142722, "health_need_score": -0.06017244174849376, "need_intensity": 0.23388004782484853, "priority_weighted_population": 1671.0729417085427, "health_priority_rank": 723 }, "geometry": { "type": "Point", "coordinates": [ -76.5619789, 38.6032383 ] } },
{ "type": "Feature", "properties": { "LocationID": "24031701414", "StateAbbr": "MD", "CountyName": "Montgomery", "CountyFIPS": 24031, "lon": -76.9660918, "lat": 39.0726448, "TotalPopulation": 7592, "chronic_disease_burden_score": 0.20291586389383001, "preventive_care_gap_score": -0.32387298582497404, "health_need_score": -0.060478560965572012, "need_intensity": 0.23379722288848057, "priority_weighted_population": 1774.9885161693444, "health_priority_rank": 724 }, "geometry": { "type": "Point", "coordinates": [ -76.9660918, 39.0726448 ] } },
{ "type": "Feature", "properties": { "LocationID": "51153901016", "StateAbbr": "VA", "CountyName": "Prince William", "CountyFIPS": 51153, "lon": -77.3065775, "lat": 38.6011606, "TotalPopulation": 5440, "chronic_disease_burden_score": -0.43259151802700307, "preventive_care_gap_score": 0.30328202568835094, "health_need_score": -0.064654746169326066, "need_intensity": 0.23266729619827395, "priority_weighted_population": 1265.7100913186102, "health_priority_rank": 725 }, "geometry": { "type": "Point", "coordinates": [ -77.3065775, 38.6011606 ] } },
{ "type": "Feature", "properties": { "LocationID": "24031701426", "StateAbbr": "MD", "CountyName": "Montgomery", "CountyFIPS": 24031, "lon": -76.9207785, "lat": 39.1131808, "TotalPopulation": 5398, "chronic_disease_burden_score": -0.080719375767890372, "preventive_care_gap_score": -0.048620769947360622, "health_need_score": -0.064670072857625494, "need_intensity": 0.23266314934334845, "priority_weighted_population": 1255.915680155395, "health_priority_rank": 726 }, "geometry": { "type": "Point", "coordinates": [ -76.9207785, 39.1131808 ] } },
{ "type": "Feature", "properties": { "LocationID": "24033801308", "StateAbbr": "MD", "CountyName": "Prince George's", "CountyFIPS": 24033, "lon": -77.0005143, "lat": 38.7161564, "TotalPopulation": 3761, "chronic_disease_burden_score": 0.43190283984459338, "preventive_care_gap_score": -0.56204535367105235, "health_need_score": -0.065071256913229486, "need_intensity": 0.23255460325403593, "priority_weighted_population": 874.6378628384291, "health_priority_rank": 727 }, "geometry": { "type": "Point", "coordinates": [ -77.0005143, 38.7161564 ] } },
{ "type": "Feature", "properties": { "LocationID": "51179010106", "StateAbbr": "VA", "CountyName": "Stafford", "CountyFIPS": 51179, "lon": -77.3640763, "lat": 38.3790248, "TotalPopulation": 3865, "chronic_disease_burden_score": 0.18488926766728253, "preventive_care_gap_score": -0.31700826841652691, "health_need_score": -0.066059500374622188, "need_intensity": 0.23228721983855763, "priority_weighted_population": 897.79010467602518, "health_priority_rank": 728 }, "geometry": { "type": "Point", "coordinates": [ -77.3640763, 38.3790248 ] } },
{ "type": "Feature", "properties": { "LocationID": "24033800413", "StateAbbr": "MD", "CountyName": "Prince George's", "CountyFIPS": 24033, "lon": -76.8288898, "lat": 38.9864764, "TotalPopulation": 4348, "chronic_disease_burden_score": 0.058480798782603489, "preventive_care_gap_score": -0.19094122361927601, "health_need_score": -0.066230212418336265, "need_intensity": 0.23224103125133719, "priority_weighted_population": 1009.7840038808141, "health_priority_rank": 729 }, "geometry": { "type": "Point", "coordinates": [ -76.8288898, 38.9864764 ] } },
{ "type": "Feature", "properties": { "LocationID": "24017850709", "StateAbbr": "MD", "CountyName": "Charles", "CountyFIPS": 24017, "lon": -76.9006667, "lat": 38.644537, "TotalPopulation": 7566, "chronic_disease_burden_score": -0.060236560063022561, "preventive_care_gap_score": -0.072513639693848234, "health_need_score": -0.066375099878435401, "need_intensity": 0.23220182987490037, "priority_weighted_population": 1756.8390448334962, "health_priority_rank": 730 }, "geometry": { "type": "Point", "coordinates": [ -76.9006667, 38.644537 ] } },
{ "type": "Feature", "properties": { "LocationID": "51059450300", "StateAbbr": "VA", "CountyName": "Fairfax", "CountyFIPS": 51059, "lon": -77.1724644, "lat": 38.8746771, "TotalPopulation": 5620, "chronic_disease_burden_score": -0.37173012067267935, "preventive_care_gap_score": 0.23260970047267759, "health_need_score": -0.06956021010000088, "need_intensity": 0.23134005270865746, "priority_weighted_population": 1300.1310962226548, "health_priority_rank": 731 }, "geometry": { "type": "Point", "coordinates": [ -77.1724644, 38.8746771 ] } },
{ "type": "Feature", "properties": { "LocationID": "24033803528", "StateAbbr": "MD", "CountyName": "Prince George's", "CountyFIPS": 24033, "lon": -76.8159207, "lat": 38.9122985, "TotalPopulation": 7396, "chronic_disease_burden_score": 0.62488498463705189, "preventive_care_gap_score": -0.76594487454822158, "health_need_score": -0.070529944955584845, "need_intensity": 0.23107767706143686, "priority_weighted_population": 1709.0504995463871, "health_priority_rank": 732 }, "geometry": { "type": "Point", "coordinates": [ -76.8159207, 38.9122985 ] } },
{ "type": "Feature", "properties": { "LocationID": "24031700310", "StateAbbr": "MD", "CountyName": "Montgomery", "CountyFIPS": 24031, "lon": -77.283306, "lat": 39.1826275, "TotalPopulation": 6962, "chronic_disease_burden_score": -0.36623110169918455, "preventive_care_gap_score": 0.22375682232985974, "health_need_score": -0.071237139684662401, "need_intensity": 0.23088633540378245, "priority_weighted_population": 1607.4306670811334, "health_priority_rank": 733 }, "geometry": { "type": "Point", "coordinates": [ -77.283306, 39.1826275 ] } },
{ "type": "Feature", "properties": { "LocationID": "51683910402", "StateAbbr": "VA", "CountyName": "Manassas", "CountyFIPS": 51683, "lon": -77.4918386, "lat": 38.7391458, "TotalPopulation": 6112, "chronic_disease_burden_score": 0.14992828700300517, "preventive_care_gap_score": -0.29624433299427327, "health_need_score": -0.073158022995634051, "need_intensity": 0.23036661292598426, "priority_weighted_population": 1408.0007382036158, "health_priority_rank": 734 }, "geometry": { "type": "Point", "coordinates": [ -77.4918386, 38.7391458 ] } },
{ "type": "Feature", "properties": { "LocationID": "24017850905", "StateAbbr": "MD", "CountyName": "Charles", "CountyFIPS": 24017, "lon": -76.885086, "lat": 38.6020694, "TotalPopulation": 4312, "chronic_disease_burden_score": 0.05457647600213613, "preventive_care_gap_score": -0.20229972820367234, "health_need_score": -0.073861626100768102, "need_intensity": 0.2301762430336029, "priority_weighted_population": 992.51995996089568, "health_priority_rank": 735 }, "geometry": { "type": "Point", "coordinates": [ -76.885086, 38.6020694 ] } },
{ "type": "Feature", "properties": { "LocationID": "51059415500", "StateAbbr": "VA", "CountyName": "Fairfax", "CountyFIPS": 51059, "lon": -77.0703824, "lat": 38.7407429, "TotalPopulation": 6306, "chronic_disease_burden_score": 0.51305311827563427, "preventive_care_gap_score": -0.66082137983300959, "health_need_score": -0.073884130778687662, "need_intensity": 0.23017015407083061, "priority_weighted_population": 1451.4529915706578, "health_priority_rank": 736 }, "geometry": { "type": "Point", "coordinates": [ -77.0703824, 38.7407429 ] } },
{ "type": "Feature", "properties": { "LocationID": "51153901223", "StateAbbr": "VA", "CountyName": "Prince William", "CountyFIPS": 51153, "lon": -77.2946313, "lat": 38.6895771, "TotalPopulation": 6777, "chronic_disease_burden_score": -0.0044804304419749467, "preventive_care_gap_score": -0.1453926815962894, "health_need_score": -0.074936556019132169, "need_intensity": 0.2298854053562486, "priority_weighted_population": 1557.9333920992967, "health_priority_rank": 737 }, "geometry": { "type": "Point", "coordinates": [ -77.2946313, 38.6895771 ] } },
{ "type": "Feature", "properties": { "LocationID": "24031701001", "StateAbbr": "MD", "CountyName": "Montgomery", "CountyFIPS": 24031, "lon": -77.1398562, "lat": 39.0639542, "TotalPopulation": 5503, "chronic_disease_burden_score": 0.24056365383000661, "preventive_care_gap_score": -0.39190652160845357, "health_need_score": -0.075671433889223483, "need_intensity": 0.22968657362850053, "priority_weighted_population": 1263.9652146776384, "health_priority_rank": 738 }, "geometry": { "type": "Point", "coordinates": [ -77.1398562, 39.0639542 ] } },
{ "type": "Feature", "properties": { "LocationID": "51107610102", "StateAbbr": "VA", "CountyName": "Loudoun", "CountyFIPS": 51107, "lon": -77.6086565, "lat": 39.261068, "TotalPopulation": 3866, "chronic_disease_burden_score": 0.39297436208297287, "preventive_care_gap_score": -0.54570321481968798, "health_need_score": -0.076364426368357552, "need_intensity": 0.22949907459287774, "priority_weighted_population": 887.24342237606538, "health_priority_rank": 739 }, "geometry": { "type": "Point", "coordinates": [ -77.6086565, 39.261068 ] } },
{ "type": "Feature", "properties": { "LocationID": "24021752601", "StateAbbr": "MD", "CountyName": "Frederick", "CountyFIPS": 24021, "lon": -77.5181143, "lat": 39.4567413, "TotalPopulation": 4481, "chronic_disease_burden_score": 0.3141655139281081, "preventive_care_gap_score": -0.46872011998445362, "health_need_score": -0.077277303028172761, "need_intensity": 0.22925208274446435, "priority_weighted_population": 1027.2785827779448, "health_priority_rank": 740 }, "geometry": { "type": "Point", "coordinates": [ -77.5181143, 39.4567413 ] } },
{ "type": "Feature", "properties": { "LocationID": "51600300300", "StateAbbr": "VA", "CountyName": "Fairfax", "CountyFIPS": 51600, "lon": -77.2774603, "lat": 38.8475799, "TotalPopulation": 5889, "chronic_disease_burden_score": -0.0063195714894801391, "preventive_care_gap_score": -0.1547139178036481, "health_need_score": -0.080516744646564123, "need_intensity": 0.22837560544104013, "priority_weighted_population": 1344.9039404422854, "health_priority_rank": 741 }, "geometry": { "type": "Point", "coordinates": [ -77.2774603, 38.8475799 ] } },
{ "type": "Feature", "properties": { "LocationID": "51059452400", "StateAbbr": "VA", "CountyName": "Fairfax", "CountyFIPS": 51059, "lon": -77.1981593, "lat": 38.8054579, "TotalPopulation": 7283, "chronic_disease_burden_score": -0.23670071808205417, "preventive_care_gap_score": 0.075095348520551067, "health_need_score": -0.08080268478075156, "need_intensity": 0.2282982402444178, "priority_weighted_population": 1662.696083700095, "health_priority_rank": 742 }, "geometry": { "type": "Point", "coordinates": [ -77.1981593, 38.8054579 ] } },
{ "type": "Feature", "properties": { "LocationID": "24031700706", "StateAbbr": "MD", "CountyName": "Montgomery", "CountyFIPS": 24031, "lon": -77.2356765, "lat": 39.1538746, "TotalPopulation": 4691, "chronic_disease_burden_score": -0.51475388107937503, "preventive_care_gap_score": 0.3468806089200091, "health_need_score": -0.083936636079682964, "need_intensity": 0.22745030485704873, "priority_weighted_population": 1066.9693800844157, "health_priority_rank": 743 }, "geometry": { "type": "Point", "coordinates": [ -77.2356765, 39.1538746 ] } },
{ "type": "Feature", "properties": { "LocationID": "51059416300", "StateAbbr": "VA", "CountyName": "Fairfax", "CountyFIPS": 51059, "lon": -77.1567574, "lat": 38.6432916, "TotalPopulation": 2025, "chronic_disease_burden_score": 0.48626972941013341, "preventive_care_gap_score": -0.65500704734216175, "health_need_score": -0.084368658966014171, "need_intensity": 0.22733341488061595, "priority_weighted_population": 460.35016513324729, "health_priority_rank": 744 }, "geometry": { "type": "Point", "coordinates": [ -77.1567574, 38.6432916 ] } },
{ "type": "Feature", "properties": { "LocationID": "24009860103", "StateAbbr": "MD", "CountyName": "Calvert", "CountyFIPS": 24009, "lon": -76.6702766, "lat": 38.7374016, "TotalPopulation": 6290, "chronic_disease_burden_score": 0.48769739419376168, "preventive_care_gap_score": -0.66814262501836741, "health_need_score": -0.090222615412302865, "need_intensity": 0.22574954316294818, "priority_weighted_population": 1419.964626494944, "health_priority_rank": 745 }, "geometry": { "type": "Point", "coordinates": [ -76.6702766, 38.7374016 ] } },
{ "type": "Feature", "properties": { "LocationID": "51059450500", "StateAbbr": "VA", "CountyName": "Fairfax", "CountyFIPS": 51059, "lon": -77.181402, "lat": 38.8637809, "TotalPopulation": 3065, "chronic_disease_burden_score": -0.39403969540537359, "preventive_care_gap_score": 0.21307624533600178, "health_need_score": -0.090481725034685906, "need_intensity": 0.22567943734538129, "priority_weighted_population": 691.7074754635936, "health_priority_rank": 746 }, "geometry": { "type": "Point", "coordinates": [ -77.181402, 38.8637809 ] } },
{ "type": "Feature", "properties": { "LocationID": "24017851501", "StateAbbr": "MD", "CountyName": "Charles", "CountyFIPS": 24017, "lon": -76.9375292, "lat": 38.6117566, "TotalPopulation": 4630, "chronic_disease_burden_score": 0.064094283689128728, "preventive_care_gap_score": -0.24591952955872179, "health_need_score": -0.09091262293479653, "need_intensity": 0.22556285175007501, "priority_weighted_population": 1044.3560036028473, "health_priority_rank": 747 }, "geometry": { "type": "Point", "coordinates": [ -76.9375292, 38.6117566 ] } },
{ "type": "Feature", "properties": { "LocationID": "24033801307", "StateAbbr": "MD", "CountyName": "Prince George's", "CountyFIPS": 24033, "lon": -77.0086623, "lat": 38.7318678, "TotalPopulation": 3755, "chronic_disease_burden_score": 0.81910433878067901, "preventive_care_gap_score": -1.0024964817174369, "health_need_score": -0.091696071468378937, "need_intensity": 0.22535087853401595, "priority_weighted_population": 846.19254889522983, "health_priority_rank": 748 }, "geometry": { "type": "Point", "coordinates": [ -77.0086623, 38.7318678 ] } },
{ "type": "Feature", "properties": { "LocationID": "24031700901", "StateAbbr": "MD", "CountyName": "Montgomery", "CountyFIPS": 24031, "lon": -77.1522375, "lat": 39.0865869, "TotalPopulation": 5213, "chronic_disease_burden_score": -0.082267135104844832, "preventive_care_gap_score": -0.10928991748361359, "health_need_score": -0.095778526294229213, "need_intensity": 0.2242463119393294, "priority_weighted_population": 1168.9960241397241, "health_priority_rank": 749 }, "geometry": { "type": "Point", "coordinates": [ -77.1522375, 39.0865869 ] } },
{ "type": "Feature", "properties": { "LocationID": "51059420100", "StateAbbr": "VA", "CountyName": "Fairfax", "CountyFIPS": 51059, "lon": -77.164436, "lat": 38.7859377, "TotalPopulation": 4106, "chronic_disease_burden_score": -0.22094323588968123, "preventive_care_gap_score": 0.023174890107509907, "health_need_score": -0.09888417289108567, "need_intensity": 0.22340603479429691, "priority_weighted_population": 917.30517886538314, "health_priority_rank": 750 }, "geometry": { "type": "Point", "coordinates": [ -77.164436, 38.7859377 ] } },
{ "type": "Feature", "properties": { "LocationID": "24033800505", "StateAbbr": "MD", "CountyName": "Prince George's", "CountyFIPS": 24033, "lon": -76.7307043, "lat": 38.9581151, "TotalPopulation": 2737, "chronic_disease_burden_score": 0.16909505346024478, "preventive_care_gap_score": -0.36738444555701938, "health_need_score": -0.099144696048387299, "need_intensity": 0.22333554652462262, "priority_weighted_population": 611.26939083789216, "health_priority_rank": 751 }, "geometry": { "type": "Point", "coordinates": [ -76.7307043, 38.9581151 ] } },
{ "type": "Feature", "properties": { "LocationID": "24031700400", "StateAbbr": "MD", "CountyName": "Montgomery", "CountyFIPS": 24031, "lon": -77.3697452, "lat": 39.2138172, "TotalPopulation": 2352, "chronic_disease_burden_score": 0.39288750368520736, "preventive_care_gap_score": -0.59307334891593722, "health_need_score": -0.10009292261536493, "need_intensity": 0.22307899025278199, "priority_weighted_population": 524.6817850745432, "health_priority_rank": 752 }, "geometry": { "type": "Point", "coordinates": [ -77.3697452, 39.2138172 ] } },
{ "type": "Feature", "properties": { "LocationID": "11001007903", "StateAbbr": "DC", "CountyName": "District of Columbia", "CountyFIPS": 11001, "lon": -76.9743021, "lat": 38.8964252, "TotalPopulation": 1865, "chronic_disease_burden_score": 0.014322792910292481, "preventive_care_gap_score": -0.2148875259721762, "health_need_score": -0.10028236653094186, "need_intensity": 0.2230277334894768, "priority_weighted_population": 415.94672295787421, "health_priority_rank": 753 }, "geometry": { "type": "Point", "coordinates": [ -76.9743021, 38.8964252 ] } },
{ "type": "Feature", "properties": { "LocationID": "11001002801", "StateAbbr": "DC", "CountyName": "District of Columbia", "CountyFIPS": 11001, "lon": -77.0345166, "lat": 38.9349477, "TotalPopulation": 4398, "chronic_disease_burden_score": -0.84550963361410258, "preventive_care_gap_score": 0.64219704960509627, "health_need_score": -0.10165629200450316, "need_intensity": 0.22265599828445373, "priority_weighted_population": 979.24108045502749, "health_priority_rank": 754 }, "geometry": { "type": "Point", "coordinates": [ -77.0345166, 38.9349477 ] } },
{ "type": "Feature", "properties": { "LocationID": "24033800605", "StateAbbr": "MD", "CountyName": "Prince George's", "CountyFIPS": 24033, "lon": -76.7484697, "lat": 38.7982387, "TotalPopulation": 4867, "chronic_disease_burden_score": -0.098236099860808737, "preventive_care_gap_score": -0.10681766517866896, "health_need_score": -0.10252688251973885, "need_intensity": 0.22242044755779505, "priority_weighted_population": 1082.5203182637886, "health_priority_rank": 755 }, "geometry": { "type": "Point", "coordinates": [ -76.7484697, 38.7982387 ] } },
{ "type": "Feature", "properties": { "LocationID": "24031700316", "StateAbbr": "MD", "CountyName": "Montgomery", "CountyFIPS": 24031, "lon": -77.2720944, "lat": 39.2214431, "TotalPopulation": 3851, "chronic_disease_burden_score": -0.51781089692600102, "preventive_care_gap_score": 0.31152853632872812, "health_need_score": -0.10314118029863645, "need_intensity": 0.22225424049985926, "priority_weighted_population": 855.90108016495799, "health_priority_rank": 756 }, "geometry": { "type": "Point", "coordinates": [ -77.2720944, 39.2214431 ] } },
{ "type": "Feature", "properties": { "LocationID": "51013103505", "StateAbbr": "VA", "CountyName": "Arlington", "CountyFIPS": 51013, "lon": -77.0598298, "lat": 38.8613937, "TotalPopulation": 3813, "chronic_disease_burden_score": -0.30407870232616963, "preventive_care_gap_score": 0.097562286396678452, "health_need_score": -0.10325820796474558, "need_intensity": 0.22222257698950762, "priority_weighted_population": 847.33468606099257, "health_priority_rank": 757 }, "geometry": { "type": "Point", "coordinates": [ -77.0598298, 38.8613937 ] } },
{ "type": "Feature", "properties": { "LocationID": "51059415300", "StateAbbr": "VA", "CountyName": "Fairfax", "CountyFIPS": 51059, "lon": -77.0698878, "lat": 38.7668046, "TotalPopulation": 3908, "chronic_disease_burden_score": 0.15826564757668382, "preventive_care_gap_score": -0.3670636548661218, "health_need_score": -0.10439900364471899, "need_intensity": 0.22191391838746199, "priority_weighted_population": 867.23959305820142, "health_priority_rank": 758 }, "geometry": { "type": "Point", "coordinates": [ -77.0698878, 38.7668046 ] } },
{ "type": "Feature", "properties": { "LocationID": "24017850710", "StateAbbr": "MD", "CountyName": "Charles", "CountyFIPS": 24017, "lon": -76.9571932, "lat": 38.6268451, "TotalPopulation": 5578, "chronic_disease_burden_score": 0.19603257936286642, "preventive_care_gap_score": -0.40541648898432708, "health_need_score": -0.10469195481073033, "need_intensity": 0.22183465625581472, "priority_weighted_population": 1237.3937125949344, "health_priority_rank": 759 }, "geometry": { "type": "Point", "coordinates": [ -76.9571932, 38.6268451 ] } },
{ "type": "Feature", "properties": { "LocationID": "51179010307", "StateAbbr": "VA", "CountyName": "Stafford", "CountyFIPS": 51179, "lon": -77.537563, "lat": 38.3456243, "TotalPopulation": 8635, "chronic_disease_burden_score": 0.49181923394164156, "preventive_care_gap_score": -0.71288810231971833, "health_need_score": -0.11053443418903838, "need_intensity": 0.22025388982318675, "priority_weighted_population": 1901.8923386232175, "health_priority_rank": 760 }, "geometry": { "type": "Point", "coordinates": [ -77.537563, 38.3456243 ] } },
{ "type": "Feature", "properties": { "LocationID": "24033801310", "StateAbbr": "MD", "CountyName": "Prince George's", "CountyFIPS": 24033, "lon": -76.9831879, "lat": 38.6633112, "TotalPopulation": 7058, "chronic_disease_burden_score": 0.3639722884317958, "preventive_care_gap_score": -0.58541631129104887, "health_need_score": -0.11072201142962654, "need_intensity": 0.22020313811552175, "priority_weighted_population": 1554.1937488193525, "health_priority_rank": 761 }, "geometry": { "type": "Point", "coordinates": [ -76.9831879, 38.6633112 ] } },
{ "type": "Feature", "properties": { "LocationID": "51013101602", "StateAbbr": "VA", "CountyName": "Arlington", "CountyFIPS": 51013, "lon": -77.0838062, "lat": 38.8940355, "TotalPopulation": 1654, "chronic_disease_burden_score": -0.55800868589302854, "preventive_care_gap_score": 0.33621929585022758, "health_need_score": -0.11089469502140048, "need_intensity": 0.22015641609775044, "priority_weighted_population": 364.13871222567923, "health_priority_rank": 762 }, "geometry": { "type": "Point", "coordinates": [ -77.0838062, 38.8940355 ] } },
{ "type": "Feature", "properties": { "LocationID": "51059490101", "StateAbbr": "VA", "CountyName": "Fairfax", "CountyFIPS": 51059, "lon": -77.439116, "lat": 38.8630528, "TotalPopulation": 5064, "chronic_disease_burden_score": 0.0022078188504390693, "preventive_care_gap_score": -0.22427653138152767, "health_need_score": -0.1110343562655443, "need_intensity": 0.22011862874885516, "priority_weighted_population": 1114.6807359842026, "health_priority_rank": 763 }, "geometry": { "type": "Point", "coordinates": [ -77.439116, 38.8630528 ] } },
{ "type": "Feature", "properties": { "LocationID": "51059430202", "StateAbbr": "VA", "CountyName": "Fairfax", "CountyFIPS": 51059, "lon": -77.2865324, "lat": 38.8167742, "TotalPopulation": 4949, "chronic_disease_burden_score": 0.045305789116423842, "preventive_care_gap_score": -0.26798133024371779, "health_need_score": -0.11133777056364697, "need_intensity": 0.22003653566703774, "priority_weighted_population": 1088.9608150161698, "health_priority_rank": 764 }, "geometry": { "type": "Point", "coordinates": [ -77.2865324, 38.8167742 ] } },
{ "type": "Feature", "properties": { "LocationID": "51600300400", "StateAbbr": "VA", "CountyName": "Fairfax", "CountyFIPS": 51600, "lon": -77.3207879, "lat": 38.8462945, "TotalPopulation": 4129, "chronic_disease_burden_score": -0.14589889394431146, "preventive_care_gap_score": -0.079341869880618782, "health_need_score": -0.11262038191246512, "need_intensity": 0.21968950680565275, "priority_weighted_population": 907.09797360054017, "health_priority_rank": 765 }, "geometry": { "type": "Point", "coordinates": [ -77.3207879, 38.8462945 ] } },
{ "type": "Feature", "properties": { "LocationID": "51059491202", "StateAbbr": "VA", "CountyName": "Fairfax", "CountyFIPS": 51059, "lon": -77.4384615, "lat": 38.8406498, "TotalPopulation": 2102, "chronic_disease_burden_score": -0.96461833653201345, "preventive_care_gap_score": 0.73685763019548534, "health_need_score": -0.11388035316826406, "need_intensity": 0.21934860354553379, "priority_weighted_population": 461.070764652712, "health_priority_rank": 766 }, "geometry": { "type": "Point", "coordinates": [ -77.4384615, 38.8406498 ] } },
{ "type": "Feature", "properties": { "LocationID": "51179010405", "StateAbbr": "VA", "CountyName": "Stafford", "CountyFIPS": 51179, "lon": -77.4282188, "lat": 38.3222432, "TotalPopulation": 6241, "chronic_disease_burden_score": 0.26108839998938099, "preventive_care_gap_score": -0.48934590186597393, "health_need_score": -0.11412875093829647, "need_intensity": 0.2192813959729637, "priority_weighted_population": 1368.5351922672664, "health_priority_rank": 767 }, "geometry": { "type": "Point", "coordinates": [ -77.4282188, 38.3222432 ] } },
{ "type": "Feature", "properties": { "LocationID": "24017851003", "StateAbbr": "MD", "CountyName": "Charles", "CountyFIPS": 24017, "lon": -76.9506454, "lat": 38.5160231, "TotalPopulation": 4438, "chronic_disease_burden_score": 0.35029238435972732, "preventive_care_gap_score": -0.57855664542772334, "health_need_score": -0.11413213053399801, "need_intensity": 0.21928048157496674, "priority_weighted_population": 973.16677722970235, "health_priority_rank": 768 }, "geometry": { "type": "Point", "coordinates": [ -76.9506454, 38.5160231 ] } },
{ "type": "Feature", "properties": { "LocationID": "24021751801", "StateAbbr": "MD", "CountyName": "Frederick", "CountyFIPS": 24021, "lon": -77.2648269, "lat": 39.4104487, "TotalPopulation": 5417, "chronic_disease_burden_score": 0.01633685490835142, "preventive_care_gap_score": -0.24489389233773176, "health_need_score": -0.11427851871469016, "need_intensity": 0.2192408741570902, "priority_weighted_population": 1187.6278153089577, "health_priority_rank": 769 }, "geometry": { "type": "Point", "coordinates": [ -77.2648269, 39.4104487 ] } },
{ "type": "Feature", "properties": { "LocationID": "51059491601", "StateAbbr": "VA", "CountyName": "Fairfax", "CountyFIPS": 51059, "lon": -77.4307098, "lat": 38.8863942, "TotalPopulation": 5421, "chronic_disease_burden_score": -0.40988349044793676, "preventive_care_gap_score": 0.18032067713550248, "health_need_score": -0.11478140665621714, "need_intensity": 0.2191048106255199, "priority_weighted_population": 1187.7671784009433, "health_priority_rank": 770 }, "geometry": { "type": "Point", "coordinates": [ -77.4307098, 38.8863942 ] } },
{ "type": "Feature", "properties": { "LocationID": "51013102804", "StateAbbr": "VA", "CountyName": "Arlington", "CountyFIPS": 51013, "lon": -77.1132806, "lat": 38.8524166, "TotalPopulation": 5339, "chronic_disease_burden_score": -0.5794134039119746, "preventive_care_gap_score": 0.34661073602575709, "health_need_score": -0.11640133394310875, "need_intensity": 0.21866651610831139, "priority_weighted_population": 1167.4605295022745, "health_priority_rank": 771 }, "geometry": { "type": "Point", "coordinates": [ -77.1132806, 38.8524166 ] } },
{ "type": "Feature", "properties": { "LocationID": "51059431602", "StateAbbr": "VA", "CountyName": "Fairfax", "CountyFIPS": 51059, "lon": -77.19041, "lat": 38.7701117, "TotalPopulation": 6485, "chronic_disease_burden_score": -0.16347653564827233, "preventive_care_gap_score": -0.070625711225950003, "health_need_score": -0.11705112343711116, "need_intensity": 0.2184907062587795, "priority_weighted_population": 1416.9122300881852, "health_priority_rank": 772 }, "geometry": { "type": "Point", "coordinates": [ -77.19041, 38.7701117 ] } },
{ "type": "Feature", "properties": { "LocationID": "51179010404", "StateAbbr": "VA", "CountyName": "Stafford", "CountyFIPS": 51179, "lon": -77.4508489, "lat": 38.333362, "TotalPopulation": 6642, "chronic_disease_burden_score": 0.1416216274377827, "preventive_care_gap_score": -0.37879988827754985, "health_need_score": -0.11858913041988357, "need_intensity": 0.2180745764525639, "priority_weighted_population": 1448.4513367979293, "health_priority_rank": 773 }, "geometry": { "type": "Point", "coordinates": [ -77.4508489, 38.333362 ] } },
{ "type": "Feature", "properties": { "LocationID": "24021750802", "StateAbbr": "MD", "CountyName": "Frederick", "CountyFIPS": 24021, "lon": -77.3880023, "lat": 39.455722, "TotalPopulation": 6055, "chronic_disease_burden_score": 0.57513463091519956, "preventive_care_gap_score": -0.81459277794045215, "health_need_score": -0.11972907351262629, "need_intensity": 0.21776614853019857, "priority_weighted_population": 1318.5740293503522, "health_priority_rank": 774 }, "geometry": { "type": "Point", "coordinates": [ -77.3880023, 39.455722 ] } },
{ "type": "Feature", "properties": { "LocationID": "24021752101", "StateAbbr": "MD", "CountyName": "Frederick", "CountyFIPS": 24021, "lon": -77.2805758, "lat": 39.3101667, "TotalPopulation": 3661, "chronic_disease_burden_score": 0.26999706251286754, "preventive_care_gap_score": -0.51092447379439576, "health_need_score": -0.12046370564076411, "need_intensity": 0.21756738329145389, "priority_weighted_population": 796.51419023001267, "health_priority_rank": 775 }, "geometry": { "type": "Point", "coordinates": [ -77.2805758, 39.3101667 ] } },
{ "type": "Feature", "properties": { "LocationID": "51153901503", "StateAbbr": "VA", "CountyName": "Prince William", "CountyFIPS": 51153, "lon": -77.5766167, "lat": 38.8519431, "TotalPopulation": 6044, "chronic_disease_burden_score": 0.26282623628049911, "preventive_care_gap_score": -0.50578368205088975, "health_need_score": -0.12147872288519532, "need_intensity": 0.21729275584569985, "priority_weighted_population": 1313.31741633141, "health_priority_rank": 776 }, "geometry": { "type": "Point", "coordinates": [ -77.5766167, 38.8519431 ] } },
{ "type": "Feature", "properties": { "LocationID": "24021752102", "StateAbbr": "MD", "CountyName": "Frederick", "CountyFIPS": 24021, "lon": -77.2867811, "lat": 39.33305, "TotalPopulation": 6881, "chronic_disease_burden_score": 0.0717734057357447, "preventive_care_gap_score": -0.31671392126748649, "health_need_score": -0.12247025776587089, "need_intensity": 0.2170244818896169, "priority_weighted_population": 1493.345459882454, "health_priority_rank": 777 }, "geometry": { "type": "Point", "coordinates": [ -77.2867811, 39.33305 ] } },
{ "type": "Feature", "properties": { "LocationID": "51153901409", "StateAbbr": "VA", "CountyName": "Prince William", "CountyFIPS": 51153, "lon": -77.539587, "lat": 38.7587015, "TotalPopulation": 8502, "chronic_disease_burden_score": -0.61649616433801746, "preventive_care_gap_score": 0.36955265469764131, "health_need_score": -0.12347175482018807, "need_intensity": 0.21675351252484379, "priority_weighted_population": 1842.8383634862219, "health_priority_rank": 778 }, "geometry": { "type": "Point", "coordinates": [ -77.539587, 38.7587015 ] } },
{ "type": "Feature", "properties": { "LocationID": "51059480903", "StateAbbr": "VA", "CountyName": "Fairfax", "CountyFIPS": 51059, "lon": -77.3936942, "lat": 38.9585855, "TotalPopulation": 4177, "chronic_disease_burden_score": -0.81150694687309266, "preventive_care_gap_score": 0.5638243634690111, "health_need_score": -0.12384129170204078, "need_intensity": 0.21665352903142834, "priority_weighted_population": 904.9617907642762, "health_priority_rank": 779 }, "geometry": { "type": "Point", "coordinates": [ -77.3936942, 38.9585855 ] } },
{ "type": "Feature", "properties": { "LocationID": "11001002102", "StateAbbr": "DC", "CountyName": "District of Columbia", "CountyFIPS": 11001, "lon": -77.0142356, "lat": 38.9557854, "TotalPopulation": 5099, "chronic_disease_burden_score": -0.33660474577376859, "preventive_care_gap_score": 0.077674905918816858, "health_need_score": -0.12946491992747586, "need_intensity": 0.21513197591112937, "priority_weighted_population": 1096.9579451708487, "health_priority_rank": 780 }, "geometry": { "type": "Point", "coordinates": [ -77.0142356, 38.9557854 ] } },
{ "type": "Feature", "properties": { "LocationID": "24031703202", "StateAbbr": "MD", "CountyName": "Montgomery", "CountyFIPS": 24031, "lon": -77.0938453, "lat": 39.0951706, "TotalPopulation": 5780, "chronic_disease_burden_score": 0.21785165434753614, "preventive_care_gap_score": -0.47977380039491624, "health_need_score": -0.13096107302369003, "need_intensity": 0.21472717027307289, "priority_weighted_population": 1241.1230441783614, "health_priority_rank": 781 }, "geometry": { "type": "Point", "coordinates": [ -77.0938453, 39.0951706 ] } },
{ "type": "Feature", "properties": { "LocationID": "51179010217", "StateAbbr": "VA", "CountyName": "Stafford", "CountyFIPS": 51179, "lon": -77.5027376, "lat": 38.4431247, "TotalPopulation": 5305, "chronic_disease_burden_score": 0.333742338500367, "preventive_care_gap_score": -0.59595237613591645, "health_need_score": -0.13110501881777473, "need_intensity": 0.21468822367785653, "priority_weighted_population": 1138.921026611029, "health_priority_rank": 782 }, "geometry": { "type": "Point", "coordinates": [ -77.5027376, 38.4431247 ] } },
{ "type": "Feature", "properties": { "LocationID": "24031700810", "StateAbbr": "MD", "CountyName": "Montgomery", "CountyFIPS": 24031, "lon": -77.2051429, "lat": 39.1885123, "TotalPopulation": 5277, "chronic_disease_burden_score": -0.11680827548075151, "preventive_care_gap_score": -0.146634720523074, "health_need_score": -0.13172149800191274, "need_intensity": 0.21452142640950544, "priority_weighted_population": 1132.0295671629601, "health_priority_rank": 783 }, "geometry": { "type": "Point", "coordinates": [ -77.2051429, 39.1885123 ] } },
{ "type": "Feature", "properties": { "LocationID": "24033800519", "StateAbbr": "MD", "CountyName": "Prince George's", "CountyFIPS": 24033, "lon": -76.7247516, "lat": 38.9266468, "TotalPopulation": 3994, "chronic_disease_burden_score": 0.20451354146991221, "preventive_care_gap_score": -0.46806419662480597, "health_need_score": -0.13177532757744687, "need_intensity": 0.21450686204725833, "priority_weighted_population": 856.74040701674971, "health_priority_rank": 784 }, "geometry": { "type": "Point", "coordinates": [ -76.7247516, 38.9266468 ] } },
{ "type": "Feature", "properties": { "LocationID": "11001007603", "StateAbbr": "DC", "CountyName": "District of Columbia", "CountyFIPS": 11001, "lon": -76.9585469, "lat": 38.859109, "TotalPopulation": 4185, "chronic_disease_burden_score": 0.26692831862615313, "preventive_care_gap_score": -0.53257128824399791, "health_need_score": -0.13282148480892239, "need_intensity": 0.2142238092322313, "priority_weighted_population": 896.52664163688803, "health_priority_rank": 785 }, "geometry": { "type": "Point", "coordinates": [ -76.9585469, 38.859109 ] } },
{ "type": "Feature", "properties": { "LocationID": "51059420501", "StateAbbr": "VA", "CountyName": "Fairfax", "CountyFIPS": 51059, "lon": -77.0699833, "lat": 38.7889176, "TotalPopulation": 980, "chronic_disease_burden_score": 1.0168841293827369, "preventive_care_gap_score": -1.2835062319848463, "health_need_score": -0.13331105130105469, "need_intensity": 0.21409135000949525, "priority_weighted_population": 209.80952300930534, "health_priority_rank": 786 }, "geometry": { "type": "Point", "coordinates": [ -77.0699833, 38.7889176 ] } },
{ "type": "Feature", "properties": { "LocationID": "11001002101", "StateAbbr": "DC", "CountyName": "District of Columbia", "CountyFIPS": 11001, "lon": -77.0241312, "lat": 38.9559119, "TotalPopulation": 5687, "chronic_disease_burden_score": -0.48730686230331455, "preventive_care_gap_score": 0.21830750315605715, "health_need_score": -0.13449967957362868, "need_intensity": 0.21376974961478379, "priority_weighted_population": 1215.7085660592754, "health_priority_rank": 787 }, "geometry": { "type": "Point", "coordinates": [ -77.0241312, 38.9559119 ] } },
{ "type": "Feature", "properties": { "LocationID": "11001005503", "StateAbbr": "DC", "CountyName": "District of Columbia", "CountyFIPS": 11001, "lon": -77.0523495, "lat": 38.9062488, "TotalPopulation": 2492, "chronic_disease_burden_score": -0.67065865366776023, "preventive_care_gap_score": 0.39991050099206865, "health_need_score": -0.13537407633784579, "need_intensity": 0.21353316905297556, "priority_weighted_population": 532.12465728001507, "health_priority_rank": 788 }, "geometry": { "type": "Point", "coordinates": [ -77.0523495, 38.9062488 ] } },
{ "type": "Feature", "properties": { "LocationID": "24033800212", "StateAbbr": "MD", "CountyName": "Prince George's", "CountyFIPS": 24033, "lon": -76.8838574, "lat": 39.0789014, "TotalPopulation": 6374, "chronic_disease_burden_score": 0.08870586002049427, "preventive_care_gap_score": -0.35968022836144625, "health_need_score": -0.135487184170476, "need_intensity": 0.21350256610968527, "priority_weighted_population": 1360.865356383134, "health_priority_rank": 789 }, "geometry": { "type": "Point", "coordinates": [ -76.8838574, 39.0789014 ] } },
{ "type": "Feature", "properties": { "LocationID": "24021751004", "StateAbbr": "MD", "CountyName": "Frederick", "CountyFIPS": 24021, "lon": -77.4700084, "lat": 39.3961113, "TotalPopulation": 5749, "chronic_disease_burden_score": -0.20712331878710799, "preventive_care_gap_score": -0.065520404085640652, "health_need_score": -0.13632186143637431, "need_intensity": 0.21327673222674362, "priority_weighted_population": 1226.127933571549, "health_priority_rank": 790 }, "geometry": { "type": "Point", "coordinates": [ -77.4700084, 39.3961113 ] } },
{ "type": "Feature", "properties": { "LocationID": "24017850101", "StateAbbr": "MD", "CountyName": "Charles", "CountyFIPS": 24017, "lon": -77.0984582, "lat": 38.6619481, "TotalPopulation": 7030, "chronic_disease_burden_score": 0.17473428584888653, "preventive_care_gap_score": -0.44856543678794725, "health_need_score": -0.13691557546953037, "need_intensity": 0.21311609439588061, "priority_weighted_population": 1498.2061436030408, "health_priority_rank": 791 }, "geometry": { "type": "Point", "coordinates": [ -77.0984582, 38.6619481 ] } },
{ "type": "Feature", "properties": { "LocationID": "51153901225", "StateAbbr": "VA", "CountyName": "Prince William", "CountyFIPS": 51153, "lon": -77.32198, "lat": 38.6692765, "TotalPopulation": 4875, "chronic_disease_burden_score": -0.11157462705949825, "preventive_care_gap_score": -0.16459388572326689, "health_need_score": -0.13808425639138255, "need_intensity": 0.21279989104245919, "priority_weighted_population": 1037.3994688319885, "health_priority_rank": 792 }, "geometry": { "type": "Point", "coordinates": [ -77.32198, 38.6692765 ] } },
{ "type": "Feature", "properties": { "LocationID": "51059452101", "StateAbbr": "VA", "CountyName": "Fairfax", "CountyFIPS": 51059, "lon": -77.184375, "lat": 38.8234565, "TotalPopulation": 5091, "chronic_disease_burden_score": -0.10731579327036452, "preventive_care_gap_score": -0.16937830435821388, "health_need_score": -0.13834704881428919, "need_intensity": 0.21272878879049026, "priority_weighted_population": 1083.0022637323859, "health_priority_rank": 793 }, "geometry": { "type": "Point", "coordinates": [ -77.184375, 38.8234565 ] } },
{ "type": "Feature", "properties": { "LocationID": "24033804200", "StateAbbr": "MD", "CountyName": "Prince George's", "CountyFIPS": 24033, "lon": -76.918844, "lat": 38.925195, "TotalPopulation": 2980, "chronic_disease_burden_score": 0.28562255498335659, "preventive_care_gap_score": -0.56238061506283255, "health_need_score": -0.13837903003973798, "need_intensity": 0.21272013581212434, "priority_weighted_population": 633.90600472013057, "health_priority_rank": 794 }, "geometry": { "type": "Point", "coordinates": [ -76.918844, 38.925195 ] } },
{ "type": "Feature", "properties": { "LocationID": "24031703502", "StateAbbr": "MD", "CountyName": "Montgomery", "CountyFIPS": 24031, "lon": -77.0818199, "lat": 39.0379826, "TotalPopulation": 3108, "chronic_disease_burden_score": 0.084482301002017479, "preventive_care_gap_score": -0.36265292244041536, "health_need_score": -0.13908531071919894, "need_intensity": 0.21252904146367857, "priority_weighted_population": 660.54026086911301, "health_priority_rank": 795 }, "geometry": { "type": "Point", "coordinates": [ -77.0818199, 39.0379826 ] } },
{ "type": "Feature", "properties": { "LocationID": "51059421702", "StateAbbr": "VA", "CountyName": "Fairfax", "CountyFIPS": 51059, "lon": -77.1153294, "lat": 38.7389962, "TotalPopulation": 4000, "chronic_disease_burden_score": -0.06622575237879301, "preventive_care_gap_score": -0.21230895114281251, "health_need_score": -0.13926735176080277, "need_intensity": 0.21247978765390113, "priority_weighted_population": 849.91915061560451, "health_priority_rank": 796 }, "geometry": { "type": "Point", "coordinates": [ -77.1153294, 38.7389962 ] } },
{ "type": "Feature", "properties": { "LocationID": "11001010500", "StateAbbr": "DC", "CountyName": "District of Columbia", "CountyFIPS": 11001, "lon": -77.0133789, "lat": 38.8818529, "TotalPopulation": 3712, "chronic_disease_burden_score": -0.41635348817785367, "preventive_care_gap_score": 0.13650088194053614, "health_need_score": -0.13992630311865878, "need_intensity": 0.21230149893094885, "priority_weighted_population": 788.06316403168216, "health_priority_rank": 797 }, "geometry": { "type": "Point", "coordinates": [ -77.0133789, 38.8818529 ] } },
{ "type": "Feature", "properties": { "LocationID": "51107610703", "StateAbbr": "VA", "CountyName": "Loudoun", "CountyFIPS": 51107, "lon": -77.6503433, "lat": 39.0966955, "TotalPopulation": 5364, "chronic_disease_burden_score": 0.29774684544960162, "preventive_care_gap_score": -0.57779918431703325, "health_need_score": -0.14002616943371582, "need_intensity": 0.21227447866979424, "priority_weighted_population": 1138.6403035847763, "health_priority_rank": 798 }, "geometry": { "type": "Point", "coordinates": [ -77.6503433, 39.0966955 ] } },
{ "type": "Feature", "properties": { "LocationID": "51059461901", "StateAbbr": "VA", "CountyName": "Fairfax", "CountyFIPS": 51059, "lon": -77.2862942, "lat": 38.8692112, "TotalPopulation": 3756, "chronic_disease_burden_score": -0.34681946497112243, "preventive_care_gap_score": 0.065504232352625646, "health_need_score": -0.14065761630924839, "need_intensity": 0.21210363167826943, "priority_weighted_population": 796.66124058358002, "health_priority_rank": 799 }, "geometry": { "type": "Point", "coordinates": [ -77.2862942, 38.8692112 ] } },
{ "type": "Feature", "properties": { "LocationID": "51059430700", "StateAbbr": "VA", "CountyName": "Fairfax", "CountyFIPS": 51059, "lon": -77.2015728, "lat": 38.7857498, "TotalPopulation": 2923, "chronic_disease_burden_score": -0.30101078996458547, "preventive_care_gap_score": 0.017594130309890862, "health_need_score": -0.1417083298273473, "need_intensity": 0.21181934609467185, "priority_weighted_population": 619.14794863472582, "health_priority_rank": 800 }, "geometry": { "type": "Point", "coordinates": [ -77.2015728, 38.7857498 ] } },
{ "type": "Feature", "properties": { "LocationID": "24031704000", "StateAbbr": "MD", "CountyName": "Montgomery", "CountyFIPS": 24031, "lon": -77.0544179, "lat": 39.021678, "TotalPopulation": 7285, "chronic_disease_burden_score": -0.11918497305967328, "preventive_care_gap_score": -0.16428568680104194, "health_need_score": -0.14173532993035762, "need_intensity": 0.2118120408302879, "priority_weighted_population": 1543.0507174486474, "health_priority_rank": 801 }, "geometry": { "type": "Point", "coordinates": [ -77.0544179, 39.021678 ] } },
{ "type": "Feature", "properties": { "LocationID": "51510200407", "StateAbbr": "VA", "CountyName": "Alexandria", "CountyFIPS": 51510, "lon": -77.1417563, "lat": 38.8098741, "TotalPopulation": 3921, "chronic_disease_burden_score": 0.43369467013233187, "preventive_care_gap_score": -0.71944858660467048, "health_need_score": -0.1428769582361693, "need_intensity": 0.21150315694940244, "priority_weighted_population": 829.30387839860703, "health_priority_rank": 802 }, "geometry": { "type": "Point", "coordinates": [ -77.1417563, 38.8098741 ] } },
{ "type": "Feature", "properties": { "LocationID": "24033801309", "StateAbbr": "MD", "CountyName": "Prince George's", "CountyFIPS": 24033, "lon": -77.0317003, "lat": 38.7102524, "TotalPopulation": 3605, "chronic_disease_burden_score": 0.59460343691466266, "preventive_care_gap_score": -0.8871725540244243, "health_need_score": -0.14628455855488082, "need_intensity": 0.21058118190236486, "priority_weighted_population": 759.14516075802533, "health_priority_rank": 803 }, "geometry": { "type": "Point", "coordinates": [ -77.0317003, 38.7102524 ] } },
{ "type": "Feature", "properties": { "LocationID": "24031700209", "StateAbbr": "MD", "CountyName": "Montgomery", "CountyFIPS": 24031, "lon": -77.221281, "lat": 39.233428, "TotalPopulation": 4451, "chronic_disease_burden_score": 0.1162229266194949, "preventive_care_gap_score": -0.40970352922400821, "health_need_score": -0.14674030130225665, "need_intensity": 0.21045787417796963, "priority_weighted_population": 936.74799796614286, "health_priority_rank": 804 }, "geometry": { "type": "Point", "coordinates": [ -77.221281, 39.233428 ] } },
{ "type": "Feature", "properties": { "LocationID": "24033800513", "StateAbbr": "MD", "CountyName": "Prince George's", "CountyFIPS": 24033, "lon": -76.7593049, "lat": 38.9606453, "TotalPopulation": 6950, "chronic_disease_burden_score": 0.14656987185702522, "preventive_care_gap_score": -0.44199812582398468, "health_need_score": -0.14771412698347974, "need_intensity": 0.21019439169931101, "priority_weighted_population": 1460.8510223102114, "health_priority_rank": 805 }, "geometry": { "type": "Point", "coordinates": [ -76.7593049, 38.9606453 ] } },
{ "type": "Feature", "properties": { "LocationID": "24033800411", "StateAbbr": "MD", "CountyName": "Prince George's", "CountyFIPS": 24033, "lon": -76.8124995, "lat": 39.0245929, "TotalPopulation": 4877, "chronic_disease_burden_score": 0.12660399094877273, "preventive_care_gap_score": -0.42493799467341753, "health_need_score": -0.1491670018623224, "need_intensity": 0.20980129560250493, "priority_weighted_population": 1023.2009186534166, "health_priority_rank": 806 }, "geometry": { "type": "Point", "coordinates": [ -76.8124995, 39.0245929 ] } },
{ "type": "Feature", "properties": { "LocationID": "51153901303", "StateAbbr": "VA", "CountyName": "Prince William", "CountyFIPS": 51153, "lon": -77.4863504, "lat": 38.7272124, "TotalPopulation": 5107, "chronic_disease_burden_score": -0.16049027555996451, "preventive_care_gap_score": -0.14668229657998466, "health_need_score": -0.1535862860699746, "need_intensity": 0.20860559499675926, "priority_weighted_population": 1065.3487736484497, "health_priority_rank": 807 }, "geometry": { "type": "Point", "coordinates": [ -77.4863504, 38.7272124 ] } },
{ "type": "Feature", "properties": { "LocationID": "24031700308", "StateAbbr": "MD", "CountyName": "Montgomery", "CountyFIPS": 24031, "lon": -77.2779343, "lat": 39.1979284, "TotalPopulation": 6221, "chronic_disease_burden_score": -0.13596688812502739, "preventive_care_gap_score": -0.17346002510341119, "health_need_score": -0.15471345661421929, "need_intensity": 0.2083006228702329, "priority_weighted_population": 1295.838174875719, "health_priority_rank": 808 }, "geometry": { "type": "Point", "coordinates": [ -77.2779343, 39.1979284 ] } },
{ "type": "Feature", "properties": { "LocationID": "24031700500", "StateAbbr": "MD", "CountyName": "Montgomery", "CountyFIPS": 24031, "lon": -77.4397368, "lat": 39.1234371, "TotalPopulation": 7196, "chronic_disease_burden_score": 0.11296154627963285, "preventive_care_gap_score": -0.42581716811714809, "health_need_score": -0.15642781091875763, "need_intensity": 0.20783677977164927, "priority_weighted_population": 1495.5934672367882, "health_priority_rank": 809 }, "geometry": { "type": "Point", "coordinates": [ -77.4397368, 39.1234371 ] } },
{ "type": "Feature", "properties": { "LocationID": "24031700309", "StateAbbr": "MD", "CountyName": "Montgomery", "CountyFIPS": 24031, "lon": -77.2703189, "lat": 39.1881087, "TotalPopulation": 5807, "chronic_disease_burden_score": -0.53300307554176485, "preventive_care_gap_score": 0.21813592762125297, "health_need_score": -0.15743357396025592, "need_intensity": 0.20756465618297537, "priority_weighted_population": 1205.327958454538, "health_priority_rank": 810 }, "geometry": { "type": "Point", "coordinates": [ -77.2703189, 39.1881087 ] } },
{ "type": "Feature", "properties": { "LocationID": "51059431001", "StateAbbr": "VA", "CountyName": "Fairfax", "CountyFIPS": 51059, "lon": -77.2713144, "lat": 38.7807414, "TotalPopulation": 4948, "chronic_disease_burden_score": -0.11172681349489434, "preventive_care_gap_score": -0.20368950510910588, "health_need_score": -0.15770815930200011, "need_intensity": 0.20749036318799582, "priority_weighted_population": 1026.6623170542034, "health_priority_rank": 811 }, "geometry": { "type": "Point", "coordinates": [ -77.2713144, 38.7807414 ] } },
{ "type": "Feature", "properties": { "LocationID": "51510200305", "StateAbbr": "VA", "CountyName": "Alexandria", "CountyFIPS": 51510, "lon": -77.1212644, "lat": 38.8144158, "TotalPopulation": 2426, "chronic_disease_burden_score": 0.18101699544721514, "preventive_care_gap_score": -0.49762784353285322, "health_need_score": -0.15830542404281905, "need_intensity": 0.20732876466234518, "priority_weighted_population": 502.9795830708494, "health_priority_rank": 812 }, "geometry": { "type": "Point", "coordinates": [ -77.1212644, 38.8144158 ] } },
{ "type": "Feature", "properties": { "LocationID": "51059451000", "StateAbbr": "VA", "CountyName": "Fairfax", "CountyFIPS": 51059, "lon": -77.1826546, "lat": 38.8416805, "TotalPopulation": 2707, "chronic_disease_burden_score": 0.15896054172993951, "preventive_care_gap_score": -0.47929706183571841, "health_need_score": -0.16016826005288945, "need_intensity": 0.20682474771277015, "priority_weighted_population": 559.87459205846881, "health_priority_rank": 813 }, "geometry": { "type": "Point", "coordinates": [ -77.1826546, 38.8416805 ] } },
{ "type": "Feature", "properties": { "LocationID": "51107611017", "StateAbbr": "VA", "CountyName": "Loudoun", "CountyFIPS": 51107, "lon": -77.4640679, "lat": 39.0390671, "TotalPopulation": 3397, "chronic_disease_burden_score": 0.53430436996527209, "preventive_care_gap_score": -0.85677073763538913, "health_need_score": -0.16123318383505852, "need_intensity": 0.20653661733880424, "priority_weighted_population": 701.60488909991795, "health_priority_rank": 814 }, "geometry": { "type": "Point", "coordinates": [ -77.4640679, 39.0390671 ] } },
{ "type": "Feature", "properties": { "LocationID": "24033806710", "StateAbbr": "MD", "CountyName": "Prince George's", "CountyFIPS": 24033, "lon": -76.8729085, "lat": 38.986222, "TotalPopulation": 5256, "chronic_disease_burden_score": -0.0012158724777954716, "preventive_care_gap_score": -0.32204243417887868, "health_need_score": -0.16162915332833708, "need_intensity": 0.20642948212397685, "priority_weighted_population": 1084.9933580436223, "health_priority_rank": 815 }, "geometry": { "type": "Point", "coordinates": [ -76.8729085, 38.986222 ] } },
{ "type": "Feature", "properties": { "LocationID": "24033805909", "StateAbbr": "MD", "CountyName": "Prince George's", "CountyFIPS": 24033, "lon": -76.9604189, "lat": 38.9777773, "TotalPopulation": 5024, "chronic_disease_burden_score": -1.0879015061872026, "preventive_care_gap_score": 0.76385201314783024, "health_need_score": -0.16202474651968618, "need_intensity": 0.20632244872302338, "priority_weighted_population": 1036.5639823844695, "health_priority_rank": 816 }, "geometry": { "type": "Point", "coordinates": [ -76.9604189, 38.9777773 ] } },
{ "type": "Feature", "properties": { "LocationID": "51630000100", "StateAbbr": "VA", "CountyName": "Fredericksburg", "CountyFIPS": 51630, "lon": -77.466221, "lat": 38.30416, "TotalPopulation": 3175, "chronic_disease_burden_score": 0.34856006217634267, "preventive_care_gap_score": -0.67693597477677725, "health_need_score": -0.16418795630021729, "need_intensity": 0.20573716134991049, "priority_weighted_population": 653.21548728596576, "health_priority_rank": 817 }, "geometry": { "type": "Point", "coordinates": [ -77.466221, 38.30416 ] } },
{ "type": "Feature", "properties": { "LocationID": "24021752301", "StateAbbr": "MD", "CountyName": "Frederick", "CountyFIPS": 24021, "lon": -77.4308471, "lat": 39.3659437, "TotalPopulation": 7217, "chronic_disease_burden_score": -0.38515943390963281, "preventive_care_gap_score": 0.055048576094304455, "health_need_score": -0.16505542890766417, "need_intensity": 0.20550245421783783, "priority_weighted_population": 1483.1112120901357, "health_priority_rank": 818 }, "geometry": { "type": "Point", "coordinates": [ -77.4308471, 39.3659437 ] } },
{ "type": "Feature", "properties": { "LocationID": "24033801311", "StateAbbr": "MD", "CountyName": "Prince George's", "CountyFIPS": 24033, "lon": -76.9495856, "lat": 38.7120864, "TotalPopulation": 8300, "chronic_disease_burden_score": 0.25474755925307213, "preventive_care_gap_score": -0.58523329666747281, "health_need_score": -0.16524286870720034, "need_intensity": 0.20545173969681699, "priority_weighted_population": 1705.249439483581, "health_priority_rank": 819 }, "geometry": { "type": "Point", "coordinates": [ -76.9495856, 38.7120864 ] } },
{ "type": "Feature", "properties": { "LocationID": "24033800403", "StateAbbr": "MD", "CountyName": "Prince George's", "CountyFIPS": 24033, "lon": -76.7514702, "lat": 38.9981639, "TotalPopulation": 3952, "chronic_disease_burden_score": 0.22897120308490201, "preventive_care_gap_score": -0.56103121638395126, "health_need_score": -0.16603000664952461, "need_intensity": 0.20523876825840784, "priority_weighted_population": 811.10361215722776, "health_priority_rank": 820 }, "geometry": { "type": "Point", "coordinates": [ -76.7514702, 38.9981639 ] } },
{ "type": "Feature", "properties": { "LocationID": "51600300200", "StateAbbr": "VA", "CountyName": "Fairfax", "CountyFIPS": 51600, "lon": -77.2914204, "lat": 38.8612003, "TotalPopulation": 5200, "chronic_disease_burden_score": -0.033454457505589313, "preventive_care_gap_score": -0.29919041686539871, "health_need_score": -0.166322437185494, "need_intensity": 0.20515964699067138, "priority_weighted_population": 1066.8301643514912, "health_priority_rank": 821 }, "geometry": { "type": "Point", "coordinates": [ -77.2914204, 38.8612003 ] } },
{ "type": "Feature", "properties": { "LocationID": "51059430500", "StateAbbr": "VA", "CountyName": "Fairfax", "CountyFIPS": 51059, "lon": -77.2064204, "lat": 38.7961973, "TotalPopulation": 1716, "chronic_disease_burden_score": 0.014375573413872128, "preventive_care_gap_score": -0.35058417672462283, "health_need_score": -0.16810430165537535, "need_intensity": 0.2046775380504261, "priority_weighted_population": 351.22665529453121, "health_priority_rank": 822 }, "geometry": { "type": "Point", "coordinates": [ -77.2064204, 38.7961973 ] } },
{ "type": "Feature", "properties": { "LocationID": "51153900904", "StateAbbr": "VA", "CountyName": "Prince William", "CountyFIPS": 51153, "lon": -77.2885287, "lat": 38.5604161, "TotalPopulation": 6853, "chronic_disease_burden_score": -0.27860904805838688, "preventive_care_gap_score": -0.059738281415248534, "health_need_score": -0.16917366473681772, "need_intensity": 0.20438820656049192, "priority_weighted_population": 1400.672379559051, "health_priority_rank": 823 }, "geometry": { "type": "Point", "coordinates": [ -77.2885287, 38.5604161 ] } },
{ "type": "Feature", "properties": { "LocationID": "51179010105", "StateAbbr": "VA", "CountyName": "Stafford", "CountyFIPS": 51179, "lon": -77.3746796, "lat": 38.4206802, "TotalPopulation": 8089, "chronic_disease_burden_score": -0.021514325291862504, "preventive_care_gap_score": -0.31839214120905823, "health_need_score": -0.16995323325046036, "need_intensity": 0.20417728313937122, "priority_weighted_population": 1651.5900433143738, "health_priority_rank": 824 }, "geometry": { "type": "Point", "coordinates": [ -77.3746796, 38.4206802 ] } },
{ "type": "Feature", "properties": { "LocationID": "24031701704", "StateAbbr": "MD", "CountyName": "Montgomery", "CountyFIPS": 24031, "lon": -76.9981538, "lat": 38.9758298, "TotalPopulation": 3033, "chronic_disease_burden_score": -0.023640124257239881, "preventive_care_gap_score": -0.32108526102705187, "health_need_score": -0.17236269264214588, "need_intensity": 0.20352536940882421, "priority_weighted_population": 617.2924454169638, "health_priority_rank": 825 }, "geometry": { "type": "Point", "coordinates": [ -76.9981538, 38.9758298 ] } },
{ "type": "Feature", "properties": { "LocationID": "51153901231", "StateAbbr": "VA", "CountyName": "Prince William", "CountyFIPS": 51153, "lon": -77.4178402, "lat": 38.738969, "TotalPopulation": 7144, "chronic_disease_burden_score": 0.037775787374636424, "preventive_care_gap_score": -0.38832455624915746, "health_need_score": -0.17527438443726051, "need_intensity": 0.20273756951192354, "priority_weighted_population": 1448.3571965931817, "health_priority_rank": 826 }, "geometry": { "type": "Point", "coordinates": [ -77.4178402, 38.738969 ] } },
{ "type": "Feature", "properties": { "LocationID": "24033803516", "StateAbbr": "MD", "CountyName": "Prince George's", "CountyFIPS": 24033, "lon": -76.8174928, "lat": 38.9536716, "TotalPopulation": 4887, "chronic_disease_burden_score": 0.21165059977842804, "preventive_care_gap_score": -0.56273818729833758, "health_need_score": -0.17554379375995477, "need_intensity": 0.20266467696299417, "priority_weighted_population": 990.42227631815251, "health_priority_rank": 827 }, "geometry": { "type": "Point", "coordinates": [ -76.8174928, 38.9536716 ] } },
{ "type": "Feature", "properties": { "LocationID": "24031701506", "StateAbbr": "MD", "CountyName": "Montgomery", "CountyFIPS": 24031, "lon": -77.0050149, "lat": 39.0548604, "TotalPopulation": 5144, "chronic_disease_burden_score": 0.30138112723473615, "preventive_care_gap_score": -0.65267500147171109, "health_need_score": -0.17564693711848747, "need_intensity": 0.20263677005081535, "priority_weighted_population": 1042.3635451413941, "health_priority_rank": 828 }, "geometry": { "type": "Point", "coordinates": [ -77.0050149, 39.0548604 ] } },
{ "type": "Feature", "properties": { "LocationID": "51013102302", "StateAbbr": "VA", "CountyName": "Arlington", "CountyFIPS": 51013, "lon": -77.1030117, "lat": 38.8616135, "TotalPopulation": 4668, "chronic_disease_burden_score": -0.57106597667322812, "preventive_care_gap_score": 0.21755995103805795, "health_need_score": -0.1767530128175851, "need_intensity": 0.20233750543662249, "priority_weighted_population": 944.51147537815382, "health_priority_rank": 829 }, "geometry": { "type": "Point", "coordinates": [ -77.1030117, 38.8616135 ] } },
{ "type": "Feature", "properties": { "LocationID": "51059430902", "StateAbbr": "VA", "CountyName": "Fairfax", "CountyFIPS": 51059, "lon": -77.2587998, "lat": 38.7916693, "TotalPopulation": 3415, "chronic_disease_burden_score": -0.029242780568895652, "preventive_care_gap_score": -0.3258909416263715, "health_need_score": -0.17756686109763359, "need_intensity": 0.20211730713397566, "priority_weighted_population": 690.23060386252689, "health_priority_rank": 830 }, "geometry": { "type": "Point", "coordinates": [ -77.2587998, 38.7916693 ] } },
{ "type": "Feature", "properties": { "LocationID": "24021751201", "StateAbbr": "MD", "CountyName": "Frederick", "CountyFIPS": 24021, "lon": -77.4266399, "lat": 39.4521276, "TotalPopulation": 5702, "chronic_disease_burden_score": 0.10211370627835975, "preventive_care_gap_score": -0.45751060659140325, "health_need_score": -0.17769845015652175, "need_intensity": 0.20208170383035701, "priority_weighted_population": 1152.2698752406957, "health_priority_rank": 831 }, "geometry": { "type": "Point", "coordinates": [ -77.4266399, 39.4521276 ] } },
{ "type": "Feature", "properties": { "LocationID": "51059491706", "StateAbbr": "VA", "CountyName": "Fairfax", "CountyFIPS": 51059, "lon": -77.3588968, "lat": 38.8629314, "TotalPopulation": 2899, "chronic_disease_burden_score": -0.92860501314214505, "preventive_care_gap_score": 0.57260341832154826, "health_need_score": -0.17800079741029839, "need_intensity": 0.20199989945265703, "priority_weighted_population": 585.59770851325277, "health_priority_rank": 832 }, "geometry": { "type": "Point", "coordinates": [ -77.3588968, 38.8629314 ] } },
{ "type": "Feature", "properties": { "LocationID": "51061930304", "StateAbbr": "VA", "CountyName": "Fauquier", "CountyFIPS": 51061, "lon": -77.7224372, "lat": 38.806579, "TotalPopulation": 2564, "chronic_disease_burden_score": 0.71468227235841453, "preventive_care_gap_score": -1.0725146134655814, "health_need_score": -0.17891617055358344, "need_intensity": 0.20175223214490298, "priority_weighted_population": 517.29272321953124, "health_priority_rank": 833 }, "geometry": { "type": "Point", "coordinates": [ -77.7224372, 38.806579 ] } },
{ "type": "Feature", "properties": { "LocationID": "24031700823", "StateAbbr": "MD", "CountyName": "Montgomery", "CountyFIPS": 24031, "lon": -77.2359227, "lat": 39.1335903, "TotalPopulation": 3509, "chronic_disease_burden_score": -0.069073441756272266, "preventive_care_gap_score": -0.29049420844399659, "health_need_score": -0.17978382510013444, "need_intensity": 0.2015174757866012, "priority_weighted_population": 707.12482253518363, "health_priority_rank": 834 }, "geometry": { "type": "Point", "coordinates": [ -77.2359227, 39.1335903 ] } },
{ "type": "Feature", "properties": { "LocationID": "24031700105", "StateAbbr": "MD", "CountyName": "Montgomery", "CountyFIPS": 24031, "lon": -77.1631963, "lat": 39.1753881, "TotalPopulation": 6406, "chronic_disease_burden_score": -0.32134863687434884, "preventive_care_gap_score": -0.04069539790471402, "health_need_score": -0.18102201738953144, "need_intensity": 0.20118246513761467, "priority_weighted_population": 1288.7748716715596, "health_priority_rank": 835 }, "geometry": { "type": "Point", "coordinates": [ -77.1631963, 39.1753881 ] } },
{ "type": "Feature", "properties": { "LocationID": "51059481103", "StateAbbr": "VA", "CountyName": "Fairfax", "CountyFIPS": 51059, "lon": -77.4061185, "lat": 38.9473416, "TotalPopulation": 3664, "chronic_disease_burden_score": -0.67957119333294147, "preventive_care_gap_score": 0.31664563033574972, "health_need_score": -0.18146278149859588, "need_intensity": 0.20106321009823822, "priority_weighted_population": 736.69560179994482, "health_priority_rank": 836 }, "geometry": { "type": "Point", "coordinates": [ -77.4061185, 38.9473416 ] } },
{ "type": "Feature", "properties": { "LocationID": "51059440202", "StateAbbr": "VA", "CountyName": "Fairfax", "CountyFIPS": 51059, "lon": -77.2361249, "lat": 38.8567708, "TotalPopulation": 6032, "chronic_disease_burden_score": -0.47413116045415843, "preventive_care_gap_score": 0.10825255350051216, "health_need_score": -0.18293930347682313, "need_intensity": 0.20066371594017834, "priority_weighted_population": 1210.4035345511559, "health_priority_rank": 837 }, "geometry": { "type": "Point", "coordinates": [ -77.2361249, 38.8567708 ] } },
{ "type": "Feature", "properties": { "LocationID": "24031701316", "StateAbbr": "MD", "CountyName": "Montgomery", "CountyFIPS": 24031, "lon": -77.0066759, "lat": 39.1586446, "TotalPopulation": 6480, "chronic_disease_burden_score": 0.34778137692151723, "preventive_care_gap_score": -0.71471551187730431, "health_need_score": -0.18346706747789354, "need_intensity": 0.20052092183459042, "priority_weighted_population": 1299.3755734881458, "health_priority_rank": 838 }, "geometry": { "type": "Point", "coordinates": [ -77.0066759, 39.1586446 ] } },
{ "type": "Feature", "properties": { "LocationID": "51059432000", "StateAbbr": "VA", "CountyName": "Fairfax", "CountyFIPS": 51059, "lon": -77.3222022, "lat": 38.7953989, "TotalPopulation": 3393, "chronic_disease_burden_score": -0.078731209434007188, "preventive_care_gap_score": -0.28893175812580574, "health_need_score": -0.18383148377990646, "need_intensity": 0.20042232378735328, "priority_weighted_population": 680.03294461048972, "health_priority_rank": 839 }, "geometry": { "type": "Point", "coordinates": [ -77.3222022, 38.7953989 ] } },
{ "type": "Feature", "properties": { "LocationID": "51107610504", "StateAbbr": "VA", "CountyName": "Loudoun", "CountyFIPS": 51107, "lon": -77.5497896, "lat": 39.1208762, "TotalPopulation": 7094, "chronic_disease_burden_score": -0.36072896480259242, "preventive_care_gap_score": -0.0073825515395112683, "health_need_score": -0.18405575817105185, "need_intensity": 0.20036164314027441, "priority_weighted_population": 1421.3654964371067, "health_priority_rank": 840 }, "geometry": { "type": "Point", "coordinates": [ -77.5497896, 39.1208762 ] } },
{ "type": "Feature", "properties": { "LocationID": "51107611601", "StateAbbr": "VA", "CountyName": "Loudoun", "CountyFIPS": 51107, "lon": -77.423746, "lat": 38.9978936, "TotalPopulation": 4317, "chronic_disease_burden_score": -0.64486072786993975, "preventive_care_gap_score": 0.27586335866139083, "health_need_score": -0.18449868460427446, "need_intensity": 0.20024180305314265, "priority_weighted_population": 864.44386378041679, "health_priority_rank": 841 }, "geometry": { "type": "Point", "coordinates": [ -77.423746, 38.9978936 ] } },
{ "type": "Feature", "properties": { "LocationID": "11001009203", "StateAbbr": "DC", "CountyName": "District of Columbia", "CountyFIPS": 11001, "lon": -77.0054956, "lat": 38.9219735, "TotalPopulation": 2775, "chronic_disease_burden_score": -0.47756728199523391, "preventive_care_gap_score": 0.10730986192831743, "health_need_score": -0.18512871003345824, "need_intensity": 0.20007134065427593, "priority_weighted_population": 555.19797031561575, "health_priority_rank": 842 }, "geometry": { "type": "Point", "coordinates": [ -77.0054956, 38.9219735 ] } },
{ "type": "Feature", "properties": { "LocationID": "24033801006", "StateAbbr": "MD", "CountyName": "Prince George's", "CountyFIPS": 24033, "lon": -76.8230132, "lat": 38.7571595, "TotalPopulation": 3930, "chronic_disease_burden_score": 0.29392969291631582, "preventive_care_gap_score": -0.6663925035848911, "health_need_score": -0.18623140533428764, "need_intensity": 0.19977299065522597, "priority_weighted_population": 785.10785327503811, "health_priority_rank": 843 }, "geometry": { "type": "Point", "coordinates": [ -76.8230132, 38.7571595 ] } },
{ "type": "Feature", "properties": { "LocationID": "51059420700", "StateAbbr": "VA", "CountyName": "Fairfax", "CountyFIPS": 51059, "lon": -77.1052402, "lat": 38.7857532, "TotalPopulation": 4241, "chronic_disease_burden_score": 0.014293242171581072, "preventive_care_gap_score": -0.39008712779658905, "health_need_score": -0.18789694281250399, "need_intensity": 0.19932235564783107, "priority_weighted_population": 845.32611030245153, "health_priority_rank": 844 }, "geometry": { "type": "Point", "coordinates": [ -77.1052402, 38.7857532 ] } },
{ "type": "Feature", "properties": { "LocationID": "24031701415", "StateAbbr": "MD", "CountyName": "Montgomery", "CountyFIPS": 24031, "lon": -76.9894825, "lat": 39.0843083, "TotalPopulation": 7916, "chronic_disease_burden_score": 0.13790817584583903, "preventive_care_gap_score": -0.51703027919458477, "health_need_score": -0.18956105167437287, "need_intensity": 0.19887210717304007, "priority_weighted_population": 1574.2716003817852, "health_priority_rank": 845 }, "geometry": { "type": "Point", "coordinates": [ -76.9894825, 39.0843083 ] } },
{ "type": "Feature", "properties": { "LocationID": "51059431300", "StateAbbr": "VA", "CountyName": "Fairfax", "CountyFIPS": 51059, "lon": -77.2436285, "lat": 38.7674808, "TotalPopulation": 4419, "chronic_disease_burden_score": 0.030715145050577205, "preventive_care_gap_score": -0.41202188856501326, "health_need_score": -0.19065337175721803, "need_intensity": 0.19857656433774007, "priority_weighted_population": 877.50983780847332, "health_priority_rank": 846 }, "geometry": { "type": "Point", "coordinates": [ -77.2436285, 38.7674808 ] } },
{ "type": "Feature", "properties": { "LocationID": "24033801106", "StateAbbr": "MD", "CountyName": "Prince George's", "CountyFIPS": 24033, "lon": -76.8691578, "lat": 38.8098033, "TotalPopulation": 1674, "chronic_disease_burden_score": -0.92314362558293861, "preventive_care_gap_score": 0.54056205665314949, "health_need_score": -0.19129078446489456, "need_intensity": 0.19840410320492605, "priority_weighted_population": 332.12846876504619, "health_priority_rank": 847 }, "geometry": { "type": "Point", "coordinates": [ -76.8691578, 38.8098033 ] } },
{ "type": "Feature", "properties": { "LocationID": "51059422102", "StateAbbr": "VA", "CountyName": "Fairfax", "CountyFIPS": 51059, "lon": -77.218254, "lat": 38.6906011, "TotalPopulation": 6677, "chronic_disease_burden_score": -0.43414976563021929, "preventive_care_gap_score": 0.043300726437547482, "health_need_score": -0.19542451959633589, "need_intensity": 0.19728566198946904, "priority_weighted_population": 1317.2763651036848, "health_priority_rank": 848 }, "geometry": { "type": "Point", "coordinates": [ -77.218254, 38.6906011 ] } },
{ "type": "Feature", "properties": { "LocationID": "51059451100", "StateAbbr": "VA", "CountyName": "Fairfax", "CountyFIPS": 51059, "lon": -77.1577285, "lat": 38.841836, "TotalPopulation": 2314, "chronic_disease_burden_score": 0.15031338847548736, "preventive_care_gap_score": -0.54630875152870617, "health_need_score": -0.1979976815266094, "need_intensity": 0.19658945619365664, "priority_weighted_population": 454.90800163212145, "health_priority_rank": 849 }, "geometry": { "type": "Point", "coordinates": [ -77.1577285, 38.841836 ] } },
{ "type": "Feature", "properties": { "LocationID": "51059471401", "StateAbbr": "VA", "CountyName": "Fairfax", "CountyFIPS": 51059, "lon": -77.1976624, "lat": 38.8849109, "TotalPopulation": 3759, "chronic_disease_burden_score": -0.28454336359180288, "preventive_care_gap_score": -0.11169788647400998, "health_need_score": -0.19812062503290642, "need_intensity": 0.19655619206805519, "priority_weighted_population": 738.85472598381943, "health_priority_rank": 850 }, "geometry": { "type": "Point", "coordinates": [ -77.1976624, 38.8849109 ] } },
{ "type": "Feature", "properties": { "LocationID": "51179010210", "StateAbbr": "VA", "CountyName": "Stafford", "CountyFIPS": 51179, "lon": -77.4258782, "lat": 38.4381236, "TotalPopulation": 11687, "chronic_disease_burden_score": -0.42488124942222433, "preventive_care_gap_score": 0.026986569920494433, "health_need_score": -0.19894733975086495, "need_intensity": 0.19633251256644488, "priority_weighted_population": 2294.5380743640412, "health_priority_rank": 851 }, "geometry": { "type": "Point", "coordinates": [ -77.4258782, 38.4381236 ] } },
{ "type": "Feature", "properties": { "LocationID": "24031701418", "StateAbbr": "MD", "CountyName": "Montgomery", "CountyFIPS": 24031, "lon": -76.9467203, "lat": 39.0709656, "TotalPopulation": 3524, "chronic_disease_burden_score": -0.054900961129802167, "preventive_care_gap_score": -0.34595047062187551, "health_need_score": -0.20042571587583885, "need_intensity": 0.19593251674244008, "priority_weighted_population": 690.4661890003589, "health_priority_rank": 852 }, "geometry": { "type": "Point", "coordinates": [ -76.9467203, 39.0709656 ] } },
{ "type": "Feature", "properties": { "LocationID": "51013102600", "StateAbbr": "VA", "CountyName": "Arlington", "CountyFIPS": 51013, "lon": -77.0936975, "lat": 38.8554206, "TotalPopulation": 3688, "chronic_disease_burden_score": -0.58797457051617497, "preventive_care_gap_score": 0.18468747321199713, "health_need_score": -0.20164354865208892, "need_intensity": 0.19560301465118793, "priority_weighted_population": 721.38391803358104, "health_priority_rank": 853 }, "geometry": { "type": "Point", "coordinates": [ -77.0936975, 38.8554206 ] } },
{ "type": "Feature", "properties": { "LocationID": "24021750805", "StateAbbr": "MD", "CountyName": "Frederick", "CountyFIPS": 24021, "lon": -77.3726272, "lat": 39.446551, "TotalPopulation": 4914, "chronic_disease_burden_score": -0.27429952385710815, "preventive_care_gap_score": -0.13496293272203597, "health_need_score": -0.20463122828957206, "need_intensity": 0.19479465515574593, "priority_weighted_population": 957.22093543533549, "health_priority_rank": 854 }, "geometry": { "type": "Point", "coordinates": [ -77.3726272, 39.446551 ] } },
{ "type": "Feature", "properties": { "LocationID": "24009860200", "StateAbbr": "MD", "CountyName": "Calvert", "CountyFIPS": 24009, "lon": -76.6579871, "lat": 38.6758822, "TotalPopulation": 6280, "chronic_disease_burden_score": 0.38973122971307622, "preventive_care_gap_score": -0.8020010478784414, "health_need_score": -0.20613490908268259, "need_intensity": 0.19438781279153292, "priority_weighted_population": 1220.7554643308267, "health_priority_rank": 855 }, "geometry": { "type": "Point", "coordinates": [ -76.6579871, 38.6758822 ] } },
{ "type": "Feature", "properties": { "LocationID": "24021750600", "StateAbbr": "MD", "CountyName": "Frederick", "CountyFIPS": 24021, "lon": -77.4228616, "lat": 39.4194962, "TotalPopulation": 2756, "chronic_disease_burden_score": 0.1458586960602421, "preventive_care_gap_score": -0.56044326417024248, "health_need_score": -0.20729228405500019, "need_intensity": 0.19407466842460608, "priority_weighted_population": 534.86978617821433, "health_priority_rank": 856 }, "geometry": { "type": "Point", "coordinates": [ -77.4228616, 39.4194962 ] } },
{ "type": "Feature", "properties": { "LocationID": "24033800606", "StateAbbr": "MD", "CountyName": "Prince George's", "CountyFIPS": 24033, "lon": -76.7622344, "lat": 38.8278223, "TotalPopulation": 4778, "chronic_disease_burden_score": -0.063332300409049011, "preventive_care_gap_score": -0.35164046822386458, "health_need_score": -0.2074863843164568, "need_intensity": 0.19402215182026611, "priority_weighted_population": 927.03784139723143, "health_priority_rank": 857 }, "geometry": { "type": "Point", "coordinates": [ -76.7622344, 38.8278223 ] } },
{ "type": "Feature", "properties": { "LocationID": "24031700819", "StateAbbr": "MD", "CountyName": "Montgomery", "CountyFIPS": 24031, "lon": -77.248836, "lat": 39.166638, "TotalPopulation": 6585, "chronic_disease_burden_score": -0.3701145215469982, "preventive_care_gap_score": -0.045161639661683656, "health_need_score": -0.20763808060434091, "need_intensity": 0.19398110821800166, "priority_weighted_population": 1277.365597615541, "health_priority_rank": 858 }, "geometry": { "type": "Point", "coordinates": [ -77.248836, 39.166638 ] } },
{ "type": "Feature", "properties": { "LocationID": "24031701004", "StateAbbr": "MD", "CountyName": "Montgomery", "CountyFIPS": 24031, "lon": -77.1659654, "lat": 39.0986188, "TotalPopulation": 5301, "chronic_disease_burden_score": 0.0299354802754534, "preventive_care_gap_score": -0.44525531832971166, "health_need_score": -0.20765991902712913, "need_intensity": 0.19397519952009284, "priority_weighted_population": 1028.2625326560121, "health_priority_rank": 859 }, "geometry": { "type": "Point", "coordinates": [ -77.1659654, 39.0986188 ] } },
{ "type": "Feature", "properties": { "LocationID": "51059430901", "StateAbbr": "VA", "CountyName": "Fairfax", "CountyFIPS": 51059, "lon": -77.2446555, "lat": 38.7836547, "TotalPopulation": 4326, "chronic_disease_burden_score": -0.26695289763209173, "preventive_care_gap_score": -0.14940413204497635, "health_need_score": -0.20817851483853406, "need_intensity": 0.19383488599946425, "priority_weighted_population": 838.5297168336823, "health_priority_rank": 860 }, "geometry": { "type": "Point", "coordinates": [ -77.2446555, 38.7836547 ] } },
{ "type": "Feature", "properties": { "LocationID": "24031701313", "StateAbbr": "MD", "CountyName": "Montgomery", "CountyFIPS": 24031, "lon": -77.0777344, "lat": 39.1351468, "TotalPopulation": 3785, "chronic_disease_burden_score": 0.15656974237622243, "preventive_care_gap_score": -0.57351573102380282, "health_need_score": -0.20847299432379018, "need_intensity": 0.19375521035916693, "priority_weighted_population": 733.36347120944686, "health_priority_rank": 861 }, "geometry": { "type": "Point", "coordinates": [ -77.0777344, 39.1351468 ] } },
{ "type": "Feature", "properties": { "LocationID": "51153900804", "StateAbbr": "VA", "CountyName": "Prince William", "CountyFIPS": 51153, "lon": -77.2771532, "lat": 38.5814189, "TotalPopulation": 5423, "chronic_disease_burden_score": -0.24510010964236742, "preventive_care_gap_score": -0.17367256710883158, "health_need_score": -0.2093863383755995, "need_intensity": 0.19350809205115868, "priority_weighted_population": 1049.3943831934334, "health_priority_rank": 862 }, "geometry": { "type": "Point", "coordinates": [ -77.2771532, 38.5814189 ] } },
{ "type": "Feature", "properties": { "LocationID": "51107611016", "StateAbbr": "VA", "CountyName": "Loudoun", "CountyFIPS": 51107, "lon": -77.4636783, "lat": 39.0469608, "TotalPopulation": 4140, "chronic_disease_burden_score": 0.77112634625995247, "preventive_care_gap_score": -1.1904816553354165, "health_need_score": -0.20967765453773202, "need_intensity": 0.19342927229321638, "priority_weighted_population": 800.79718729391584, "health_priority_rank": 863 }, "geometry": { "type": "Point", "coordinates": [ -77.4636783, 39.0469608 ] } },
{ "type": "Feature", "properties": { "LocationID": "24033800409", "StateAbbr": "MD", "CountyName": "Prince George's", "CountyFIPS": 24033, "lon": -76.7772461, "lat": 38.9840406, "TotalPopulation": 6678, "chronic_disease_burden_score": 0.1910412668623841, "preventive_care_gap_score": -0.61245343587475387, "health_need_score": -0.21070608450618489, "need_intensity": 0.19315101584297117, "priority_weighted_population": 1289.8624837993616, "health_priority_rank": 864 }, "geometry": { "type": "Point", "coordinates": [ -76.7772461, 38.9840406 ] } },
{ "type": "Feature", "properties": { "LocationID": "51061930306", "StateAbbr": "VA", "CountyName": "Fauquier", "CountyFIPS": 51061, "lon": -77.835649, "lat": 38.7324236, "TotalPopulation": 2900, "chronic_disease_burden_score": 0.24437259765716038, "preventive_care_gap_score": -0.66681173148506601, "health_need_score": -0.21121956691395283, "need_intensity": 0.19301208582689644, "priority_weighted_population": 559.73504889799972, "health_priority_rank": 865 }, "geometry": { "type": "Point", "coordinates": [ -77.835649, 38.7324236 ] } },
{ "type": "Feature", "properties": { "LocationID": "24031701315", "StateAbbr": "MD", "CountyName": "Montgomery", "CountyFIPS": 24031, "lon": -77.0527544, "lat": 39.1585226, "TotalPopulation": 4394, "chronic_disease_burden_score": 0.052111606843961739, "preventive_care_gap_score": -0.47582158769614619, "health_need_score": -0.21185499042609224, "need_intensity": 0.19284016289941092, "priority_weighted_population": 847.33967578001159, "health_priority_rank": 866 }, "geometry": { "type": "Point", "coordinates": [ -77.0527544, 39.1585226 ] } },
{ "type": "Feature", "properties": { "LocationID": "51059460701", "StateAbbr": "VA", "CountyName": "Fairfax", "CountyFIPS": 51059, "lon": -77.2537963, "lat": 38.8827853, "TotalPopulation": 3501, "chronic_disease_burden_score": -0.27094973252491283, "preventive_care_gap_score": -0.15602478944338985, "health_need_score": -0.21348726098415133, "need_intensity": 0.19239852873349042, "priority_weighted_population": 673.58724909594991, "health_priority_rank": 867 }, "geometry": { "type": "Point", "coordinates": [ -77.2537963, 38.8827853 ] } },
{ "type": "Feature", "properties": { "LocationID": "51107610507", "StateAbbr": "VA", "CountyName": "Loudoun", "CountyFIPS": 51107, "lon": -77.4945191, "lat": 39.1018593, "TotalPopulation": 6297, "chronic_disease_burden_score": 0.13821157095060446, "preventive_care_gap_score": -0.56620692172809195, "health_need_score": -0.21399767538874376, "need_intensity": 0.19226042880959421, "priority_weighted_population": 1210.6639202140148, "health_priority_rank": 868 }, "geometry": { "type": "Point", "coordinates": [ -77.4945191, 39.1018593 ] } },
{ "type": "Feature", "properties": { "LocationID": "24017850904", "StateAbbr": "MD", "CountyName": "Charles", "CountyFIPS": 24017, "lon": -76.8970548, "lat": 38.5547766, "TotalPopulation": 13090, "chronic_disease_burden_score": 0.0089168749384901866, "preventive_care_gap_score": -0.43744464305278447, "health_need_score": -0.21426388405714714, "need_intensity": 0.19218840224350156, "priority_weighted_population": 2515.7461853674354, "health_priority_rank": 869 }, "geometry": { "type": "Point", "coordinates": [ -76.8970548, 38.5547766 ] } },
{ "type": "Feature", "properties": { "LocationID": "11001003400", "StateAbbr": "DC", "CountyName": "District of Columbia", "CountyFIPS": 11001, "lon": -77.0177044, "lat": 38.9221674, "TotalPopulation": 5120, "chronic_disease_burden_score": -1.2849441111797923, "preventive_care_gap_score": 0.85504826676589918, "health_need_score": -0.21494792220694658, "need_intensity": 0.19200332592986416, "priority_weighted_population": 983.05702876090447, "health_priority_rank": 870 }, "geometry": { "type": "Point", "coordinates": [ -77.0177044, 38.9221674 ] } },
{ "type": "Feature", "properties": { "LocationID": "51059482100", "StateAbbr": "VA", "CountyName": "Fairfax", "CountyFIPS": 51059, "lon": -77.3374464, "lat": 38.9680419, "TotalPopulation": 3258, "chronic_disease_burden_score": 0.096057960661145844, "preventive_care_gap_score": -0.52789518670312008, "health_need_score": -0.21591861302098711, "need_intensity": 0.1917406916343983, "priority_weighted_population": 624.69117334486964, "health_priority_rank": 871 }, "geometry": { "type": "Point", "coordinates": [ -77.3374464, 38.9680419 ] } },
{ "type": "Feature", "properties": { "LocationID": "24021751902", "StateAbbr": "MD", "CountyName": "Frederick", "CountyFIPS": 24021, "lon": -77.3398797, "lat": 39.4050409, "TotalPopulation": 6005, "chronic_disease_burden_score": 0.0094633273381445997, "preventive_care_gap_score": -0.44189079704771539, "health_need_score": -0.2162137348547854, "need_intensity": 0.19166084219750751, "priority_weighted_population": 1150.9233573960325, "health_priority_rank": 872 }, "geometry": { "type": "Point", "coordinates": [ -77.3398797, 39.4050409 ] } },
{ "type": "Feature", "properties": { "LocationID": "51153901509", "StateAbbr": "VA", "CountyName": "Prince William", "CountyFIPS": 51153, "lon": -77.6682758, "lat": 38.8657722, "TotalPopulation": 7056, "chronic_disease_burden_score": 0.011749213699219319, "preventive_care_gap_score": -0.44473438908760116, "health_need_score": -0.21649258769419091, "need_intensity": 0.19158539456994519, "priority_weighted_population": 1351.8265440855332, "health_priority_rank": 873 }, "geometry": { "type": "Point", "coordinates": [ -77.6682758, 38.8657722 ] } },
{ "type": "Feature", "properties": { "LocationID": "51510200406", "StateAbbr": "VA", "CountyName": "Alexandria", "CountyFIPS": 51510, "lon": -77.1360556, "lat": 38.8117133, "TotalPopulation": 4949, "chronic_disease_burden_score": -0.55083288514573481, "preventive_care_gap_score": 0.11390259622386385, "health_need_score": -0.21846514446093548, "need_intensity": 0.19105169109896675, "priority_weighted_population": 945.51481924878647, "health_priority_rank": 874 }, "geometry": { "type": "Point", "coordinates": [ -77.1360556, 38.8117133 ] } },
{ "type": "Feature", "properties": { "LocationID": "51153901414", "StateAbbr": "VA", "CountyName": "Prince William", "CountyFIPS": 51153, "lon": -77.5997634, "lat": 38.7483287, "TotalPopulation": 4936, "chronic_disease_burden_score": 0.16903707265423012, "preventive_care_gap_score": -0.60628125110797604, "health_need_score": -0.21862208922687296, "need_intensity": 0.19100922744583146, "priority_weighted_population": 942.82154667262409, "health_priority_rank": 875 }, "geometry": { "type": "Point", "coordinates": [ -77.5997634, 38.7483287 ] } },
{ "type": "Feature", "properties": { "LocationID": "24031701218", "StateAbbr": "MD", "CountyName": "Montgomery", "CountyFIPS": 24031, "lon": -77.1197203, "lat": 39.05568, "TotalPopulation": 3050, "chronic_disease_burden_score": 0.10173200177152521, "preventive_care_gap_score": -0.53912398966550823, "health_need_score": -0.21869599394699152, "need_intensity": 0.19098923146583538, "priority_weighted_population": 582.51715597079794, "health_priority_rank": 876 }, "geometry": { "type": "Point", "coordinates": [ -77.1197203, 39.05568 ] } },
{ "type": "Feature", "properties": { "LocationID": "51153901237", "StateAbbr": "VA", "CountyName": "Prince William", "CountyFIPS": 51153, "lon": -77.3277445, "lat": 38.6855748, "TotalPopulation": 3468, "chronic_disease_burden_score": -0.36127796104600274, "preventive_care_gap_score": -0.077407529491366645, "health_need_score": -0.21934274526868469, "need_intensity": 0.19081424363731411, "priority_weighted_population": 661.74379693420531, "health_priority_rank": 877 }, "geometry": { "type": "Point", "coordinates": [ -77.3277445, 38.6855748 ] } },
{ "type": "Feature", "properties": { "LocationID": "24031701317", "StateAbbr": "MD", "CountyName": "Montgomery", "CountyFIPS": 24031, "lon": -77.0496568, "lat": 39.1984774, "TotalPopulation": 4494, "chronic_disease_burden_score": 0.11514554727023336, "preventive_care_gap_score": -0.55497816939142963, "health_need_score": -0.21991631106059814, "need_intensity": 0.19065905720154733, "priority_weighted_population": 856.82180306375369, "health_priority_rank": 878 }, "geometry": { "type": "Point", "coordinates": [ -77.0496568, 39.1984774 ] } },
{ "type": "Feature", "properties": { "LocationID": "11001001902", "StateAbbr": "DC", "CountyName": "District of Columbia", "CountyFIPS": 11001, "lon": -77.0156458, "lat": 38.9639299, "TotalPopulation": 2117, "chronic_disease_burden_score": 0.060148184756540483, "preventive_care_gap_score": -0.50325736916617536, "health_need_score": -0.22155459220481744, "need_intensity": 0.19021579678549788, "priority_weighted_population": 402.68684179489901, "health_priority_rank": 879 }, "geometry": { "type": "Point", "coordinates": [ -77.0156458, 38.9639299 ] } },
{ "type": "Feature", "properties": { "LocationID": "24021751904", "StateAbbr": "MD", "CountyName": "Frederick", "CountyFIPS": 24021, "lon": -77.3459482, "lat": 39.3781197, "TotalPopulation": 4606, "chronic_disease_burden_score": -0.068790980758311568, "preventive_care_gap_score": -0.37449554466688995, "health_need_score": -0.22164326271260076, "need_intensity": 0.19019180571027244, "priority_weighted_population": 876.02345710151485, "health_priority_rank": 880 }, "geometry": { "type": "Point", "coordinates": [ -77.3459482, 39.3781197 ] } },
{ "type": "Feature", "properties": { "LocationID": "51510200111", "StateAbbr": "VA", "CountyName": "Alexandria", "CountyFIPS": 51510, "lon": -77.1072192, "lat": 38.836821, "TotalPopulation": 3909, "chronic_disease_burden_score": -0.74758017548834488, "preventive_care_gap_score": 0.30036156346738035, "health_need_score": -0.22360930601048226, "need_intensity": 0.18965986455153719, "priority_weighted_population": 741.38041053195889, "health_priority_rank": 881 }, "geometry": { "type": "Point", "coordinates": [ -77.1072192, 38.836821 ] } },
{ "type": "Feature", "properties": { "LocationID": "51153901511", "StateAbbr": "VA", "CountyName": "Prince William", "CountyFIPS": 51153, "lon": -77.666769, "lat": 38.8529217, "TotalPopulation": 4691, "chronic_disease_burden_score": 0.87612651474325209, "preventive_care_gap_score": -1.3247557085226496, "health_need_score": -0.22431459688969874, "need_intensity": 0.18946903800771686, "priority_weighted_population": 888.79925729419983, "health_priority_rank": 882 }, "geometry": { "type": "Point", "coordinates": [ -77.666769, 38.8529217 ] } },
{ "type": "Feature", "properties": { "LocationID": "24031700101", "StateAbbr": "MD", "CountyName": "Montgomery", "CountyFIPS": 24031, "lon": -77.1626524, "lat": 39.2286822, "TotalPopulation": 4570, "chronic_disease_burden_score": 0.14121971280141563, "preventive_care_gap_score": -0.59248938013856156, "health_need_score": -0.22563483366857295, "need_intensity": 0.18911182904761101, "priority_weighted_population": 864.24105874758231, "health_priority_rank": 883 }, "geometry": { "type": "Point", "coordinates": [ -77.1626524, 39.2286822 ] } },
{ "type": "Feature", "properties": { "LocationID": "24021750804", "StateAbbr": "MD", "CountyName": "Frederick", "CountyFIPS": 24021, "lon": -77.3950189, "lat": 39.4257211, "TotalPopulation": 2441, "chronic_disease_burden_score": -0.033247709277781839, "preventive_care_gap_score": -0.41847691081127397, "health_need_score": -0.22586231004452789, "need_intensity": 0.18905028205770455, "priority_weighted_population": 461.47173850285679, "health_priority_rank": 884 }, "geometry": { "type": "Point", "coordinates": [ -77.3950189, 39.4257211 ] } },
{ "type": "Feature", "properties": { "LocationID": "51510201602", "StateAbbr": "VA", "CountyName": "Alexandria", "CountyFIPS": 51510, "lon": -77.0505695, "lat": 38.8150812, "TotalPopulation": 3220, "chronic_disease_burden_score": -0.68107122575445023, "preventive_care_gap_score": 0.22754374736128075, "health_need_score": -0.22676373919658474, "need_intensity": 0.18880638749638964, "priority_weighted_population": 607.9565677383747, "health_priority_rank": 885 }, "geometry": { "type": "Point", "coordinates": [ -77.0505695, 38.8150812 ] } },
{ "type": "Feature", "properties": { "LocationID": "24033800516", "StateAbbr": "MD", "CountyName": "Prince George's", "CountyFIPS": 24033, "lon": -76.7288343, "lat": 38.9454867, "TotalPopulation": 3889, "chronic_disease_burden_score": 0.092641801516212388, "preventive_care_gap_score": -0.54761253648319919, "health_need_score": -0.22748536748349341, "need_intensity": 0.18861114063304338, "priority_weighted_population": 733.50872592190569, "health_priority_rank": 886 }, "geometry": { "type": "Point", "coordinates": [ -76.7288343, 38.9454867 ] } },
{ "type": "Feature", "properties": { "LocationID": "51059431002", "StateAbbr": "VA", "CountyName": "Fairfax", "CountyFIPS": 51059, "lon": -77.254875, "lat": 38.7771746, "TotalPopulation": 2368, "chronic_disease_burden_score": -0.25688287127496301, "preventive_care_gap_score": -0.19935418730526169, "health_need_score": -0.22811852929011234, "need_intensity": 0.18843982964236339, "priority_weighted_population": 446.22551659311648, "health_priority_rank": 887 }, "geometry": { "type": "Point", "coordinates": [ -77.254875, 38.7771746 ] } },
{ "type": "Feature", "properties": { "LocationID": "51107610201", "StateAbbr": "VA", "CountyName": "Loudoun", "CountyFIPS": 51107, "lon": -77.7079581, "lat": 39.1922482, "TotalPopulation": 6225, "chronic_disease_burden_score": 0.048405591265204252, "preventive_care_gap_score": -0.50507311807333766, "health_need_score": -0.22833376340406669, "need_intensity": 0.1883815949716928, "priority_weighted_population": 1172.6754286987878, "health_priority_rank": 888 }, "geometry": { "type": "Point", "coordinates": [ -77.7079581, 39.1922482 ] } },
{ "type": "Feature", "properties": { "LocationID": "11001002900", "StateAbbr": "DC", "CountyName": "District of Columbia", "CountyFIPS": 11001, "lon": -77.0299131, "lat": 38.9338478, "TotalPopulation": 4443, "chronic_disease_burden_score": -0.97579622386060405, "preventive_care_gap_score": 0.51761706725063061, "health_need_score": -0.22908957830498672, "need_intensity": 0.18817709843053423, "priority_weighted_population": 836.0708483268636, "health_priority_rank": 889 }, "geometry": { "type": "Point", "coordinates": [ -77.0299131, 38.9338478 ] } },
{ "type": "Feature", "properties": { "LocationID": "51059432702", "StateAbbr": "VA", "CountyName": "Fairfax", "CountyFIPS": 51059, "lon": -77.2129918, "lat": 38.7280475, "TotalPopulation": 4502, "chronic_disease_burden_score": -0.26913333732500738, "preventive_care_gap_score": -0.19065716712819811, "health_need_score": -0.22989525222660273, "need_intensity": 0.18795911181757965, "priority_weighted_population": 846.19192140274356, "health_priority_rank": 890 }, "geometry": { "type": "Point", "coordinates": [ -77.2129918, 38.7280475 ] } },
{ "type": "Feature", "properties": { "LocationID": "51510200201", "StateAbbr": "VA", "CountyName": "Alexandria", "CountyFIPS": 51510, "lon": -77.0986804, "lat": 38.8272503, "TotalPopulation": 3505, "chronic_disease_burden_score": -0.2744967470536015, "preventive_care_gap_score": -0.18958649341678613, "health_need_score": -0.23204162023519381, "need_intensity": 0.1873783812269601, "priority_weighted_population": 656.76122620049512, "health_priority_rank": 891 }, "geometry": { "type": "Point", "coordinates": [ -77.0986804, 38.8272503 ] } },
{ "type": "Feature", "properties": { "LocationID": "24031703901", "StateAbbr": "MD", "CountyName": "Montgomery", "CountyFIPS": 24031, "lon": -77.0362582, "lat": 39.0202612, "TotalPopulation": 3109, "chronic_disease_burden_score": -0.12647169139416678, "preventive_care_gap_score": -0.33872826762445513, "health_need_score": -0.23259997950931094, "need_intensity": 0.18722730913226893, "priority_weighted_population": 582.08970409222411, "health_priority_rank": 892 }, "geometry": { "type": "Point", "coordinates": [ -77.0362582, 39.0202612 ] } },
{ "type": "Feature", "properties": { "LocationID": "51153901505", "StateAbbr": "VA", "CountyName": "Prince William", "CountyFIPS": 51153, "lon": -77.61703, "lat": 38.8344415, "TotalPopulation": 7669, "chronic_disease_burden_score": -0.13506632924372006, "preventive_care_gap_score": -0.33427363424072781, "health_need_score": -0.23466998174222392, "need_intensity": 0.18666724039545785, "priority_weighted_population": 1431.5510665927661, "health_priority_rank": 893 }, "geometry": { "type": "Point", "coordinates": [ -77.61703, 38.8344415 ] } },
{ "type": "Feature", "properties": { "LocationID": "24021775600", "StateAbbr": "MD", "CountyName": "Frederick", "CountyFIPS": 24021, "lon": -77.3351285, "lat": 39.4259707, "TotalPopulation": 5172, "chronic_disease_burden_score": -0.24032576940759204, "preventive_care_gap_score": -0.23449406012349724, "health_need_score": -0.23740991476554463, "need_intensity": 0.18592591229304384, "priority_weighted_population": 961.60881837962268, "health_priority_rank": 894 }, "geometry": { "type": "Point", "coordinates": [ -77.3351285, 39.4259707 ] } },
{ "type": "Feature", "properties": { "LocationID": "51107611804", "StateAbbr": "VA", "CountyName": "Loudoun", "CountyFIPS": 51107, "lon": -77.4925558, "lat": 38.9167021, "TotalPopulation": 8852, "chronic_disease_burden_score": -0.6337622420604917, "preventive_care_gap_score": 0.15836629527173829, "health_need_score": -0.2376979733943767, "need_intensity": 0.18584797390736851, "priority_weighted_population": 1645.1262650280262, "health_priority_rank": 895 }, "geometry": { "type": "Point", "coordinates": [ -77.4925558, 38.9167021 ] } },
{ "type": "Feature", "properties": { "LocationID": "11001002301", "StateAbbr": "DC", "CountyName": "District of Columbia", "CountyFIPS": 11001, "lon": -77.0165915, "lat": 38.942552, "TotalPopulation": 3266, "chronic_disease_burden_score": -0.48830619966021777, "preventive_care_gap_score": 0.012668674808383617, "health_need_score": -0.23781876242591707, "need_intensity": 0.18581529270575445, "priority_weighted_population": 606.872745976994, "health_priority_rank": 896 }, "geometry": { "type": "Point", "coordinates": [ -77.0165915, 38.942552 ] } },
{ "type": "Feature", "properties": { "LocationID": "51600300500", "StateAbbr": "VA", "CountyName": "Fairfax", "CountyFIPS": 51600, "lon": -77.29894, "lat": 38.8403654, "TotalPopulation": 3560, "chronic_disease_burden_score": 0.084362486855105404, "preventive_care_gap_score": -0.5611917960124313, "health_need_score": -0.23841465457866295, "need_intensity": 0.18565406555345595, "priority_weighted_population": 660.92847337030321, "health_priority_rank": 897 }, "geometry": { "type": "Point", "coordinates": [ -77.29894, 38.8403654 ] } },
{ "type": "Feature", "properties": { "LocationID": "11001002504", "StateAbbr": "DC", "CountyName": "District of Columbia", "CountyFIPS": 11001, "lon": -77.0329275, "lat": 38.9394498, "TotalPopulation": 3349, "chronic_disease_burden_score": -0.85883381784123325, "preventive_care_gap_score": 0.38091332143623263, "health_need_score": -0.23896024820250031, "need_intensity": 0.18550644738819208, "priority_weighted_population": 621.26109230305531, "health_priority_rank": 898 }, "geometry": { "type": "Point", "coordinates": [ -77.0329275, 38.9394498 ] } },
{ "type": "Feature", "properties": { "LocationID": "11001009508", "StateAbbr": "DC", "CountyName": "District of Columbia", "CountyFIPS": 11001, "lon": -76.9985582, "lat": 38.9536826, "TotalPopulation": 4243, "chronic_disease_burden_score": -0.12163291486316749, "preventive_care_gap_score": -0.35685936559933684, "health_need_score": -0.23924614023125218, "need_intensity": 0.18542909520718398, "priority_weighted_population": 786.77565096408159, "health_priority_rank": 899 }, "geometry": { "type": "Point", "coordinates": [ -76.9985582, 38.9536826 ] } },
{ "type": "Feature", "properties": { "LocationID": "24031700606", "StateAbbr": "MD", "CountyName": "Montgomery", "CountyFIPS": 24031, "lon": -77.2439621, "lat": 39.0958132, "TotalPopulation": 4192, "chronic_disease_burden_score": 0.025930266412260431, "preventive_care_gap_score": -0.50565992334349164, "health_need_score": -0.2398648284656156, "need_intensity": 0.18526170024867122, "priority_weighted_population": 776.61704744242979, "health_priority_rank": 900 }, "geometry": { "type": "Point", "coordinates": [ -77.2439621, 39.0958132 ] } },
{ "type": "Feature", "properties": { "LocationID": "51059420800", "StateAbbr": "VA", "CountyName": "Fairfax", "CountyFIPS": 51059, "lon": -77.0977278, "lat": 38.7797043, "TotalPopulation": 3640, "chronic_disease_burden_score": -0.25021919811771626, "preventive_care_gap_score": -0.23109073661888979, "health_need_score": -0.24065496736830302, "need_intensity": 0.18504791685747618, "priority_weighted_population": 673.57441736121325, "health_priority_rank": 901 }, "geometry": { "type": "Point", "coordinates": [ -77.0977278, 38.7797043 ] } },
{ "type": "Feature", "properties": { "LocationID": "24031702200", "StateAbbr": "MD", "CountyName": "Montgomery", "CountyFIPS": 24031, "lon": -77.0065074, "lat": 39.0093138, "TotalPopulation": 4361, "chronic_disease_burden_score": -0.11746409202478775, "preventive_care_gap_score": -0.36496350634798486, "health_need_score": -0.2412137991863863, "need_intensity": 0.18489671690925039, "priority_weighted_population": 806.33458244124097, "health_priority_rank": 902 }, "geometry": { "type": "Point", "coordinates": [ -77.0065074, 39.0093138 ] } },
{ "type": "Feature", "properties": { "LocationID": "51059422302", "StateAbbr": "VA", "CountyName": "Fairfax", "CountyFIPS": 51059, "lon": -77.1437691, "lat": 38.7719875, "TotalPopulation": 5788, "chronic_disease_burden_score": -0.14570831273695053, "preventive_care_gap_score": -0.33945534234665159, "health_need_score": -0.24258182754180108, "need_intensity": 0.18452657725396091, "priority_weighted_population": 1068.0398291459258, "health_priority_rank": 903 }, "geometry": { "type": "Point", "coordinates": [ -77.1437691, 38.7719875 ] } },
{ "type": "Feature", "properties": { "LocationID": "11001009400", "StateAbbr": "DC", "CountyName": "District of Columbia", "CountyFIPS": 11001, "lon": -76.9742464, "lat": 38.9368061, "TotalPopulation": 4424, "chronic_disease_burden_score": 0.069878385467716797, "preventive_care_gap_score": -0.55543815676406705, "health_need_score": -0.24277988564817513, "need_intensity": 0.18447298979802082, "priority_weighted_population": 816.10850686644415, "health_priority_rank": 904 }, "geometry": { "type": "Point", "coordinates": [ -76.9742464, 38.9368061 ] } },
{ "type": "Feature", "properties": { "LocationID": "11001005801", "StateAbbr": "DC", "CountyName": "District of Columbia", "CountyFIPS": 11001, "lon": -77.0205095, "lat": 38.8975634, "TotalPopulation": 1672, "chronic_disease_burden_score": -0.7350662118145308, "preventive_care_gap_score": 0.24580544065490673, "health_need_score": -0.24463038557981204, "need_intensity": 0.18397231055106059, "priority_weighted_population": 307.60170324137329, "health_priority_rank": 905 }, "geometry": { "type": "Point", "coordinates": [ -77.0205095, 38.8975634 ] } },
{ "type": "Feature", "properties": { "LocationID": "51107610300", "StateAbbr": "VA", "CountyName": "Loudoun", "CountyFIPS": 51107, "lon": -77.5613225, "lat": 39.1928396, "TotalPopulation": 8911, "chronic_disease_burden_score": 0.057248684665464393, "preventive_care_gap_score": -0.54784720381169838, "health_need_score": -0.24529925957311699, "need_intensity": 0.18379133711704215, "priority_weighted_population": 1637.7646050499627, "health_priority_rank": 906 }, "geometry": { "type": "Point", "coordinates": [ -77.5613225, 39.1928396 ] } },
{ "type": "Feature", "properties": { "LocationID": "11001009505", "StateAbbr": "DC", "CountyName": "District of Columbia", "CountyFIPS": 11001, "lon": -77.0051999, "lat": 38.9618925, "TotalPopulation": 3796, "chronic_disease_burden_score": -0.017999140151399182, "preventive_care_gap_score": -0.47317033071112746, "health_need_score": -0.24558473543126333, "need_intensity": 0.18371409753694898, "priority_weighted_population": 697.37871425025833, "health_priority_rank": 907 }, "geometry": { "type": "Point", "coordinates": [ -77.0051999, 38.9618925 ] } },
{ "type": "Feature", "properties": { "LocationID": "51061930401", "StateAbbr": "VA", "CountyName": "Fauquier", "CountyFIPS": 51061, "lon": -77.6729203, "lat": 38.7302699, "TotalPopulation": 7315, "chronic_disease_burden_score": 0.058113393225507549, "preventive_care_gap_score": -0.55180088554955431, "health_need_score": -0.24684374616202337, "need_intensity": 0.18337345416062947, "priority_weighted_population": 1341.3768171850045, "health_priority_rank": 908 }, "geometry": { "type": "Point", "coordinates": [ -77.6729203, 38.7302699 ] } },
{ "type": "Feature", "properties": { "LocationID": "51059491401", "StateAbbr": "VA", "CountyName": "Fairfax", "CountyFIPS": 51059, "lon": -77.4267685, "lat": 38.8313107, "TotalPopulation": 4934, "chronic_disease_burden_score": -0.54221198380810165, "preventive_care_gap_score": 0.04683549170000819, "health_need_score": -0.24768824605404674, "need_intensity": 0.18314496262557592, "priority_weighted_population": 903.6372455945916, "health_priority_rank": 909 }, "geometry": { "type": "Point", "coordinates": [ -77.4267685, 38.8313107 ] } },
{ "type": "Feature", "properties": { "LocationID": "24031702502", "StateAbbr": "MD", "CountyName": "Montgomery", "CountyFIPS": 24031, "lon": -77.0247984, "lat": 38.9879974, "TotalPopulation": 1731, "chronic_disease_burden_score": -0.49646943652050129, "preventive_care_gap_score": 0.00048563723291011266, "health_need_score": -0.24799189964379559, "need_intensity": 0.18306280479997811, "priority_weighted_population": 316.88171510876208, "health_priority_rank": 910 }, "geometry": { "type": "Point", "coordinates": [ -77.0247984, 38.9879974 ] } },
{ "type": "Feature", "properties": { "LocationID": "51013102904", "StateAbbr": "VA", "CountyName": "Arlington", "CountyFIPS": 51013, "lon": -77.0903914, "lat": 38.8395976, "TotalPopulation": 3125, "chronic_disease_burden_score": -0.74920270334759143, "preventive_care_gap_score": 0.25294416213001925, "health_need_score": -0.24812927060878609, "need_intensity": 0.18302563711889377, "priority_weighted_population": 571.9551159965431, "health_priority_rank": 911 }, "geometry": { "type": "Point", "coordinates": [ -77.0903914, 38.8395976 ] } },
{ "type": "Feature", "properties": { "LocationID": "51059415402", "StateAbbr": "VA", "CountyName": "Fairfax", "CountyFIPS": 51059, "lon": -77.0661035, "lat": 38.7504589, "TotalPopulation": 2801, "chronic_disease_burden_score": 0.41313769878808981, "preventive_care_gap_score": -0.91089695099177703, "health_need_score": -0.24887962610184361, "need_intensity": 0.18282261769868544, "priority_weighted_population": 512.08615217401791, "health_priority_rank": 912 }, "geometry": { "type": "Point", "coordinates": [ -77.0661035, 38.7504589 ] } },
{ "type": "Feature", "properties": { "LocationID": "51153901421", "StateAbbr": "VA", "CountyName": "Prince William", "CountyFIPS": 51153, "lon": -77.5841256, "lat": 38.7743603, "TotalPopulation": 4884, "chronic_disease_burden_score": -0.46460473169807504, "preventive_care_gap_score": -0.035075502553211207, "health_need_score": -0.24984011712564314, "need_intensity": 0.1825627431024823, "priority_weighted_population": 891.63643731252353, "health_priority_rank": 913 }, "geometry": { "type": "Point", "coordinates": [ -77.5841256, 38.7743603 ] } },
{ "type": "Feature", "properties": { "LocationID": "24031701312", "StateAbbr": "MD", "CountyName": "Montgomery", "CountyFIPS": 24031, "lon": -77.0801289, "lat": 39.1527986, "TotalPopulation": 6458, "chronic_disease_burden_score": 0.097682858424026742, "preventive_care_gap_score": -0.59783603112181027, "health_need_score": -0.25007658634889174, "need_intensity": 0.18249876296900527, "priority_weighted_population": 1178.577011253836, "health_priority_rank": 914 }, "geometry": { "type": "Point", "coordinates": [ -77.0801289, 39.1527986 ] } },
{ "type": "Feature", "properties": { "LocationID": "24031705602", "StateAbbr": "MD", "CountyName": "Montgomery", "CountyFIPS": 24031, "lon": -77.0907661, "lat": 38.9644227, "TotalPopulation": 4965, "chronic_disease_burden_score": 0.6178355427216039, "preventive_care_gap_score": -1.1184401576481795, "health_need_score": -0.2503023074632878, "need_intensity": 0.18243769089024067, "priority_weighted_population": 905.80313527004489, "health_priority_rank": 915 }, "geometry": { "type": "Point", "coordinates": [ -77.0907661, 38.9644227 ] } },
{ "type": "Feature", "properties": { "LocationID": "11001004901", "StateAbbr": "DC", "CountyName": "District of Columbia", "CountyFIPS": 11001, "lon": -77.0244761, "lat": 38.9113296, "TotalPopulation": 3380, "chronic_disease_burden_score": -0.83680654249862296, "preventive_care_gap_score": 0.33572751221059316, "health_need_score": -0.2505395151440149, "need_intensity": 0.1823735109565216, "priority_weighted_population": 616.42246703304306, "health_priority_rank": 916 }, "geometry": { "type": "Point", "coordinates": [ -77.0244761, 38.9113296 ] } },
{ "type": "Feature", "properties": { "LocationID": "51059491803", "StateAbbr": "VA", "CountyName": "Fairfax", "CountyFIPS": 51059, "lon": -77.3984158, "lat": 38.8742071, "TotalPopulation": 7003, "chronic_disease_burden_score": -0.23868864791485189, "preventive_care_gap_score": -0.26511033755932112, "health_need_score": -0.25189949273708651, "need_intensity": 0.18200554955023307, "priority_weighted_population": 1274.5848635002822, "health_priority_rank": 917 }, "geometry": { "type": "Point", "coordinates": [ -77.3984158, 38.8742071 ] } },
{ "type": "Feature", "properties": { "LocationID": "51059491302", "StateAbbr": "VA", "CountyName": "Fairfax", "CountyFIPS": 51059, "lon": -77.4453462, "lat": 38.8317317, "TotalPopulation": 3405, "chronic_disease_burden_score": -0.66698792125513207, "preventive_care_gap_score": 0.16262469921923714, "health_need_score": -0.25218161101794745, "need_intensity": 0.1819292184107392, "priority_weighted_population": 619.46898868856692, "health_priority_rank": 918 }, "geometry": { "type": "Point", "coordinates": [ -77.4453462, 38.8317317 ] } },
{ "type": "Feature", "properties": { "LocationID": "51059470600", "StateAbbr": "VA", "CountyName": "Fairfax", "CountyFIPS": 51059, "lon": -77.1936696, "lat": 38.9357929, "TotalPopulation": 2849, "chronic_disease_burden_score": 0.5154003902420069, "preventive_care_gap_score": -1.0214699305288919, "health_need_score": -0.2530347701434425, "need_intensity": 0.18169838399611035, "priority_weighted_population": 517.6586960049184, "health_priority_rank": 919 }, "geometry": { "type": "Point", "coordinates": [ -77.1936696, 38.9357929 ] } },
{ "type": "Feature", "properties": { "LocationID": "51059422403", "StateAbbr": "VA", "CountyName": "Fairfax", "CountyFIPS": 51059, "lon": -77.1214125, "lat": 38.77322, "TotalPopulation": 3024, "chronic_disease_burden_score": 0.034267528227048788, "preventive_care_gap_score": -0.54242966384067592, "health_need_score": -0.25408106780681355, "need_intensity": 0.18141529318522367, "priority_weighted_population": 548.59984659211636, "health_priority_rank": 920 }, "geometry": { "type": "Point", "coordinates": [ -77.1214125, 38.77322 ] } },
{ "type": "Feature", "properties": { "LocationID": "51059422401", "StateAbbr": "VA", "CountyName": "Fairfax", "CountyFIPS": 51059, "lon": -77.1453114, "lat": 38.7606985, "TotalPopulation": 2447, "chronic_disease_burden_score": -0.46725483495837916, "preventive_care_gap_score": -0.041268863936123848, "health_need_score": -0.2542618494472515, "need_intensity": 0.18136638012446032, "priority_weighted_population": 443.80353216455444, "health_priority_rank": 921 }, "geometry": { "type": "Point", "coordinates": [ -77.1453114, 38.7606985 ] } },
{ "type": "Feature", "properties": { "LocationID": "51107610604", "StateAbbr": "VA", "CountyName": "Loudoun", "CountyFIPS": 51107, "lon": -77.547947, "lat": 39.0783208, "TotalPopulation": 6964, "chronic_disease_burden_score": -0.39890821506048124, "preventive_care_gap_score": -0.1116607624720331, "health_need_score": -0.2552844887662572, "need_intensity": 0.1810896904173179, "priority_weighted_population": 1261.1086040662019, "health_priority_rank": 922 }, "geometry": { "type": "Point", "coordinates": [ -77.547947, 39.0783208 ] } },
{ "type": "Feature", "properties": { "LocationID": "24033800517", "StateAbbr": "MD", "CountyName": "Prince George's", "CountyFIPS": 24033, "lon": -76.7643572, "lat": 38.912238, "TotalPopulation": 5622, "chronic_disease_burden_score": 0.46955727609246706, "preventive_care_gap_score": -0.98037981047611644, "health_need_score": -0.25541126719182472, "need_intensity": 0.18105538869940982, "priority_weighted_population": 1017.893395268082, "health_priority_rank": 923 }, "geometry": { "type": "Point", "coordinates": [ -76.7643572, 38.912238 ] } },
{ "type": "Feature", "properties": { "LocationID": "51153901009", "StateAbbr": "VA", "CountyName": "Prince William", "CountyFIPS": 51153, "lon": -77.355868, "lat": 38.6215185, "TotalPopulation": 7488, "chronic_disease_burden_score": 0.0098721564831806326, "preventive_care_gap_score": -0.52143039597587881, "health_need_score": -0.25577911974634909, "need_intensity": 0.18095586092486474, "priority_weighted_population": 1354.9974866053872, "health_priority_rank": 924 }, "geometry": { "type": "Point", "coordinates": [ -77.355868, 38.6215185 ] } },
{ "type": "Feature", "properties": { "LocationID": "51153901219", "StateAbbr": "VA", "CountyName": "Prince William", "CountyFIPS": 51153, "lon": -77.3683538, "lat": 38.7037012, "TotalPopulation": 5662, "chronic_disease_burden_score": 0.30638222704755796, "preventive_care_gap_score": -0.8186650289941485, "health_need_score": -0.2561414009732953, "need_intensity": 0.18085784055275111, "priority_weighted_population": 1024.0170932096769, "health_priority_rank": 925 }, "geometry": { "type": "Point", "coordinates": [ -77.3683538, 38.7037012 ] } },
{ "type": "Feature", "properties": { "LocationID": "51107611013", "StateAbbr": "VA", "CountyName": "Loudoun", "CountyFIPS": 51107, "lon": -77.4901911, "lat": 39.0590764, "TotalPopulation": 4370, "chronic_disease_burden_score": -0.42312481693316395, "preventive_care_gap_score": -0.090273426542418489, "health_need_score": -0.25669912173779119, "need_intensity": 0.18070694121597844, "priority_weighted_population": 789.6893331138258, "health_priority_rank": 926 }, "geometry": { "type": "Point", "coordinates": [ -77.4901911, 39.0590764 ] } },
{ "type": "Feature", "properties": { "LocationID": "24033806400", "StateAbbr": "MD", "CountyName": "Prince George's", "CountyFIPS": 24033, "lon": -76.9459129, "lat": 38.9751066, "TotalPopulation": 3934, "chronic_disease_burden_score": -0.31108500824383722, "preventive_care_gap_score": -0.20298313270519155, "health_need_score": -0.25703407047451438, "need_intensity": 0.18061631604036738, "priority_weighted_population": 710.54458730280521, "health_priority_rank": 927 }, "geometry": { "type": "Point", "coordinates": [ -76.9459129, 38.9751066 ] } },
{ "type": "Feature", "properties": { "LocationID": "51059421102", "StateAbbr": "VA", "CountyName": "Fairfax", "CountyFIPS": 51059, "lon": -77.1557476, "lat": 38.7541324, "TotalPopulation": 3514, "chronic_disease_burden_score": -0.0082506229296158105, "preventive_care_gap_score": -0.506607958627042, "health_need_score": -0.25742929077832888, "need_intensity": 0.1805093835294744, "priority_weighted_population": 634.30997372257309, "health_priority_rank": 928 }, "geometry": { "type": "Point", "coordinates": [ -77.1557476, 38.7541324 ] } },
{ "type": "Feature", "properties": { "LocationID": "51013100800", "StateAbbr": "VA", "CountyName": "Arlington", "CountyFIPS": 51013, "lon": -77.1281268, "lat": 38.894648, "TotalPopulation": 1596, "chronic_disease_burden_score": -0.27221314651539646, "preventive_care_gap_score": -0.24422691308230149, "health_need_score": -0.25822002979884895, "need_intensity": 0.18029543776780887, "priority_weighted_population": 287.75151867742295, "health_priority_rank": 929 }, "geometry": { "type": "Point", "coordinates": [ -77.1281268, 38.894648 ] } },
{ "type": "Feature", "properties": { "LocationID": "51059491102", "StateAbbr": "VA", "CountyName": "Fairfax", "CountyFIPS": 51059, "lon": -77.4679399, "lat": 38.8563248, "TotalPopulation": 3422, "chronic_disease_burden_score": -0.12654137391284101, "preventive_care_gap_score": -0.39220332322376777, "health_need_score": -0.25937234856830438, "need_intensity": 0.17998366142894745, "priority_weighted_population": 615.90408940985822, "health_priority_rank": 930 }, "geometry": { "type": "Point", "coordinates": [ -77.4679399, 38.8563248 ] } },
{ "type": "Feature", "properties": { "LocationID": "51153900100", "StateAbbr": "VA", "CountyName": "Prince William", "CountyFIPS": 51153, "lon": -77.2499428, "lat": 38.6261299, "TotalPopulation": 3271, "chronic_disease_burden_score": 0.33212022939734837, "preventive_care_gap_score": -0.85408978065112462, "health_need_score": -0.26098477562688815, "need_intensity": 0.17954739620587559, "priority_weighted_population": 587.29953298941905, "health_priority_rank": 931 }, "geometry": { "type": "Point", "coordinates": [ -77.2499428, 38.6261299 ] } },
{ "type": "Feature", "properties": { "LocationID": "51059482506", "StateAbbr": "VA", "CountyName": "Fairfax", "CountyFIPS": 51059, "lon": -77.4141302, "lat": 38.9545964, "TotalPopulation": 5298, "chronic_disease_burden_score": -1.139125205428879, "preventive_care_gap_score": 0.61456532689256338, "health_need_score": -0.26227993926815779, "need_intensity": 0.17919697114207805, "priority_weighted_population": 949.38555311072957, "health_priority_rank": 932 }, "geometry": { "type": "Point", "coordinates": [ -77.4141302, 38.9545964 ] } },
{ "type": "Feature", "properties": { "LocationID": "24031703206", "StateAbbr": "MD", "CountyName": "Montgomery", "CountyFIPS": 24031, "lon": -77.0546839, "lat": 39.0724469, "TotalPopulation": 3951, "chronic_disease_burden_score": -0.10339344203617268, "preventive_care_gap_score": -0.42328526317169235, "health_need_score": -0.26333935260393249, "need_intensity": 0.17891033169826781, "priority_weighted_population": 706.87472053985607, "health_priority_rank": 933 }, "geometry": { "type": "Point", "coordinates": [ -77.0546839, 39.0724469 ] } },
{ "type": "Feature", "properties": { "LocationID": "24031701221", "StateAbbr": "MD", "CountyName": "Montgomery", "CountyFIPS": 24031, "lon": -77.2037745, "lat": 39.087633, "TotalPopulation": 4491, "chronic_disease_burden_score": -0.14789649239852112, "preventive_care_gap_score": -0.38002224186146133, "health_need_score": -0.26395936712999124, "need_intensity": 0.17874257789255063, "priority_weighted_population": 802.73291731544487, "health_priority_rank": 934 }, "geometry": { "type": "Point", "coordinates": [ -77.2037745, 39.087633 ] } },
{ "type": "Feature", "properties": { "LocationID": "51059490501", "StateAbbr": "VA", "CountyName": "Fairfax", "CountyFIPS": 51059, "lon": -77.4130304, "lat": 38.8368365, "TotalPopulation": 3326, "chronic_disease_burden_score": -0.78851960498301354, "preventive_care_gap_score": 0.26054571778594759, "health_need_score": -0.26398694359853297, "need_intensity": 0.17873511668422135, "priority_weighted_population": 594.47299809172023, "health_priority_rank": 935 }, "geometry": { "type": "Point", "coordinates": [ -77.4130304, 38.8368365 ] } },
{ "type": "Feature", "properties": { "LocationID": "24031700206", "StateAbbr": "MD", "CountyName": "Montgomery", "CountyFIPS": 24031, "lon": -77.1784846, "lat": 39.2473445, "TotalPopulation": 5708, "chronic_disease_burden_score": 0.018287642272342673, "preventive_care_gap_score": -0.54881511897304236, "health_need_score": -0.26526373835034983, "need_intensity": 0.17838966158642139, "priority_weighted_population": 1018.2481883352933, "health_priority_rank": 936 }, "geometry": { "type": "Point", "coordinates": [ -77.1784846, 39.2473445 ] } },
{ "type": "Feature", "properties": { "LocationID": "51013100300", "StateAbbr": "VA", "CountyName": "Arlington", "CountyFIPS": 51013, "lon": -77.1286948, "lat": 38.9154001, "TotalPopulation": 6199, "chronic_disease_burden_score": 0.15167841009406971, "preventive_care_gap_score": -0.68383025903104755, "health_need_score": -0.26607592446848893, "need_intensity": 0.17816991300547344, "priority_weighted_population": 1104.4752907209299, "health_priority_rank": 937 }, "geometry": { "type": "Point", "coordinates": [ -77.1286948, 38.9154001 ] } },
{ "type": "Feature", "properties": { "LocationID": "51013102803", "StateAbbr": "VA", "CountyName": "Arlington", "CountyFIPS": 51013, "lon": -77.1084793, "lat": 38.8496208, "TotalPopulation": 2748, "chronic_disease_burden_score": -0.44747750393234326, "preventive_care_gap_score": -0.085176984527081057, "health_need_score": -0.26632724422971216, "need_intensity": 0.17810191484635751, "priority_weighted_population": 489.42406199779043, "health_priority_rank": 938 }, "geometry": { "type": "Point", "coordinates": [ -77.1084793, 38.8496208 ] } },
{ "type": "Feature", "properties": { "LocationID": "51059430802", "StateAbbr": "VA", "CountyName": "Fairfax", "CountyFIPS": 51059, "lon": -77.2270784, "lat": 38.7885941, "TotalPopulation": 4276, "chronic_disease_burden_score": -0.13029898849625743, "preventive_care_gap_score": -0.40385008292396019, "health_need_score": -0.26707453571010881, "need_intensity": 0.17789972443863683, "priority_weighted_population": 760.69922169961103, "health_priority_rank": 939 }, "geometry": { "type": "Point", "coordinates": [ -77.2270784, 38.7885941 ] } },
{ "type": "Feature", "properties": { "LocationID": "51061930402", "StateAbbr": "VA", "CountyName": "Fauquier", "CountyFIPS": 51061, "lon": -77.7240654, "lat": 38.7177076, "TotalPopulation": 6027, "chronic_disease_burden_score": 0.17472667989535481, "preventive_care_gap_score": -0.71313200524279408, "health_need_score": -0.26920266267371962, "need_intensity": 0.17732392922386267, "priority_weighted_population": 1068.7313214322203, "health_priority_rank": 940 }, "geometry": { "type": "Point", "coordinates": [ -77.7240654, 38.7177076 ] } },
{ "type": "Feature", "properties": { "LocationID": "51153901413", "StateAbbr": "VA", "CountyName": "Prince William", "CountyFIPS": 51153, "lon": -77.5913334, "lat": 38.7599442, "TotalPopulation": 4504, "chronic_disease_burden_score": -0.55531738876759451, "preventive_care_gap_score": 0.013873915499068837, "health_need_score": -0.27072173663426286, "need_intensity": 0.17691292201784298, "priority_weighted_population": 796.81580076836474, "health_priority_rank": 941 }, "geometry": { "type": "Point", "coordinates": [ -77.5913334, 38.7599442 ] } },
{ "type": "Feature", "properties": { "LocationID": "24031703601", "StateAbbr": "MD", "CountyName": "Montgomery", "CountyFIPS": 24031, "lon": -77.0693759, "lat": 39.041529, "TotalPopulation": 4750, "chronic_disease_burden_score": -0.28558509588835862, "preventive_care_gap_score": -0.25789770954306834, "health_need_score": -0.27174140271571345, "need_intensity": 0.17663703676268386, "priority_weighted_population": 839.02592462274833, "health_priority_rank": 942 }, "geometry": { "type": "Point", "coordinates": [ -77.0693759, 39.041529 ] } },
{ "type": "Feature", "properties": { "LocationID": "51059491801", "StateAbbr": "VA", "CountyName": "Fairfax", "CountyFIPS": 51059, "lon": -77.3946652, "lat": 38.8575252, "TotalPopulation": 2324, "chronic_disease_burden_score": -0.68827153850899825, "preventive_care_gap_score": 0.1414810939318083, "health_need_score": -0.27339522228859497, "need_intensity": 0.17618957220232265, "priority_weighted_population": 409.46456579819784, "health_priority_rank": 943 }, "geometry": { "type": "Point", "coordinates": [ -77.3946652, 38.8575252 ] } },
{ "type": "Feature", "properties": { "LocationID": "51153901420", "StateAbbr": "VA", "CountyName": "Prince William", "CountyFIPS": 51153, "lon": -77.5594319, "lat": 38.7715293, "TotalPopulation": 4546, "chronic_disease_burden_score": -0.57699842742586727, "preventive_care_gap_score": 0.029026619500972836, "health_need_score": -0.27398590396244721, "need_intensity": 0.17602975481967839, "priority_weighted_population": 800.23126541025795, "health_priority_rank": 944 }, "geometry": { "type": "Point", "coordinates": [ -77.5594319, 38.7715293 ] } },
{ "type": "Feature", "properties": { "LocationID": "24031702402", "StateAbbr": "MD", "CountyName": "Montgomery", "CountyFIPS": 24031, "lon": -77.0178539, "lat": 38.9929711, "TotalPopulation": 4665, "chronic_disease_burden_score": -0.38145317104496357, "preventive_care_gap_score": -0.16769406223122568, "health_need_score": -0.27457361663809465, "need_intensity": 0.17587074074200054, "priority_weighted_population": 820.43700556143256, "health_priority_rank": 945 }, "geometry": { "type": "Point", "coordinates": [ -77.0178539, 38.9929711 ] } },
{ "type": "Feature", "properties": { "LocationID": "51059491301", "StateAbbr": "VA", "CountyName": "Fairfax", "CountyFIPS": 51059, "lon": -77.4688671, "lat": 38.8153258, "TotalPopulation": 6797, "chronic_disease_burden_score": -0.55375105743983011, "preventive_care_gap_score": 0.0019861077146533144, "health_need_score": -0.27588247486258838, "need_intensity": 0.17551661041266975, "priority_weighted_population": 1192.9864009749163, "health_priority_rank": 946 }, "geometry": { "type": "Point", "coordinates": [ -77.4688671, 38.8153258 ] } },
{ "type": "Feature", "properties": { "LocationID": "24031703208", "StateAbbr": "MD", "CountyName": "Montgomery", "CountyFIPS": 24031, "lon": -77.014166, "lat": 39.0527225, "TotalPopulation": 5425, "chronic_disease_burden_score": 0.13334750050997143, "preventive_care_gap_score": -0.68588318378991864, "health_need_score": -0.27626784163997359, "need_intensity": 0.17541234391440838, "priority_weighted_population": 951.61196573566542, "health_priority_rank": 947 }, "geometry": { "type": "Point", "coordinates": [ -77.014166, 39.0527225 ] } },
{ "type": "Feature", "properties": { "LocationID": "51107611011", "StateAbbr": "VA", "CountyName": "Loudoun", "CountyFIPS": 51107, "lon": -77.4959445, "lat": 39.0813289, "TotalPopulation": 3833, "chronic_disease_burden_score": -0.60853755569863111, "preventive_care_gap_score": 0.054502355871876018, "health_need_score": -0.27701759991337754, "need_intensity": 0.17520948608052667, "priority_weighted_population": 671.57796014665871, "health_priority_rank": 948 }, "geometry": { "type": "Point", "coordinates": [ -77.4959445, 39.0813289 ] } },
{ "type": "Feature", "properties": { "LocationID": "51059421300", "StateAbbr": "VA", "CountyName": "Fairfax", "CountyFIPS": 51059, "lon": -77.1137802, "lat": 38.7575006, "TotalPopulation": 3658, "chronic_disease_burden_score": -0.079354817406844094, "preventive_care_gap_score": -0.47544843016337907, "health_need_score": -0.27740162378511157, "need_intensity": 0.17510558292461328, "priority_weighted_population": 640.53622233823535, "health_priority_rank": 949 }, "geometry": { "type": "Point", "coordinates": [ -77.1137802, 38.7575006 ] } },
{ "type": "Feature", "properties": { "LocationID": "24031701215", "StateAbbr": "MD", "CountyName": "Montgomery", "CountyFIPS": 24031, "lon": -77.116226, "lat": 39.0295371, "TotalPopulation": 4662, "chronic_disease_burden_score": -0.179170568183559, "preventive_care_gap_score": -0.37618012122362443, "health_need_score": -0.27767534470359173, "need_intensity": 0.17503152381172227, "priority_weighted_population": 815.99696401024926, "health_priority_rank": 950 }, "geometry": { "type": "Point", "coordinates": [ -77.116226, 39.0295371 ] } },
{ "type": "Feature", "properties": { "LocationID": "24031701427", "StateAbbr": "MD", "CountyName": "Montgomery", "CountyFIPS": 24031, "lon": -76.9157945, "lat": 39.1002506, "TotalPopulation": 3468, "chronic_disease_burden_score": -0.30088281962069535, "preventive_care_gap_score": -0.25493620945401357, "health_need_score": -0.27790951453735446, "need_intensity": 0.17496816581098709, "priority_weighted_population": 606.78959903250325, "health_priority_rank": 951 }, "geometry": { "type": "Point", "coordinates": [ -76.9157945, 39.1002506 ] } },
{ "type": "Feature", "properties": { "LocationID": "24031700830", "StateAbbr": "MD", "CountyName": "Montgomery", "CountyFIPS": 24031, "lon": -77.2448532, "lat": 39.1851226, "TotalPopulation": 2376, "chronic_disease_burden_score": -0.73573694429949765, "preventive_care_gap_score": 0.17411176189290176, "health_need_score": -0.28081259120329793, "need_intensity": 0.17418269686061177, "priority_weighted_population": 413.85808774081357, "health_priority_rank": 952 }, "geometry": { "type": "Point", "coordinates": [ -77.2448532, 39.1851226 ] } },
{ "type": "Feature", "properties": { "LocationID": "11001002201", "StateAbbr": "DC", "CountyName": "District of Columbia", "CountyFIPS": 11001, "lon": -77.0232932, "lat": 38.9491337, "TotalPopulation": 3485, "chronic_disease_burden_score": -0.45407699780293487, "preventive_care_gap_score": -0.10879612363495267, "health_need_score": -0.28143656071894374, "need_intensity": 0.17401387297584495, "priority_weighted_population": 606.43834732081962, "health_priority_rank": 953 }, "geometry": { "type": "Point", "coordinates": [ -77.0232932, 38.9491337 ] } },
{ "type": "Feature", "properties": { "LocationID": "24031703221", "StateAbbr": "MD", "CountyName": "Montgomery", "CountyFIPS": 24031, "lon": -77.0469507, "lat": 39.1089671, "TotalPopulation": 4694, "chronic_disease_burden_score": -0.053158527556310058, "preventive_care_gap_score": -0.51082838638297789, "health_need_score": -0.28199345696964395, "need_intensity": 0.17386319672308287, "priority_weighted_population": 816.11384541815096, "health_priority_rank": 954 }, "geometry": { "type": "Point", "coordinates": [ -77.0469507, 39.1089671 ] } },
{ "type": "Feature", "properties": { "LocationID": "51153901224", "StateAbbr": "VA", "CountyName": "Prince William", "CountyFIPS": 51153, "lon": -77.3081957, "lat": 38.674409, "TotalPopulation": 4459, "chronic_disease_burden_score": -0.0099714492931766048, "preventive_care_gap_score": -0.5541236704921878, "health_need_score": -0.28204755989268221, "need_intensity": 0.17384855840275548, "priority_weighted_population": 775.19072191788666, "health_priority_rank": 955 }, "geometry": { "type": "Point", "coordinates": [ -77.3081957, 38.674409 ] } },
{ "type": "Feature", "properties": { "LocationID": "11001002400", "StateAbbr": "DC", "CountyName": "District of Columbia", "CountyFIPS": 11001, "lon": -77.0224058, "lat": 38.9417822, "TotalPopulation": 4095, "chronic_disease_burden_score": -0.69521159291076429, "preventive_care_gap_score": 0.12913422640472028, "health_need_score": -0.28303868325302201, "need_intensity": 0.17358039578939038, "priority_weighted_population": 710.81172075755364, "health_priority_rank": 956 }, "geometry": { "type": "Point", "coordinates": [ -77.0224058, 38.9417822 ] } },
{ "type": "Feature", "properties": { "LocationID": "51059452600", "StateAbbr": "VA", "CountyName": "Fairfax", "CountyFIPS": 51059, "lon": -77.1521699, "lat": 38.8009935, "TotalPopulation": 6347, "chronic_disease_burden_score": -0.38000810040034594, "preventive_care_gap_score": -0.18741463983301776, "health_need_score": -0.28371137011668185, "need_intensity": 0.1733983907287151, "priority_weighted_population": 1100.5595859551547, "health_priority_rank": 957 }, "geometry": { "type": "Point", "coordinates": [ -77.1521699, 38.8009935 ] } },
{ "type": "Feature", "properties": { "LocationID": "51510200801", "StateAbbr": "VA", "CountyName": "Alexandria", "CountyFIPS": 51510, "lon": -77.0808815, "lat": 38.8166038, "TotalPopulation": 2701, "chronic_disease_burden_score": 0.21065716508786811, "preventive_care_gap_score": -0.77985265906187129, "health_need_score": -0.28459774698700158, "need_intensity": 0.17315856877770205, "priority_weighted_population": 467.70129426857324, "health_priority_rank": 958 }, "geometry": { "type": "Point", "coordinates": [ -77.0808815, 38.8166038 ] } },
{ "type": "Feature", "properties": { "LocationID": "51153901415", "StateAbbr": "VA", "CountyName": "Prince William", "CountyFIPS": 51153, "lon": -77.572052, "lat": 38.7409926, "TotalPopulation": 4224, "chronic_disease_burden_score": -0.59862773238204781, "preventive_care_gap_score": 0.027843644049807388, "health_need_score": -0.28539204416612018, "need_intensity": 0.1729436603052916, "priority_weighted_population": 730.51402112955168, "health_priority_rank": 959 }, "geometry": { "type": "Point", "coordinates": [ -77.572052, 38.7409926 ] } },
{ "type": "Feature", "properties": { "LocationID": "51059440600", "StateAbbr": "VA", "CountyName": "Fairfax", "CountyFIPS": 51059, "lon": -77.331492, "lat": 38.838332, "TotalPopulation": 3002, "chronic_disease_burden_score": -0.31922939215907575, "preventive_care_gap_score": -0.25235915186711583, "health_need_score": -0.28579427201309582, "need_intensity": 0.1728348318032813, "priority_weighted_population": 518.8501650734504, "health_priority_rank": 960 }, "geometry": { "type": "Point", "coordinates": [ -77.331492, 38.838332 ] } },
{ "type": "Feature", "properties": { "LocationID": "51059432202", "StateAbbr": "VA", "CountyName": "Fairfax", "CountyFIPS": 51059, "lon": -77.282473, "lat": 38.7921787, "TotalPopulation": 4741, "chronic_disease_burden_score": -0.085686091818150664, "preventive_care_gap_score": -0.48728992843297131, "health_need_score": -0.28648801012556097, "need_intensity": 0.17264713102588683, "priority_weighted_population": 818.52004819372951, "health_priority_rank": 961 }, "geometry": { "type": "Point", "coordinates": [ -77.282473, 38.7921787 ] } },
{ "type": "Feature", "properties": { "LocationID": "24031701212", "StateAbbr": "MD", "CountyName": "Montgomery", "CountyFIPS": 24031, "lon": -77.1290395, "lat": 39.1206316, "TotalPopulation": 2723, "chronic_disease_burden_score": 0.10879356604061562, "preventive_care_gap_score": -0.68242395873364847, "health_need_score": -0.28681519634651642, "need_intensity": 0.17255860611003945, "priority_weighted_population": 469.87708443763745, "health_priority_rank": 962 }, "geometry": { "type": "Point", "coordinates": [ -77.1290395, 39.1206316 ] } },
{ "type": "Feature", "properties": { "LocationID": "51153900801", "StateAbbr": "VA", "CountyName": "Prince William", "CountyFIPS": 51153, "lon": -77.274894, "lat": 38.5982148, "TotalPopulation": 7324, "chronic_disease_burden_score": -0.25858231563336331, "preventive_care_gap_score": -0.31556273375536281, "health_need_score": -0.28707252469436306, "need_intensity": 0.17248898224179784, "priority_weighted_population": 1263.3093059389273, "health_priority_rank": 963 }, "geometry": { "type": "Point", "coordinates": [ -77.274894, 38.5982148 ] } },
{ "type": "Feature", "properties": { "LocationID": "51059416200", "StateAbbr": "VA", "CountyName": "Fairfax", "CountyFIPS": 51059, "lon": -77.1510948, "lat": 38.6904794, "TotalPopulation": 5201, "chronic_disease_burden_score": -1.1725163462117818, "preventive_care_gap_score": 0.59715335799919145, "health_need_score": -0.28768149410629518, "need_intensity": 0.17232421684982169, "priority_weighted_population": 896.25825183592258, "health_priority_rank": 964 }, "geometry": { "type": "Point", "coordinates": [ -77.1510948, 38.6904794 ] } },
{ "type": "Feature", "properties": { "LocationID": "51107611006", "StateAbbr": "VA", "CountyName": "Loudoun", "CountyFIPS": 51107, "lon": -77.4598859, "lat": 39.0182207, "TotalPopulation": 5950, "chronic_disease_burden_score": -0.46239461017953049, "preventive_care_gap_score": -0.1145371113351711, "health_need_score": -0.28846586075735081, "need_intensity": 0.17211199522393714, "priority_weighted_population": 1024.066371582426, "health_priority_rank": 965 }, "geometry": { "type": "Point", "coordinates": [ -77.4598859, 39.0182207 ] } },
{ "type": "Feature", "properties": { "LocationID": "24033800216", "StateAbbr": "MD", "CountyName": "Prince George's", "CountyFIPS": 24033, "lon": -76.8696671, "lat": 39.0652176, "TotalPopulation": 4392, "chronic_disease_burden_score": -0.24458400602186667, "preventive_care_gap_score": -0.33463304506429215, "health_need_score": -0.28960852554307942, "need_intensity": 0.17180283090857265, "priority_weighted_population": 754.55803335045107, "health_priority_rank": 966 }, "geometry": { "type": "Point", "coordinates": [ -76.8696671, 39.0652176 ] } },
{ "type": "Feature", "properties": { "LocationID": "51059432100", "StateAbbr": "VA", "CountyName": "Fairfax", "CountyFIPS": 51059, "lon": -77.3069348, "lat": 38.7883684, "TotalPopulation": 3573, "chronic_disease_burden_score": -0.016851362198900512, "preventive_care_gap_score": -0.56372990727771011, "health_need_score": -0.2902906347383053, "need_intensity": 0.17161827650120864, "priority_weighted_population": 613.1921019388185, "health_priority_rank": 967 }, "geometry": { "type": "Point", "coordinates": [ -77.3069348, 38.7883684 ] } },
{ "type": "Feature", "properties": { "LocationID": "24031700103", "StateAbbr": "MD", "CountyName": "Montgomery", "CountyFIPS": 24031, "lon": -77.1154936, "lat": 39.2251306, "TotalPopulation": 5492, "chronic_disease_burden_score": 0.08607770426264956, "preventive_care_gap_score": -0.67031502543129018, "health_need_score": -0.29211866058432029, "need_intensity": 0.17112367793983665, "priority_weighted_population": 939.8112392455829, "health_priority_rank": 968 }, "geometry": { "type": "Point", "coordinates": [ -77.1154936, 39.2251306 ] } },
{ "type": "Feature", "properties": { "LocationID": "51059450400", "StateAbbr": "VA", "CountyName": "Fairfax", "CountyFIPS": 51059, "lon": -77.168111, "lat": 38.8613778, "TotalPopulation": 2726, "chronic_disease_burden_score": -0.036164045355121986, "preventive_care_gap_score": -0.5513495535508367, "health_need_score": -0.29375679945297933, "need_intensity": 0.17068045601847673, "priority_weighted_population": 465.27492310636757, "health_priority_rank": 969 }, "geometry": { "type": "Point", "coordinates": [ -77.168111, 38.8613778 ] } },
{ "type": "Feature", "properties": { "LocationID": "51013100200", "StateAbbr": "VA", "CountyName": "Arlington", "CountyFIPS": 51013, "lon": -77.1421557, "lat": 38.9038595, "TotalPopulation": 6660, "chronic_disease_burden_score": 0.010779685649850546, "preventive_care_gap_score": -0.59859864329288115, "health_need_score": -0.2939094788215153, "need_intensity": 0.17063914642966882, "priority_weighted_population": 1136.4567152215943, "health_priority_rank": 970 }, "geometry": { "type": "Point", "coordinates": [ -77.1421557, 38.9038595 ] } },
{ "type": "Feature", "properties": { "LocationID": "24033803521", "StateAbbr": "MD", "CountyName": "Prince George's", "CountyFIPS": 24033, "lon": -76.8374179, "lat": 38.9245604, "TotalPopulation": 7592, "chronic_disease_burden_score": 0.27185252468608911, "preventive_care_gap_score": -0.8607910008733346, "health_need_score": -0.29446923809362274, "need_intensity": 0.17048769554548002, "priority_weighted_population": 1294.3425845812842, "health_priority_rank": 971 }, "geometry": { "type": "Point", "coordinates": [ -76.8374179, 38.9245604 ] } },
{ "type": "Feature", "properties": { "LocationID": "51059451300", "StateAbbr": "VA", "CountyName": "Fairfax", "CountyFIPS": 51059, "lon": -77.153342, "lat": 38.8675675, "TotalPopulation": 2491, "chronic_disease_burden_score": 0.013798973012249293, "preventive_care_gap_score": -0.60405579789513897, "health_need_score": -0.29512841244144483, "need_intensity": 0.17030934648940027, "priority_weighted_population": 424.24058210509605, "health_priority_rank": 972 }, "geometry": { "type": "Point", "coordinates": [ -77.153342, 38.8675675 ] } },
{ "type": "Feature", "properties": { "LocationID": "11001011001", "StateAbbr": "DC", "CountyName": "District of Columbia", "CountyFIPS": 11001, "lon": -77.0157419, "lat": 38.8741656, "TotalPopulation": 2423, "chronic_disease_burden_score": -0.18944714327673334, "preventive_care_gap_score": -0.40324529615254101, "health_need_score": -0.29634621971463715, "need_intensity": 0.16997985129836546, "priority_weighted_population": 411.86117969593948, "health_priority_rank": 973 }, "geometry": { "type": "Point", "coordinates": [ -77.0157419, 38.8741656 ] } },
{ "type": "Feature", "properties": { "LocationID": "51107610202", "StateAbbr": "VA", "CountyName": "Loudoun", "CountyFIPS": 51107, "lon": -77.8010924, "lat": 39.153846, "TotalPopulation": 5624, "chronic_disease_burden_score": -0.19971641237884932, "preventive_care_gap_score": -0.39474702954867369, "health_need_score": -0.29723172096376149, "need_intensity": 0.16974026625920161, "priority_weighted_population": 954.61925744174982, "health_priority_rank": 974 }, "geometry": { "type": "Point", "coordinates": [ -77.8010924, 39.153846 ] } },
{ "type": "Feature", "properties": { "LocationID": "24031701304", "StateAbbr": "MD", "CountyName": "Montgomery", "CountyFIPS": 24031, "lon": -77.0758148, "lat": 39.169024, "TotalPopulation": 6045, "chronic_disease_burden_score": 0.22948284433774824, "preventive_care_gap_score": -0.82747746279263557, "health_need_score": -0.29899730922744366, "need_intensity": 0.16926256107954227, "priority_weighted_population": 1023.1921817258331, "health_priority_rank": 975 }, "geometry": { "type": "Point", "coordinates": [ -77.0758148, 39.169024 ] } },
{ "type": "Feature", "properties": { "LocationID": "11001007301", "StateAbbr": "DC", "CountyName": "District of Columbia", "CountyFIPS": 11001, "lon": -77.024445, "lat": 38.834928, "TotalPopulation": 3841, "chronic_disease_burden_score": -1.4764392373353694, "preventive_care_gap_score": 0.87829824385545097, "health_need_score": -0.29907049673995922, "need_intensity": 0.16924275915033021, "priority_weighted_population": 650.0614378964184, "health_priority_rank": 976 }, "geometry": { "type": "Point", "coordinates": [ -77.024445, 38.834928 ] } },
{ "type": "Feature", "properties": { "LocationID": "11001010202", "StateAbbr": "DC", "CountyName": "District of Columbia", "CountyFIPS": 11001, "lon": -77.024577, "lat": 38.8843563, "TotalPopulation": 2631, "chronic_disease_burden_score": -0.60813188790716299, "preventive_care_gap_score": 0.0090360000503211732, "health_need_score": -0.29954794392842093, "need_intensity": 0.16911357897869364, "priority_weighted_population": 444.93782629294299, "health_priority_rank": 977 }, "geometry": { "type": "Point", "coordinates": [ -77.024577, 38.8843563 ] } },
{ "type": "Feature", "properties": { "LocationID": "24031701409", "StateAbbr": "MD", "CountyName": "Montgomery", "CountyFIPS": 24031, "lon": -76.9522476, "lat": 39.1003467, "TotalPopulation": 4361, "chronic_disease_burden_score": 0.09541421689911124, "preventive_care_gap_score": -0.69862331239962971, "health_need_score": -0.30160454775025924, "need_intensity": 0.16855713537380104, "priority_weighted_population": 735.07766736514634, "health_priority_rank": 978 }, "geometry": { "type": "Point", "coordinates": [ -76.9522476, 39.1003467 ] } },
{ "type": "Feature", "properties": { "LocationID": "51153901510", "StateAbbr": "VA", "CountyName": "Prince William", "CountyFIPS": 51153, "lon": -77.6545745, "lat": 38.8296394, "TotalPopulation": 6546, "chronic_disease_burden_score": -0.32055323912898881, "preventive_care_gap_score": -0.2850896938238589, "health_need_score": -0.30282146647642383, "need_intensity": 0.1682278805918844, "priority_weighted_population": 1101.2197063544752, "health_priority_rank": 979 }, "geometry": { "type": "Point", "coordinates": [ -77.6545745, 38.8296394 ] } },
{ "type": "Feature", "properties": { "LocationID": "51059415900", "StateAbbr": "VA", "CountyName": "Fairfax", "CountyFIPS": 51059, "lon": -77.0863636, "lat": 38.7186601, "TotalPopulation": 3216, "chronic_disease_burden_score": 0.23702135538694433, "preventive_care_gap_score": -0.84275068121926666, "health_need_score": -0.30286466291616115, "need_intensity": 0.16821619317674363, "priority_weighted_population": 540.98327725640752, "health_priority_rank": 980 }, "geometry": { "type": "Point", "coordinates": [ -77.0863636, 38.7186601 ] } },
{ "type": "Feature", "properties": { "LocationID": "51107611027", "StateAbbr": "VA", "CountyName": "Loudoun", "CountyFIPS": 51107, "lon": -77.534131, "lat": 38.9979761, "TotalPopulation": 2163, "chronic_disease_burden_score": -0.85475115403425572, "preventive_care_gap_score": 0.24742729870419014, "health_need_score": -0.3036619276650328, "need_intensity": 0.16800048178585483, "priority_weighted_population": 363.38504210280399, "health_priority_rank": 981 }, "geometry": { "type": "Point", "coordinates": [ -77.534131, 38.9979761 ] } },
{ "type": "Feature", "properties": { "LocationID": "51510201500", "StateAbbr": "VA", "CountyName": "Alexandria", "CountyFIPS": 51510, "lon": -77.0649035, "lat": 38.8136653, "TotalPopulation": 3835, "chronic_disease_burden_score": 0.043467945252889002, "preventive_care_gap_score": -0.65354452609640123, "health_need_score": -0.30503829042175612, "need_intensity": 0.16762808713898189, "priority_weighted_population": 642.85371417799558, "health_priority_rank": 982 }, "geometry": { "type": "Point", "coordinates": [ -77.0649035, 38.8136653 ] } },
{ "type": "Feature", "properties": { "LocationID": "24033800518", "StateAbbr": "MD", "CountyName": "Prince George's", "CountyFIPS": 24033, "lon": -76.7691425, "lat": 38.929507, "TotalPopulation": 4176, "chronic_disease_burden_score": 0.35693033041305594, "preventive_care_gap_score": -0.96786880590219448, "health_need_score": -0.30546923774456924, "need_intensity": 0.16751148817165593, "priority_weighted_population": 699.52797460483509, "health_priority_rank": 983 }, "geometry": { "type": "Point", "coordinates": [ -76.7691425, 38.929507 ] } },
{ "type": "Feature", "properties": { "LocationID": "51153901010", "StateAbbr": "VA", "CountyName": "Prince William", "CountyFIPS": 51153, "lon": -77.3553713, "lat": 38.6123227, "TotalPopulation": 4416, "chronic_disease_burden_score": -0.059715004404124986, "preventive_care_gap_score": -0.5516727962744129, "health_need_score": -0.30569390033926896, "need_intensity": 0.16745070249054819, "priority_weighted_population": 739.46230219826077, "health_priority_rank": 984 }, "geometry": { "type": "Point", "coordinates": [ -77.3553713, 38.6123227 ] } },
{ "type": "Feature", "properties": { "LocationID": "24031703223", "StateAbbr": "MD", "CountyName": "Montgomery", "CountyFIPS": 24031, "lon": -77.0382996, "lat": 39.0805511, "TotalPopulation": 6420, "chronic_disease_burden_score": -0.24378955271242769, "preventive_care_gap_score": -0.36802946903004746, "health_need_score": -0.30590951087123758, "need_intensity": 0.16739236597459531, "priority_weighted_population": 1074.6589895569018, "health_priority_rank": 985 }, "geometry": { "type": "Point", "coordinates": [ -77.0382996, 39.0805511 ] } },
{ "type": "Feature", "properties": { "LocationID": "51153901005", "StateAbbr": "VA", "CountyName": "Prince William", "CountyFIPS": 51153, "lon": -77.3882838, "lat": 38.6207175, "TotalPopulation": 6501, "chronic_disease_burden_score": -0.30894991011355893, "preventive_care_gap_score": -0.30343233586291163, "health_need_score": -0.30619112298823525, "need_intensity": 0.16731617178498051, "priority_weighted_population": 1087.7224327741583, "health_priority_rank": 986 }, "geometry": { "type": "Point", "coordinates": [ -77.3882838, 38.6207175 ] } },
{ "type": "Feature", "properties": { "LocationID": "24021752202", "StateAbbr": "MD", "CountyName": "Frederick", "CountyFIPS": 24021, "lon": -77.3425194, "lat": 39.3365151, "TotalPopulation": 4481, "chronic_disease_burden_score": -0.49694773707596052, "preventive_care_gap_score": -0.11640007119897113, "health_need_score": -0.30667390413746581, "need_intensity": 0.16718554843390074, "priority_weighted_population": 749.15844253230921, "health_priority_rank": 987 }, "geometry": { "type": "Point", "coordinates": [ -77.3425194, 39.3365151 ] } },
{ "type": "Feature", "properties": { "LocationID": "51059416100", "StateAbbr": "VA", "CountyName": "Fairfax", "CountyFIPS": 51059, "lon": -77.1167623, "lat": 38.7048315, "TotalPopulation": 4129, "chronic_disease_burden_score": 0.3955643399200523, "preventive_care_gap_score": -1.009886005774935, "health_need_score": -0.30716083292744134, "need_intensity": 0.16705380287924265, "priority_weighted_population": 689.76515208839294, "health_priority_rank": 988 }, "geometry": { "type": "Point", "coordinates": [ -77.1167623, 38.7048315 ] } },
{ "type": "Feature", "properties": { "LocationID": "24021752206", "StateAbbr": "MD", "CountyName": "Frederick", "CountyFIPS": 24021, "lon": -77.3635685, "lat": 39.3370294, "TotalPopulation": 5889, "chronic_disease_burden_score": -0.39112844807531516, "preventive_care_gap_score": -0.2245979986210519, "health_need_score": -0.3078632233481835, "need_intensity": 0.1668637610959835, "priority_weighted_population": 982.66068909424678, "health_priority_rank": 989 }, "geometry": { "type": "Point", "coordinates": [ -77.3635685, 39.3370294 ] } },
{ "type": "Feature", "properties": { "LocationID": "51107611014", "StateAbbr": "VA", "CountyName": "Loudoun", "CountyFIPS": 51107, "lon": -77.4794238, "lat": 39.0525593, "TotalPopulation": 4472, "chronic_disease_burden_score": -0.42587489064506978, "preventive_care_gap_score": -0.19205952240880814, "health_need_score": -0.30896720652693899, "need_intensity": 0.16656506264312426, "priority_weighted_population": 744.87896014005173, "health_priority_rank": 990 }, "geometry": { "type": "Point", "coordinates": [ -77.4794238, 39.0525593 ] } },
{ "type": "Feature", "properties": { "LocationID": "51179010219", "StateAbbr": "VA", "CountyName": "Stafford", "CountyFIPS": 51179, "lon": -77.4661822, "lat": 38.4556689, "TotalPopulation": 1462, "chronic_disease_burden_score": -0.13409676349148517, "preventive_care_gap_score": -0.48788272577919994, "health_need_score": -0.31098974463534257, "need_intensity": 0.16601783600466222, "priority_weighted_population": 242.71807623881617, "health_priority_rank": 991 }, "geometry": { "type": "Point", "coordinates": [ -77.4661822, 38.4556689 ] } },
{ "type": "Feature", "properties": { "LocationID": "51059421103", "StateAbbr": "VA", "CountyName": "Fairfax", "CountyFIPS": 51059, "lon": -77.1678766, "lat": 38.7395362, "TotalPopulation": 5913, "chronic_disease_burden_score": -0.048670381457017721, "preventive_care_gap_score": -0.57342134745981155, "health_need_score": -0.31104586445841464, "need_intensity": 0.16600265198315814, "priority_weighted_population": 981.57368117641408, "health_priority_rank": 992 }, "geometry": { "type": "Point", "coordinates": [ -77.1678766, 38.7395362 ] } },
{ "type": "Feature", "properties": { "LocationID": "51013100900", "StateAbbr": "VA", "CountyName": "Arlington", "CountyFIPS": 51013, "lon": -77.1323332, "lat": 38.8867432, "TotalPopulation": 4406, "chronic_disease_burden_score": -0.10232804485645169, "preventive_care_gap_score": -0.52206292477597671, "health_need_score": -0.31219548481621417, "need_intensity": 0.16569160573819877, "priority_weighted_population": 730.0372148825038, "health_priority_rank": 993 }, "geometry": { "type": "Point", "coordinates": [ -77.1323332, 38.8867432 ] } },
{ "type": "Feature", "properties": { "LocationID": "51059431801", "StateAbbr": "VA", "CountyName": "Fairfax", "CountyFIPS": 51059, "lon": -77.2804249, "lat": 38.8004471, "TotalPopulation": 4263, "chronic_disease_burden_score": -0.3672653054440449, "preventive_care_gap_score": -0.25737965979480715, "health_need_score": -0.31232248261942602, "need_intensity": 0.16565724466452858, "priority_weighted_population": 706.19683400488532, "health_priority_rank": 994 }, "geometry": { "type": "Point", "coordinates": [ -77.2804249, 38.8004471 ] } },
{ "type": "Feature", "properties": { "LocationID": "51059430400", "StateAbbr": "VA", "CountyName": "Fairfax", "CountyFIPS": 51059, "lon": -77.2331389, "lat": 38.8028289, "TotalPopulation": 7217, "chronic_disease_burden_score": -0.25543733186128659, "preventive_care_gap_score": -0.37263739940603929, "health_need_score": -0.31403736563366291, "need_intensity": 0.16519325851596733, "priority_weighted_population": 1192.1997467097362, "health_priority_rank": 995 }, "geometry": { "type": "Point", "coordinates": [ -77.2331389, 38.8028289 ] } },
{ "type": "Feature", "properties": { "LocationID": "51510201805", "StateAbbr": "VA", "CountyName": "Alexandria", "CountyFIPS": 51510, "lon": -77.0419989, "lat": 38.8149345, "TotalPopulation": 3383, "chronic_disease_burden_score": 0.42140529338708743, "preventive_care_gap_score": -1.0512860856731017, "health_need_score": -0.31494039614300712, "need_intensity": 0.16494893068451447, "priority_weighted_population": 558.0222325057124, "health_priority_rank": 996 }, "geometry": { "type": "Point", "coordinates": [ -77.0419989, 38.8149345 ] } },
{ "type": "Feature", "properties": { "LocationID": "51059415100", "StateAbbr": "VA", "CountyName": "Fairfax", "CountyFIPS": 51059, "lon": -77.071946, "lat": 38.7753905, "TotalPopulation": 3633, "chronic_disease_burden_score": -0.070420904918867447, "preventive_care_gap_score": -0.56016023902310208, "health_need_score": -0.31529057197098476, "need_intensity": 0.16485418560138415, "priority_weighted_population": 598.91525628982868, "health_priority_rank": 997 }, "geometry": { "type": "Point", "coordinates": [ -77.071946, 38.7753905 ] } },
{ "type": "Feature", "properties": { "LocationID": "11001009901", "StateAbbr": "DC", "CountyName": "District of Columbia", "CountyFIPS": 11001, "lon": -76.9553332, "lat": 38.8753461, "TotalPopulation": 2364, "chronic_disease_burden_score": 0.32314025779036976, "preventive_care_gap_score": -0.95509741990921526, "health_need_score": -0.31597858105942278, "need_intensity": 0.16466803489345291, "priority_weighted_population": 389.27523448812269, "health_priority_rank": 998 }, "geometry": { "type": "Point", "coordinates": [ -76.9553332, 38.8753461 ] } },
{ "type": "Feature", "properties": { "LocationID": "11001009302", "StateAbbr": "DC", "CountyName": "District of Columbia", "CountyFIPS": 11001, "lon": -76.9907773, "lat": 38.9251636, "TotalPopulation": 1750, "chronic_disease_burden_score": -0.78536725792956164, "preventive_care_gap_score": 0.15230982991342562, "health_need_score": -0.31652871400806804, "need_intensity": 0.16451918854888045, "priority_weighted_population": 287.90857996054081, "health_priority_rank": 999 }, "geometry": { "type": "Point", "coordinates": [ -76.9907773, 38.9251636 ] } },
{ "type": "Feature", "properties": { "LocationID": "24031701308", "StateAbbr": "MD", "CountyName": "Montgomery", "CountyFIPS": 24031, "lon": -77.0607673, "lat": 39.1321116, "TotalPopulation": 4234, "chronic_disease_burden_score": 0.004249068373863487, "preventive_care_gap_score": -0.63819177438278141, "health_need_score": -0.31697135300445894, "need_intensity": 0.16439942623189827, "priority_weighted_population": 696.06717066585725, "health_priority_rank": 1000 }, "geometry": { "type": "Point", "coordinates": [ -77.0607673, 39.1321116 ] } },
{ "type": "Feature", "properties": { "LocationID": "51059481900", "StateAbbr": "VA", "CountyName": "Fairfax", "CountyFIPS": 51059, "lon": -77.3127711, "lat": 38.9599681, "TotalPopulation": 5821, "chronic_disease_burden_score": -0.084755306456941043, "preventive_care_gap_score": -0.55095423893971751, "health_need_score": -0.31785477269832929, "need_intensity": 0.16416040438730647, "priority_weighted_population": 955.57771393851101, "health_priority_rank": 1001 }, "geometry": { "type": "Point", "coordinates": [ -77.3127711, 38.9599681 ] } },
{ "type": "Feature", "properties": { "LocationID": "51013102400", "StateAbbr": "VA", "CountyName": "Arlington", "CountyFIPS": 51013, "lon": -77.0890693, "lat": 38.8706341, "TotalPopulation": 3617, "chronic_disease_burden_score": -0.61183977865196981, "preventive_care_gap_score": -0.026118469943051219, "health_need_score": -0.31897912429751052, "need_intensity": 0.16385619496672107, "priority_weighted_population": 592.66785719463007, "health_priority_rank": 1002 }, "geometry": { "type": "Point", "coordinates": [ -77.0890693, 38.8706341 ] } },
{ "type": "Feature", "properties": { "LocationID": "11001009201", "StateAbbr": "DC", "CountyName": "District of Columbia", "CountyFIPS": 11001, "lon": -76.9990184, "lat": 38.9287161, "TotalPopulation": 3103, "chronic_disease_burden_score": -1.05479871712741, "preventive_care_gap_score": 0.41660045927221973, "health_need_score": -0.31909912892759518, "need_intensity": 0.16382372599614975, "priority_weighted_population": 508.3450217660527, "health_priority_rank": 1003 }, "geometry": { "type": "Point", "coordinates": [ -76.9990184, 38.9287161 ] } },
{ "type": "Feature", "properties": { "LocationID": "24031703000", "StateAbbr": "MD", "CountyName": "Montgomery", "CountyFIPS": 24031, "lon": -77.0213915, "lat": 39.0183846, "TotalPopulation": 1829, "chronic_disease_burden_score": -0.15032022130907377, "preventive_care_gap_score": -0.48819324445887297, "health_need_score": -0.31925673288397338, "need_intensity": 0.1637810839896042, "priority_weighted_population": 299.55560261698605, "health_priority_rank": 1004 }, "geometry": { "type": "Point", "coordinates": [ -77.0213915, 39.0183846 ] } },
{ "type": "Feature", "properties": { "LocationID": "51013101200", "StateAbbr": "VA", "CountyName": "Arlington", "CountyFIPS": 51013, "lon": -77.1383001, "lat": 38.87293, "TotalPopulation": 3897, "chronic_disease_burden_score": -0.12435707536724044, "preventive_care_gap_score": -0.51501334901903728, "health_need_score": -0.31968521219313883, "need_intensity": 0.16366515277870097, "priority_weighted_population": 637.80310037859772, "health_priority_rank": 1005 }, "geometry": { "type": "Point", "coordinates": [ -77.1383001, 38.87293 ] } },
{ "type": "Feature", "properties": { "LocationID": "11001006801", "StateAbbr": "DC", "CountyName": "District of Columbia", "CountyFIPS": 11001, "lon": -76.9801087, "lat": 38.8877413, "TotalPopulation": 2238, "chronic_disease_burden_score": -0.70000124550212717, "preventive_care_gap_score": 0.055585854398734841, "health_need_score": -0.32220769555169615, "need_intensity": 0.1629826587959452, "priority_weighted_population": 364.75519038532536, "health_priority_rank": 1006 }, "geometry": { "type": "Point", "coordinates": [ -76.9801087, 38.8877413 ] } },
{ "type": "Feature", "properties": { "LocationID": "51059430102", "StateAbbr": "VA", "CountyName": "Fairfax", "CountyFIPS": 51059, "lon": -77.3022141, "lat": 38.802432, "TotalPopulation": 3117, "chronic_disease_burden_score": -0.35516127956089777, "preventive_care_gap_score": -0.29293300954427243, "health_need_score": -0.3240471445525851, "need_intensity": 0.16248496953649619, "priority_weighted_population": 506.4656500452586, "health_priority_rank": 1007 }, "geometry": { "type": "Point", "coordinates": [ -77.3022141, 38.802432 ] } },
{ "type": "Feature", "properties": { "LocationID": "51059491402", "StateAbbr": "VA", "CountyName": "Fairfax", "CountyFIPS": 51059, "lon": -77.4317689, "lat": 38.8238977, "TotalPopulation": 4323, "chronic_disease_burden_score": -0.65868812792308373, "preventive_care_gap_score": 0.0057257409657456666, "health_need_score": -0.32648119347866905, "need_intensity": 0.16182640275541119, "priority_weighted_population": 699.57553911164257, "health_priority_rank": 1008 }, "geometry": { "type": "Point", "coordinates": [ -77.4317689, 38.8238977 ] } },
{ "type": "Feature", "properties": { "LocationID": "51107611209", "StateAbbr": "VA", "CountyName": "Loudoun", "CountyFIPS": 51107, "lon": -77.3515373, "lat": 39.0392626, "TotalPopulation": 6639, "chronic_disease_burden_score": -0.17451212718001385, "preventive_care_gap_score": -0.47873574630125343, "health_need_score": -0.32662393674063361, "need_intensity": 0.16178778152247453, "priority_weighted_population": 1074.1090815277084, "health_priority_rank": 1009 }, "geometry": { "type": "Point", "coordinates": [ -77.3515373, 39.0392626 ] } },
{ "type": "Feature", "properties": { "LocationID": "51059480203", "StateAbbr": "VA", "CountyName": "Fairfax", "CountyFIPS": 51059, "lon": -77.23499, "lat": 38.9269191, "TotalPopulation": 2828, "chronic_disease_burden_score": -0.034602998458249344, "preventive_care_gap_score": -0.61985203452248605, "health_need_score": -0.32722751649036769, "need_intensity": 0.16162447438076066, "priority_weighted_population": 457.07401354879113, "health_priority_rank": 1010 }, "geometry": { "type": "Point", "coordinates": [ -77.23499, 38.9269191 ] } },
{ "type": "Feature", "properties": { "LocationID": "51179010213", "StateAbbr": "VA", "CountyName": "Stafford", "CountyFIPS": 51179, "lon": -77.4451742, "lat": 38.4564269, "TotalPopulation": 2629, "chronic_disease_burden_score": -0.19400255623856444, "preventive_care_gap_score": -0.46434046293166514, "health_need_score": -0.32917150958511476, "need_intensity": 0.16109849922013861, "priority_weighted_population": 423.52795444974441, "health_priority_rank": 1011 }, "geometry": { "type": "Point", "coordinates": [ -77.4451742, 38.4564269 ] } },
{ "type": "Feature", "properties": { "LocationID": "51059481400", "StateAbbr": "VA", "CountyName": "Fairfax", "CountyFIPS": 51059, "lon": -77.3413712, "lat": 38.9276343, "TotalPopulation": 6647, "chronic_disease_burden_score": 0.089225026828562981, "preventive_care_gap_score": -0.74856695307939269, "health_need_score": -0.32967096312541488, "need_intensity": 0.1609633649149847, "priority_weighted_population": 1069.9234865899032, "health_priority_rank": 1012 }, "geometry": { "type": "Point", "coordinates": [ -77.3413712, 38.9276343 ] } },
{ "type": "Feature", "properties": { "LocationID": "24031700313", "StateAbbr": "MD", "CountyName": "Montgomery", "CountyFIPS": 24031, "lon": -77.2570537, "lat": 39.1946701, "TotalPopulation": 3713, "chronic_disease_burden_score": -0.57213807359574032, "preventive_care_gap_score": -0.089169577032248454, "health_need_score": -0.3306538253139944, "need_intensity": 0.16069743747990053, "priority_weighted_population": 596.66958536287063, "health_priority_rank": 1013 }, "geometry": { "type": "Point", "coordinates": [ -77.2570537, 39.1946701 ] } },
{ "type": "Feature", "properties": { "LocationID": "51059431400", "StateAbbr": "VA", "CountyName": "Fairfax", "CountyFIPS": 51059, "lon": -77.2299357, "lat": 38.7681302, "TotalPopulation": 4405, "chronic_disease_burden_score": -0.24839631234337223, "preventive_care_gap_score": -0.41602534135448754, "health_need_score": -0.33221082684892989, "need_intensity": 0.16027616842568451, "priority_weighted_population": 706.01652191514029, "health_priority_rank": 1014 }, "geometry": { "type": "Point", "coordinates": [ -77.2299357, 38.7681302 ] } },
{ "type": "Feature", "properties": { "LocationID": "51153901411", "StateAbbr": "VA", "CountyName": "Prince William", "CountyFIPS": 51153, "lon": -77.6328876, "lat": 38.7807416, "TotalPopulation": 6810, "chronic_disease_burden_score": -0.053621207854026624, "preventive_care_gap_score": -0.61117390345289035, "health_need_score": -0.33239755565345847, "need_intensity": 0.16022564627454106, "priority_weighted_population": 1091.1366511296246, "health_priority_rank": 1015 }, "geometry": { "type": "Point", "coordinates": [ -77.6328876, 38.7807416 ] } },
{ "type": "Feature", "properties": { "LocationID": "24031700835", "StateAbbr": "MD", "CountyName": "Montgomery", "CountyFIPS": 24031, "lon": -77.2273849, "lat": 39.1980942, "TotalPopulation": 4388, "chronic_disease_burden_score": -0.2630046967062174, "preventive_care_gap_score": -0.40196858531055241, "health_need_score": -0.33248664100838488, "need_intensity": 0.1602015429564824, "priority_weighted_population": 702.96437049304473, "health_priority_rank": 1016 }, "geometry": { "type": "Point", "coordinates": [ -77.2273849, 39.1980942 ] } },
{ "type": "Feature", "properties": { "LocationID": "51107611032", "StateAbbr": "VA", "CountyName": "Loudoun", "CountyFIPS": 51107, "lon": -77.4829189, "lat": 38.9932441, "TotalPopulation": 2991, "chronic_disease_burden_score": -0.91432825928153683, "preventive_care_gap_score": 0.24619541004525702, "health_need_score": -0.3340664246181399, "need_intensity": 0.1597741098857918, "priority_weighted_population": 477.88436266840324, "health_priority_rank": 1017 }, "geometry": { "type": "Point", "coordinates": [ -77.4829189, 38.9932441 ] } },
{ "type": "Feature", "properties": { "LocationID": "51059420300", "StateAbbr": "VA", "CountyName": "Fairfax", "CountyFIPS": 51059, "lon": -77.1007551, "lat": 38.7971322, "TotalPopulation": 6184, "chronic_disease_burden_score": -0.27365687279424283, "preventive_care_gap_score": -0.39508069429978854, "health_need_score": -0.33436878354701571, "need_intensity": 0.15969230234922666, "priority_weighted_population": 987.53719772761769, "health_priority_rank": 1018 }, "geometry": { "type": "Point", "coordinates": [ -77.1007551, 38.7971322 ] } },
{ "type": "Feature", "properties": { "LocationID": "24031701407", "StateAbbr": "MD", "CountyName": "Montgomery", "CountyFIPS": 24031, "lon": -77.0147455, "lat": 39.1081025, "TotalPopulation": 5578, "chronic_disease_burden_score": 0.12876262834027305, "preventive_care_gap_score": -0.80039623186295805, "health_need_score": -0.33581680176134249, "need_intensity": 0.15930052029252992, "priority_weighted_population": 888.57830219173184, "health_priority_rank": 1019 }, "geometry": { "type": "Point", "coordinates": [ -77.0147455, 39.1081025 ] } },
{ "type": "Feature", "properties": { "LocationID": "51059430203", "StateAbbr": "VA", "CountyName": "Fairfax", "CountyFIPS": 51059, "lon": -77.2999921, "lat": 38.8183279, "TotalPopulation": 2679, "chronic_disease_burden_score": -0.21835633501412807, "preventive_care_gap_score": -0.45619060030271785, "health_need_score": -0.33727346765842298, "need_intensity": 0.15890639848147003, "priority_weighted_population": 425.71024153185823, "health_priority_rank": 1020 }, "geometry": { "type": "Point", "coordinates": [ -77.2999921, 38.8183279 ] } },
{ "type": "Feature", "properties": { "LocationID": "24033803514", "StateAbbr": "MD", "CountyName": "Prince George's", "CountyFIPS": 24033, "lon": -76.8387812, "lat": 38.9042525, "TotalPopulation": 5436, "chronic_disease_burden_score": -0.11998121080944059, "preventive_care_gap_score": -0.56450547014357322, "health_need_score": -0.3422433404765069, "need_intensity": 0.15756172824533271, "priority_weighted_population": 856.50555474162866, "health_priority_rank": 1021 }, "geometry": { "type": "Point", "coordinates": [ -76.8387812, 38.9042525 ] } },
{ "type": "Feature", "properties": { "LocationID": "51510201204", "StateAbbr": "VA", "CountyName": "Alexandria", "CountyFIPS": 51510, "lon": -77.05602, "lat": 38.8341111, "TotalPopulation": 2878, "chronic_disease_burden_score": -0.51004824437340202, "preventive_care_gap_score": -0.1820368624648025, "health_need_score": -0.34604255341910228, "need_intensity": 0.15653379679685239, "priority_weighted_population": 450.50426718134116, "health_priority_rank": 1022 }, "geometry": { "type": "Point", "coordinates": [ -77.05602, 38.8341111 ] } },
{ "type": "Feature", "properties": { "LocationID": "24031701005", "StateAbbr": "MD", "CountyName": "Montgomery", "CountyFIPS": 24031, "lon": -77.1673715, "lat": 39.083326, "TotalPopulation": 3281, "chronic_disease_burden_score": -0.065106098815284438, "preventive_care_gap_score": -0.62740022815410201, "health_need_score": -0.3462531634846932, "need_intensity": 0.15647681322866114, "priority_weighted_population": 513.40042420323721, "health_priority_rank": 1023 }, "geometry": { "type": "Point", "coordinates": [ -77.1673715, 39.083326 ] } },
{ "type": "Feature", "properties": { "LocationID": "51153901412", "StateAbbr": "VA", "CountyName": "Prince William", "CountyFIPS": 51153, "lon": -77.6107683, "lat": 38.7676013, "TotalPopulation": 8112, "chronic_disease_burden_score": -0.54230032072228518, "preventive_care_gap_score": -0.15204009185512199, "health_need_score": -0.3471702062887036, "need_intensity": 0.15622869417029614, "priority_weighted_population": 1267.3271671094424, "health_priority_rank": 1024 }, "geometry": { "type": "Point", "coordinates": [ -77.6107683, 38.7676013 ] } },
{ "type": "Feature", "properties": { "LocationID": "24033800608", "StateAbbr": "MD", "CountyName": "Prince George's", "CountyFIPS": 24033, "lon": -76.7424353, "lat": 38.8558523, "TotalPopulation": 8212, "chronic_disease_burden_score": -0.098044475759944669, "preventive_care_gap_score": -0.59729148955520694, "health_need_score": -0.34766798265757581, "need_intensity": 0.15609401364788131, "priority_weighted_population": 1281.8440400764014, "health_priority_rank": 1025 }, "geometry": { "type": "Point", "coordinates": [ -76.7424353, 38.8558523 ] } },
{ "type": "Feature", "properties": { "LocationID": "51153901236", "StateAbbr": "VA", "CountyName": "Prince William", "CountyFIPS": 51153, "lon": -77.3412157, "lat": 38.6851074, "TotalPopulation": 6506, "chronic_disease_burden_score": -0.22308643148140048, "preventive_care_gap_score": -0.47291423122892173, "health_need_score": -0.34800033135516112, "need_intensity": 0.1560040919500793, "priority_weighted_population": 1014.962622227216, "health_priority_rank": 1026 }, "geometry": { "type": "Point", "coordinates": [ -77.3412157, 38.6851074 ] } },
{ "type": "Feature", "properties": { "LocationID": "24031700317", "StateAbbr": "MD", "CountyName": "Montgomery", "CountyFIPS": 24031, "lon": -77.3037387, "lat": 39.2378679, "TotalPopulation": 6673, "chronic_disease_burden_score": -0.68553241364188289, "preventive_care_gap_score": -0.011189436918361002, "health_need_score": -0.34836092528012197, "need_intensity": 0.15590652810167208, "priority_weighted_population": 1040.3642620224578, "health_priority_rank": 1027 }, "geometry": { "type": "Point", "coordinates": [ -77.3037387, 39.2378679 ] } },
{ "type": "Feature", "properties": { "LocationID": "11001009301", "StateAbbr": "DC", "CountyName": "District of Columbia", "CountyFIPS": 11001, "lon": -76.9864892, "lat": 38.9307613, "TotalPopulation": 3853, "chronic_disease_burden_score": -0.30454879399203899, "preventive_care_gap_score": -0.39220779004726247, "health_need_score": -0.34837829201965076, "need_intensity": 0.15590182928168253, "priority_weighted_population": 600.68974822232281, "health_priority_rank": 1028 }, "geometry": { "type": "Point", "coordinates": [ -76.9864892, 38.9307613 ] } },
{ "type": "Feature", "properties": { "LocationID": "24031705502", "StateAbbr": "MD", "CountyName": "Montgomery", "CountyFIPS": 24031, "lon": -77.101874, "lat": 38.9703808, "TotalPopulation": 4097, "chronic_disease_burden_score": 0.32323444965167458, "preventive_care_gap_score": -1.0208871609699257, "health_need_score": -0.34882635565912556, "need_intensity": 0.15578059924985863, "priority_weighted_population": 638.23311512667078, "health_priority_rank": 1029 }, "geometry": { "type": "Point", "coordinates": [ -77.101874, 38.9703808 ] } },
{ "type": "Feature", "properties": { "LocationID": "51107611102", "StateAbbr": "VA", "CountyName": "Loudoun", "CountyFIPS": 51107, "lon": -77.4124143, "lat": 39.0522021, "TotalPopulation": 6225, "chronic_disease_burden_score": -0.29910111915712151, "preventive_care_gap_score": -0.40250634551419151, "health_need_score": -0.35080373233565654, "need_intensity": 0.15524559168328902, "priority_weighted_population": 966.40380822847419, "health_priority_rank": 1030 }, "geometry": { "type": "Point", "coordinates": [ -77.4124143, 39.0522021 ] } },
{ "type": "Feature", "properties": { "LocationID": "51107611202", "StateAbbr": "VA", "CountyName": "Loudoun", "CountyFIPS": 51107, "lon": -77.3749149, "lat": 39.0517538, "TotalPopulation": 4735, "chronic_disease_burden_score": 0.019529972319864516, "preventive_care_gap_score": -0.7268160601046465, "health_need_score": -0.35364304389239098, "need_intensity": 0.1544773752960267, "priority_weighted_population": 731.45037202668641, "health_priority_rank": 1031 }, "geometry": { "type": "Point", "coordinates": [ -77.3749149, 39.0517538 ] } },
{ "type": "Feature", "properties": { "LocationID": "51013103800", "StateAbbr": "VA", "CountyName": "Arlington", "CountyFIPS": 51013, "lon": -77.0720389, "lat": 38.8464071, "TotalPopulation": 4964, "chronic_disease_burden_score": -0.99740070472459119, "preventive_care_gap_score": 0.28932113120094638, "health_need_score": -0.35403978676182241, "need_intensity": 0.15437003083321008, "priority_weighted_population": 766.29283305605486, "health_priority_rank": 1032 }, "geometry": { "type": "Point", "coordinates": [ -77.0720389, 38.8464071 ] } },
{ "type": "Feature", "properties": { "LocationID": "51059492100", "StateAbbr": "VA", "CountyName": "Fairfax", "CountyFIPS": 51059, "lon": -77.3310034, "lat": 38.7604956, "TotalPopulation": 6592, "chronic_disease_burden_score": 0.32832807738206138, "preventive_care_gap_score": -1.0390300491194833, "health_need_score": -0.35535098586871094, "need_intensity": 0.15401526714463692, "priority_weighted_population": 1015.2686410174466, "health_priority_rank": 1033 }, "geometry": { "type": "Point", "coordinates": [ -77.3310034, 38.7604956 ] } },
{ "type": "Feature", "properties": { "LocationID": "51013100700", "StateAbbr": "VA", "CountyName": "Arlington", "CountyFIPS": 51013, "lon": -77.120587, "lat": 38.8906898, "TotalPopulation": 5827, "chronic_disease_burden_score": -0.35837955876552541, "preventive_care_gap_score": -0.35313947068842749, "health_need_score": -0.35575951472697642, "need_intensity": 0.1539047338138213, "priority_weighted_population": 896.80288393313674, "health_priority_rank": 1034 }, "geometry": { "type": "Point", "coordinates": [ -77.120587, 38.8906898 ] } },
{ "type": "Feature", "properties": { "LocationID": "51107611015", "StateAbbr": "VA", "CountyName": "Loudoun", "CountyFIPS": 51107, "lon": -77.4573225, "lat": 39.0541295, "TotalPopulation": 3771, "chronic_disease_burden_score": -0.21746356188113511, "preventive_care_gap_score": -0.49556189198857925, "health_need_score": -0.35651272693485719, "need_intensity": 0.15370094146852281, "priority_weighted_population": 579.60625027779952, "health_priority_rank": 1035 }, "geometry": { "type": "Point", "coordinates": [ -77.4573225, 39.0541295 ] } },
{ "type": "Feature", "properties": { "LocationID": "24033800701", "StateAbbr": "MD", "CountyName": "Prince George's", "CountyFIPS": 24033, "lon": -76.8240372, "lat": 38.8401423, "TotalPopulation": 8802, "chronic_disease_burden_score": -0.087434028646294445, "preventive_care_gap_score": -0.6295106579299824, "health_need_score": -0.35847234328813843, "need_intensity": 0.15317073921165272, "priority_weighted_population": 1348.2088465409672, "health_priority_rank": 1036 }, "geometry": { "type": "Point", "coordinates": [ -76.8240372, 38.8401423 ] } },
{ "type": "Feature", "properties": { "LocationID": "51013100500", "StateAbbr": "VA", "CountyName": "Arlington", "CountyFIPS": 51013, "lon": -77.1138532, "lat": 38.9017722, "TotalPopulation": 5029, "chronic_disease_burden_score": -0.30861588170144089, "preventive_care_gap_score": -0.40852159167077523, "health_need_score": -0.35856873668610806, "need_intensity": 0.15314465859793192, "priority_weighted_population": 770.16448808899963, "health_priority_rank": 1037 }, "geometry": { "type": "Point", "coordinates": [ -77.1138532, 38.9017722 ] } },
{ "type": "Feature", "properties": { "LocationID": "24031700711", "StateAbbr": "MD", "CountyName": "Montgomery", "CountyFIPS": 24031, "lon": -77.1658884, "lat": 39.1342913, "TotalPopulation": 6733, "chronic_disease_burden_score": -0.45046251971250695, "preventive_care_gap_score": -0.27013980348441169, "health_need_score": -0.36030116159845932, "need_intensity": 0.15267592623771842, "priority_weighted_population": 1027.967011358558, "health_priority_rank": 1038 }, "geometry": { "type": "Point", "coordinates": [ -77.1658884, 39.1342913 ] } },
{ "type": "Feature", "properties": { "LocationID": "51013102702", "StateAbbr": "VA", "CountyName": "Arlington", "CountyFIPS": 51013, "lon": -77.0982611, "lat": 38.8510432, "TotalPopulation": 1912, "chronic_disease_burden_score": -0.94965246263949321, "preventive_care_gap_score": 0.22865691187781628, "health_need_score": -0.36049777538083849, "need_intensity": 0.15262272956431105, "priority_weighted_population": 291.81465892696275, "health_priority_rank": 1039 }, "geometry": { "type": "Point", "coordinates": [ -77.0982611, 38.8510432 ] } },
{ "type": "Feature", "properties": { "LocationID": "51059460800", "StateAbbr": "VA", "CountyName": "Fairfax", "CountyFIPS": 51059, "lon": -77.250557, "lat": 38.9020666, "TotalPopulation": 3162, "chronic_disease_burden_score": 0.011893189545680532, "preventive_care_gap_score": -0.73328713910142029, "health_need_score": -0.36069697477786988, "need_intensity": 0.1525688333158457, "priority_weighted_population": 482.42265094470412, "health_priority_rank": 1040 }, "geometry": { "type": "Point", "coordinates": [ -77.250557, 38.9020666 ] } },
{ "type": "Feature", "properties": { "LocationID": "51059415200", "StateAbbr": "VA", "CountyName": "Fairfax", "CountyFIPS": 51059, "lon": -77.0516104, "lat": 38.776663, "TotalPopulation": 3218, "chronic_disease_burden_score": 0.088485017052870138, "preventive_care_gap_score": -0.81030824896745901, "health_need_score": -0.36091161595729443, "need_intensity": 0.15251075907210018, "priority_weighted_population": 490.77962269401837, "health_priority_rank": 1041 }, "geometry": { "type": "Point", "coordinates": [ -77.0516104, 38.776663 ] } },
{ "type": "Feature", "properties": { "LocationID": "51059440800", "StateAbbr": "VA", "CountyName": "Fairfax", "CountyFIPS": 51059, "lon": -77.2410705, "lat": 38.8280602, "TotalPopulation": 6397, "chronic_disease_burden_score": 0.047710422868788592, "preventive_care_gap_score": -0.7703677807202739, "health_need_score": -0.36132867892574266, "need_intensity": 0.15239791671560632, "priority_weighted_population": 974.88947322973365, "health_priority_rank": 1042 }, "geometry": { "type": "Point", "coordinates": [ -77.2410705, 38.8280602 ] } },
{ "type": "Feature", "properties": { "LocationID": "24031702602", "StateAbbr": "MD", "CountyName": "Montgomery", "CountyFIPS": 24031, "lon": -77.0480743, "lat": 38.9936755, "TotalPopulation": 4769, "chronic_disease_burden_score": -0.91482040820209665, "preventive_care_gap_score": 0.19100222619497428, "health_need_score": -0.36190909100356117, "need_intensity": 0.15224087791918131, "priority_weighted_population": 726.0367467965757, "health_priority_rank": 1043 }, "geometry": { "type": "Point", "coordinates": [ -77.0480743, 38.9936755 ] } },
{ "type": "Feature", "properties": { "LocationID": "51059415800", "StateAbbr": "VA", "CountyName": "Fairfax", "CountyFIPS": 51059, "lon": -77.066409, "lat": 38.723418, "TotalPopulation": 5047, "chronic_disease_burden_score": 0.10487983673120217, "preventive_care_gap_score": -0.82989960455440992, "health_need_score": -0.36250988391160388, "need_intensity": 0.15207832479738154, "priority_weighted_population": 767.53930525238457, "health_priority_rank": 1044 }, "geometry": { "type": "Point", "coordinates": [ -77.066409, 38.723418 ] } },
{ "type": "Feature", "properties": { "LocationID": "51013100100", "StateAbbr": "VA", "CountyName": "Arlington", "CountyFIPS": 51013, "lon": -77.158098, "lat": 38.8957185, "TotalPopulation": 5125, "chronic_disease_burden_score": -0.12776015467782037, "preventive_care_gap_score": -0.59901960656133879, "health_need_score": -0.36338988061957955, "need_intensity": 0.15184022909062458, "priority_weighted_population": 778.18117408945102, "health_priority_rank": 1045 }, "geometry": { "type": "Point", "coordinates": [ -77.158098, 38.8957185 ] } },
{ "type": "Feature", "properties": { "LocationID": "51059430801", "StateAbbr": "VA", "CountyName": "Fairfax", "CountyFIPS": 51059, "lon": -77.2235142, "lat": 38.7820055, "TotalPopulation": 4629, "chronic_disease_burden_score": -0.092196730206421496, "preventive_care_gap_score": -0.63492430950945666, "health_need_score": -0.36356051985793908, "need_intensity": 0.15179406020193509, "priority_weighted_population": 702.65470467475757, "health_priority_rank": 1046 }, "geometry": { "type": "Point", "coordinates": [ -77.2235142, 38.7820055 ] } },
{ "type": "Feature", "properties": { "LocationID": "51059450601", "StateAbbr": "VA", "CountyName": "Fairfax", "CountyFIPS": 51059, "lon": -77.208465, "lat": 38.857657, "TotalPopulation": 4192, "chronic_disease_burden_score": -0.2678395627206917, "preventive_care_gap_score": -0.45971124833220411, "health_need_score": -0.36377540552644794, "need_intensity": 0.15173591980816786, "priority_weighted_population": 636.07697583583968, "health_priority_rank": 1047 }, "geometry": { "type": "Point", "coordinates": [ -77.208465, 38.857657 ] } },
{ "type": "Feature", "properties": { "LocationID": "24031700718", "StateAbbr": "MD", "CountyName": "Montgomery", "CountyFIPS": 24031, "lon": -77.1823146, "lat": 39.1146622, "TotalPopulation": 5487, "chronic_disease_burden_score": -0.0046945331530550555, "preventive_care_gap_score": -0.72536870056507163, "health_need_score": -0.36503161685906332, "need_intensity": 0.15139603384909064, "priority_weighted_population": 830.71003772996039, "health_priority_rank": 1048 }, "geometry": { "type": "Point", "coordinates": [ -77.1823146, 39.1146622 ] } },
{ "type": "Feature", "properties": { "LocationID": "51013101000", "StateAbbr": "VA", "CountyName": "Arlington", "CountyFIPS": 51013, "lon": -77.1411664, "lat": 38.8882158, "TotalPopulation": 3319, "chronic_disease_burden_score": -0.10939008453770235, "preventive_care_gap_score": -0.63696119680105867, "health_need_score": -0.37317564066938053, "need_intensity": 0.14919255162309081, "priority_weighted_population": 495.17007883703837, "health_priority_rank": 1049 }, "geometry": { "type": "Point", "coordinates": [ -77.1411664, 38.8882158 ] } },
{ "type": "Feature", "properties": { "LocationID": "51107611207", "StateAbbr": "VA", "CountyName": "Loudoun", "CountyFIPS": 51107, "lon": -77.3944404, "lat": 39.0372878, "TotalPopulation": 4325, "chronic_disease_burden_score": -0.47909801079400455, "preventive_care_gap_score": -0.26743919707537489, "health_need_score": -0.37326860393468975, "need_intensity": 0.14916739908086465, "priority_weighted_population": 645.14900102473962, "health_priority_rank": 1050 }, "geometry": { "type": "Point", "coordinates": [ -77.3944404, 39.0372878 ] } },
{ "type": "Feature", "properties": { "LocationID": "51059491802", "StateAbbr": "VA", "CountyName": "Fairfax", "CountyFIPS": 51059, "lon": -77.3962895, "lat": 38.8672075, "TotalPopulation": 2915, "chronic_disease_burden_score": -0.44890215117405724, "preventive_care_gap_score": -0.29873066141231819, "health_need_score": -0.37381640629318769, "need_intensity": 0.14901918331081965, "priority_weighted_population": 434.39091935103926, "health_priority_rank": 1051 }, "geometry": { "type": "Point", "coordinates": [ -77.3962895, 38.8672075 ] } },
{ "type": "Feature", "properties": { "LocationID": "11001006500", "StateAbbr": "DC", "CountyName": "District of Columbia", "CountyFIPS": 11001, "lon": -77.0033314, "lat": 38.883848, "TotalPopulation": 2609, "chronic_disease_burden_score": -0.68443507193842679, "preventive_care_gap_score": -0.066688802591008636, "health_need_score": -0.3755619372647177, "need_intensity": 0.14854690491867817, "priority_weighted_population": 387.55887493283132, "health_priority_rank": 1052 }, "geometry": { "type": "Point", "coordinates": [ -77.0033314, 38.883848 ] } },
{ "type": "Feature", "properties": { "LocationID": "51059415700", "StateAbbr": "VA", "CountyName": "Fairfax", "CountyFIPS": 51059, "lon": -77.05275, "lat": 38.7212071, "TotalPopulation": 4187, "chronic_disease_burden_score": -0.061639896376989453, "preventive_care_gap_score": -0.68988811738788802, "health_need_score": -0.37576400688243872, "need_intensity": 0.14849223209091716, "priority_weighted_population": 621.73697576467021, "health_priority_rank": 1053 }, "geometry": { "type": "Point", "coordinates": [ -77.05275, 38.7212071 ] } },
{ "type": "Feature", "properties": { "LocationID": "51059490105", "StateAbbr": "VA", "CountyName": "Fairfax", "CountyFIPS": 51059, "lon": -77.4514548, "lat": 38.8803573, "TotalPopulation": 2761, "chronic_disease_burden_score": -0.34898852990217988, "preventive_care_gap_score": -0.4031548278150206, "health_need_score": -0.37607167885860027, "need_intensity": 0.14840898703335098, "priority_weighted_population": 409.75721319908206, "health_priority_rank": 1054 }, "geometry": { "type": "Point", "coordinates": [ -77.4514548, 38.8803573 ] } },
{ "type": "Feature", "properties": { "LocationID": "51059461604", "StateAbbr": "VA", "CountyName": "Fairfax", "CountyFIPS": 51059, "lon": -77.2528744, "lat": 38.8770696, "TotalPopulation": 2520, "chronic_disease_burden_score": -0.6147579027661213, "preventive_care_gap_score": -0.13832051238131973, "health_need_score": -0.3765392075737205, "need_intensity": 0.14828249044666286, "priority_weighted_population": 373.67187592559043, "health_priority_rank": 1055 }, "geometry": { "type": "Point", "coordinates": [ -77.2528744, 38.8770696 ] } },
{ "type": "Feature", "properties": { "LocationID": "24031701002", "StateAbbr": "MD", "CountyName": "Montgomery", "CountyFIPS": 24031, "lon": -77.1661876, "lat": 39.0630609, "TotalPopulation": 4089, "chronic_disease_burden_score": 0.2210255062308536, "preventive_care_gap_score": -0.97634722779837801, "health_need_score": -0.37766086078376221, "need_intensity": 0.14797901111388742, "priority_weighted_population": 605.08617644468563, "health_priority_rank": 1056 }, "geometry": { "type": "Point", "coordinates": [ -77.1661876, 39.0630609 ] } },
{ "type": "Feature", "properties": { "LocationID": "24031700306", "StateAbbr": "MD", "CountyName": "Montgomery", "CountyFIPS": 24031, "lon": -77.2864135, "lat": 39.1703788, "TotalPopulation": 7833, "chronic_disease_burden_score": -0.52276389871877593, "preventive_care_gap_score": -0.2344466025458315, "health_need_score": -0.37860525063230371, "need_intensity": 0.14772349292114348, "priority_weighted_population": 1157.118120051317, "health_priority_rank": 1057 }, "geometry": { "type": "Point", "coordinates": [ -77.2864135, 39.1703788 ] } },
{ "type": "Feature", "properties": { "LocationID": "24031703210", "StateAbbr": "MD", "CountyName": "Montgomery", "CountyFIPS": 24031, "lon": -77.0141838, "lat": 39.0325523, "TotalPopulation": 3760, "chronic_disease_burden_score": -0.32063037462346028, "preventive_care_gap_score": -0.43764291382354731, "health_need_score": -0.37913664422350379, "need_intensity": 0.14757971677798726, "priority_weighted_population": 554.89973508523212, "health_priority_rank": 1058 }, "geometry": { "type": "Point", "coordinates": [ -77.0141838, 39.0325523 ] } },
{ "type": "Feature", "properties": { "LocationID": "51059430201", "StateAbbr": "VA", "CountyName": "Fairfax", "CountyFIPS": 51059, "lon": -77.2964263, "lat": 38.8082895, "TotalPopulation": 4379, "chronic_disease_burden_score": -0.22734699220351207, "preventive_care_gap_score": -0.53094505971245642, "health_need_score": -0.37914602595798425, "need_intensity": 0.14757717841542128, "priority_weighted_population": 646.24046428112979, "health_priority_rank": 1059 }, "geometry": { "type": "Point", "coordinates": [ -77.2964263, 38.8082895 ] } },
{ "type": "Feature", "properties": { "LocationID": "51153900502", "StateAbbr": "VA", "CountyName": "Prince William", "CountyFIPS": 51153, "lon": -77.2842706, "lat": 38.6271336, "TotalPopulation": 4323, "chronic_disease_burden_score": -0.52360244987420501, "preventive_care_gap_score": -0.23577633636135126, "health_need_score": -0.37968939311777816, "need_intensity": 0.14743016265187681, "priority_weighted_population": 637.3405931440634, "health_priority_rank": 1060 }, "geometry": { "type": "Point", "coordinates": [ -77.2842706, 38.6271336 ] } },
{ "type": "Feature", "properties": { "LocationID": "51059421001", "StateAbbr": "VA", "CountyName": "Fairfax", "CountyFIPS": 51059, "lon": -77.1573266, "lat": 38.7708647, "TotalPopulation": 2855, "chronic_disease_burden_score": -0.34138534324265141, "preventive_care_gap_score": -0.41879572126447001, "health_need_score": -0.38009053225356071, "need_intensity": 0.14732162871626503, "priority_weighted_population": 420.60324998493667, "health_priority_rank": 1061 }, "geometry": { "type": "Point", "coordinates": [ -77.1573266, 38.7708647 ] } },
{ "type": "Feature", "properties": { "LocationID": "24021751905", "StateAbbr": "MD", "CountyName": "Frederick", "CountyFIPS": 24021, "lon": -77.3038764, "lat": 39.4073122, "TotalPopulation": 3755, "chronic_disease_burden_score": -0.6113645775115274, "preventive_care_gap_score": -0.15224065097683695, "health_need_score": -0.38180261424418216, "need_intensity": 0.14685840042474047, "priority_weighted_population": 551.4532935949004, "health_priority_rank": 1062 }, "geometry": { "type": "Point", "coordinates": [ -77.3038764, 39.4073122 ] } },
{ "type": "Feature", "properties": { "LocationID": "51059471303", "StateAbbr": "VA", "CountyName": "Fairfax", "CountyFIPS": 51059, "lon": -77.2091642, "lat": 38.8962791, "TotalPopulation": 4153, "chronic_disease_burden_score": -0.54966736415282269, "preventive_care_gap_score": -0.21497447449606699, "health_need_score": -0.38232091932444484, "need_intensity": 0.14671816556558431, "priority_weighted_population": 609.32054159387167, "health_priority_rank": 1063 }, "geometry": { "type": "Point", "coordinates": [ -77.2091642, 38.8962791 ] } },
{ "type": "Feature", "properties": { "LocationID": "51059440100", "StateAbbr": "VA", "CountyName": "Fairfax", "CountyFIPS": 51059, "lon": -77.2575052, "lat": 38.8517375, "TotalPopulation": 7503, "chronic_disease_burden_score": 0.019777342594603974, "preventive_care_gap_score": -0.78485303743923973, "health_need_score": -0.38253784742231789, "need_intensity": 0.14665947256331463, "priority_weighted_population": 1100.3860226425497, "health_priority_rank": 1064 }, "geometry": { "type": "Point", "coordinates": [ -77.2575052, 38.8517375 ] } },
{ "type": "Feature", "properties": { "LocationID": "24031704403", "StateAbbr": "MD", "CountyName": "Montgomery", "CountyFIPS": 24031, "lon": -77.1050193, "lat": 39.0165836, "TotalPopulation": 1622, "chronic_disease_burden_score": 0.3304079987204579, "preventive_care_gap_score": -1.0960054906579826, "health_need_score": -0.38279874596876234, "need_intensity": 0.14658888272673395, "priority_weighted_population": 237.76716778276247, "health_priority_rank": 1065 }, "geometry": { "type": "Point", "coordinates": [ -77.1050193, 39.0165836 ] } },
{ "type": "Feature", "properties": { "LocationID": "51510200703", "StateAbbr": "VA", "CountyName": "Alexandria", "CountyFIPS": 51510, "lon": -77.0566261, "lat": 38.7971997, "TotalPopulation": 3494, "chronic_disease_burden_score": -0.36686625299128189, "preventive_care_gap_score": -0.40558981881690198, "health_need_score": -0.38622803590409194, "need_intensity": 0.14566103924342705, "priority_weighted_population": 508.9396711165341, "health_priority_rank": 1066 }, "geometry": { "type": "Point", "coordinates": [ -77.0566261, 38.7971997 ] } },
{ "type": "Feature", "properties": { "LocationID": "51107611805", "StateAbbr": "VA", "CountyName": "Loudoun", "CountyFIPS": 51107, "lon": -77.4967137, "lat": 38.8951302, "TotalPopulation": 5069, "chronic_disease_burden_score": -0.62567583886258393, "preventive_care_gap_score": -0.14717635121248587, "health_need_score": -0.38642609503753489, "need_intensity": 0.14560745150959878, "priority_weighted_population": 738.08417170215625, "health_priority_rank": 1067 }, "geometry": { "type": "Point", "coordinates": [ -77.4967137, 38.8951302 ] } },
{ "type": "Feature", "properties": { "LocationID": "51107610503", "StateAbbr": "VA", "CountyName": "Loudoun", "CountyFIPS": 51107, "lon": -77.5272113, "lat": 39.1266106, "TotalPopulation": 8097, "chronic_disease_burden_score": -0.58686622263658528, "preventive_care_gap_score": -0.18789233734690869, "health_need_score": -0.38737927999174698, "need_intensity": 0.1453495536751111, "priority_weighted_population": 1176.8953361073745, "health_priority_rank": 1068 }, "geometry": { "type": "Point", "coordinates": [ -77.5272113, 39.1266106 ] } },
{ "type": "Feature", "properties": { "LocationID": "24033800410", "StateAbbr": "MD", "CountyName": "Prince George's", "CountyFIPS": 24033, "lon": -76.7682859, "lat": 39.0107193, "TotalPopulation": 7030, "chronic_disease_burden_score": -0.43365547998491605, "preventive_care_gap_score": -0.3421524409919951, "health_need_score": -0.38790396048845555, "need_intensity": 0.14520759385576953, "priority_weighted_population": 1020.8093848060598, "health_priority_rank": 1069 }, "geometry": { "type": "Point", "coordinates": [ -76.7682859, 39.0107193 ] } },
{ "type": "Feature", "properties": { "LocationID": "51107611206", "StateAbbr": "VA", "CountyName": "Loudoun", "CountyFIPS": 51107, "lon": -77.392009, "lat": 39.0575376, "TotalPopulation": 4311, "chronic_disease_burden_score": -0.43504840245399462, "preventive_care_gap_score": -0.34707020165031921, "health_need_score": -0.39105930205215689, "need_intensity": 0.14435387102605896, "priority_weighted_population": 622.3095379933402, "health_priority_rank": 1070 }, "geometry": { "type": "Point", "coordinates": [ -77.392009, 39.0575376 ] } },
{ "type": "Feature", "properties": { "LocationID": "51510201601", "StateAbbr": "VA", "CountyName": "Alexandria", "CountyFIPS": 51510, "lon": -77.0522964, "lat": 38.8095645, "TotalPopulation": 3347, "chronic_disease_burden_score": -0.45828753821238771, "preventive_care_gap_score": -0.32571957230208909, "health_need_score": -0.3920035552572384, "need_intensity": 0.1440983898041592, "priority_weighted_population": 482.29731067452087, "health_priority_rank": 1071 }, "geometry": { "type": "Point", "coordinates": [ -77.0522964, 38.8095645 ] } },
{ "type": "Feature", "properties": { "LocationID": "51107611005", "StateAbbr": "VA", "CountyName": "Loudoun", "CountyFIPS": 51107, "lon": -77.4955021, "lat": 39.040569, "TotalPopulation": 5573, "chronic_disease_burden_score": -0.58206725158354067, "preventive_care_gap_score": -0.20249745511970532, "health_need_score": -0.39228235335162298, "need_intensity": 0.14402295698864595, "priority_weighted_population": 802.63993929772391, "health_priority_rank": 1072 }, "geometry": { "type": "Point", "coordinates": [ -77.4955021, 39.040569 ] } },
{ "type": "Feature", "properties": { "LocationID": "24031702401", "StateAbbr": "MD", "CountyName": "Montgomery", "CountyFIPS": 24031, "lon": -77.0086375, "lat": 38.9891295, "TotalPopulation": 2722, "chronic_disease_burden_score": 0.0068455225725936094, "preventive_care_gap_score": -0.79345313757275271, "health_need_score": -0.39330380750007954, "need_intensity": 0.14374658794636166, "priority_weighted_population": 391.27821238999644, "health_priority_rank": 1073 }, "geometry": { "type": "Point", "coordinates": [ -77.0086375, 38.9891295 ] } },
{ "type": "Feature", "properties": { "LocationID": "51059431900", "StateAbbr": "VA", "CountyName": "Fairfax", "CountyFIPS": 51059, "lon": -77.2579344, "lat": 38.7974708, "TotalPopulation": 3173, "chronic_disease_burden_score": 0.0061982357855436872, "preventive_care_gap_score": -0.79309432497751486, "health_need_score": -0.39344804459598559, "need_intensity": 0.14370756253526745, "priority_weighted_population": 455.98409592440362, "health_priority_rank": 1074 }, "geometry": { "type": "Point", "coordinates": [ -77.2579344, 38.7974708 ] } },
{ "type": "Feature", "properties": { "LocationID": "24031700613", "StateAbbr": "MD", "CountyName": "Montgomery", "CountyFIPS": 24031, "lon": -77.2979604, "lat": 39.1409496, "TotalPopulation": 6636, "chronic_disease_burden_score": -0.46489330840790433, "preventive_care_gap_score": -0.32294899700316487, "health_need_score": -0.39392115270553463, "need_intensity": 0.14357955636354591, "priority_weighted_population": 952.79393602849063, "health_priority_rank": 1075 }, "geometry": { "type": "Point", "coordinates": [ -77.2979604, 39.1409496 ] } },
{ "type": "Feature", "properties": { "LocationID": "11001000400", "StateAbbr": "DC", "CountyName": "District of Columbia", "CountyFIPS": 11001, "lon": -77.0649214, "lat": 38.9227989, "TotalPopulation": 1643, "chronic_disease_burden_score": -0.13023733543589808, "preventive_care_gap_score": -0.66030183844847012, "health_need_score": -0.39526958694218411, "need_intensity": 0.14321471817758402, "priority_weighted_population": 235.30178196577054, "health_priority_rank": 1076 }, "geometry": { "type": "Point", "coordinates": [ -77.0649214, 38.9227989 ] } },
{ "type": "Feature", "properties": { "LocationID": "24031704200", "StateAbbr": "MD", "CountyName": "Montgomery", "CountyFIPS": 24031, "lon": -77.0737102, "lat": 39.0268367, "TotalPopulation": 2122, "chronic_disease_burden_score": -0.21276623870199843, "preventive_care_gap_score": -0.58248765913482525, "health_need_score": -0.39762694891841183, "need_intensity": 0.14257690014857907, "priority_weighted_population": 302.54818211528482, "health_priority_rank": 1077 }, "geometry": { "type": "Point", "coordinates": [ -77.0737102, 39.0268367 ] } },
{ "type": "Feature", "properties": { "LocationID": "51059432201", "StateAbbr": "VA", "CountyName": "Fairfax", "CountyFIPS": 51059, "lon": -77.2982493, "lat": 38.7917832, "TotalPopulation": 2393, "chronic_disease_burden_score": -0.70745211251911444, "preventive_care_gap_score": -0.088696408865525933, "health_need_score": -0.39807426069232021, "need_intensity": 0.14245587354474734, "priority_weighted_population": 340.89690539258038, "health_priority_rank": 1078 }, "geometry": { "type": "Point", "coordinates": [ -77.2982493, 38.7917832 ] } },
{ "type": "Feature", "properties": { "LocationID": "51107611808", "StateAbbr": "VA", "CountyName": "Loudoun", "CountyFIPS": 51107, "lon": -77.5296094, "lat": 38.9115884, "TotalPopulation": 5569, "chronic_disease_burden_score": -0.71914421741205869, "preventive_care_gap_score": -0.077806318848985465, "health_need_score": -0.39847526813052209, "need_intensity": 0.14234737524180127, "priority_weighted_population": 792.73253272159127, "health_priority_rank": 1079 }, "geometry": { "type": "Point", "coordinates": [ -77.5296094, 38.9115884 ] } },
{ "type": "Feature", "properties": { "LocationID": "11001002704", "StateAbbr": "DC", "CountyName": "District of Columbia", "CountyFIPS": 11001, "lon": -77.0427534, "lat": 38.9345766, "TotalPopulation": 2993, "chronic_disease_burden_score": -1.0760054454013466, "preventive_care_gap_score": 0.27817890697599462, "health_need_score": -0.398913269212676, "need_intensity": 0.14222886777890903, "priority_weighted_population": 425.69100126227471, "health_priority_rank": 1080 }, "geometry": { "type": "Point", "coordinates": [ -77.0427534, 38.9345766 ] } },
{ "type": "Feature", "properties": { "LocationID": "51059440501", "StateAbbr": "VA", "CountyName": "Fairfax", "CountyFIPS": 51059, "lon": -77.2732524, "lat": 38.8295203, "TotalPopulation": 5006, "chronic_disease_burden_score": -0.060969045257881646, "preventive_care_gap_score": -0.74079431383928229, "health_need_score": -0.40088167954858195, "need_intensity": 0.14169628618415139, "priority_weighted_population": 709.3316086378619, "health_priority_rank": 1081 }, "geometry": { "type": "Point", "coordinates": [ -77.2732524, 38.8295203 ] } },
{ "type": "Feature", "properties": { "LocationID": "51013103100", "StateAbbr": "VA", "CountyName": "Arlington", "CountyFIPS": 51013, "lon": -77.0829912, "lat": 38.8511188, "TotalPopulation": 6207, "chronic_disease_burden_score": -0.69427953665081388, "preventive_care_gap_score": -0.10795727424816565, "health_need_score": -0.40111840544948973, "need_intensity": 0.14163223660285923, "priority_weighted_population": 879.11129259394727, "health_priority_rank": 1082 }, "geometry": { "type": "Point", "coordinates": [ -77.0829912, 38.8511188 ] } },
{ "type": "Feature", "properties": { "LocationID": "51059470900", "StateAbbr": "VA", "CountyName": "Fairfax", "CountyFIPS": 51059, "lon": -77.1658514, "lat": 38.9072006, "TotalPopulation": 7993, "chronic_disease_burden_score": 0.092655154831138731, "preventive_care_gap_score": -0.89592911225007177, "health_need_score": -0.40163697870946652, "need_intensity": 0.14149192918384237, "priority_weighted_population": 1130.9449899664521, "health_priority_rank": 1083 }, "geometry": { "type": "Point", "coordinates": [ -77.1658514, 38.9072006 ] } },
{ "type": "Feature", "properties": { "LocationID": "11001001500", "StateAbbr": "DC", "CountyName": "District of Columbia", "CountyFIPS": 11001, "lon": -77.0558797, "lat": 38.9741576, "TotalPopulation": 6156, "chronic_disease_burden_score": -0.0091041665990462765, "preventive_care_gap_score": -0.79658357677670444, "health_need_score": -0.40284387168787533, "need_intensity": 0.14116538701150258, "priority_weighted_population": 869.01412244280993, "health_priority_rank": 1084 }, "geometry": { "type": "Point", "coordinates": [ -77.0558797, 38.9741576 ] } },
{ "type": "Feature", "properties": { "LocationID": "51059432300", "StateAbbr": "VA", "CountyName": "Fairfax", "CountyFIPS": 51059, "lon": -77.2891663, "lat": 38.7800323, "TotalPopulation": 5127, "chronic_disease_burden_score": 0.0097099187432984554, "preventive_care_gap_score": -0.817843245714718, "health_need_score": -0.4040666634857098, "need_intensity": 0.14083454318597088, "priority_weighted_population": 722.05870291447275, "health_priority_rank": 1085 }, "geometry": { "type": "Point", "coordinates": [ -77.2891663, 38.7800323 ] } },
{ "type": "Feature", "properties": { "LocationID": "51059491707", "StateAbbr": "VA", "CountyName": "Fairfax", "CountyFIPS": 51059, "lon": -77.3765851, "lat": 38.8694037, "TotalPopulation": 4568, "chronic_disease_burden_score": -0.6888866649730212, "preventive_care_gap_score": -0.12043946718156212, "health_need_score": -0.40466306607729163, "need_intensity": 0.14067317792713827, "priority_weighted_population": 642.59507677116756, "health_priority_rank": 1086 }, "geometry": { "type": "Point", "coordinates": [ -77.3765851, 38.8694037 ] } },
{ "type": "Feature", "properties": { "LocationID": "51107610701", "StateAbbr": "VA", "CountyName": "Loudoun", "CountyFIPS": 51107, "lon": -77.7329499, "lat": 39.1281225, "TotalPopulation": 5640, "chronic_disease_burden_score": -0.31963622803099379, "preventive_care_gap_score": -0.49193768856357512, "health_need_score": -0.40578695829728445, "need_intensity": 0.14036909279816845, "priority_weighted_population": 791.68168338167004, "health_priority_rank": 1087 }, "geometry": { "type": "Point", "coordinates": [ -77.7329499, 39.1281225 ] } },
{ "type": "Feature", "properties": { "LocationID": "24033800522", "StateAbbr": "MD", "CountyName": "Prince George's", "CountyFIPS": 24033, "lon": -76.7487053, "lat": 38.8843063, "TotalPopulation": 3841, "chronic_disease_burden_score": 0.1400910719893354, "preventive_care_gap_score": -0.95283637883311834, "health_need_score": -0.40637265342189144, "need_intensity": 0.14021062459780642, "priority_weighted_population": 538.54900908017441, "health_priority_rank": 1088 }, "geometry": { "type": "Point", "coordinates": [ -76.7487053, 38.8843063 ] } },
{ "type": "Feature", "properties": { "LocationID": "51059460702", "StateAbbr": "VA", "CountyName": "Fairfax", "CountyFIPS": 51059, "lon": -77.2632296, "lat": 38.8926878, "TotalPopulation": 4649, "chronic_disease_burden_score": -0.094275087476376196, "preventive_care_gap_score": -0.71859938516809962, "health_need_score": -0.40643723632223794, "need_intensity": 0.14019315076959429, "priority_weighted_population": 651.7579579278439, "health_priority_rank": 1089 }, "geometry": { "type": "Point", "coordinates": [ -77.2632296, 38.8926878 ] } },
{ "type": "Feature", "properties": { "LocationID": "51059431500", "StateAbbr": "VA", "CountyName": "Fairfax", "CountyFIPS": 51059, "lon": -77.2169257, "lat": 38.7691619, "TotalPopulation": 5733, "chronic_disease_burden_score": -0.072798431165909019, "preventive_care_gap_score": -0.74100086316635616, "health_need_score": -0.40689964716613258, "need_intensity": 0.1400680388962301, "priority_weighted_population": 803.0100669920871, "health_priority_rank": 1090 }, "geometry": { "type": "Point", "coordinates": [ -77.2169257, 38.7691619 ] } },
{ "type": "Feature", "properties": { "LocationID": "24031702604", "StateAbbr": "MD", "CountyName": "Montgomery", "CountyFIPS": 24031, "lon": -77.0349117, "lat": 38.9940399, "TotalPopulation": 2821, "chronic_disease_burden_score": -1.0051945335539008, "preventive_care_gap_score": 0.19080313724411796, "health_need_score": -0.40719569815489143, "need_intensity": 0.13998793806316359, "priority_weighted_population": 394.90597327618451, "health_priority_rank": 1091 }, "geometry": { "type": "Point", "coordinates": [ -77.0349117, 38.9940399 ] } },
{ "type": "Feature", "properties": { "LocationID": "11001000903", "StateAbbr": "DC", "CountyName": "District of Columbia", "CountyFIPS": 11001, "lon": -77.093331, "lat": 38.9376821, "TotalPopulation": 4202, "chronic_disease_burden_score": -1.6760416987062194, "preventive_care_gap_score": 0.85901161325720166, "health_need_score": -0.40851504272450889, "need_intensity": 0.1396309705030444, "priority_weighted_population": 586.72933805379262, "health_priority_rank": 1092 }, "geometry": { "type": "Point", "coordinates": [ -77.093331, 38.9376821 ] } },
{ "type": "Feature", "properties": { "LocationID": "24033800514", "StateAbbr": "MD", "CountyName": "Prince George's", "CountyFIPS": 24033, "lon": -76.7834766, "lat": 38.9592889, "TotalPopulation": 6586, "chronic_disease_burden_score": -0.043870342509358756, "preventive_care_gap_score": -0.77444720348449803, "health_need_score": -0.40915877299692838, "need_intensity": 0.13945680006265138, "priority_weighted_population": 918.46248521262191, "health_priority_rank": 1093 }, "geometry": { "type": "Point", "coordinates": [ -76.7834766, 38.9592889 ] } },
{ "type": "Feature", "properties": { "LocationID": "24031700615", "StateAbbr": "MD", "CountyName": "Montgomery", "CountyFIPS": 24031, "lon": -77.2599373, "lat": 39.0993888, "TotalPopulation": 2895, "chronic_disease_burden_score": -0.015008855010612721, "preventive_care_gap_score": -0.80526507228020372, "health_need_score": -0.41013696364540819, "need_intensity": 0.13919213657961563, "priority_weighted_population": 402.96123539798725, "health_priority_rank": 1094 }, "geometry": { "type": "Point", "coordinates": [ -77.2599373, 39.0993888 ] } },
{ "type": "Feature", "properties": { "LocationID": "51610500100", "StateAbbr": "VA", "CountyName": "Falls Church", "CountyFIPS": 51610, "lon": -77.1774767, "lat": 38.8904727, "TotalPopulation": 3529, "chronic_disease_burden_score": 0.14239713580606936, "preventive_care_gap_score": -0.96472767322849051, "health_need_score": -0.41116526871121056, "need_intensity": 0.1389139139235705, "priority_weighted_population": 490.22720223628028, "health_priority_rank": 1095 }, "geometry": { "type": "Point", "coordinates": [ -77.1774767, 38.8904727 ] } },
{ "type": "Feature", "properties": { "LocationID": "51059480302", "StateAbbr": "VA", "CountyName": "Fairfax", "CountyFIPS": 51059, "lon": -77.2439024, "lat": 38.9539886, "TotalPopulation": 4621, "chronic_disease_burden_score": -0.21336378051312524, "preventive_care_gap_score": -0.61005916798001092, "health_need_score": -0.41171147424656807, "need_intensity": 0.13876613019688516, "priority_weighted_population": 641.23828763980634, "health_priority_rank": 1096 }, "geometry": { "type": "Point", "coordinates": [ -77.2439024, 38.9539886 ] } },
{ "type": "Feature", "properties": { "LocationID": "24031700837", "StateAbbr": "MD", "CountyName": "Montgomery", "CountyFIPS": 24031, "lon": -77.210064, "lat": 39.125196, "TotalPopulation": 7443, "chronic_disease_burden_score": -1.0126107140928697, "preventive_care_gap_score": 0.1846895409651064, "health_need_score": -0.41396058656388168, "need_intensity": 0.13815760066272545, "priority_weighted_population": 1028.3070217326656, "health_priority_rank": 1097 }, "geometry": { "type": "Point", "coordinates": [ -77.210064, 39.125196 ] } },
{ "type": "Feature", "properties": { "LocationID": "51059421200", "StateAbbr": "VA", "CountyName": "Fairfax", "CountyFIPS": 51059, "lon": -77.1344966, "lat": 38.748636, "TotalPopulation": 2024, "chronic_disease_burden_score": 0.027828842269476503, "preventive_care_gap_score": -0.85887427996008503, "health_need_score": -0.41552271884530428, "need_intensity": 0.1377349434115992, "priority_weighted_population": 278.77552546507678, "health_priority_rank": 1098 }, "geometry": { "type": "Point", "coordinates": [ -77.1344966, 38.748636 ] } },
{ "type": "Feature", "properties": { "LocationID": "51013100600", "StateAbbr": "VA", "CountyName": "Arlington", "CountyFIPS": 51013, "lon": -77.1086306, "lat": 38.8935957, "TotalPopulation": 3285, "chronic_disease_burden_score": -0.33416470937331461, "preventive_care_gap_score": -0.49834474977109067, "health_need_score": -0.41625472957220266, "need_intensity": 0.137536887430486, "priority_weighted_population": 451.80867520914654, "health_priority_rank": 1099 }, "geometry": { "type": "Point", "coordinates": [ -77.1086306, 38.8935957 ] } },
{ "type": "Feature", "properties": { "LocationID": "51107611009", "StateAbbr": "VA", "CountyName": "Loudoun", "CountyFIPS": 51107, "lon": -77.4851543, "lat": 39.0908089, "TotalPopulation": 5542, "chronic_disease_burden_score": -0.38813815336724838, "preventive_care_gap_score": -0.44496163113102116, "health_need_score": -0.41654989224913475, "need_intensity": 0.13745702694290068, "priority_weighted_population": 761.78684331755562, "health_priority_rank": 1100 }, "geometry": { "type": "Point", "coordinates": [ -77.4851543, 39.0908089 ] } },
{ "type": "Feature", "properties": { "LocationID": "51059432800", "StateAbbr": "VA", "CountyName": "Fairfax", "CountyFIPS": 51059, "lon": -77.2049112, "lat": 38.7390623, "TotalPopulation": 2225, "chronic_disease_burden_score": -0.38562766803222465, "preventive_care_gap_score": -0.44857499121752376, "health_need_score": -0.41710132962487423, "need_intensity": 0.13730782766690464, "priority_weighted_population": 305.50991655886281, "health_priority_rank": 1101 }, "geometry": { "type": "Point", "coordinates": [ -77.2049112, 38.7390623 ] } },
{ "type": "Feature", "properties": { "LocationID": "51610500200", "StateAbbr": "VA", "CountyName": "Falls Church", "CountyFIPS": 51610, "lon": -77.1844491, "lat": 38.8845752, "TotalPopulation": 6692, "chronic_disease_burden_score": -0.25919003393340118, "preventive_care_gap_score": -0.57800238377783397, "health_need_score": -0.41859620885561755, "need_intensity": 0.13690336669138706, "priority_weighted_population": 916.15732989876221, "health_priority_rank": 1102 }, "geometry": { "type": "Point", "coordinates": [ -77.1844491, 38.8845752 ] } },
{ "type": "Feature", "properties": { "LocationID": "51107611803", "StateAbbr": "VA", "CountyName": "Loudoun", "CountyFIPS": 51107, "lon": -77.5138979, "lat": 38.9042311, "TotalPopulation": 6838, "chronic_disease_burden_score": -0.66529224632164941, "preventive_care_gap_score": -0.17258796739890431, "health_need_score": -0.41894010686027683, "need_intensity": 0.13681032016322447, "priority_weighted_population": 935.50896927612894, "health_priority_rank": 1103 }, "geometry": { "type": "Point", "coordinates": [ -77.5138979, 38.9042311 ] } },
{ "type": "Feature", "properties": { "LocationID": "51107611208", "StateAbbr": "VA", "CountyName": "Loudoun", "CountyFIPS": 51107, "lon": -77.3506348, "lat": 39.0572316, "TotalPopulation": 4384, "chronic_disease_burden_score": -0.42897371065399031, "preventive_care_gap_score": -0.40993591576472538, "health_need_score": -0.41945481320935785, "need_intensity": 0.13667105899230642, "priority_weighted_population": 599.1659226222713, "health_priority_rank": 1104 }, "geometry": { "type": "Point", "coordinates": [ -77.3506348, 39.0572316 ] } },
{ "type": "Feature", "properties": { "LocationID": "51107611022", "StateAbbr": "VA", "CountyName": "Loudoun", "CountyFIPS": 51107, "lon": -77.5169756, "lat": 39.008728, "TotalPopulation": 7320, "chronic_disease_burden_score": -0.66941296424800445, "preventive_care_gap_score": -0.17064495578040162, "health_need_score": -0.42002896001420303, "need_intensity": 0.13651571535517357, "priority_weighted_population": 999.29503639987047, "health_priority_rank": 1105 }, "geometry": { "type": "Point", "coordinates": [ -77.5169756, 39.008728 ] } },
{ "type": "Feature", "properties": { "LocationID": "51107611004", "StateAbbr": "VA", "CountyName": "Loudoun", "CountyFIPS": 51107, "lon": -77.5230497, "lat": 39.0563815, "TotalPopulation": 8935, "chronic_disease_burden_score": -0.58540847750281733, "preventive_care_gap_score": -0.25476841369391606, "health_need_score": -0.42008844559836667, "need_intensity": 0.13649962067882432, "priority_weighted_population": 1219.6241107652952, "health_priority_rank": 1106 }, "geometry": { "type": "Point", "coordinates": [ -77.5230497, 39.0563815 ] } },
{ "type": "Feature", "properties": { "LocationID": "51059440702", "StateAbbr": "VA", "CountyName": "Fairfax", "CountyFIPS": 51059, "lon": -77.2443509, "lat": 38.8208175, "TotalPopulation": 5397, "chronic_disease_burden_score": -0.061543796769396808, "preventive_care_gap_score": -0.77875020362752922, "health_need_score": -0.42014700019846302, "need_intensity": 0.13648377789354177, "priority_weighted_population": 736.60294929144493, "health_priority_rank": 1107 }, "geometry": { "type": "Point", "coordinates": [ -77.2443509, 38.8208175 ] } },
{ "type": "Feature", "properties": { "LocationID": "24031700838", "StateAbbr": "MD", "CountyName": "Montgomery", "CountyFIPS": 24031, "lon": -77.2024124, "lat": 39.1034094, "TotalPopulation": 4720, "chronic_disease_burden_score": -0.89796702439751153, "preventive_care_gap_score": 0.056749855967960977, "health_need_score": -0.42060858421477526, "need_intensity": 0.13635888973021626, "priority_weighted_population": 643.61395952662076, "health_priority_rank": 1108 }, "geometry": { "type": "Point", "coordinates": [ -77.2024124, 39.1034094 ] } },
{ "type": "Feature", "properties": { "LocationID": "51059432402", "StateAbbr": "VA", "CountyName": "Fairfax", "CountyFIPS": 51059, "lon": -77.2675605, "lat": 38.7630373, "TotalPopulation": 5100, "chronic_disease_burden_score": -0.15206107438286587, "preventive_care_gap_score": -0.68996649876903782, "health_need_score": -0.42101378657595184, "need_intensity": 0.13624925643080787, "priority_weighted_population": 694.87120779712018, "health_priority_rank": 1109 }, "geometry": { "type": "Point", "coordinates": [ -77.2675605, 38.7630373 ] } },
{ "type": "Feature", "properties": { "LocationID": "51107611020", "StateAbbr": "VA", "CountyName": "Loudoun", "CountyFIPS": 51107, "lon": -77.4597804, "lat": 38.9989021, "TotalPopulation": 6892, "chronic_disease_burden_score": -0.93488547049567794, "preventive_care_gap_score": 0.09240211235144874, "health_need_score": -0.42124167907211463, "need_intensity": 0.13618759685362228, "priority_weighted_population": 938.60491751516474, "health_priority_rank": 1110 }, "geometry": { "type": "Point", "coordinates": [ -77.4597804, 38.9989021 ] } },
{ "type": "Feature", "properties": { "LocationID": "51013101803", "StateAbbr": "VA", "CountyName": "Arlington", "CountyFIPS": 51013, "lon": -77.0886623, "lat": 38.8789158, "TotalPopulation": 4722, "chronic_disease_burden_score": -1.0470426293867532, "preventive_care_gap_score": 0.20159731775194248, "health_need_score": -0.42272265581740537, "need_intensity": 0.13578689739456212, "priority_weighted_population": 641.18572949712234, "health_priority_rank": 1111 }, "geometry": { "type": "Point", "coordinates": [ -77.0886623, 38.8789158 ] } },
{ "type": "Feature", "properties": { "LocationID": "24021752205", "StateAbbr": "MD", "CountyName": "Frederick", "CountyFIPS": 24021, "lon": -77.3349063, "lat": 39.3436882, "TotalPopulation": 3571, "chronic_disease_burden_score": -0.53661942684901287, "preventive_care_gap_score": -0.30908816091290947, "health_need_score": -0.42285379388096117, "need_intensity": 0.13575141611418681, "priority_weighted_population": 484.7683069437611, "health_priority_rank": 1112 }, "geometry": { "type": "Point", "coordinates": [ -77.3349063, 39.3436882 ] } },
{ "type": "Feature", "properties": { "LocationID": "24031704805", "StateAbbr": "MD", "CountyName": "Montgomery", "CountyFIPS": 24031, "lon": -77.0933803, "lat": 38.9865015, "TotalPopulation": 2679, "chronic_disease_burden_score": -0.26415088026753558, "preventive_care_gap_score": -0.58177702816587773, "health_need_score": -0.42296395421670663, "need_intensity": 0.13572161065837293, "priority_weighted_population": 363.5981949537811, "health_priority_rank": 1113 }, "geometry": { "type": "Point", "coordinates": [ -77.0933803, 38.9865015 ] } },
{ "type": "Feature", "properties": { "LocationID": "51059471304", "StateAbbr": "VA", "CountyName": "Fairfax", "CountyFIPS": 51059, "lon": -77.2053067, "lat": 38.8909877, "TotalPopulation": 2073, "chronic_disease_burden_score": -0.14732408183351717, "preventive_care_gap_score": -0.69981174865845597, "health_need_score": -0.42356791524598658, "need_intensity": 0.13555820035601981, "priority_weighted_population": 281.01214933802908, "health_priority_rank": 1114 }, "geometry": { "type": "Point", "coordinates": [ -77.2053067, 38.8909877 ] } },
{ "type": "Feature", "properties": { "LocationID": "51107611019", "StateAbbr": "VA", "CountyName": "Loudoun", "CountyFIPS": 51107, "lon": -77.4942634, "lat": 39.0241155, "TotalPopulation": 6045, "chronic_disease_burden_score": -0.42702467373425351, "preventive_care_gap_score": -0.4230631433036488, "health_need_score": -0.42504390851895113, "need_intensity": 0.13515884924673741, "priority_weighted_population": 817.03524369652757, "health_priority_rank": 1115 }, "geometry": { "type": "Point", "coordinates": [ -77.4942634, 39.0241155 ] } },
{ "type": "Feature", "properties": { "LocationID": "51059481500", "StateAbbr": "VA", "CountyName": "Fairfax", "CountyFIPS": 51059, "lon": -77.3370658, "lat": 38.9189251, "TotalPopulation": 2289, "chronic_disease_burden_score": 0.25506263493852432, "preventive_care_gap_score": -1.1059182935330054, "health_need_score": -0.42542782929724055, "need_intensity": 0.13505497398423127, "priority_weighted_population": 309.14083544990541, "health_priority_rank": 1116 }, "geometry": { "type": "Point", "coordinates": [ -77.3370658, 38.9189251 ] } },
{ "type": "Feature", "properties": { "LocationID": "24031703602", "StateAbbr": "MD", "CountyName": "Montgomery", "CountyFIPS": 24031, "lon": -77.0621522, "lat": 39.0315386, "TotalPopulation": 2928, "chronic_disease_burden_score": -0.20537323524268308, "preventive_care_gap_score": -0.64865967259378954, "health_need_score": -0.42701645391823628, "need_intensity": 0.13462514885138782, "priority_weighted_population": 394.18243583686353, "health_priority_rank": 1117 }, "geometry": { "type": "Point", "coordinates": [ -77.0621522, 39.0315386 ] } },
{ "type": "Feature", "properties": { "LocationID": "51059491000", "StateAbbr": "VA", "CountyName": "Fairfax", "CountyFIPS": 51059, "lon": -77.5079088, "lat": 38.8524412, "TotalPopulation": 2206, "chronic_disease_burden_score": -0.080906810395608111, "preventive_care_gap_score": -0.77504233563074199, "health_need_score": -0.42797457301317504, "need_intensity": 0.13436591601449288, "priority_weighted_population": 296.41121072797131, "health_priority_rank": 1118 }, "geometry": { "type": "Point", "coordinates": [ -77.5079088, 38.8524412 ] } },
{ "type": "Feature", "properties": { "LocationID": "51059431802", "StateAbbr": "VA", "CountyName": "Fairfax", "CountyFIPS": 51059, "lon": -77.2755187, "lat": 38.8079685, "TotalPopulation": 3259, "chronic_disease_burden_score": -0.16325854676335075, "preventive_care_gap_score": -0.69371282854088268, "health_need_score": -0.4284856876521167, "need_intensity": 0.13422762663216942, "priority_weighted_population": 437.44783519424016, "health_priority_rank": 1119 }, "geometry": { "type": "Point", "coordinates": [ -77.2755187, 38.8079685 ] } },
{ "type": "Feature", "properties": { "LocationID": "11001004801", "StateAbbr": "DC", "CountyName": "District of Columbia", "CountyFIPS": 11001, "lon": -77.0195344, "lat": 38.9117413, "TotalPopulation": 2820, "chronic_disease_burden_score": -0.9550780968769953, "preventive_care_gap_score": 0.097106090002246431, "health_need_score": -0.42898600343737442, "need_intensity": 0.13409225903429894, "priority_weighted_population": 378.14017047672303, "health_priority_rank": 1120 }, "geometry": { "type": "Point", "coordinates": [ -77.0195344, 38.9117413 ] } },
{ "type": "Feature", "properties": { "LocationID": "51013102002", "StateAbbr": "VA", "CountyName": "Arlington", "CountyFIPS": 51013, "lon": -77.1048667, "lat": 38.8788638, "TotalPopulation": 1243, "chronic_disease_burden_score": -1.10770492007032, "preventive_care_gap_score": 0.2456144145722946, "health_need_score": -0.43104525274901268, "need_intensity": 0.13353509965427002, "priority_weighted_population": 165.98412887025762, "health_priority_rank": 1121 }, "geometry": { "type": "Point", "coordinates": [ -77.1048667, 38.8788638 ] } },
{ "type": "Feature", "properties": { "LocationID": "51059450900", "StateAbbr": "VA", "CountyName": "Fairfax", "CountyFIPS": 51059, "lon": -77.1846865, "lat": 38.8518932, "TotalPopulation": 1704, "chronic_disease_burden_score": -0.1093264486252989, "preventive_care_gap_score": -0.75327725832680015, "health_need_score": -0.43130185347604955, "need_intensity": 0.1334656726542546, "priority_weighted_population": 227.42550620284985, "health_priority_rank": 1122 }, "geometry": { "type": "Point", "coordinates": [ -77.1846865, 38.8518932 ] } },
{ "type": "Feature", "properties": { "LocationID": "11001001004", "StateAbbr": "DC", "CountyName": "District of Columbia", "CountyFIPS": 11001, "lon": -77.0853886, "lat": 38.9487665, "TotalPopulation": 4480, "chronic_disease_burden_score": -0.32673001315600325, "preventive_care_gap_score": -0.53624880937885533, "health_need_score": -0.43148941126742929, "need_intensity": 0.13341492620885134, "priority_weighted_population": 597.69886941565403, "health_priority_rank": 1123 }, "geometry": { "type": "Point", "coordinates": [ -77.0853886, 38.9487665 ] } },
{ "type": "Feature", "properties": { "LocationID": "51153901235", "StateAbbr": "VA", "CountyName": "Prince William", "CountyFIPS": 51153, "lon": -77.3364202, "lat": 38.6980298, "TotalPopulation": 3262, "chronic_disease_burden_score": -0.23422743874258109, "preventive_care_gap_score": -0.63003470824410879, "health_need_score": -0.43213107349334495, "need_intensity": 0.13324131530804462, "priority_weighted_population": 434.63317053484155, "health_priority_rank": 1124 }, "geometry": { "type": "Point", "coordinates": [ -77.3364202, 38.6980298 ] } },
{ "type": "Feature", "properties": { "LocationID": "51059492300", "StateAbbr": "VA", "CountyName": "Fairfax", "CountyFIPS": 51059, "lon": -77.242462, "lat": 38.7363597, "TotalPopulation": 3402, "chronic_disease_burden_score": -0.45345932588050153, "preventive_care_gap_score": -0.4126219988992742, "health_need_score": -0.43304066238988786, "need_intensity": 0.13299521301104986, "priority_weighted_population": 452.44971466359164, "health_priority_rank": 1125 }, "geometry": { "type": "Point", "coordinates": [ -77.242462, 38.7363597 ] } },
{ "type": "Feature", "properties": { "LocationID": "24031700318", "StateAbbr": "MD", "CountyName": "Montgomery", "CountyFIPS": 24031, "lon": -77.2631573, "lat": 39.2650337, "TotalPopulation": 3290, "chronic_disease_burden_score": -0.67263469037400847, "preventive_care_gap_score": -0.19410573263965597, "health_need_score": -0.43337021150683219, "need_intensity": 0.13290604877986711, "priority_weighted_population": 437.26090048576282, "health_priority_rank": 1126 }, "geometry": { "type": "Point", "coordinates": [ -77.2631573, 39.2650337 ] } },
{ "type": "Feature", "properties": { "LocationID": "11001011002", "StateAbbr": "DC", "CountyName": "District of Columbia", "CountyFIPS": 11001, "lon": -77.0182455, "lat": 38.8681789, "TotalPopulation": 1859, "chronic_disease_burden_score": 0.041001311152765001, "preventive_care_gap_score": -0.90919234758218925, "health_need_score": -0.43409551821471215, "need_intensity": 0.13270980666706936, "priority_weighted_population": 246.70753059408193, "health_priority_rank": 1127 }, "geometry": { "type": "Point", "coordinates": [ -77.0182455, 38.8681789 ] } },
{ "type": "Feature", "properties": { "LocationID": "11001002002", "StateAbbr": "DC", "CountyName": "District of Columbia", "CountyFIPS": 11001, "lon": -77.0310824, "lat": 38.9525009, "TotalPopulation": 4072, "chronic_disease_burden_score": -0.38949440227260773, "preventive_care_gap_score": -0.48148968813312187, "health_need_score": -0.43549204520286477, "need_intensity": 0.13233195629872627, "priority_weighted_population": 538.85572604841332, "health_priority_rank": 1128 }, "geometry": { "type": "Point", "coordinates": [ -77.0310824, 38.9525009 ] } },
{ "type": "Feature", "properties": { "LocationID": "51059482303", "StateAbbr": "VA", "CountyName": "Fairfax", "CountyFIPS": 51059, "lon": -77.3361848, "lat": 38.9337358, "TotalPopulation": 3617, "chronic_disease_burden_score": -0.097954462048008714, "preventive_care_gap_score": -0.77442614709850244, "health_need_score": -0.43619030457325558, "need_intensity": 0.13214303223027685, "priority_weighted_population": 477.96134757691135, "health_priority_rank": 1129 }, "geometry": { "type": "Point", "coordinates": [ -77.3361848, 38.9337358 ] } },
{ "type": "Feature", "properties": { "LocationID": "51059492500", "StateAbbr": "VA", "CountyName": "Fairfax", "CountyFIPS": 51059, "lon": -77.3949078, "lat": 38.7872701, "TotalPopulation": 4139, "chronic_disease_burden_score": 0.12636730780029104, "preventive_care_gap_score": -0.99949809181123306, "health_need_score": -0.43656539200547101, "need_intensity": 0.13204154695600301, "priority_weighted_population": 546.51996285089649, "health_priority_rank": 1130 }, "geometry": { "type": "Point", "coordinates": [ -77.3949078, 38.7872701 ] } },
{ "type": "Feature", "properties": { "LocationID": "24031701507", "StateAbbr": "MD", "CountyName": "Montgomery", "CountyFIPS": 24031, "lon": -77.013595, "lat": 39.0833905, "TotalPopulation": 5133, "chronic_disease_burden_score": 0.15099046278281969, "preventive_care_gap_score": -1.0283618717250171, "health_need_score": -0.43868570447109873, "need_intensity": 0.13146786606552505, "priority_weighted_population": 674.82455651434009, "health_priority_rank": 1131 }, "geometry": { "type": "Point", "coordinates": [ -77.013595, 39.0833905 ] } },
{ "type": "Feature", "properties": { "LocationID": "51610500300", "StateAbbr": "VA", "CountyName": "Falls Church", "CountyFIPS": 51610, "lon": -77.1619697, "lat": 38.8788854, "TotalPopulation": 4437, "chronic_disease_burden_score": -0.40676876426830827, "preventive_care_gap_score": -0.47157173044315381, "health_need_score": -0.43917024735573107, "need_intensity": 0.13133676605171254, "priority_weighted_population": 582.74123097144854, "health_priority_rank": 1132 }, "geometry": { "type": "Point", "coordinates": [ -77.1619697, 38.8788854 ] } },
{ "type": "Feature", "properties": { "LocationID": "51059440505", "StateAbbr": "VA", "CountyName": "Fairfax", "CountyFIPS": 51059, "lon": -77.2950675, "lat": 38.8319832, "TotalPopulation": 1346, "chronic_disease_burden_score": -0.056399887731829808, "preventive_care_gap_score": -0.82470919327905723, "health_need_score": -0.44055454050544351, "need_intensity": 0.13096222572349045, "priority_weighted_population": 176.27515582381815, "health_priority_rank": 1133 }, "geometry": { "type": "Point", "coordinates": [ -77.2950675, 38.8319832 ] } },
{ "type": "Feature", "properties": { "LocationID": "51059422301", "StateAbbr": "VA", "CountyName": "Fairfax", "CountyFIPS": 51059, "lon": -77.1283467, "lat": 38.7801378, "TotalPopulation": 3133, "chronic_disease_burden_score": -0.51058668296351917, "preventive_care_gap_score": -0.37180207844744373, "health_need_score": -0.44119438070548145, "need_intensity": 0.13078910779786779, "priority_weighted_population": 409.76227473071975, "health_priority_rank": 1134 }, "geometry": { "type": "Point", "coordinates": [ -77.1283467, 38.7801378 ] } },
{ "type": "Feature", "properties": { "LocationID": "24031700610", "StateAbbr": "MD", "CountyName": "Montgomery", "CountyFIPS": 24031, "lon": -77.2520748, "lat": 39.1387592, "TotalPopulation": 1938, "chronic_disease_burden_score": -0.11536429018143214, "preventive_care_gap_score": -0.76848196160006343, "health_need_score": -0.44192312589074778, "need_intensity": 0.13059193535579031, "priority_weighted_population": 253.08717071952162, "health_priority_rank": 1135 }, "geometry": { "type": "Point", "coordinates": [ -77.2520748, 39.1387592 ] } },
{ "type": "Feature", "properties": { "LocationID": "51059460100", "StateAbbr": "VA", "CountyName": "Fairfax", "CountyFIPS": 51059, "lon": -77.275014, "lat": 38.9478426, "TotalPopulation": 4544, "chronic_disease_burden_score": 0.0022308231010170639, "preventive_care_gap_score": -0.88617639908687229, "health_need_score": -0.44197278799292761, "need_intensity": 0.13057849856311782, "priority_weighted_population": 593.34869747080734, "health_priority_rank": 1136 }, "geometry": { "type": "Point", "coordinates": [ -77.275014, 38.9478426 ] } },
{ "type": "Feature", "properties": { "LocationID": "24031701303", "StateAbbr": "MD", "CountyName": "Montgomery", "CountyFIPS": 24031, "lon": -77.0989671, "lat": 39.107439, "TotalPopulation": 3789, "chronic_disease_burden_score": 0.12642761210033451, "preventive_care_gap_score": -1.0107679334292181, "health_need_score": -0.44217016066444181, "need_intensity": 0.13052509656139127, "priority_weighted_population": 494.55959087111154, "health_priority_rank": 1137 }, "geometry": { "type": "Point", "coordinates": [ -77.0989671, 39.107439 ] } },
{ "type": "Feature", "properties": { "LocationID": "51059440701", "StateAbbr": "VA", "CountyName": "Fairfax", "CountyFIPS": 51059, "lon": -77.2532501, "lat": 38.8144058, "TotalPopulation": 2895, "chronic_disease_burden_score": 0.026124172479631433, "preventive_care_gap_score": -0.91206197832345859, "health_need_score": -0.4429689029219136, "need_intensity": 0.13030898540939975, "priority_weighted_population": 377.24451276021227, "health_priority_rank": 1138 }, "geometry": { "type": "Point", "coordinates": [ -77.2532501, 38.8144058 ] } },
{ "type": "Feature", "properties": { "LocationID": "51059492201", "StateAbbr": "VA", "CountyName": "Fairfax", "CountyFIPS": 51059, "lon": -77.3144427, "lat": 38.7295885, "TotalPopulation": 3097, "chronic_disease_burden_score": 0.14352823096471579, "preventive_care_gap_score": -1.0308339367739994, "health_need_score": -0.44365285290464179, "need_intensity": 0.13012393295062558, "priority_weighted_population": 402.99382034808741, "health_priority_rank": 1139 }, "geometry": { "type": "Point", "coordinates": [ -77.3144427, 38.7295885 ] } },
{ "type": "Feature", "properties": { "LocationID": "51059482204", "StateAbbr": "VA", "CountyName": "Fairfax", "CountyFIPS": 51059, "lon": -77.3540586, "lat": 38.9577858, "TotalPopulation": 1975, "chronic_disease_burden_score": -0.19347850907216868, "preventive_care_gap_score": -0.69732556958850189, "health_need_score": -0.44540203933033529, "need_intensity": 0.12965066552303126, "priority_weighted_population": 256.06006440798672, "health_priority_rank": 1140 }, "geometry": { "type": "Point", "coordinates": [ -77.3540586, 38.9577858 ] } },
{ "type": "Feature", "properties": { "LocationID": "51059422201", "StateAbbr": "VA", "CountyName": "Fairfax", "CountyFIPS": 51059, "lon": -77.2345178, "lat": 38.7118565, "TotalPopulation": 4071, "chronic_disease_burden_score": -0.11539088266911039, "preventive_care_gap_score": -0.77656808129071742, "health_need_score": -0.44597948197991388, "need_intensity": 0.1294944301479248, "priority_weighted_population": 527.17182513220189, "health_priority_rank": 1141 }, "geometry": { "type": "Point", "coordinates": [ -77.2345178, 38.7118565 ] } },
{ "type": "Feature", "properties": { "LocationID": "51059440300", "StateAbbr": "VA", "CountyName": "Fairfax", "CountyFIPS": 51059, "lon": -77.2273479, "lat": 38.8444043, "TotalPopulation": 2765, "chronic_disease_burden_score": 0.066240513706419812, "preventive_care_gap_score": -0.95852132172922366, "health_need_score": -0.44614040401140193, "need_intensity": 0.12945089038865906, "priority_weighted_population": 357.93171192464229, "health_priority_rank": 1142 }, "geometry": { "type": "Point", "coordinates": [ -77.2273479, 38.8444043 ] } },
{ "type": "Feature", "properties": { "LocationID": "51013102802", "StateAbbr": "VA", "CountyName": "Arlington", "CountyFIPS": 51013, "lon": -77.103158, "lat": 38.8465841, "TotalPopulation": 1317, "chronic_disease_burden_score": -0.30968620850675282, "preventive_care_gap_score": -0.58415849618585536, "health_need_score": -0.44692235234630406, "need_intensity": 0.12923932307282876, "priority_weighted_population": 170.20818848691547, "health_priority_rank": 1143 }, "geometry": { "type": "Point", "coordinates": [ -77.103158, 38.8465841 ] } },
{ "type": "Feature", "properties": { "LocationID": "51013103602", "StateAbbr": "VA", "CountyName": "Arlington", "CountyFIPS": 51013, "lon": -77.0537786, "lat": 38.854059, "TotalPopulation": 1241, "chronic_disease_burden_score": -1.5356129900762496, "preventive_care_gap_score": 0.63635972687353337, "health_need_score": -0.44962663160135813, "need_intensity": 0.12850764160781353, "priority_weighted_population": 159.47798323529659, "health_priority_rank": 1144 }, "geometry": { "type": "Point", "coordinates": [ -77.0537786, 38.854059 ] } },
{ "type": "Feature", "properties": { "LocationID": "51059461700", "StateAbbr": "VA", "CountyName": "Fairfax", "CountyFIPS": 51059, "lon": -77.2532257, "lat": 38.8689851, "TotalPopulation": 6937, "chronic_disease_burden_score": -0.68834162896473794, "preventive_care_gap_score": -0.21123510529638817, "health_need_score": -0.44978836713056303, "need_intensity": 0.12846388174509504, "priority_weighted_population": 891.15394766572433, "health_priority_rank": 1145 }, "geometry": { "type": "Point", "coordinates": [ -77.2532257, 38.8689851 ] } },
{ "type": "Feature", "properties": { "LocationID": "24031701211", "StateAbbr": "MD", "CountyName": "Montgomery", "CountyFIPS": 24031, "lon": -77.1540952, "lat": 39.1090766, "TotalPopulation": 6350, "chronic_disease_burden_score": -0.50074586073558836, "preventive_care_gap_score": -0.39898145395852863, "health_need_score": -0.44986365734705847, "need_intensity": 0.1284435108992204, "priority_weighted_population": 815.61629421004955, "health_priority_rank": 1146 }, "geometry": { "type": "Point", "coordinates": [ -77.1540952, 39.1090766 ] } },
{ "type": "Feature", "properties": { "LocationID": "51059450701", "StateAbbr": "VA", "CountyName": "Fairfax", "CountyFIPS": 51059, "lon": -77.2132808, "lat": 38.8432133, "TotalPopulation": 3055, "chronic_disease_burden_score": -0.30280008434248668, "preventive_care_gap_score": -0.59922317697898775, "health_need_score": -0.45101163066073724, "need_intensity": 0.12813291028562582, "priority_weighted_population": 391.44604092258686, "health_priority_rank": 1147 }, "geometry": { "type": "Point", "coordinates": [ -77.2132808, 38.8432133 ] } },
{ "type": "Feature", "properties": { "LocationID": "11001005601", "StateAbbr": "DC", "CountyName": "District of Columbia", "CountyFIPS": 11001, "lon": -77.0524317, "lat": 38.901567, "TotalPopulation": 2900, "chronic_disease_burden_score": -1.4702013465195327, "preventive_care_gap_score": 0.56634955811204135, "health_need_score": -0.45192589420374568, "need_intensity": 0.12788554319611087, "priority_weighted_population": 370.8680752687215, "health_priority_rank": 1148 }, "geometry": { "type": "Point", "coordinates": [ -77.0524317, 38.901567 ] } },
{ "type": "Feature", "properties": { "LocationID": "24031701306", "StateAbbr": "MD", "CountyName": "Montgomery", "CountyFIPS": 24031, "lon": -77.0958669, "lat": 39.1388468, "TotalPopulation": 3000, "chronic_disease_burden_score": -0.032768233142969137, "preventive_care_gap_score": -0.87112178109370575, "health_need_score": -0.45194500711833746, "need_intensity": 0.12788037192346102, "priority_weighted_population": 383.64111577038307, "health_priority_rank": 1149 }, "geometry": { "type": "Point", "coordinates": [ -77.0958669, 39.1388468 ] } },
{ "type": "Feature", "properties": { "LocationID": "51059451200", "StateAbbr": "VA", "CountyName": "Fairfax", "CountyFIPS": 51059, "lon": -77.1634913, "lat": 38.8518281, "TotalPopulation": 1721, "chronic_disease_burden_score": 0.24116509192535956, "preventive_care_gap_score": -1.1500310587828531, "health_need_score": -0.45443298342874672, "need_intensity": 0.12720721431656032, "priority_weighted_population": 218.92361583880032, "health_priority_rank": 1150 }, "geometry": { "type": "Point", "coordinates": [ -77.1634913, 38.8518281 ] } },
{ "type": "Feature", "properties": { "LocationID": "24031701307", "StateAbbr": "MD", "CountyName": "Montgomery", "CountyFIPS": 24031, "lon": -77.1120004, "lat": 39.1611045, "TotalPopulation": 4598, "chronic_disease_burden_score": -0.38046351456066552, "preventive_care_gap_score": -0.52896790922971149, "health_need_score": -0.4547157118951885, "need_intensity": 0.12713071808262255, "priority_weighted_population": 584.54704174389849, "health_priority_rank": 1151 }, "geometry": { "type": "Point", "coordinates": [ -77.1120004, 39.1611045 ] } },
{ "type": "Feature", "properties": { "LocationID": "51510201400", "StateAbbr": "VA", "CountyName": "Alexandria", "CountyFIPS": 51510, "lon": -77.0616812, "lat": 38.8219432, "TotalPopulation": 4158, "chronic_disease_burden_score": -0.37798186252224381, "preventive_care_gap_score": -0.53218907058302223, "health_need_score": -0.45508546655263304, "need_intensity": 0.12703067566690326, "priority_weighted_population": 528.19354942298378, "health_priority_rank": 1152 }, "geometry": { "type": "Point", "coordinates": [ -77.0616812, 38.8219432 ] } },
{ "type": "Feature", "properties": { "LocationID": "51107611030", "StateAbbr": "VA", "CountyName": "Loudoun", "CountyFIPS": 51107, "lon": -77.5149317, "lat": 38.9942494, "TotalPopulation": 6176, "chronic_disease_burden_score": -1.0438702933135566, "preventive_care_gap_score": 0.13196108868417822, "health_need_score": -0.45595460231468921, "need_intensity": 0.12679551854454252, "priority_weighted_population": 783.08912253109463, "health_priority_rank": 1153 }, "geometry": { "type": "Point", "coordinates": [ -77.5149317, 38.9942494 ] } },
{ "type": "Feature", "properties": { "LocationID": "51059471301", "StateAbbr": "VA", "CountyName": "Fairfax", "CountyFIPS": 51059, "lon": -77.2108042, "lat": 38.9044018, "TotalPopulation": 3973, "chronic_disease_burden_score": -1.270656711241587, "preventive_care_gap_score": 0.35858917662726164, "health_need_score": -0.45603376730716266, "need_intensity": 0.12677409932255845, "priority_weighted_population": 503.67349660852472, "health_priority_rank": 1154 }, "geometry": { "type": "Point", "coordinates": [ -77.2108042, 38.9044018 ] } },
{ "type": "Feature", "properties": { "LocationID": "51013103300", "StateAbbr": "VA", "CountyName": "Arlington", "CountyFIPS": 51013, "lon": -77.0730769, "lat": 38.8627679, "TotalPopulation": 2492, "chronic_disease_burden_score": -0.94398433355552358, "preventive_care_gap_score": 0.029485295508712411, "health_need_score": -0.4572495190234056, "need_intensity": 0.12644516029188219, "priority_weighted_population": 315.10133944737044, "health_priority_rank": 1155 }, "geometry": { "type": "Point", "coordinates": [ -77.0730769, 38.8627679 ] } },
{ "type": "Feature", "properties": { "LocationID": "51013103700", "StateAbbr": "VA", "CountyName": "Arlington", "CountyFIPS": 51013, "lon": -77.0628271, "lat": 38.8499615, "TotalPopulation": 2626, "chronic_disease_burden_score": -0.027351792442473332, "preventive_care_gap_score": -0.88887330244835727, "health_need_score": -0.4581125474454153, "need_intensity": 0.1262116555977994, "priority_weighted_population": 331.43180759982124, "health_priority_rank": 1156 }, "geometry": { "type": "Point", "coordinates": [ -77.0628271, 38.8499615 ] } },
{ "type": "Feature", "properties": { "LocationID": "51059420201", "StateAbbr": "VA", "CountyName": "Fairfax", "CountyFIPS": 51059, "lon": -77.1460645, "lat": 38.7895063, "TotalPopulation": 3732, "chronic_disease_burden_score": -0.37843489189036339, "preventive_care_gap_score": -0.53830571226691404, "health_need_score": -0.45837030207863871, "need_intensity": 0.12614191639194672, "priority_weighted_population": 470.76163197474517, "health_priority_rank": 1157 }, "geometry": { "type": "Point", "coordinates": [ -77.1460645, 38.7895063 ] } },
{ "type": "Feature", "properties": { "LocationID": "51059432701", "StateAbbr": "VA", "CountyName": "Fairfax", "CountyFIPS": 51059, "lon": -77.2207466, "lat": 38.7540026, "TotalPopulation": 3132, "chronic_disease_burden_score": -0.096316655726522121, "preventive_care_gap_score": -0.82120509324983793, "health_need_score": -0.45876087448818004, "need_intensity": 0.12603624143538533, "priority_weighted_population": 394.74550817562687, "health_priority_rank": 1158 }, "geometry": { "type": "Point", "coordinates": [ -77.2207466, 38.7540026 ] } },
{ "type": "Feature", "properties": { "LocationID": "24031702503", "StateAbbr": "MD", "CountyName": "Montgomery", "CountyFIPS": 24031, "lon": -77.0281693, "lat": 38.997102, "TotalPopulation": 4014, "chronic_disease_burden_score": -0.69912757544357718, "preventive_care_gap_score": -0.22274514911792773, "health_need_score": -0.46093636228075247, "need_intensity": 0.12544763207035128, "priority_weighted_population": 503.54679513039008, "health_priority_rank": 1159 }, "geometry": { "type": "Point", "coordinates": [ -77.0281693, 38.997102 ] } },
{ "type": "Feature", "properties": { "LocationID": "51059461606", "StateAbbr": "VA", "CountyName": "Fairfax", "CountyFIPS": 51059, "lon": -77.2240807, "lat": 38.8803925, "TotalPopulation": 3069, "chronic_disease_burden_score": -1.2251750966744597, "preventive_care_gap_score": 0.30133783036946027, "health_need_score": -0.4619186331524997, "need_intensity": 0.12518186462450093, "priority_weighted_population": 384.18314253259337, "health_priority_rank": 1160 }, "geometry": { "type": "Point", "coordinates": [ -77.2240807, 38.8803925 ] } },
{ "type": "Feature", "properties": { "LocationID": "11001004802", "StateAbbr": "DC", "CountyName": "District of Columbia", "CountyFIPS": 11001, "lon": -77.0188917, "lat": 38.9062118, "TotalPopulation": 3634, "chronic_disease_burden_score": -0.90383875592262442, "preventive_care_gap_score": -0.02018074922165726, "health_need_score": -0.46200975257214083, "need_intensity": 0.12515721096111548, "priority_weighted_population": 454.82130463269368, "health_priority_rank": 1161 }, "geometry": { "type": "Point", "coordinates": [ -77.0188917, 38.9062118 ] } },
{ "type": "Feature", "properties": { "LocationID": "11001000202", "StateAbbr": "DC", "CountyName": "District of Columbia", "CountyFIPS": 11001, "lon": -77.0696362, "lat": 38.9063048, "TotalPopulation": 4672, "chronic_disease_burden_score": -0.88426514924669775, "preventive_care_gap_score": -0.04071995933061312, "health_need_score": -0.46249255428865543, "need_intensity": 0.12502658204526257, "priority_weighted_population": 584.12419131546676, "health_priority_rank": 1162 }, "geometry": { "type": "Point", "coordinates": [ -77.0696362, 38.9063048 ] } },
{ "type": "Feature", "properties": { "LocationID": "51059480502", "StateAbbr": "VA", "CountyName": "Fairfax", "CountyFIPS": 51059, "lon": -77.3831614, "lat": 38.9942965, "TotalPopulation": 5763, "chronic_disease_burden_score": -0.16737535917197641, "preventive_care_gap_score": -0.75821517874796385, "health_need_score": -0.46279526895997014, "need_intensity": 0.12494467825748798, "priority_weighted_population": 720.05618079790327, "health_priority_rank": 1163 }, "geometry": { "type": "Point", "coordinates": [ -77.3831614, 38.9942965 ] } },
{ "type": "Feature", "properties": { "LocationID": "11001000803", "StateAbbr": "DC", "CountyName": "District of Columbia", "CountyFIPS": 11001, "lon": -77.0835217, "lat": 38.9336425, "TotalPopulation": 3174, "chronic_disease_burden_score": -0.42324576100826988, "preventive_care_gap_score": -0.50365055111506707, "health_need_score": -0.46344815606166845, "need_intensity": 0.12476803030585082, "priority_weighted_population": 396.01372819077051, "health_priority_rank": 1164 }, "geometry": { "type": "Point", "coordinates": [ -77.0835217, 38.9336425 ] } },
{ "type": "Feature", "properties": { "LocationID": "51510201900", "StateAbbr": "VA", "CountyName": "Alexandria", "CountyFIPS": 51510, "lon": -77.050946, "lat": 38.8049862, "TotalPopulation": 1798, "chronic_disease_burden_score": -0.2564428499575907, "preventive_care_gap_score": -0.67102441482790876, "health_need_score": -0.46373363239274973, "need_intensity": 0.12469079059779835, "priority_weighted_population": 224.19404149484143, "health_priority_rank": 1165 }, "geometry": { "type": "Point", "coordinates": [ -77.050946, 38.8049862 ] } },
{ "type": "Feature", "properties": { "LocationID": "51059460504", "StateAbbr": "VA", "CountyName": "Fairfax", "CountyFIPS": 51059, "lon": -77.2302783, "lat": 38.9018463, "TotalPopulation": 3979, "chronic_disease_burden_score": -0.41096954056542945, "preventive_care_gap_score": -0.51652312685132151, "health_need_score": -0.46374633370837548, "need_intensity": 0.1246873540750327, "priority_weighted_population": 496.13098186455511, "health_priority_rank": 1166 }, "geometry": { "type": "Point", "coordinates": [ -77.2302783, 38.9018463 ] } },
{ "type": "Feature", "properties": { "LocationID": "24031700604", "StateAbbr": "MD", "CountyName": "Montgomery", "CountyFIPS": 24031, "lon": -77.3117792, "lat": 39.0887088, "TotalPopulation": 6725, "chronic_disease_burden_score": -0.045983398612131549, "preventive_care_gap_score": -0.88151113738559073, "health_need_score": -0.46374726799886112, "need_intensity": 0.12468710128936716, "priority_weighted_population": 838.52075617099422, "health_priority_rank": 1167 }, "geometry": { "type": "Point", "coordinates": [ -77.3117792, 39.0887088 ] } },
{ "type": "Feature", "properties": { "LocationID": "51059460900", "StateAbbr": "VA", "CountyName": "Fairfax", "CountyFIPS": 51059, "lon": -77.259836, "lat": 38.9113136, "TotalPopulation": 2631, "chronic_disease_burden_score": -0.05107945623869415, "preventive_care_gap_score": -0.87905196442395139, "health_need_score": -0.46506571033132277, "need_intensity": 0.12433037784242629, "priority_weighted_population": 327.11322410342359, "health_priority_rank": 1168 }, "geometry": { "type": "Point", "coordinates": [ -77.259836, 38.9113136 ] } },
{ "type": "Feature", "properties": { "LocationID": "51059490502", "StateAbbr": "VA", "CountyName": "Fairfax", "CountyFIPS": 51059, "lon": -77.3713933, "lat": 38.8417093, "TotalPopulation": 6585, "chronic_disease_burden_score": -0.12517100468635314, "preventive_care_gap_score": -0.80709003783333633, "health_need_score": -0.46613052125984472, "need_intensity": 0.12404227800263012, "priority_weighted_population": 816.81840064731932, "health_priority_rank": 1169 }, "geometry": { "type": "Point", "coordinates": [ -77.3713933, 38.8417093 ] } },
{ "type": "Feature", "properties": { "LocationID": "51059432401", "StateAbbr": "VA", "CountyName": "Fairfax", "CountyFIPS": 51059, "lon": -77.2786229, "lat": 38.7671156, "TotalPopulation": 3615, "chronic_disease_burden_score": -0.030985992082114999, "preventive_care_gap_score": -0.90148482826326848, "health_need_score": -0.46623541017269177, "need_intensity": 0.12401389880574343, "priority_weighted_population": 448.31024418276252, "health_priority_rank": 1170 }, "geometry": { "type": "Point", "coordinates": [ -77.2786229, 38.7671156 ] } },
{ "type": "Feature", "properties": { "LocationID": "51107611029", "StateAbbr": "VA", "CountyName": "Loudoun", "CountyFIPS": 51107, "lon": -77.5916968, "lat": 39.0064293, "TotalPopulation": 7139, "chronic_disease_burden_score": -0.54293747767694212, "preventive_care_gap_score": -0.39323881611406059, "health_need_score": -0.46808814689550138, "need_intensity": 0.1235126143629111, "priority_weighted_population": 881.75655393682234, "health_priority_rank": 1171 }, "geometry": { "type": "Point", "coordinates": [ -77.5916968, 39.0064293 ] } },
{ "type": "Feature", "properties": { "LocationID": "51107610602", "StateAbbr": "VA", "CountyName": "Loudoun", "CountyFIPS": 51107, "lon": -77.579475, "lat": 39.0746768, "TotalPopulation": 2807, "chronic_disease_burden_score": -0.58221132033731415, "preventive_care_gap_score": -0.35514308687478413, "health_need_score": -0.46867720360604914, "need_intensity": 0.12335323663735072, "priority_weighted_population": 346.25253524104346, "health_priority_rank": 1172 }, "geometry": { "type": "Point", "coordinates": [ -77.579475, 39.0746768 ] } },
{ "type": "Feature", "properties": { "LocationID": "24031701222", "StateAbbr": "MD", "CountyName": "Montgomery", "CountyFIPS": 24031, "lon": -77.1168941, "lat": 39.0393872, "TotalPopulation": 3784, "chronic_disease_burden_score": 0.020817561524509771, "preventive_care_gap_score": -0.95841566996240646, "health_need_score": -0.46879905421894835, "need_intensity": 0.12332026820970314, "priority_weighted_population": 466.64389490551667, "health_priority_rank": 1173 }, "geometry": { "type": "Point", "coordinates": [ -77.1168941, 39.0393872 ] } },
{ "type": "Feature", "properties": { "LocationID": "24031705901", "StateAbbr": "MD", "CountyName": "Montgomery", "CountyFIPS": 24031, "lon": -77.1411785, "lat": 38.9959383, "TotalPopulation": 4501, "chronic_disease_burden_score": 0.15139992509235878, "preventive_care_gap_score": -1.0949718278601419, "health_need_score": -0.47178595138389157, "need_intensity": 0.12251212042340813, "priority_weighted_population": 551.42705402575996, "health_priority_rank": 1174 }, "geometry": { "type": "Point", "coordinates": [ -77.1411785, 38.9959383 ] } },
{ "type": "Feature", "properties": { "LocationID": "51059480504", "StateAbbr": "VA", "CountyName": "Fairfax", "CountyFIPS": 51059, "lon": -77.3529986, "lat": 38.9823873, "TotalPopulation": 2017, "chronic_disease_burden_score": -0.21709494988641548, "preventive_care_gap_score": -0.7284064107534941, "health_need_score": -0.47275068031995482, "need_intensity": 0.1222510991993751, "priority_weighted_population": 246.58046708513959, "health_priority_rank": 1175 }, "geometry": { "type": "Point", "coordinates": [ -77.3529986, 38.9823873 ] } },
{ "type": "Feature", "properties": { "LocationID": "51059432500", "StateAbbr": "VA", "CountyName": "Fairfax", "CountyFIPS": 51059, "lon": -77.2526381, "lat": 38.7551834, "TotalPopulation": 5758, "chronic_disease_burden_score": -0.15672485796940999, "preventive_care_gap_score": -0.78942310829815265, "health_need_score": -0.47307398313378135, "need_intensity": 0.12216362499491858, "priority_weighted_population": 703.4181527207412, "health_priority_rank": 1176 }, "geometry": { "type": "Point", "coordinates": [ -77.2526381, 38.7551834 ] } },
{ "type": "Feature", "properties": { "LocationID": "51059471100", "StateAbbr": "VA", "CountyName": "Fairfax", "CountyFIPS": 51059, "lon": -77.1975824, "lat": 38.910538, "TotalPopulation": 7030, "chronic_disease_burden_score": -0.61659635810875335, "preventive_care_gap_score": -0.33081099719578222, "health_need_score": -0.47370367765226779, "need_intensity": 0.12199325212867811, "priority_weighted_population": 857.61256246460709, "health_priority_rank": 1177 }, "geometry": { "type": "Point", "coordinates": [ -77.1975824, 38.910538 ] } },
{ "type": "Feature", "properties": { "LocationID": "24031705501", "StateAbbr": "MD", "CountyName": "Montgomery", "CountyFIPS": 24031, "lon": -77.0902928, "lat": 38.9607393, "TotalPopulation": 2377, "chronic_disease_burden_score": -0.54493083186539437, "preventive_care_gap_score": -0.40460872945591675, "health_need_score": -0.47476978066065556, "need_intensity": 0.12170480269817774, "priority_weighted_population": 289.2923160135685, "health_priority_rank": 1178 }, "geometry": { "type": "Point", "coordinates": [ -77.0902928, 38.9607393 ] } },
{ "type": "Feature", "properties": { "LocationID": "24031701007", "StateAbbr": "MD", "CountyName": "Montgomery", "CountyFIPS": 24031, "lon": -77.1865835, "lat": 39.0987809, "TotalPopulation": 3129, "chronic_disease_burden_score": -0.46564440612435365, "preventive_care_gap_score": -0.48438152179357985, "health_need_score": -0.47501296395896675, "need_intensity": 0.12163900597557854, "priority_weighted_population": 380.60844969758529, "health_priority_rank": 1179 }, "geometry": { "type": "Point", "coordinates": [ -77.1865835, 39.0987809 ] } },
{ "type": "Feature", "properties": { "LocationID": "11001005602", "StateAbbr": "DC", "CountyName": "District of Columbia", "CountyFIPS": 11001, "lon": -77.0554558, "lat": 38.8988888, "TotalPopulation": 4100, "chronic_disease_burden_score": -0.71966385455401638, "preventive_care_gap_score": -0.23061544906700682, "health_need_score": -0.4751396518105116, "need_intensity": 0.12160472876376888, "priority_weighted_population": 498.5793879314524, "health_priority_rank": 1180 }, "geometry": { "type": "Point", "coordinates": [ -77.0554558, 38.8988888 ] } },
{ "type": "Feature", "properties": { "LocationID": "11001002702", "StateAbbr": "DC", "CountyName": "District of Columbia", "CountyFIPS": 11001, "lon": -77.0421774, "lat": 38.930168, "TotalPopulation": 5825, "chronic_disease_burden_score": -1.0139332671251351, "preventive_care_gap_score": 0.063646163776932663, "health_need_score": -0.47514355167410122, "need_intensity": 0.121603673599847, "priority_weighted_population": 708.34139871910872, "health_priority_rank": 1181 }, "geometry": { "type": "Point", "coordinates": [ -77.0421774, 38.930168 ] } },
{ "type": "Feature", "properties": { "LocationID": "24031700611", "StateAbbr": "MD", "CountyName": "Montgomery", "CountyFIPS": 24031, "lon": -77.32003, "lat": 39.1576526, "TotalPopulation": 5816, "chronic_disease_burden_score": -0.65297092571622839, "preventive_care_gap_score": -0.29772537195658488, "health_need_score": -0.47534814883640664, "need_intensity": 0.12154831690871616, "priority_weighted_population": 706.92501114109325, "health_priority_rank": 1182 }, "geometry": { "type": "Point", "coordinates": [ -77.32003, 39.1576526 ] } },
{ "type": "Feature", "properties": { "LocationID": "51059461202", "StateAbbr": "VA", "CountyName": "Fairfax", "CountyFIPS": 51059, "lon": -77.336499, "lat": 38.8591863, "TotalPopulation": 6502, "chronic_disease_burden_score": -0.77393697102554593, "preventive_care_gap_score": -0.17712477962088016, "health_need_score": -0.47553087532321303, "need_intensity": 0.12149887764192678, "priority_weighted_population": 789.98570242780795, "health_priority_rank": 1183 }, "geometry": { "type": "Point", "coordinates": [ -77.336499, 38.8591863 ] } },
{ "type": "Feature", "properties": { "LocationID": "51059460600", "StateAbbr": "VA", "CountyName": "Fairfax", "CountyFIPS": 51059, "lon": -77.234497, "lat": 38.8882025, "TotalPopulation": 4173, "chronic_disease_burden_score": -0.2120971463248611, "preventive_care_gap_score": -0.73899819944979539, "health_need_score": -0.47554767288732824, "need_intensity": 0.12149433282049329, "priority_weighted_population": 506.99585085991851, "health_priority_rank": 1184 }, "geometry": { "type": "Point", "coordinates": [ -77.234497, 38.8882025 ] } },
{ "type": "Feature", "properties": { "LocationID": "51059420203", "StateAbbr": "VA", "CountyName": "Fairfax", "CountyFIPS": 51059, "lon": -77.1291703, "lat": 38.7922052, "TotalPopulation": 2718, "chronic_disease_burden_score": -0.21222089553045215, "preventive_care_gap_score": -0.73995165534451501, "health_need_score": -0.47608627543748361, "need_intensity": 0.12134860619029336, "priority_weighted_population": 329.82551162521736, "health_priority_rank": 1185 }, "geometry": { "type": "Point", "coordinates": [ -77.1291703, 38.7922052 ] } },
{ "type": "Feature", "properties": { "LocationID": "51059460503", "StateAbbr": "VA", "CountyName": "Fairfax", "CountyFIPS": 51059, "lon": -77.2200457, "lat": 38.9019952, "TotalPopulation": 3778, "chronic_disease_burden_score": -0.63195418443204077, "preventive_care_gap_score": -0.32383628213429183, "health_need_score": -0.4778952332831663, "need_intensity": 0.12085916674937534, "priority_weighted_population": 456.60593197914005, "health_priority_rank": 1186 }, "geometry": { "type": "Point", "coordinates": [ -77.2200457, 38.9019952 ] } },
{ "type": "Feature", "properties": { "LocationID": "11001009509", "StateAbbr": "DC", "CountyName": "District of Columbia", "CountyFIPS": 11001, "lon": -76.9950319, "lat": 38.949214, "TotalPopulation": 3194, "chronic_disease_burden_score": -0.21587099356536293, "preventive_care_gap_score": -0.74124122906019696, "health_need_score": -0.47855611131277997, "need_intensity": 0.12068035673779817, "priority_weighted_population": 385.45305942052738, "health_priority_rank": 1187 }, "geometry": { "type": "Point", "coordinates": [ -76.9950319, 38.949214 ] } },
{ "type": "Feature", "properties": { "LocationID": "51013100400", "StateAbbr": "VA", "CountyName": "Arlington", "CountyFIPS": 51013, "lon": -77.1060829, "lat": 38.9115768, "TotalPopulation": 3780, "chronic_disease_burden_score": 0.079867775489159631, "preventive_care_gap_score": -1.0371840627972939, "health_need_score": -0.47865814365406711, "need_intensity": 0.12065275042723969, "priority_weighted_population": 456.06739661496601, "health_priority_rank": 1188 }, "geometry": { "type": "Point", "coordinates": [ -77.1060829, 38.9115768 ] } },
{ "type": "Feature", "properties": { "LocationID": "11001001303", "StateAbbr": "DC", "CountyName": "District of Columbia", "CountyFIPS": 11001, "lon": -77.0589323, "lat": 38.9446266, "TotalPopulation": 3763, "chronic_disease_burden_score": -0.54908981451528605, "preventive_care_gap_score": -0.4099499616623386, "health_need_score": -0.4795198880888123, "need_intensity": 0.12041959313429197, "priority_weighted_population": 453.13892896434066, "health_priority_rank": 1189 }, "geometry": { "type": "Point", "coordinates": [ -77.0589323, 38.9446266 ] } },
{ "type": "Feature", "properties": { "LocationID": "24031706009", "StateAbbr": "MD", "CountyName": "Montgomery", "CountyFIPS": 24031, "lon": -77.1938101, "lat": 38.9959125, "TotalPopulation": 5569, "chronic_disease_burden_score": 0.024047397908840362, "preventive_care_gap_score": -0.98401015388928448, "health_need_score": -0.47998137799022206, "need_intensity": 0.12029473043510062, "priority_weighted_population": 669.92135379307535, "health_priority_rank": 1190 }, "geometry": { "type": "Point", "coordinates": [ -77.1938101, 38.9959125 ] } },
{ "type": "Feature", "properties": { "LocationID": "51059482203", "StateAbbr": "VA", "CountyName": "Fairfax", "CountyFIPS": 51059, "lon": -77.3624427, "lat": 38.959634, "TotalPopulation": 4695, "chronic_disease_burden_score": -0.263057053618445, "preventive_care_gap_score": -0.70048146390393251, "health_need_score": -0.48176925876118876, "need_intensity": 0.11981099369847159, "priority_weighted_population": 562.51261541432416, "health_priority_rank": 1191 }, "geometry": { "type": "Point", "coordinates": [ -77.3624427, 38.959634 ] } },
{ "type": "Feature", "properties": { "LocationID": "24031704503", "StateAbbr": "MD", "CountyName": "Montgomery", "CountyFIPS": 24031, "lon": -77.1190762, "lat": 39.00658, "TotalPopulation": 4247, "chronic_disease_burden_score": -0.3237761146202866, "preventive_care_gap_score": -0.64032810540076501, "health_need_score": -0.48205211001052584, "need_intensity": 0.11973446424386384, "priority_weighted_population": 508.51226964368976, "health_priority_rank": 1192 }, "geometry": { "type": "Point", "coordinates": [ -77.1190762, 39.00658 ] } },
{ "type": "Feature", "properties": { "LocationID": "24031704100", "StateAbbr": "MD", "CountyName": "Montgomery", "CountyFIPS": 24031, "lon": -77.0745888, "lat": 39.0169675, "TotalPopulation": 4844, "chronic_disease_burden_score": 0.069243141248048118, "preventive_care_gap_score": -1.0338696466379178, "health_need_score": -0.48231325269493486, "need_intensity": 0.11966380835226192, "priority_weighted_population": 579.65148765835681, "health_priority_rank": 1193 }, "geometry": { "type": "Point", "coordinates": [ -77.0745888, 39.0169675 ] } },
{ "type": "Feature", "properties": { "LocationID": "24031705100", "StateAbbr": "MD", "CountyName": "Montgomery", "CountyFIPS": 24031, "lon": -77.0730231, "lat": 38.9954347, "TotalPopulation": 5665, "chronic_disease_burden_score": 0.1251377082179802, "preventive_care_gap_score": -1.0907678558343152, "health_need_score": -0.48281507380816752, "need_intensity": 0.11952803346635862, "priority_weighted_population": 677.12630958692159, "health_priority_rank": 1194 }, "geometry": { "type": "Point", "coordinates": [ -77.0730231, 38.9954347 ] } },
{ "type": "Feature", "properties": { "LocationID": "51059451900", "StateAbbr": "VA", "CountyName": "Fairfax", "CountyFIPS": 51059, "lon": -77.1543577, "lat": 38.8234282, "TotalPopulation": 6015, "chronic_disease_burden_score": -0.63823313124322434, "preventive_care_gap_score": -0.32825200134015975, "health_need_score": -0.48324256629169204, "need_intensity": 0.11941236925525925, "priority_weighted_population": 718.26540107038443, "health_priority_rank": 1195 }, "geometry": { "type": "Point", "coordinates": [ -77.1543577, 38.8234282 ] } },
{ "type": "Feature", "properties": { "LocationID": "51013101603", "StateAbbr": "VA", "CountyName": "Arlington", "CountyFIPS": 51013, "lon": -77.074845, "lat": 38.8961541, "TotalPopulation": 4482, "chronic_disease_burden_score": -0.94854925442773208, "preventive_care_gap_score": -0.018588492019745256, "health_need_score": -0.48356887322373865, "need_intensity": 0.11932408224361345, "priority_weighted_population": 534.81053661587544, "health_priority_rank": 1196 }, "geometry": { "type": "Point", "coordinates": [ -77.074845, 38.8961541 ] } },
{ "type": "Feature", "properties": { "LocationID": "24031700905", "StateAbbr": "MD", "CountyName": "Montgomery", "CountyFIPS": 24031, "lon": -77.1311847, "lat": 39.0573474, "TotalPopulation": 4149, "chronic_disease_burden_score": -0.76976119132682996, "preventive_care_gap_score": -0.19856615981019343, "health_need_score": -0.4841636755685117, "need_intensity": 0.11916314995446295, "priority_weighted_population": 494.40790916106675, "health_priority_rank": 1197 }, "geometry": { "type": "Point", "coordinates": [ -77.1311847, 39.0573474 ] } },
{ "type": "Feature", "properties": { "LocationID": "51059461100", "StateAbbr": "VA", "CountyName": "Fairfax", "CountyFIPS": 51059, "lon": -77.2916371, "lat": 38.8986765, "TotalPopulation": 7442, "chronic_disease_burden_score": -0.16230350818252942, "preventive_care_gap_score": -0.80645669550350751, "health_need_score": -0.4843801018430185, "need_intensity": 0.11910459272768877, "priority_weighted_population": 886.37637907945975, "health_priority_rank": 1198 }, "geometry": { "type": "Point", "coordinates": [ -77.2916371, 38.8986765 ] } },
{ "type": "Feature", "properties": { "LocationID": "51059422202", "StateAbbr": "VA", "CountyName": "Fairfax", "CountyFIPS": 51059, "lon": -77.2400878, "lat": 38.6924058, "TotalPopulation": 6444, "chronic_disease_burden_score": -0.69505996451454, "preventive_care_gap_score": -0.27430563557373921, "health_need_score": -0.48468280004413961, "need_intensity": 0.11902269339616085, "priority_weighted_population": 766.98223624486059, "health_priority_rank": 1199 }, "geometry": { "type": "Point", "coordinates": [ -77.2400878, 38.6924058 ] } },
{ "type": "Feature", "properties": { "LocationID": "24031704300", "StateAbbr": "MD", "CountyName": "Montgomery", "CountyFIPS": 24031, "lon": -77.0894389, "lat": 39.0231982, "TotalPopulation": 4088, "chronic_disease_burden_score": -0.20821976926291416, "preventive_care_gap_score": -0.76362367824489963, "health_need_score": -0.48592172375390691, "need_intensity": 0.11868748485092261, "priority_weighted_population": 485.19443807057161, "health_priority_rank": 1200 }, "geometry": { "type": "Point", "coordinates": [ -77.0894389, 39.0231982 ] } },
{ "type": "Feature", "properties": { "LocationID": "11001003500", "StateAbbr": "DC", "CountyName": "District of Columbia", "CountyFIPS": 11001, "lon": -77.024341, "lat": 38.9223765, "TotalPopulation": 4801, "chronic_disease_burden_score": -1.5224696396398629, "preventive_care_gap_score": 0.54771148416656334, "health_need_score": -0.48737907773664979, "need_intensity": 0.11829317686843661, "priority_weighted_population": 567.92554214536415, "health_priority_rank": 1201 }, "geometry": { "type": "Point", "coordinates": [ -77.024341, 38.9223765 ] } },
{ "type": "Feature", "properties": { "LocationID": "51510200202", "StateAbbr": "VA", "CountyName": "Alexandria", "CountyFIPS": 51510, "lon": -77.0975078, "lat": 38.817098, "TotalPopulation": 1698, "chronic_disease_burden_score": 0.15459710392119635, "preventive_care_gap_score": -1.1311915161470385, "health_need_score": -0.48829720611292105, "need_intensity": 0.11804476409295617, "priority_weighted_population": 200.44000942983956, "health_priority_rank": 1202 }, "geometry": { "type": "Point", "coordinates": [ -77.0975078, 38.817098 ] } },
{ "type": "Feature", "properties": { "LocationID": "24031705702", "StateAbbr": "MD", "CountyName": "Montgomery", "CountyFIPS": 24031, "lon": -77.1108685, "lat": 38.9542113, "TotalPopulation": 4565, "chronic_disease_burden_score": 0.16225551114667136, "preventive_care_gap_score": -1.1391093380186934, "health_need_score": -0.48842691343601102, "need_intensity": 0.11800966991989534, "priority_weighted_population": 538.71414318432221, "health_priority_rank": 1203 }, "geometry": { "type": "Point", "coordinates": [ -77.1108685, 38.9542113 ] } },
{ "type": "Feature", "properties": { "LocationID": "24031704404", "StateAbbr": "MD", "CountyName": "Montgomery", "CountyFIPS": 24031, "lon": -77.0997918, "lat": 39.0120658, "TotalPopulation": 5733, "chronic_disease_burden_score": -0.096130385121977163, "preventive_care_gap_score": -0.88091181326275936, "health_need_score": -0.48852109919236825, "need_intensity": 0.11798418661521583, "priority_weighted_population": 676.4033418650323, "health_priority_rank": 1204 }, "geometry": { "type": "Point", "coordinates": [ -77.0997918, 39.0120658 ] } },
{ "type": "Feature", "properties": { "LocationID": "51013101703", "StateAbbr": "VA", "CountyName": "Arlington", "CountyFIPS": 51013, "lon": -77.0748886, "lat": 38.8893216, "TotalPopulation": 2352, "chronic_disease_burden_score": -0.80956039007948166, "preventive_care_gap_score": -0.16823758634952235, "health_need_score": -0.48889898821450201, "need_intensity": 0.11788194333068401, "priority_weighted_population": 277.25833071376877, "health_priority_rank": 1205 }, "geometry": { "type": "Point", "coordinates": [ -77.0748886, 38.8893216 ] } },
{ "type": "Feature", "properties": { "LocationID": "51059422402", "StateAbbr": "VA", "CountyName": "Fairfax", "CountyFIPS": 51059, "lon": -77.1329366, "lat": 38.7648774, "TotalPopulation": 5236, "chronic_disease_burden_score": -0.58461827299401736, "preventive_care_gap_score": -0.39708236948918463, "health_need_score": -0.490850321241601, "need_intensity": 0.11735398224629082, "priority_weighted_population": 614.46545104157872, "health_priority_rank": 1206 }, "geometry": { "type": "Point", "coordinates": [ -77.1329366, 38.7648774 ] } },
{ "type": "Feature", "properties": { "LocationID": "51059480100", "StateAbbr": "VA", "CountyName": "Fairfax", "CountyFIPS": 51059, "lon": -77.2702475, "lat": 39.0056714, "TotalPopulation": 4399, "chronic_disease_burden_score": 0.07111976563752398, "preventive_care_gap_score": -1.0548613274349912, "health_need_score": -0.49187078089873359, "need_intensity": 0.11707788227787067, "priority_weighted_population": 515.02560414035304, "health_priority_rank": 1207 }, "geometry": { "type": "Point", "coordinates": [ -77.2702475, 39.0056714 ] } },
{ "type": "Feature", "properties": { "LocationID": "24031706013", "StateAbbr": "MD", "CountyName": "Montgomery", "CountyFIPS": 24031, "lon": -77.1589988, "lat": 39.0095058, "TotalPopulation": 2980, "chronic_disease_burden_score": 0.0056492038450686654, "preventive_care_gap_score": -0.99023142783658413, "health_need_score": -0.49229111199575776, "need_intensity": 0.11696415568240634, "priority_weighted_population": 348.55318393357089, "health_priority_rank": 1208 }, "geometry": { "type": "Point", "coordinates": [ -77.1589988, 39.0095058 ] } },
{ "type": "Feature", "properties": { "LocationID": "51013101409", "StateAbbr": "VA", "CountyName": "Arlington", "CountyFIPS": 51013, "lon": -77.1128394, "lat": 38.8811748, "TotalPopulation": 2120, "chronic_disease_burden_score": -0.55547808505891938, "preventive_care_gap_score": -0.42991055502201003, "health_need_score": -0.49269432004046471, "need_intensity": 0.11685506197386801, "priority_weighted_population": 247.73273138460019, "health_priority_rank": 1209 }, "geometry": { "type": "Point", "coordinates": [ -77.1128394, 38.8811748 ] } },
{ "type": "Feature", "properties": { "LocationID": "51059471204", "StateAbbr": "VA", "CountyName": "Fairfax", "CountyFIPS": 51059, "lon": -77.2070218, "lat": 38.9258503, "TotalPopulation": 2692, "chronic_disease_burden_score": -1.0687218606635713, "preventive_care_gap_score": 0.082804070422834053, "health_need_score": -0.49295889512036861, "need_intensity": 0.11678347739852921, "priority_weighted_population": 314.38112115684061, "health_priority_rank": 1210 }, "geometry": { "type": "Point", "coordinates": [ -77.2070218, 38.9258503 ] } },
{ "type": "Feature", "properties": { "LocationID": "51059470300", "StateAbbr": "VA", "CountyName": "Fairfax", "CountyFIPS": 51059, "lon": -77.1381524, "lat": 38.929091, "TotalPopulation": 3418, "chronic_disease_burden_score": 0.09288248494191674, "preventive_care_gap_score": -1.0805255973395265, "health_need_score": -0.49382155619880486, "need_intensity": 0.11655007209450885, "priority_weighted_population": 398.36814641903123, "health_priority_rank": 1211 }, "geometry": { "type": "Point", "coordinates": [ -77.1381524, 38.929091 ] } },
{ "type": "Feature", "properties": { "LocationID": "51059421101", "StateAbbr": "VA", "CountyName": "Fairfax", "CountyFIPS": 51059, "lon": -77.1731098, "lat": 38.7514882, "TotalPopulation": 5912, "chronic_disease_burden_score": -0.56298900496373028, "preventive_care_gap_score": -0.42807057701877294, "health_need_score": -0.49552979099125161, "need_intensity": 0.11608788471752421, "priority_weighted_population": 686.31157445000315, "health_priority_rank": 1212 }, "geometry": { "type": "Point", "coordinates": [ -77.1731098, 38.7514882 ] } },
{ "type": "Feature", "properties": { "LocationID": "51059480802", "StateAbbr": "VA", "CountyName": "Fairfax", "CountyFIPS": 51059, "lon": -77.3721513, "lat": 38.9698035, "TotalPopulation": 3910, "chronic_disease_burden_score": -0.60231288042150188, "preventive_care_gap_score": -0.38950445372747594, "health_need_score": -0.49590866707448888, "need_intensity": 0.11598537436948075, "priority_weighted_population": 453.50281378466974, "health_priority_rank": 1213 }, "geometry": { "type": "Point", "coordinates": [ -77.3721513, 38.9698035 ] } },
{ "type": "Feature", "properties": { "LocationID": "11001001100", "StateAbbr": "DC", "CountyName": "District of Columbia", "CountyFIPS": 11001, "lon": -77.0776732, "lat": 38.9572432, "TotalPopulation": 5300, "chronic_disease_burden_score": -0.18470224383980083, "preventive_care_gap_score": -0.81610295281980161, "health_need_score": -0.50040259832980127, "need_intensity": 0.11476947693639598, "priority_weighted_population": 608.27822776289872, "health_priority_rank": 1214 }, "geometry": { "type": "Point", "coordinates": [ -77.0776732, 38.9572432 ] } },
{ "type": "Feature", "properties": { "LocationID": "51059461000", "StateAbbr": "VA", "CountyName": "Fairfax", "CountyFIPS": 51059, "lon": -77.2747173, "lat": 38.9020855, "TotalPopulation": 2530, "chronic_disease_burden_score": -0.20471184646811694, "preventive_care_gap_score": -0.79855082163321756, "health_need_score": -0.50163133405066729, "need_intensity": 0.11443702489739907, "priority_weighted_population": 289.52567299041965, "health_priority_rank": 1215 }, "geometry": { "type": "Point", "coordinates": [ -77.2747173, 38.9020855 ] } },
{ "type": "Feature", "properties": { "LocationID": "11001010602", "StateAbbr": "DC", "CountyName": "District of Columbia", "CountyFIPS": 11001, "lon": -76.9994636, "lat": 38.9033936, "TotalPopulation": 6594, "chronic_disease_burden_score": -1.4363998103087181, "preventive_care_gap_score": 0.42950711820425996, "health_need_score": -0.50344634605222904, "need_intensity": 0.11394594741794092, "priority_weighted_population": 751.35957727390246, "health_priority_rank": 1216 }, "geometry": { "type": "Point", "coordinates": [ -76.9994636, 38.9033936 ] } },
{ "type": "Feature", "properties": { "LocationID": "51107611012", "StateAbbr": "VA", "CountyName": "Loudoun", "CountyFIPS": 51107, "lon": -77.4984735, "lat": 39.0656193, "TotalPopulation": 4509, "chronic_disease_burden_score": -0.52810666987301458, "preventive_care_gap_score": -0.47881350812944579, "health_need_score": -0.50346008900123018, "need_intensity": 0.11394222906635428, "priority_weighted_population": 513.7655108601914, "health_priority_rank": 1217 }, "geometry": { "type": "Point", "coordinates": [ -77.4984735, 39.0656193 ] } },
{ "type": "Feature", "properties": { "LocationID": "51107611811", "StateAbbr": "VA", "CountyName": "Loudoun", "CountyFIPS": 51107, "lon": -77.5498926, "lat": 38.928686, "TotalPopulation": 8098, "chronic_disease_burden_score": -0.82315643978786246, "preventive_care_gap_score": -0.18565732719256978, "health_need_score": -0.50440688349021612, "need_intensity": 0.11368606026371496, "priority_weighted_population": 920.62971601556376, "health_priority_rank": 1218 }, "geometry": { "type": "Point", "coordinates": [ -77.5498926, 38.928686 ] } },
{ "type": "Feature", "properties": { "LocationID": "51059440201", "StateAbbr": "VA", "CountyName": "Fairfax", "CountyFIPS": 51059, "lon": -77.2221663, "lat": 38.8732853, "TotalPopulation": 4133, "chronic_disease_burden_score": -1.1182240647683885, "preventive_care_gap_score": 0.10902276871440046, "health_need_score": -0.504600648026994, "need_intensity": 0.11363363449449283, "priority_weighted_population": 469.6478113657389, "health_priority_rank": 1219 }, "geometry": { "type": "Point", "coordinates": [ -77.2221663, 38.8732853 ] } },
{ "type": "Feature", "properties": { "LocationID": "51510202001", "StateAbbr": "VA", "CountyName": "Alexandria", "CountyFIPS": 51510, "lon": -77.0439449, "lat": 38.800584, "TotalPopulation": 2379, "chronic_disease_burden_score": 0.22144175000031996, "preventive_care_gap_score": -1.232344290827059, "health_need_score": -0.50545127041336957, "need_intensity": 0.11340348643094694, "priority_weighted_population": 269.7868942192228, "health_priority_rank": 1220 }, "geometry": { "type": "Point", "coordinates": [ -77.0439449, 38.800584 ] } },
{ "type": "Feature", "properties": { "LocationID": "11001001600", "StateAbbr": "DC", "CountyName": "District of Columbia", "CountyFIPS": 11001, "lon": -77.0382324, "lat": 38.9849725, "TotalPopulation": 4471, "chronic_disease_burden_score": 0.10484620139988779, "preventive_care_gap_score": -1.116492807931581, "health_need_score": -0.50582330326584657, "need_intensity": 0.11330282761694856, "priority_weighted_population": 506.57694227537701, "health_priority_rank": 1221 }, "geometry": { "type": "Point", "coordinates": [ -77.0382324, 38.9849725 ] } },
{ "type": "Feature", "properties": { "LocationID": "51059430101", "StateAbbr": "VA", "CountyName": "Fairfax", "CountyFIPS": 51059, "lon": -77.3165912, "lat": 38.8096896, "TotalPopulation": 4718, "chronic_disease_burden_score": -0.080795436003378587, "preventive_care_gap_score": -0.93254250854523568, "health_need_score": -0.50666897227430718, "need_intensity": 0.11307401976070663, "priority_weighted_population": 533.48322523101388, "health_priority_rank": 1222 }, "geometry": { "type": "Point", "coordinates": [ -77.3165912, 38.8096896 ] } },
{ "type": "Feature", "properties": { "LocationID": "51059420503", "StateAbbr": "VA", "CountyName": "Fairfax", "CountyFIPS": 51059, "lon": -77.0749248, "lat": 38.7895702, "TotalPopulation": 3505, "chronic_disease_burden_score": -0.85318303534939521, "preventive_care_gap_score": -0.16145521803143048, "health_need_score": -0.5073191266904129, "need_intensity": 0.11289811117627577, "priority_weighted_population": 395.70787967284656, "health_priority_rank": 1223 }, "geometry": { "type": "Point", "coordinates": [ -77.0749248, 38.7895702 ] } },
{ "type": "Feature", "properties": { "LocationID": "11001001702", "StateAbbr": "DC", "CountyName": "District of Columbia", "CountyFIPS": 11001, "lon": -77.0160682, "lat": 38.9717231, "TotalPopulation": 3356, "chronic_disease_burden_score": -0.56741412716657647, "preventive_care_gap_score": -0.44728756794712243, "health_need_score": -0.50735084755684945, "need_intensity": 0.11288952864176774, "priority_weighted_population": 378.85725812177253, "health_priority_rank": 1224 }, "geometry": { "type": "Point", "coordinates": [ -77.0160682, 38.9717231 ] } },
{ "type": "Feature", "properties": { "LocationID": "24031701006", "StateAbbr": "MD", "CountyName": "Montgomery", "CountyFIPS": 24031, "lon": -77.182253, "lat": 39.0802814, "TotalPopulation": 5550, "chronic_disease_burden_score": -0.0013114344651778671, "preventive_care_gap_score": -1.0153367449495343, "health_need_score": -0.5083240897073561, "need_intensity": 0.11262620404569786, "priority_weighted_population": 625.07543245362308, "health_priority_rank": 1225 }, "geometry": { "type": "Point", "coordinates": [ -77.182253, 39.0802814 ] } },
{ "type": "Feature", "properties": { "LocationID": "51059492203", "StateAbbr": "VA", "CountyName": "Fairfax", "CountyFIPS": 51059, "lon": -77.2643325, "lat": 38.7212462, "TotalPopulation": 4014, "chronic_disease_burden_score": -0.085443109597017522, "preventive_care_gap_score": -0.9321032092531496, "health_need_score": -0.50877315942508361, "need_intensity": 0.11250470180500036, "priority_weighted_population": 451.59387304527144, "health_priority_rank": 1226 }, "geometry": { "type": "Point", "coordinates": [ -77.2643325, 38.7212462 ] } },
{ "type": "Feature", "properties": { "LocationID": "24031701314", "StateAbbr": "MD", "CountyName": "Montgomery", "CountyFIPS": 24031, "lon": -77.0606903, "lat": 39.147117, "TotalPopulation": 2885, "chronic_disease_burden_score": -0.23919100250449132, "preventive_care_gap_score": -0.78074563608753733, "health_need_score": -0.50996831929601427, "need_intensity": 0.11218133419285171, "priority_weighted_population": 323.6431491463772, "health_priority_rank": 1227 }, "geometry": { "type": "Point", "coordinates": [ -77.0606903, 39.147117 ] } },
{ "type": "Feature", "properties": { "LocationID": "51510202002", "StateAbbr": "VA", "CountyName": "Alexandria", "CountyFIPS": 51510, "lon": -77.042343, "lat": 38.7921158, "TotalPopulation": 2430, "chronic_disease_burden_score": -0.084299675816719058, "preventive_care_gap_score": -0.93870732520259326, "health_need_score": -0.51150350050965621, "need_intensity": 0.11176596893892607, "priority_weighted_population": 271.59130452159036, "health_priority_rank": 1228 }, "geometry": { "type": "Point", "coordinates": [ -77.042343, 38.7921158 ] } },
{ "type": "Feature", "properties": { "LocationID": "51107611812", "StateAbbr": "VA", "CountyName": "Loudoun", "CountyFIPS": 51107, "lon": -77.5340828, "lat": 38.9444257, "TotalPopulation": 3241, "chronic_disease_burden_score": -1.1931612659456761, "preventive_care_gap_score": 0.1691901181330554, "health_need_score": -0.51198557390631039, "need_intensity": 0.1116355370804375, "priority_weighted_population": 361.8107756776979, "health_priority_rank": 1229 }, "geometry": { "type": "Point", "coordinates": [ -77.5340828, 38.9444257 ] } },
{ "type": "Feature", "properties": { "LocationID": "24031705701", "StateAbbr": "MD", "CountyName": "Montgomery", "CountyFIPS": 24031, "lon": -77.115724, "lat": 38.9658091, "TotalPopulation": 4652, "chronic_disease_burden_score": -0.16556066004777931, "preventive_care_gap_score": -0.86233147456602621, "health_need_score": -0.51394606730690273, "need_intensity": 0.11110509752586221, "priority_weighted_population": 516.86091369031101, "health_priority_rank": 1230 }, "geometry": { "type": "Point", "coordinates": [ -77.115724, 38.9658091 ] } },
{ "type": "Feature", "properties": { "LocationID": "51059470500", "StateAbbr": "VA", "CountyName": "Fairfax", "CountyFIPS": 51059, "lon": -77.1813634, "lat": 38.9451371, "TotalPopulation": 5717, "chronic_disease_burden_score": 0.017432583995544589, "preventive_care_gap_score": -1.0460117114748793, "health_need_score": -0.51428956373966739, "need_intensity": 0.11101215964872434, "priority_weighted_population": 634.65651671175704, "health_priority_rank": 1231 }, "geometry": { "type": "Point", "coordinates": [ -77.1813634, 38.9451371 ] } },
{ "type": "Feature", "properties": { "LocationID": "51059482002", "StateAbbr": "VA", "CountyName": "Fairfax", "CountyFIPS": 51059, "lon": -77.345466, "lat": 38.972905, "TotalPopulation": 3545, "chronic_disease_burden_score": -0.049739237084301856, "preventive_care_gap_score": -0.97930602363832775, "health_need_score": -0.51452263036131485, "need_intensity": 0.11094910013781974, "priority_weighted_population": 393.31455998857098, "health_priority_rank": 1232 }, "geometry": { "type": "Point", "coordinates": [ -77.345466, 38.972905 ] } },
{ "type": "Feature", "properties": { "LocationID": "11001002600", "StateAbbr": "DC", "CountyName": "District of Columbia", "CountyFIPS": 11001, "lon": -77.0404553, "lat": 38.9464323, "TotalPopulation": 2592, "chronic_disease_burden_score": -0.29894528113513885, "preventive_care_gap_score": -0.73112878510954604, "health_need_score": -0.51503703312234239, "need_intensity": 0.1108099211069955, "priority_weighted_population": 287.21931550933232, "health_priority_rank": 1233 }, "geometry": { "type": "Point", "coordinates": [ -77.0404553, 38.9464323 ] } },
{ "type": "Feature", "properties": { "LocationID": "51013102500", "StateAbbr": "VA", "CountyName": "Arlington", "CountyFIPS": 51013, "lon": -77.0800458, "lat": 38.8661713, "TotalPopulation": 5291, "chronic_disease_burden_score": -0.8881678306033719, "preventive_care_gap_score": -0.14334040769103151, "health_need_score": -0.51575411914720171, "need_intensity": 0.11061590321767049, "priority_weighted_population": 585.2687439246946, "health_priority_rank": 1234 }, "geometry": { "type": "Point", "coordinates": [ -77.0800458, 38.8661713 ] } },
{ "type": "Feature", "properties": { "LocationID": "51059491703", "StateAbbr": "VA", "CountyName": "Fairfax", "CountyFIPS": 51059, "lon": -77.3569829, "lat": 38.8547254, "TotalPopulation": 5035, "chronic_disease_burden_score": -1.1105404989328453, "preventive_care_gap_score": 0.078720714394822255, "health_need_score": -0.51590989226901152, "need_intensity": 0.11057375656962637, "priority_weighted_population": 556.73886432806876, "health_priority_rank": 1235 }, "geometry": { "type": "Point", "coordinates": [ -77.3569829, 38.8547254 ] } },
{ "type": "Feature", "properties": { "LocationID": "51059461801", "StateAbbr": "VA", "CountyName": "Fairfax", "CountyFIPS": 51059, "lon": -77.2915199, "lat": 38.8740065, "TotalPopulation": 1385, "chronic_disease_burden_score": -0.70372866676587853, "preventive_care_gap_score": -0.32836757738663308, "health_need_score": -0.51604812207625583, "need_intensity": 0.11053635651647568, "priority_weighted_population": 153.09285377531882, "health_priority_rank": 1236 }, "geometry": { "type": "Point", "coordinates": [ -77.2915199, 38.8740065 ] } },
{ "type": "Feature", "properties": { "LocationID": "51059481702", "StateAbbr": "VA", "CountyName": "Fairfax", "CountyFIPS": 51059, "lon": -77.3542665, "lat": 38.8713315, "TotalPopulation": 4787, "chronic_disease_burden_score": -0.65762981140279342, "preventive_care_gap_score": -0.37452146750535897, "health_need_score": -0.5160756394540762, "need_intensity": 0.11052891129598695, "priority_weighted_population": 529.10189837388953, "health_priority_rank": 1237 }, "geometry": { "type": "Point", "coordinates": [ -77.3542665, 38.8713315 ] } },
{ "type": "Feature", "properties": { "LocationID": "24031706010", "StateAbbr": "MD", "CountyName": "Montgomery", "CountyFIPS": 24031, "lon": -77.1669436, "lat": 39.0254825, "TotalPopulation": 3147, "chronic_disease_burden_score": -0.11853819281057741, "preventive_care_gap_score": -0.91395356678053163, "health_need_score": -0.51624587979555447, "need_intensity": 0.11048285033455899, "priority_weighted_population": 347.68953000285711, "health_priority_rank": 1238 }, "geometry": { "type": "Point", "coordinates": [ -77.1669436, 39.0254825 ] } },
{ "type": "Feature", "properties": { "LocationID": "51510201804", "StateAbbr": "VA", "CountyName": "Alexandria", "CountyFIPS": 51510, "lon": -77.0488125, "lat": 38.8312553, "TotalPopulation": 3710, "chronic_disease_burden_score": -0.93856463505715737, "preventive_care_gap_score": -0.097310722644578559, "health_need_score": -0.51793767885086794, "need_intensity": 0.11002510988153821, "priority_weighted_population": 408.19315766050676, "health_priority_rank": 1239 }, "geometry": { "type": "Point", "coordinates": [ -77.0488125, 38.8312553 ] } },
{ "type": "Feature", "properties": { "LocationID": "11001002501", "StateAbbr": "DC", "CountyName": "District of Columbia", "CountyFIPS": 11001, "lon": -77.0317348, "lat": 38.9446515, "TotalPopulation": 2688, "chronic_disease_burden_score": -0.5338427485882794, "preventive_care_gap_score": -0.50597477481858089, "health_need_score": -0.51990876170343014, "need_intensity": 0.10949180519914133, "priority_weighted_population": 294.31397237529188, "health_priority_rank": 1240 }, "geometry": { "type": "Point", "coordinates": [ -77.0317348, 38.9446515 ] } },
{ "type": "Feature", "properties": { "LocationID": "11001000802", "StateAbbr": "DC", "CountyName": "District of Columbia", "CountyFIPS": 11001, "lon": -77.0896118, "lat": 38.9126765, "TotalPopulation": 3327, "chronic_disease_burden_score": -0.67407921528108095, "preventive_care_gap_score": -0.36856760437519331, "health_need_score": -0.52132340982813719, "need_intensity": 0.10910905189789398, "priority_weighted_population": 363.00581566429327, "health_priority_rank": 1241 }, "geometry": { "type": "Point", "coordinates": [ -77.0896118, 38.9126765 ] } },
{ "type": "Feature", "properties": { "LocationID": "51510200704", "StateAbbr": "VA", "CountyName": "Alexandria", "CountyFIPS": 51510, "lon": -77.067989, "lat": 38.8013013, "TotalPopulation": 2906, "chronic_disease_burden_score": -1.0917868953058638, "preventive_care_gap_score": 0.047411591838189486, "health_need_score": -0.52218765173383719, "need_intensity": 0.1088752188784274, "priority_weighted_population": 316.39138606071003, "health_priority_rank": 1242 }, "geometry": { "type": "Point", "coordinates": [ -77.067989, 38.8013013 ] } },
{ "type": "Feature", "properties": { "LocationID": "24031700829", "StateAbbr": "MD", "CountyName": "Montgomery", "CountyFIPS": 24031, "lon": -77.2211774, "lat": 39.1269866, "TotalPopulation": 3498, "chronic_disease_burden_score": -0.59353031579966364, "preventive_care_gap_score": -0.45304392062647675, "health_need_score": -0.52328711821307017, "need_intensity": 0.10857774248328188, "priority_weighted_population": 379.80494320652002, "health_priority_rank": 1243 }, "geometry": { "type": "Point", "coordinates": [ -77.2211774, 39.1269866 ] } },
{ "type": "Feature", "properties": { "LocationID": "24031705200", "StateAbbr": "MD", "CountyName": "Montgomery", "CountyFIPS": 24031, "lon": -77.065309, "lat": 38.9837902, "TotalPopulation": 3344, "chronic_disease_burden_score": 0.051334784163953422, "preventive_care_gap_score": -1.0980819102953754, "health_need_score": -0.52337356306571103, "need_intensity": 0.10855435359091616, "priority_weighted_population": 363.00575840802361, "health_priority_rank": 1244 }, "geometry": { "type": "Point", "coordinates": [ -77.065309, 38.9837902 ] } },
{ "type": "Feature", "properties": { "LocationID": "51013101705", "StateAbbr": "VA", "CountyName": "Arlington", "CountyFIPS": 51013, "lon": -77.0755724, "lat": 38.8927606, "TotalPopulation": 4175, "chronic_disease_burden_score": -1.0011021139543437, "preventive_care_gap_score": -0.046599321880103219, "health_need_score": -0.52385071791722349, "need_intensity": 0.10842525251522611, "priority_weighted_population": 452.67542925106903, "health_priority_rank": 1245 }, "geometry": { "type": "Point", "coordinates": [ -77.0755724, 38.8927606 ] } },
{ "type": "Feature", "properties": { "LocationID": "51059491101", "StateAbbr": "VA", "CountyName": "Fairfax", "CountyFIPS": 51059, "lon": -77.4842191, "lat": 38.8569742, "TotalPopulation": 3765, "chronic_disease_burden_score": -0.2172030563382216, "preventive_care_gap_score": -0.83057508618322928, "health_need_score": -0.52388907126072548, "need_intensity": 0.10841487546910215, "priority_weighted_population": 408.18200614116961, "health_priority_rank": 1246 }, "geometry": { "type": "Point", "coordinates": [ -77.4842191, 38.8569742 ] } },
{ "type": "Feature", "properties": { "LocationID": "51059491404", "StateAbbr": "VA", "CountyName": "Fairfax", "CountyFIPS": 51059, "lon": -77.4383709, "lat": 38.8131237, "TotalPopulation": 4006, "chronic_disease_burden_score": -0.67264644095319737, "preventive_care_gap_score": -0.37550792266115102, "health_need_score": -0.52407718180717422, "need_intensity": 0.10836397946790213, "priority_weighted_population": 434.10610174841594, "health_priority_rank": 1247 }, "geometry": { "type": "Point", "coordinates": [ -77.4383709, 38.8131237 ] } },
{ "type": "Feature", "properties": { "LocationID": "51059482603", "StateAbbr": "VA", "CountyName": "Fairfax", "CountyFIPS": 51059, "lon": -77.3772411, "lat": 38.8788529, "TotalPopulation": 3501, "chronic_disease_burden_score": -0.37086657152870167, "preventive_care_gap_score": -0.67810415539777624, "health_need_score": -0.52448536346323893, "need_intensity": 0.10825354007761225, "priority_weighted_population": 378.99564381172047, "health_priority_rank": 1248 }, "geometry": { "type": "Point", "coordinates": [ -77.3772411, 38.8788529 ] } },
{ "type": "Feature", "properties": { "LocationID": "11001001003", "StateAbbr": "DC", "CountyName": "District of Columbia", "CountyFIPS": 11001, "lon": -77.0930741, "lat": 38.9492362, "TotalPopulation": 3111, "chronic_disease_burden_score": -0.21133415538040914, "preventive_care_gap_score": -0.83776200090966835, "health_need_score": -0.52454807814503879, "need_intensity": 0.10823657172267201, "priority_weighted_population": 336.7239746292326, "health_priority_rank": 1249 }, "geometry": { "type": "Point", "coordinates": [ -77.0930741, 38.9492362 ] } },
{ "type": "Feature", "properties": { "LocationID": "51059491405", "StateAbbr": "VA", "CountyName": "Fairfax", "CountyFIPS": 51059, "lon": -77.4270519, "lat": 38.8098819, "TotalPopulation": 2761, "chronic_disease_burden_score": -0.22962965757636092, "preventive_care_gap_score": -0.82051014022083935, "health_need_score": -0.52506989889860012, "need_intensity": 0.10809538564777699, "priority_weighted_population": 298.45135977351225, "health_priority_rank": 1250 }, "geometry": { "type": "Point", "coordinates": [ -77.4270519, 38.8098819 ] } },
{ "type": "Feature", "properties": { "LocationID": "51059460200", "StateAbbr": "VA", "CountyName": "Fairfax", "CountyFIPS": 51059, "lon": -77.2889423, "lat": 38.9273764, "TotalPopulation": 3970, "chronic_disease_burden_score": 0.027975654795204589, "preventive_care_gap_score": -1.0811601532039365, "health_need_score": -0.52659224920436598, "need_intensity": 0.10768349197965547, "priority_weighted_population": 427.50346315923224, "health_priority_rank": 1251 }, "geometry": { "type": "Point", "coordinates": [ -77.2889423, 38.9273764 ] } },
{ "type": "Feature", "properties": { "LocationID": "51510200701", "StateAbbr": "VA", "CountyName": "Alexandria", "CountyFIPS": 51510, "lon": -77.0816421, "lat": 38.8035955, "TotalPopulation": 951, "chronic_disease_burden_score": -1.319109034806943, "preventive_care_gap_score": 0.26061801202970486, "health_need_score": -0.52924551138861908, "need_intensity": 0.10696561391346998, "priority_weighted_population": 101.72429883170996, "health_priority_rank": 1252 }, "geometry": { "type": "Point", "coordinates": [ -77.0816421, 38.8035955 ] } },
{ "type": "Feature", "properties": { "LocationID": "24031700608", "StateAbbr": "MD", "CountyName": "Montgomery", "CountyFIPS": 24031, "lon": -77.2582656, "lat": 39.0580546, "TotalPopulation": 5800, "chronic_disease_burden_score": -0.26890424629567344, "preventive_care_gap_score": -0.79721707330749392, "health_need_score": -0.53306065980158368, "need_intensity": 0.1059333708953603, "priority_weighted_population": 614.41355119308969, "health_priority_rank": 1253 }, "geometry": { "type": "Point", "coordinates": [ -77.2582656, 39.0580546 ] } },
{ "type": "Feature", "properties": { "LocationID": "24031705800", "StateAbbr": "MD", "CountyName": "Montgomery", "CountyFIPS": 24031, "lon": -77.1596982, "lat": 38.9660822, "TotalPopulation": 6489, "chronic_disease_burden_score": -0.051411002173201048, "preventive_care_gap_score": -1.0149245874350474, "health_need_score": -0.53316779480412424, "need_intensity": 0.10590438398675359, "priority_weighted_population": 687.21354769004404, "health_priority_rank": 1254 }, "geometry": { "type": "Point", "coordinates": [ -77.1596982, 38.9660822 ] } },
{ "type": "Feature", "properties": { "LocationID": "51510200900", "StateAbbr": "VA", "CountyName": "Alexandria", "CountyFIPS": 51510, "lon": -77.0753683, "lat": 38.8260244, "TotalPopulation": 5078, "chronic_disease_burden_score": -0.086187277212874794, "preventive_care_gap_score": -0.9811689283969619, "health_need_score": -0.53367810280491834, "need_intensity": 0.10576631285192821, "priority_weighted_population": 537.08133666209142, "health_priority_rank": 1255 }, "geometry": { "type": "Point", "coordinates": [ -77.0753683, 38.8260244 ] } },
{ "type": "Feature", "properties": { "LocationID": "51013103200", "StateAbbr": "VA", "CountyName": "Arlington", "CountyFIPS": 51013, "lon": -77.0833651, "lat": 38.8597977, "TotalPopulation": 5520, "chronic_disease_burden_score": -0.87410588076501738, "preventive_care_gap_score": -0.19393165889646677, "health_need_score": -0.53401876983074203, "need_intensity": 0.10567414051134201, "priority_weighted_population": 583.32125562260785, "health_priority_rank": 1256 }, "geometry": { "type": "Point", "coordinates": [ -77.0833651, 38.8597977 ] } },
{ "type": "Feature", "properties": { "LocationID": "51013101300", "StateAbbr": "VA", "CountyName": "Arlington", "CountyFIPS": 51013, "lon": -77.1228324, "lat": 38.8738117, "TotalPopulation": 6940, "chronic_disease_burden_score": -0.67886326472446579, "preventive_care_gap_score": -0.39145505199343861, "health_need_score": -0.53515915835895222, "need_intensity": 0.10536559207003442, "priority_weighted_population": 731.23720896603891, "health_priority_rank": 1257 }, "geometry": { "type": "Point", "coordinates": [ -77.1228324, 38.8738117 ] } },
{ "type": "Feature", "properties": { "LocationID": "51059460400", "StateAbbr": "VA", "CountyName": "Fairfax", "CountyFIPS": 51059, "lon": -77.2523996, "lat": 38.9232301, "TotalPopulation": 5134, "chronic_disease_burden_score": -0.27187048148698262, "preventive_care_gap_score": -0.79850546237324338, "health_need_score": -0.53518797193011303, "need_intensity": 0.10535779614588203, "priority_weighted_population": 540.90692541295834, "health_priority_rank": 1258 }, "geometry": { "type": "Point", "coordinates": [ -77.2523996, 38.9232301 ] } },
{ "type": "Feature", "properties": { "LocationID": "24031706011", "StateAbbr": "MD", "CountyName": "Montgomery", "CountyFIPS": 24031, "lon": -77.1759645, "lat": 39.0379466, "TotalPopulation": 5578, "chronic_disease_burden_score": -0.061050436322176133, "preventive_care_gap_score": -1.0099025515746747, "health_need_score": -0.53547649394842545, "need_intensity": 0.10527973238354926, "priority_weighted_population": 587.25034723543774, "health_priority_rank": 1259 }, "geometry": { "type": "Point", "coordinates": [ -77.1759645, 39.0379466 ] } },
{ "type": "Feature", "properties": { "LocationID": "51059492000", "StateAbbr": "VA", "CountyName": "Fairfax", "CountyFIPS": 51059, "lon": -77.3516158, "lat": 38.803927, "TotalPopulation": 6550, "chronic_disease_burden_score": 0.01791425045451105, "preventive_care_gap_score": -1.0897864019523538, "health_need_score": -0.53593607574892133, "need_intensity": 0.1051553859483752, "priority_weighted_population": 688.76777796185752, "health_priority_rank": 1260 }, "geometry": { "type": "Point", "coordinates": [ -77.3516158, 38.803927 ] } },
{ "type": "Feature", "properties": { "LocationID": "11001003701", "StateAbbr": "DC", "CountyName": "District of Columbia", "CountyFIPS": 11001, "lon": -77.0342887, "lat": 38.9214487, "TotalPopulation": 2916, "chronic_disease_burden_score": -1.3771372104677535, "preventive_care_gap_score": 0.30440607411087167, "health_need_score": -0.53636556817844094, "need_intensity": 0.10503918062325704, "priority_weighted_population": 306.29425069741751, "health_priority_rank": 1261 }, "geometry": { "type": "Point", "coordinates": [ -77.0342887, 38.9214487 ] } },
{ "type": "Feature", "properties": { "LocationID": "51059415600", "StateAbbr": "VA", "CountyName": "Fairfax", "CountyFIPS": 51059, "lon": -77.0496127, "lat": 38.7491985, "TotalPopulation": 2754, "chronic_disease_burden_score": 0.18373169625148111, "preventive_care_gap_score": -1.2568798287321434, "health_need_score": -0.5365740662403311, "need_intensity": 0.104982768487901, "priority_weighted_population": 289.12254441567939, "health_priority_rank": 1262 }, "geometry": { "type": "Point", "coordinates": [ -77.0496127, 38.7491985 ] } },
{ "type": "Feature", "properties": { "LocationID": "11001005003", "StateAbbr": "DC", "CountyName": "District of Columbia", "CountyFIPS": 11001, "lon": -77.0307609, "lat": 38.9074041, "TotalPopulation": 2143, "chronic_disease_burden_score": -1.1693939716510571, "preventive_care_gap_score": 0.095647843141273253, "health_need_score": -0.5368730642548919, "need_intensity": 0.10490187029481625, "priority_weighted_population": 224.80470804179123, "health_priority_rank": 1263 }, "geometry": { "type": "Point", "coordinates": [ -77.0307609, 38.9074041 ] } },
{ "type": "Feature", "properties": { "LocationID": "24031700314", "StateAbbr": "MD", "CountyName": "Montgomery", "CountyFIPS": 24031, "lon": -77.2613337, "lat": 39.209673, "TotalPopulation": 3839, "chronic_disease_burden_score": -0.55185467127427834, "preventive_care_gap_score": -0.52301752603569396, "health_need_score": -0.53743609865498621, "need_intensity": 0.10474953327786615, "priority_weighted_population": 402.13345825372818, "health_priority_rank": 1264 }, "geometry": { "type": "Point", "coordinates": [ -77.2613337, 39.209673 ] } },
{ "type": "Feature", "properties": { "LocationID": "24031704401", "StateAbbr": "MD", "CountyName": "Montgomery", "CountyFIPS": 24031, "lon": -77.1147298, "lat": 39.0218818, "TotalPopulation": 3664, "chronic_disease_burden_score": -0.14415437064759126, "preventive_care_gap_score": -0.93095457383796643, "health_need_score": -0.53755447224277886, "need_intensity": 0.1047175056091358, "priority_weighted_population": 383.68494055187358, "health_priority_rank": 1265 }, "geometry": { "type": "Point", "coordinates": [ -77.1147298, 39.0218818 ] } },
{ "type": "Feature", "properties": { "LocationID": "11001006802", "StateAbbr": "DC", "CountyName": "District of Columbia", "CountyFIPS": 11001, "lon": -76.9814483, "lat": 38.8832158, "TotalPopulation": 2580, "chronic_disease_burden_score": -0.80721317160194139, "preventive_care_gap_score": -0.2730286577028152, "health_need_score": -0.54012091465237833, "need_intensity": 0.10402311787583368, "priority_weighted_population": 268.37964411965089, "health_priority_rank": 1266 }, "geometry": { "type": "Point", "coordinates": [ -76.9814483, 38.8832158 ] } },
{ "type": "Feature", "properties": { "LocationID": "51059491501", "StateAbbr": "VA", "CountyName": "Fairfax", "CountyFIPS": 51059, "lon": -77.4170951, "lat": 38.8448545, "TotalPopulation": 7696, "chronic_disease_burden_score": -0.95334096907074184, "preventive_care_gap_score": -0.12850892013967322, "health_need_score": -0.54092494460520757, "need_intensity": 0.10380557606216827, "priority_weighted_population": 798.887713374447, "health_priority_rank": 1267 }, "geometry": { "type": "Point", "coordinates": [ -77.4170951, 38.8448545 ] } },
{ "type": "Feature", "properties": { "LocationID": "24031705400", "StateAbbr": "MD", "CountyName": "Montgomery", "CountyFIPS": 24031, "lon": -77.0836487, "lat": 38.9786948, "TotalPopulation": 2904, "chronic_disease_burden_score": 0.038381949096824186, "preventive_care_gap_score": -1.1202882975930786, "health_need_score": -0.54095317424812717, "need_intensity": 0.10379793812816066, "priority_weighted_population": 301.42921232417854, "health_priority_rank": 1268 }, "geometry": { "type": "Point", "coordinates": [ -77.0836487, 38.9786948 ] } },
{ "type": "Feature", "properties": { "LocationID": "11001003600", "StateAbbr": "DC", "CountyName": "District of Columbia", "CountyFIPS": 11001, "lon": -77.0296273, "lat": 38.9236744, "TotalPopulation": 4775, "chronic_disease_burden_score": -1.1004218825516108, "preventive_care_gap_score": 0.016361505368287621, "health_need_score": -0.54203018859166163, "need_intensity": 0.10350653647973734, "priority_weighted_population": 494.24371169074584, "health_priority_rank": 1269 }, "geometry": { "type": "Point", "coordinates": [ -77.0296273, 38.9236744 ] } },
{ "type": "Feature", "properties": { "LocationID": "51059481106", "StateAbbr": "VA", "CountyName": "Fairfax", "CountyFIPS": 51059, "lon": -77.3832159, "lat": 38.9242274, "TotalPopulation": 5362, "chronic_disease_burden_score": -0.25654272505834846, "preventive_care_gap_score": -0.830142950212853, "health_need_score": -0.54334283763560076, "need_intensity": 0.10315138048993887, "priority_weighted_population": 553.09770218705216, "health_priority_rank": 1270 }, "geometry": { "type": "Point", "coordinates": [ -77.3832159, 38.9242274 ] } },
{ "type": "Feature", "properties": { "LocationID": "51059482400", "StateAbbr": "VA", "CountyName": "Fairfax", "CountyFIPS": 51059, "lon": -77.3106466, "lat": 38.9404043, "TotalPopulation": 2344, "chronic_disease_burden_score": -0.11824624850187422, "preventive_care_gap_score": -0.97043509914869874, "health_need_score": -0.5443406738252865, "need_intensity": 0.10288140162449812, "priority_weighted_population": 241.15400540782358, "health_priority_rank": 1271 }, "geometry": { "type": "Point", "coordinates": [ -77.3106466, 38.9404043 ] } },
{ "type": "Feature", "properties": { "LocationID": "51059491701", "StateAbbr": "VA", "CountyName": "Fairfax", "CountyFIPS": 51059, "lon": -77.3794583, "lat": 38.8611759, "TotalPopulation": 4127, "chronic_disease_burden_score": -0.74426429908831082, "preventive_care_gap_score": -0.34584658796184842, "health_need_score": -0.54505544352507962, "need_intensity": 0.10268801045007865, "priority_weighted_population": 423.79341912747458, "health_priority_rank": 1272 }, "geometry": { "type": "Point", "coordinates": [ -77.3794583, 38.8611759 ] } },
{ "type": "Feature", "properties": { "LocationID": "51059461802", "StateAbbr": "VA", "CountyName": "Fairfax", "CountyFIPS": 51059, "lon": -77.3040196, "lat": 38.8720349, "TotalPopulation": 5448, "chronic_disease_burden_score": -0.681682989124205, "preventive_care_gap_score": -0.41003694517751199, "health_need_score": -0.54585996715085849, "need_intensity": 0.10247033506612964, "priority_weighted_population": 558.25838544027431, "health_priority_rank": 1273 }, "geometry": { "type": "Point", "coordinates": [ -77.3040196, 38.8720349 ] } },
{ "type": "Feature", "properties": { "LocationID": "51013101701", "StateAbbr": "VA", "CountyName": "Arlington", "CountyFIPS": 51013, "lon": -77.0813675, "lat": 38.8898621, "TotalPopulation": 5507, "chronic_disease_burden_score": -1.5730801064654047, "preventive_care_gap_score": 0.48050387024179625, "health_need_score": -0.54628811811180422, "need_intensity": 0.10235449269453767, "priority_weighted_population": 563.66619126881892, "health_priority_rank": 1274 }, "geometry": { "type": "Point", "coordinates": [ -77.0813675, 38.8898621 ] } },
{ "type": "Feature", "properties": { "LocationID": "11001004600", "StateAbbr": "DC", "CountyName": "District of Columbia", "CountyFIPS": 11001, "lon": -77.0133001, "lat": 38.9097456, "TotalPopulation": 3543, "chronic_disease_burden_score": -1.0035893973482921, "preventive_care_gap_score": -0.093514081344414857, "health_need_score": -0.54855173934635348, "need_intensity": 0.1017420375651204, "priority_weighted_population": 360.47203909322161, "health_priority_rank": 1275 }, "geometry": { "type": "Point", "coordinates": [ -77.0133001, 38.9097456 ] } },
{ "type": "Feature", "properties": { "LocationID": "51013101401", "StateAbbr": "VA", "CountyName": "Arlington", "CountyFIPS": 51013, "lon": -77.1181079, "lat": 38.8817173, "TotalPopulation": 1938, "chronic_disease_burden_score": -1.6257048224099591, "preventive_care_gap_score": 0.52836102340327029, "health_need_score": -0.54867189950334438, "need_intensity": 0.1017095265145182, "priority_weighted_population": 197.11306238513626, "health_priority_rank": 1276 }, "geometry": { "type": "Point", "coordinates": [ -77.1181079, 38.8817173 ] } },
{ "type": "Feature", "properties": { "LocationID": "51059470800", "StateAbbr": "VA", "CountyName": "Fairfax", "CountyFIPS": 51059, "lon": -77.183044, "lat": 38.920754, "TotalPopulation": 3255, "chronic_disease_burden_score": -0.19345874967653967, "preventive_care_gap_score": -0.90635870301884225, "health_need_score": -0.54990872634769095, "need_intensity": 0.10137488530623678, "priority_weighted_population": 329.97525167180072, "health_priority_rank": 1277 }, "geometry": { "type": "Point", "coordinates": [ -77.183044, 38.920754 ] } },
{ "type": "Feature", "properties": { "LocationID": "11001000904", "StateAbbr": "DC", "CountyName": "District of Columbia", "CountyFIPS": 11001, "lon": -77.1036767, "lat": 38.9366243, "TotalPopulation": 3148, "chronic_disease_burden_score": -0.020557730069621319, "preventive_care_gap_score": -1.0796630873383359, "health_need_score": -0.55011040870397865, "need_intensity": 0.10132031725760035, "priority_weighted_population": 318.95635872692588, "health_priority_rank": 1278 }, "geometry": { "type": "Point", "coordinates": [ -77.1036767, 38.9366243 ] } },
{ "type": "Feature", "properties": { "LocationID": "51059481201", "StateAbbr": "VA", "CountyName": "Fairfax", "CountyFIPS": 51059, "lon": -77.384211, "lat": 38.9476928, "TotalPopulation": 1156, "chronic_disease_burden_score": -0.17970847094713316, "preventive_care_gap_score": -0.92079054930597082, "health_need_score": -0.55024951012655199, "need_intensity": 0.10128268137644497, "priority_weighted_population": 117.08277967117039, "health_priority_rank": 1279 }, "geometry": { "type": "Point", "coordinates": [ -77.384211, 38.9476928 ] } },
{ "type": "Feature", "properties": { "LocationID": "11001000300", "StateAbbr": "DC", "CountyName": "District of Columbia", "CountyFIPS": 11001, "lon": -77.0748728, "lat": 38.9179099, "TotalPopulation": 6161, "chronic_disease_burden_score": -1.1217619564267522, "preventive_care_gap_score": 0.019966216984992742, "health_need_score": -0.55089786972087973, "need_intensity": 0.10110725840673954, "priority_weighted_population": 622.92181904392226, "health_priority_rank": 1280 }, "geometry": { "type": "Point", "coordinates": [ -77.0748728, 38.9179099 ] } },
{ "type": "Feature", "properties": { "LocationID": "24031705000", "StateAbbr": "MD", "CountyName": "Montgomery", "CountyFIPS": 24031, "lon": -77.0906078, "lat": 38.9984654, "TotalPopulation": 5311, "chronic_disease_burden_score": -0.63265891588724799, "preventive_care_gap_score": -0.47024259457046913, "health_need_score": -0.55145075522885856, "need_intensity": 0.10095766731783569, "priority_weighted_population": 536.18617112502534, "health_priority_rank": 1281 }, "geometry": { "type": "Point", "coordinates": [ -77.0906078, 38.9984654 ] } },
{ "type": "Feature", "properties": { "LocationID": "51107611813", "StateAbbr": "VA", "CountyName": "Loudoun", "CountyFIPS": 51107, "lon": -77.5552326, "lat": 38.8946146, "TotalPopulation": 13108, "chronic_disease_burden_score": -0.97475798343166897, "preventive_care_gap_score": -0.12835603291669975, "health_need_score": -0.5515570081741844, "need_intensity": 0.10092891906243533, "priority_weighted_population": 1322.9762710704022, "health_priority_rank": 1282 }, "geometry": { "type": "Point", "coordinates": [ -77.5552326, 38.8946146 ] } },
{ "type": "Feature", "properties": { "LocationID": "51107611807", "StateAbbr": "VA", "CountyName": "Loudoun", "CountyFIPS": 51107, "lon": -77.5341709, "lat": 38.9246882, "TotalPopulation": 7561, "chronic_disease_burden_score": -1.0478098459759513, "preventive_care_gap_score": -0.055498598402586974, "health_need_score": -0.55165422218926907, "need_intensity": 0.10090261641900668, "priority_weighted_population": 762.92468274410953, "health_priority_rank": 1283 }, "geometry": { "type": "Point", "coordinates": [ -77.5341709, 38.9246882 ] } },
{ "type": "Feature", "properties": { "LocationID": "51059460501", "StateAbbr": "VA", "CountyName": "Fairfax", "CountyFIPS": 51059, "lon": -77.2334779, "lat": 38.9101096, "TotalPopulation": 2691, "chronic_disease_burden_score": -0.26703866292703859, "preventive_care_gap_score": -0.83694848071567041, "health_need_score": -0.55199357182135445, "need_intensity": 0.10081080051815526, "priority_weighted_population": 271.28186419435582, "health_priority_rank": 1284 }, "geometry": { "type": "Point", "coordinates": [ -77.2334779, 38.9101096 ] } },
{ "type": "Feature", "properties": { "LocationID": "51059482601", "StateAbbr": "VA", "CountyName": "Fairfax", "CountyFIPS": 51059, "lon": -77.4140799, "lat": 38.8987586, "TotalPopulation": 7321, "chronic_disease_burden_score": -0.54660004132498086, "preventive_care_gap_score": -0.56364329156694226, "health_need_score": -0.5551216664459615, "need_intensity": 0.099964449737864641, "priority_weighted_population": 731.83973653090709, "health_priority_rank": 1285 }, "geometry": { "type": "Point", "coordinates": [ -77.4140799, 38.8987586 ] } },
{ "type": "Feature", "properties": { "LocationID": "24031702603", "StateAbbr": "MD", "CountyName": "Montgomery", "CountyFIPS": 24031, "lon": -77.0314179, "lat": 38.9907396, "TotalPopulation": 2186, "chronic_disease_burden_score": -0.88271210879159834, "preventive_care_gap_score": -0.22838789896233688, "health_need_score": -0.55555000387696762, "need_intensity": 0.099848556914128458, "priority_weighted_population": 218.26894541428481, "health_priority_rank": 1286 }, "geometry": { "type": "Point", "coordinates": [ -77.0314179, 38.9907396 ] } },
{ "type": "Feature", "properties": { "LocationID": "51510201300", "StateAbbr": "VA", "CountyName": "Alexandria", "CountyFIPS": 51510, "lon": -77.0544298, "lat": 38.8235803, "TotalPopulation": 4004, "chronic_disease_burden_score": -0.61492527340821335, "preventive_care_gap_score": -0.49619549063843199, "health_need_score": -0.5555603820233227, "need_intensity": 0.099845748958065847, "priority_weighted_population": 399.78237882809566, "health_priority_rank": 1287 }, "geometry": { "type": "Point", "coordinates": [ -77.0544298, 38.8235803 ] } },
{ "type": "Feature", "properties": { "LocationID": "51059482301", "StateAbbr": "VA", "CountyName": "Fairfax", "CountyFIPS": 51059, "lon": -77.3429557, "lat": 38.9425862, "TotalPopulation": 5387, "chronic_disease_burden_score": -0.30863086761419101, "preventive_care_gap_score": -0.80349668361882187, "health_need_score": -0.55606377561650644, "need_intensity": 0.09970954861520126, "priority_weighted_population": 537.13533839008915, "health_priority_rank": 1288 }, "geometry": { "type": "Point", "coordinates": [ -77.3429557, 38.9425862 ] } },
{ "type": "Feature", "properties": { "LocationID": "51059491403", "StateAbbr": "VA", "CountyName": "Fairfax", "CountyFIPS": 51059, "lon": -77.4259416, "lat": 38.8220549, "TotalPopulation": 3711, "chronic_disease_burden_score": -0.26819623306527385, "preventive_care_gap_score": -0.84423029249173465, "health_need_score": -0.55621326277850425, "need_intensity": 0.099669102723569658, "priority_weighted_population": 369.872040207167, "health_priority_rank": 1289 }, "geometry": { "type": "Point", "coordinates": [ -77.4259416, 38.8220549 ] } },
{ "type": "Feature", "properties": { "LocationID": "51107611023", "StateAbbr": "VA", "CountyName": "Loudoun", "CountyFIPS": 51107, "lon": -77.516482, "lat": 39.0221353, "TotalPopulation": 5954, "chronic_disease_burden_score": -0.71596604970772348, "preventive_care_gap_score": -0.39662075333980007, "health_need_score": -0.55629340152376172, "need_intensity": 0.099647420038830314, "priority_weighted_population": 593.30073891119571, "health_priority_rank": 1290 }, "geometry": { "type": "Point", "coordinates": [ -77.516482, 39.0221353 ] } },
{ "type": "Feature", "properties": { "LocationID": "24031701216", "StateAbbr": "MD", "CountyName": "Montgomery", "CountyFIPS": 24031, "lon": -77.1158425, "lat": 39.0478603, "TotalPopulation": 5986, "chronic_disease_burden_score": -0.58675869032084993, "preventive_care_gap_score": -0.52774369953185096, "health_need_score": -0.55725119492635045, "need_intensity": 0.099388275322663047, "priority_weighted_population": 594.93821608146095, "health_priority_rank": 1291 }, "geometry": { "type": "Point", "coordinates": [ -77.1158425, 39.0478603 ] } },
{ "type": "Feature", "properties": { "LocationID": "24031705601", "StateAbbr": "MD", "CountyName": "Montgomery", "CountyFIPS": 24031, "lon": -77.1006777, "lat": 38.9566642, "TotalPopulation": 3057, "chronic_disease_burden_score": -0.23743955130223116, "preventive_care_gap_score": -0.88066986491597588, "health_need_score": -0.55905470810910352, "need_intensity": 0.098900309013242593, "priority_weighted_population": 302.3382446534826, "health_priority_rank": 1292 }, "geometry": { "type": "Point", "coordinates": [ -77.1006777, 38.9566642 ] } },
{ "type": "Feature", "properties": { "LocationID": "24031702102", "StateAbbr": "MD", "CountyName": "Montgomery", "CountyFIPS": 24031, "lon": -77.0047129, "lat": 39.0219894, "TotalPopulation": 3406, "chronic_disease_burden_score": -0.39617259778722497, "preventive_care_gap_score": -0.72343882655850045, "health_need_score": -0.55980571217286268, "need_intensity": 0.098697114112946432, "priority_weighted_population": 336.16237066869553, "health_priority_rank": 1293 }, "geometry": { "type": "Point", "coordinates": [ -77.0047129, 39.0219894 ] } },
{ "type": "Feature", "properties": { "LocationID": "51059470400", "StateAbbr": "VA", "CountyName": "Fairfax", "CountyFIPS": 51059, "lon": -77.1540845, "lat": 38.9362124, "TotalPopulation": 4994, "chronic_disease_burden_score": -0.035037297946586193, "preventive_care_gap_score": -1.0849046338137183, "health_need_score": -0.55997096588015227, "need_intensity": 0.098652402356783353, "priority_weighted_population": 492.67009736977604, "health_priority_rank": 1294 }, "geometry": { "type": "Point", "coordinates": [ -77.1540845, 38.9362124 ] } },
{ "type": "Feature", "properties": { "LocationID": "51510201000", "StateAbbr": "VA", "CountyName": "Alexandria", "CountyFIPS": 51510, "lon": -77.0814867, "lat": 38.8377946, "TotalPopulation": 2831, "chronic_disease_burden_score": -0.31149105544422401, "preventive_care_gap_score": -0.81029703110450224, "health_need_score": -0.5608940432743631, "need_intensity": 0.098402650553652687, "priority_weighted_population": 278.57790371739077, "health_priority_rank": 1295 }, "geometry": { "type": "Point", "coordinates": [ -77.0814867, 38.8377946 ] } },
{ "type": "Feature", "properties": { "LocationID": "24031704803", "StateAbbr": "MD", "CountyName": "Montgomery", "CountyFIPS": 24031, "lon": -77.0964429, "lat": 38.9779198, "TotalPopulation": 4318, "chronic_disease_burden_score": -0.65467440412986155, "preventive_care_gap_score": -0.46735481682662766, "health_need_score": -0.56101461047824464, "need_intensity": 0.098370029370687229, "priority_weighted_population": 424.76178682262747, "health_priority_rank": 1296 }, "geometry": { "type": "Point", "coordinates": [ -77.0964429, 38.9779198 ] } },
{ "type": "Feature", "properties": { "LocationID": "51013101501", "StateAbbr": "VA", "CountyName": "Arlington", "CountyFIPS": 51013, "lon": -77.0905137, "lat": 38.8965348, "TotalPopulation": 3136, "chronic_disease_burden_score": -1.2575230811540057, "preventive_care_gap_score": 0.13384565722842917, "health_need_score": -0.56183871196278823, "need_intensity": 0.09814705691678656, "priority_weighted_population": 307.78917049104263, "health_priority_rank": 1297 }, "geometry": { "type": "Point", "coordinates": [ -77.0905137, 38.8965348 ] } },
{ "type": "Feature", "properties": { "LocationID": "11001001301", "StateAbbr": "DC", "CountyName": "District of Columbia", "CountyFIPS": 11001, "lon": -77.0520508, "lat": 38.9519215, "TotalPopulation": 4160, "chronic_disease_burden_score": -0.4910981961497301, "preventive_care_gap_score": -0.63434152141464706, "health_need_score": -0.56271985878218855, "need_intensity": 0.097908650030919503, "priority_weighted_population": 407.29998412862511, "health_priority_rank": 1298 }, "geometry": { "type": "Point", "coordinates": [ -77.0520508, 38.9519215 ] } },
{ "type": "Feature", "properties": { "LocationID": "51059481102", "StateAbbr": "VA", "CountyName": "Fairfax", "CountyFIPS": 51059, "lon": -77.398648, "lat": 38.9482799, "TotalPopulation": 3656, "chronic_disease_burden_score": -1.3790217069195514, "preventive_care_gap_score": 0.25346746231448214, "health_need_score": -0.56277712230253463, "need_intensity": 0.09789315656574557, "priority_weighted_population": 357.89738040436583, "health_priority_rank": 1299 }, "geometry": { "type": "Point", "coordinates": [ -77.398648, 38.9482799 ] } },
{ "type": "Feature", "properties": { "LocationID": "51013102903", "StateAbbr": "VA", "CountyName": "Arlington", "CountyFIPS": 51013, "lon": -77.0956433, "lat": 38.8415196, "TotalPopulation": 1625, "chronic_disease_burden_score": -0.56460327750806438, "preventive_care_gap_score": -0.56146371248887839, "health_need_score": -0.56303349499847144, "need_intensity": 0.097823791262808615, "priority_weighted_population": 158.963660802064, "health_priority_rank": 1300 }, "geometry": { "type": "Point", "coordinates": [ -77.0956433, 38.8415196 ] } },
{ "type": "Feature", "properties": { "LocationID": "24031706007", "StateAbbr": "MD", "CountyName": "Montgomery", "CountyFIPS": 24031, "lon": -77.210422, "lat": 39.0439125, "TotalPopulation": 7270, "chronic_disease_burden_score": -0.017952087665490491, "preventive_care_gap_score": -1.1085821237323084, "health_need_score": -0.56326710569889937, "need_intensity": 0.097760584543601314, "priority_weighted_population": 710.71944963198155, "health_priority_rank": 1301 }, "geometry": { "type": "Point", "coordinates": [ -77.210422, 39.0439125 ] } },
{ "type": "Feature", "properties": { "LocationID": "11001010601", "StateAbbr": "DC", "CountyName": "District of Columbia", "CountyFIPS": 11001, "lon": -77.0063018, "lat": 38.907653, "TotalPopulation": 2130, "chronic_disease_burden_score": -1.7030982225893956, "preventive_care_gap_score": 0.5763736303835536, "health_need_score": -0.56336229610292099, "need_intensity": 0.09773482941711438, "priority_weighted_population": 208.17518665845364, "health_priority_rank": 1302 }, "geometry": { "type": "Point", "coordinates": [ -77.0063018, 38.907653 ] } },
{ "type": "Feature", "properties": { "LocationID": "51059492202", "StateAbbr": "VA", "CountyName": "Fairfax", "CountyFIPS": 51059, "lon": -77.2669774, "lat": 38.7405861, "TotalPopulation": 6831, "chronic_disease_burden_score": -0.13727532458175487, "preventive_care_gap_score": -0.99240348098995901, "health_need_score": -0.56483940278585698, "need_intensity": 0.097335177058825384, "priority_weighted_population": 664.89659448883617, "health_priority_rank": 1303 }, "geometry": { "type": "Point", "coordinates": [ -77.2669774, 38.7405861 ] } },
{ "type": "Feature", "properties": { "LocationID": "51059491704", "StateAbbr": "VA", "CountyName": "Fairfax", "CountyFIPS": 51059, "lon": -77.3661498, "lat": 38.8517642, "TotalPopulation": 5062, "chronic_disease_burden_score": -1.0749601540607419, "preventive_care_gap_score": -0.056339703708373615, "health_need_score": -0.56564992888455778, "need_intensity": 0.097115877619900162, "priority_weighted_population": 491.60057251193462, "health_priority_rank": 1304 }, "geometry": { "type": "Point", "coordinates": [ -77.3661498, 38.8517642 ] } },
{ "type": "Feature", "properties": { "LocationID": "51059482507", "StateAbbr": "VA", "CountyName": "Fairfax", "CountyFIPS": 51059, "lon": -77.4217944, "lat": 38.9505903, "TotalPopulation": 3656, "chronic_disease_burden_score": -1.4662036787734296, "preventive_care_gap_score": 0.3297767671210296, "health_need_score": -0.56821345582619998, "need_intensity": 0.096422278708189674, "priority_weighted_population": 352.51985095714144, "health_priority_rank": 1305 }, "geometry": { "type": "Point", "coordinates": [ -77.4217944, 38.9505903 ] } },
{ "type": "Feature", "properties": { "LocationID": "11001008701", "StateAbbr": "DC", "CountyName": "District of Columbia", "CountyFIPS": 11001, "lon": -77.0062645, "lat": 38.9141018, "TotalPopulation": 2814, "chronic_disease_burden_score": -0.90266101683932687, "preventive_care_gap_score": -0.23426633118620049, "health_need_score": -0.56846367401276365, "need_intensity": 0.096354578595867255, "priority_weighted_population": 271.14178416877047, "health_priority_rank": 1306 }, "geometry": { "type": "Point", "coordinates": [ -77.0062645, 38.9141018 ] } },
{ "type": "Feature", "properties": { "LocationID": "11001000902", "StateAbbr": "DC", "CountyName": "District of Columbia", "CountyFIPS": 11001, "lon": -77.1077517, "lat": 38.9285125, "TotalPopulation": 2317, "chronic_disease_burden_score": -0.33493215120242642, "preventive_care_gap_score": -0.80362934521298446, "health_need_score": -0.56928074820770547, "need_intensity": 0.096133507475766086, "priority_weighted_population": 222.74133682135002, "health_priority_rank": 1307 }, "geometry": { "type": "Point", "coordinates": [ -77.1077517, 38.9285125 ] } },
{ "type": "Feature", "properties": { "LocationID": "24031701205", "StateAbbr": "MD", "CountyName": "Montgomery", "CountyFIPS": 24031, "lon": -77.1354132, "lat": 39.0418495, "TotalPopulation": 7090, "chronic_disease_burden_score": -0.20633627211185762, "preventive_care_gap_score": -0.93450827140622139, "health_need_score": -0.57042227175903948, "need_intensity": 0.095824651937704147, "priority_weighted_population": 679.39678223832243, "health_priority_rank": 1308 }, "geometry": { "type": "Point", "coordinates": [ -77.1354132, 39.0418495 ] } },
{ "type": "Feature", "properties": { "LocationID": "51013101704", "StateAbbr": "VA", "CountyName": "Arlington", "CountyFIPS": 51013, "lon": -77.0696004, "lat": 38.8928523, "TotalPopulation": 1990, "chronic_disease_burden_score": -1.2971919804638203, "preventive_care_gap_score": 0.15491607239891103, "health_need_score": -0.5711379540324546, "need_intensity": 0.095631013853427482, "priority_weighted_population": 190.30571756832069, "health_priority_rank": 1309 }, "geometry": { "type": "Point", "coordinates": [ -77.0696004, 38.8928523 ] } },
{ "type": "Feature", "properties": { "LocationID": "51059481600", "StateAbbr": "VA", "CountyName": "Fairfax", "CountyFIPS": 51059, "lon": -77.3352284, "lat": 38.9025047, "TotalPopulation": 3480, "chronic_disease_burden_score": 0.024769592490308599, "preventive_care_gap_score": -1.1672876972942166, "health_need_score": -0.57125905240195396, "need_intensity": 0.095598248956000331, "priority_weighted_population": 332.68190636688115, "health_priority_rank": 1310 }, "geometry": { "type": "Point", "coordinates": [ -77.3352284, 38.9025047 ] } },
{ "type": "Feature", "properties": { "LocationID": "24031701202", "StateAbbr": "MD", "CountyName": "Montgomery", "CountyFIPS": 24031, "lon": -77.1001237, "lat": 39.0386325, "TotalPopulation": 2785, "chronic_disease_burden_score": -0.085560498505525731, "preventive_care_gap_score": -1.0578522911697579, "health_need_score": -0.57170639483764185, "need_intensity": 0.0954772140561852, "priority_weighted_population": 265.90404114647578, "health_priority_rank": 1311 }, "geometry": { "type": "Point", "coordinates": [ -77.1001237, 39.0386325 ] } },
{ "type": "Feature", "properties": { "LocationID": "24031700824", "StateAbbr": "MD", "CountyName": "Montgomery", "CountyFIPS": 24031, "lon": -77.2453973, "lat": 39.1194939, "TotalPopulation": 2872, "chronic_disease_burden_score": -0.35522474071851945, "preventive_care_gap_score": -0.78826499425428409, "health_need_score": -0.57174486748640174, "need_intensity": 0.095466804730315824, "priority_weighted_population": 274.18066318546704, "health_priority_rank": 1312 }, "geometry": { "type": "Point", "coordinates": [ -77.2453973, 39.1194939 ] } },
{ "type": "Feature", "properties": { "LocationID": "11001000703", "StateAbbr": "DC", "CountyName": "District of Columbia", "CountyFIPS": 11001, "lon": -77.0790462, "lat": 38.9290941, "TotalPopulation": 3022, "chronic_disease_burden_score": 0.1341372221936927, "preventive_care_gap_score": -1.2804114629174002, "health_need_score": -0.57313712036185371, "need_intensity": 0.095090110784349063, "priority_weighted_population": 287.36231479030289, "health_priority_rank": 1313 }, "geometry": { "type": "Point", "coordinates": [ -77.0790462, 38.9290941 ] } },
{ "type": "Feature", "properties": { "LocationID": "24031706005", "StateAbbr": "MD", "CountyName": "Montgomery", "CountyFIPS": 24031, "lon": -77.1887353, "lat": 39.0201034, "TotalPopulation": 4664, "chronic_disease_burden_score": 0.05818283682126732, "preventive_care_gap_score": -1.2045813767704265, "health_need_score": -0.57319926997457959, "need_intensity": 0.095073295316935924, "priority_weighted_population": 443.42184935818915, "health_priority_rank": 1314 }, "geometry": { "type": "Point", "coordinates": [ -77.1887353, 39.0201034 ] } },
{ "type": "Feature", "properties": { "LocationID": "51107611810", "StateAbbr": "VA", "CountyName": "Loudoun", "CountyFIPS": 51107, "lon": -77.5903265, "lat": 38.9401988, "TotalPopulation": 8135, "chronic_disease_burden_score": -0.85069789671527074, "preventive_care_gap_score": -0.2970721409069304, "health_need_score": -0.57388501881110054, "need_intensity": 0.094887756152517017, "priority_weighted_population": 771.91189630072597, "health_priority_rank": 1315 }, "geometry": { "type": "Point", "coordinates": [ -77.5903265, 38.9401988 ] } },
{ "type": "Feature", "properties": { "LocationID": "11001004100", "StateAbbr": "DC", "CountyName": "District of Columbia", "CountyFIPS": 11001, "lon": -77.0516151, "lat": 38.9159337, "TotalPopulation": 2836, "chronic_disease_burden_score": -0.49598578631177498, "preventive_care_gap_score": -0.65199396802544718, "health_need_score": -0.57398987716861105, "need_intensity": 0.094859385222814036, "priority_weighted_population": 269.02121649190059, "health_priority_rank": 1316 }, "geometry": { "type": "Point", "coordinates": [ -77.0516151, 38.9159337 ] } },
{ "type": "Feature", "properties": { "LocationID": "51059461500", "StateAbbr": "VA", "CountyName": "Fairfax", "CountyFIPS": 51059, "lon": -77.2854059, "lat": 38.8787455, "TotalPopulation": 6940, "chronic_disease_burden_score": -0.55003054332605794, "preventive_care_gap_score": -0.59799964390745497, "health_need_score": -0.57401509361675651, "need_intensity": 0.094852562551787339, "priority_weighted_population": 658.27678410940416, "health_priority_rank": 1317 }, "geometry": { "type": "Point", "coordinates": [ -77.2854059, 38.8787455 ] } },
{ "type": "Feature", "properties": { "LocationID": "24031704501", "StateAbbr": "MD", "CountyName": "Montgomery", "CountyFIPS": 24031, "lon": -77.1345988, "lat": 39.01776, "TotalPopulation": 3742, "chronic_disease_burden_score": -0.33856257627949748, "preventive_care_gap_score": -0.8104164120043621, "health_need_score": -0.57448949414192985, "need_intensity": 0.094724206698517346, "priority_weighted_population": 354.4579814658519, "health_priority_rank": 1318 }, "geometry": { "type": "Point", "coordinates": [ -77.1345988, 39.01776 ] } },
{ "type": "Feature", "properties": { "LocationID": "11001001002", "StateAbbr": "DC", "CountyName": "District of Columbia", "CountyFIPS": 11001, "lon": -77.0788872, "lat": 38.9384216, "TotalPopulation": 3643, "chronic_disease_burden_score": -0.97507895735068384, "preventive_care_gap_score": -0.17484600661057176, "health_need_score": -0.57496248198062783, "need_intensity": 0.094596233067796284, "priority_weighted_population": 344.61407706598186, "health_priority_rank": 1319 }, "geometry": { "type": "Point", "coordinates": [ -77.0788872, 38.9384216 ] } },
{ "type": "Feature", "properties": { "LocationID": "51510200705", "StateAbbr": "VA", "CountyName": "Alexandria", "CountyFIPS": 51510, "lon": -77.0626501, "lat": 38.8029936, "TotalPopulation": 2597, "chronic_disease_burden_score": -0.29393268289434604, "preventive_care_gap_score": -0.86277702991505734, "health_need_score": -0.57835485640470163, "need_intensity": 0.093678377604516153, "priority_weighted_population": 243.28274663892844, "health_priority_rank": 1320 }, "geometry": { "type": "Point", "coordinates": [ -77.0626501, 38.8029936 ] } },
{ "type": "Feature", "properties": { "LocationID": "51059480503", "StateAbbr": "VA", "CountyName": "Fairfax", "CountyFIPS": 51059, "lon": -77.3712001, "lat": 38.9879209, "TotalPopulation": 3259, "chronic_disease_burden_score": -0.36593184179290605, "preventive_care_gap_score": -0.79223158716128894, "health_need_score": -0.57908171447709744, "need_intensity": 0.09348171574784038, "priority_weighted_population": 304.65691162221179, "health_priority_rank": 1321 }, "geometry": { "type": "Point", "coordinates": [ -77.3712001, 38.9879209 ] } },
{ "type": "Feature", "properties": { "LocationID": "51059482001", "StateAbbr": "VA", "CountyName": "Fairfax", "CountyFIPS": 51059, "lon": -77.3264962, "lat": 38.9792048, "TotalPopulation": 4874, "chronic_disease_burden_score": -0.22457250278086435, "preventive_care_gap_score": -0.93527710339362125, "health_need_score": -0.57992480308724281, "need_intensity": 0.093253606055301821, "priority_weighted_population": 454.51807591354105, "health_priority_rank": 1322 }, "geometry": { "type": "Point", "coordinates": [ -77.3264962, 38.9792048 ] } },
{ "type": "Feature", "properties": { "LocationID": "51059461201", "StateAbbr": "VA", "CountyName": "Fairfax", "CountyFIPS": 51059, "lon": -77.3126083, "lat": 38.8870961, "TotalPopulation": 4633, "chronic_disease_burden_score": -0.037091837007463664, "preventive_care_gap_score": -1.1239202265647681, "health_need_score": -0.58050603178611593, "need_intensity": 0.093096346310360331, "priority_weighted_population": 431.31537245589942, "health_priority_rank": 1323 }, "geometry": { "type": "Point", "coordinates": [ -77.3126083, 38.8870961 ] } },
{ "type": "Feature", "properties": { "LocationID": "24031700315", "StateAbbr": "MD", "CountyName": "Montgomery", "CountyFIPS": 24031, "lon": -77.2450077, "lat": 39.2433948, "TotalPopulation": 6324, "chronic_disease_burden_score": -0.80803987259303323, "preventive_care_gap_score": -0.35466333056108656, "health_need_score": -0.5813516015770599, "need_intensity": 0.092867565298837856, "priority_weighted_population": 587.29448294985059, "health_priority_rank": 1324 }, "geometry": { "type": "Point", "coordinates": [ -77.2450077, 39.2433948 ] } },
{ "type": "Feature", "properties": { "LocationID": "24031701210", "StateAbbr": "MD", "CountyName": "Montgomery", "CountyFIPS": 24031, "lon": -77.1836415, "lat": 39.0628456, "TotalPopulation": 3977, "chronic_disease_burden_score": -0.085795159431881304, "preventive_care_gap_score": -1.0778625950851104, "health_need_score": -0.58182887725849586, "need_intensity": 0.092738431530882293, "priority_weighted_population": 368.8207421983189, "health_priority_rank": 1325 }, "geometry": { "type": "Point", "coordinates": [ -77.1836415, 39.0628456 ] } },
{ "type": "Feature", "properties": { "LocationID": "24031700210", "StateAbbr": "MD", "CountyName": "Montgomery", "CountyFIPS": 24031, "lon": -77.2461554, "lat": 39.224043, "TotalPopulation": 9416, "chronic_disease_burden_score": -0.91708003018554229, "preventive_care_gap_score": -0.24690561982213963, "health_need_score": -0.58199282500384097, "need_intensity": 0.09269407312141853, "priority_weighted_population": 872.80739251127693, "health_priority_rank": 1326 }, "geometry": { "type": "Point", "coordinates": [ -77.2461554, 39.224043 ] } },
{ "type": "Feature", "properties": { "LocationID": "51059480501", "StateAbbr": "VA", "CountyName": "Fairfax", "CountyFIPS": 51059, "lon": -77.3611812, "lat": 38.9992939, "TotalPopulation": 3537, "chronic_disease_burden_score": -0.31263759171044703, "preventive_care_gap_score": -0.85697990838250271, "health_need_score": -0.58480875004647492, "need_intensity": 0.091932184290330982, "priority_weighted_population": 325.16413583490066, "health_priority_rank": 1327 }, "geometry": { "type": "Point", "coordinates": [ -77.3611812, 38.9992939 ] } },
{ "type": "Feature", "properties": { "LocationID": "11001000702", "StateAbbr": "DC", "CountyName": "District of Columbia", "CountyFIPS": 11001, "lon": -77.077893, "lat": 38.9241271, "TotalPopulation": 3452, "chronic_disease_burden_score": -1.1157025371798539, "preventive_care_gap_score": -0.05477837286639748, "health_need_score": -0.58524045502312572, "need_intensity": 0.091815380328913218, "priority_weighted_population": 316.94669289540843, "health_priority_rank": 1328 }, "geometry": { "type": "Point", "coordinates": [ -77.077893, 38.9241271 ] } },
{ "type": "Feature", "properties": { "LocationID": "24031704600", "StateAbbr": "MD", "CountyName": "Montgomery", "CountyFIPS": 24031, "lon": -77.1177739, "lat": 38.9970312, "TotalPopulation": 5255, "chronic_disease_burden_score": -0.33008600192886228, "preventive_care_gap_score": -0.84247920223368467, "health_need_score": -0.58628260208127347, "need_intensity": 0.091533412523686825, "priority_weighted_population": 481.00808281197425, "health_priority_rank": 1329 }, "geometry": { "type": "Point", "coordinates": [ -77.1177739, 38.9970312 ] } },
{ "type": "Feature", "properties": { "LocationID": "24031704502", "StateAbbr": "MD", "CountyName": "Montgomery", "CountyFIPS": 24031, "lon": -77.1363213, "lat": 39.0089751, "TotalPopulation": 2786, "chronic_disease_burden_score": -0.1382680520303434, "preventive_care_gap_score": -1.0360386756635718, "health_need_score": -0.5871533638469576, "need_intensity": 0.091297815462767815, "priority_weighted_population": 254.35571387927112, "health_priority_rank": 1330 }, "geometry": { "type": "Point", "coordinates": [ -77.1363213, 39.0089751 ] } },
{ "type": "Feature", "properties": { "LocationID": "11001007000", "StateAbbr": "DC", "CountyName": "District of Columbia", "CountyFIPS": 11001, "lon": -76.9959451, "lat": 38.8812697, "TotalPopulation": 2697, "chronic_disease_burden_score": -0.99115731186560818, "preventive_care_gap_score": -0.18673768353462522, "health_need_score": -0.58894749770011667, "need_intensity": 0.090812386865236905, "priority_weighted_population": 244.92100737554392, "health_priority_rank": 1331 }, "geometry": { "type": "Point", "coordinates": [ -76.9959451, 38.8812697 ] } },
{ "type": "Feature", "properties": { "LocationID": "11001005900", "StateAbbr": "DC", "CountyName": "District of Columbia", "CountyFIPS": 11001, "lon": -77.0149475, "lat": 38.8959944, "TotalPopulation": 2617, "chronic_disease_burden_score": -1.4241736874528916, "preventive_care_gap_score": 0.24617611863867517, "health_need_score": -0.58899878440710829, "need_intensity": 0.09079851051247588, "priority_weighted_population": 237.61970201114937, "health_priority_rank": 1332 }, "geometry": { "type": "Point", "coordinates": [ -77.0149475, 38.8959944 ] } },
{ "type": "Feature", "properties": { "LocationID": "11001000600", "StateAbbr": "DC", "CountyName": "District of Columbia", "CountyFIPS": 11001, "lon": -77.0675114, "lat": 38.9368114, "TotalPopulation": 4676, "chronic_disease_burden_score": -0.45408721654974643, "preventive_care_gap_score": -0.72403444091486113, "health_need_score": -0.58906082873230381, "need_intensity": 0.090781723532111308, "priority_weighted_population": 424.49533923615246, "health_priority_rank": 1333 }, "geometry": { "type": "Point", "coordinates": [ -77.0675114, 38.9368114 ] } },
{ "type": "Feature", "properties": { "LocationID": "51510200403", "StateAbbr": "VA", "CountyName": "Alexandria", "CountyFIPS": 51510, "lon": -77.1209266, "lat": 38.8035154, "TotalPopulation": 1410, "chronic_disease_burden_score": -1.0043642454098347, "preventive_care_gap_score": -0.17645644706509492, "health_need_score": -0.5904103462374648, "need_intensity": 0.090416592252346287, "priority_weighted_population": 127.48739507580827, "health_priority_rank": 1334 }, "geometry": { "type": "Point", "coordinates": [ -77.1209266, 38.8035154 ] } },
{ "type": "Feature", "properties": { "LocationID": "24031702900", "StateAbbr": "MD", "CountyName": "Montgomery", "CountyFIPS": 24031, "lon": -77.0277748, "lat": 39.0056401, "TotalPopulation": 5439, "chronic_disease_burden_score": -0.11413159993677083, "preventive_care_gap_score": -1.0668406969187993, "health_need_score": -0.59048614842778513, "need_intensity": 0.090396082884624265, "priority_weighted_population": 491.66429480947136, "health_priority_rank": 1335 }, "geometry": { "type": "Point", "coordinates": [ -77.0277748, 39.0056401 ] } },
{ "type": "Feature", "properties": { "LocationID": "51013103404", "StateAbbr": "VA", "CountyName": "Arlington", "CountyFIPS": 51013, "lon": -77.0476975, "lat": 38.8632307, "TotalPopulation": 1438, "chronic_disease_burden_score": -0.69541786356391633, "preventive_care_gap_score": -0.48729214819885325, "health_need_score": -0.59135500588138479, "need_intensity": 0.090161001062600499, "priority_weighted_population": 129.65151952801952, "health_priority_rank": 1336 }, "geometry": { "type": "Point", "coordinates": [ -77.0476975, 38.8632307 ] } },
{ "type": "Feature", "properties": { "LocationID": "24031701206", "StateAbbr": "MD", "CountyName": "Montgomery", "CountyFIPS": 24031, "lon": -77.1676408, "lat": 39.0497416, "TotalPopulation": 6579, "chronic_disease_burden_score": -0.24602554998160359, "preventive_care_gap_score": -0.93854559640100377, "health_need_score": -0.5922855731913037, "need_intensity": 0.089909222755554644, "priority_weighted_population": 591.51277650879399, "health_priority_rank": 1337 }, "geometry": { "type": "Point", "coordinates": [ -77.1676408, 39.0497416 ] } },
{ "type": "Feature", "properties": { "LocationID": "24031704804", "StateAbbr": "MD", "CountyName": "Montgomery", "CountyFIPS": 24031, "lon": -77.093526, "lat": 38.9834063, "TotalPopulation": 1886, "chronic_disease_burden_score": -0.47896910980972307, "preventive_care_gap_score": -0.70608954908716548, "health_need_score": -0.59252932944844428, "need_intensity": 0.089843271010742076, "priority_weighted_population": 169.44440912625956, "health_priority_rank": 1338 }, "geometry": { "type": "Point", "coordinates": [ -77.093526, 38.9834063 ] } },
{ "type": "Feature", "properties": { "LocationID": "24031704700", "StateAbbr": "MD", "CountyName": "Montgomery", "CountyFIPS": 24031, "lon": -77.1073449, "lat": 38.9850986, "TotalPopulation": 3816, "chronic_disease_burden_score": -0.049641547963638996, "preventive_care_gap_score": -1.1362653852904658, "health_need_score": -0.59295346662705239, "need_intensity": 0.089728514625420031, "priority_weighted_population": 342.40401181060281, "health_priority_rank": 1339 }, "geometry": { "type": "Point", "coordinates": [ -77.1073449, 38.9850986 ] } },
{ "type": "Feature", "properties": { "LocationID": "11001002703", "StateAbbr": "DC", "CountyName": "District of Columbia", "CountyFIPS": 11001, "lon": -77.0397435, "lat": 38.9334921, "TotalPopulation": 2614, "chronic_disease_burden_score": -1.1855197463876161, "preventive_care_gap_score": -0.0013343739930988991, "health_need_score": -0.59342706019035751, "need_intensity": 0.089600377107235382, "priority_weighted_population": 234.21538575831329, "health_priority_rank": 1340 }, "geometry": { "type": "Point", "coordinates": [ -77.0397435, 38.9334921 ] } },
{ "type": "Feature", "properties": { "LocationID": "51013102901", "StateAbbr": "VA", "CountyName": "Arlington", "CountyFIPS": 51013, "lon": -77.0993186, "lat": 38.8391008, "TotalPopulation": 2904, "chronic_disease_burden_score": -0.69701376640702672, "preventive_care_gap_score": -0.49079314743726421, "health_need_score": -0.59390345692214552, "need_intensity": 0.089471481151689486, "priority_weighted_population": 259.82518126450628, "health_priority_rank": 1341 }, "geometry": { "type": "Point", "coordinates": [ -77.0993186, 38.8391008 ] } },
{ "type": "Feature", "properties": { "LocationID": "11001000102", "StateAbbr": "DC", "CountyName": "District of Columbia", "CountyFIPS": 11001, "lon": -77.0620045, "lat": 38.905422, "TotalPopulation": 3417, "chronic_disease_burden_score": -0.43955805204441067, "preventive_care_gap_score": -0.748915998028997, "health_need_score": -0.59423702503670384, "need_intensity": 0.089381229523169153, "priority_weighted_population": 305.41566128066899, "health_priority_rank": 1342 }, "geometry": { "type": "Point", "coordinates": [ -77.0620045, 38.905422 ] } },
{ "type": "Feature", "properties": { "LocationID": "11001004402", "StateAbbr": "DC", "CountyName": "District of Columbia", "CountyFIPS": 11001, "lon": -77.0270354, "lat": 38.9155152, "TotalPopulation": 2755, "chronic_disease_burden_score": -1.3796220538176043, "preventive_care_gap_score": 0.18964522521720062, "health_need_score": -0.59498841430020177, "need_intensity": 0.089177930401569419, "priority_weighted_population": 245.68519825632376, "health_priority_rank": 1343 }, "geometry": { "type": "Point", "coordinates": [ -77.0270354, 38.9155152 ] } },
{ "type": "Feature", "properties": { "LocationID": "51013101402", "StateAbbr": "VA", "CountyName": "Arlington", "CountyFIPS": 51013, "lon": -77.1124038, "lat": 38.8857788, "TotalPopulation": 2878, "chronic_disease_burden_score": -1.1852617816752256, "preventive_care_gap_score": -0.0047548570023544018, "health_need_score": -0.59500831933878995, "need_intensity": 0.089172544808432855, "priority_weighted_population": 256.63858395866976, "health_priority_rank": 1344 }, "geometry": { "type": "Point", "coordinates": [ -77.1124038, 38.8857788 ] } },
{ "type": "Feature", "properties": { "LocationID": "51059480301", "StateAbbr": "VA", "CountyName": "Fairfax", "CountyFIPS": 51059, "lon": -77.2733799, "lat": 38.9747821, "TotalPopulation": 3145, "chronic_disease_burden_score": -0.1608153320701495, "preventive_care_gap_score": -1.0311039426004529, "health_need_score": -0.59595963733530122, "need_intensity": 0.0889151521060772, "priority_weighted_population": 279.63815337361279, "health_priority_rank": 1345 }, "geometry": { "type": "Point", "coordinates": [ -77.2733799, 38.9747821 ] } },
{ "type": "Feature", "properties": { "LocationID": "51059420202", "StateAbbr": "VA", "CountyName": "Fairfax", "CountyFIPS": 51059, "lon": -77.1414206, "lat": 38.7925317, "TotalPopulation": 1943, "chronic_disease_burden_score": -0.92864541409564405, "preventive_care_gap_score": -0.26329014212559487, "health_need_score": -0.59596777811061941, "need_intensity": 0.088912949502777242, "priority_weighted_population": 172.75786088389617, "health_priority_rank": 1346 }, "geometry": { "type": "Point", "coordinates": [ -77.1414206, 38.7925317 ] } },
{ "type": "Feature", "properties": { "LocationID": "51013101503", "StateAbbr": "VA", "CountyName": "Arlington", "CountyFIPS": 51013, "lon": -77.1007202, "lat": 38.8902535, "TotalPopulation": 1793, "chronic_disease_burden_score": -0.53560909957189673, "preventive_care_gap_score": -0.65638742910435655, "health_need_score": -0.59599826433812664, "need_intensity": 0.088904701017505763, "priority_weighted_population": 159.40612892438784, "health_priority_rank": 1347 }, "geometry": { "type": "Point", "coordinates": [ -77.1007202, 38.8902535 ] } },
{ "type": "Feature", "properties": { "LocationID": "51013101100", "StateAbbr": "VA", "CountyName": "Arlington", "CountyFIPS": 51013, "lon": -77.1525714, "lat": 38.8853426, "TotalPopulation": 5948, "chronic_disease_burden_score": -0.50845124051432888, "preventive_care_gap_score": -0.68500036948845533, "health_need_score": -0.59672580500139216, "need_intensity": 0.088707854476098705, "priority_weighted_population": 527.63431842383511, "health_priority_rank": 1348 }, "geometry": { "type": "Point", "coordinates": [ -77.1525714, 38.8853426 ] } },
{ "type": "Feature", "properties": { "LocationID": "24031700616", "StateAbbr": "MD", "CountyName": "Montgomery", "CountyFIPS": 24031, "lon": -77.2504363, "lat": 39.1126374, "TotalPopulation": 4573, "chronic_disease_burden_score": -0.34823841711671927, "preventive_care_gap_score": -0.84966498962684889, "health_need_score": -0.59895170337178405, "need_intensity": 0.088105605807593218, "priority_weighted_population": 402.9069353581238, "health_priority_rank": 1349 }, "geometry": { "type": "Point", "coordinates": [ -77.2504363, 39.1126374 ] } },
{ "type": "Feature", "properties": { "LocationID": "24031700617", "StateAbbr": "MD", "CountyName": "Montgomery", "CountyFIPS": 24031, "lon": -77.2254127, "lat": 39.09442, "TotalPopulation": 2546, "chronic_disease_burden_score": -0.49066758518938813, "preventive_care_gap_score": -0.7083051393760279, "health_need_score": -0.59948636228270802, "need_intensity": 0.087960946185441702, "priority_weighted_population": 223.94856898813458, "health_priority_rank": 1350 }, "geometry": { "type": "Point", "coordinates": [ -77.2254127, 39.09442 ] } },
{ "type": "Feature", "properties": { "LocationID": "51059491705", "StateAbbr": "VA", "CountyName": "Fairfax", "CountyFIPS": 51059, "lon": -77.3902011, "lat": 38.847358, "TotalPopulation": 3341, "chronic_disease_burden_score": -0.76587865281145606, "preventive_care_gap_score": -0.4340459743102405, "health_need_score": -0.59996231356084828, "need_intensity": 0.087832170753757016, "priority_weighted_population": 293.44728248830216, "health_priority_rank": 1351 }, "geometry": { "type": "Point", "coordinates": [ -77.3902011, 38.847358 ] } },
{ "type": "Feature", "properties": { "LocationID": "24031700826", "StateAbbr": "MD", "CountyName": "Montgomery", "CountyFIPS": 24031, "lon": -77.2340947, "lat": 39.1174039, "TotalPopulation": 5822, "chronic_disease_burden_score": -0.42555083211644179, "preventive_care_gap_score": -0.7747889627077742, "health_need_score": -0.60016989741210802, "need_intensity": 0.087776005971174242, "priority_weighted_population": 511.03190676417643, "health_priority_rank": 1352 }, "geometry": { "type": "Point", "coordinates": [ -77.2340947, 39.1174039 ] } },
{ "type": "Feature", "properties": { "LocationID": "24031700828", "StateAbbr": "MD", "CountyName": "Montgomery", "CountyFIPS": 24031, "lon": -77.2239047, "lat": 39.1085173, "TotalPopulation": 2258, "chronic_disease_burden_score": -0.3254860934672274, "preventive_care_gap_score": -0.8763600572047322, "health_need_score": -0.60092307533597977, "need_intensity": 0.087572222901905167, "priority_weighted_population": 197.73807931250187, "health_priority_rank": 1353 }, "geometry": { "type": "Point", "coordinates": [ -77.2239047, 39.1085173 ] } },
{ "type": "Feature", "properties": { "LocationID": "51107611702", "StateAbbr": "VA", "CountyName": "Loudoun", "CountyFIPS": 51107, "lon": -77.4154898, "lat": 38.9833544, "TotalPopulation": 2461, "chronic_disease_burden_score": -1.1865333943191401, "preventive_care_gap_score": -0.015571235424780906, "health_need_score": -0.60105231487196054, "need_intensity": 0.087537255295343244, "priority_weighted_population": 215.42918528183972, "health_priority_rank": 1354 }, "geometry": { "type": "Point", "coordinates": [ -77.4154898, 38.9833544 ] } },
{ "type": "Feature", "properties": { "LocationID": "51059480402", "StateAbbr": "VA", "CountyName": "Fairfax", "CountyFIPS": 51059, "lon": -77.3294905, "lat": 39.0203972, "TotalPopulation": 6028, "chronic_disease_burden_score": -0.15583961840716387, "preventive_care_gap_score": -1.0465437848835504, "health_need_score": -0.60119170164535718, "need_intensity": 0.087499542208437753, "priority_weighted_population": 527.44724043246276, "health_priority_rank": 1355 }, "geometry": { "type": "Point", "coordinates": [ -77.3294905, 39.0203972 ] } },
{ "type": "Feature", "properties": { "LocationID": "11001000804", "StateAbbr": "DC", "CountyName": "District of Columbia", "CountyFIPS": 11001, "lon": -77.0918347, "lat": 38.9221746, "TotalPopulation": 3832, "chronic_disease_burden_score": -0.62578876918199999, "preventive_care_gap_score": -0.57710713380180756, "health_need_score": -0.60144795149190378, "need_intensity": 0.087430210144161941, "priority_weighted_population": 335.03256527242854, "health_priority_rank": 1356 }, "geometry": { "type": "Point", "coordinates": [ -77.0918347, 38.9221746 ] } },
{ "type": "Feature", "properties": { "LocationID": "24031705902", "StateAbbr": "MD", "CountyName": "Montgomery", "CountyFIPS": 24031, "lon": -77.1410698, "lat": 38.9798697, "TotalPopulation": 4402, "chronic_disease_burden_score": -0.12485082497403686, "preventive_care_gap_score": -1.0790876739778807, "health_need_score": -0.60196924947595876, "need_intensity": 0.087289165512040467, "priority_weighted_population": 384.24690658400215, "health_priority_rank": 1357 }, "geometry": { "type": "Point", "coordinates": [ -77.1410698, 38.9798697 ] } },
{ "type": "Feature", "properties": { "LocationID": "24031706008", "StateAbbr": "MD", "CountyName": "Montgomery", "CountyFIPS": 24031, "lon": -77.2227804, "lat": 38.9966198, "TotalPopulation": 5301, "chronic_disease_burden_score": -0.11966451030823215, "preventive_care_gap_score": -1.0881616137205485, "health_need_score": -0.60391306201439032, "need_intensity": 0.086763239203514281, "priority_weighted_population": 459.93193101782919, "health_priority_rank": 1358 }, "geometry": { "type": "Point", "coordinates": [ -77.2227804, 38.9966198 ] } },
{ "type": "Feature", "properties": { "LocationID": "51059420400", "StateAbbr": "VA", "CountyName": "Fairfax", "CountyFIPS": 51059, "lon": -77.068124, "lat": 38.7952432, "TotalPopulation": 3835, "chronic_disease_burden_score": -1.1748682489319324, "preventive_care_gap_score": -0.033095008098797542, "health_need_score": -0.60398162851536497, "need_intensity": 0.086744687555125766, "priority_weighted_population": 332.66587677390731, "health_priority_rank": 1359 }, "geometry": { "type": "Point", "coordinates": [ -77.068124, 38.7952432 ] } },
{ "type": "Feature", "properties": { "LocationID": "24031705300", "StateAbbr": "MD", "CountyName": "Montgomery", "CountyFIPS": 24031, "lon": -77.0793222, "lat": 38.9698497, "TotalPopulation": 2049, "chronic_disease_burden_score": 0.13815691512220107, "preventive_care_gap_score": -1.3463256600899689, "health_need_score": -0.60408437248388391, "need_intensity": 0.086716888703632561, "priority_weighted_population": 177.6829049537431, "health_priority_rank": 1360 }, "geometry": { "type": "Point", "coordinates": [ -77.0793222, 38.9698497 ] } },
{ "type": "Feature", "properties": { "LocationID": "11001005802", "StateAbbr": "DC", "CountyName": "District of Columbia", "CountyFIPS": 11001, "lon": -77.0265766, "lat": 38.8979674, "TotalPopulation": 2145, "chronic_disease_burden_score": -0.95018775713086678, "preventive_care_gap_score": -0.25806953815802652, "health_need_score": -0.60412864764444663, "need_intensity": 0.086704909425130247, "priority_weighted_population": 185.98203071690438, "health_priority_rank": 1361 }, "geometry": { "type": "Point", "coordinates": [ -77.0265766, 38.8979674 ] } },
{ "type": "Feature", "properties": { "LocationID": "51059491502", "StateAbbr": "VA", "CountyName": "Fairfax", "CountyFIPS": 51059, "lon": -77.4116361, "lat": 38.8641311, "TotalPopulation": 7014, "chronic_disease_burden_score": -0.41511910253359541, "preventive_care_gap_score": -0.79614718998440015, "health_need_score": -0.60563314625899778, "need_intensity": 0.086297845787619135, "priority_weighted_population": 605.29309035436063, "health_priority_rank": 1362 }, "geometry": { "type": "Point", "coordinates": [ -77.4116361, 38.8641311 ] } },
{ "type": "Feature", "properties": { "LocationID": "51059432600", "StateAbbr": "VA", "CountyName": "Fairfax", "CountyFIPS": 51059, "lon": -77.2326566, "lat": 38.7487953, "TotalPopulation": 4967, "chronic_disease_burden_score": -0.36009720393084632, "preventive_care_gap_score": -0.8552651731015124, "health_need_score": -0.60768118851617936, "need_intensity": 0.085743718636605751, "priority_weighted_population": 425.88905046802074, "health_priority_rank": 1363 }, "geometry": { "type": "Point", "coordinates": [ -77.2326566, 38.7487953 ] } },
{ "type": "Feature", "properties": { "LocationID": "51059481701", "StateAbbr": "VA", "CountyName": "Fairfax", "CountyFIPS": 51059, "lon": -77.3603143, "lat": 38.8976539, "TotalPopulation": 6196, "chronic_disease_burden_score": -0.16532877384777708, "preventive_care_gap_score": -1.0518345027948299, "health_need_score": -0.60858163832130352, "need_intensity": 0.085500089051623152, "priority_weighted_population": 529.7585517638571, "health_priority_rank": 1364 }, "geometry": { "type": "Point", "coordinates": [ -77.3603143, 38.8976539 ] } },
{ "type": "Feature", "properties": { "LocationID": "11001008702", "StateAbbr": "DC", "CountyName": "District of Columbia", "CountyFIPS": 11001, "lon": -77.0013085, "lat": 38.9150961, "TotalPopulation": 3574, "chronic_disease_burden_score": -1.2327667923704684, "preventive_care_gap_score": 0.015028884504351877, "health_need_score": -0.60886895393305829, "need_intensity": 0.085422351699854612, "priority_weighted_population": 305.29948497528039, "health_priority_rank": 1365 }, "geometry": { "type": "Point", "coordinates": [ -77.0013085, 38.9150961 ] } },
{ "type": "Feature", "properties": { "LocationID": "11001008002", "StateAbbr": "DC", "CountyName": "District of Columbia", "CountyFIPS": 11001, "lon": -76.9827594, "lat": 38.8915403, "TotalPopulation": 3366, "chronic_disease_burden_score": -0.85595464068394245, "preventive_care_gap_score": -0.36570579856840862, "health_need_score": -0.61083021962617556, "need_intensity": 0.084891703190481116, "priority_weighted_population": 285.74547293915941, "health_priority_rank": 1366 }, "geometry": { "type": "Point", "coordinates": [ -76.9827594, 38.8915403 ] } },
{ "type": "Feature", "properties": { "LocationID": "51059480401", "StateAbbr": "VA", "CountyName": "Fairfax", "CountyFIPS": 51059, "lon": -77.3068139, "lat": 38.99028, "TotalPopulation": 4717, "chronic_disease_burden_score": -0.32718127548088616, "preventive_care_gap_score": -0.89455797530722259, "health_need_score": -0.61086962539405443, "need_intensity": 0.084881041395876225, "priority_weighted_population": 400.38387226434816, "health_priority_rank": 1367 }, "geometry": { "type": "Point", "coordinates": [ -77.3068139, 38.99028 ] } },
{ "type": "Feature", "properties": { "LocationID": "51013103601", "StateAbbr": "VA", "CountyName": "Arlington", "CountyFIPS": 51013, "lon": -77.0595087, "lat": 38.8536932, "TotalPopulation": 2612, "chronic_disease_burden_score": -0.65926459047918007, "preventive_care_gap_score": -0.56487358849896951, "health_need_score": -0.61206908948907479, "need_intensity": 0.084556509214283856, "priority_weighted_population": 220.86160206770944, "health_priority_rank": 1368 }, "geometry": { "type": "Point", "coordinates": [ -77.0595087, 38.8536932 ] } },
{ "type": "Feature", "properties": { "LocationID": "51013103503", "StateAbbr": "VA", "CountyName": "Arlington", "CountyFIPS": 51013, "lon": -77.0534309, "lat": 38.860739, "TotalPopulation": 5102, "chronic_disease_burden_score": -1.2848276205243918, "preventive_care_gap_score": 0.059632321282754037, "health_need_score": -0.61259764962081886, "need_intensity": 0.084413499704145314, "priority_weighted_population": 430.6776754905494, "health_priority_rank": 1369 }, "geometry": { "type": "Point", "coordinates": [ -77.0534309, 38.860739 ] } },
{ "type": "Feature", "properties": { "LocationID": "51059460300", "StateAbbr": "VA", "CountyName": "Fairfax", "CountyFIPS": 51059, "lon": -77.2756809, "lat": 38.9228761, "TotalPopulation": 2896, "chronic_disease_burden_score": -0.17040019873091525, "preventive_care_gap_score": -1.054965580250272, "health_need_score": -0.61268288949059357, "need_intensity": 0.084390436837143715, "priority_weighted_population": 244.3947050803682, "health_priority_rank": 1370 }, "geometry": { "type": "Point", "coordinates": [ -77.2756809, 38.9228761 ] } },
{ "type": "Feature", "properties": { "LocationID": "51059470700", "StateAbbr": "VA", "CountyName": "Fairfax", "CountyFIPS": 51059, "lon": -77.170277, "lat": 38.9222237, "TotalPopulation": 5753, "chronic_disease_burden_score": -0.27054352354239886, "preventive_care_gap_score": -0.95610516278870072, "health_need_score": -0.61332434316554973, "need_intensity": 0.084216882362784545, "priority_weighted_population": 484.49972423309947, "health_priority_rank": 1371 }, "geometry": { "type": "Point", "coordinates": [ -77.170277, 38.9222237 ] } },
{ "type": "Feature", "properties": { "LocationID": "51510201202", "StateAbbr": "VA", "CountyName": "Alexandria", "CountyFIPS": 51510, "lon": -77.0634792, "lat": 38.8327236, "TotalPopulation": 3429, "chronic_disease_burden_score": -0.78242650873327524, "preventive_care_gap_score": -0.4454610646921352, "health_need_score": -0.61394378671270522, "need_intensity": 0.084049283043583362, "priority_weighted_population": 288.20499155644734, "health_priority_rank": 1372 }, "geometry": { "type": "Point", "coordinates": [ -77.0634792, 38.8327236 ] } },
{ "type": "Feature", "properties": { "LocationID": "11001002503", "StateAbbr": "DC", "CountyName": "District of Columbia", "CountyFIPS": 11001, "lon": -77.0271734, "lat": 38.9386375, "TotalPopulation": 3031, "chronic_disease_burden_score": -1.2018114704190028, "preventive_care_gap_score": -0.026715240091419862, "health_need_score": -0.61426335525521136, "need_intensity": 0.083962819199689773, "priority_weighted_population": 254.49130499425971, "health_priority_rank": 1373 }, "geometry": { "type": "Point", "coordinates": [ -77.0271734, 38.9386375 ] } },
{ "type": "Feature", "properties": { "LocationID": "24031701223", "StateAbbr": "MD", "CountyName": "Montgomery", "CountyFIPS": 24031, "lon": -77.1111259, "lat": 39.0325195, "TotalPopulation": 3158, "chronic_disease_burden_score": -0.8660731700684835, "preventive_care_gap_score": -0.36348999025836981, "health_need_score": -0.61478158016342666, "need_intensity": 0.083822606032228728, "priority_weighted_population": 264.71178984977831, "health_priority_rank": 1374 }, "geometry": { "type": "Point", "coordinates": [ -77.1111259, 39.0325195 ] } },
{ "type": "Feature", "properties": { "LocationID": "51059481104", "StateAbbr": "VA", "CountyName": "Fairfax", "CountyFIPS": 51059, "lon": -77.4102485, "lat": 38.9442444, "TotalPopulation": 2948, "chronic_disease_burden_score": -1.3066852214119471, "preventive_care_gap_score": 0.068660883612174373, "health_need_score": -0.61901216889988642, "need_intensity": 0.082677959687445859, "priority_weighted_population": 243.7346251585904, "health_priority_rank": 1375 }, "geometry": { "type": "Point", "coordinates": [ -77.4102485, 38.9442444 ] } },
{ "type": "Feature", "properties": { "LocationID": "51107611809", "StateAbbr": "VA", "CountyName": "Loudoun", "CountyFIPS": 51107, "lon": -77.5622392, "lat": 38.9305683, "TotalPopulation": 6941, "chronic_disease_burden_score": -1.027995811659334, "preventive_care_gap_score": -0.21070715911673782, "health_need_score": -0.61935148538803586, "need_intensity": 0.082586152754160772, "priority_weighted_population": 573.2304862666299, "health_priority_rank": 1376 }, "geometry": { "type": "Point", "coordinates": [ -77.5622392, 38.9305683 ] } },
{ "type": "Feature", "properties": { "LocationID": "51059482604", "StateAbbr": "VA", "CountyName": "Fairfax", "CountyFIPS": 51059, "lon": -77.3928605, "lat": 38.8890989, "TotalPopulation": 4210, "chronic_disease_burden_score": -0.55463167563424154, "preventive_care_gap_score": -0.68439203705858065, "health_need_score": -0.61951185634641104, "need_intensity": 0.082542762095614494, "priority_weighted_population": 347.50502842253701, "health_priority_rank": 1377 }, "geometry": { "type": "Point", "coordinates": [ -77.3928605, 38.8890989 ] } },
{ "type": "Feature", "properties": { "LocationID": "24031701214", "StateAbbr": "MD", "CountyName": "Montgomery", "CountyFIPS": 24031, "lon": -77.0984854, "lat": 39.0295353, "TotalPopulation": 3718, "chronic_disease_burden_score": -0.86056415358557148, "preventive_care_gap_score": -0.37967238771115003, "health_need_score": -0.62011827064836078, "need_intensity": 0.082378688025221233, "priority_weighted_population": 306.28396207777257, "health_priority_rank": 1378 }, "geometry": { "type": "Point", "coordinates": [ -77.0984854, 39.0295353 ] } },
{ "type": "Feature", "properties": { "LocationID": "51510200404", "StateAbbr": "VA", "CountyName": "Alexandria", "CountyFIPS": 51510, "lon": -77.119651, "lat": 38.8082942, "TotalPopulation": 3694, "chronic_disease_burden_score": -0.3296909694011258, "preventive_care_gap_score": -0.91137090117517494, "health_need_score": -0.6205309352881504, "need_intensity": 0.082267035699509328, "priority_weighted_population": 303.89442987398746, "health_priority_rank": 1379 }, "geometry": { "type": "Point", "coordinates": [ -77.119651, 38.8082942 ] } },
{ "type": "Feature", "properties": { "LocationID": "11001003802", "StateAbbr": "DC", "CountyName": "District of Columbia", "CountyFIPS": 11001, "lon": -77.0393505, "lat": 38.922971, "TotalPopulation": 3911, "chronic_disease_burden_score": -1.1747711935213068, "preventive_care_gap_score": -0.069346763727687735, "health_need_score": -0.62205897862449722, "need_intensity": 0.08185360170046671, "priority_weighted_population": 320.12943625052532, "health_priority_rank": 1380 }, "geometry": { "type": "Point", "coordinates": [ -77.0393505, 38.922971 ] } },
{ "type": "Feature", "properties": { "LocationID": "51107611026", "StateAbbr": "VA", "CountyName": "Loudoun", "CountyFIPS": 51107, "lon": -77.5389276, "lat": 38.9742669, "TotalPopulation": 14425, "chronic_disease_burden_score": -1.1036200625186263, "preventive_care_gap_score": -0.14083195129212933, "health_need_score": -0.62222600690537777, "need_intensity": 0.081808409808015056, "priority_weighted_population": 1180.0863114806173, "health_priority_rank": 1381 }, "geometry": { "type": "Point", "coordinates": [ -77.5389276, 38.9742669 ] } },
{ "type": "Feature", "properties": { "LocationID": "51059461603", "StateAbbr": "VA", "CountyName": "Fairfax", "CountyFIPS": 51059, "lon": -77.2721415, "lat": 38.8712084, "TotalPopulation": 5056, "chronic_disease_burden_score": -0.96325992672310756, "preventive_care_gap_score": -0.28239366459661608, "health_need_score": -0.62282679565986188, "need_intensity": 0.081645857810020012, "priority_weighted_population": 412.80145708746119, "health_priority_rank": 1382 }, "geometry": { "type": "Point", "coordinates": [ -77.2721415, 38.8712084 ] } },
{ "type": "Feature", "properties": { "LocationID": "11001000704", "StateAbbr": "DC", "CountyName": "District of Columbia", "CountyFIPS": 11001, "lon": -77.0752384, "lat": 38.9300215, "TotalPopulation": 2753, "chronic_disease_burden_score": -0.80614217803816846, "preventive_care_gap_score": -0.43988679359884419, "health_need_score": -0.62301448581850627, "need_intensity": 0.081595075550758428, "priority_weighted_population": 224.63124299123794, "health_priority_rank": 1383 }, "geometry": { "type": "Point", "coordinates": [ -77.0752384, 38.9300215 ] } },
{ "type": "Feature", "properties": { "LocationID": "51059470100", "StateAbbr": "VA", "CountyName": "Fairfax", "CountyFIPS": 51059, "lon": -77.1630928, "lat": 38.959448, "TotalPopulation": 2769, "chronic_disease_burden_score": -0.073380285884617744, "preventive_care_gap_score": -1.1751176660613885, "health_need_score": -0.62424897597300311, "need_intensity": 0.081261066567366272, "priority_weighted_population": 225.01189332503722, "health_priority_rank": 1384 }, "geometry": { "type": "Point", "coordinates": [ -77.1630928, 38.959448 ] } },
{ "type": "Feature", "properties": { "LocationID": "24031701220", "StateAbbr": "MD", "CountyName": "Montgomery", "CountyFIPS": 24031, "lon": -77.2056504, "lat": 39.0686855, "TotalPopulation": 3970, "chronic_disease_burden_score": -0.48459754295775509, "preventive_care_gap_score": -0.76650418827096212, "health_need_score": -0.62555086561435858, "need_intensity": 0.080908821687960847, "priority_weighted_population": 321.20802210120456, "health_priority_rank": 1385 }, "geometry": { "type": "Point", "coordinates": [ -77.2056504, 39.0686855 ] } },
{ "type": "Feature", "properties": { "LocationID": "51059482502", "StateAbbr": "VA", "CountyName": "Fairfax", "CountyFIPS": 51059, "lon": -77.4139956, "lat": 38.9121866, "TotalPopulation": 3090, "chronic_disease_burden_score": -0.4630620096229382, "preventive_care_gap_score": -0.78883706086090222, "health_need_score": -0.62594953524192021, "need_intensity": 0.08080095591314998, "priority_weighted_population": 249.67495377163343, "health_priority_rank": 1386 }, "geometry": { "type": "Point", "coordinates": [ -77.4139956, 38.9121866 ] } },
{ "type": "Feature", "properties": { "LocationID": "11001001402", "StateAbbr": "DC", "CountyName": "District of Columbia", "CountyFIPS": 11001, "lon": -77.0630933, "lat": 38.9606051, "TotalPopulation": 3514, "chronic_disease_burden_score": -0.23236682973481562, "preventive_care_gap_score": -1.0226353995170343, "health_need_score": -0.62750111462592495, "need_intensity": 0.080381153899488009, "priority_weighted_population": 282.45937480280088, "health_priority_rank": 1387 }, "geometry": { "type": "Point", "coordinates": [ -77.0630933, 38.9606051 ] } },
{ "type": "Feature", "properties": { "LocationID": "24031705903", "StateAbbr": "MD", "CountyName": "Montgomery", "CountyFIPS": 24031, "lon": -77.1224382, "lat": 38.9817886, "TotalPopulation": 4616, "chronic_disease_burden_score": -0.18490592456064736, "preventive_care_gap_score": -1.0707795993110516, "health_need_score": -0.62784276193584954, "need_intensity": 0.08028871632900525, "priority_weighted_population": 370.61271457468825, "health_priority_rank": 1388 }, "geometry": { "type": "Point", "coordinates": [ -77.1224382, 38.9817886 ] } },
{ "type": "Feature", "properties": { "LocationID": "51013101900", "StateAbbr": "VA", "CountyName": "Arlington", "CountyFIPS": 51013, "lon": -77.0979879, "lat": 38.8779202, "TotalPopulation": 3183, "chronic_disease_burden_score": -0.66676776986046715, "preventive_care_gap_score": -0.58934420142473654, "health_need_score": -0.62805598564260179, "need_intensity": 0.080231025602782766, "priority_weighted_population": 255.37535449365754, "health_priority_rank": 1389 }, "geometry": { "type": "Point", "coordinates": [ -77.0979879, 38.8779202 ] } },
{ "type": "Feature", "properties": { "LocationID": "11001001200", "StateAbbr": "DC", "CountyName": "District of Columbia", "CountyFIPS": 11001, "lon": -77.0705215, "lat": 38.9462221, "TotalPopulation": 5371, "chronic_disease_burden_score": -0.6575809506784821, "preventive_care_gap_score": -0.60300613301273409, "health_need_score": -0.63029354184560815, "need_intensity": 0.079625622740778099, "priority_weighted_population": 427.66921974071914, "health_priority_rank": 1390 }, "geometry": { "type": "Point", "coordinates": [ -77.0705215, 38.9462221 ] } },
{ "type": "Feature", "properties": { "LocationID": "11001005203", "StateAbbr": "DC", "CountyName": "District of Columbia", "CountyFIPS": 11001, "lon": -77.0331441, "lat": 38.9077655, "TotalPopulation": 2979, "chronic_disease_burden_score": -1.4607546240156586, "preventive_care_gap_score": 0.19956904060761252, "health_need_score": -0.63059279170402305, "need_intensity": 0.079544656407733394, "priority_weighted_population": 236.96353143863777, "health_priority_rank": 1391 }, "geometry": { "type": "Point", "coordinates": [ -77.0331441, 38.9077655 ] } },
{ "type": "Feature", "properties": { "LocationID": "51013103403", "StateAbbr": "VA", "CountyName": "Arlington", "CountyFIPS": 51013, "lon": -77.0523089, "lat": 38.8447159, "TotalPopulation": 1328, "chronic_disease_burden_score": -1.0738828761746624, "preventive_care_gap_score": -0.1882456778268001, "health_need_score": -0.6310642770007312, "need_intensity": 0.079417089311257016, "priority_weighted_population": 105.46589460534932, "health_priority_rank": 1392 }, "geometry": { "type": "Point", "coordinates": [ -77.0523089, 38.8447159 ] } },
{ "type": "Feature", "properties": { "LocationID": "24031700836", "StateAbbr": "MD", "CountyName": "Montgomery", "CountyFIPS": 24031, "lon": -77.214609, "lat": 39.1044461, "TotalPopulation": 1521, "chronic_disease_burden_score": -0.75982943390444213, "preventive_care_gap_score": -0.50785148587304318, "health_need_score": -0.6338404598887426, "need_intensity": 0.07866595328902333, "priority_weighted_population": 119.65091495260448, "health_priority_rank": 1393 }, "geometry": { "type": "Point", "coordinates": [ -77.214609, 39.1044461 ] } },
{ "type": "Feature", "properties": { "LocationID": "51013101408", "StateAbbr": "VA", "CountyName": "Arlington", "CountyFIPS": 51013, "lon": -77.1100679, "lat": 38.8788633, "TotalPopulation": 788, "chronic_disease_burden_score": -1.7610297709896512, "preventive_care_gap_score": 0.49213874716937234, "health_need_score": -0.63444551191013943, "need_intensity": 0.078502247803135125, "priority_weighted_population": 61.859771268870482, "health_priority_rank": 1394 }, "geometry": { "type": "Point", "coordinates": [ -77.1100679, 38.8788633 ] } },
{ "type": "Feature", "properties": { "LocationID": "11001007203", "StateAbbr": "DC", "CountyName": "District of Columbia", "CountyFIPS": 11001, "lon": -76.9994857, "lat": 38.8781777, "TotalPopulation": 3748, "chronic_disease_burden_score": -1.4108567322936727, "preventive_care_gap_score": 0.14162275861836054, "health_need_score": -0.63461698683765611, "need_intensity": 0.078455852806780996, "priority_weighted_population": 294.05253631981515, "health_priority_rank": 1395 }, "geometry": { "type": "Point", "coordinates": [ -76.9994857, 38.8781777 ] } },
{ "type": "Feature", "properties": { "LocationID": "11001004202", "StateAbbr": "DC", "CountyName": "District of Columbia", "CountyFIPS": 11001, "lon": -77.0430254, "lat": 38.9134023, "TotalPopulation": 2850, "chronic_disease_burden_score": -1.2884336844755186, "preventive_care_gap_score": 0.0092268341229325822, "health_need_score": -0.63960342517629298, "need_intensity": 0.077106700531917677, "priority_weighted_population": 219.75409651596539, "health_priority_rank": 1396 }, "geometry": { "type": "Point", "coordinates": [ -77.0430254, 38.9134023 ] } },
{ "type": "Feature", "properties": { "LocationID": "11001008402", "StateAbbr": "DC", "CountyName": "District of Columbia", "CountyFIPS": 11001, "lon": -76.991021, "lat": 38.898596, "TotalPopulation": 2447, "chronic_disease_burden_score": -0.91489349230820727, "preventive_care_gap_score": -0.37044986115965245, "health_need_score": -0.64267167673392989, "need_intensity": 0.076276541150067115, "priority_weighted_population": 186.64869619421424, "health_priority_rank": 1397 }, "geometry": { "type": "Point", "coordinates": [ -76.991021, 38.898596 ] } },
{ "type": "Feature", "properties": { "LocationID": "51107611028", "StateAbbr": "VA", "CountyName": "Loudoun", "CountyFIPS": 51107, "lon": -77.5539788, "lat": 39.0202945, "TotalPopulation": 6439, "chronic_disease_burden_score": -0.99323964942387444, "preventive_care_gap_score": -0.29840695540585677, "health_need_score": -0.64582330241486563, "need_intensity": 0.07542382370563272, "priority_weighted_population": 485.6540008405691, "health_priority_rank": 1398 }, "geometry": { "type": "Point", "coordinates": [ -77.5539788, 39.0202945 ] } },
{ "type": "Feature", "properties": { "LocationID": "24031700839", "StateAbbr": "MD", "CountyName": "Montgomery", "CountyFIPS": 24031, "lon": -77.1998813, "lat": 39.1151984, "TotalPopulation": 4931, "chronic_disease_burden_score": -1.0011473257025918, "preventive_care_gap_score": -0.29116383724139816, "health_need_score": -0.64615558147199503, "need_intensity": 0.075333920850053013, "priority_weighted_population": 371.4715637116114, "health_priority_rank": 1399 }, "geometry": { "type": "Point", "coordinates": [ -77.1998813, 39.1151984 ] } },
{ "type": "Feature", "properties": { "LocationID": "51510201803", "StateAbbr": "VA", "CountyName": "Alexandria", "CountyFIPS": 51510, "lon": -77.0461711, "lat": 38.8193687, "TotalPopulation": 2393, "chronic_disease_burden_score": -0.65204132038108498, "preventive_care_gap_score": -0.64170127011745726, "health_need_score": -0.64687129524927112, "need_intensity": 0.075140274241955782, "priority_weighted_population": 179.8106762610002, "health_priority_rank": 1400 }, "geometry": { "type": "Point", "coordinates": [ -77.0461711, 38.8193687 ] } },
{ "type": "Feature", "properties": { "LocationID": "51059482503", "StateAbbr": "VA", "CountyName": "Fairfax", "CountyFIPS": 51059, "lon": -77.4081196, "lat": 38.9208387, "TotalPopulation": 4832, "chronic_disease_burden_score": -0.5945536374921746, "preventive_care_gap_score": -0.70033847489253265, "health_need_score": -0.64744605619235363, "need_intensity": 0.074984764440931287, "priority_weighted_population": 362.32638177857996, "health_priority_rank": 1401 }, "geometry": { "type": "Point", "coordinates": [ -77.4081196, 38.9208387 ] } },
{ "type": "Feature", "properties": { "LocationID": "51059480505", "StateAbbr": "VA", "CountyName": "Fairfax", "CountyFIPS": 51059, "lon": -77.3558162, "lat": 38.9710405, "TotalPopulation": 3263, "chronic_disease_burden_score": -0.91093382134575629, "preventive_care_gap_score": -0.38761971089642111, "health_need_score": -0.64927676612108876, "need_intensity": 0.07448943966255589, "priority_weighted_population": 243.05904161891988, "health_priority_rank": 1402 }, "geometry": { "type": "Point", "coordinates": [ -77.3558162, 38.9710405 ] } },
{ "type": "Feature", "properties": { "LocationID": "51059482504", "StateAbbr": "VA", "CountyName": "Fairfax", "CountyFIPS": 51059, "lon": -77.3959131, "lat": 38.9097905, "TotalPopulation": 5277, "chronic_disease_burden_score": -0.41742346044586537, "preventive_care_gap_score": -0.88210910441317247, "health_need_score": -0.64976628242951895, "need_intensity": 0.07435699401773882, "priority_weighted_population": 392.38185743160773, "health_priority_rank": 1403 }, "geometry": { "type": "Point", "coordinates": [ -77.3959131, 38.9097905 ] } },
{ "type": "Feature", "properties": { "LocationID": "51013101407", "StateAbbr": "VA", "CountyName": "Arlington", "CountyFIPS": 51013, "lon": -77.1089384, "lat": 38.8819613, "TotalPopulation": 3812, "chronic_disease_burden_score": -1.5352008195827707, "preventive_care_gap_score": 0.23447308934207958, "health_need_score": -0.6503638651203455, "need_intensity": 0.074195309466162082, "priority_weighted_population": 282.83251968500986, "health_priority_rank": 1404 }, "geometry": { "type": "Point", "coordinates": [ -77.1089384, 38.8819613 ] } },
{ "type": "Feature", "properties": { "LocationID": "11001000502", "StateAbbr": "DC", "CountyName": "District of Columbia", "CountyFIPS": 11001, "lon": -77.0595624, "lat": 38.9283547, "TotalPopulation": 3418, "chronic_disease_burden_score": -0.64409074494728447, "preventive_care_gap_score": -0.65912920743207704, "health_need_score": -0.65160997618968075, "need_intensity": 0.073858156277903542, "priority_weighted_population": 252.4471781578743, "health_priority_rank": 1405 }, "geometry": { "type": "Point", "coordinates": [ -77.0595624, 38.9283547 ] } },
{ "type": "Feature", "properties": { "LocationID": "51107611031", "StateAbbr": "VA", "CountyName": "Loudoun", "CountyFIPS": 51107, "lon": -77.4927421, "lat": 38.9982744, "TotalPopulation": 2141, "chronic_disease_burden_score": -1.250579515718151, "preventive_care_gap_score": -0.055296895577262584, "health_need_score": -0.65293820564770677, "need_intensity": 0.073498784784035612, "priority_weighted_population": 157.36089822262025, "health_priority_rank": 1406 }, "geometry": { "type": "Point", "coordinates": [ -77.4927421, 38.9982744 ] } },
{ "type": "Feature", "properties": { "LocationID": "11001003902", "StateAbbr": "DC", "CountyName": "District of Columbia", "CountyFIPS": 11001, "lon": -77.0452397, "lat": 38.9257717, "TotalPopulation": 2022, "chronic_disease_burden_score": -1.0234567229975033, "preventive_care_gap_score": -0.28377400755090793, "health_need_score": -0.65361536527420561, "need_intensity": 0.073315569553345269, "priority_weighted_population": 148.24408163686414, "health_priority_rank": 1407 }, "geometry": { "type": "Point", "coordinates": [ -77.0452397, 38.9257717 ] } },
{ "type": "Feature", "properties": { "LocationID": "51059471203", "StateAbbr": "VA", "CountyName": "Fairfax", "CountyFIPS": 51059, "lon": -77.1999828, "lat": 38.9265086, "TotalPopulation": 2420, "chronic_disease_burden_score": -0.90130372623112054, "preventive_care_gap_score": -0.41054350609049695, "health_need_score": -0.65592361616080874, "need_intensity": 0.072691039232678126, "priority_weighted_population": 175.91231494308107, "health_priority_rank": 1408 }, "geometry": { "type": "Point", "coordinates": [ -77.1999828, 38.9265086 ] } },
{ "type": "Feature", "properties": { "LocationID": "51013103000", "StateAbbr": "VA", "CountyName": "Arlington", "CountyFIPS": 51013, "lon": -77.0893538, "lat": 38.8336744, "TotalPopulation": 3390, "chronic_disease_burden_score": -0.51578095336120644, "preventive_care_gap_score": -0.80219614948749818, "health_need_score": -0.65898855142435231, "need_intensity": 0.071861777121668247, "priority_weighted_population": 243.61142444245536, "health_priority_rank": 1409 }, "geometry": { "type": "Point", "coordinates": [ -77.0893538, 38.8336744 ] } },
{ "type": "Feature", "properties": { "LocationID": "24031702800", "StateAbbr": "MD", "CountyName": "Montgomery", "CountyFIPS": 24031, "lon": -77.0431441, "lat": 39.0059732, "TotalPopulation": 5264, "chronic_disease_burden_score": -0.71809617050668439, "preventive_care_gap_score": -0.60236367531738055, "health_need_score": -0.66022992291203253, "need_intensity": 0.071525906295074992, "priority_weighted_population": 376.51237073727475, "health_priority_rank": 1410 }, "geometry": { "type": "Point", "coordinates": [ -77.0431441, 39.0059732 ] } },
{ "type": "Feature", "properties": { "LocationID": "11001006600", "StateAbbr": "DC", "CountyName": "District of Columbia", "CountyFIPS": 11001, "lon": -76.9982439, "lat": 38.8877585, "TotalPopulation": 2164, "chronic_disease_burden_score": -0.79277161331752311, "preventive_care_gap_score": -0.52810417090177664, "health_need_score": -0.66043789210964987, "need_intensity": 0.071469637251518822, "priority_weighted_population": 154.66029501228672, "health_priority_rank": 1411 }, "geometry": { "type": "Point", "coordinates": [ -76.9982439, 38.8877585 ] } },
{ "type": "Feature", "properties": { "LocationID": "51013103501", "StateAbbr": "VA", "CountyName": "Arlington", "CountyFIPS": 51013, "lon": -77.0656784, "lat": 38.8627351, "TotalPopulation": 3535, "chronic_disease_burden_score": -1.1460682199287922, "preventive_care_gap_score": -0.18378954090709587, "health_need_score": -0.66492888041794407, "need_intensity": 0.070254536074878984, "priority_weighted_population": 248.34978502469721, "health_priority_rank": 1412 }, "geometry": { "type": "Point", "coordinates": [ -77.0656784, 38.8627351 ] } },
{ "type": "Feature", "properties": { "LocationID": "51059480201", "StateAbbr": "VA", "CountyName": "Fairfax", "CountyFIPS": 51059, "lon": -77.2176342, "lat": 38.9460081, "TotalPopulation": 4646, "chronic_disease_burden_score": -0.13240542908730932, "preventive_care_gap_score": -1.1984466286333695, "health_need_score": -0.66542602886033941, "need_intensity": 0.070120025446961387, "priority_weighted_population": 325.77763822658261, "health_priority_rank": 1413 }, "geometry": { "type": "Point", "coordinates": [ -77.2176342, 38.9460081 ] } },
{ "type": "Feature", "properties": { "LocationID": "11001004902", "StateAbbr": "DC", "CountyName": "District of Columbia", "CountyFIPS": 11001, "lon": -77.0243932, "lat": 38.9058867, "TotalPopulation": 3449, "chronic_disease_burden_score": -1.4102523440871972, "preventive_care_gap_score": 0.069761545014982523, "health_need_score": -0.6702453995361074, "need_intensity": 0.068816075719910427, "priority_weighted_population": 237.34664515797107, "health_priority_rank": 1414 }, "geometry": { "type": "Point", "coordinates": [ -77.0243932, 38.9058867 ] } },
{ "type": "Feature", "properties": { "LocationID": "11001008410", "StateAbbr": "DC", "CountyName": "District of Columbia", "CountyFIPS": 11001, "lon": -76.9911234, "lat": 38.9015543, "TotalPopulation": 1843, "chronic_disease_burden_score": -1.1560808147557624, "preventive_care_gap_score": -0.19026574366571053, "health_need_score": -0.67317327921073644, "need_intensity": 0.068023895960472827, "priority_weighted_population": 125.36804025515141, "health_priority_rank": 1415 }, "geometry": { "type": "Point", "coordinates": [ -76.9911234, 38.9015543 ] } },
{ "type": "Feature", "properties": { "LocationID": "11001004201", "StateAbbr": "DC", "CountyName": "District of Columbia", "CountyFIPS": 11001, "lon": -77.0388456, "lat": 38.9162076, "TotalPopulation": 3548, "chronic_disease_burden_score": -1.466365705344657, "preventive_care_gap_score": 0.11744769745669721, "health_need_score": -0.67445900394397995, "need_intensity": 0.067676024728362552, "priority_weighted_population": 240.11453573623032, "health_priority_rank": 1416 }, "geometry": { "type": "Point", "coordinates": [ -77.0388456, 38.9162076 ] } },
{ "type": "Feature", "properties": { "LocationID": "51013101502", "StateAbbr": "VA", "CountyName": "Arlington", "CountyFIPS": 51013, "lon": -77.0928398, "lat": 38.8907435, "TotalPopulation": 3284, "chronic_disease_burden_score": -1.104008060685951, "preventive_care_gap_score": -0.2466772704228557, "health_need_score": -0.67534266555440337, "need_intensity": 0.067436937429784211, "priority_weighted_population": 221.46290251941136, "health_priority_rank": 1417 }, "geometry": { "type": "Point", "coordinates": [ -77.0928398, 38.8907435 ] } },
{ "type": "Feature", "properties": { "LocationID": "11001005502", "StateAbbr": "DC", "CountyName": "District of Columbia", "CountyFIPS": 11001, "lon": -77.0463615, "lat": 38.9101768, "TotalPopulation": 2968, "chronic_disease_burden_score": -1.0394307420295905, "preventive_care_gap_score": -0.31222397406272495, "health_need_score": -0.67582735804615779, "need_intensity": 0.067305796937623147, "priority_weighted_population": 199.7636053108655, "health_priority_rank": 1418 }, "geometry": { "type": "Point", "coordinates": [ -77.0463615, 38.9101768 ] } },
{ "type": "Feature", "properties": { "LocationID": "11001003302", "StateAbbr": "DC", "CountyName": "District of Columbia", "CountyFIPS": 11001, "lon": -77.0111677, "lat": 38.9139237, "TotalPopulation": 2434, "chronic_disease_burden_score": -1.2924477294079344, "preventive_care_gap_score": -0.062952564194595453, "health_need_score": -0.67770014680126489, "need_intensity": 0.066799087130401932, "priority_weighted_population": 162.5889780753983, "health_priority_rank": 1419 }, "geometry": { "type": "Point", "coordinates": [ -77.0111677, 38.9139237 ] } },
{ "type": "Feature", "properties": { "LocationID": "51107611902", "StateAbbr": "VA", "CountyName": "Loudoun", "CountyFIPS": 51107, "lon": -77.5169928, "lat": 38.9789833, "TotalPopulation": 6290, "chronic_disease_burden_score": -1.2110657385374108, "preventive_care_gap_score": -0.14891701818754083, "health_need_score": -0.67999137836247581, "need_intensity": 0.066179161631856331, "priority_weighted_population": 416.26692666437634, "health_priority_rank": 1420 }, "geometry": { "type": "Point", "coordinates": [ -77.5169928, 38.9789833 ] } },
{ "type": "Feature", "properties": { "LocationID": "51013101406", "StateAbbr": "VA", "CountyName": "Arlington", "CountyFIPS": 51013, "lon": -77.1045769, "lat": 38.883756, "TotalPopulation": 3641, "chronic_disease_burden_score": -1.2949080334512943, "preventive_care_gap_score": -0.066244841283846986, "health_need_score": -0.68057643736757067, "need_intensity": 0.066020865542734578, "priority_weighted_population": 240.3819714410966, "health_priority_rank": 1421 }, "geometry": { "type": "Point", "coordinates": [ -77.1045769, 38.883756 ] } },
{ "type": "Feature", "properties": { "LocationID": "11001004702", "StateAbbr": "DC", "CountyName": "District of Columbia", "CountyFIPS": 11001, "lon": -77.0136108, "lat": 38.9008601, "TotalPopulation": 3934, "chronic_disease_burden_score": -1.6307338593518226, "preventive_care_gap_score": 0.26606841889302008, "health_need_score": -0.68233272022940128, "need_intensity": 0.065545678072755756, "priority_weighted_population": 257.85669753822117, "health_priority_rank": 1422 }, "geometry": { "type": "Point", "coordinates": [ -77.0136108, 38.9008601 ] } },
{ "type": "Feature", "properties": { "LocationID": "11001003100", "StateAbbr": "DC", "CountyName": "District of Columbia", "CountyFIPS": 11001, "lon": -77.0254235, "lat": 38.930617, "TotalPopulation": 3873, "chronic_disease_burden_score": -1.50209293332437, "preventive_care_gap_score": 0.13619201107572865, "health_need_score": -0.68295046112432067, "need_intensity": 0.065378539430491031, "priority_weighted_population": 253.21108321429176, "health_priority_rank": 1423 }, "geometry": { "type": "Point", "coordinates": [ -77.0254235, 38.930617 ] } },
{ "type": "Feature", "properties": { "LocationID": "51059482505", "StateAbbr": "VA", "CountyName": "Fairfax", "CountyFIPS": 51059, "lon": -77.4263608, "lat": 38.9218618, "TotalPopulation": 3528, "chronic_disease_burden_score": -0.86684693272279567, "preventive_care_gap_score": -0.51718415030716103, "health_need_score": -0.69201554151497835, "need_intensity": 0.062925852161481707, "priority_weighted_population": 222.00240642570748, "health_priority_rank": 1424 }, "geometry": { "type": "Point", "coordinates": [ -77.4263608, 38.9218618 ] } },
{ "type": "Feature", "properties": { "LocationID": "11001001401", "StateAbbr": "DC", "CountyName": "District of Columbia", "CountyFIPS": 11001, "lon": -77.0706075, "lat": 38.9653036, "TotalPopulation": 3258, "chronic_disease_burden_score": -0.51991787638702169, "preventive_care_gap_score": -0.86447909838727022, "health_need_score": -0.69219848738714596, "need_intensity": 0.062876353536842289, "priority_weighted_population": 204.85115982303219, "health_priority_rank": 1425 }, "geometry": { "type": "Point", "coordinates": [ -77.0706075, 38.9653036 ] } },
{ "type": "Feature", "properties": { "LocationID": "51510200110", "StateAbbr": "VA", "CountyName": "Alexandria", "CountyFIPS": 51510, "lon": -77.1029359, "lat": 38.8367246, "TotalPopulation": 2614, "chronic_disease_burden_score": -1.100874401927141, "preventive_care_gap_score": -0.29331238972834572, "health_need_score": -0.69709339582774343, "need_intensity": 0.061551965986171193, "priority_weighted_population": 160.8968390878515, "health_priority_rank": 1426 }, "geometry": { "type": "Point", "coordinates": [ -77.1029359, 38.8367246 ] } },
{ "type": "Feature", "properties": { "LocationID": "11001000501", "StateAbbr": "DC", "CountyName": "District of Columbia", "CountyFIPS": 11001, "lon": -77.051434, "lat": 38.9264548, "TotalPopulation": 3829, "chronic_disease_burden_score": -1.0966986171312818, "preventive_care_gap_score": -0.29781749785505912, "health_need_score": -0.69725805749317049, "need_intensity": 0.06150741441540928, "priority_weighted_population": 235.51188979660213, "health_priority_rank": 1427 }, "geometry": { "type": "Point", "coordinates": [ -77.051434, 38.9264548 ] } },
{ "type": "Feature", "properties": { "LocationID": "24031700618", "StateAbbr": "MD", "CountyName": "Montgomery", "CountyFIPS": 24031, "lon": -77.2263638, "lat": 39.0890223, "TotalPopulation": 5093, "chronic_disease_burden_score": -0.62291657074280549, "preventive_care_gap_score": -0.77643710741718053, "health_need_score": -0.69967683907999301, "need_intensity": 0.060852978431517983, "priority_weighted_population": 309.9242191517211, "health_priority_rank": 1428 }, "geometry": { "type": "Point", "coordinates": [ -77.2263638, 39.0890223 ] } },
{ "type": "Feature", "properties": { "LocationID": "51059461605", "StateAbbr": "VA", "CountyName": "Fairfax", "CountyFIPS": 51059, "lon": -77.2334479, "lat": 38.8776507, "TotalPopulation": 3829, "chronic_disease_burden_score": -1.6420906810760123, "preventive_care_gap_score": 0.23630773186370588, "health_need_score": -0.7028914746061532, "need_intensity": 0.059983212771453479, "priority_weighted_population": 229.67572170189536, "health_priority_rank": 1429 }, "geometry": { "type": "Point", "coordinates": [ -77.2334479, 38.8776507 ] } },
{ "type": "Feature", "properties": { "LocationID": "51013101405", "StateAbbr": "VA", "CountyName": "Arlington", "CountyFIPS": 51013, "lon": -77.1066078, "lat": 38.8804443, "TotalPopulation": 2176, "chronic_disease_burden_score": -1.1787142091883309, "preventive_care_gap_score": -0.22957971678153774, "health_need_score": -0.70414696298493429, "need_intensity": 0.059643522417885404, "priority_weighted_population": 129.78430478131864, "health_priority_rank": 1430 }, "geometry": { "type": "Point", "coordinates": [ -77.1066078, 38.8804443 ] } },
{ "type": "Feature", "properties": { "LocationID": "51059471000", "StateAbbr": "VA", "CountyName": "Fairfax", "CountyFIPS": 51059, "lon": -77.1870281, "lat": 38.9017568, "TotalPopulation": 2247, "chronic_disease_burden_score": -0.58723768662322329, "preventive_care_gap_score": -0.82503870505086097, "health_need_score": -0.70613819583704207, "need_intensity": 0.059104765864658244, "priority_weighted_population": 132.80840889788706, "health_priority_rank": 1431 }, "geometry": { "type": "Point", "coordinates": [ -77.1870281, 38.9017568 ] } },
{ "type": "Feature", "properties": { "LocationID": "51013103504", "StateAbbr": "VA", "CountyName": "Arlington", "CountyFIPS": 51013, "lon": -77.0553661, "lat": 38.8623832, "TotalPopulation": 2571, "chronic_disease_burden_score": -1.5044680991856856, "preventive_care_gap_score": 0.090175916198139194, "health_need_score": -0.70714609149377317, "need_intensity": 0.05883206526640411, "priority_weighted_population": 151.25723979992497, "health_priority_rank": 1432 }, "geometry": { "type": "Point", "coordinates": [ -77.0553661, 38.8623832 ] } },
{ "type": "Feature", "properties": { "LocationID": "51107611901", "StateAbbr": "VA", "CountyName": "Loudoun", "CountyFIPS": 51107, "lon": -77.5001788, "lat": 38.9705643, "TotalPopulation": 7388, "chronic_disease_burden_score": -1.2088573952770147, "preventive_care_gap_score": -0.21355109244638715, "health_need_score": -0.711204243861701, "need_intensity": 0.057734074049605372, "priority_weighted_population": 426.53933907848449, "health_priority_rank": 1433 }, "geometry": { "type": "Point", "coordinates": [ -77.5001788, 38.9705643 ] } },
{ "type": "Feature", "properties": { "LocationID": "11001005303", "StateAbbr": "DC", "CountyName": "District of Columbia", "CountyFIPS": 11001, "lon": -77.0391656, "lat": 38.909613, "TotalPopulation": 3215, "chronic_disease_burden_score": -1.2970961336533351, "preventive_care_gap_score": -0.13477167552325231, "health_need_score": -0.71593390458829376, "need_intensity": 0.056454396633528331, "priority_weighted_population": 181.50088517679359, "health_priority_rank": 1434 }, "geometry": { "type": "Point", "coordinates": [ -77.0391656, 38.909613 ] } },
{ "type": "Feature", "properties": { "LocationID": "11001005202", "StateAbbr": "DC", "CountyName": "District of Columbia", "CountyFIPS": 11001, "lon": -77.0344946, "lat": 38.911127, "TotalPopulation": 3408, "chronic_disease_burden_score": -1.2254510798135749, "preventive_care_gap_score": -0.20677658517085989, "health_need_score": -0.71611383249221738, "need_intensity": 0.05640571456340044, "priority_weighted_population": 192.23067523206871, "health_priority_rank": 1435 }, "geometry": { "type": "Point", "coordinates": [ -77.0344946, 38.911127 ] } },
{ "type": "Feature", "properties": { "LocationID": "51059482205", "StateAbbr": "VA", "CountyName": "Fairfax", "CountyFIPS": 51059, "lon": -77.3446112, "lat": 38.9538267, "TotalPopulation": 2622, "chronic_disease_burden_score": -1.3623376365409592, "preventive_care_gap_score": -0.070800482371420684, "health_need_score": -0.71656905945618998, "need_intensity": 0.056282546391588521, "priority_weighted_population": 147.57283663874512, "health_priority_rank": 1436 }, "geometry": { "type": "Point", "coordinates": [ -77.3446112, 38.9538267 ] } },
{ "type": "Feature", "properties": { "LocationID": "11001008200", "StateAbbr": "DC", "CountyName": "District of Columbia", "CountyFIPS": 11001, "lon": -77.000604, "lat": 38.8918309, "TotalPopulation": 2695, "chronic_disease_burden_score": -1.0707036081769417, "preventive_care_gap_score": -0.36360058126956812, "health_need_score": -0.71715209472325492, "need_intensity": 0.05612479785376117, "priority_weighted_population": 151.25633021588635, "health_priority_rank": 1437 }, "geometry": { "type": "Point", "coordinates": [ -77.000604, 38.8918309 ] } },
{ "type": "Feature", "properties": { "LocationID": "11001010201", "StateAbbr": "DC", "CountyName": "District of Columbia", "CountyFIPS": 11001, "lon": -77.0184625, "lat": 38.8779576, "TotalPopulation": 3341, "chronic_disease_burden_score": -1.401220867122094, "preventive_care_gap_score": -0.033767343890813407, "health_need_score": -0.71749410550645376, "need_intensity": 0.056032261940380836, "priority_weighted_population": 187.20378714281236, "health_priority_rank": 1438 }, "geometry": { "type": "Point", "coordinates": [ -77.0184625, 38.8779576 ] } },
{ "type": "Feature", "properties": { "LocationID": "24031704806", "StateAbbr": "MD", "CountyName": "Montgomery", "CountyFIPS": 24031, "lon": -77.0980578, "lat": 38.9906261, "TotalPopulation": 4531, "chronic_disease_burden_score": -1.2175992110945544, "preventive_care_gap_score": -0.22633828117729982, "health_need_score": -0.7219687461359271, "need_intensity": 0.054821583862267854, "priority_weighted_population": 248.39659647993565, "health_priority_rank": 1439 }, "geometry": { "type": "Point", "coordinates": [ -77.0980578, 38.9906261 ] } },
{ "type": "Feature", "properties": { "LocationID": "51059481105", "StateAbbr": "VA", "CountyName": "Fairfax", "CountyFIPS": 51059, "lon": -77.3984538, "lat": 38.9374167, "TotalPopulation": 5332, "chronic_disease_burden_score": -0.63455253213868024, "preventive_care_gap_score": -0.80954986374304216, "health_need_score": -0.72205119794086126, "need_intensity": 0.054799275346120856, "priority_weighted_population": 292.18973614551641, "health_priority_rank": 1440 }, "geometry": { "type": "Point", "coordinates": [ -77.3984538, 38.9374167 ] } },
{ "type": "Feature", "properties": { "LocationID": "51013101805", "StateAbbr": "VA", "CountyName": "Arlington", "CountyFIPS": 51013, "lon": -77.0857667, "lat": 38.8889631, "TotalPopulation": 3760, "chronic_disease_burden_score": -1.4370212935238362, "preventive_care_gap_score": -0.0090050734187429662, "health_need_score": -0.72301318347128962, "need_intensity": 0.054538996389755012, "priority_weighted_population": 205.06662642547886, "health_priority_rank": 1441 }, "geometry": { "type": "Point", "coordinates": [ -77.0857667, 38.8889631 ] } },
{ "type": "Feature", "properties": { "LocationID": "51059480204", "StateAbbr": "VA", "CountyName": "Fairfax", "CountyFIPS": 51059, "lon": -77.2230232, "lat": 38.9299115, "TotalPopulation": 3823, "chronic_disease_burden_score": -1.4299651686707715, "preventive_care_gap_score": -0.022059599548247828, "health_need_score": -0.72601238410950963, "need_intensity": 0.053727519722637097, "priority_weighted_population": 205.40030789964163, "health_priority_rank": 1442 }, "geometry": { "type": "Point", "coordinates": [ -77.2230232, 38.9299115 ] } },
{ "type": "Feature", "properties": { "LocationID": "11001010700", "StateAbbr": "DC", "CountyName": "District of Columbia", "CountyFIPS": 11001, "lon": -77.0419809, "lat": 38.9039988, "TotalPopulation": 2296, "chronic_disease_burden_score": -1.6782415952434313, "preventive_care_gap_score": 0.22193159605248261, "health_need_score": -0.72815499959547436, "need_intensity": 0.053147804430732595, "priority_weighted_population": 122.02735897296203, "health_priority_rank": 1443 }, "geometry": { "type": "Point", "coordinates": [ -77.0419809, 38.9039988 ] } },
{ "type": "Feature", "properties": { "LocationID": "51013103405", "StateAbbr": "VA", "CountyName": "Arlington", "CountyFIPS": 51013, "lon": -77.0509711, "lat": 38.8557771, "TotalPopulation": 3874, "chronic_disease_burden_score": -1.1014224586830124, "preventive_care_gap_score": -0.3637744389496404, "health_need_score": -0.73259844881632641, "need_intensity": 0.051945565634736374, "priority_weighted_population": 201.23712126896871, "health_priority_rank": 1444 }, "geometry": { "type": "Point", "coordinates": [ -77.0509711, 38.8557771 ] } },
{ "type": "Feature", "properties": { "LocationID": "51059471201", "StateAbbr": "VA", "CountyName": "Fairfax", "CountyFIPS": 51059, "lon": -77.2151023, "lat": 38.9175553, "TotalPopulation": 3050, "chronic_disease_burden_score": -0.85885035365180118, "preventive_care_gap_score": -0.61082019785767283, "health_need_score": -0.73483527575473695, "need_intensity": 0.051340360085707748, "priority_weighted_population": 156.58809826140862, "health_priority_rank": 1445 }, "geometry": { "type": "Point", "coordinates": [ -77.2151023, 38.9175553 ] } },
{ "type": "Feature", "properties": { "LocationID": "51059480205", "StateAbbr": "VA", "CountyName": "Fairfax", "CountyFIPS": 51059, "lon": -77.2240394, "lat": 38.9209595, "TotalPopulation": 3268, "chronic_disease_burden_score": -1.5180142145719351, "preventive_care_gap_score": 0.044326270040024554, "health_need_score": -0.73684397226595522, "need_intensity": 0.050796878489510783, "priority_weighted_population": 166.00419890372123, "health_priority_rank": 1446 }, "geometry": { "type": "Point", "coordinates": [ -77.2240394, 38.9209595 ] } },
{ "type": "Feature", "properties": { "LocationID": "51013101601", "StateAbbr": "VA", "CountyName": "Arlington", "CountyFIPS": 51013, "lon": -77.0805264, "lat": 38.8994834, "TotalPopulation": 1362, "chronic_disease_burden_score": -1.1168323490876639, "preventive_care_gap_score": -0.35967071215867474, "health_need_score": -0.73825153062316939, "need_intensity": 0.050416043426350747, "priority_weighted_population": 68.666651146689716, "health_priority_rank": 1447 }, "geometry": { "type": "Point", "coordinates": [ -77.0805264, 38.8994834 ] } },
{ "type": "Feature", "properties": { "LocationID": "11001007201", "StateAbbr": "DC", "CountyName": "District of Columbia", "CountyFIPS": 11001, "lon": -76.9999179, "lat": 38.8738481, "TotalPopulation": 2985, "chronic_disease_burden_score": -1.7542957638662413, "preventive_care_gap_score": 0.26769117077406179, "health_need_score": -0.74330229654608981, "need_intensity": 0.04904948640269105, "priority_weighted_population": 146.41271691203278, "health_priority_rank": 1448 }, "geometry": { "type": "Point", "coordinates": [ -76.9999179, 38.8738481 ] } },
{ "type": "Feature", "properties": { "LocationID": "11001010100", "StateAbbr": "DC", "CountyName": "District of Columbia", "CountyFIPS": 11001, "lon": -77.0318472, "lat": 38.9026971, "TotalPopulation": 2699, "chronic_disease_burden_score": -1.2652975158363786, "preventive_care_gap_score": -0.22751111897959087, "health_need_score": -0.74640431740798474, "need_intensity": 0.048210190252155866, "priority_weighted_population": 130.11930349056868, "health_priority_rank": 1449 }, "geometry": { "type": "Point", "coordinates": [ -77.0318472, 38.9026971 ] } },
{ "type": "Feature", "properties": { "LocationID": "11001980000", "StateAbbr": "DC", "CountyName": "District of Columbia", "CountyFIPS": 11001, "lon": -77.0363219, "lat": 38.8809933, "TotalPopulation": 176, "chronic_disease_burden_score": -0.29468931667598314, "preventive_care_gap_score": -1.2096794051434272, "health_need_score": -0.7521843609097052, "need_intensity": 0.04664631673972678, "priority_weighted_population": 8.2097517461919125, "health_priority_rank": 1450 }, "geometry": { "type": "Point", "coordinates": [ -77.0363219, 38.8809933 ] } },
{ "type": "Feature", "properties": { "LocationID": "11001006900", "StateAbbr": "DC", "CountyName": "District of Columbia", "CountyFIPS": 11001, "lon": -76.9873112, "lat": 38.8836933, "TotalPopulation": 2799, "chronic_disease_burden_score": -1.0074637993530824, "preventive_care_gap_score": -0.50303855356660343, "health_need_score": -0.75525117645984285, "need_intensity": 0.04581654589026201, "priority_weighted_population": 128.24051194684336, "health_priority_rank": 1451 }, "geometry": { "type": "Point", "coordinates": [ -76.9873112, 38.8836933 ] } },
{ "type": "Feature", "properties": { "LocationID": "51059481101", "StateAbbr": "VA", "CountyName": "Fairfax", "CountyFIPS": 51059, "lon": -77.3970252, "lat": 38.9530276, "TotalPopulation": 2376, "chronic_disease_burden_score": -1.6525133016213873, "preventive_care_gap_score": 0.13356928505341048, "health_need_score": -0.75947200828398842, "need_intensity": 0.044674539417778859, "priority_weighted_population": 106.14670565664257, "health_priority_rank": 1452 }, "geometry": { "type": "Point", "coordinates": [ -77.3970252, 38.9530276 ] } },
{ "type": "Feature", "properties": { "LocationID": "11001008100", "StateAbbr": "DC", "CountyName": "District of Columbia", "CountyFIPS": 11001, "lon": -76.9925272, "lat": 38.893171, "TotalPopulation": 3153, "chronic_disease_burden_score": -1.2016332219195509, "preventive_care_gap_score": -0.318142819883387, "health_need_score": -0.7598880209014689, "need_intensity": 0.044561981248775397, "priority_weighted_population": 140.50392687738884, "health_priority_rank": 1453 }, "geometry": { "type": "Point", "coordinates": [ -76.9925272, 38.893171 ] } },
{ "type": "Feature", "properties": { "LocationID": "24031702501", "StateAbbr": "MD", "CountyName": "Montgomery", "CountyFIPS": 24031, "lon": -77.02863, "lat": 38.9908535, "TotalPopulation": 4116, "chronic_disease_burden_score": -1.2831596273065189, "preventive_care_gap_score": -0.23802278785537498, "health_need_score": -0.76059120758094689, "need_intensity": 0.044371724026316554, "priority_weighted_population": 182.63401609231894, "health_priority_rank": 1454 }, "geometry": { "type": "Point", "coordinates": [ -77.02863, 38.9908535 ] } },
{ "type": "Feature", "properties": { "LocationID": "11001000101", "StateAbbr": "DC", "CountyName": "District of Columbia", "CountyFIPS": 11001, "lon": -77.0547765, "lat": 38.9076994, "TotalPopulation": 1406, "chronic_disease_burden_score": -0.94577244050556997, "preventive_care_gap_score": -0.57683555860944224, "health_need_score": -0.76130399955750616, "need_intensity": 0.0441788679532297, "priority_weighted_population": 62.115488342240958, "health_priority_rank": 1455 }, "geometry": { "type": "Point", "coordinates": [ -77.0547765, 38.9076994 ] } },
{ "type": "Feature", "properties": { "LocationID": "11001005501", "StateAbbr": "DC", "CountyName": "District of Columbia", "CountyFIPS": 11001, "lon": -77.0494324, "lat": 38.9052766, "TotalPopulation": 2303, "chronic_disease_burden_score": -1.2857189893453032, "preventive_care_gap_score": -0.24164450875719773, "health_need_score": -0.76368174905125041, "need_intensity": 0.043535533789507322, "priority_weighted_population": 100.26233431723536, "health_priority_rank": 1456 }, "geometry": { "type": "Point", "coordinates": [ -77.0494324, 38.9052766 ] } },
{ "type": "Feature", "properties": { "LocationID": "11001004300", "StateAbbr": "DC", "CountyName": "District of Columbia", "CountyFIPS": 11001, "lon": -77.0341511, "lat": 38.916804, "TotalPopulation": 4436, "chronic_disease_burden_score": -1.3059997767914395, "preventive_care_gap_score": -0.2250396947660834, "health_need_score": -0.76551973577876142, "need_intensity": 0.043038240169053582, "priority_weighted_population": 190.91763338992169, "health_priority_rank": 1457 }, "geometry": { "type": "Point", "coordinates": [ -77.0341511, 38.916804 ] } },
{ "type": "Feature", "properties": { "LocationID": "11001003301", "StateAbbr": "DC", "CountyName": "District of Columbia", "CountyFIPS": 11001, "lon": -77.0114293, "lat": 38.9204778, "TotalPopulation": 3824, "chronic_disease_burden_score": -1.2621755627420159, "preventive_care_gap_score": -0.27031504796819, "health_need_score": -0.76624530535510293, "need_intensity": 0.042841926933430502, "priority_weighted_population": 163.82752859343825, "health_priority_rank": 1458 }, "geometry": { "type": "Point", "coordinates": [ -77.0114293, 38.9204778 ] } },
{ "type": "Feature", "properties": { "LocationID": "11001008301", "StateAbbr": "DC", "CountyName": "District of Columbia", "CountyFIPS": 11001, "lon": -77.0008008, "lat": 38.8970373, "TotalPopulation": 3220, "chronic_disease_burden_score": -1.3263713401708743, "preventive_care_gap_score": -0.22176125975632077, "health_need_score": -0.77406629996359755, "need_intensity": 0.0407258448822427, "priority_weighted_population": 131.1372205208215, "health_priority_rank": 1459 }, "geometry": { "type": "Point", "coordinates": [ -77.0008008, 38.8970373 ] } },
{ "type": "Feature", "properties": { "LocationID": "11001006700", "StateAbbr": "DC", "CountyName": "District of Columbia", "CountyFIPS": 11001, "lon": -76.989959, "lat": 38.8875984, "TotalPopulation": 3927, "chronic_disease_burden_score": -0.89143836342395533, "preventive_care_gap_score": -0.65701329768930805, "health_need_score": -0.77422583055663163, "need_intensity": 0.040682681596569528, "priority_weighted_population": 159.76089062972855, "health_priority_rank": 1460 }, "geometry": { "type": "Point", "coordinates": [ -76.989959, 38.8875984 ] } },
{ "type": "Feature", "properties": { "LocationID": "11001005302", "StateAbbr": "DC", "CountyName": "District of Columbia", "CountyFIPS": 11001, "lon": -77.0386443, "lat": 38.9124517, "TotalPopulation": 2518, "chronic_disease_burden_score": -1.3915314230681484, "preventive_care_gap_score": -0.15713405200058914, "health_need_score": -0.77433273753436871, "need_intensity": 0.040653756383337639, "priority_weighted_population": 102.36615857324418, "health_priority_rank": 1461 }, "geometry": { "type": "Point", "coordinates": [ -77.0386443, 38.9124517 ] } },
{ "type": "Feature", "properties": { "LocationID": "11001008001", "StateAbbr": "DC", "CountyName": "District of Columbia", "CountyFIPS": 11001, "lon": -76.9866524, "lat": 38.8961726, "TotalPopulation": 3103, "chronic_disease_burden_score": -1.1147898824545803, "preventive_care_gap_score": -0.43481437539468737, "health_need_score": -0.77480212892463385, "need_intensity": 0.040526755823224306, "priority_weighted_population": 125.75452331946502, "health_priority_rank": 1462 }, "geometry": { "type": "Point", "coordinates": [ -76.9866524, 38.8961726 ] } },
{ "type": "Feature", "properties": { "LocationID": "11001004002", "StateAbbr": "DC", "CountyName": "District of Columbia", "CountyFIPS": 11001, "lon": -77.0437209, "lat": 38.9181186, "TotalPopulation": 3291, "chronic_disease_burden_score": -1.3578074828228566, "preventive_care_gap_score": -0.19572750422760754, "health_need_score": -0.776767493525232, "need_intensity": 0.039994998295754779, "priority_weighted_population": 131.62353939132899, "health_priority_rank": 1463 }, "geometry": { "type": "Point", "coordinates": [ -77.0437209, 38.9181186 ] } },
{ "type": "Feature", "properties": { "LocationID": "11001007202", "StateAbbr": "DC", "CountyName": "District of Columbia", "CountyFIPS": 11001, "lon": -77.0070741, "lat": 38.8786426, "TotalPopulation": 4303, "chronic_disease_burden_score": -1.820870175997007, "preventive_care_gap_score": 0.2604274349357581, "health_need_score": -0.78022137053062446, "need_intensity": 0.039060502428671186, "priority_weighted_population": 168.07734195057211, "health_priority_rank": 1464 }, "geometry": { "type": "Point", "coordinates": [ -77.0070741, 38.8786426 ] } },
{ "type": "Feature", "properties": { "LocationID": "11001004001", "StateAbbr": "DC", "CountyName": "District of Columbia", "CountyFIPS": 11001, "lon": -77.0462674, "lat": 38.9208738, "TotalPopulation": 3941, "chronic_disease_burden_score": -1.100933433256128, "preventive_care_gap_score": -0.46227240245643331, "health_need_score": -0.78160291785628067, "need_intensity": 0.038686705022454797, "priority_weighted_population": 152.46430449349435, "health_priority_rank": 1465 }, "geometry": { "type": "Point", "coordinates": [ -77.0462674, 38.9208738 ] } },
{ "type": "Feature", "properties": { "LocationID": "11001008302", "StateAbbr": "DC", "CountyName": "District of Columbia", "CountyFIPS": 11001, "lon": -76.9966527, "lat": 38.8963061, "TotalPopulation": 3026, "chronic_disease_burden_score": -1.2067980377859433, "preventive_care_gap_score": -0.36009128703829801, "health_need_score": -0.78344466241212063, "need_intensity": 0.038188394667752229, "priority_weighted_population": 115.55808226461825, "health_priority_rank": 1466 }, "geometry": { "type": "Point", "coordinates": [ -76.9966527, 38.8963061 ] } },
{ "type": "Feature", "properties": { "LocationID": "11001001304", "StateAbbr": "DC", "CountyName": "District of Columbia", "CountyFIPS": 11001, "lon": -77.0554702, "lat": 38.9367508, "TotalPopulation": 4018, "chronic_disease_burden_score": -1.0542951943420258, "preventive_care_gap_score": -0.5202895200071318, "health_need_score": -0.78729235717457879, "need_intensity": 0.037147345768876412, "priority_weighted_population": 149.25803529934544, "health_priority_rank": 1467 }, "geometry": { "type": "Point", "coordinates": [ -77.0554702, 38.9367508 ] } },
{ "type": "Feature", "properties": { "LocationID": "51013101801", "StateAbbr": "VA", "CountyName": "Arlington", "CountyFIPS": 51013, "lon": -77.0926147, "lat": 38.8853358, "TotalPopulation": 3399, "chronic_disease_burden_score": -1.5277977367176803, "preventive_care_gap_score": -0.061995520495671107, "health_need_score": -0.79489662860667565, "need_intensity": 0.035089901275519621, "priority_weighted_population": 119.27057443549118, "health_priority_rank": 1468 }, "geometry": { "type": "Point", "coordinates": [ -77.0926147, 38.8853358 ] } },
{ "type": "Feature", "properties": { "LocationID": "11001005001", "StateAbbr": "DC", "CountyName": "District of Columbia", "CountyFIPS": 11001, "lon": -77.0295088, "lat": 38.9119619, "TotalPopulation": 2012, "chronic_disease_burden_score": -1.4905793616253349, "preventive_care_gap_score": -0.16432927089529051, "health_need_score": -0.82745431626031274, "need_intensity": 0.02628095280786415, "priority_weighted_population": 52.877277049422673, "health_priority_rank": 1469 }, "geometry": { "type": "Point", "coordinates": [ -77.0295088, 38.9119619 ] } },
{ "type": "Feature", "properties": { "LocationID": "11001004401", "StateAbbr": "DC", "CountyName": "District of Columbia", "CountyFIPS": 11001, "lon": -77.0282129, "lat": 38.9186825, "TotalPopulation": 3430, "chronic_disease_burden_score": -1.6484498196003328, "preventive_care_gap_score": -0.080390590063724898, "health_need_score": -0.86442020483202886, "need_intensity": 0.016279302477117619, "priority_weighted_population": 55.838007496513434, "health_priority_rank": 1470 }, "geometry": { "type": "Point", "coordinates": [ -77.0282129, 38.9186825 ] } },
{ "type": "Feature", "properties": { "LocationID": "11001010603", "StateAbbr": "DC", "CountyName": "District of Columbia", "CountyFIPS": 11001, "lon": -77.0063567, "lat": 38.9011144, "TotalPopulation": 3068, "chronic_disease_burden_score": -1.840481767013799, "preventive_care_gap_score": 0.1114531387526749, "health_need_score": -0.86451431413056201, "need_intensity": 0.016253839859196931, "priority_weighted_population": 49.866780688016185, "health_priority_rank": 1471 }, "geometry": { "type": "Point", "coordinates": [ -77.0063567, 38.9011144 ] } },
{ "type": "Feature", "properties": { "LocationID": "11001003901", "StateAbbr": "DC", "CountyName": "District of Columbia", "CountyFIPS": 11001, "lon": -77.0401076, "lat": 38.9254851, "TotalPopulation": 2598, "chronic_disease_burden_score": -1.504619748343619, "preventive_care_gap_score": -0.29610767322845571, "health_need_score": -0.90036371078603739, "need_intensity": 0.0065542723993025596, "priority_weighted_population": 17.02799969338805, "health_priority_rank": 1472 }, "geometry": { "type": "Point", "coordinates": [ -77.0401076, 38.9254851 ] } },
{ "type": "Feature", "properties": { "LocationID": "11001003801", "StateAbbr": "DC", "CountyName": "District of Columbia", "CountyFIPS": 11001, "lon": -77.0389415, "lat": 38.9197759, "TotalPopulation": 1800, "chronic_disease_burden_score": -1.5026919150155023, "preventive_care_gap_score": -0.34648441152108117, "health_need_score": -0.92458816326829174, "need_intensity": 0.0, "priority_weighted_population": 0.0, "health_priority_rank": 1473 }, "geometry": { "type": "Point", "coordinates": [ -77.0389415, 38.9197759 ] } }
]
}
